build	Set up job	﻿2026-09-30T15:11:54.7238541Z Current runner version: '2.337.0'
build	Set up job	2026-09-30T15:11:54.7260831Z ##[group]Runner Image Provisioner
build	Set up job	2026-09-30T15:11:54.7261610Z Hosted Compute Agent
build	Set up job	2026-09-30T15:11:54.7262097Z Version: 20260828.587
build	Set up job	2026-09-30T15:11:54.7262666Z Commit: abac92662cab4cc7352de4f9f9d2e2419aad9c29
build	Set up job	2026-09-30T15:11:54.7263259Z Build Date: 2026-08-28T16:44:25Z
build	Set up job	2026-09-30T15:11:54.7263795Z Worker ID: {3f4faed1-27cb-4de8-961d-91d7e00b33e6}
build	Set up job	2026-09-30T15:11:54.7264462Z Azure Region: westus3
build	Set up job	2026-09-30T15:11:54.7264975Z ##[endgroup]
build	Set up job	2026-09-30T15:11:54.7266178Z ##[group]Operating System
build	Set up job	2026-09-30T15:11:54.7266692Z Ubuntu
build	Set up job	2026-09-30T15:11:54.7267109Z 24.04.5
build	Set up job	2026-09-30T15:11:54.7267617Z LTS
build	Set up job	2026-09-30T15:11:54.7268042Z ##[endgroup]
build	Set up job	2026-09-30T15:11:54.7268736Z ##[group]Runner Image
build	Set up job	2026-09-30T15:11:54.7269251Z Image: ubuntu-24.04
build	Set up job	2026-09-30T15:11:54.7269715Z Version: 20260920.314.1
build	Set up job	2026-09-30T15:11:54.7270630Z Included Software: https://github.com/actions/runner-images/blob/ubuntu24/20260920.314/images/ubuntu/Ubuntu2404-Readme.md
build	Set up job	2026-09-30T15:11:54.7272014Z Image Release: https://github.com/actions/runner-images/releases/tag/ubuntu24%2F20260920.314
build	Set up job	2026-09-30T15:11:54.7272815Z ##[endgroup]
build	Set up job	2026-09-30T15:11:54.7273849Z ##[group]GITHUB_TOKEN Permissions
build	Set up job	2026-09-30T15:11:54.7275587Z Contents: read
build	Set up job	2026-09-30T15:11:54.7276090Z Metadata: read
build	Set up job	2026-09-30T15:11:54.7276926Z Packages: read
build	Set up job	2026-09-30T15:11:54.7277377Z ##[endgroup]
build	Set up job	2026-09-30T15:11:54.7279340Z Secret source: Actions
build	Set up job	2026-09-30T15:11:54.7280110Z Cache mode: write
build	Set up job	2026-09-30T15:11:54.7280748Z Prepare workflow directory
build	Set up job	2026-09-30T15:11:54.7943749Z Prepare all required actions
build	Set up job	2026-09-30T15:11:54.7981989Z Getting action download info
build	Set up job	2026-09-30T15:11:55.1260495Z Download action repository 'actions/checkout@v4' (SHA:11d5960a326750d5838078e36cf38b85af677262)
build	Set up job	2026-09-30T15:11:55.8269808Z Download action repository 'actions/setup-java@v4' (SHA:cf277c60eb25467037889841efdb72551f06f6c3)
build	Set up job	2026-09-30T15:11:56.7494555Z Download action repository 'gradle/actions@v3' (SHA:d9c87d481d55275bb5441eef3fe0e46805f9ef70)
build	Set up job	2026-09-30T15:11:58.3349783Z Download action repository 'actions/upload-artifact@v4' (SHA:ea165f8d65b6e75b540449e92b4886f43607fa02)
build	Set up job	2026-09-30T15:11:58.6183620Z Complete job name: build
build	Run actions/checkout@v4	﻿2026-09-30T15:11:58.6732530Z ##[group]Run actions/checkout@v4
build	Run actions/checkout@v4	2026-09-30T15:11:58.6733055Z with:
build	Run actions/checkout@v4	2026-09-30T15:11:58.6733297Z   repository: webdevUK/daddyboard
build	Run actions/checkout@v4	2026-09-30T15:11:58.6735315Z   token: ***
build	Run actions/checkout@v4	2026-09-30T15:11:58.6735545Z   ssh-strict: true
build	Run actions/checkout@v4	2026-09-30T15:11:58.6735765Z   ssh-user: git
build	Run actions/checkout@v4	2026-09-30T15:11:58.6735993Z   persist-credentials: true
build	Run actions/checkout@v4	2026-09-30T15:11:58.6736242Z   clean: true
build	Run actions/checkout@v4	2026-09-30T15:11:58.6736468Z   sparse-checkout-cone-mode: true
build	Run actions/checkout@v4	2026-09-30T15:11:58.6736739Z   fetch-depth: 1
build	Run actions/checkout@v4	2026-09-30T15:11:58.6736958Z   fetch-tags: false
build	Run actions/checkout@v4	2026-09-30T15:11:58.6737189Z   show-progress: true
build	Run actions/checkout@v4	2026-09-30T15:11:58.6737411Z   lfs: false
build	Run actions/checkout@v4	2026-09-30T15:11:58.6737620Z   submodules: false
build	Run actions/checkout@v4	2026-09-30T15:11:58.6737845Z   set-safe-directory: true
build	Run actions/checkout@v4	2026-09-30T15:11:58.6738097Z   allow-unsafe-pr-checkout: false
build	Run actions/checkout@v4	2026-09-30T15:11:58.6738679Z ##[endgroup]
build	Run actions/checkout@v4	2026-09-30T15:11:58.7534138Z Syncing repository: webdevUK/daddyboard
build	Run actions/checkout@v4	2026-09-30T15:11:58.7535745Z ##[group]Getting Git version info
build	Run actions/checkout@v4	2026-09-30T15:11:58.7536324Z Working directory is '/home/runner/work/daddyboard/daddyboard'
build	Run actions/checkout@v4	2026-09-30T15:11:58.7537242Z [command]/usr/bin/git version
build	Run actions/checkout@v4	2026-09-30T15:11:58.7595438Z git version 2.55.0
build	Run actions/checkout@v4	2026-09-30T15:11:58.7611128Z ##[endgroup]
build	Run actions/checkout@v4	2026-09-30T15:11:58.7694834Z Temporarily overriding HOME='/home/runner/work/_temp/ef83b434-e376-48e1-a2ad-551bcf2ede6a' before making global git config changes
build	Run actions/checkout@v4	2026-09-30T15:11:58.7696047Z Adding repository directory to the temporary git global config as a safe directory
build	Run actions/checkout@v4	2026-09-30T15:11:58.7697086Z [command]/usr/bin/git config --global --add safe.directory /home/runner/work/daddyboard/daddyboard
build	Run actions/checkout@v4	2026-09-30T15:11:58.7729442Z Deleting the contents of '/home/runner/work/daddyboard/daddyboard'
build	Run actions/checkout@v4	2026-09-30T15:11:58.7749331Z ##[group]Initializing the repository
build	Run actions/checkout@v4	2026-09-30T15:11:58.7749962Z [command]/usr/bin/git init /home/runner/work/daddyboard/daddyboard
build	Run actions/checkout@v4	2026-09-30T15:11:58.7866690Z hint: Using 'master' as the name for the initial branch. This default branch name
build	Run actions/checkout@v4	2026-09-30T15:11:58.7882255Z hint: will change to "main" in Git 3.0. To configure the initial branch name
build	Run actions/checkout@v4	2026-09-30T15:11:58.7883132Z hint: to use in all of your new repositories, which will suppress this warning,
build	Run actions/checkout@v4	2026-09-30T15:11:58.7883840Z hint: call:
build	Run actions/checkout@v4	2026-09-30T15:11:58.7884372Z hint:
build	Run actions/checkout@v4	2026-09-30T15:11:58.7884811Z hint: 	git config --global init.defaultBranch <name>
build	Run actions/checkout@v4	2026-09-30T15:11:58.7885280Z hint:
build	Run actions/checkout@v4	2026-09-30T15:11:58.7885745Z hint: Names commonly chosen instead of 'master' are 'main', 'trunk' and
build	Run actions/checkout@v4	2026-09-30T15:11:58.7886294Z hint: 'development'. The just-created branch can be renamed via this command:
build	Run actions/checkout@v4	2026-09-30T15:11:58.7886662Z hint:
build	Run actions/checkout@v4	2026-09-30T15:11:58.7886902Z hint: 	git branch -m <name>
build	Run actions/checkout@v4	2026-09-30T15:11:58.7887149Z hint:
build	Run actions/checkout@v4	2026-09-30T15:11:58.7887460Z hint: Disable this message with "git config set advice.defaultBranchName false"
build	Run actions/checkout@v4	2026-09-30T15:11:58.7887954Z Initialized empty Git repository in /home/runner/work/daddyboard/daddyboard/.git/
build	Run actions/checkout@v4	2026-09-30T15:11:58.7889148Z [command]/usr/bin/git remote add origin https://github.com/webdevUK/daddyboard
build	Run actions/checkout@v4	2026-09-30T15:11:58.7937931Z ##[endgroup]
build	Run actions/checkout@v4	2026-09-30T15:11:58.7938945Z ##[group]Disabling automatic garbage collection
build	Run actions/checkout@v4	2026-09-30T15:11:58.7941351Z [command]/usr/bin/git config --local gc.auto 0
build	Run actions/checkout@v4	2026-09-30T15:11:58.7971663Z ##[endgroup]
build	Run actions/checkout@v4	2026-09-30T15:11:58.7972607Z ##[group]Setting up auth
build	Run actions/checkout@v4	2026-09-30T15:11:58.7977850Z [command]/usr/bin/git config --local --name-only --get-regexp core\.sshCommand
build	Run actions/checkout@v4	2026-09-30T15:11:58.8006657Z [command]/usr/bin/git submodule foreach --recursive sh -c "git config --local --name-only --get-regexp 'core\.sshCommand' && git config --local --unset-all 'core.sshCommand' || :"
build	Run actions/checkout@v4	2026-09-30T15:11:58.8400206Z [command]/usr/bin/git config --local --name-only --get-regexp http\.https\:\/\/github\.com\/\.extraheader
build	Run actions/checkout@v4	2026-09-30T15:11:58.8432239Z [command]/usr/bin/git submodule foreach --recursive sh -c "git config --local --name-only --get-regexp 'http\.https\:\/\/github\.com\/\.extraheader' && git config --local --unset-all 'http.https://github.com/.extraheader' || :"
build	Run actions/checkout@v4	2026-09-30T15:11:58.8622392Z [command]/usr/bin/git config --local --name-only --get-regexp ^includeIf\.gitdir:
build	Run actions/checkout@v4	2026-09-30T15:11:58.8651970Z [command]/usr/bin/git submodule foreach --recursive git config --local --show-origin --name-only --get-regexp remote.origin.url
build	Run actions/checkout@v4	2026-09-30T15:11:58.8841093Z [command]/usr/bin/git config --local http.https://github.com/.extraheader AUTHORIZATION: basic ***
build	Run actions/checkout@v4	2026-09-30T15:11:58.8876196Z ##[endgroup]
build	Run actions/checkout@v4	2026-09-30T15:11:58.8876850Z ##[group]Fetching the repository
build	Run actions/checkout@v4	2026-09-30T15:11:58.8883335Z [command]/usr/bin/git -c protocol.version=2 fetch --no-tags --prune --no-recurse-submodules --depth=1 origin +f817a07c90ede97cb796a4218d0ae67540ead7d9:refs/remotes/origin/master
build	Run actions/checkout@v4	2026-09-30T15:12:01.4158228Z From https://github.com/webdevUK/daddyboard
build	Run actions/checkout@v4	2026-09-30T15:12:01.4159055Z  * [new ref]         f817a07c90ede97cb796a4218d0ae67540ead7d9 -> origin/master
build	Run actions/checkout@v4	2026-09-30T15:12:01.4162545Z ##[endgroup]
build	Run actions/checkout@v4	2026-09-30T15:12:01.4163046Z ##[group]Determining the checkout info
build	Run actions/checkout@v4	2026-09-30T15:12:01.4163647Z ##[endgroup]
build	Run actions/checkout@v4	2026-09-30T15:12:01.4168228Z [command]/usr/bin/git sparse-checkout disable
build	Run actions/checkout@v4	2026-09-30T15:12:01.4214439Z [command]/usr/bin/git config --local --unset-all extensions.worktreeConfig
build	Run actions/checkout@v4	2026-09-30T15:12:01.4241040Z ##[group]Checking out the ref
build	Run actions/checkout@v4	2026-09-30T15:12:01.4280379Z [command]/usr/bin/git checkout --progress --force -B master refs/remotes/origin/master
build	Run actions/checkout@v4	2026-09-30T15:12:01.6807889Z Reset branch 'master'
build	Run actions/checkout@v4	2026-09-30T15:12:01.6811754Z branch 'master' set up to track 'origin/master'.
build	Run actions/checkout@v4	2026-09-30T15:12:01.6822032Z ##[endgroup]
build	Run actions/checkout@v4	2026-09-30T15:12:01.6971328Z [command]/usr/bin/git log -1 --format=%H
build	Run actions/checkout@v4	2026-09-30T15:12:01.6994671Z f817a07c90ede97cb796a4218d0ae67540ead7d9
build	set up JDK 17	﻿2026-09-30T15:12:01.7227600Z ##[group]Run actions/setup-java@v4
build	set up JDK 17	2026-09-30T15:12:01.7227880Z with:
build	set up JDK 17	2026-09-30T15:12:01.7228058Z   java-version: 17
build	set up JDK 17	2026-09-30T15:12:01.7228540Z   distribution: temurin
build	set up JDK 17	2026-09-30T15:12:01.7228730Z   java-package: jdk
build	set up JDK 17	2026-09-30T15:12:01.7228915Z   check-latest: false
build	set up JDK 17	2026-09-30T15:12:01.7229096Z   server-id: github
build	set up JDK 17	2026-09-30T15:12:01.7229280Z   server-username: GITHUB_ACTOR
build	set up JDK 17	2026-09-30T15:12:01.7229489Z   server-password: GITHUB_TOKEN
build	set up JDK 17	2026-09-30T15:12:01.7229688Z   overwrite-settings: true
build	set up JDK 17	2026-09-30T15:12:01.7229877Z   job-status: success
build	set up JDK 17	2026-09-30T15:12:01.7231748Z   token: ***
build	set up JDK 17	2026-09-30T15:12:01.7231930Z ##[endgroup]
build	set up JDK 17	2026-09-30T15:12:01.8512786Z ##[warning]setup-java v4 is deprecated and will no longer receive updates. Please migrate to actions/setup-java@v5.
build	set up JDK 17	2026-09-30T15:12:01.8519667Z ##[group]Installed distributions
build	set up JDK 17	2026-09-30T15:12:01.8696154Z Resolved Java 17.0.20+1 from tool-cache
build	set up JDK 17	2026-09-30T15:12:01.8696656Z Setting Java 17.0.20+1 as the default
build	set up JDK 17	2026-09-30T15:12:01.8704881Z (node:1893) [DEP0040] DeprecationWarning: The `punycode` module is deprecated. Please use a userland alternative instead.
build	set up JDK 17	2026-09-30T15:12:01.8705683Z (Use `node --trace-deprecation ...` to show where the warning was created)
build	set up JDK 17	2026-09-30T15:12:01.8707365Z Creating toolchains.xml for JDK version 17 from temurin
build	set up JDK 17	2026-09-30T15:12:01.8760553Z Writing to /home/runner/.m2/toolchains.xml
build	set up JDK 17	2026-09-30T15:12:01.8760883Z 
build	set up JDK 17	2026-09-30T15:12:01.8760994Z Java configuration:
build	set up JDK 17	2026-09-30T15:12:01.8761246Z   Distribution: temurin
build	set up JDK 17	2026-09-30T15:12:01.8761488Z   Version: 17.0.20+1
build	set up JDK 17	2026-09-30T15:12:01.8761876Z   Path: /opt/hostedtoolcache/Java_Temurin-Hotspot_jdk/17.0.20-1/x64
build	set up JDK 17	2026-09-30T15:12:01.8762109Z 
build	set up JDK 17	2026-09-30T15:12:01.8762638Z ##[endgroup]
build	set up JDK 17	2026-09-30T15:12:01.8778728Z Creating settings.xml with server-id: github
build	set up JDK 17	2026-09-30T15:12:01.8797905Z Writing to /home/runner/.m2/settings.xml
build	Setup Gradle	﻿2026-09-30T15:12:01.9055108Z ##[group]Run gradle/actions/setup-gradle@v3
build	Setup Gradle	2026-09-30T15:12:01.9055570Z with:
build	Setup Gradle	2026-09-30T15:12:01.9055851Z   cache-disabled: false
build	Setup Gradle	2026-09-30T15:12:01.9056180Z   cache-read-only: false
build	Setup Gradle	2026-09-30T15:12:01.9056508Z   cache-write-only: false
build	Setup Gradle	2026-09-30T15:12:01.9056860Z   cache-overwrite-existing: false
build	Setup Gradle	2026-09-30T15:12:01.9057306Z   gradle-home-cache-includes: caches
build	Setup Gradle	notifications
build	Setup Gradle	
build	Setup Gradle	2026-09-30T15:12:01.9057774Z   gradle-home-cache-cleanup: false
build	Setup Gradle	2026-09-30T15:12:01.9058145Z   add-job-summary: always
build	Setup Gradle	2026-09-30T15:12:01.9058634Z   add-job-summary-as-pr-comment: never
build	Setup Gradle	2026-09-30T15:12:01.9059021Z   dependency-graph: disabled
build	Setup Gradle	2026-09-30T15:12:01.9059389Z   dependency-graph-continue-on-failure: true
build	Setup Gradle	2026-09-30T15:12:01.9059647Z   build-scan-publish: false
build	Setup Gradle	2026-09-30T15:12:01.9059880Z   validate-wrappers: false
build	Setup Gradle	2026-09-30T15:12:01.9060103Z   generate-job-summary: true
build	Setup Gradle	2026-09-30T15:12:01.9060335Z   gradle-home-cache-strict-match: false
build	Setup Gradle	2026-09-30T15:12:01.9060578Z   workflow-job-context: null
build	Setup Gradle	2026-09-30T15:12:01.9062577Z   github-token: ***
build	Setup Gradle	2026-09-30T15:12:01.9062778Z env:
build	Setup Gradle	2026-09-30T15:12:01.9063037Z   JAVA_HOME: /opt/hostedtoolcache/Java_Temurin-Hotspot_jdk/17.0.20-1/x64
build	Setup Gradle	2026-09-30T15:12:01.9063455Z   JAVA_HOME_17_X64: /opt/hostedtoolcache/Java_Temurin-Hotspot_jdk/17.0.20-1/x64
build	Setup Gradle	2026-09-30T15:12:01.9063778Z ##[endgroup]
build	Setup Gradle	2026-09-30T15:12:02.0532403Z (node:1908) [DEP0040] DeprecationWarning: The `punycode` module is deprecated. Please use a userland alternative instead.
build	Setup Gradle	2026-09-30T15:12:02.0533362Z (Use `node --trace-deprecation ...` to show where the warning was created)
build	Setup Gradle	2026-09-30T15:12:03.2816564Z Merged default JDK locations into /home/runner/.m2/toolchains.xml
build	Setup Gradle	2026-09-30T15:12:03.2818024Z ##[group]Restore Gradle state from cache
build	Setup Gradle	2026-09-30T15:12:03.4082038Z ##[warning]Failed to restore gradle-home-v1|Linux|build[ba14552c214c7f8cd03726ffcc4b0229]-f817a07c90ede97cb796a4218d0ae67540ead7d9: Error: Cache service responded with 400
build	Setup Gradle	2026-09-30T15:12:03.4168612Z Gradle User Home cache not found. Will initialize empty.
build	Setup Gradle	2026-09-30T15:12:03.4169081Z ##[endgroup]
build	Build DaddyBoard (HeliBoard fork)	﻿2026-09-30T15:12:03.4269664Z ##[group]Run chmod +x gradlew
build	Build DaddyBoard (HeliBoard fork)	2026-09-30T15:12:03.4269956Z ^[[36;1mchmod +x gradlew^[[0m
build	Build DaddyBoard (HeliBoard fork)	2026-09-30T15:12:03.4270166Z ^[[36;1m./gradlew assembleDebug^[[0m
build	Build DaddyBoard (HeliBoard fork)	2026-09-30T15:12:03.5608807Z shell: /usr/bin/bash -e {0}
build	Build DaddyBoard (HeliBoard fork)	2026-09-30T15:12:03.5609323Z env:
build	Build DaddyBoard (HeliBoard fork)	2026-09-30T15:12:03.5609590Z   JAVA_HOME: /opt/hostedtoolcache/Java_Temurin-Hotspot_jdk/17.0.20-1/x64
build	Build DaddyBoard (HeliBoard fork)	2026-09-30T15:12:03.5609988Z   JAVA_HOME_17_X64: /opt/hostedtoolcache/Java_Temurin-Hotspot_jdk/17.0.20-1/x64
build	Build DaddyBoard (HeliBoard fork)	2026-09-30T15:12:03.5610315Z   GRADLE_ACTION_ID: gradle/actions/setup-gradle
build	Build DaddyBoard (HeliBoard fork)	2026-09-30T15:12:03.5610565Z   GRADLE_BUILD_ACTION_SETUP_COMPLETED: true
build	Build DaddyBoard (HeliBoard fork)	2026-09-30T15:12:03.5610806Z   GRADLE_BUILD_ACTION_CACHE_RESTORED: true
build	Build DaddyBoard (HeliBoard fork)	2026-09-30T15:12:03.5611146Z   DEVELOCITY_INJECTION_INIT_SCRIPT_NAME: gradle-actions.inject-develocity.init.gradle
build	Build DaddyBoard (HeliBoard fork)	2026-09-30T15:12:03.5611534Z   DEVELOCITY_AUTO_INJECTION_CUSTOM_VALUE: gradle-actions
build	Build DaddyBoard (HeliBoard fork)	2026-09-30T15:12:03.5611796Z   GITHUB_DEPENDENCY_GRAPH_ENABLED: false
build	Build DaddyBoard (HeliBoard fork)	2026-09-30T15:12:03.5612010Z ##[endgroup]
build	Build DaddyBoard (HeliBoard fork)	2026-09-30T15:12:03.9458450Z Fetching distribution.
build	Build DaddyBoard (HeliBoard fork)	2026-09-30T15:12:03.9459097Z Downloading https://services.gradle.org/distributions/gradle-9.7.1-bin.zip
build	Build DaddyBoard (HeliBoard fork)	2026-09-30T15:12:06.9022726Z ..............10%..............20%...............30%..............40%...............50%..............60%...............70%..............80%..............90%...............100%
build	Build DaddyBoard (HeliBoard fork)	2026-09-30T15:12:08.3009003Z 
build	Build DaddyBoard (HeliBoard fork)	2026-09-30T15:12:08.3014407Z Welcome to Gradle 9.7.1!
build	Build DaddyBoard (HeliBoard fork)	2026-09-30T15:12:08.3015076Z 
build	Build DaddyBoard (HeliBoard fork)	2026-09-30T15:12:08.3015646Z Here are the highlights of this release:
build	Build DaddyBoard (HeliBoard fork)	2026-09-30T15:12:08.3016116Z  - Isolated Projects graduates to incubating
build	Build DaddyBoard (HeliBoard fork)	2026-09-30T15:12:08.3016580Z  - Broader Configuration Cache compatibility
build	Build DaddyBoard (HeliBoard fork)	2026-09-30T15:12:08.3016989Z  - Resilient Sync helps you fix broken builds
build	Build DaddyBoard (HeliBoard fork)	2026-09-30T15:12:08.3017387Z  - More source locations in problem reports
build	Build DaddyBoard (HeliBoard fork)	2026-09-30T15:12:08.3017640Z 
build	Build DaddyBoard (HeliBoard fork)	2026-09-30T15:12:08.3017939Z For more details see https://docs.gradle.org/9.7.1/release-notes.html
build	Build DaddyBoard (HeliBoard fork)	2026-09-30T15:12:08.3018479Z 
build	Build DaddyBoard (HeliBoard fork)	2026-09-30T15:12:08.4002123Z Starting a Gradle Daemon (subsequent builds will be faster)
build	Build DaddyBoard (HeliBoard fork)	2026-09-30T15:12:10.6002141Z Calculating task graph as no cached configuration is available for tasks: assembleDebug
build	Build DaddyBoard (HeliBoard fork)	2026-09-30T15:12:51.6016991Z 
build	Build DaddyBoard (HeliBoard fork)	2026-09-30T15:12:51.6029220Z > Configure project :app
build	Build DaddyBoard (HeliBoard fork)	2026-09-30T15:12:51.6032273Z WARNING: BuildType 'debug' is both debuggable and has 'isMinifyEnabled' set to true.
build	Build DaddyBoard (HeliBoard fork)	2026-09-30T15:12:51.6033477Z All code optimizations and obfuscation are disabled for debuggable builds.
build	Build DaddyBoard (HeliBoard fork)	2026-09-30T15:12:53.9001856Z Checking the license for package NDK (Side by side) 28.0.13004108 in /usr/local/lib/android/sdk/licenses
build	Build DaddyBoard (HeliBoard fork)	2026-09-30T15:12:54.0001342Z License for package NDK (Side by side) 28.0.13004108 accepted.
build	Build DaddyBoard (HeliBoard fork)	2026-09-30T15:12:54.0002010Z Preparing "Install NDK (Side by side) 28.0.13004108 v.28.0.13004108".
build	Build DaddyBoard (HeliBoard fork)	2026-09-30T15:13:22.9000656Z "Install NDK (Side by side) 28.0.13004108 v.28.0.13004108" ready.
build	Build DaddyBoard (HeliBoard fork)	2026-09-30T15:13:22.9001251Z Installing NDK (Side by side) 28.0.13004108 in /usr/local/lib/android/sdk/ndk/28.0.13004108
build	Build DaddyBoard (HeliBoard fork)	2026-09-30T15:13:22.9001671Z "Install NDK (Side by side) 28.0.13004108 v.28.0.13004108" complete.
build	Build DaddyBoard (HeliBoard fork)	2026-09-30T15:13:23.6002444Z "Install NDK (Side by side) 28.0.13004108 v.28.0.13004108" finished.
build	Build DaddyBoard (HeliBoard fork)	2026-09-30T15:13:53.8034004Z 
build	Build DaddyBoard (HeliBoard fork)	2026-09-30T15:13:53.8040756Z > Task :app:generateDebugAssets UP-TO-DATE
build	Build DaddyBoard (HeliBoard fork)	2026-09-30T15:13:53.8075264Z > Task :app:preBuild UP-TO-DATE
build	Build DaddyBoard (HeliBoard fork)	2026-09-30T15:13:53.8119108Z > Task :app:preDebugBuild UP-TO-DATE
build	Build DaddyBoard (HeliBoard fork)	2026-09-30T15:13:53.8121272Z > Task :app:mergeDebugNativeDebugMetadata NO-SOURCE
build	Build DaddyBoard (HeliBoard fork)	2026-09-30T15:13:53.9052269Z > Task :app:generateDebugBuildConfig
build	Build DaddyBoard (HeliBoard fork)	2026-09-30T15:13:53.9109325Z > Task :app:javaPreCompileDebug
build	Build DaddyBoard (HeliBoard fork)	2026-09-30T15:13:53.9111989Z > Task :app:generateDebugResources
build	Build DaddyBoard (HeliBoard fork)	2026-09-30T15:13:56.2019518Z > Task :app:dataBindingMergeDependencyArtifactsDebug
build	Build DaddyBoard (HeliBoard fork)	2026-09-30T15:13:56.2020385Z > Task :app:processDebugNavigationResources
build	Build DaddyBoard (HeliBoard fork)	2026-09-30T15:13:56.6005516Z > Task :app:mergeDebugAssets
build	Build DaddyBoard (HeliBoard fork)	2026-09-30T15:13:59.0025240Z > Task :app:checkDebugDuplicateClasses
build	Build DaddyBoard (HeliBoard fork)	2026-09-30T15:13:59.0056836Z > Task :app:extractProguardFiles
build	Build DaddyBoard (HeliBoard fork)	2026-09-30T15:13:59.1000966Z > Task :app:packageDebugResources
build	Build DaddyBoard (HeliBoard fork)	2026-09-30T15:13:59.7000353Z > Task :app:compressDebugAssets
build	Build DaddyBoard (HeliBoard fork)	2026-09-30T15:13:59.7000698Z > Task :app:mapDebugSourceSetPaths
build	Build DaddyBoard (HeliBoard fork)	2026-09-30T15:14:01.4018657Z > Task :app:compileDebugNavigationResources
build	Build DaddyBoard (HeliBoard fork)	2026-09-30T15:14:01.4094773Z > Task :app:createDebugCompatibleScreenManifests
build	Build DaddyBoard (HeliBoard fork)	2026-09-30T15:14:01.5001490Z > Task :app:extractDeepLinksDebug
build	Build DaddyBoard (HeliBoard fork)	2026-09-30T15:14:01.6031147Z > Task :app:checkDebugAarMetadata
build	Build DaddyBoard (HeliBoard fork)	2026-09-30T15:14:01.6035037Z > Task :app:preDebugNoMinifyBuild UP-TO-DATE
build	Build DaddyBoard (HeliBoard fork)	2026-09-30T15:14:01.7003210Z > Task :app:parseDebugLocalResources
build	Build DaddyBoard (HeliBoard fork)	2026-09-30T15:14:01.8017881Z > Task :app:generateDebugRFile
build	Build DaddyBoard (HeliBoard fork)	2026-09-30T15:14:01.8078766Z > Task :app:mergeDebugJniLibFolders
build	Build DaddyBoard (HeliBoard fork)	2026-09-30T15:14:02.2049403Z > Task :app:processDebugMainManifest
build	Build DaddyBoard (HeliBoard fork)	2026-09-30T15:14:02.2078793Z > Task :app:configureNdkBuildDebug[arm64-v8a]
build	Build DaddyBoard (HeliBoard fork)	2026-09-30T15:14:02.4024049Z > Task :app:processDebugManifest
build	Build DaddyBoard (HeliBoard fork)	2026-09-30T15:14:02.4039860Z > Task :app:processDebugManifestForPackage
build	Build DaddyBoard (HeliBoard fork)	2026-09-30T15:14:02.4040328Z > Task :app:writeDebugAppMetadata
build	Build DaddyBoard (HeliBoard fork)	2026-09-30T15:14:02.4040782Z > Task :app:writeDebugSigningConfigVersions
build	Build DaddyBoard (HeliBoard fork)	2026-09-30T15:14:02.8014746Z > Task :app:mergeDebugResources
build	Build DaddyBoard (HeliBoard fork)	2026-09-30T15:14:03.1000668Z > Task :app:validateSigningDebug
build	Build DaddyBoard (HeliBoard fork)	2026-09-30T15:14:03.5031564Z > Task :app:dataBindingGenBaseClassesDebug
build	Build DaddyBoard (HeliBoard fork)	2026-09-30T15:14:04.2033580Z > Task :app:processDebugResources FAILED
build	Build DaddyBoard (HeliBoard fork)	2026-09-30T15:14:04.2097097Z 
build	Build DaddyBoard (HeliBoard fork)	2026-09-30T15:14:04.2206356Z > Task :app:buildNdkBuildDebug[arm64-v8a]
build	Build DaddyBoard (HeliBoard fork)	2026-09-30T15:14:04.2269597Z C/C++: In file included from /home/runner/work/daddyboard/daddyboard/daddyboard-main/app/src/main/jni/com_android_inputmethod_keyboard_ProximityInfo.cpp:24:
build	Build DaddyBoard (HeliBoard fork)	2026-09-30T15:14:04.2299609Z C/C++: In file included from /home/runner/work/daddyboard/daddyboard/daddyboard-main/app/src/main/jni/src/suggest/core/layout/proximity_info.h:25:
build	Build DaddyBoard (HeliBoard fork)	2026-09-30T15:14:04.2330980Z C/C++: /home/runner/work/daddyboard/daddyboard/daddyboard-main/app/src/main/jni/src/suggest/core/layout/proximity_info_utils.h:75:25: warning: variable 'proximityChar' set but not used [-Wunused-but-set-variable]
build	Build DaddyBoard (HeliBoard fork)	2026-09-30T15:14:04.2335800Z C/C++:    75 |                     int proximityChar =
build	Build DaddyBoard (HeliBoard fork)	2026-09-30T15:14:04.2336498Z C/C++:       |                         ^
build	Build DaddyBoard (HeliBoard fork)	2026-09-30T15:14:04.2337052Z C/C++: 1 warning generated.
build	Build DaddyBoard (HeliBoard fork)	2026-09-30T15:14:04.2338153Z C/C++: In file included from /home/runner/work/daddyboard/daddyboard/daddyboard-main/app/src/main/jni/com_android_inputmethod_latin_BinaryDictionary.cpp:25:
build	Build DaddyBoard (HeliBoard fork)	2026-09-30T15:14:04.2403552Z C/C++: In file included from /home/runner/work/daddyboard/daddyboard/daddyboard-main/app/src/main/jni/src/dictionary/property/unigram_property.h:23:
build	Build DaddyBoard (HeliBoard fork)	2026-09-30T15:14:04.2407802Z C/C++: /home/runner/work/daddyboard/daddyboard/daddyboard-main/app/src/main/jni/src/dictionary/property/historical_info.h:52:5: warning: definition of implicit copy constructor for 'HistoricalInfo' is deprecated because it has a user-declared copy assignment operator [-Wdeprecated-copy]
build	Build DaddyBoard (HeliBoard fork)	2026-09-30T15:14:04.2454470Z C/C++:    52 |     DISALLOW_ASSIGNMENT_OPERATOR(HistoricalInfo);
build	Build DaddyBoard (HeliBoard fork)	2026-09-30T15:14:04.2478929Z C/C++:       |     ^
build	Build DaddyBoard (HeliBoard fork)	2026-09-30T15:14:04.2509301Z C/C++: /home/runner/work/daddyboard/daddyboard/daddyboard-main/app/src/main/jni/src/defines.h:289:8: note: expanded from macro 'DISALLOW_ASSIGNMENT_OPERATOR'
build	Build DaddyBoard (HeliBoard fork)	2026-09-30T15:14:04.2538790Z C/C++:   289 |   void operator=(const TypeName&) = delete
build	Build DaddyBoard (HeliBoard fork)	2026-09-30T15:14:04.2545500Z C/C++:       |        ^
build	Build DaddyBoard (HeliBoard fork)	2026-09-30T15:14:04.2570467Z C/C++: /home/runner/work/daddyboard/daddyboard/daddyboard-main/app/src/main/jni/src/dictionary/property/unigram_property.h:63:15: note: in implicit copy constructor for 'latinime::HistoricalInfo' first required here
build	Build DaddyBoard (HeliBoard fork)	2026-09-30T15:14:04.2599088Z C/C++:    63 |               mHistoricalInfo(historicalInfo), mShortcuts(std::move(shortcuts)) {}
build	Build DaddyBoard (HeliBoard fork)	2026-09-30T15:14:04.2628718Z C/C++:       |               ^
build	Build DaddyBoard (HeliBoard fork)	2026-09-30T15:14:04.2630093Z C/C++: /home/runner/work/daddyboard/daddyboard/daddyboard-main/app/src/main/jni/src/dictionary/property/unigram_property.h:126:5: warning: definition of implicit copy constructor for 'UnigramProperty' is deprecated because it has a user-declared copy assignment operator [-Wdeprecated-copy]
build	Build DaddyBoard (HeliBoard fork)	2026-09-30T15:14:04.2631871Z C/C++:   126 |     DISALLOW_ASSIGNMENT_OPERATOR(UnigramProperty);
build	Build DaddyBoard (HeliBoard fork)	2026-09-30T15:14:04.2632443Z C/C++:       |     ^
build	Build DaddyBoard (HeliBoard fork)	2026-09-30T15:14:04.2633167Z C/C++: /home/runner/work/daddyboard/daddyboard/daddyboard-main/app/src/main/jni/src/defines.h:289:8: note: expanded from macro 'DISALLOW_ASSIGNMENT_OPERATOR'
build	Build DaddyBoard (HeliBoard fork)	2026-09-30T15:14:04.2633979Z C/C++:   289 |   void operator=(const TypeName&) = delete
build	Build DaddyBoard (HeliBoard fork)	2026-09-30T15:14:04.2634330Z C/C++:       |        ^
build	Build DaddyBoard (HeliBoard fork)	2026-09-30T15:14:04.2635370Z C/C++: /home/runner/work/daddyboard/daddyboard/daddyboard-main/app/src/main/jni/src/dictionary/property/word_property.h:38:51: note: in implicit copy constructor for 'latinime::UnigramProperty' first required here
build	Build DaddyBoard (HeliBoard fork)	2026-09-30T15:14:04.2636565Z C/C++:    38 |             : mCodePoints(std::move(codePoints)), mUnigramProperty(unigramProperty),
build	Build DaddyBoard (HeliBoard fork)	2026-09-30T15:14:04.2637062Z C/C++:       |                                                   ^
build	Build DaddyBoard (HeliBoard fork)	2026-09-30T15:14:04.2637971Z C/C++: In file included from /home/runner/work/daddyboard/daddyboard/daddyboard-main/app/src/main/jni/com_android_inputmethod_latin_BinaryDictionary.cpp:36:
build	Build DaddyBoard (HeliBoard fork)	2026-09-30T15:14:04.2664042Z C/C++: /home/runner/work/daddyboard/daddyboard/daddyboard-main/app/src/main/jni/src/utils/jni_data_utils.h:52:27: warning: variable length arrays in C++ are a Clang extension [-Wvla-cxx-extension]
build	Build DaddyBoard (HeliBoard fork)	2026-09-30T15:14:04.2665129Z C/C++:    52 |             char keyChars[keyUtf8Length + 1];
build	Build DaddyBoard (HeliBoard fork)	2026-09-30T15:14:04.2665543Z C/C++:       |                           ^~~~~~~~~~~~~~~~~
build	Build DaddyBoard (HeliBoard fork)	2026-09-30T15:14:04.2666372Z C/C++: /home/runner/work/daddyboard/daddyboard/daddyboard-main/app/src/main/jni/src/utils/jni_data_utils.h:52:27: note: initializer of 'keyUtf8Length' is not a constant expression
build	Build DaddyBoard (HeliBoard fork)	2026-09-30T15:14:04.2667548Z C/C++: /home/runner/work/daddyboard/daddyboard/daddyboard-main/app/src/main/jni/src/utils/jni_data_utils.h:51:25: note: declared here
build	Build DaddyBoard (HeliBoard fork)	2026-09-30T15:14:04.2668433Z C/C++:    51 |             const jsize keyUtf8Length = env->GetStringUTFLength(keyString);
build	Build DaddyBoard (HeliBoard fork)	2026-09-30T15:14:04.2668896Z C/C++:       |                         ^
build	Build DaddyBoard (HeliBoard fork)	2026-09-30T15:14:04.2669833Z C/C++: /home/runner/work/daddyboard/daddyboard/daddyboard-main/app/src/main/jni/src/utils/jni_data_utils.h:62:29: warning: variable length arrays in C++ are a Clang extension [-Wvla-cxx-extension]
build	Build DaddyBoard (HeliBoard fork)	2026-09-30T15:14:04.2670771Z C/C++:    62 |             char valueChars[valueUtf8Length + 1];
build	Build DaddyBoard (HeliBoard fork)	2026-09-30T15:14:04.2671166Z C/C++:       |                             ^~~~~~~~~~~~~~~~~~~
build	Build DaddyBoard (HeliBoard fork)	2026-09-30T15:14:04.2672037Z C/C++: /home/runner/work/daddyboard/daddyboard/daddyboard-main/app/src/main/jni/src/utils/jni_data_utils.h:62:29: note: initializer of 'valueUtf8Length' is not a constant expression
build	Build DaddyBoard (HeliBoard fork)	2026-09-30T15:14:04.2673248Z C/C++: /home/runner/work/daddyboard/daddyboard/daddyboard-main/app/src/main/jni/src/utils/jni_data_utils.h:61:25: note: declared here
build	Build DaddyBoard (HeliBoard fork)	2026-09-30T15:14:04.2674109Z C/C++:    61 |             const jsize valueUtf8Length = env->GetStringUTFLength(valueString);
build	Build DaddyBoard (HeliBoard fork)	2026-09-30T15:14:04.2674597Z C/C++:       |                         ^
build	Build DaddyBoard (HeliBoard fork)	2026-09-30T15:14:04.2675587Z C/C++: /home/runner/work/daddyboard/daddyboard/daddyboard-main/app/src/main/jni/src/utils/jni_data_utils.h:77:29: warning: variable length arrays in C++ are a Clang extension [-Wvla-cxx-extension]
build	Build DaddyBoard (HeliBoard fork)	2026-09-30T15:14:04.2676654Z C/C++:    77 |         int outputCodePonts[codePointBufSize];
build	Build DaddyBoard (HeliBoard fork)	2026-09-30T15:14:04.2677071Z C/C++:       |                             ^~~~~~~~~~~~~~~~
build	Build DaddyBoard (HeliBoard fork)	2026-09-30T15:14:04.2678025Z C/C++: /home/runner/work/daddyboard/daddyboard/daddyboard-main/app/src/main/jni/src/utils/jni_data_utils.h:77:29: note: initializer of 'codePointBufSize' is not a constant expression
build	Build DaddyBoard (HeliBoard fork)	2026-09-30T15:14:04.2681385Z C/C++: /home/runner/work/daddyboard/daddyboard/daddyboard-main/app/src/main/jni/src/utils/jni_data_utils.h:76:19: note: declared here
build	Build DaddyBoard (HeliBoard fork)	2026-09-30T15:14:04.2682302Z C/C++:    76 |         const int codePointBufSize = std::min(maxLength, codePointCount);
build	Build DaddyBoard (HeliBoard fork)	2026-09-30T15:14:04.2683010Z C/C++:       |                   ^
build	Build DaddyBoard (HeliBoard fork)	2026-09-30T15:14:04.2684093Z C/C++: /home/runner/work/daddyboard/daddyboard/daddyboard-main/app/src/main/jni/com_android_inputmethod_latin_BinaryDictionary.cpp:54:25: warning: variable length arrays in C++ are a Clang extension [-Wvla-cxx-extension]
build	Build DaddyBoard (HeliBoard fork)	2026-09-30T15:14:04.2685332Z C/C++:    54 |     char sourceDirChars[sourceDirUtf8Length + 1];
build	Build DaddyBoard (HeliBoard fork)	2026-09-30T15:14:04.2685725Z C/C++:       |                         ^~~~~~~~~~~~~~~~~~~~~~~
build	Build DaddyBoard (HeliBoard fork)	2026-09-30T15:14:04.2686724Z C/C++: /home/runner/work/daddyboard/daddyboard/daddyboard-main/app/src/main/jni/com_android_inputmethod_latin_BinaryDictionary.cpp:54:25: note: initializer of 'sourceDirUtf8Length' is not a constant expression
build	Build DaddyBoard (HeliBoard fork)	2026-09-30T15:14:04.2688350Z C/C++: /home/runner/work/daddyboard/daddyboard/daddyboard-main/app/src/main/jni/com_android_inputmethod_latin_BinaryDictionary.cpp:49:17: note: declared here
build	Build DaddyBoard (HeliBoard fork)	2026-09-30T15:14:04.2689332Z C/C++:    49 |     const jsize sourceDirUtf8Length = env->GetStringUTFLength(sourceDir);
build	Build DaddyBoard (HeliBoard fork)	2026-09-30T15:14:04.2689826Z C/C++:       |                 ^
build	Build DaddyBoard (HeliBoard fork)	2026-09-30T15:14:04.2690857Z C/C++: /home/runner/work/daddyboard/daddyboard/daddyboard-main/app/src/main/jni/com_android_inputmethod_latin_BinaryDictionary.cpp:75:22: warning: variable length arrays in C++ are a Clang extension [-Wvla-cxx-extension]
build	Build DaddyBoard (HeliBoard fork)	2026-09-30T15:14:04.2691987Z C/C++:    75 |     char localeChars[localeUtf8Length + 1];
build	Build DaddyBoard (HeliBoard fork)	2026-09-30T15:14:04.2692384Z C/C++:       |                      ^~~~~~~~~~~~~~~~~~~~
build	Build DaddyBoard (HeliBoard fork)	2026-09-30T15:14:04.2693437Z C/C++: /home/runner/work/daddyboard/daddyboard/daddyboard-main/app/src/main/jni/com_android_inputmethod_latin_BinaryDictionary.cpp:75:22: note: initializer of 'localeUtf8Length' is not a constant expression
build	Build DaddyBoard (HeliBoard fork)	2026-09-30T15:14:04.2694992Z C/C++: /home/runner/work/daddyboard/daddyboard/daddyboard-main/app/src/main/jni/com_android_inputmethod_latin_BinaryDictionary.cpp:74:17: note: declared here
build	Build DaddyBoard (HeliBoard fork)	2026-09-30T15:14:04.2695968Z C/C++:    74 |     const jsize localeUtf8Length = env->GetStringUTFLength(locale);
build	Build DaddyBoard (HeliBoard fork)	2026-09-30T15:14:04.2696487Z C/C++:       |                 ^
build	Build DaddyBoard (HeliBoard fork)	2026-09-30T15:14:04.2697566Z C/C++: /home/runner/work/daddyboard/daddyboard/daddyboard-main/app/src/main/jni/com_android_inputmethod_latin_BinaryDictionary.cpp:104:24: warning: variable length arrays in C++ are a Clang extension [-Wvla-cxx-extension]
build	Build DaddyBoard (HeliBoard fork)	2026-09-30T15:14:04.2698974Z C/C++:   104 |     char filePathChars[filePathUtf8Length + 1];
build	Build DaddyBoard (HeliBoard fork)	2026-09-30T15:14:04.2699455Z C/C++:       |                        ^~~~~~~~~~~~~~~~~~~~~~
build	Build DaddyBoard (HeliBoard fork)	2026-09-30T15:14:04.2700558Z C/C++: /home/runner/work/daddyboard/daddyboard/daddyboard-main/app/src/main/jni/com_android_inputmethod_latin_BinaryDictionary.cpp:104:24: note: initializer of 'filePathUtf8Length' is not a constant expression
build	Build DaddyBoard (HeliBoard fork)	2026-09-30T15:14:04.2702148Z C/C++: /home/runner/work/daddyboard/daddyboard/daddyboard-main/app/src/main/jni/com_android_inputmethod_latin_BinaryDictionary.cpp:103:17: note: declared here
build	Build DaddyBoard (HeliBoard fork)	2026-09-30T15:14:04.2703167Z C/C++:   103 |     const jsize filePathUtf8Length = env->GetStringUTFLength(filePath);
build	Build DaddyBoard (HeliBoard fork)	2026-09-30T15:14:04.2703675Z C/C++:       |                 ^
build	Build DaddyBoard (HeliBoard fork)	2026-09-30T15:14:04.2704751Z C/C++: /home/runner/work/daddyboard/daddyboard/daddyboard-main/app/src/main/jni/com_android_inputmethod_latin_BinaryDictionary.cpp:122:24: warning: variable length arrays in C++ are a Clang extension [-Wvla-cxx-extension]
build	Build DaddyBoard (HeliBoard fork)	2026-09-30T15:14:04.2705946Z C/C++:   122 |     char filePathChars[filePathUtf8Length + 1];
build	Build DaddyBoard (HeliBoard fork)	2026-09-30T15:14:04.2706372Z C/C++:       |                        ^~~~~~~~~~~~~~~~~~~~~~
build	Build DaddyBoard (HeliBoard fork)	2026-09-30T15:14:04.2707457Z C/C++: /home/runner/work/daddyboard/daddyboard/daddyboard-main/app/src/main/jni/com_android_inputmethod_latin_BinaryDictionary.cpp:122:24: note: initializer of 'filePathUtf8Length' is not a constant expression
build	Build DaddyBoard (HeliBoard fork)	2026-09-30T15:14:04.2737480Z C/C++: /home/runner/work/daddyboard/daddyboard/daddyboard-main/app/src/main/jni/com_android_inputmethod_latin_BinaryDictionary.cpp:121:17: note: declared here
build	Build DaddyBoard (HeliBoard fork)	2026-09-30T15:14:04.2738729Z C/C++:   121 |     const jsize filePathUtf8Length = env->GetStringUTFLength(filePath);
build	Build DaddyBoard (HeliBoard fork)	2026-09-30T15:14:04.2739497Z C/C++:       |                 ^
build	Build DaddyBoard (HeliBoard fork)	2026-09-30T15:14:04.2740536Z C/C++: /home/runner/work/daddyboard/daddyboard/daddyboard-main/app/src/main/jni/com_android_inputmethod_latin_BinaryDictionary.cpp:200:22: warning: variable length arrays in C++ are a Clang extension [-Wvla-cxx-extension]
build	Build DaddyBoard (HeliBoard fork)	2026-09-30T15:14:04.2741759Z C/C++:   200 |     int xCoordinates[inputSize];
build	Build DaddyBoard (HeliBoard fork)	2026-09-30T15:14:04.2743138Z C/C++:       |                      ^~~~~~~~~
build	Build DaddyBoard (HeliBoard fork)	2026-09-30T15:14:04.2744333Z C/C++: /home/runner/work/daddyboard/daddyboard/daddyboard-main/app/src/main/jni/com_android_inputmethod_latin_BinaryDictionary.cpp:200:22: note: function parameter 'inputSize' with unknown value cannot be used in a constant expression
build	Build DaddyBoard (HeliBoard fork)	2026-09-30T15:14:04.2746071Z C/C++: /home/runner/work/daddyboard/daddyboard/daddyboard-main/app/src/main/jni/com_android_inputmethod_latin_BinaryDictionary.cpp:181:46: note: declared here
build	Build DaddyBoard (HeliBoard fork)	2026-09-30T15:14:04.2747160Z C/C++:   181 |         jintArray inputCodePointsArray, jint inputSize, jintArray suggestOptions,
build	Build DaddyBoard (HeliBoard fork)	2026-09-30T15:14:04.2747754Z C/C++:       |                                              ^
build	Build DaddyBoard (HeliBoard fork)	2026-09-30T15:14:04.2749027Z C/C++: /home/runner/work/daddyboard/daddyboard/daddyboard-main/app/src/main/jni/com_android_inputmethod_latin_BinaryDictionary.cpp:201:22: warning: variable length arrays in C++ are a Clang extension [-Wvla-cxx-extension]
build	Build DaddyBoard (HeliBoard fork)	2026-09-30T15:14:04.2750054Z C/C++:   201 |     int yCoordinates[inputSize];
build	Build DaddyBoard (HeliBoard fork)	2026-09-30T15:14:04.2750407Z C/C++:       |                      ^~~~~~~~~
build	Build DaddyBoard (HeliBoard fork)	2026-09-30T15:14:04.2751622Z C/C++: /home/runner/work/daddyboard/daddyboard/daddyboard-main/app/src/main/jni/com_android_inputmethod_latin_BinaryDictionary.cpp:201:22: note: function parameter 'inputSize' with unknown value cannot be used in a constant expression
build	Build DaddyBoard (HeliBoard fork)	2026-09-30T15:14:04.2753225Z C/C++: /home/runner/work/daddyboard/daddyboard/daddyboard-main/app/src/main/jni/com_android_inputmethod_latin_BinaryDictionary.cpp:181:46: note: declared here
build	Build DaddyBoard (HeliBoard fork)	2026-09-30T15:14:04.2754206Z C/C++:   181 |         jintArray inputCodePointsArray, jint inputSize, jintArray suggestOptions,
build	Build DaddyBoard (HeliBoard fork)	2026-09-30T15:14:04.2754778Z C/C++:       |                                              ^
build	Build DaddyBoard (HeliBoard fork)	2026-09-30T15:14:04.2758398Z C/C++: /home/runner/work/daddyboard/daddyboard/daddyboard-main/app/src/main/jni/com_android_inputmethod_latin_BinaryDictionary.cpp:202:15: warning: variable length arrays in C++ are a Clang extension [-Wvla-cxx-extension]
build	Build DaddyBoard (HeliBoard fork)	2026-09-30T15:14:04.2759810Z C/C++:   202 |     int times[inputSize];
build	Build DaddyBoard (HeliBoard fork)	2026-09-30T15:14:04.2760147Z C/C++:       |               ^~~~~~~~~
build	Build DaddyBoard (HeliBoard fork)	2026-09-30T15:14:04.2761331Z C/C++: /home/runner/work/daddyboard/daddyboard/daddyboard-main/app/src/main/jni/com_android_inputmethod_latin_BinaryDictionary.cpp:202:15: note: function parameter 'inputSize' with unknown value cannot be used in a constant expression
build	Build DaddyBoard (HeliBoard fork)	2026-09-30T15:14:04.2763052Z C/C++: /home/runner/work/daddyboard/daddyboard/daddyboard-main/app/src/main/jni/com_android_inputmethod_latin_BinaryDictionary.cpp:181:46: note: declared here
build	Build DaddyBoard (HeliBoard fork)	2026-09-30T15:14:04.2764131Z C/C++:   181 |         jintArray inputCodePointsArray, jint inputSize, jintArray suggestOptions,
build	Build DaddyBoard (HeliBoard fork)	2026-09-30T15:14:04.2764703Z C/C++:       |                                              ^
build	Build DaddyBoard (HeliBoard fork)	2026-09-30T15:14:04.2765860Z C/C++: /home/runner/work/daddyboard/daddyboard/daddyboard-main/app/src/main/jni/com_android_inputmethod_latin_BinaryDictionary.cpp:203:20: warning: variable length arrays in C++ are a Clang extension [-Wvla-cxx-extension]
build	Build DaddyBoard (HeliBoard fork)	2026-09-30T15:14:04.2766999Z C/C++:   203 |     int pointerIds[inputSize];
build	Build DaddyBoard (HeliBoard fork)	2026-09-30T15:14:04.2767362Z C/C++:       |                    ^~~~~~~~~
build	Build DaddyBoard (HeliBoard fork)	2026-09-30T15:14:04.2768797Z C/C++: /home/runner/work/daddyboard/daddyboard/daddyboard-main/app/src/main/jni/com_android_inputmethod_latin_BinaryDictionary.cpp:203:20: note: function parameter 'inputSize' with unknown value cannot be used in a constant expression
build	Build DaddyBoard (HeliBoard fork)	2026-09-30T15:14:04.2770456Z C/C++: /home/runner/work/daddyboard/daddyboard/daddyboard-main/app/src/main/jni/com_android_inputmethod_latin_BinaryDictionary.cpp:181:46: note: declared here
build	Build DaddyBoard (HeliBoard fork)	2026-09-30T15:14:04.2771719Z C/C++:   181 |         jintArray inputCodePointsArray, jint inputSize, jintArray suggestOptions,
build	Build DaddyBoard (HeliBoard fork)	2026-09-30T15:14:04.2772296Z C/C++:       |                                              ^
build	Build DaddyBoard (HeliBoard fork)	2026-09-30T15:14:04.2773579Z C/C++: /home/runner/work/daddyboard/daddyboard/daddyboard-main/app/src/main/jni/com_android_inputmethod_latin_BinaryDictionary.cpp:205:25: warning: variable length arrays in C++ are a Clang extension [-Wvla-cxx-extension]
build	Build DaddyBoard (HeliBoard fork)	2026-09-30T15:14:04.2774793Z C/C++:   205 |     int inputCodePoints[inputCodePointsLength];
build	Build DaddyBoard (HeliBoard fork)	2026-09-30T15:14:04.2775227Z C/C++:       |                         ^~~~~~~~~~~~~~~~~~~~~
build	Build DaddyBoard (HeliBoard fork)	2026-09-30T15:14:04.2776332Z C/C++: /home/runner/work/daddyboard/daddyboard/daddyboard-main/app/src/main/jni/com_android_inputmethod_latin_BinaryDictionary.cpp:205:25: note: initializer of 'inputCodePointsLength' is not a constant expression
build	Build DaddyBoard (HeliBoard fork)	2026-09-30T15:14:04.2777942Z C/C++: /home/runner/work/daddyboard/daddyboard/daddyboard-main/app/src/main/jni/com_android_inputmethod_latin_BinaryDictionary.cpp:204:17: note: declared here
build	Build DaddyBoard (HeliBoard fork)	2026-09-30T15:14:04.2780358Z C/C++:   204 |     const jsize inputCodePointsLength = env->GetArrayLength(inputCodePointsArray);
build	Build DaddyBoard (HeliBoard fork)	2026-09-30T15:14:04.2780934Z C/C++:       |                 ^
build	Build DaddyBoard (HeliBoard fork)	2026-09-30T15:14:04.2782117Z C/C++: /home/runner/work/daddyboard/daddyboard/daddyboard-main/app/src/main/jni/com_android_inputmethod_latin_BinaryDictionary.cpp:213:17: warning: variable length arrays in C++ are a Clang extension [-Wvla-cxx-extension]
build	Build DaddyBoard (HeliBoard fork)	2026-09-30T15:14:04.2783244Z C/C++:   213 |     int options[numberOfOptions];
build	Build DaddyBoard (HeliBoard fork)	2026-09-30T15:14:04.2783611Z C/C++:       |                 ^~~~~~~~~~~~~~~
build	Build DaddyBoard (HeliBoard fork)	2026-09-30T15:14:04.2784628Z C/C++: /home/runner/work/daddyboard/daddyboard/daddyboard-main/app/src/main/jni/com_android_inputmethod_latin_BinaryDictionary.cpp:213:17: note: initializer of 'numberOfOptions' is not a constant expression
build	Build DaddyBoard (HeliBoard fork)	2026-09-30T15:14:04.2786123Z C/C++: /home/runner/work/daddyboard/daddyboard/daddyboard-main/app/src/main/jni/com_android_inputmethod_latin_BinaryDictionary.cpp:212:17: note: declared here
build	Build DaddyBoard (HeliBoard fork)	2026-09-30T15:14:04.2787125Z C/C++:   212 |     const jsize numberOfOptions = env->GetArrayLength(suggestOptions);
build	Build DaddyBoard (HeliBoard fork)	2026-09-30T15:14:04.2787627Z C/C++:       |                 ^
build	Build DaddyBoard (HeliBoard fork)	2026-09-30T15:14:04.2788834Z C/C++: /home/runner/work/daddyboard/daddyboard/daddyboard-main/app/src/main/jni/com_android_inputmethod_latin_BinaryDictionary.cpp:268:20: warning: variable length arrays in C++ are a Clang extension [-Wvla-cxx-extension]
build	Build DaddyBoard (HeliBoard fork)	2026-09-30T15:14:04.2789999Z C/C++:   268 |     int codePoints[codePointCount];
build	Build DaddyBoard (HeliBoard fork)	2026-09-30T15:14:04.2790386Z C/C++:       |                    ^~~~~~~~~~~~~~
build	Build DaddyBoard (HeliBoard fork)	2026-09-30T15:14:04.2791529Z C/C++: /home/runner/work/daddyboard/daddyboard/daddyboard-main/app/src/main/jni/com_android_inputmethod_latin_BinaryDictionary.cpp:268:20: note: initializer of 'codePointCount' is not a constant expression
build	Build DaddyBoard (HeliBoard fork)	2026-09-30T15:14:04.2793073Z C/C++: /home/runner/work/daddyboard/daddyboard/daddyboard-main/app/src/main/jni/com_android_inputmethod_latin_BinaryDictionary.cpp:267:17: note: declared here
build	Build DaddyBoard (HeliBoard fork)	2026-09-30T15:14:04.2794013Z C/C++:   267 |     const jsize codePointCount = env->GetArrayLength(word);
build	Build DaddyBoard (HeliBoard fork)	2026-09-30T15:14:04.2794455Z C/C++:       |                 ^
build	Build DaddyBoard (HeliBoard fork)	2026-09-30T15:14:04.2795495Z C/C++: /home/runner/work/daddyboard/daddyboard/daddyboard-main/app/src/main/jni/com_android_inputmethod_latin_BinaryDictionary.cpp:278:20: warning: variable length arrays in C++ are a Clang extension [-Wvla-cxx-extension]
build	Build DaddyBoard (HeliBoard fork)	2026-09-30T15:14:04.2796631Z C/C++:   278 |     int codePoints[codePointCount];
build	Build DaddyBoard (HeliBoard fork)	2026-09-30T15:14:04.2796998Z C/C++:       |                    ^~~~~~~~~~~~~~
build	Build DaddyBoard (HeliBoard fork)	2026-09-30T15:14:04.2798042Z C/C++: /home/runner/work/daddyboard/daddyboard/daddyboard-main/app/src/main/jni/com_android_inputmethod_latin_BinaryDictionary.cpp:278:20: note: initializer of 'codePointCount' is not a constant expression
build	Build DaddyBoard (HeliBoard fork)	2026-09-30T15:14:04.2799859Z C/C++: /home/runner/work/daddyboard/daddyboard/daddyboard-main/app/src/main/jni/com_android_inputmethod_latin_BinaryDictionary.cpp:277:17: note: declared here
build	Build DaddyBoard (HeliBoard fork)	2026-09-30T15:14:04.2801026Z C/C++:   277 |     const jsize codePointCount = env->GetArrayLength(word);
build	Build DaddyBoard (HeliBoard fork)	2026-09-30T15:14:04.2801472Z C/C++:       |                 ^
build	Build DaddyBoard (HeliBoard fork)	2026-09-30T15:14:04.2802765Z C/C++: /home/runner/work/daddyboard/daddyboard/daddyboard-main/app/src/main/jni/com_android_inputmethod_latin_BinaryDictionary.cpp:290:24: warning: variable length arrays in C++ are a Clang extension [-Wvla-cxx-extension]
build	Build DaddyBoard (HeliBoard fork)	2026-09-30T15:14:04.2803919Z C/C++:   290 |     int wordCodePoints[wordLength];
build	Build DaddyBoard (HeliBoard fork)	2026-09-30T15:14:04.2804298Z C/C++:       |                        ^~~~~~~~~~
build	Build DaddyBoard (HeliBoard fork)	2026-09-30T15:14:04.2805330Z C/C++: /home/runner/work/daddyboard/daddyboard/daddyboard-main/app/src/main/jni/com_android_inputmethod_latin_BinaryDictionary.cpp:290:24: note: initializer of 'wordLength' is not a constant expression
build	Build DaddyBoard (HeliBoard fork)	2026-09-30T15:14:04.2806851Z C/C++: /home/runner/work/daddyboard/daddyboard/daddyboard-main/app/src/main/jni/com_android_inputmethod_latin_BinaryDictionary.cpp:289:17: note: declared here
build	Build DaddyBoard (HeliBoard fork)	2026-09-30T15:14:04.2807790Z C/C++:   289 |     const jsize wordLength = env->GetArrayLength(word);
build	Build DaddyBoard (HeliBoard fork)	2026-09-30T15:14:04.2808211Z C/C++:       |                 ^
build	Build DaddyBoard (HeliBoard fork)	2026-09-30T15:14:04.2809563Z C/C++: /home/runner/work/daddyboard/daddyboard/daddyboard-main/app/src/main/jni/com_android_inputmethod_latin_BinaryDictionary.cpp:312:24: warning: variable length arrays in C++ are a Clang extension [-Wvla-cxx-extension]
build	Build DaddyBoard (HeliBoard fork)	2026-09-30T15:14:04.2810744Z C/C++:   312 |     int wordCodePoints[codePointBufSize];
build	Build DaddyBoard (HeliBoard fork)	2026-09-30T15:14:04.2811144Z C/C++:       |                        ^~~~~~~~~~~~~~~~
build	Build DaddyBoard (HeliBoard fork)	2026-09-30T15:14:04.2812223Z C/C++: /home/runner/work/daddyboard/daddyboard/daddyboard-main/app/src/main/jni/com_android_inputmethod_latin_BinaryDictionary.cpp:312:24: note: initializer of 'codePointBufSize' is not a constant expression
build	Build DaddyBoard (HeliBoard fork)	2026-09-30T15:14:04.2813794Z C/C++: /home/runner/work/daddyboard/daddyboard/daddyboard-main/app/src/main/jni/com_android_inputmethod_latin_BinaryDictionary.cpp:306:17: note: declared here
build	Build DaddyBoard (HeliBoard fork)	2026-09-30T15:14:04.2814813Z C/C++:   306 |     const jsize codePointBufSize = env->GetArrayLength(outCodePoints);
build	Build DaddyBoard (HeliBoard fork)	2026-09-30T15:14:04.2815313Z C/C++:       |                 ^
build	Build DaddyBoard (HeliBoard fork)	2026-09-30T15:14:04.2816391Z C/C++: /home/runner/work/daddyboard/daddyboard/daddyboard-main/app/src/main/jni/com_android_inputmethod_latin_BinaryDictionary.cpp:368:20: warning: variable length arrays in C++ are a Clang extension [-Wvla-cxx-extension]
build	Build DaddyBoard (HeliBoard fork)	2026-09-30T15:14:04.2817534Z C/C++:   368 |     int codePoints[codePointCount];
build	Build DaddyBoard (HeliBoard fork)	2026-09-30T15:14:04.2817890Z C/C++:       |                    ^~~~~~~~~~~~~~
build	Build DaddyBoard (HeliBoard fork)	2026-09-30T15:14:04.2819149Z C/C++: /home/runner/work/daddyboard/daddyboard/daddyboard-main/app/src/main/jni/com_android_inputmethod_latin_BinaryDictionary.cpp:368:20: note: read of non-const variable 'codePointCount' is not allowed in a constant expression
build	Build DaddyBoard (HeliBoard fork)	2026-09-30T15:14:04.2820836Z C/C++: /home/runner/work/daddyboard/daddyboard/daddyboard-main/app/src/main/jni/com_android_inputmethod_latin_BinaryDictionary.cpp:367:11: note: declared here
build	Build DaddyBoard (HeliBoard fork)	2026-09-30T15:14:04.2821783Z C/C++:   367 |     jsize codePointCount = env->GetArrayLength(word);
build	Build DaddyBoard (HeliBoard fork)	2026-09-30T15:14:04.2822207Z C/C++:       |           ^
build	Build DaddyBoard (HeliBoard fork)	2026-09-30T15:14:04.2823278Z C/C++: /home/runner/work/daddyboard/daddyboard/daddyboard-main/app/src/main/jni/com_android_inputmethod_latin_BinaryDictionary.cpp:393:20: warning: variable length arrays in C++ are a Clang extension [-Wvla-cxx-extension]
build	Build DaddyBoard (HeliBoard fork)	2026-09-30T15:14:04.2824438Z C/C++:   393 |     int codePoints[codePointCount];
build	Build DaddyBoard (HeliBoard fork)	2026-09-30T15:14:04.2824810Z C/C++:       |                    ^~~~~~~~~~~~~~
build	Build DaddyBoard (HeliBoard fork)	2026-09-30T15:14:04.2825964Z C/C++: /home/runner/work/daddyboard/daddyboard/daddyboard-main/app/src/main/jni/com_android_inputmethod_latin_BinaryDictionary.cpp:393:20: note: read of non-const variable 'codePointCount' is not allowed in a constant expression
build	Build DaddyBoard (HeliBoard fork)	2026-09-30T15:14:04.2827630Z C/C++: /home/runner/work/daddyboard/daddyboard/daddyboard-main/app/src/main/jni/com_android_inputmethod_latin_BinaryDictionary.cpp:392:11: note: declared here
build	Build DaddyBoard (HeliBoard fork)	2026-09-30T15:14:04.2830702Z C/C++:   392 |     jsize codePointCount = env->GetArrayLength(word);
build	Build DaddyBoard (HeliBoard fork)	2026-09-30T15:14:04.2831141Z C/C++:       |           ^
build	Build DaddyBoard (HeliBoard fork)	2026-09-30T15:14:04.2832243Z C/C++: /home/runner/work/daddyboard/daddyboard/daddyboard-main/app/src/main/jni/com_android_inputmethod_latin_BinaryDictionary.cpp:409:24: warning: variable length arrays in C++ are a Clang extension [-Wvla-cxx-extension]
build	Build DaddyBoard (HeliBoard fork)	2026-09-30T15:14:04.2833911Z C/C++:   409 |     int wordCodePoints[wordLength];
build	Build DaddyBoard (HeliBoard fork)	2026-09-30T15:14:04.2834281Z C/C++:       |                        ^~~~~~~~~~
build	Build DaddyBoard (HeliBoard fork)	2026-09-30T15:14:04.2835422Z C/C++: /home/runner/work/daddyboard/daddyboard/daddyboard-main/app/src/main/jni/com_android_inputmethod_latin_BinaryDictionary.cpp:409:24: note: read of non-const variable 'wordLength' is not allowed in a constant expression
build	Build DaddyBoard (HeliBoard fork)	2026-09-30T15:14:04.2837081Z C/C++: /home/runner/work/daddyboard/daddyboard/daddyboard-main/app/src/main/jni/com_android_inputmethod_latin_BinaryDictionary.cpp:408:11: note: declared here
build	Build DaddyBoard (HeliBoard fork)	2026-09-30T15:14:04.2838089Z C/C++:   408 |     jsize wordLength = env->GetArrayLength(word);
build	Build DaddyBoard (HeliBoard fork)	2026-09-30T15:14:04.2838614Z C/C++:       |           ^
build	Build DaddyBoard (HeliBoard fork)	2026-09-30T15:14:04.2839669Z C/C++: /home/runner/work/daddyboard/daddyboard/daddyboard-main/app/src/main/jni/com_android_inputmethod_latin_BinaryDictionary.cpp:429:24: warning: variable length arrays in C++ are a Clang extension [-Wvla-cxx-extension]
build	Build DaddyBoard (HeliBoard fork)	2026-09-30T15:14:04.2840832Z C/C++:   429 |     int wordCodePoints[codePointCount];
build	Build DaddyBoard (HeliBoard fork)	2026-09-30T15:14:04.2841221Z C/C++:       |                        ^~~~~~~~~~~~~~
build	Build DaddyBoard (HeliBoard fork)	2026-09-30T15:14:04.2842380Z C/C++: /home/runner/work/daddyboard/daddyboard/daddyboard-main/app/src/main/jni/com_android_inputmethod_latin_BinaryDictionary.cpp:429:24: note: read of non-const variable 'codePointCount' is not allowed in a constant expression
build	Build DaddyBoard (HeliBoard fork)	2026-09-30T15:14:04.2844057Z C/C++: /home/runner/work/daddyboard/daddyboard/daddyboard-main/app/src/main/jni/com_android_inputmethod_latin_BinaryDictionary.cpp:428:11: note: declared here
build	Build DaddyBoard (HeliBoard fork)	2026-09-30T15:14:04.2844996Z C/C++:   428 |     jsize codePointCount = env->GetArrayLength(word);
build	Build DaddyBoard (HeliBoard fork)	2026-09-30T15:14:04.2845406Z C/C++:       |           ^
build	Build DaddyBoard (HeliBoard fork)	2026-09-30T15:14:04.2846466Z C/C++: /home/runner/work/daddyboard/daddyboard/daddyboard-main/app/src/main/jni/com_android_inputmethod_latin_BinaryDictionary.cpp:447:24: warning: variable length arrays in C++ are a Clang extension [-Wvla-cxx-extension]
build	Build DaddyBoard (HeliBoard fork)	2026-09-30T15:14:04.2847630Z C/C++:   447 |     int wordCodePoints[codePointCount];
build	Build DaddyBoard (HeliBoard fork)	2026-09-30T15:14:04.2848010Z C/C++:       |                        ^~~~~~~~~~~~~~
build	Build DaddyBoard (HeliBoard fork)	2026-09-30T15:14:04.2849465Z C/C++: /home/runner/work/daddyboard/daddyboard/daddyboard-main/app/src/main/jni/com_android_inputmethod_latin_BinaryDictionary.cpp:447:24: note: read of non-const variable 'codePointCount' is not allowed in a constant expression
build	Build DaddyBoard (HeliBoard fork)	2026-09-30T15:14:04.2851129Z C/C++: /home/runner/work/daddyboard/daddyboard/daddyboard-main/app/src/main/jni/com_android_inputmethod_latin_BinaryDictionary.cpp:446:11: note: declared here
build	Build DaddyBoard (HeliBoard fork)	2026-09-30T15:14:04.2852068Z C/C++:   446 |     jsize codePointCount = env->GetArrayLength(word);
build	Build DaddyBoard (HeliBoard fork)	2026-09-30T15:14:04.2852489Z C/C++:       |           ^
build	Build DaddyBoard (HeliBoard fork)	2026-09-30T15:14:04.2853519Z C/C++: /home/runner/work/daddyboard/daddyboard/daddyboard-main/app/src/main/jni/com_android_inputmethod_latin_BinaryDictionary.cpp:484:28: warning: variable length arrays in C++ are a Clang extension [-Wvla-cxx-extension]
build	Build DaddyBoard (HeliBoard fork)	2026-09-30T15:14:04.2854658Z C/C++:   484 |         int wordCodePoints[wordLength];
build	Build DaddyBoard (HeliBoard fork)	2026-09-30T15:14:04.2855034Z C/C++:       |                            ^~~~~~~~~~
build	Build DaddyBoard (HeliBoard fork)	2026-09-30T15:14:04.2856146Z C/C++: /home/runner/work/daddyboard/daddyboard/daddyboard-main/app/src/main/jni/com_android_inputmethod_latin_BinaryDictionary.cpp:484:28: note: read of non-const variable 'wordLength' is not allowed in a constant expression
build	Build DaddyBoard (HeliBoard fork)	2026-09-30T15:14:04.2857740Z C/C++: /home/runner/work/daddyboard/daddyboard/daddyboard-main/app/src/main/jni/com_android_inputmethod_latin_BinaryDictionary.cpp:483:15: note: declared here
build	Build DaddyBoard (HeliBoard fork)	2026-09-30T15:14:04.2858843Z C/C++:   483 |         jsize wordLength = env->GetArrayLength(targetWord);
build	Build DaddyBoard (HeliBoard fork)	2026-09-30T15:14:04.2859422Z C/C++:       |               ^
build	Build DaddyBoard (HeliBoard fork)	2026-09-30T15:14:04.2860503Z C/C++: /home/runner/work/daddyboard/daddyboard/daddyboard-main/app/src/main/jni/com_android_inputmethod_latin_BinaryDictionary.cpp:518:21: warning: variable length arrays in C++ are a Clang extension [-Wvla-cxx-extension]
build	Build DaddyBoard (HeliBoard fork)	2026-09-30T15:14:04.2862364Z C/C++:   518 |     char queryChars[queryUtf8Length + 1];
build	Build DaddyBoard (HeliBoard fork)	2026-09-30T15:14:04.2862757Z C/C++:       |                     ^~~~~~~~~~~~~~~~~~~
build	Build DaddyBoard (HeliBoard fork)	2026-09-30T15:14:04.2863871Z C/C++: /home/runner/work/daddyboard/daddyboard/daddyboard-main/app/src/main/jni/com_android_inputmethod_latin_BinaryDictionary.cpp:518:21: note: initializer of 'queryUtf8Length' is not a constant expression
build	Build DaddyBoard (HeliBoard fork)	2026-09-30T15:14:04.2865446Z C/C++: /home/runner/work/daddyboard/daddyboard/daddyboard-main/app/src/main/jni/com_android_inputmethod_latin_BinaryDictionary.cpp:517:17: note: declared here
build	Build DaddyBoard (HeliBoard fork)	2026-09-30T15:14:04.2866432Z C/C++:   517 |     const jsize queryUtf8Length = env->GetStringUTFLength(query);
build	Build DaddyBoard (HeliBoard fork)	2026-09-30T15:14:04.2866902Z C/C++:       |                 ^
build	Build DaddyBoard (HeliBoard fork)	2026-09-30T15:14:04.2867911Z C/C++: /home/runner/work/daddyboard/daddyboard/daddyboard-main/app/src/main/jni/com_android_inputmethod_latin_BinaryDictionary.cpp:552:28: warning: variable length arrays in C++ are a Clang extension [-Wvla-cxx-extension]
build	Build DaddyBoard (HeliBoard fork)	2026-09-30T15:14:04.2869252Z C/C++:   552 |     char dictFilePathChars[filePathUtf8Length + 1];
build	Build DaddyBoard (HeliBoard fork)	2026-09-30T15:14:04.2869675Z C/C++:       |                            ^~~~~~~~~~~~~~~~~~~~~~
build	Build DaddyBoard (HeliBoard fork)	2026-09-30T15:14:04.2870707Z C/C++: /home/runner/work/daddyboard/daddyboard/daddyboard-main/app/src/main/jni/com_android_inputmethod_latin_BinaryDictionary.cpp:552:28: note: initializer of 'filePathUtf8Length' is not a constant expression
build	Build DaddyBoard (HeliBoard fork)	2026-09-30T15:14:04.2872176Z C/C++: /home/runner/work/daddyboard/daddyboard/daddyboard-main/app/src/main/jni/com_android_inputmethod_latin_BinaryDictionary.cpp:551:17: note: declared here
build	Build DaddyBoard (HeliBoard fork)	2026-09-30T15:14:04.2873154Z C/C++:   551 |     const jsize filePathUtf8Length = env->GetStringUTFLength(dictFilePath);
build	Build DaddyBoard (HeliBoard fork)	2026-09-30T15:14:04.2873639Z C/C++:       |                 ^
build	Build DaddyBoard (HeliBoard fork)	2026-09-30T15:14:04.2874391Z C/C++: In file included from /home/runner/work/daddyboard/daddyboard/daddyboard-main/app/src/main/jni/com_android_inputmethod_latin_BinaryDictionary.cpp:26:
build	Build DaddyBoard (HeliBoard fork)	2026-09-30T15:14:04.2875587Z C/C++: In file included from /home/runner/work/daddyboard/daddyboard/daddyboard-main/app/src/main/jni/src/dictionary/property/ngram_context.h:23:
build	Build DaddyBoard (HeliBoard fork)	2026-09-30T15:14:04.2877248Z C/C++: /home/runner/work/daddyboard/daddyboard/daddyboard-main/app/src/main/jni/src/utils/int_array_view.h:160:5: warning: definition of implicit copy constructor for 'IntArrayView' is deprecated because it has a user-declared copy assignment operator [-Wdeprecated-copy]
build	Build DaddyBoard (HeliBoard fork)	2026-09-30T15:14:04.2878829Z C/C++:   160 |     DISALLOW_ASSIGNMENT_OPERATOR(IntArrayView);
build	Build DaddyBoard (HeliBoard fork)	2026-09-30T15:14:04.2879222Z C/C++:       |     ^
build	Build DaddyBoard (HeliBoard fork)	2026-09-30T15:14:04.2879985Z C/C++: /home/runner/work/daddyboard/daddyboard/daddyboard-main/app/src/main/jni/src/defines.h:289:8: note: expanded from macro 'DISALLOW_ASSIGNMENT_OPERATOR'
build	Build DaddyBoard (HeliBoard fork)	2026-09-30T15:14:04.2880878Z C/C++:   289 |   void operator=(const TypeName&) = delete
build	Build DaddyBoard (HeliBoard fork)	2026-09-30T15:14:04.2881251Z C/C++:       |        ^
build	Build DaddyBoard (HeliBoard fork)	2026-09-30T15:14:04.2882362Z C/C++: /usr/local/lib/android/sdk/ndk/28.0.13004108/toolchains/llvm/prebuilt/linux-x86_64/sysroot/usr/include/c++/v1/__memory/allocator.h:173:24: note: in implicit copy constructor for 'latinime::IntArrayView' first required here
build	Build DaddyBoard (HeliBoard fork)	2026-09-30T15:14:04.2883588Z C/C++:   173 |     ::new ((void*)__p) _Up(std::forward<_Args>(__args)...);
build	Build DaddyBoard (HeliBoard fork)	2026-09-30T15:14:04.2884019Z C/C++:       |                        ^
build	Build DaddyBoard (HeliBoard fork)	2026-09-30T15:14:04.2885612Z C/C++: /usr/local/lib/android/sdk/ndk/28.0.13004108/toolchains/llvm/prebuilt/linux-x86_64/sysroot/usr/include/c++/v1/__memory/allocator_traits.h:320:9: note: in instantiation of function template specialization 'std::allocator<latinime::IntArrayView>::construct<latinime::IntArrayView, latinime::IntArrayView>' requested here
build	Build DaddyBoard (HeliBoard fork)	2026-09-30T15:14:04.2887378Z C/C++:   320 |     __a.construct(__p, std::forward<_Args>(__args)...);
build	Build DaddyBoard (HeliBoard fork)	2026-09-30T15:14:04.2887777Z C/C++:       |         ^
build	Build DaddyBoard (HeliBoard fork)	2026-09-30T15:14:04.2889473Z C/C++: /usr/local/lib/android/sdk/ndk/28.0.13004108/toolchains/llvm/prebuilt/linux-x86_64/sysroot/usr/include/c++/v1/__memory/uninitialized_algorithms.h:639:33: note: in instantiation of function template specialization 'std::allocator_traits<std::allocator<latinime::IntArrayView>>::construct<latinime::IntArrayView, latinime::IntArrayView, 0>' requested here
build	Build DaddyBoard (HeliBoard fork)	2026-09-30T15:14:04.2891443Z C/C++:   639 |       allocator_traits<_Alloc>::construct(__alloc, __result, std::move(*__iter));
build	Build DaddyBoard (HeliBoard fork)	2026-09-30T15:14:04.2891949Z C/C++:       |                                 ^
build	Build DaddyBoard (HeliBoard fork)	2026-09-30T15:14:04.2893095Z C/C++: /usr/local/lib/android/sdk/ndk/28.0.13004108/toolchains/llvm/prebuilt/linux-x86_64/sysroot/usr/include/c++/v1/vector:1511:3: note: in instantiation of member function 'std::vector<latinime::IntArrayView>::__swap_out_circular_buffer' requested here
build	Build DaddyBoard (HeliBoard fork)	2026-09-30T15:14:04.2894269Z C/C++:  1511 |   __swap_out_circular_buffer(__v);
build	Build DaddyBoard (HeliBoard fork)	2026-09-30T15:14:04.2894592Z C/C++:       |   ^
build	Build DaddyBoard (HeliBoard fork)	2026-09-30T15:14:04.2895974Z C/C++: /usr/local/lib/android/sdk/ndk/28.0.13004108/toolchains/llvm/prebuilt/linux-x86_64/sysroot/usr/include/c++/v1/vector:1529:13: note: in instantiation of function template specialization 'std::vector<latinime::IntArrayView>::__emplace_back_slow_path<const int *const &, const unsigned long &>' requested here
build	Build DaddyBoard (HeliBoard fork)	2026-09-30T15:14:04.2897540Z C/C++:  1529 |     __end = __emplace_back_slow_path(std::forward<_Args>(__args)...);
build	Build DaddyBoard (HeliBoard fork)	2026-09-30T15:14:04.2897996Z C/C++:       |             ^
build	Build DaddyBoard (HeliBoard fork)	2026-09-30T15:14:04.2899565Z C/C++: /home/runner/work/daddyboard/daddyboard/daddyboard-main/app/src/main/jni/src/utils/int_array_view.h:142:20: note: in instantiation of function template specialization 'std::vector<latinime::IntArrayView>::emplace_back<const int *const &, const unsigned long &>' requested here
build	Build DaddyBoard (HeliBoard fork)	2026-09-30T15:14:04.2900918Z C/C++:   142 |             result.emplace_back(mPtr, mSize);
build	Build DaddyBoard (HeliBoard fork)	2026-09-30T15:14:04.2901301Z C/C++:       |                    ^
build	Build DaddyBoard (HeliBoard fork)	2026-09-30T15:14:04.2902091Z C/C++: In file included from /home/runner/work/daddyboard/daddyboard/daddyboard-main/app/src/main/jni/com_android_inputmethod_latin_BinaryDictionary.cpp:27:
build	Build DaddyBoard (HeliBoard fork)	2026-09-30T15:14:04.2903373Z C/C++: In file included from /home/runner/work/daddyboard/daddyboard/daddyboard-main/app/src/main/jni/src/dictionary/property/word_property.h:23:
build	Build DaddyBoard (HeliBoard fork)	2026-09-30T15:14:04.2905201Z C/C++: /home/runner/work/daddyboard/daddyboard/daddyboard-main/app/src/main/jni/src/dictionary/property/ngram_property.h:54:5: warning: definition of implicit copy constructor for 'NgramProperty' is deprecated because it has a user-declared copy assignment operator [-Wdeprecated-copy]
build	Build DaddyBoard (HeliBoard fork)	2026-09-30T15:14:04.2906637Z C/C++:    54 |     DISALLOW_ASSIGNMENT_OPERATOR(NgramProperty);
build	Build DaddyBoard (HeliBoard fork)	2026-09-30T15:14:04.2907031Z C/C++:       |     ^
build	Build DaddyBoard (HeliBoard fork)	2026-09-30T15:14:04.2907747Z C/C++: /home/runner/work/daddyboard/daddyboard/daddyboard-main/app/src/main/jni/src/defines.h:289:8: note: expanded from macro 'DISALLOW_ASSIGNMENT_OPERATOR'
build	Build DaddyBoard (HeliBoard fork)	2026-09-30T15:14:04.2908847Z C/C++:   289 |   void operator=(const TypeName&) = delete
build	Build DaddyBoard (HeliBoard fork)	2026-09-30T15:14:04.2909229Z C/C++:       |        ^
build	Build DaddyBoard (HeliBoard fork)	2026-09-30T15:14:04.2910333Z C/C++: /usr/local/lib/android/sdk/ndk/28.0.13004108/toolchains/llvm/prebuilt/linux-x86_64/sysroot/usr/include/c++/v1/__memory/allocator.h:173:24: note: in implicit copy constructor for 'latinime::NgramProperty' first required here
build	Build DaddyBoard (HeliBoard fork)	2026-09-30T15:14:04.2911549Z C/C++:   173 |     ::new ((void*)__p) _Up(std::forward<_Args>(__args)...);
build	Build DaddyBoard (HeliBoard fork)	2026-09-30T15:14:04.2911972Z C/C++:       |                        ^
build	Build DaddyBoard (HeliBoard fork)	2026-09-30T15:14:04.2913554Z C/C++: /usr/local/lib/android/sdk/ndk/28.0.13004108/toolchains/llvm/prebuilt/linux-x86_64/sysroot/usr/include/c++/v1/__memory/allocator_traits.h:320:9: note: in instantiation of function template specialization 'std::allocator<latinime::NgramProperty>::construct<latinime::NgramProperty, latinime::NgramProperty &>' requested here
build	Build DaddyBoard (HeliBoard fork)	2026-09-30T15:14:04.2915472Z C/C++:   320 |     __a.construct(__p, std::forward<_Args>(__args)...);
build	Build DaddyBoard (HeliBoard fork)	2026-09-30T15:14:04.2915877Z C/C++:       |         ^
build	Build DaddyBoard (HeliBoard fork)	2026-09-30T15:14:04.2917578Z C/C++: /usr/local/lib/android/sdk/ndk/28.0.13004108/toolchains/llvm/prebuilt/linux-x86_64/sysroot/usr/include/c++/v1/__memory/uninitialized_algorithms.h:551:31: note: in instantiation of function template specialization 'std::allocator_traits<std::allocator<latinime::NgramProperty>>::construct<latinime::NgramProperty, latinime::NgramProperty &, 0>' requested here
build	Build DaddyBoard (HeliBoard fork)	2026-09-30T15:14:04.2919905Z C/C++:   551 |     allocator_traits<_Alloc>::construct(__alloc, std::__to_address(__first2), *__first1);
build	Build DaddyBoard (HeliBoard fork)	2026-09-30T15:14:04.2920476Z C/C++:       |                               ^
build	Build DaddyBoard (HeliBoard fork)	2026-09-30T15:14:04.2922378Z C/C++: /usr/local/lib/android/sdk/ndk/28.0.13004108/toolchains/llvm/prebuilt/linux-x86_64/sysroot/usr/include/c++/v1/__memory/uninitialized_algorithms.h:594:33: note: in instantiation of function template specialization 'std::__uninitialized_allocator_copy_impl<std::allocator<latinime::NgramProperty>, latinime::NgramProperty *, latinime::NgramProperty *, latinime::NgramProperty *>' requested here
build	Build DaddyBoard (HeliBoard fork)	2026-09-30T15:14:04.2924404Z C/C++:   594 |   auto __result          = std::__uninitialized_allocator_copy_impl(
build	Build DaddyBoard (HeliBoard fork)	2026-09-30T15:14:04.2924894Z C/C++:       |                                 ^
build	Build DaddyBoard (HeliBoard fork)	2026-09-30T15:14:04.2926638Z C/C++: /usr/local/lib/android/sdk/ndk/28.0.13004108/toolchains/llvm/prebuilt/linux-x86_64/sysroot/usr/include/c++/v1/vector:1100:22: note: in instantiation of function template specialization 'std::__uninitialized_allocator_copy<std::allocator<latinime::NgramProperty>, latinime::NgramProperty *, latinime::NgramProperty *, latinime::NgramProperty *>' requested here
build	Build DaddyBoard (HeliBoard fork)	2026-09-30T15:14:04.2928714Z C/C++:  1100 |   __tx.__pos_ = std::__uninitialized_allocator_copy(__alloc(), __first, __last, __tx.__pos_);
build	Build DaddyBoard (HeliBoard fork)	2026-09-30T15:14:04.2929283Z C/C++:       |                      ^
build	Build DaddyBoard (HeliBoard fork)	2026-09-30T15:14:04.2930783Z C/C++: /usr/local/lib/android/sdk/ndk/28.0.13004108/toolchains/llvm/prebuilt/linux-x86_64/sysroot/usr/include/c++/v1/vector:761:7: note: in instantiation of function template specialization 'std::vector<latinime::NgramProperty>::__construct_at_end<latinime::NgramProperty *, latinime::NgramProperty *>' requested here
build	Build DaddyBoard (HeliBoard fork)	2026-09-30T15:14:04.2932364Z C/C++:   761 |       __construct_at_end(__first, __last, __n);
build	Build DaddyBoard (HeliBoard fork)	2026-09-30T15:14:04.2932740Z C/C++:       |       ^
build	Build DaddyBoard (HeliBoard fork)	2026-09-30T15:14:04.2934182Z C/C++: /usr/local/lib/android/sdk/ndk/28.0.13004108/toolchains/llvm/prebuilt/linux-x86_64/sysroot/usr/include/c++/v1/vector:1213:3: note: in instantiation of function template specialization 'std::vector<latinime::NgramProperty>::__init_with_size<latinime::NgramProperty *, latinime::NgramProperty *>' requested here
build	Build DaddyBoard (HeliBoard fork)	2026-09-30T15:14:04.2935771Z C/C++:  1213 |   __init_with_size(__x.__begin_, __x.__end_, __x.size());
build	Build DaddyBoard (HeliBoard fork)	2026-09-30T15:14:04.2936181Z C/C++:       |   ^
build	Build DaddyBoard (HeliBoard fork)	2026-09-30T15:14:04.2937279Z C/C++: /home/runner/work/daddyboard/daddyboard/daddyboard-main/app/src/main/jni/src/dictionary/property/word_property.h:39:15: note: in instantiation of member function 'std::vector<latinime::NgramProperty>::vector' requested here
build	Build DaddyBoard (HeliBoard fork)	2026-09-30T15:14:04.2938747Z C/C++:    39 |               mNgrams(ngrams) {}
build	Build DaddyBoard (HeliBoard fork)	2026-09-30T15:14:04.2939093Z C/C++:       |               ^
build	Build DaddyBoard (HeliBoard fork)	2026-09-30T15:14:04.3039088Z C/C++: 29 warnings generated.
build	Build DaddyBoard (HeliBoard fork)	2026-09-30T15:14:04.8001048Z C/C++: In file included from /home/runner/work/daddyboard/daddyboard/daddyboard-main/app/src/main/jni/com_android_inputmethod_latin_BinaryDictionaryUtils.cpp:27:
build	Build DaddyBoard (HeliBoard fork)	2026-09-30T15:14:04.8058724Z C/C++: In file included from /home/runner/work/daddyboard/daddyboard/daddyboard-main/app/src/main/jni/src/utils/jni_data_utils.h:26:
build	Build DaddyBoard (HeliBoard fork)	2026-09-30T15:14:04.8086278Z C/C++: In file included from /home/runner/work/daddyboard/daddyboard/daddyboard-main/app/src/main/jni/src/dictionary/property/word_property.h:23:
build	Build DaddyBoard (HeliBoard fork)	2026-09-30T15:14:04.8098113Z C/C++: In file included from /home/runner/work/daddyboard/daddyboard/daddyboard-main/app/src/main/jni/src/dictionary/property/ngram_property.h:23:
build	Build DaddyBoard (HeliBoard fork)	2026-09-30T15:14:04.8100928Z C/C++: /home/runner/work/daddyboard/daddyboard/daddyboard-main/app/src/main/jni/src/dictionary/property/historical_info.h:52:5: warning: definition of implicit copy constructor for 'HistoricalInfo' is deprecated because it has a user-declared copy assignment operator [-Wdeprecated-copy]
build	Build DaddyBoard (HeliBoard fork)	2026-09-30T15:14:04.8103103Z C/C++:    52 |     DISALLOW_ASSIGNMENT_OPERATOR(HistoricalInfo);
build	Build DaddyBoard (HeliBoard fork)	2026-09-30T15:14:04.8103691Z C/C++:       |     ^
build	Build DaddyBoard (HeliBoard fork)	2026-09-30T15:14:04.8104610Z C/C++: /home/runner/work/daddyboard/daddyboard/daddyboard-main/app/src/main/jni/src/defines.h:289:8: note: expanded from macro 'DISALLOW_ASSIGNMENT_OPERATOR'
build	Build DaddyBoard (HeliBoard fork)	2026-09-30T15:14:04.8105665Z C/C++:   289 |   void operator=(const TypeName&) = delete
build	Build DaddyBoard (HeliBoard fork)	2026-09-30T15:14:04.8106193Z C/C++:       |        ^
build	Build DaddyBoard (HeliBoard fork)	2026-09-30T15:14:04.8107434Z C/C++: /home/runner/work/daddyboard/daddyboard/daddyboard-main/app/src/main/jni/src/dictionary/property/ngram_property.h:33:42: note: in implicit copy constructor for 'latinime::HistoricalInfo' first required here
build	Build DaddyBoard (HeliBoard fork)	2026-09-30T15:14:04.8109037Z C/C++:    33 |               mProbability(probability), mHistoricalInfo(historicalInfo) {}
build	Build DaddyBoard (HeliBoard fork)	2026-09-30T15:14:04.8109754Z C/C++:       |                                          ^
build	Build DaddyBoard (HeliBoard fork)	2026-09-30T15:14:04.8110870Z C/C++: In file included from /home/runner/work/daddyboard/daddyboard/daddyboard-main/app/src/main/jni/com_android_inputmethod_latin_BinaryDictionaryUtils.cpp:27:
build	Build DaddyBoard (HeliBoard fork)	2026-09-30T15:14:04.8112411Z C/C++: In file included from /home/runner/work/daddyboard/daddyboard/daddyboard-main/app/src/main/jni/src/utils/jni_data_utils.h:26:
build	Build DaddyBoard (HeliBoard fork)	2026-09-30T15:14:04.8113849Z C/C++: In file included from /home/runner/work/daddyboard/daddyboard/daddyboard-main/app/src/main/jni/src/dictionary/property/word_property.h:24:
build	Build DaddyBoard (HeliBoard fork)	2026-09-30T15:14:04.8115946Z C/C++: /home/runner/work/daddyboard/daddyboard/daddyboard-main/app/src/main/jni/src/dictionary/property/unigram_property.h:126:5: warning: definition of implicit copy constructor for 'UnigramProperty' is deprecated because it has a user-declared copy assignment operator [-Wdeprecated-copy]
build	Build DaddyBoard (HeliBoard fork)	2026-09-30T15:14:04.8117733Z C/C++:   126 |     DISALLOW_ASSIGNMENT_OPERATOR(UnigramProperty);
build	Build DaddyBoard (HeliBoard fork)	2026-09-30T15:14:04.8118531Z C/C++:       |     ^
build	Build DaddyBoard (HeliBoard fork)	2026-09-30T15:14:04.8119497Z C/C++: /home/runner/work/daddyboard/daddyboard/daddyboard-main/app/src/main/jni/src/defines.h:289:8: note: expanded from macro 'DISALLOW_ASSIGNMENT_OPERATOR'
build	Build DaddyBoard (HeliBoard fork)	2026-09-30T15:14:04.8120579Z C/C++:   289 |   void operator=(const TypeName&) = delete
build	Build DaddyBoard (HeliBoard fork)	2026-09-30T15:14:04.8121124Z C/C++:       |        ^
build	Build DaddyBoard (HeliBoard fork)	2026-09-30T15:14:04.8122483Z C/C++: /home/runner/work/daddyboard/daddyboard/daddyboard-main/app/src/main/jni/src/dictionary/property/word_property.h:38:51: note: in implicit copy constructor for 'latinime::UnigramProperty' first required here
build	Build DaddyBoard (HeliBoard fork)	2026-09-30T15:14:04.8123980Z C/C++:    38 |             : mCodePoints(std::move(codePoints)), mUnigramProperty(unigramProperty),
build	Build DaddyBoard (HeliBoard fork)	2026-09-30T15:14:04.8124795Z C/C++:       |                                                   ^
build	Build DaddyBoard (HeliBoard fork)	2026-09-30T15:14:04.8125890Z C/C++: In file included from /home/runner/work/daddyboard/daddyboard/daddyboard-main/app/src/main/jni/com_android_inputmethod_latin_BinaryDictionaryUtils.cpp:27:
build	Build DaddyBoard (HeliBoard fork)	2026-09-30T15:14:04.8127612Z C/C++: /home/runner/work/daddyboard/daddyboard/daddyboard-main/app/src/main/jni/src/utils/jni_data_utils.h:52:27: warning: variable length arrays in C++ are a Clang extension [-Wvla-cxx-extension]
build	Build DaddyBoard (HeliBoard fork)	2026-09-30T15:14:04.8129060Z C/C++:    52 |             char keyChars[keyUtf8Length + 1];
build	Build DaddyBoard (HeliBoard fork)	2026-09-30T15:14:04.8129655Z C/C++:       |                           ^~~~~~~~~~~~~~~~~
build	Build DaddyBoard (HeliBoard fork)	2026-09-30T15:14:04.8130782Z C/C++: /home/runner/work/daddyboard/daddyboard/daddyboard-main/app/src/main/jni/src/utils/jni_data_utils.h:52:27: note: initializer of 'keyUtf8Length' is not a constant expression
build	Build DaddyBoard (HeliBoard fork)	2026-09-30T15:14:04.8132311Z C/C++: /home/runner/work/daddyboard/daddyboard/daddyboard-main/app/src/main/jni/src/utils/jni_data_utils.h:51:25: note: declared here
build	Build DaddyBoard (HeliBoard fork)	2026-09-30T15:14:04.8133398Z C/C++:    51 |             const jsize keyUtf8Length = env->GetStringUTFLength(keyString);
build	Build DaddyBoard (HeliBoard fork)	2026-09-30T15:14:04.8134394Z C/C++:       |                         ^
build	Build DaddyBoard (HeliBoard fork)	2026-09-30T15:14:04.8135514Z C/C++: /home/runner/work/daddyboard/daddyboard/daddyboard-main/app/src/main/jni/src/utils/jni_data_utils.h:62:29: warning: variable length arrays in C++ are a Clang extension [-Wvla-cxx-extension]
build	Build DaddyBoard (HeliBoard fork)	2026-09-30T15:14:04.8136996Z C/C++:    62 |             char valueChars[valueUtf8Length + 1];
build	Build DaddyBoard (HeliBoard fork)	2026-09-30T15:14:04.8137577Z C/C++:       |                             ^~~~~~~~~~~~~~~~~~~
build	Build DaddyBoard (HeliBoard fork)	2026-09-30T15:14:04.8138880Z C/C++: /home/runner/work/daddyboard/daddyboard/daddyboard-main/app/src/main/jni/src/utils/jni_data_utils.h:62:29: note: initializer of 'valueUtf8Length' is not a constant expression
build	Build DaddyBoard (HeliBoard fork)	2026-09-30T15:14:04.8140430Z C/C++: /home/runner/work/daddyboard/daddyboard/daddyboard-main/app/src/main/jni/src/utils/jni_data_utils.h:61:25: note: declared here
build	Build DaddyBoard (HeliBoard fork)	2026-09-30T15:14:04.8141497Z C/C++:    61 |             const jsize valueUtf8Length = env->GetStringUTFLength(valueString);
build	Build DaddyBoard (HeliBoard fork)	2026-09-30T15:14:04.8142164Z C/C++:       |                         ^
build	Build DaddyBoard (HeliBoard fork)	2026-09-30T15:14:04.8143302Z C/C++: /home/runner/work/daddyboard/daddyboard/daddyboard-main/app/src/main/jni/src/utils/jni_data_utils.h:77:29: warning: variable length arrays in C++ are a Clang extension [-Wvla-cxx-extension]
build	Build DaddyBoard (HeliBoard fork)	2026-09-30T15:14:04.8144554Z C/C++:    77 |         int outputCodePonts[codePointBufSize];
build	Build DaddyBoard (HeliBoard fork)	2026-09-30T15:14:04.8145165Z C/C++:       |                             ^~~~~~~~~~~~~~~~
build	Build DaddyBoard (HeliBoard fork)	2026-09-30T15:14:04.8146291Z C/C++: /home/runner/work/daddyboard/daddyboard/daddyboard-main/app/src/main/jni/src/utils/jni_data_utils.h:77:29: note: initializer of 'codePointBufSize' is not a constant expression
build	Build DaddyBoard (HeliBoard fork)	2026-09-30T15:14:04.8147725Z C/C++: /home/runner/work/daddyboard/daddyboard/daddyboard-main/app/src/main/jni/src/utils/jni_data_utils.h:76:19: note: declared here
build	Build DaddyBoard (HeliBoard fork)	2026-09-30T15:14:04.8148814Z C/C++:    76 |         const int codePointBufSize = std::min(maxLength, codePointCount);
build	Build DaddyBoard (HeliBoard fork)	2026-09-30T15:14:04.8149375Z C/C++:       |                   ^
build	Build DaddyBoard (HeliBoard fork)	2026-09-30T15:14:04.8150506Z C/C++: /home/runner/work/daddyboard/daddyboard/daddyboard-main/app/src/main/jni/com_android_inputmethod_latin_BinaryDictionaryUtils.cpp:36:24: warning: variable length arrays in C++ are a Clang extension [-Wvla-cxx-extension]
build	Build DaddyBoard (HeliBoard fork)	2026-09-30T15:14:04.8151867Z C/C++:    36 |     char filePathChars[filePathUtf8Length + 1];
build	Build DaddyBoard (HeliBoard fork)	2026-09-30T15:14:04.8152468Z C/C++:       |                        ^~~~~~~~~~~~~~~~~~~~~~
build	Build DaddyBoard (HeliBoard fork)	2026-09-30T15:14:04.8153768Z C/C++: /home/runner/work/daddyboard/daddyboard/daddyboard-main/app/src/main/jni/com_android_inputmethod_latin_BinaryDictionaryUtils.cpp:36:24: note: initializer of 'filePathUtf8Length' is not a constant expression
build	Build DaddyBoard (HeliBoard fork)	2026-09-30T15:14:04.8155569Z C/C++: /home/runner/work/daddyboard/daddyboard/daddyboard-main/app/src/main/jni/com_android_inputmethod_latin_BinaryDictionaryUtils.cpp:35:17: note: declared here
build	Build DaddyBoard (HeliBoard fork)	2026-09-30T15:14:04.8156762Z C/C++:    35 |     const jsize filePathUtf8Length = env->GetStringUTFLength(filePath);
build	Build DaddyBoard (HeliBoard fork)	2026-09-30T15:14:04.8157447Z C/C++:       |                 ^
build	Build DaddyBoard (HeliBoard fork)	2026-09-30T15:14:04.8158940Z C/C++: /home/runner/work/daddyboard/daddyboard/daddyboard-main/app/src/main/jni/com_android_inputmethod_latin_BinaryDictionaryUtils.cpp:41:22: warning: variable length arrays in C++ are a Clang extension [-Wvla-cxx-extension]
build	Build DaddyBoard (HeliBoard fork)	2026-09-30T15:14:04.8160414Z C/C++:    41 |     char localeChars[localeUtf8Length + 1];
build	Build DaddyBoard (HeliBoard fork)	2026-09-30T15:14:04.8161012Z C/C++:       |                      ^~~~~~~~~~~~~~~~~~~~
build	Build DaddyBoard (HeliBoard fork)	2026-09-30T15:14:04.8162280Z C/C++: /home/runner/work/daddyboard/daddyboard/daddyboard-main/app/src/main/jni/com_android_inputmethod_latin_BinaryDictionaryUtils.cpp:41:22: note: initializer of 'localeUtf8Length' is not a constant expression
build	Build DaddyBoard (HeliBoard fork)	2026-09-30T15:14:04.8164118Z C/C++: /home/runner/work/daddyboard/daddyboard/daddyboard-main/app/src/main/jni/com_android_inputmethod_latin_BinaryDictionaryUtils.cpp:40:17: note: declared here
build	Build DaddyBoard (HeliBoard fork)	2026-09-30T15:14:04.8165351Z C/C++:    40 |     const jsize localeUtf8Length = env->GetStringUTFLength(locale);
build	Build DaddyBoard (HeliBoard fork)	2026-09-30T15:14:04.8166287Z C/C++:       |                 ^
build	Build DaddyBoard (HeliBoard fork)	2026-09-30T15:14:04.8167563Z C/C++: /home/runner/work/daddyboard/daddyboard/daddyboard-main/app/src/main/jni/com_android_inputmethod_latin_BinaryDictionaryUtils.cpp:63:26: warning: variable length arrays in C++ are a Clang extension [-Wvla-cxx-extension]
build	Build DaddyBoard (HeliBoard fork)	2026-09-30T15:14:04.8169371Z C/C++:    63 |     int beforeCodePoints[beforeLength];
build	Build DaddyBoard (HeliBoard fork)	2026-09-30T15:14:04.8169942Z C/C++:       |                          ^~~~~~~~~~~~
build	Build DaddyBoard (HeliBoard fork)	2026-09-30T15:14:04.8171261Z C/C++: /home/runner/work/daddyboard/daddyboard/daddyboard-main/app/src/main/jni/com_android_inputmethod_latin_BinaryDictionaryUtils.cpp:63:26: note: read of non-const variable 'beforeLength' is not allowed in a constant expression
build	Build DaddyBoard (HeliBoard fork)	2026-09-30T15:14:04.8173187Z C/C++: /home/runner/work/daddyboard/daddyboard/daddyboard-main/app/src/main/jni/com_android_inputmethod_latin_BinaryDictionaryUtils.cpp:61:11: note: declared here
build	Build DaddyBoard (HeliBoard fork)	2026-09-30T15:14:04.8174353Z C/C++:    61 |     jsize beforeLength = env->GetArrayLength(before);
build	Build DaddyBoard (HeliBoard fork)	2026-09-30T15:14:04.8174960Z C/C++:       |           ^
build	Build DaddyBoard (HeliBoard fork)	2026-09-30T15:14:04.8176212Z C/C++: /home/runner/work/daddyboard/daddyboard/daddyboard-main/app/src/main/jni/com_android_inputmethod_latin_BinaryDictionaryUtils.cpp:64:25: warning: variable length arrays in C++ are a Clang extension [-Wvla-cxx-extension]
build	Build DaddyBoard (HeliBoard fork)	2026-09-30T15:14:04.8177657Z C/C++:    64 |     int afterCodePoints[afterLength];
build	Build DaddyBoard (HeliBoard fork)	2026-09-30T15:14:04.8178403Z C/C++:       |                         ^~~~~~~~~~~
build	Build DaddyBoard (HeliBoard fork)	2026-09-30T15:14:04.8179849Z C/C++: /home/runner/work/daddyboard/daddyboard/daddyboard-main/app/src/main/jni/com_android_inputmethod_latin_BinaryDictionaryUtils.cpp:64:25: note: read of non-const variable 'afterLength' is not allowed in a constant expression
build	Build DaddyBoard (HeliBoard fork)	2026-09-30T15:14:04.8181815Z C/C++: /home/runner/work/daddyboard/daddyboard/daddyboard-main/app/src/main/jni/com_android_inputmethod_latin_BinaryDictionaryUtils.cpp:62:11: note: declared here
build	Build DaddyBoard (HeliBoard fork)	2026-09-30T15:14:04.8182987Z C/C++:    62 |     jsize afterLength = env->GetArrayLength(after);
build	Build DaddyBoard (HeliBoard fork)	2026-09-30T15:14:04.8183603Z C/C++:       |           ^
build	Build DaddyBoard (HeliBoard fork)	2026-09-30T15:14:04.9017595Z C/C++: In file included from /home/runner/work/daddyboard/daddyboard/daddyboard-main/app/src/main/jni/com_android_inputmethod_latin_BinaryDictionaryUtils.cpp:27:
build	Build DaddyBoard (HeliBoard fork)	2026-09-30T15:14:04.9069602Z C/C++: In file included from /home/runner/work/daddyboard/daddyboard/daddyboard-main/app/src/main/jni/src/utils/jni_data_utils.h:25:
build	Build DaddyBoard (HeliBoard fork)	2026-09-30T15:14:04.9070996Z C/C++: In file included from /home/runner/work/daddyboard/daddyboard/daddyboard-main/app/src/main/jni/src/dictionary/property/ngram_context.h:23:
build	Build DaddyBoard (HeliBoard fork)	2026-09-30T15:14:04.9073110Z C/C++: /home/runner/work/daddyboard/daddyboard/daddyboard-main/app/src/main/jni/src/utils/int_array_view.h:160:5: warning: definition of implicit copy constructor for 'IntArrayView' is deprecated because it has a user-declared copy assignment operator [-Wdeprecated-copy]
build	Build DaddyBoard (HeliBoard fork)	2026-09-30T15:14:04.9074953Z C/C++:   160 |     DISALLOW_ASSIGNMENT_OPERATOR(IntArrayView);
build	Build DaddyBoard (HeliBoard fork)	2026-09-30T15:14:04.9075526Z C/C++:       |     ^
build	Build DaddyBoard (HeliBoard fork)	2026-09-30T15:14:04.9076494Z C/C++: /home/runner/work/daddyboard/daddyboard/daddyboard-main/app/src/main/jni/src/defines.h:289:8: note: expanded from macro 'DISALLOW_ASSIGNMENT_OPERATOR'
build	Build DaddyBoard (HeliBoard fork)	2026-09-30T15:14:04.9077557Z C/C++:   289 |   void operator=(const TypeName&) = delete
build	Build DaddyBoard (HeliBoard fork)	2026-09-30T15:14:04.9078098Z C/C++:       |        ^
build	Build DaddyBoard (HeliBoard fork)	2026-09-30T15:14:04.9079565Z C/C++: /usr/local/lib/android/sdk/ndk/28.0.13004108/toolchains/llvm/prebuilt/linux-x86_64/sysroot/usr/include/c++/v1/__memory/allocator.h:173:24: note: in implicit copy constructor for 'latinime::IntArrayView' first required here
build	Build DaddyBoard (HeliBoard fork)	2026-09-30T15:14:04.9080945Z C/C++:   173 |     ::new ((void*)__p) _Up(std::forward<_Args>(__args)...);
build	Build DaddyBoard (HeliBoard fork)	2026-09-30T15:14:04.9081546Z C/C++:       |                        ^
build	Build DaddyBoard (HeliBoard fork)	2026-09-30T15:14:04.9083346Z C/C++: /usr/local/lib/android/sdk/ndk/28.0.13004108/toolchains/llvm/prebuilt/linux-x86_64/sysroot/usr/include/c++/v1/__memory/allocator_traits.h:320:9: note: in instantiation of function template specialization 'std::allocator<latinime::IntArrayView>::construct<latinime::IntArrayView, latinime::IntArrayView>' requested here
build	Build DaddyBoard (HeliBoard fork)	2026-09-30T15:14:04.9085716Z C/C++:   320 |     __a.construct(__p, std::forward<_Args>(__args)...);
build	Build DaddyBoard (HeliBoard fork)	2026-09-30T15:14:04.9086655Z C/C++:       |         ^
build	Build DaddyBoard (HeliBoard fork)	2026-09-30T15:14:04.9093910Z C/C++: /usr/local/lib/android/sdk/ndk/28.0.13004108/toolchains/llvm/prebuilt/linux-x86_64/sysroot/usr/include/c++/v1/__memory/uninitialized_algorithms.h:639:33: note: in instantiation of function template specialization 'std::allocator_traits<std::allocator<latinime::IntArrayView>>::construct<latinime::IntArrayView, latinime::IntArrayView, 0>' requested here
build	Build DaddyBoard (HeliBoard fork)	2026-09-30T15:14:04.9096055Z C/C++:   639 |       allocator_traits<_Alloc>::construct(__alloc, __result, std::move(*__iter));
build	Build DaddyBoard (HeliBoard fork)	2026-09-30T15:14:04.9096761Z C/C++:       |                                 ^
build	Build DaddyBoard (HeliBoard fork)	2026-09-30T15:14:04.9098176Z C/C++: /usr/local/lib/android/sdk/ndk/28.0.13004108/toolchains/llvm/prebuilt/linux-x86_64/sysroot/usr/include/c++/v1/vector:1511:3: note: in instantiation of member function 'std::vector<latinime::IntArrayView>::__swap_out_circular_buffer' requested here
build	Build DaddyBoard (HeliBoard fork)	2026-09-30T15:14:04.9099831Z C/C++:  1511 |   __swap_out_circular_buffer(__v);
build	Build DaddyBoard (HeliBoard fork)	2026-09-30T15:14:04.9100351Z C/C++:       |   ^
build	Build DaddyBoard (HeliBoard fork)	2026-09-30T15:14:04.9101936Z C/C++: /usr/local/lib/android/sdk/ndk/28.0.13004108/toolchains/llvm/prebuilt/linux-x86_64/sysroot/usr/include/c++/v1/vector:1529:13: note: in instantiation of function template specialization 'std::vector<latinime::IntArrayView>::__emplace_back_slow_path<const int *const &, const unsigned long &>' requested here
build	Build DaddyBoard (HeliBoard fork)	2026-09-30T15:14:04.9103728Z C/C++:  1529 |     __end = __emplace_back_slow_path(std::forward<_Args>(__args)...);
build	Build DaddyBoard (HeliBoard fork)	2026-09-30T15:14:04.9104362Z C/C++:       |             ^
build	Build DaddyBoard (HeliBoard fork)	2026-09-30T15:14:04.9105870Z C/C++: /home/runner/work/daddyboard/daddyboard/daddyboard-main/app/src/main/jni/src/utils/int_array_view.h:142:20: note: in instantiation of function template specialization 'std::vector<latinime::IntArrayView>::emplace_back<const int *const &, const unsigned long &>' requested here
build	Build DaddyBoard (HeliBoard fork)	2026-09-30T15:14:04.9107493Z C/C++:   142 |             result.emplace_back(mPtr, mSize);
build	Build DaddyBoard (HeliBoard fork)	2026-09-30T15:14:04.9108048Z C/C++:       |                    ^
build	Build DaddyBoard (HeliBoard fork)	2026-09-30T15:14:04.9109185Z C/C++: In file included from /home/runner/work/daddyboard/daddyboard/daddyboard-main/app/src/main/jni/com_android_inputmethod_latin_BinaryDictionaryUtils.cpp:27:
build	Build DaddyBoard (HeliBoard fork)	2026-09-30T15:14:04.9110623Z C/C++: In file included from /home/runner/work/daddyboard/daddyboard/daddyboard-main/app/src/main/jni/src/utils/jni_data_utils.h:26:
build	Build DaddyBoard (HeliBoard fork)	2026-09-30T15:14:04.9111983Z C/C++: In file included from /home/runner/work/daddyboard/daddyboard/daddyboard-main/app/src/main/jni/src/dictionary/property/word_property.h:23:
build	Build DaddyBoard (HeliBoard fork)	2026-09-30T15:14:04.9114157Z C/C++: /home/runner/work/daddyboard/daddyboard/daddyboard-main/app/src/main/jni/src/dictionary/property/ngram_property.h:54:5: warning: definition of implicit copy constructor for 'NgramProperty' is deprecated because it has a user-declared copy assignment operator [-Wdeprecated-copy]
build	Build DaddyBoard (HeliBoard fork)	2026-09-30T15:14:04.9115846Z C/C++:    54 |     DISALLOW_ASSIGNMENT_OPERATOR(NgramProperty);
build	Build DaddyBoard (HeliBoard fork)	2026-09-30T15:14:04.9116406Z C/C++:       |     ^
build	Build DaddyBoard (HeliBoard fork)	2026-09-30T15:14:04.9117341Z C/C++: /home/runner/work/daddyboard/daddyboard/daddyboard-main/app/src/main/jni/src/defines.h:289:8: note: expanded from macro 'DISALLOW_ASSIGNMENT_OPERATOR'
build	Build DaddyBoard (HeliBoard fork)	2026-09-30T15:14:04.9118526Z C/C++:   289 |   void operator=(const TypeName&) = delete
build	Build DaddyBoard (HeliBoard fork)	2026-09-30T15:14:04.9119201Z C/C++:       |        ^
build	Build DaddyBoard (HeliBoard fork)	2026-09-30T15:14:04.9120435Z C/C++: /usr/local/lib/android/sdk/ndk/28.0.13004108/toolchains/llvm/prebuilt/linux-x86_64/sysroot/usr/include/c++/v1/__memory/allocator.h:173:24: note: in implicit copy constructor for 'latinime::NgramProperty' first required here
build	Build DaddyBoard (HeliBoard fork)	2026-09-30T15:14:04.9121828Z C/C++:   173 |     ::new ((void*)__p) _Up(std::forward<_Args>(__args)...);
build	Build DaddyBoard (HeliBoard fork)	2026-09-30T15:14:04.9122411Z C/C++:       |                        ^
build	Build DaddyBoard (HeliBoard fork)	2026-09-30T15:14:04.9124162Z C/C++: /usr/local/lib/android/sdk/ndk/28.0.13004108/toolchains/llvm/prebuilt/linux-x86_64/sysroot/usr/include/c++/v1/__memory/allocator_traits.h:320:9: note: in instantiation of function template specialization 'std::allocator<latinime::NgramProperty>::construct<latinime::NgramProperty, latinime::NgramProperty &>' requested here
build	Build DaddyBoard (HeliBoard fork)	2026-09-30T15:14:04.9126344Z C/C++:   320 |     __a.construct(__p, std::forward<_Args>(__args)...);
build	Build DaddyBoard (HeliBoard fork)	2026-09-30T15:14:04.9126916Z C/C++:       |         ^
build	Build DaddyBoard (HeliBoard fork)	2026-09-30T15:14:04.9128905Z C/C++: /usr/local/lib/android/sdk/ndk/28.0.13004108/toolchains/llvm/prebuilt/linux-x86_64/sysroot/usr/include/c++/v1/__memory/uninitialized_algorithms.h:551:31: note: in instantiation of function template specialization 'std::allocator_traits<std::allocator<latinime::NgramProperty>>::construct<latinime::NgramProperty, latinime::NgramProperty &, 0>' requested here
build	Build DaddyBoard (HeliBoard fork)	2026-09-30T15:14:04.9131191Z C/C++:   551 |     allocator_traits<_Alloc>::construct(__alloc, std::__to_address(__first2), *__first1);
build	Build DaddyBoard (HeliBoard fork)	2026-09-30T15:14:04.9137526Z C/C++:       |                               ^
build	Build DaddyBoard (HeliBoard fork)	2026-09-30T15:14:04.9139830Z C/C++: /usr/local/lib/android/sdk/ndk/28.0.13004108/toolchains/llvm/prebuilt/linux-x86_64/sysroot/usr/include/c++/v1/__memory/uninitialized_algorithms.h:594:33: note: in instantiation of function template specialization 'std::__uninitialized_allocator_copy_impl<std::allocator<latinime::NgramProperty>, latinime::NgramProperty *, latinime::NgramProperty *, latinime::NgramProperty *>' requested here
build	Build DaddyBoard (HeliBoard fork)	2026-09-30T15:14:04.9142087Z C/C++:   594 |   auto __result          = std::__uninitialized_allocator_copy_impl(
build	Build DaddyBoard (HeliBoard fork)	2026-09-30T15:14:04.9142744Z C/C++:       |                                 ^
build	Build DaddyBoard (HeliBoard fork)	2026-09-30T15:14:04.9144680Z C/C++: /usr/local/lib/android/sdk/ndk/28.0.13004108/toolchains/llvm/prebuilt/linux-x86_64/sysroot/usr/include/c++/v1/vector:1100:22: note: in instantiation of function template specialization 'std::__uninitialized_allocator_copy<std::allocator<latinime::NgramProperty>, latinime::NgramProperty *, latinime::NgramProperty *, latinime::NgramProperty *>' requested here
build	Build DaddyBoard (HeliBoard fork)	2026-09-30T15:14:04.9146852Z C/C++:  1100 |   __tx.__pos_ = std::__uninitialized_allocator_copy(__alloc(), __first, __last, __tx.__pos_);
build	Build DaddyBoard (HeliBoard fork)	2026-09-30T15:14:04.9147611Z C/C++:       |                      ^
build	Build DaddyBoard (HeliBoard fork)	2026-09-30T15:14:04.9149407Z C/C++: /usr/local/lib/android/sdk/ndk/28.0.13004108/toolchains/llvm/prebuilt/linux-x86_64/sysroot/usr/include/c++/v1/vector:761:7: note: in instantiation of function template specialization 'std::vector<latinime::NgramProperty>::__construct_at_end<latinime::NgramProperty *, latinime::NgramProperty *>' requested here
build	Build DaddyBoard (HeliBoard fork)	2026-09-30T15:14:04.9151171Z C/C++:   761 |       __construct_at_end(__first, __last, __n);
build	Build DaddyBoard (HeliBoard fork)	2026-09-30T15:14:04.9151720Z C/C++:       |       ^
build	Build DaddyBoard (HeliBoard fork)	2026-09-30T15:14:04.9153356Z C/C++: /usr/local/lib/android/sdk/ndk/28.0.13004108/toolchains/llvm/prebuilt/linux-x86_64/sysroot/usr/include/c++/v1/vector:1213:3: note: in instantiation of function template specialization 'std::vector<latinime::NgramProperty>::__init_with_size<latinime::NgramProperty *, latinime::NgramProperty *>' requested here
build	Build DaddyBoard (HeliBoard fork)	2026-09-30T15:14:04.9155143Z C/C++:  1213 |   __init_with_size(__x.__begin_, __x.__end_, __x.size());
build	Build DaddyBoard (HeliBoard fork)	2026-09-30T15:14:04.9155727Z C/C++:       |   ^
build	Build DaddyBoard (HeliBoard fork)	2026-09-30T15:14:04.9156999Z C/C++: /home/runner/work/daddyboard/daddyboard/daddyboard-main/app/src/main/jni/src/dictionary/property/word_property.h:39:15: note: in instantiation of member function 'std::vector<latinime::NgramProperty>::vector' requested here
build	Build DaddyBoard (HeliBoard fork)	2026-09-30T15:14:04.9158468Z C/C++:    39 |               mNgrams(ngrams) {}
build	Build DaddyBoard (HeliBoard fork)	2026-09-30T15:14:04.9158976Z C/C++:       |               ^
build	Build DaddyBoard (HeliBoard fork)	2026-09-30T15:14:05.0000209Z C/C++: 11 warnings generated.
build	Build DaddyBoard (HeliBoard fork)	2026-09-30T15:14:05.4000724Z C/C++: In file included from /home/runner/work/daddyboard/daddyboard/daddyboard-main/app/src/main/jni/com_android_inputmethod_latin_DicTraverseSession.cpp:25:
build	Build DaddyBoard (HeliBoard fork)	2026-09-30T15:14:05.4003606Z C/C++: In file included from /home/runner/work/daddyboard/daddyboard/daddyboard-main/app/src/main/jni/src/suggest/core/session/dic_traverse_session.h:23:
build	Build DaddyBoard (HeliBoard fork)	2026-09-30T15:14:05.4004932Z C/C++: In file included from /home/runner/work/daddyboard/daddyboard/daddyboard-main/app/src/main/jni/src/dictionary/utils/multi_bigram_map.h:24:
build	Build DaddyBoard (HeliBoard fork)	2026-09-30T15:14:05.4006738Z C/C++: In file included from /home/runner/work/daddyboard/daddyboard/daddyboard-main/app/src/main/jni/src/dictionary/interface/dictionary_structure_with_buffer_policy.h:23:
build	Build DaddyBoard (HeliBoard fork)	2026-09-30T15:14:05.4009254Z C/C++: /home/runner/work/daddyboard/daddyboard/daddyboard-main/app/src/main/jni/src/dictionary/property/historical_info.h:52:5: warning: definition of implicit copy constructor for 'HistoricalInfo' is deprecated because it has a user-declared copy assignment operator [-Wdeprecated-copy]
build	Build DaddyBoard (HeliBoard fork)	2026-09-30T15:14:05.4010987Z C/C++:    52 |     DISALLOW_ASSIGNMENT_OPERATOR(HistoricalInfo);
build	Build DaddyBoard (HeliBoard fork)	2026-09-30T15:14:05.4011446Z C/C++:       |     ^
build	Build DaddyBoard (HeliBoard fork)	2026-09-30T15:14:05.4012298Z C/C++: /home/runner/work/daddyboard/daddyboard/daddyboard-main/app/src/main/jni/src/defines.h:289:8: note: expanded from macro 'DISALLOW_ASSIGNMENT_OPERATOR'
build	Build DaddyBoard (HeliBoard fork)	2026-09-30T15:14:05.4013285Z C/C++:   289 |   void operator=(const TypeName&) = delete
build	Build DaddyBoard (HeliBoard fork)	2026-09-30T15:14:05.4013695Z C/C++:       |        ^
build	Build DaddyBoard (HeliBoard fork)	2026-09-30T15:14:05.4014802Z C/C++: /home/runner/work/daddyboard/daddyboard/daddyboard-main/app/src/main/jni/src/dictionary/property/ngram_property.h:33:42: note: in implicit copy constructor for 'latinime::HistoricalInfo' first required here
build	Build DaddyBoard (HeliBoard fork)	2026-09-30T15:14:05.4016140Z C/C++:    33 |               mProbability(probability), mHistoricalInfo(historicalInfo) {}
build	Build DaddyBoard (HeliBoard fork)	2026-09-30T15:14:05.4016703Z C/C++:       |                                          ^
build	Build DaddyBoard (HeliBoard fork)	2026-09-30T15:14:05.4017610Z C/C++: In file included from /home/runner/work/daddyboard/daddyboard/daddyboard-main/app/src/main/jni/com_android_inputmethod_latin_DicTraverseSession.cpp:25:
build	Build DaddyBoard (HeliBoard fork)	2026-09-30T15:14:05.4019319Z C/C++: In file included from /home/runner/work/daddyboard/daddyboard/daddyboard-main/app/src/main/jni/src/suggest/core/session/dic_traverse_session.h:23:
build	Build DaddyBoard (HeliBoard fork)	2026-09-30T15:14:05.4020860Z C/C++: In file included from /home/runner/work/daddyboard/daddyboard/daddyboard-main/app/src/main/jni/src/dictionary/utils/multi_bigram_map.h:24:
build	Build DaddyBoard (HeliBoard fork)	2026-09-30T15:14:05.4022490Z C/C++: In file included from /home/runner/work/daddyboard/daddyboard/daddyboard-main/app/src/main/jni/src/dictionary/interface/dictionary_structure_with_buffer_policy.h:25:
build	Build DaddyBoard (HeliBoard fork)	2026-09-30T15:14:05.4039456Z C/C++: In file included from /home/runner/work/daddyboard/daddyboard/daddyboard-main/app/src/main/jni/src/dictionary/property/word_property.h:24:
build	Build DaddyBoard (HeliBoard fork)	2026-09-30T15:14:05.4041266Z C/C++: /home/runner/work/daddyboard/daddyboard/daddyboard-main/app/src/main/jni/src/dictionary/property/unigram_property.h:126:5: warning: definition of implicit copy constructor for 'UnigramProperty' is deprecated because it has a user-declared copy assignment operator [-Wdeprecated-copy]
build	Build DaddyBoard (HeliBoard fork)	2026-09-30T15:14:05.4042810Z C/C++:   126 |     DISALLOW_ASSIGNMENT_OPERATOR(UnigramProperty);
build	Build DaddyBoard (HeliBoard fork)	2026-09-30T15:14:05.4043307Z C/C++:       |     ^
build	Build DaddyBoard (HeliBoard fork)	2026-09-30T15:14:05.4044133Z C/C++: /home/runner/work/daddyboard/daddyboard/daddyboard-main/app/src/main/jni/src/defines.h:289:8: note: expanded from macro 'DISALLOW_ASSIGNMENT_OPERATOR'
build	Build DaddyBoard (HeliBoard fork)	2026-09-30T15:14:05.4045104Z C/C++:   289 |   void operator=(const TypeName&) = delete
build	Build DaddyBoard (HeliBoard fork)	2026-09-30T15:14:05.4045567Z C/C++:       |        ^
build	Build DaddyBoard (HeliBoard fork)	2026-09-30T15:14:05.4046637Z C/C++: /home/runner/work/daddyboard/daddyboard/daddyboard-main/app/src/main/jni/src/dictionary/property/word_property.h:38:51: note: in implicit copy constructor for 'latinime::UnigramProperty' first required here
build	Build DaddyBoard (HeliBoard fork)	2026-09-30T15:14:05.4047944Z C/C++:    38 |             : mCodePoints(std::move(codePoints)), mUnigramProperty(unigramProperty),
build	Build DaddyBoard (HeliBoard fork)	2026-09-30T15:14:05.4048795Z C/C++:       |                                                   ^
build	Build DaddyBoard (HeliBoard fork)	2026-09-30T15:14:05.4049811Z C/C++: In file included from /home/runner/work/daddyboard/daddyboard/daddyboard-main/app/src/main/jni/com_android_inputmethod_latin_DicTraverseSession.cpp:25:
build	Build DaddyBoard (HeliBoard fork)	2026-09-30T15:14:05.4051130Z C/C++: In file included from /home/runner/work/daddyboard/daddyboard/daddyboard-main/app/src/main/jni/src/suggest/core/session/dic_traverse_session.h:23:
build	Build DaddyBoard (HeliBoard fork)	2026-09-30T15:14:05.4052623Z C/C++: In file included from /home/runner/work/daddyboard/daddyboard/daddyboard-main/app/src/main/jni/src/dictionary/utils/multi_bigram_map.h:27:
build	Build DaddyBoard (HeliBoard fork)	2026-09-30T15:14:05.4054518Z C/C++: /home/runner/work/daddyboard/daddyboard/daddyboard-main/app/src/main/jni/src/dictionary/utils/bloom_filter.h:47:5: warning: definition of implicit copy constructor for 'BloomFilter' is deprecated because it has a user-declared copy assignment operator [-Wdeprecated-copy]
build	Build DaddyBoard (HeliBoard fork)	2026-09-30T15:14:05.4057077Z C/C++:    47 |     DISALLOW_ASSIGNMENT_OPERATOR(BloomFilter);
build	Build DaddyBoard (HeliBoard fork)	2026-09-30T15:14:05.4057972Z C/C++:       |     ^
build	Build DaddyBoard (HeliBoard fork)	2026-09-30T15:14:05.4058955Z C/C++: /home/runner/work/daddyboard/daddyboard/daddyboard-main/app/src/main/jni/src/defines.h:289:8: note: expanded from macro 'DISALLOW_ASSIGNMENT_OPERATOR'
build	Build DaddyBoard (HeliBoard fork)	2026-09-30T15:14:05.4059893Z C/C++:   289 |   void operator=(const TypeName&) = delete
build	Build DaddyBoard (HeliBoard fork)	2026-09-30T15:14:05.4060430Z C/C++:       |        ^
build	Build DaddyBoard (HeliBoard fork)	2026-09-30T15:14:05.4064129Z C/C++: /home/runner/work/daddyboard/daddyboard/daddyboard-main/app/src/main/jni/src/dictionary/utils/multi_bigram_map.h:57:53: note: in implicit copy constructor for 'latinime::BloomFilter' first required here
build	Build DaddyBoard (HeliBoard fork)	2026-09-30T15:14:05.4065600Z C/C++:    57 |                 : mBigramMap(bigramMap.mBigramMap), mBloomFilter(bigramMap.mBloomFilter) {}
build	Build DaddyBoard (HeliBoard fork)	2026-09-30T15:14:05.4066332Z C/C++:       |                                                     ^
build	Build DaddyBoard (HeliBoard fork)	2026-09-30T15:14:05.4999963Z C/C++: In file included from /home/runner/work/daddyboard/daddyboard/daddyboard-main/app/src/main/jni/com_android_inputmethod_latin_DicTraverseSession.cpp:22:
build	Build DaddyBoard (HeliBoard fork)	2026-09-30T15:14:05.5059903Z C/C++: In file included from /home/runner/work/daddyboard/daddyboard/daddyboard-main/app/src/main/jni/src/dictionary/property/ngram_context.h:23:
build	Build DaddyBoard (HeliBoard fork)	2026-09-30T15:14:05.5120574Z C/C++: /home/runner/work/daddyboard/daddyboard/daddyboard-main/app/src/main/jni/src/utils/int_array_view.h:160:5: warning: definition of implicit copy constructor for 'IntArrayView' is deprecated because it has a user-declared copy assignment operator [-Wdeprecated-copy]
build	Build DaddyBoard (HeliBoard fork)	2026-09-30T15:14:05.5148869Z C/C++:   160 |     DISALLOW_ASSIGNMENT_OPERATOR(IntArrayView);
build	Build DaddyBoard (HeliBoard fork)	2026-09-30T15:14:05.5208705Z C/C++:       |     ^
build	Build DaddyBoard (HeliBoard fork)	2026-09-30T15:14:05.5236822Z C/C++: /home/runner/work/daddyboard/daddyboard/daddyboard-main/app/src/main/jni/src/defines.h:289:8: note: expanded from macro 'DISALLOW_ASSIGNMENT_OPERATOR'
build	Build DaddyBoard (HeliBoard fork)	2026-09-30T15:14:05.5279093Z C/C++:   289 |   void operator=(const TypeName&) = delete
build	Build DaddyBoard (HeliBoard fork)	2026-09-30T15:14:05.5279807Z C/C++:       |        ^
build	Build DaddyBoard (HeliBoard fork)	2026-09-30T15:14:05.5280909Z C/C++: /home/runner/work/daddyboard/daddyboard/daddyboard-main/app/src/main/jni/src/suggest/core/dicnode/dic_node.h:110:53: note: in implicit copy constructor for 'latinime::IntArrayView' first required here
build	Build DaddyBoard (HeliBoard fork)	2026-09-30T15:14:05.5282189Z C/C++:   110 |         mDicNodeProperties.init(rootPtNodeArrayPos, prevWordIds);
build	Build DaddyBoard (HeliBoard fork)	2026-09-30T15:14:05.5282778Z C/C++:       |                                                     ^
build	Build DaddyBoard (HeliBoard fork)	2026-09-30T15:14:05.5284148Z C/C++: /home/runner/work/daddyboard/daddyboard/daddyboard-main/app/src/main/jni/com_android_inputmethod_latin_DicTraverseSession.cpp:47:18: warning: variable length arrays in C++ are a Clang extension [-Wvla-cxx-extension]
build	Build DaddyBoard (HeliBoard fork)	2026-09-30T15:14:05.5285578Z C/C++:    47 |     int prevWord[previousWordLength];
build	Build DaddyBoard (HeliBoard fork)	2026-09-30T15:14:05.5286142Z C/C++:       |                  ^~~~~~~~~~~~~~~~~~
build	Build DaddyBoard (HeliBoard fork)	2026-09-30T15:14:05.5290624Z C/C++: /home/runner/work/daddyboard/daddyboard/daddyboard-main/app/src/main/jni/com_android_inputmethod_latin_DicTraverseSession.cpp:47:18: note: function parameter 'previousWordLength' with unknown value cannot be used in a constant expression
build	Build DaddyBoard (HeliBoard fork)	2026-09-30T15:14:05.5292676Z C/C++: /home/runner/work/daddyboard/daddyboard/daddyboard-main/app/src/main/jni/com_android_inputmethod_latin_DicTraverseSession.cpp:36:56: note: declared here
build	Build DaddyBoard (HeliBoard fork)	2026-09-30T15:14:05.5293902Z C/C++:    36 |         jlong dictionary, jintArray previousWord, jint previousWordLength) {
build	Build DaddyBoard (HeliBoard fork)	2026-09-30T15:14:05.5294598Z C/C++:       |                                                        ^
build	Build DaddyBoard (HeliBoard fork)	2026-09-30T15:14:05.5296004Z C/C++: In file included from /home/runner/work/daddyboard/daddyboard/daddyboard-main/app/src/main/jni/com_android_inputmethod_latin_DicTraverseSession.cpp:25:
build	Build DaddyBoard (HeliBoard fork)	2026-09-30T15:14:05.5297686Z C/C++: In file included from /home/runner/work/daddyboard/daddyboard/daddyboard-main/app/src/main/jni/src/suggest/core/session/dic_traverse_session.h:23:
build	Build DaddyBoard (HeliBoard fork)	2026-09-30T15:14:05.5299413Z C/C++: In file included from /home/runner/work/daddyboard/daddyboard/daddyboard-main/app/src/main/jni/src/dictionary/utils/multi_bigram_map.h:24:
build	Build DaddyBoard (HeliBoard fork)	2026-09-30T15:14:05.5307956Z C/C++: In file included from /home/runner/work/daddyboard/daddyboard/daddyboard-main/app/src/main/jni/src/dictionary/interface/dictionary_structure_with_buffer_policy.h:25:
build	Build DaddyBoard (HeliBoard fork)	2026-09-30T15:14:05.5339214Z C/C++: In file included from /home/runner/work/daddyboard/daddyboard/daddyboard-main/app/src/main/jni/src/dictionary/property/word_property.h:23:
build	Build DaddyBoard (HeliBoard fork)	2026-09-30T15:14:05.5369902Z C/C++: /home/runner/work/daddyboard/daddyboard/daddyboard-main/app/src/main/jni/src/dictionary/property/ngram_property.h:54:5: warning: definition of implicit copy constructor for 'NgramProperty' is deprecated because it has a user-declared copy assignment operator [-Wdeprecated-copy]
build	Build DaddyBoard (HeliBoard fork)	2026-09-30T15:14:05.5398832Z C/C++:    54 |     DISALLOW_ASSIGNMENT_OPERATOR(NgramProperty);
build	Build DaddyBoard (HeliBoard fork)	2026-09-30T15:14:05.5418652Z C/C++:       |     ^
build	Build DaddyBoard (HeliBoard fork)	2026-09-30T15:14:05.5459220Z C/C++: /home/runner/work/daddyboard/daddyboard/daddyboard-main/app/src/main/jni/src/defines.h:289:8: note: expanded from macro 'DISALLOW_ASSIGNMENT_OPERATOR'
build	Build DaddyBoard (HeliBoard fork)	2026-09-30T15:14:05.5460250Z C/C++:   289 |   void operator=(const TypeName&) = delete
build	Build DaddyBoard (HeliBoard fork)	2026-09-30T15:14:05.5488757Z C/C++:       |        ^
build	Build DaddyBoard (HeliBoard fork)	2026-09-30T15:14:05.5519643Z C/C++: /usr/local/lib/android/sdk/ndk/28.0.13004108/toolchains/llvm/prebuilt/linux-x86_64/sysroot/usr/include/c++/v1/__memory/allocator.h:173:24: note: in implicit copy constructor for 'latinime::NgramProperty' first required here
build	Build DaddyBoard (HeliBoard fork)	2026-09-30T15:14:05.5521196Z C/C++:   173 |     ::new ((void*)__p) _Up(std::forward<_Args>(__args)...);
build	Build DaddyBoard (HeliBoard fork)	2026-09-30T15:14:05.5521703Z C/C++:       |                        ^
build	Build DaddyBoard (HeliBoard fork)	2026-09-30T15:14:05.5523376Z C/C++: /usr/local/lib/android/sdk/ndk/28.0.13004108/toolchains/llvm/prebuilt/linux-x86_64/sysroot/usr/include/c++/v1/__memory/allocator_traits.h:320:9: note: in instantiation of function template specialization 'std::allocator<latinime::NgramProperty>::construct<latinime::NgramProperty, latinime::NgramProperty &>' requested here
build	Build DaddyBoard (HeliBoard fork)	2026-09-30T15:14:05.5525127Z C/C++:   320 |     __a.construct(__p, std::forward<_Args>(__args)...);
build	Build DaddyBoard (HeliBoard fork)	2026-09-30T15:14:05.5525578Z C/C++:       |         ^
build	Build DaddyBoard (HeliBoard fork)	2026-09-30T15:14:05.5527338Z C/C++: /usr/local/lib/android/sdk/ndk/28.0.13004108/toolchains/llvm/prebuilt/linux-x86_64/sysroot/usr/include/c++/v1/__memory/uninitialized_algorithms.h:551:31: note: in instantiation of function template specialization 'std::allocator_traits<std::allocator<latinime::NgramProperty>>::construct<latinime::NgramProperty, latinime::NgramProperty &, 0>' requested here
build	Build DaddyBoard (HeliBoard fork)	2026-09-30T15:14:05.5549024Z C/C++:   551 |     allocator_traits<_Alloc>::construct(__alloc, std::__to_address(__first2), *__first1);
build	Build DaddyBoard (HeliBoard fork)	2026-09-30T15:14:05.5549649Z C/C++:       |                               ^
build	Build DaddyBoard (HeliBoard fork)	2026-09-30T15:14:05.5566852Z C/C++: /usr/local/lib/android/sdk/ndk/28.0.13004108/toolchains/llvm/prebuilt/linux-x86_64/sysroot/usr/include/c++/v1/__memory/uninitialized_algorithms.h:594:33: note: in instantiation of function template specialization 'std::__uninitialized_allocator_copy_impl<std::allocator<latinime::NgramProperty>, latinime::NgramProperty *, latinime::NgramProperty *, latinime::NgramProperty *>' requested here
build	Build DaddyBoard (HeliBoard fork)	2026-09-30T15:14:05.5569458Z C/C++:   594 |   auto __result          = std::__uninitialized_allocator_copy_impl(
build	Build DaddyBoard (HeliBoard fork)	2026-09-30T15:14:05.5570089Z C/C++:       |                                 ^
build	Build DaddyBoard (HeliBoard fork)	2026-09-30T15:14:05.5571964Z C/C++: /usr/local/lib/android/sdk/ndk/28.0.13004108/toolchains/llvm/prebuilt/linux-x86_64/sysroot/usr/include/c++/v1/vector:1100:22: note: in instantiation of function template specialization 'std::__uninitialized_allocator_copy<std::allocator<latinime::NgramProperty>, latinime::NgramProperty *, latinime::NgramProperty *, latinime::NgramProperty *>' requested here
build	Build DaddyBoard (HeliBoard fork)	2026-09-30T15:14:05.5574431Z C/C++:  1100 |   __tx.__pos_ = std::__uninitialized_allocator_copy(__alloc(), __first, __last, __tx.__pos_);
build	Build DaddyBoard (HeliBoard fork)	2026-09-30T15:14:05.5575178Z C/C++:       |                      ^
build	Build DaddyBoard (HeliBoard fork)	2026-09-30T15:14:05.5576651Z C/C++: /usr/local/lib/android/sdk/ndk/28.0.13004108/toolchains/llvm/prebuilt/linux-x86_64/sysroot/usr/include/c++/v1/vector:761:7: note: in instantiation of function template specialization 'std::vector<latinime::NgramProperty>::__construct_at_end<latinime::NgramProperty *, latinime::NgramProperty *>' requested here
build	Build DaddyBoard (HeliBoard fork)	2026-09-30T15:14:05.5578151Z C/C++:   761 |       __construct_at_end(__first, __last, __n);
build	Build DaddyBoard (HeliBoard fork)	2026-09-30T15:14:05.5578878Z C/C++:       |       ^
build	Build DaddyBoard (HeliBoard fork)	2026-09-30T15:14:05.5580434Z C/C++: /usr/local/lib/android/sdk/ndk/28.0.13004108/toolchains/llvm/prebuilt/linux-x86_64/sysroot/usr/include/c++/v1/vector:1213:3: note: in instantiation of function template specialization 'std::vector<latinime::NgramProperty>::__init_with_size<latinime::NgramProperty *, latinime::NgramProperty *>' requested here
build	Build DaddyBoard (HeliBoard fork)	2026-09-30T15:14:05.5582200Z C/C++:  1213 |   __init_with_size(__x.__begin_, __x.__end_, __x.size());
build	Build DaddyBoard (HeliBoard fork)	2026-09-30T15:14:05.5582723Z C/C++:       |   ^
build	Build DaddyBoard (HeliBoard fork)	2026-09-30T15:14:05.5583893Z C/C++: /home/runner/work/daddyboard/daddyboard/daddyboard-main/app/src/main/jni/src/dictionary/property/word_property.h:39:15: note: in instantiation of member function 'std::vector<latinime::NgramProperty>::vector' requested here
build	Build DaddyBoard (HeliBoard fork)	2026-09-30T15:14:05.5585238Z C/C++:    39 |               mNgrams(ngrams) {}
build	Build DaddyBoard (HeliBoard fork)	2026-09-30T15:14:05.6039133Z C/C++:       |               ^
build	Build DaddyBoard (HeliBoard fork)	2026-09-30T15:14:06.0000488Z C/C++: 6 warnings generated.
build	Build DaddyBoard (HeliBoard fork)	2026-09-30T15:14:06.8029831Z C/C++: In file included from /home/runner/work/daddyboard/daddyboard/daddyboard-main/app/src/main/jni/src/dictionary/header/header_policy.cpp:17:
build	Build DaddyBoard (HeliBoard fork)	2026-09-30T15:14:06.8059513Z C/C++: In file included from /home/runner/work/daddyboard/daddyboard/daddyboard-main/app/src/main/jni/src/dictionary/header/header_policy.h:25:
build	Build DaddyBoard (HeliBoard fork)	2026-09-30T15:14:06.8100011Z C/C++: /home/runner/work/daddyboard/daddyboard/daddyboard-main/app/src/main/jni/src/dictionary/utils/entry_counters.h:44:5: warning: definition of implicit copy constructor for 'EntryCounts' is deprecated because it has a user-declared copy assignment operator [-Wdeprecated-copy]
build	Build DaddyBoard (HeliBoard fork)	2026-09-30T15:14:06.8101991Z C/C++:    44 |     DISALLOW_ASSIGNMENT_OPERATOR(EntryCounts);
build	Build DaddyBoard (HeliBoard fork)	2026-09-30T15:14:06.8158874Z C/C++:       |     ^
build	Build DaddyBoard (HeliBoard fork)	2026-09-30T15:14:06.8219394Z C/C++: /home/runner/work/daddyboard/daddyboard/daddyboard-main/app/src/main/jni/src/defines.h:289:8: note: expanded from macro 'DISALLOW_ASSIGNMENT_OPERATOR'
build	Build DaddyBoard (HeliBoard fork)	2026-09-30T15:14:06.8268866Z C/C++:   289 |   void operator=(const TypeName&) = delete
build	Build DaddyBoard (HeliBoard fork)	2026-09-30T15:14:06.8298784Z C/C++:       |        ^
build	Build DaddyBoard (HeliBoard fork)	2026-09-30T15:14:06.8339584Z C/C++: /home/runner/work/daddyboard/daddyboard/daddyboard-main/app/src/main/jni/src/dictionary/header/header_policy.h:92:15: note: in implicit copy constructor for 'latinime::EntryCounts' first required here
build	Build DaddyBoard (HeliBoard fork)	2026-09-30T15:14:06.8394102Z C/C++:    92 |               mNgramCounts(headerPolicy->mNgramCounts),
build	Build DaddyBoard (HeliBoard fork)	2026-09-30T15:14:06.8418733Z C/C++:       |               ^
build	Build DaddyBoard (HeliBoard fork)	2026-09-30T15:14:07.0999586Z C/C++: 1 warning generated.
build	Build DaddyBoard (HeliBoard fork)	2026-09-30T15:14:08.3999868Z C/C++: In file included from /home/runner/work/daddyboard/daddyboard/daddyboard-main/app/src/main/jni/src/dictionary/property/ngram_context.cpp:19:
build	Build DaddyBoard (HeliBoard fork)	2026-09-30T15:14:08.4007322Z C/C++: In file included from /home/runner/work/daddyboard/daddyboard/daddyboard-main/app/src/main/jni/src/dictionary/interface/dictionary_structure_with_buffer_policy.h:23:
build	Build DaddyBoard (HeliBoard fork)	2026-09-30T15:14:08.4009768Z C/C++: /home/runner/work/daddyboard/daddyboard/daddyboard-main/app/src/main/jni/src/dictionary/property/historical_info.h:52:5: warning: definition of implicit copy constructor for 'HistoricalInfo' is deprecated because it has a user-declared copy assignment operator [-Wdeprecated-copy]
build	Build DaddyBoard (HeliBoard fork)	2026-09-30T15:14:08.4011996Z C/C++:    52 |     DISALLOW_ASSIGNMENT_OPERATOR(HistoricalInfo);
build	Build DaddyBoard (HeliBoard fork)	2026-09-30T15:14:08.4012672Z C/C++:       |     ^
build	Build DaddyBoard (HeliBoard fork)	2026-09-30T15:14:08.4013600Z C/C++: /home/runner/work/daddyboard/daddyboard/daddyboard-main/app/src/main/jni/src/defines.h:289:8: note: expanded from macro 'DISALLOW_ASSIGNMENT_OPERATOR'
build	Build DaddyBoard (HeliBoard fork)	2026-09-30T15:14:08.4014845Z C/C++:   289 |   void operator=(const TypeName&) = delete
build	Build DaddyBoard (HeliBoard fork)	2026-09-30T15:14:08.4015366Z C/C++:       |        ^
build	Build DaddyBoard (HeliBoard fork)	2026-09-30T15:14:08.4016579Z C/C++: /home/runner/work/daddyboard/daddyboard/daddyboard-main/app/src/main/jni/src/dictionary/property/ngram_property.h:33:42: note: in implicit copy constructor for 'latinime::HistoricalInfo' first required here
build	Build DaddyBoard (HeliBoard fork)	2026-09-30T15:14:08.4018012Z C/C++:    33 |               mProbability(probability), mHistoricalInfo(historicalInfo) {}
build	Build DaddyBoard (HeliBoard fork)	2026-09-30T15:14:08.4018803Z C/C++:       |                                          ^
build	Build DaddyBoard (HeliBoard fork)	2026-09-30T15:14:08.4019786Z C/C++: In file included from /home/runner/work/daddyboard/daddyboard/daddyboard-main/app/src/main/jni/src/dictionary/property/ngram_context.cpp:19:
build	Build DaddyBoard (HeliBoard fork)	2026-09-30T15:14:08.4021337Z C/C++: In file included from /home/runner/work/daddyboard/daddyboard/daddyboard-main/app/src/main/jni/src/dictionary/interface/dictionary_structure_with_buffer_policy.h:25:
build	Build DaddyBoard (HeliBoard fork)	2026-09-30T15:14:08.4022887Z C/C++: In file included from /home/runner/work/daddyboard/daddyboard/daddyboard-main/app/src/main/jni/src/dictionary/property/word_property.h:24:
build	Build DaddyBoard (HeliBoard fork)	2026-09-30T15:14:08.4024962Z C/C++: /home/runner/work/daddyboard/daddyboard/daddyboard-main/app/src/main/jni/src/dictionary/property/unigram_property.h:126:5: warning: definition of implicit copy constructor for 'UnigramProperty' is deprecated because it has a user-declared copy assignment operator [-Wdeprecated-copy]
build	Build DaddyBoard (HeliBoard fork)	2026-09-30T15:14:08.4026656Z C/C++:   126 |     DISALLOW_ASSIGNMENT_OPERATOR(UnigramProperty);
build	Build DaddyBoard (HeliBoard fork)	2026-09-30T15:14:08.4027293Z C/C++:       |     ^
build	Build DaddyBoard (HeliBoard fork)	2026-09-30T15:14:08.4028470Z C/C++: /home/runner/work/daddyboard/daddyboard/daddyboard-main/app/src/main/jni/src/defines.h:289:8: note: expanded from macro 'DISALLOW_ASSIGNMENT_OPERATOR'
build	Build DaddyBoard (HeliBoard fork)	2026-09-30T15:14:08.4029599Z C/C++:   289 |   void operator=(const TypeName&) = delete
build	Build DaddyBoard (HeliBoard fork)	2026-09-30T15:14:08.4030464Z C/C++:       |        ^
build	Build DaddyBoard (HeliBoard fork)	2026-09-30T15:14:08.4031852Z C/C++: /home/runner/work/daddyboard/daddyboard/daddyboard-main/app/src/main/jni/src/dictionary/property/word_property.h:38:51: note: in implicit copy constructor for 'latinime::UnigramProperty' first required here
build	Build DaddyBoard (HeliBoard fork)	2026-09-30T15:14:08.4033458Z C/C++:    38 |             : mCodePoints(std::move(codePoints)), mUnigramProperty(unigramProperty),
build	Build DaddyBoard (HeliBoard fork)	2026-09-30T15:14:08.4034334Z C/C++:       |                                                   ^
build	Build DaddyBoard (HeliBoard fork)	2026-09-30T15:14:08.4035481Z C/C++: In file included from /home/runner/work/daddyboard/daddyboard/daddyboard-main/app/src/main/jni/src/dictionary/property/ngram_context.cpp:17:
build	Build DaddyBoard (HeliBoard fork)	2026-09-30T15:14:08.4037058Z C/C++: In file included from /home/runner/work/daddyboard/daddyboard/daddyboard-main/app/src/main/jni/src/dictionary/property/ngram_context.h:23:
build	Build DaddyBoard (HeliBoard fork)	2026-09-30T15:14:08.4039337Z C/C++: /home/runner/work/daddyboard/daddyboard/daddyboard-main/app/src/main/jni/src/utils/int_array_view.h:160:5: warning: definition of implicit copy constructor for 'IntArrayView' is deprecated because it has a user-declared copy assignment operator [-Wdeprecated-copy]
build	Build DaddyBoard (HeliBoard fork)	2026-09-30T15:14:08.4041158Z C/C++:   160 |     DISALLOW_ASSIGNMENT_OPERATOR(IntArrayView);
build	Build DaddyBoard (HeliBoard fork)	2026-09-30T15:14:08.4041794Z C/C++:       |     ^
build	Build DaddyBoard (HeliBoard fork)	2026-09-30T15:14:08.4053721Z C/C++: /home/runner/work/daddyboard/daddyboard/daddyboard-main/app/src/main/jni/src/defines.h:289:8: note: expanded from macro 'DISALLOW_ASSIGNMENT_OPERATOR'
build	Build DaddyBoard (HeliBoard fork)	2026-09-30T15:14:08.4055037Z C/C++:   289 |   void operator=(const TypeName&) = delete
build	Build DaddyBoard (HeliBoard fork)	2026-09-30T15:14:08.4055570Z C/C++:       |        ^
build	Build DaddyBoard (HeliBoard fork)	2026-09-30T15:14:08.4056788Z C/C++: /home/runner/work/daddyboard/daddyboard/daddyboard-main/app/src/main/jni/src/dictionary/property/ngram_context.cpp:106:55: note: in implicit copy constructor for 'latinime::IntArrayView' first required here
build	Build DaddyBoard (HeliBoard fork)	2026-09-30T15:14:08.4058656Z C/C++:   106 |     const int wordId = dictStructurePolicy->getWordId(codePointArrayView,
build	Build DaddyBoard (HeliBoard fork)	2026-09-30T15:14:08.4059402Z C/C++:       |                                                       ^
build	Build DaddyBoard (HeliBoard fork)	2026-09-30T15:14:08.4060568Z C/C++: In file included from /home/runner/work/daddyboard/daddyboard/daddyboard-main/app/src/main/jni/src/dictionary/property/ngram_context.cpp:19:
build	Build DaddyBoard (HeliBoard fork)	2026-09-30T15:14:08.4062135Z C/C++: In file included from /home/runner/work/daddyboard/daddyboard/daddyboard-main/app/src/main/jni/src/dictionary/interface/dictionary_structure_with_buffer_policy.h:25:
build	Build DaddyBoard (HeliBoard fork)	2026-09-30T15:14:08.4063727Z C/C++: In file included from /home/runner/work/daddyboard/daddyboard/daddyboard-main/app/src/main/jni/src/dictionary/property/word_property.h:23:
build	Build DaddyBoard (HeliBoard fork)	2026-09-30T15:14:08.4065785Z C/C++: /home/runner/work/daddyboard/daddyboard/daddyboard-main/app/src/main/jni/src/dictionary/property/ngram_property.h:54:5: warning: definition of implicit copy constructor for 'NgramProperty' is deprecated because it has a user-declared copy assignment operator [-Wdeprecated-copy]
build	Build DaddyBoard (HeliBoard fork)	2026-09-30T15:14:08.4067463Z C/C++:    54 |     DISALLOW_ASSIGNMENT_OPERATOR(NgramProperty);
build	Build DaddyBoard (HeliBoard fork)	2026-09-30T15:14:08.4068008Z C/C++:       |     ^
build	Build DaddyBoard (HeliBoard fork)	2026-09-30T15:14:08.4069066Z C/C++: /home/runner/work/daddyboard/daddyboard/daddyboard-main/app/src/main/jni/src/defines.h:289:8: note: expanded from macro 'DISALLOW_ASSIGNMENT_OPERATOR'
build	Build DaddyBoard (HeliBoard fork)	2026-09-30T15:14:08.4070103Z C/C++:   289 |   void operator=(const TypeName&) = delete
build	Build DaddyBoard (HeliBoard fork)	2026-09-30T15:14:08.4070612Z C/C++:       |        ^
build	Build DaddyBoard (HeliBoard fork)	2026-09-30T15:14:08.4071845Z C/C++: /usr/local/lib/android/sdk/ndk/28.0.13004108/toolchains/llvm/prebuilt/linux-x86_64/sysroot/usr/include/c++/v1/__memory/allocator.h:173:24: note: in implicit copy constructor for 'latinime::NgramProperty' first required here
build	Build DaddyBoard (HeliBoard fork)	2026-09-30T15:14:08.4073214Z C/C++:   173 |     ::new ((void*)__p) _Up(std::forward<_Args>(__args)...);
build	Build DaddyBoard (HeliBoard fork)	2026-09-30T15:14:08.4073784Z C/C++:       |                        ^
build	Build DaddyBoard (HeliBoard fork)	2026-09-30T15:14:08.4075512Z C/C++: /usr/local/lib/android/sdk/ndk/28.0.13004108/toolchains/llvm/prebuilt/linux-x86_64/sysroot/usr/include/c++/v1/__memory/allocator_traits.h:320:9: note: in instantiation of function template specialization 'std::allocator<latinime::NgramProperty>::construct<latinime::NgramProperty, latinime::NgramProperty &>' requested here
build	Build DaddyBoard (HeliBoard fork)	2026-09-30T15:14:08.4077454Z C/C++:   320 |     __a.construct(__p, std::forward<_Args>(__args)...);
build	Build DaddyBoard (HeliBoard fork)	2026-09-30T15:14:08.4079093Z C/C++:       |         ^
build	Build DaddyBoard (HeliBoard fork)	2026-09-30T15:14:08.4080973Z C/C++: /usr/local/lib/android/sdk/ndk/28.0.13004108/toolchains/llvm/prebuilt/linux-x86_64/sysroot/usr/include/c++/v1/__memory/uninitialized_algorithms.h:551:31: note: in instantiation of function template specialization 'std::allocator_traits<std::allocator<latinime::NgramProperty>>::construct<latinime::NgramProperty, latinime::NgramProperty &, 0>' requested here
build	Build DaddyBoard (HeliBoard fork)	2026-09-30T15:14:08.4083089Z C/C++:   551 |     allocator_traits<_Alloc>::construct(__alloc, std::__to_address(__first2), *__first1);
build	Build DaddyBoard (HeliBoard fork)	2026-09-30T15:14:08.4083827Z C/C++:       |                               ^
build	Build DaddyBoard (HeliBoard fork)	2026-09-30T15:14:08.4085895Z C/C++: /usr/local/lib/android/sdk/ndk/28.0.13004108/toolchains/llvm/prebuilt/linux-x86_64/sysroot/usr/include/c++/v1/__memory/uninitialized_algorithms.h:594:33: note: in instantiation of function template specialization 'std::__uninitialized_allocator_copy_impl<std::allocator<latinime::NgramProperty>, latinime::NgramProperty *, latinime::NgramProperty *, latinime::NgramProperty *>' requested here
build	Build DaddyBoard (HeliBoard fork)	2026-09-30T15:14:08.4088089Z C/C++:   594 |   auto __result          = std::__uninitialized_allocator_copy_impl(
build	Build DaddyBoard (HeliBoard fork)	2026-09-30T15:14:08.4088857Z C/C++:       |                                 ^
build	Build DaddyBoard (HeliBoard fork)	2026-09-30T15:14:08.4090763Z C/C++: /usr/local/lib/android/sdk/ndk/28.0.13004108/toolchains/llvm/prebuilt/linux-x86_64/sysroot/usr/include/c++/v1/vector:1100:22: note: in instantiation of function template specialization 'std::__uninitialized_allocator_copy<std::allocator<latinime::NgramProperty>, latinime::NgramProperty *, latinime::NgramProperty *, latinime::NgramProperty *>' requested here
build	Build DaddyBoard (HeliBoard fork)	2026-09-30T15:14:08.4093138Z C/C++:  1100 |   __tx.__pos_ = std::__uninitialized_allocator_copy(__alloc(), __first, __last, __tx.__pos_);
build	Build DaddyBoard (HeliBoard fork)	2026-09-30T15:14:08.4093988Z C/C++:       |                      ^
build	Build DaddyBoard (HeliBoard fork)	2026-09-30T15:14:08.4095647Z C/C++: /usr/local/lib/android/sdk/ndk/28.0.13004108/toolchains/llvm/prebuilt/linux-x86_64/sysroot/usr/include/c++/v1/vector:761:7: note: in instantiation of function template specialization 'std::vector<latinime::NgramProperty>::__construct_at_end<latinime::NgramProperty *, latinime::NgramProperty *>' requested here
build	Build DaddyBoard (HeliBoard fork)	2026-09-30T15:14:08.4097379Z C/C++:   761 |       __construct_at_end(__first, __last, __n);
build	Build DaddyBoard (HeliBoard fork)	2026-09-30T15:14:08.4097903Z C/C++:       |       ^
build	Build DaddyBoard (HeliBoard fork)	2026-09-30T15:14:08.4099705Z C/C++: /usr/local/lib/android/sdk/ndk/28.0.13004108/toolchains/llvm/prebuilt/linux-x86_64/sysroot/usr/include/c++/v1/vector:1213:3: note: in instantiation of function template specialization 'std::vector<latinime::NgramProperty>::__init_with_size<latinime::NgramProperty *, latinime::NgramProperty *>' requested here
build	Build DaddyBoard (HeliBoard fork)	2026-09-30T15:14:08.4101764Z C/C++:  1213 |   __init_with_size(__x.__begin_, __x.__end_, __x.size());
build	Build DaddyBoard (HeliBoard fork)	2026-09-30T15:14:08.4102240Z C/C++:       |   ^
build	Build DaddyBoard (HeliBoard fork)	2026-09-30T15:14:08.4103401Z C/C++: /home/runner/work/daddyboard/daddyboard/daddyboard-main/app/src/main/jni/src/dictionary/property/word_property.h:39:15: note: in instantiation of member function 'std::vector<latinime::NgramProperty>::vector' requested here
build	Build DaddyBoard (HeliBoard fork)	2026-09-30T15:14:08.4104611Z C/C++:    39 |               mNgrams(ngrams) {}
build	Build DaddyBoard (HeliBoard fork)	2026-09-30T15:14:08.4104958Z C/C++:       |               ^
build	Build DaddyBoard (HeliBoard fork)	2026-09-30T15:14:08.4998996Z C/C++: 4 warnings generated.
build	Build DaddyBoard (HeliBoard fork)	2026-09-30T15:14:08.9000592Z C/C++: In file included from /home/runner/work/daddyboard/daddyboard/daddyboard-main/app/src/main/jni/src/dictionary/structure/dictionary_structure_with_buffer_policy_factory.cpp:17:
build	Build DaddyBoard (HeliBoard fork)	2026-09-30T15:14:08.9039669Z C/C++: In file included from /home/runner/work/daddyboard/daddyboard/daddyboard-main/app/src/main/jni/src/dictionary/structure/dictionary_structure_with_buffer_policy_factory.h:24:
build	Build DaddyBoard (HeliBoard fork)	2026-09-30T15:14:08.9041349Z C/C++: In file included from /home/runner/work/daddyboard/daddyboard/daddyboard-main/app/src/main/jni/src/dictionary/interface/dictionary_structure_with_buffer_policy.h:23:
build	Build DaddyBoard (HeliBoard fork)	2026-09-30T15:14:08.9045648Z C/C++: /home/runner/work/daddyboard/daddyboard/daddyboard-main/app/src/main/jni/src/dictionary/property/historical_info.h:52:5: warning: definition of implicit copy constructor for 'HistoricalInfo' is deprecated because it has a user-declared copy assignment operator [-Wdeprecated-copy]
build	Build DaddyBoard (HeliBoard fork)	2026-09-30T15:14:08.9047246Z C/C++:    52 |     DISALLOW_ASSIGNMENT_OPERATOR(HistoricalInfo);
build	Build DaddyBoard (HeliBoard fork)	2026-09-30T15:14:08.9047708Z C/C++:       |     ^
build	Build DaddyBoard (HeliBoard fork)	2026-09-30T15:14:08.9048670Z C/C++: /home/runner/work/daddyboard/daddyboard/daddyboard-main/app/src/main/jni/src/defines.h:289:8: note: expanded from macro 'DISALLOW_ASSIGNMENT_OPERATOR'
build	Build DaddyBoard (HeliBoard fork)	2026-09-30T15:14:08.9049566Z C/C++:   289 |   void operator=(const TypeName&) = delete
build	Build DaddyBoard (HeliBoard fork)	2026-09-30T15:14:08.9049918Z C/C++:       |        ^
build	Build DaddyBoard (HeliBoard fork)	2026-09-30T15:14:08.9050950Z C/C++: /home/runner/work/daddyboard/daddyboard/daddyboard-main/app/src/main/jni/src/dictionary/property/ngram_property.h:33:42: note: in implicit copy constructor for 'latinime::HistoricalInfo' first required here
build	Build DaddyBoard (HeliBoard fork)	2026-09-30T15:14:08.9052198Z C/C++:    33 |               mProbability(probability), mHistoricalInfo(historicalInfo) {}
build	Build DaddyBoard (HeliBoard fork)	2026-09-30T15:14:08.9052681Z C/C++:       |                                          ^
build	Build DaddyBoard (HeliBoard fork)	2026-09-30T15:14:08.9053662Z C/C++: In file included from /home/runner/work/daddyboard/daddyboard/daddyboard-main/app/src/main/jni/src/dictionary/structure/dictionary_structure_with_buffer_policy_factory.cpp:17:
build	Build DaddyBoard (HeliBoard fork)	2026-09-30T15:14:08.9055223Z C/C++: In file included from /home/runner/work/daddyboard/daddyboard/daddyboard-main/app/src/main/jni/src/dictionary/structure/dictionary_structure_with_buffer_policy_factory.h:24:
build	Build DaddyBoard (HeliBoard fork)	2026-09-30T15:14:08.9056750Z C/C++: In file included from /home/runner/work/daddyboard/daddyboard/daddyboard-main/app/src/main/jni/src/dictionary/interface/dictionary_structure_with_buffer_policy.h:25:
build	Build DaddyBoard (HeliBoard fork)	2026-09-30T15:14:08.9058637Z C/C++: In file included from /home/runner/work/daddyboard/daddyboard/daddyboard-main/app/src/main/jni/src/dictionary/property/word_property.h:24:
build	Build DaddyBoard (HeliBoard fork)	2026-09-30T15:14:08.9060838Z C/C++: /home/runner/work/daddyboard/daddyboard/daddyboard-main/app/src/main/jni/src/dictionary/property/unigram_property.h:126:5: warning: definition of implicit copy constructor for 'UnigramProperty' is deprecated because it has a user-declared copy assignment operator [-Wdeprecated-copy]
build	Build DaddyBoard (HeliBoard fork)	2026-09-30T15:14:08.9062363Z C/C++:   126 |     DISALLOW_ASSIGNMENT_OPERATOR(UnigramProperty);
build	Build DaddyBoard (HeliBoard fork)	2026-09-30T15:14:08.9062785Z C/C++:       |     ^
build	Build DaddyBoard (HeliBoard fork)	2026-09-30T15:14:08.9063560Z C/C++: /home/runner/work/daddyboard/daddyboard/daddyboard-main/app/src/main/jni/src/defines.h:289:8: note: expanded from macro 'DISALLOW_ASSIGNMENT_OPERATOR'
build	Build DaddyBoard (HeliBoard fork)	2026-09-30T15:14:08.9064507Z C/C++:   289 |   void operator=(const TypeName&) = delete
build	Build DaddyBoard (HeliBoard fork)	2026-09-30T15:14:08.9064917Z C/C++:       |        ^
build	Build DaddyBoard (HeliBoard fork)	2026-09-30T15:14:08.9065956Z C/C++: /home/runner/work/daddyboard/daddyboard/daddyboard-main/app/src/main/jni/src/dictionary/property/word_property.h:38:51: note: in implicit copy constructor for 'latinime::UnigramProperty' first required here
build	Build DaddyBoard (HeliBoard fork)	2026-09-30T15:14:08.9067269Z C/C++:    38 |             : mCodePoints(std::move(codePoints)), mUnigramProperty(unigramProperty),
build	Build DaddyBoard (HeliBoard fork)	2026-09-30T15:14:08.9067852Z C/C++:       |                                                   ^
build	Build DaddyBoard (HeliBoard fork)	2026-09-30T15:14:08.9069133Z C/C++: In file included from /home/runner/work/daddyboard/daddyboard/daddyboard-main/app/src/main/jni/src/dictionary/structure/dictionary_structure_with_buffer_policy_factory.cpp:22:
build	Build DaddyBoard (HeliBoard fork)	2026-09-30T15:14:08.9070615Z C/C++: In file included from /home/runner/work/daddyboard/daddyboard/daddyboard-main/app/src/main/jni/src/dictionary/structure/backward/v402/ver4_dict_buffers.h:30:
build	Build DaddyBoard (HeliBoard fork)	2026-09-30T15:14:08.9071890Z C/C++: In file included from /home/runner/work/daddyboard/daddyboard/daddyboard-main/app/src/main/jni/src/dictionary/header/header_policy.h:25:
build	Build DaddyBoard (HeliBoard fork)	2026-09-30T15:14:08.9073711Z C/C++: /home/runner/work/daddyboard/daddyboard/daddyboard-main/app/src/main/jni/src/dictionary/utils/entry_counters.h:44:5: warning: definition of implicit copy constructor for 'EntryCounts' is deprecated because it has a user-declared copy assignment operator [-Wdeprecated-copy]
build	Build DaddyBoard (HeliBoard fork)	2026-09-30T15:14:08.9075192Z C/C++:    44 |     DISALLOW_ASSIGNMENT_OPERATOR(EntryCounts);
build	Build DaddyBoard (HeliBoard fork)	2026-09-30T15:14:08.9075550Z C/C++:       |     ^
build	Build DaddyBoard (HeliBoard fork)	2026-09-30T15:14:08.9076326Z C/C++: /home/runner/work/daddyboard/daddyboard/daddyboard-main/app/src/main/jni/src/defines.h:289:8: note: expanded from macro 'DISALLOW_ASSIGNMENT_OPERATOR'
build	Build DaddyBoard (HeliBoard fork)	2026-09-30T15:14:08.9077214Z C/C++:   289 |   void operator=(const TypeName&) = delete
build	Build DaddyBoard (HeliBoard fork)	2026-09-30T15:14:08.9077610Z C/C++:       |        ^
build	Build DaddyBoard (HeliBoard fork)	2026-09-30T15:14:08.9078796Z C/C++: /home/runner/work/daddyboard/daddyboard/daddyboard-main/app/src/main/jni/src/dictionary/header/header_policy.h:92:15: note: in implicit copy constructor for 'latinime::EntryCounts' first required here
build	Build DaddyBoard (HeliBoard fork)	2026-09-30T15:14:08.9079943Z C/C++:    92 |               mNgramCounts(headerPolicy->mNgramCounts),
build	Build DaddyBoard (HeliBoard fork)	2026-09-30T15:14:08.9080370Z C/C++:       |               ^
build	Build DaddyBoard (HeliBoard fork)	2026-09-30T15:14:08.9081311Z C/C++: In file included from /home/runner/work/daddyboard/daddyboard/daddyboard-main/app/src/main/jni/src/dictionary/structure/dictionary_structure_with_buffer_policy_factory.cpp:17:
build	Build DaddyBoard (HeliBoard fork)	2026-09-30T15:14:08.9082895Z C/C++: In file included from /home/runner/work/daddyboard/daddyboard/daddyboard-main/app/src/main/jni/src/dictionary/structure/dictionary_structure_with_buffer_policy_factory.h:25:
build	Build DaddyBoard (HeliBoard fork)	2026-09-30T15:14:08.9084303Z C/C++: In file included from /home/runner/work/daddyboard/daddyboard/daddyboard-main/app/src/main/jni/src/dictionary/utils/format_utils.h:23:
build	Build DaddyBoard (HeliBoard fork)	2026-09-30T15:14:08.9086179Z C/C++: /home/runner/work/daddyboard/daddyboard/daddyboard-main/app/src/main/jni/src/utils/byte_array_view.h:53:5: warning: definition of implicit copy constructor for 'ReadOnlyByteArrayView' is deprecated because it has a user-declared copy assignment operator [-Wdeprecated-copy]
build	Build DaddyBoard (HeliBoard fork)	2026-09-30T15:14:08.9087979Z C/C++:    53 |     DISALLOW_ASSIGNMENT_OPERATOR(ReadOnlyByteArrayView);
build	Build DaddyBoard (HeliBoard fork)	2026-09-30T15:14:08.9088787Z C/C++:       |     ^
build	Build DaddyBoard (HeliBoard fork)	2026-09-30T15:14:08.9089541Z C/C++: /home/runner/work/daddyboard/daddyboard/daddyboard-main/app/src/main/jni/src/defines.h:289:8: note: expanded from macro 'DISALLOW_ASSIGNMENT_OPERATOR'
build	Build DaddyBoard (HeliBoard fork)	2026-09-30T15:14:08.9090452Z C/C++:   289 |   void operator=(const TypeName&) = delete
build	Build DaddyBoard (HeliBoard fork)	2026-09-30T15:14:08.9090852Z C/C++:       |        ^
build	Build DaddyBoard (HeliBoard fork)	2026-09-30T15:14:08.9092120Z C/C++: /home/runner/work/daddyboard/daddyboard/daddyboard-main/app/src/main/jni/src/dictionary/structure/pt_common/shortcut/shortcut_list_reading_utils.h:52:75: note: in implicit copy constructor for 'latinime::ReadOnlyByteArrayView' first required here
build	Build DaddyBoard (HeliBoard fork)	2026-09-30T15:14:08.9093654Z C/C++:    52 |         const int shortcutListSize = getShortcutListSizeAndForwardPointer(buffer, pos);
build	Build DaddyBoard (HeliBoard fork)	2026-09-30T15:14:08.9094299Z C/C++:       |                                                                           ^
build	Build DaddyBoard (HeliBoard fork)	2026-09-30T15:14:08.9095333Z C/C++: In file included from /home/runner/work/daddyboard/daddyboard/daddyboard-main/app/src/main/jni/src/dictionary/structure/dictionary_structure_with_buffer_policy_factory.cpp:27:
build	Build DaddyBoard (HeliBoard fork)	2026-09-30T15:14:08.9096791Z C/C++: In file included from /home/runner/work/daddyboard/daddyboard/daddyboard-main/app/src/main/jni/src/dictionary/structure/v4/ver4_dict_buffers.h:25:
build	Build DaddyBoard (HeliBoard fork)	2026-09-30T15:14:08.9098199Z C/C++: In file included from /home/runner/work/daddyboard/daddyboard/daddyboard-main/app/src/main/jni/src/dictionary/structure/v4/content/language_model_dict_content.h:30:
build	Build DaddyBoard (HeliBoard fork)	2026-09-30T15:14:08.9100356Z C/C++: /home/runner/work/daddyboard/daddyboard/daddyboard-main/app/src/main/jni/src/dictionary/utils/trie_map.h:129:9: warning: definition of implicit copy constructor for 'TrieMapIterator' is deprecated because it has a user-declared copy assignment operator [-Wdeprecated-copy]
build	Build DaddyBoard (HeliBoard fork)	2026-09-30T15:14:08.9101843Z C/C++:   129 |         DISALLOW_ASSIGNMENT_OPERATOR(TrieMapIterator);
build	Build DaddyBoard (HeliBoard fork)	2026-09-30T15:14:08.9102290Z C/C++:       |         ^
build	Build DaddyBoard (HeliBoard fork)	2026-09-30T15:14:08.9103074Z C/C++: /home/runner/work/daddyboard/daddyboard/daddyboard-main/app/src/main/jni/src/defines.h:289:8: note: expanded from macro 'DISALLOW_ASSIGNMENT_OPERATOR'
build	Build DaddyBoard (HeliBoard fork)	2026-09-30T15:14:08.9103977Z C/C++:   289 |   void operator=(const TypeName&) = delete
build	Build DaddyBoard (HeliBoard fork)	2026-09-30T15:14:08.9104387Z C/C++:       |        ^
build	Build DaddyBoard (HeliBoard fork)	2026-09-30T15:14:08.9105596Z C/C++: /home/runner/work/daddyboard/daddyboard/daddyboard-main/app/src/main/jni/src/dictionary/structure/v4/content/language_model_dict_content.h:67:19: note: in implicit copy constructor for 'latinime::TrieMap::TrieMapIterator' first required here
build	Build DaddyBoard (HeliBoard fork)	2026-09-30T15:14:08.9107093Z C/C++:    67 |                 : mTrieMapIterator(trieMapIterator), mHasHistoricalInfo(hasHistoricalInfo) {}
build	Build DaddyBoard (HeliBoard fork)	2026-09-30T15:14:08.9107682Z C/C++:       |                   ^
build	Build DaddyBoard (HeliBoard fork)	2026-09-30T15:14:08.9108826Z C/C++: In file included from /home/runner/work/daddyboard/daddyboard/daddyboard-main/app/src/main/jni/src/dictionary/structure/dictionary_structure_with_buffer_policy_factory.cpp:27:
build	Build DaddyBoard (HeliBoard fork)	2026-09-30T15:14:08.9110293Z C/C++: In file included from /home/runner/work/daddyboard/daddyboard/daddyboard-main/app/src/main/jni/src/dictionary/structure/v4/ver4_dict_buffers.h:25:
build	Build DaddyBoard (HeliBoard fork)	2026-09-30T15:14:08.9111716Z C/C++: In file included from /home/runner/work/daddyboard/daddyboard/daddyboard-main/app/src/main/jni/src/dictionary/structure/v4/content/language_model_dict_content.h:30:
build	Build DaddyBoard (HeliBoard fork)	2026-09-30T15:14:08.9113663Z C/C++: /home/runner/work/daddyboard/daddyboard/daddyboard-main/app/src/main/jni/src/dictionary/utils/trie_map.h:158:9: warning: definition of implicit copy constructor for 'TrieMapRange' is deprecated because it has a user-declared copy assignment operator [-Wdeprecated-copy]
build	Build DaddyBoard (HeliBoard fork)	2026-09-30T15:14:08.9115100Z C/C++:   158 |         DISALLOW_ASSIGNMENT_OPERATOR(TrieMapRange);
build	Build DaddyBoard (HeliBoard fork)	2026-09-30T15:14:08.9115525Z C/C++:       |         ^
build	Build DaddyBoard (HeliBoard fork)	2026-09-30T15:14:08.9116317Z C/C++: /home/runner/work/daddyboard/daddyboard/daddyboard-main/app/src/main/jni/src/defines.h:289:8: note: expanded from macro 'DISALLOW_ASSIGNMENT_OPERATOR'
build	Build DaddyBoard (HeliBoard fork)	2026-09-30T15:14:08.9117506Z C/C++:   289 |   void operator=(const TypeName&) = delete
build	Build DaddyBoard (HeliBoard fork)	2026-09-30T15:14:08.9118083Z C/C++:       |        ^
build	Build DaddyBoard (HeliBoard fork)	2026-09-30T15:14:08.9119379Z C/C++: /home/runner/work/daddyboard/daddyboard/daddyboard-main/app/src/main/jni/src/dictionary/structure/v4/content/language_model_dict_content.h:96:19: note: in implicit copy constructor for 'latinime::TrieMap::TrieMapRange' first required here
build	Build DaddyBoard (HeliBoard fork)	2026-09-30T15:14:08.9120810Z C/C++:    96 |                 : mTrieMapRange(trieMapRange), mHasHistoricalInfo(hasHistoricalInfo) {}
build	Build DaddyBoard (HeliBoard fork)	2026-09-30T15:14:08.9121358Z C/C++:       |                   ^
build	Build DaddyBoard (HeliBoard fork)	2026-09-30T15:14:08.9122315Z C/C++: In file included from /home/runner/work/daddyboard/daddyboard/daddyboard-main/app/src/main/jni/src/dictionary/structure/dictionary_structure_with_buffer_policy_factory.cpp:17:
build	Build DaddyBoard (HeliBoard fork)	2026-09-30T15:14:08.9123865Z C/C++: In file included from /home/runner/work/daddyboard/daddyboard/daddyboard-main/app/src/main/jni/src/dictionary/structure/dictionary_structure_with_buffer_policy_factory.h:24:
build	Build DaddyBoard (HeliBoard fork)	2026-09-30T15:14:08.9125375Z C/C++: In file included from /home/runner/work/daddyboard/daddyboard/daddyboard-main/app/src/main/jni/src/dictionary/interface/dictionary_structure_with_buffer_policy.h:24:
build	Build DaddyBoard (HeliBoard fork)	2026-09-30T15:14:08.9127372Z C/C++: /home/runner/work/daddyboard/daddyboard/daddyboard-main/app/src/main/jni/src/dictionary/property/word_attributes.h:59:5: warning: definition of implicit copy constructor for 'WordAttributes' is deprecated because it has a user-declared copy assignment operator [-Wdeprecated-copy]
build	Build DaddyBoard (HeliBoard fork)	2026-09-30T15:14:08.9129031Z C/C++:    59 |     DISALLOW_ASSIGNMENT_OPERATOR(WordAttributes);
build	Build DaddyBoard (HeliBoard fork)	2026-09-30T15:14:08.9129460Z C/C++:       |     ^
build	Build DaddyBoard (HeliBoard fork)	2026-09-30T15:14:08.9130304Z C/C++: /home/runner/work/daddyboard/daddyboard/daddyboard-main/app/src/main/jni/src/defines.h:289:8: note: expanded from macro 'DISALLOW_ASSIGNMENT_OPERATOR'
build	Build DaddyBoard (HeliBoard fork)	2026-09-30T15:14:08.9131222Z C/C++:   289 |   void operator=(const TypeName&) = delete
build	Build DaddyBoard (HeliBoard fork)	2026-09-30T15:14:08.9131640Z C/C++:       |        ^
build	Build DaddyBoard (HeliBoard fork)	2026-09-30T15:14:08.9132743Z C/C++: /home/runner/work/daddyboard/daddyboard/daddyboard-main/app/src/main/jni/src/dictionary/structure/v4/content/language_model_dict_content.h:119:19: note: in implicit copy constructor for 'WordAttributes' first required here
build	Build DaddyBoard (HeliBoard fork)	2026-09-30T15:14:08.9134185Z C/C++:   119 |                   mWordAttributes(wordAttributes), mProbabilityEntry(probabilityEntry) {}
build	Build DaddyBoard (HeliBoard fork)	2026-09-30T15:14:08.9134758Z C/C++:       |                   ^
build	Build DaddyBoard (HeliBoard fork)	2026-09-30T15:14:08.9135997Z C/C++: /home/runner/work/daddyboard/daddyboard/daddyboard-main/app/src/main/jni/src/dictionary/structure/dictionary_structure_with_buffer_policy_factory.cpp:148:19: warning: variable length arrays in C++ are a Clang extension [-Wvla-cxx-extension]
build	Build DaddyBoard (HeliBoard fork)	2026-09-30T15:14:08.9137338Z C/C++:   148 |     char dictPath[dictDirPathBufSize];
build	Build DaddyBoard (HeliBoard fork)	2026-09-30T15:14:08.9137751Z C/C++:       |                   ^~~~~~~~~~~~~~~~~~
build	Build DaddyBoard (HeliBoard fork)	2026-09-30T15:14:08.9139099Z C/C++: /home/runner/work/daddyboard/daddyboard/daddyboard-main/app/src/main/jni/src/dictionary/structure/dictionary_structure_with_buffer_policy_factory.cpp:148:19: note: initializer of 'dictDirPathBufSize' is not a constant expression
build	Build DaddyBoard (HeliBoard fork)	2026-09-30T15:14:08.9140978Z C/C++: /home/runner/work/daddyboard/daddyboard/daddyboard-main/app/src/main/jni/src/dictionary/structure/dictionary_structure_with_buffer_policy_factory.cpp:147:15: note: declared here
build	Build DaddyBoard (HeliBoard fork)	2026-09-30T15:14:08.9142188Z C/C++:   147 |     const int dictDirPathBufSize = strlen(headerFilePath) + 1 /* terminator */;
build	Build DaddyBoard (HeliBoard fork)	2026-09-30T15:14:08.9142742Z C/C++:       |               ^
build	Build DaddyBoard (HeliBoard fork)	2026-09-30T15:14:08.9143931Z C/C++: /home/runner/work/daddyboard/daddyboard/daddyboard-main/app/src/main/jni/src/dictionary/structure/dictionary_structure_with_buffer_policy_factory.cpp:203:19: warning: variable length arrays in C++ are a Clang extension [-Wvla-cxx-extension]
build	Build DaddyBoard (HeliBoard fork)	2026-09-30T15:14:08.9145223Z C/C++:   203 |     char dictName[dictNameBufSize];
build	Build DaddyBoard (HeliBoard fork)	2026-09-30T15:14:08.9145611Z C/C++:       |                   ^~~~~~~~~~~~~~~
build	Build DaddyBoard (HeliBoard fork)	2026-09-30T15:14:08.9147063Z C/C++: /home/runner/work/daddyboard/daddyboard/daddyboard-main/app/src/main/jni/src/dictionary/structure/dictionary_structure_with_buffer_policy_factory.cpp:203:19: note: initializer of 'dictNameBufSize' is not a constant expression
build	Build DaddyBoard (HeliBoard fork)	2026-09-30T15:14:08.9149281Z C/C++: /home/runner/work/daddyboard/daddyboard/daddyboard-main/app/src/main/jni/src/dictionary/structure/dictionary_structure_with_buffer_policy_factory.cpp:202:15: note: declared here
build	Build DaddyBoard (HeliBoard fork)	2026-09-30T15:14:08.9150417Z C/C++:   202 |     const int dictNameBufSize = strlen(dictDirPath) + 1 /* terminator */;
build	Build DaddyBoard (HeliBoard fork)	2026-09-30T15:14:08.9150939Z C/C++:       |               ^
build	Build DaddyBoard (HeliBoard fork)	2026-09-30T15:14:09.0000007Z C/C++: In file included from /home/runner/work/daddyboard/daddyboard/daddyboard-main/app/src/main/jni/src/dictionary/structure/dictionary_structure_with_buffer_policy_factory.cpp:17:
build	Build DaddyBoard (HeliBoard fork)	2026-09-30T15:14:09.0008697Z C/C++: In file included from /home/runner/work/daddyboard/daddyboard/daddyboard-main/app/src/main/jni/src/dictionary/structure/dictionary_structure_with_buffer_policy_factory.h:24:
build	Build DaddyBoard (HeliBoard fork)	2026-09-30T15:14:09.0010580Z C/C++: In file included from /home/runner/work/daddyboard/daddyboard/daddyboard-main/app/src/main/jni/src/dictionary/interface/dictionary_structure_with_buffer_policy.h:25:
build	Build DaddyBoard (HeliBoard fork)	2026-09-30T15:14:09.0012107Z C/C++: In file included from /home/runner/work/daddyboard/daddyboard/daddyboard-main/app/src/main/jni/src/dictionary/property/word_property.h:23:
build	Build DaddyBoard (HeliBoard fork)	2026-09-30T15:14:09.0013497Z C/C++: In file included from /home/runner/work/daddyboard/daddyboard/daddyboard-main/app/src/main/jni/src/dictionary/property/ngram_property.h:24:
build	Build DaddyBoard (HeliBoard fork)	2026-09-30T15:14:09.0014897Z C/C++: In file included from /home/runner/work/daddyboard/daddyboard/daddyboard-main/app/src/main/jni/src/dictionary/property/ngram_context.h:23:
build	Build DaddyBoard (HeliBoard fork)	2026-09-30T15:14:09.0016777Z C/C++: /home/runner/work/daddyboard/daddyboard/daddyboard-main/app/src/main/jni/src/utils/int_array_view.h:160:5: warning: definition of implicit copy constructor for 'IntArrayView' is deprecated because it has a user-declared copy assignment operator [-Wdeprecated-copy]
build	Build DaddyBoard (HeliBoard fork)	2026-09-30T15:14:09.0018724Z C/C++:   160 |     DISALLOW_ASSIGNMENT_OPERATOR(IntArrayView);
build	Build DaddyBoard (HeliBoard fork)	2026-09-30T15:14:09.0019340Z C/C++:       |     ^
build	Build DaddyBoard (HeliBoard fork)	2026-09-30T15:14:09.0020197Z C/C++: /home/runner/work/daddyboard/daddyboard/daddyboard-main/app/src/main/jni/src/defines.h:289:8: note: expanded from macro 'DISALLOW_ASSIGNMENT_OPERATOR'
build	Build DaddyBoard (HeliBoard fork)	2026-09-30T15:14:09.0021100Z C/C++:   289 |   void operator=(const TypeName&) = delete
build	Build DaddyBoard (HeliBoard fork)	2026-09-30T15:14:09.0021487Z C/C++:       |        ^
build	Build DaddyBoard (HeliBoard fork)	2026-09-30T15:14:09.0022574Z C/C++: /usr/local/lib/android/sdk/ndk/28.0.13004108/toolchains/llvm/prebuilt/linux-x86_64/sysroot/usr/include/c++/v1/__memory/allocator.h:173:24: note: in implicit copy constructor for 'latinime::IntArrayView' first required here
build	Build DaddyBoard (HeliBoard fork)	2026-09-30T15:14:09.0023779Z C/C++:   173 |     ::new ((void*)__p) _Up(std::forward<_Args>(__args)...);
build	Build DaddyBoard (HeliBoard fork)	2026-09-30T15:14:09.0024216Z C/C++:       |                        ^
build	Build DaddyBoard (HeliBoard fork)	2026-09-30T15:14:09.0025753Z C/C++: /usr/local/lib/android/sdk/ndk/28.0.13004108/toolchains/llvm/prebuilt/linux-x86_64/sysroot/usr/include/c++/v1/__memory/allocator_traits.h:320:9: note: in instantiation of function template specialization 'std::allocator<latinime::IntArrayView>::construct<latinime::IntArrayView, latinime::IntArrayView>' requested here
build	Build DaddyBoard (HeliBoard fork)	2026-09-30T15:14:09.0027353Z C/C++:   320 |     __a.construct(__p, std::forward<_Args>(__args)...);
build	Build DaddyBoard (HeliBoard fork)	2026-09-30T15:14:09.0027773Z C/C++:       |         ^
build	Build DaddyBoard (HeliBoard fork)	2026-09-30T15:14:09.0029556Z C/C++: /usr/local/lib/android/sdk/ndk/28.0.13004108/toolchains/llvm/prebuilt/linux-x86_64/sysroot/usr/include/c++/v1/__memory/uninitialized_algorithms.h:639:33: note: in instantiation of function template specialization 'std::allocator_traits<std::allocator<latinime::IntArrayView>>::construct<latinime::IntArrayView, latinime::IntArrayView, 0>' requested here
build	Build DaddyBoard (HeliBoard fork)	2026-09-30T15:14:09.0031435Z C/C++:   639 |       allocator_traits<_Alloc>::construct(__alloc, __result, std::move(*__iter));
build	Build DaddyBoard (HeliBoard fork)	2026-09-30T15:14:09.0031957Z C/C++:       |                                 ^
build	Build DaddyBoard (HeliBoard fork)	2026-09-30T15:14:09.0033379Z C/C++: /usr/local/lib/android/sdk/ndk/28.0.13004108/toolchains/llvm/prebuilt/linux-x86_64/sysroot/usr/include/c++/v1/vector:1511:3: note: in instantiation of member function 'std::vector<latinime::IntArrayView>::__swap_out_circular_buffer' requested here
build	Build DaddyBoard (HeliBoard fork)	2026-09-30T15:14:09.0034726Z C/C++:  1511 |   __swap_out_circular_buffer(__v);
build	Build DaddyBoard (HeliBoard fork)	2026-09-30T15:14:09.0035084Z C/C++:       |   ^
build	Build DaddyBoard (HeliBoard fork)	2026-09-30T15:14:09.0036428Z C/C++: /usr/local/lib/android/sdk/ndk/28.0.13004108/toolchains/llvm/prebuilt/linux-x86_64/sysroot/usr/include/c++/v1/vector:1529:13: note: in instantiation of function template specialization 'std::vector<latinime::IntArrayView>::__emplace_back_slow_path<const int *const &, const unsigned long &>' requested here
build	Build DaddyBoard (HeliBoard fork)	2026-09-30T15:14:09.0037970Z C/C++:  1529 |     __end = __emplace_back_slow_path(std::forward<_Args>(__args)...);
build	Build DaddyBoard (HeliBoard fork)	2026-09-30T15:14:09.0038576Z C/C++:       |             ^
build	Build DaddyBoard (HeliBoard fork)	2026-09-30T15:14:09.0039860Z C/C++: /home/runner/work/daddyboard/daddyboard/daddyboard-main/app/src/main/jni/src/utils/int_array_view.h:142:20: note: in instantiation of function template specialization 'std::vector<latinime::IntArrayView>::emplace_back<const int *const &, const unsigned long &>' requested here
build	Build DaddyBoard (HeliBoard fork)	2026-09-30T15:14:09.0041238Z C/C++:   142 |             result.emplace_back(mPtr, mSize);
build	Build DaddyBoard (HeliBoard fork)	2026-09-30T15:14:09.0041614Z C/C++:       |                    ^
build	Build DaddyBoard (HeliBoard fork)	2026-09-30T15:14:09.0042512Z C/C++: In file included from /home/runner/work/daddyboard/daddyboard/daddyboard-main/app/src/main/jni/src/dictionary/structure/dictionary_structure_with_buffer_policy_factory.cpp:17:
build	Build DaddyBoard (HeliBoard fork)	2026-09-30T15:14:09.0043995Z C/C++: In file included from /home/runner/work/daddyboard/daddyboard/daddyboard-main/app/src/main/jni/src/dictionary/structure/dictionary_structure_with_buffer_policy_factory.h:24:
build	Build DaddyBoard (HeliBoard fork)	2026-09-30T15:14:09.0045473Z C/C++: In file included from /home/runner/work/daddyboard/daddyboard/daddyboard-main/app/src/main/jni/src/dictionary/interface/dictionary_structure_with_buffer_policy.h:25:
build	Build DaddyBoard (HeliBoard fork)	2026-09-30T15:14:09.0046803Z C/C++: In file included from /home/runner/work/daddyboard/daddyboard/daddyboard-main/app/src/main/jni/src/dictionary/property/word_property.h:23:
build	Build DaddyBoard (HeliBoard fork)	2026-09-30T15:14:09.0048772Z C/C++: /home/runner/work/daddyboard/daddyboard/daddyboard-main/app/src/main/jni/src/dictionary/property/ngram_property.h:54:5: warning: definition of implicit copy constructor for 'NgramProperty' is deprecated because it has a user-declared copy assignment operator [-Wdeprecated-copy]
build	Build DaddyBoard (HeliBoard fork)	2026-09-30T15:14:09.0050240Z C/C++:    54 |     DISALLOW_ASSIGNMENT_OPERATOR(NgramProperty);
build	Build DaddyBoard (HeliBoard fork)	2026-09-30T15:14:09.0050635Z C/C++:       |     ^
build	Build DaddyBoard (HeliBoard fork)	2026-09-30T15:14:09.0051383Z C/C++: /home/runner/work/daddyboard/daddyboard/daddyboard-main/app/src/main/jni/src/defines.h:289:8: note: expanded from macro 'DISALLOW_ASSIGNMENT_OPERATOR'
build	Build DaddyBoard (HeliBoard fork)	2026-09-30T15:14:09.0052256Z C/C++:   289 |   void operator=(const TypeName&) = delete
build	Build DaddyBoard (HeliBoard fork)	2026-09-30T15:14:09.0052636Z C/C++:       |        ^
build	Build DaddyBoard (HeliBoard fork)	2026-09-30T15:14:09.0053672Z C/C++: /usr/local/lib/android/sdk/ndk/28.0.13004108/toolchains/llvm/prebuilt/linux-x86_64/sysroot/usr/include/c++/v1/__memory/allocator.h:173:24: note: in implicit copy constructor for 'latinime::NgramProperty' first required here
build	Build DaddyBoard (HeliBoard fork)	2026-09-30T15:14:09.0054753Z C/C++:   173 |     ::new ((void*)__p) _Up(std::forward<_Args>(__args)...);
build	Build DaddyBoard (HeliBoard fork)	2026-09-30T15:14:09.0055151Z C/C++:       |                        ^
build	Build DaddyBoard (HeliBoard fork)	2026-09-30T15:14:09.0056666Z C/C++: /usr/local/lib/android/sdk/ndk/28.0.13004108/toolchains/llvm/prebuilt/linux-x86_64/sysroot/usr/include/c++/v1/__memory/allocator_traits.h:320:9: note: in instantiation of function template specialization 'std::allocator<latinime::NgramProperty>::construct<latinime::NgramProperty, latinime::NgramProperty &>' requested here
build	Build DaddyBoard (HeliBoard fork)	2026-09-30T15:14:09.0058424Z C/C++:   320 |     __a.construct(__p, std::forward<_Args>(__args)...);
build	Build DaddyBoard (HeliBoard fork)	2026-09-30T15:14:09.0058839Z C/C++:       |         ^
build	Build DaddyBoard (HeliBoard fork)	2026-09-30T15:14:09.0060448Z C/C++: /usr/local/lib/android/sdk/ndk/28.0.13004108/toolchains/llvm/prebuilt/linux-x86_64/sysroot/usr/include/c++/v1/__memory/uninitialized_algorithms.h:551:31: note: in instantiation of function template specialization 'std::allocator_traits<std::allocator<latinime::NgramProperty>>::construct<latinime::NgramProperty, latinime::NgramProperty &, 0>' requested here
build	Build DaddyBoard (HeliBoard fork)	2026-09-30T15:14:09.0062700Z C/C++:   551 |     allocator_traits<_Alloc>::construct(__alloc, std::__to_address(__first2), *__first1);
build	Build DaddyBoard (HeliBoard fork)	2026-09-30T15:14:09.0063233Z C/C++:       |                               ^
build	Build DaddyBoard (HeliBoard fork)	2026-09-30T15:14:09.0065005Z C/C++: /usr/local/lib/android/sdk/ndk/28.0.13004108/toolchains/llvm/prebuilt/linux-x86_64/sysroot/usr/include/c++/v1/__memory/uninitialized_algorithms.h:594:33: note: in instantiation of function template specialization 'std::__uninitialized_allocator_copy_impl<std::allocator<latinime::NgramProperty>, latinime::NgramProperty *, latinime::NgramProperty *, latinime::NgramProperty *>' requested here
build	Build DaddyBoard (HeliBoard fork)	2026-09-30T15:14:09.0066924Z C/C++:   594 |   auto __result          = std::__uninitialized_allocator_copy_impl(
build	Build DaddyBoard (HeliBoard fork)	2026-09-30T15:14:09.0067419Z C/C++:       |                                 ^
build	Build DaddyBoard (HeliBoard fork)	2026-09-30T15:14:09.0069281Z C/C++: /usr/local/lib/android/sdk/ndk/28.0.13004108/toolchains/llvm/prebuilt/linux-x86_64/sysroot/usr/include/c++/v1/vector:1100:22: note: in instantiation of function template specialization 'std::__uninitialized_allocator_copy<std::allocator<latinime::NgramProperty>, latinime::NgramProperty *, latinime::NgramProperty *, latinime::NgramProperty *>' requested here
build	Build DaddyBoard (HeliBoard fork)	2026-09-30T15:14:09.0071204Z C/C++:  1100 |   __tx.__pos_ = std::__uninitialized_allocator_copy(__alloc(), __first, __last, __tx.__pos_);
build	Build DaddyBoard (HeliBoard fork)	2026-09-30T15:14:09.0071776Z C/C++:       |                      ^
build	Build DaddyBoard (HeliBoard fork)	2026-09-30T15:14:09.0073253Z C/C++: /usr/local/lib/android/sdk/ndk/28.0.13004108/toolchains/llvm/prebuilt/linux-x86_64/sysroot/usr/include/c++/v1/vector:761:7: note: in instantiation of function template specialization 'std::vector<latinime::NgramProperty>::__construct_at_end<latinime::NgramProperty *, latinime::NgramProperty *>' requested here
build	Build DaddyBoard (HeliBoard fork)	2026-09-30T15:14:09.0074816Z C/C++:   761 |       __construct_at_end(__first, __last, __n);
build	Build DaddyBoard (HeliBoard fork)	2026-09-30T15:14:09.0075231Z C/C++:       |       ^
build	Build DaddyBoard (HeliBoard fork)	2026-09-30T15:14:09.0076681Z C/C++: /usr/local/lib/android/sdk/ndk/28.0.13004108/toolchains/llvm/prebuilt/linux-x86_64/sysroot/usr/include/c++/v1/vector:1213:3: note: in instantiation of function template specialization 'std::vector<latinime::NgramProperty>::__init_with_size<latinime::NgramProperty *, latinime::NgramProperty *>' requested here
build	Build DaddyBoard (HeliBoard fork)	2026-09-30T15:14:09.0078481Z C/C++:  1213 |   __init_with_size(__x.__begin_, __x.__end_, __x.size());
build	Build DaddyBoard (HeliBoard fork)	2026-09-30T15:14:09.0078920Z C/C++:       |   ^
build	Build DaddyBoard (HeliBoard fork)	2026-09-30T15:14:09.0080012Z C/C++: /home/runner/work/daddyboard/daddyboard/daddyboard-main/app/src/main/jni/src/dictionary/property/word_property.h:39:15: note: in instantiation of member function 'std::vector<latinime::NgramProperty>::vector' requested here
build	Build DaddyBoard (HeliBoard fork)	2026-09-30T15:14:09.0081188Z C/C++:    39 |               mNgrams(ngrams) {}
build	Build DaddyBoard (HeliBoard fork)	2026-09-30T15:14:09.0081536Z C/C++:       |               ^
build	Build DaddyBoard (HeliBoard fork)	2026-09-30T15:14:09.1030061Z C/C++: /home/runner/work/daddyboard/daddyboard/daddyboard-main/app/src/main/jni/src/dictionary/structure/dictionary_structure_with_buffer_policy_factory.cpp:148:19: warning: variable length arrays in C++ are a Clang extension [-Wvla-cxx-extension]
build	Build DaddyBoard (HeliBoard fork)	2026-09-30T15:14:09.1048937Z C/C++:   148 |     char dictPath[dictDirPathBufSize];
build	Build DaddyBoard (HeliBoard fork)	2026-09-30T15:14:09.1078708Z C/C++:       |                   ^~~~~~~~~~~~~~~~~~
build	Build DaddyBoard (HeliBoard fork)	2026-09-30T15:14:09.1110911Z C/C++: /home/runner/work/daddyboard/daddyboard/daddyboard-main/app/src/main/jni/src/dictionary/structure/dictionary_structure_with_buffer_policy_factory.cpp:122:20: note: in instantiation of function template specialization 'latinime::DictionaryStructureWithBufferPolicyFactory::newPolicyForV4Dict<latinime::backward::v402::Ver4DictConstants, latinime::backward::v402::Ver4DictBuffers, std::unique_ptr<latinime::backward::v402::Ver4DictBuffers>, latinime::backward::v402::Ver4PatriciaTriePolicy>' requested here
build	Build DaddyBoard (HeliBoard fork)	2026-09-30T15:14:09.1138871Z C/C++:   122 |             return newPolicyForV4Dict<backward::v402::Ver4DictConstants,
build	Build DaddyBoard (HeliBoard fork)	2026-09-30T15:14:09.1168689Z C/C++:       |                    ^
build	Build DaddyBoard (HeliBoard fork)	2026-09-30T15:14:09.1199586Z C/C++: /home/runner/work/daddyboard/daddyboard/daddyboard-main/app/src/main/jni/src/dictionary/structure/dictionary_structure_with_buffer_policy_factory.cpp:148:19: note: initializer of 'dictDirPathBufSize' is not a constant expression
build	Build DaddyBoard (HeliBoard fork)	2026-09-30T15:14:09.1201262Z C/C++:   148 |     char dictPath[dictDirPathBufSize];
build	Build DaddyBoard (HeliBoard fork)	2026-09-30T15:14:09.1258832Z C/C++:       |                   ^
build	Build DaddyBoard (HeliBoard fork)	2026-09-30T15:14:09.1284496Z C/C++: /home/runner/work/daddyboard/daddyboard/daddyboard-main/app/src/main/jni/src/dictionary/structure/dictionary_structure_with_buffer_policy_factory.cpp:147:15: note: declared here
build	Build DaddyBoard (HeliBoard fork)	2026-09-30T15:14:09.1308887Z C/C++:   147 |     const int dictDirPathBufSize = strlen(headerFilePath) + 1 /* terminator */;
build	Build DaddyBoard (HeliBoard fork)	2026-09-30T15:14:09.1338665Z C/C++:       |               ^
build	Build DaddyBoard (HeliBoard fork)	2026-09-30T15:14:09.1375551Z C/C++: /home/runner/work/daddyboard/daddyboard/daddyboard-main/app/src/main/jni/src/dictionary/structure/dictionary_structure_with_buffer_policy_factory.cpp:148:19: warning: variable length arrays in C++ are a Clang extension [-Wvla-cxx-extension]
build	Build DaddyBoard (HeliBoard fork)	2026-09-30T15:14:09.1399963Z C/C++:   148 |     char dictPath[dictDirPathBufSize];
build	Build DaddyBoard (HeliBoard fork)	2026-09-30T15:14:09.1400376Z C/C++:       |                   ^~~~~~~~~~~~~~~~~~
build	Build DaddyBoard (HeliBoard fork)	2026-09-30T15:14:09.1402666Z C/C++: /home/runner/work/daddyboard/daddyboard/daddyboard-main/app/src/main/jni/src/dictionary/structure/dictionary_structure_with_buffer_policy_factory.cpp:130:20: note: in instantiation of function template specialization 'latinime::DictionaryStructureWithBufferPolicyFactory::newPolicyForV4Dict<latinime::Ver4DictConstants, latinime::Ver4DictBuffers, std::unique_ptr<latinime::Ver4DictBuffers>, latinime::Ver4PatriciaTriePolicy>' requested here
build	Build DaddyBoard (HeliBoard fork)	2026-09-30T15:14:09.1404983Z C/C++:   130 |             return newPolicyForV4Dict<Ver4DictConstants, Ver4DictBuffers,
build	Build DaddyBoard (HeliBoard fork)	2026-09-30T15:14:09.1405480Z C/C++:       |                    ^
build	Build DaddyBoard (HeliBoard fork)	2026-09-30T15:14:09.1406656Z C/C++: /home/runner/work/daddyboard/daddyboard/daddyboard-main/app/src/main/jni/src/dictionary/structure/dictionary_structure_with_buffer_policy_factory.cpp:148:19: note: initializer of 'dictDirPathBufSize' is not a constant expression
build	Build DaddyBoard (HeliBoard fork)	2026-09-30T15:14:09.1407891Z C/C++:   148 |     char dictPath[dictDirPathBufSize];
build	Build DaddyBoard (HeliBoard fork)	2026-09-30T15:14:09.1408391Z C/C++:       |                   ^
build	Build DaddyBoard (HeliBoard fork)	2026-09-30T15:14:09.1409313Z C/C++: /home/runner/work/daddyboard/daddyboard/daddyboard-main/app/src/main/jni/src/dictionary/structure/dictionary_structure_with_buffer_policy_factory.cpp:147:15: note: declared here
build	Build DaddyBoard (HeliBoard fork)	2026-09-30T15:14:09.1412953Z C/C++:   147 |     const int dictDirPathBufSize = strlen(headerFilePath) + 1 /* terminator */;
build	Build DaddyBoard (HeliBoard fork)	2026-09-30T15:14:09.1413491Z C/C++:       |               ^
build	Build DaddyBoard (HeliBoard fork)	2026-09-30T15:14:09.2009386Z C/C++: 13 warnings generated.
build	Build DaddyBoard (HeliBoard fork)	2026-09-30T15:14:09.7009987Z C/C++: In file included from /home/runner/work/daddyboard/daddyboard/daddyboard-main/app/src/main/jni/src/dictionary/structure/pt_common/bigram/bigram_list_read_write_utils.cpp:17:
build	Build DaddyBoard (HeliBoard fork)	2026-09-30T15:14:09.7011751Z C/C++: In file included from /home/runner/work/daddyboard/daddyboard/daddyboard-main/app/src/main/jni/src/dictionary/structure/pt_common/bigram/bigram_list_read_write_utils.h:24:
build	Build DaddyBoard (HeliBoard fork)	2026-09-30T15:14:09.7013773Z C/C++: /home/runner/work/daddyboard/daddyboard/daddyboard-main/app/src/main/jni/src/utils/byte_array_view.h:53:5: warning: definition of implicit copy constructor for 'ReadOnlyByteArrayView' is deprecated because it has a user-declared copy assignment operator [-Wdeprecated-copy]
build	Build DaddyBoard (HeliBoard fork)	2026-09-30T15:14:09.7015304Z C/C++:    53 |     DISALLOW_ASSIGNMENT_OPERATOR(ReadOnlyByteArrayView);
build	Build DaddyBoard (HeliBoard fork)	2026-09-30T15:14:09.7015756Z C/C++:       |     ^
build	Build DaddyBoard (HeliBoard fork)	2026-09-30T15:14:09.7016517Z C/C++: /home/runner/work/daddyboard/daddyboard/daddyboard-main/app/src/main/jni/src/defines.h:289:8: note: expanded from macro 'DISALLOW_ASSIGNMENT_OPERATOR'
build	Build DaddyBoard (HeliBoard fork)	2026-09-30T15:14:09.7017413Z C/C++:   289 |   void operator=(const TypeName&) = delete
build	Build DaddyBoard (HeliBoard fork)	2026-09-30T15:14:09.7018094Z C/C++:       |        ^
build	Build DaddyBoard (HeliBoard fork)	2026-09-30T15:14:09.7019476Z C/C++: /home/runner/work/daddyboard/daddyboard/daddyboard-main/app/src/main/jni/src/dictionary/structure/pt_common/bigram/bigram_list_read_write_utils.cpp:54:62: note: in implicit copy constructor for 'latinime::ReadOnlyByteArrayView' first required here
build	Build DaddyBoard (HeliBoard fork)	2026-09-30T15:14:09.7021280Z C/C++:    54 |     const int targetPos = getBigramAddressAndAdvancePosition(buffer, bigramFlags, bigramEntryPos);
build	Build DaddyBoard (HeliBoard fork)	2026-09-30T15:14:09.7021988Z C/C++:       |                                                              ^
build	Build DaddyBoard (HeliBoard fork)	2026-09-30T15:14:09.7022396Z C/C++: 1 warning generated.
build	Build DaddyBoard (HeliBoard fork)	2026-09-30T15:14:10.3013261Z C/C++: In file included from /home/runner/work/daddyboard/daddyboard/daddyboard-main/app/src/main/jni/src/dictionary/structure/pt_common/dynamic_pt_gc_event_listeners.cpp:17:
build	Build DaddyBoard (HeliBoard fork)	2026-09-30T15:14:10.3049546Z C/C++: In file included from /home/runner/work/daddyboard/daddyboard/daddyboard-main/app/src/main/jni/src/dictionary/structure/pt_common/dynamic_pt_gc_event_listeners.h:23:
build	Build DaddyBoard (HeliBoard fork)	2026-09-30T15:14:10.3079594Z C/C++: In file included from /home/runner/work/daddyboard/daddyboard/daddyboard-main/app/src/main/jni/src/dictionary/structure/pt_common/dynamic_pt_reading_helper.h:24:
build	Build DaddyBoard (HeliBoard fork)	2026-09-30T15:14:10.3081148Z C/C++: In file included from /home/runner/work/daddyboard/daddyboard/daddyboard-main/app/src/main/jni/src/dictionary/structure/pt_common/pt_node_params.h:27:
build	Build DaddyBoard (HeliBoard fork)	2026-09-30T15:14:10.3083113Z C/C++: /home/runner/work/daddyboard/daddyboard/daddyboard-main/app/src/main/jni/src/utils/int_array_view.h:160:5: warning: definition of implicit copy constructor for 'IntArrayView' is deprecated because it has a user-declared copy assignment operator [-Wdeprecated-copy]
build	Build DaddyBoard (HeliBoard fork)	2026-09-30T15:14:10.3084577Z C/C++:   160 |     DISALLOW_ASSIGNMENT_OPERATOR(IntArrayView);
build	Build DaddyBoard (HeliBoard fork)	2026-09-30T15:14:10.3084999Z C/C++:       |     ^
build	Build DaddyBoard (HeliBoard fork)	2026-09-30T15:14:10.3085794Z C/C++: /home/runner/work/daddyboard/daddyboard/daddyboard-main/app/src/main/jni/src/defines.h:289:8: note: expanded from macro 'DISALLOW_ASSIGNMENT_OPERATOR'
build	Build DaddyBoard (HeliBoard fork)	2026-09-30T15:14:10.3086722Z C/C++:   289 |   void operator=(const TypeName&) = delete
build	Build DaddyBoard (HeliBoard fork)	2026-09-30T15:14:10.3087126Z C/C++:       |        ^
build	Build DaddyBoard (HeliBoard fork)	2026-09-30T15:14:10.3088219Z C/C++: /usr/local/lib/android/sdk/ndk/28.0.13004108/toolchains/llvm/prebuilt/linux-x86_64/sysroot/usr/include/c++/v1/__memory/allocator.h:173:24: note: in implicit copy constructor for 'latinime::IntArrayView' first required here
build	Build DaddyBoard (HeliBoard fork)	2026-09-30T15:14:10.3089672Z C/C++:   173 |     ::new ((void*)__p) _Up(std::forward<_Args>(__args)...);
build	Build DaddyBoard (HeliBoard fork)	2026-09-30T15:14:10.3090124Z C/C++:       |                        ^
build	Build DaddyBoard (HeliBoard fork)	2026-09-30T15:14:10.3091683Z C/C++: /usr/local/lib/android/sdk/ndk/28.0.13004108/toolchains/llvm/prebuilt/linux-x86_64/sysroot/usr/include/c++/v1/__memory/allocator_traits.h:320:9: note: in instantiation of function template specialization 'std::allocator<latinime::IntArrayView>::construct<latinime::IntArrayView, latinime::IntArrayView>' requested here
build	Build DaddyBoard (HeliBoard fork)	2026-09-30T15:14:10.3093371Z C/C++:   320 |     __a.construct(__p, std::forward<_Args>(__args)...);
build	Build DaddyBoard (HeliBoard fork)	2026-09-30T15:14:10.3093813Z C/C++:       |         ^
build	Build DaddyBoard (HeliBoard fork)	2026-09-30T15:14:10.3095482Z C/C++: /usr/local/lib/android/sdk/ndk/28.0.13004108/toolchains/llvm/prebuilt/linux-x86_64/sysroot/usr/include/c++/v1/__memory/uninitialized_algorithms.h:639:33: note: in instantiation of function template specialization 'std::allocator_traits<std::allocator<latinime::IntArrayView>>::construct<latinime::IntArrayView, latinime::IntArrayView, 0>' requested here
build	Build DaddyBoard (HeliBoard fork)	2026-09-30T15:14:10.3097426Z C/C++:   639 |       allocator_traits<_Alloc>::construct(__alloc, __result, std::move(*__iter));
build	Build DaddyBoard (HeliBoard fork)	2026-09-30T15:14:10.3097981Z C/C++:       |                                 ^
build	Build DaddyBoard (HeliBoard fork)	2026-09-30T15:14:10.3099422Z C/C++: /usr/local/lib/android/sdk/ndk/28.0.13004108/toolchains/llvm/prebuilt/linux-x86_64/sysroot/usr/include/c++/v1/vector:1511:3: note: in instantiation of member function 'std::vector<latinime::IntArrayView>::__swap_out_circular_buffer' requested here
build	Build DaddyBoard (HeliBoard fork)	2026-09-30T15:14:10.3100697Z C/C++:  1511 |   __swap_out_circular_buffer(__v);
build	Build DaddyBoard (HeliBoard fork)	2026-09-30T15:14:10.3101481Z C/C++:       |   ^
build	Build DaddyBoard (HeliBoard fork)	2026-09-30T15:14:10.3102881Z C/C++: /usr/local/lib/android/sdk/ndk/28.0.13004108/toolchains/llvm/prebuilt/linux-x86_64/sysroot/usr/include/c++/v1/vector:1529:13: note: in instantiation of function template specialization 'std::vector<latinime::IntArrayView>::__emplace_back_slow_path<const int *const &, const unsigned long &>' requested here
build	Build DaddyBoard (HeliBoard fork)	2026-09-30T15:14:10.3104749Z C/C++:  1529 |     __end = __emplace_back_slow_path(std::forward<_Args>(__args)...);
build	Build DaddyBoard (HeliBoard fork)	2026-09-30T15:14:10.3105238Z C/C++:       |             ^
build	Build DaddyBoard (HeliBoard fork)	2026-09-30T15:14:10.3106581Z C/C++: /home/runner/work/daddyboard/daddyboard/daddyboard-main/app/src/main/jni/src/utils/int_array_view.h:142:20: note: in instantiation of function template specialization 'std::vector<latinime::IntArrayView>::emplace_back<const int *const &, const unsigned long &>' requested here
build	Build DaddyBoard (HeliBoard fork)	2026-09-30T15:14:10.3108012Z C/C++:   142 |             result.emplace_back(mPtr, mSize);
build	Build DaddyBoard (HeliBoard fork)	2026-09-30T15:14:10.3108633Z C/C++:       |                    ^
build	Build DaddyBoard (HeliBoard fork)	2026-09-30T15:14:10.3999367Z C/C++: 1 warning generated.
build	Build DaddyBoard (HeliBoard fork)	2026-09-30T15:14:10.8007570Z C/C++: /home/runner/work/daddyboard/daddyboard/daddyboard-main/app/src/main/jni/src/dictionary/structure/pt_common/dynamic_pt_reading_helper.cpp:182:27: warning: variable length arrays in C++ are a Clang extension [-Wvla-cxx-extension]
build	Build DaddyBoard (HeliBoard fork)	2026-09-30T15:14:10.8025716Z C/C++:   182 |     int reverseCodePoints[maxCodePointCount];
build	Build DaddyBoard (HeliBoard fork)	2026-09-30T15:14:10.8078783Z C/C++:       |                           ^~~~~~~~~~~~~~~~~
build	Build DaddyBoard (HeliBoard fork)	2026-09-30T15:14:10.8098126Z C/C++: /home/runner/work/daddyboard/daddyboard/daddyboard-main/app/src/main/jni/src/dictionary/structure/pt_common/dynamic_pt_reading_helper.cpp:182:27: note: function parameter 'maxCodePointCount' with unknown value cannot be used in a constant expression
build	Build DaddyBoard (HeliBoard fork)	2026-09-30T15:14:10.8169671Z C/C++: /home/runner/work/daddyboard/daddyboard/daddyboard-main/app/src/main/jni/src/dictionary/structure/pt_common/dynamic_pt_reading_helper.cpp:178:76: note: declared here
build	Build DaddyBoard (HeliBoard fork)	2026-09-30T15:14:10.8179082Z C/C++:   178 | int DynamicPtReadingHelper::getCodePointsAndReturnCodePointCount(const int maxCodePointCount,
build	Build DaddyBoard (HeliBoard fork)	2026-09-30T15:14:10.8192610Z C/C++:       |                                                                            ^
build	Build DaddyBoard (HeliBoard fork)	2026-09-30T15:14:10.8219584Z C/C++: /home/runner/work/daddyboard/daddyboard/daddyboard-main/app/src/main/jni/src/dictionary/structure/pt_common/dynamic_pt_reading_helper.cpp:217:26: warning: variable length arrays in C++ are a Clang extension [-Wvla-cxx-extension]
build	Build DaddyBoard (HeliBoard fork)	2026-09-30T15:14:10.8221238Z C/C++:   217 |     int searchCodePoints[length];
build	Build DaddyBoard (HeliBoard fork)	2026-09-30T15:14:10.8221899Z C/C++:       |                          ^~~~~~
build	Build DaddyBoard (HeliBoard fork)	2026-09-30T15:14:10.8225996Z C/C++: /home/runner/work/daddyboard/daddyboard/daddyboard-main/app/src/main/jni/src/dictionary/structure/pt_common/dynamic_pt_reading_helper.cpp:217:26: note: function parameter 'length' with unknown value cannot be used in a constant expression
build	Build DaddyBoard (HeliBoard fork)	2026-09-30T15:14:10.8228113Z C/C++: /home/runner/work/daddyboard/daddyboard/daddyboard-main/app/src/main/jni/src/dictionary/structure/pt_common/dynamic_pt_reading_helper.cpp:216:22: note: declared here
build	Build DaddyBoard (HeliBoard fork)	2026-09-30T15:14:10.8229509Z C/C++:   216 |         const size_t length, const bool forceLowerCaseSearch) {
build	Build DaddyBoard (HeliBoard fork)	2026-09-30T15:14:10.8230136Z C/C++:       |                      ^
build	Build DaddyBoard (HeliBoard fork)	2026-09-30T15:14:10.9009972Z C/C++: In file included from /home/runner/work/daddyboard/daddyboard/daddyboard-main/app/src/main/jni/src/dictionary/structure/pt_common/dynamic_pt_reading_helper.cpp:17:
build	Build DaddyBoard (HeliBoard fork)	2026-09-30T15:14:10.9039509Z C/C++: In file included from /home/runner/work/daddyboard/daddyboard/daddyboard-main/app/src/main/jni/src/dictionary/structure/pt_common/dynamic_pt_reading_helper.h:24:
build	Build DaddyBoard (HeliBoard fork)	2026-09-30T15:14:10.9069268Z C/C++: In file included from /home/runner/work/daddyboard/daddyboard/daddyboard-main/app/src/main/jni/src/dictionary/structure/pt_common/pt_node_params.h:27:
build	Build DaddyBoard (HeliBoard fork)	2026-09-30T15:14:10.9071252Z C/C++: /home/runner/work/daddyboard/daddyboard/daddyboard-main/app/src/main/jni/src/utils/int_array_view.h:160:5: warning: definition of implicit copy constructor for 'IntArrayView' is deprecated because it has a user-declared copy assignment operator [-Wdeprecated-copy]
build	Build DaddyBoard (HeliBoard fork)	2026-09-30T15:14:10.9098788Z C/C++:   160 |     DISALLOW_ASSIGNMENT_OPERATOR(IntArrayView);
build	Build DaddyBoard (HeliBoard fork)	2026-09-30T15:14:10.9099523Z C/C++:       |     ^
build	Build DaddyBoard (HeliBoard fork)	2026-09-30T15:14:10.9100360Z C/C++: /home/runner/work/daddyboard/daddyboard/daddyboard-main/app/src/main/jni/src/defines.h:289:8: note: expanded from macro 'DISALLOW_ASSIGNMENT_OPERATOR'
build	Build DaddyBoard (HeliBoard fork)	2026-09-30T15:14:10.9101282Z C/C++:   289 |   void operator=(const TypeName&) = delete
build	Build DaddyBoard (HeliBoard fork)	2026-09-30T15:14:10.9101666Z C/C++:       |        ^
build	Build DaddyBoard (HeliBoard fork)	2026-09-30T15:14:10.9102755Z C/C++: /usr/local/lib/android/sdk/ndk/28.0.13004108/toolchains/llvm/prebuilt/linux-x86_64/sysroot/usr/include/c++/v1/__memory/allocator.h:173:24: note: in implicit copy constructor for 'latinime::IntArrayView' first required here
build	Build DaddyBoard (HeliBoard fork)	2026-09-30T15:14:10.9103980Z C/C++:   173 |     ::new ((void*)__p) _Up(std::forward<_Args>(__args)...);
build	Build DaddyBoard (HeliBoard fork)	2026-09-30T15:14:10.9104398Z C/C++:       |                        ^
build	Build DaddyBoard (HeliBoard fork)	2026-09-30T15:14:10.9105957Z C/C++: /usr/local/lib/android/sdk/ndk/28.0.13004108/toolchains/llvm/prebuilt/linux-x86_64/sysroot/usr/include/c++/v1/__memory/allocator_traits.h:320:9: note: in instantiation of function template specialization 'std::allocator<latinime::IntArrayView>::construct<latinime::IntArrayView, latinime::IntArrayView>' requested here
build	Build DaddyBoard (HeliBoard fork)	2026-09-30T15:14:10.9107597Z C/C++:   320 |     __a.construct(__p, std::forward<_Args>(__args)...);
build	Build DaddyBoard (HeliBoard fork)	2026-09-30T15:14:10.9108014Z C/C++:       |         ^
build	Build DaddyBoard (HeliBoard fork)	2026-09-30T15:14:10.9109868Z C/C++: /usr/local/lib/android/sdk/ndk/28.0.13004108/toolchains/llvm/prebuilt/linux-x86_64/sysroot/usr/include/c++/v1/__memory/uninitialized_algorithms.h:639:33: note: in instantiation of function template specialization 'std::allocator_traits<std::allocator<latinime::IntArrayView>>::construct<latinime::IntArrayView, latinime::IntArrayView, 0>' requested here
build	Build DaddyBoard (HeliBoard fork)	2026-09-30T15:14:10.9111922Z C/C++:   639 |       allocator_traits<_Alloc>::construct(__alloc, __result, std::move(*__iter));
build	Build DaddyBoard (HeliBoard fork)	2026-09-30T15:14:10.9138761Z C/C++:       |                                 ^
build	Build DaddyBoard (HeliBoard fork)	2026-09-30T15:14:10.9169815Z C/C++: /usr/local/lib/android/sdk/ndk/28.0.13004108/toolchains/llvm/prebuilt/linux-x86_64/sysroot/usr/include/c++/v1/vector:1511:3: note: in instantiation of member function 'std::vector<latinime::IntArrayView>::__swap_out_circular_buffer' requested here
build	Build DaddyBoard (HeliBoard fork)	2026-09-30T15:14:10.9218595Z C/C++:  1511 |   __swap_out_circular_buffer(__v);
build	Build DaddyBoard (HeliBoard fork)	2026-09-30T15:14:10.9219079Z C/C++:       |   ^
build	Build DaddyBoard (HeliBoard fork)	2026-09-30T15:14:10.9250056Z C/C++: /usr/local/lib/android/sdk/ndk/28.0.13004108/toolchains/llvm/prebuilt/linux-x86_64/sysroot/usr/include/c++/v1/vector:1529:13: note: in instantiation of function template specialization 'std::vector<latinime::IntArrayView>::__emplace_back_slow_path<const int *const &, const unsigned long &>' requested here
build	Build DaddyBoard (HeliBoard fork)	2026-09-30T15:14:10.9278877Z C/C++:  1529 |     __end = __emplace_back_slow_path(std::forward<_Args>(__args)...);
build	Build DaddyBoard (HeliBoard fork)	2026-09-30T15:14:10.9279397Z C/C++:       |             ^
build	Build DaddyBoard (HeliBoard fork)	2026-09-30T15:14:10.9280827Z C/C++: /home/runner/work/daddyboard/daddyboard/daddyboard-main/app/src/main/jni/src/utils/int_array_view.h:142:20: note: in instantiation of function template specialization 'std::vector<latinime::IntArrayView>::emplace_back<const int *const &, const unsigned long &>' requested here
build	Build DaddyBoard (HeliBoard fork)	2026-09-30T15:14:10.9282312Z C/C++:   142 |             result.emplace_back(mPtr, mSize);
build	Build DaddyBoard (HeliBoard fork)	2026-09-30T15:14:10.9282722Z C/C++:       |                    ^
build	Build DaddyBoard (HeliBoard fork)	2026-09-30T15:14:10.9998998Z C/C++: 3 warnings generated.
build	Build DaddyBoard (HeliBoard fork)	2026-09-30T15:14:11.5049926Z C/C++: In file included from /home/runner/work/daddyboard/daddyboard/daddyboard-main/app/src/main/jni/src/dictionary/structure/pt_common/dynamic_pt_updating_helper.cpp:19:
build	Build DaddyBoard (HeliBoard fork)	2026-09-30T15:14:11.5079274Z C/C++: In file included from /home/runner/work/daddyboard/daddyboard/daddyboard-main/app/src/main/jni/src/dictionary/property/unigram_property.h:23:
build	Build DaddyBoard (HeliBoard fork)	2026-09-30T15:14:11.5139932Z C/C++: /home/runner/work/daddyboard/daddyboard/daddyboard-main/app/src/main/jni/src/dictionary/property/historical_info.h:52:5: warning: definition of implicit copy constructor for 'HistoricalInfo' is deprecated because it has a user-declared copy assignment operator [-Wdeprecated-copy]
build	Build DaddyBoard (HeliBoard fork)	2026-09-30T15:14:11.5142216Z C/C++:    52 |     DISALLOW_ASSIGNMENT_OPERATOR(HistoricalInfo);
build	Build DaddyBoard (HeliBoard fork)	2026-09-30T15:14:11.5142662Z C/C++:       |     ^
build	Build DaddyBoard (HeliBoard fork)	2026-09-30T15:14:11.5143470Z C/C++: /home/runner/work/daddyboard/daddyboard/daddyboard-main/app/src/main/jni/src/defines.h:289:8: note: expanded from macro 'DISALLOW_ASSIGNMENT_OPERATOR'
build	Build DaddyBoard (HeliBoard fork)	2026-09-30T15:14:11.5144395Z C/C++:   289 |   void operator=(const TypeName&) = delete
build	Build DaddyBoard (HeliBoard fork)	2026-09-30T15:14:11.5144861Z C/C++:       |        ^
build	Build DaddyBoard (HeliBoard fork)	2026-09-30T15:14:11.5169472Z C/C++: /home/runner/work/daddyboard/daddyboard/daddyboard-main/app/src/main/jni/src/dictionary/property/unigram_property.h:63:15: note: in implicit copy constructor for 'latinime::HistoricalInfo' first required here
build	Build DaddyBoard (HeliBoard fork)	2026-09-30T15:14:11.5199022Z C/C++:    63 |               mHistoricalInfo(historicalInfo), mShortcuts(std::move(shortcuts)) {}
build	Build DaddyBoard (HeliBoard fork)	2026-09-30T15:14:11.5258765Z C/C++:       |               ^
build	Build DaddyBoard (HeliBoard fork)	2026-09-30T15:14:11.5289532Z C/C++: In file included from /home/runner/work/daddyboard/daddyboard/daddyboard-main/app/src/main/jni/src/dictionary/structure/pt_common/dynamic_pt_updating_helper.cpp:17:
build	Build DaddyBoard (HeliBoard fork)	2026-09-30T15:14:11.5319301Z C/C++: In file included from /home/runner/work/daddyboard/daddyboard/daddyboard-main/app/src/main/jni/src/dictionary/structure/pt_common/dynamic_pt_updating_helper.h:21:
build	Build DaddyBoard (HeliBoard fork)	2026-09-30T15:14:11.5359272Z C/C++: In file included from /home/runner/work/daddyboard/daddyboard/daddyboard-main/app/src/main/jni/src/dictionary/structure/pt_common/pt_node_params.h:27:
build	Build DaddyBoard (HeliBoard fork)	2026-09-30T15:14:11.5382324Z C/C++: /home/runner/work/daddyboard/daddyboard/daddyboard-main/app/src/main/jni/src/utils/int_array_view.h:160:5: warning: definition of implicit copy constructor for 'IntArrayView' is deprecated because it has a user-declared copy assignment operator [-Wdeprecated-copy]
build	Build DaddyBoard (HeliBoard fork)	2026-09-30T15:14:11.5408793Z C/C++:   160 |     DISALLOW_ASSIGNMENT_OPERATOR(IntArrayView);
build	Build DaddyBoard (HeliBoard fork)	2026-09-30T15:14:11.5409278Z C/C++:       |     ^
build	Build DaddyBoard (HeliBoard fork)	2026-09-30T15:14:11.5410123Z C/C++: /home/runner/work/daddyboard/daddyboard/daddyboard-main/app/src/main/jni/src/defines.h:289:8: note: expanded from macro 'DISALLOW_ASSIGNMENT_OPERATOR'
build	Build DaddyBoard (HeliBoard fork)	2026-09-30T15:14:11.5411076Z C/C++:   289 |   void operator=(const TypeName&) = delete
build	Build DaddyBoard (HeliBoard fork)	2026-09-30T15:14:11.5411488Z C/C++:       |        ^
build	Build DaddyBoard (HeliBoard fork)	2026-09-30T15:14:11.5412692Z C/C++: /home/runner/work/daddyboard/daddyboard/daddyboard-main/app/src/main/jni/src/dictionary/structure/pt_common/dynamic_pt_updating_helper.cpp:99:41: note: in implicit copy constructor for 'latinime::IntArrayView' first required here
build	Build DaddyBoard (HeliBoard fork)	2026-09-30T15:14:11.5414171Z C/C++:    99 |     return mPtNodeWriter->addNgramEntry(prevWordIds, wordId, ngramProperty, outAddedNewEntry);
build	Build DaddyBoard (HeliBoard fork)	2026-09-30T15:14:11.5414741Z C/C++:       |                                         ^
build	Build DaddyBoard (HeliBoard fork)	2026-09-30T15:14:11.7026333Z C/C++: 2 warnings generated.
build	Build DaddyBoard (HeliBoard fork)	2026-09-30T15:14:12.2009702Z C/C++: In file included from /home/runner/work/daddyboard/daddyboard/daddyboard-main/app/src/main/jni/src/dictionary/structure/pt_common/shortcut/shortcut_list_reading_utils.cpp:17:
build	Build DaddyBoard (HeliBoard fork)	2026-09-30T15:14:12.2059790Z C/C++: In file included from /home/runner/work/daddyboard/daddyboard/daddyboard-main/app/src/main/jni/src/dictionary/structure/pt_common/shortcut/shortcut_list_reading_utils.h:23:
build	Build DaddyBoard (HeliBoard fork)	2026-09-30T15:14:12.2109920Z C/C++: /home/runner/work/daddyboard/daddyboard/daddyboard-main/app/src/main/jni/src/utils/byte_array_view.h:53:5: warning: definition of implicit copy constructor for 'ReadOnlyByteArrayView' is deprecated because it has a user-declared copy assignment operator [-Wdeprecated-copy]
build	Build DaddyBoard (HeliBoard fork)	2026-09-30T15:14:12.2138897Z C/C++:    53 |     DISALLOW_ASSIGNMENT_OPERATOR(ReadOnlyByteArrayView);
build	Build DaddyBoard (HeliBoard fork)	2026-09-30T15:14:12.2175297Z C/C++:       |     ^
build	Build DaddyBoard (HeliBoard fork)	2026-09-30T15:14:12.2209129Z C/C++: /home/runner/work/daddyboard/daddyboard/daddyboard-main/app/src/main/jni/src/defines.h:289:8: note: expanded from macro 'DISALLOW_ASSIGNMENT_OPERATOR'
build	Build DaddyBoard (HeliBoard fork)	2026-09-30T15:14:12.2238735Z C/C++:   289 |   void operator=(const TypeName&) = delete
build	Build DaddyBoard (HeliBoard fork)	2026-09-30T15:14:12.2259058Z C/C++:       |        ^
build	Build DaddyBoard (HeliBoard fork)	2026-09-30T15:14:12.2289994Z C/C++: /home/runner/work/daddyboard/daddyboard/daddyboard-main/app/src/main/jni/src/dictionary/structure/pt_common/shortcut/shortcut_list_reading_utils.h:52:75: note: in implicit copy constructor for 'latinime::ReadOnlyByteArrayView' first required here
build	Build DaddyBoard (HeliBoard fork)	2026-09-30T15:14:12.2319050Z C/C++:    52 |         const int shortcutListSize = getShortcutListSizeAndForwardPointer(buffer, pos);
build	Build DaddyBoard (HeliBoard fork)	2026-09-30T15:14:12.2349010Z C/C++:       |                                                                           ^
build	Build DaddyBoard (HeliBoard fork)	2026-09-30T15:14:12.2349664Z C/C++: 1 warning generated.
build	Build DaddyBoard (HeliBoard fork)	2026-09-30T15:14:12.8003170Z C/C++: In file included from /home/runner/work/daddyboard/daddyboard/daddyboard-main/app/src/main/jni/src/dictionary/structure/v2/patricia_trie_policy.cpp:17:
build	Build DaddyBoard (HeliBoard fork)	2026-09-30T15:14:12.8029997Z C/C++: In file included from /home/runner/work/daddyboard/daddyboard/daddyboard-main/app/src/main/jni/src/dictionary/structure/v2/patricia_trie_policy.h:24:
build	Build DaddyBoard (HeliBoard fork)	2026-09-30T15:14:12.8059481Z C/C++: In file included from /home/runner/work/daddyboard/daddyboard/daddyboard-main/app/src/main/jni/src/dictionary/header/header_policy.h:25:
build	Build DaddyBoard (HeliBoard fork)	2026-09-30T15:14:12.8079844Z C/C++: /home/runner/work/daddyboard/daddyboard/daddyboard-main/app/src/main/jni/src/dictionary/utils/entry_counters.h:44:5: warning: definition of implicit copy constructor for 'EntryCounts' is deprecated because it has a user-declared copy assignment operator [-Wdeprecated-copy]
build	Build DaddyBoard (HeliBoard fork)	2026-09-30T15:14:12.8088928Z C/C++:    44 |     DISALLOW_ASSIGNMENT_OPERATOR(EntryCounts);
build	Build DaddyBoard (HeliBoard fork)	2026-09-30T15:14:12.8118761Z C/C++:       |     ^
build	Build DaddyBoard (HeliBoard fork)	2026-09-30T15:14:12.8149399Z C/C++: /home/runner/work/daddyboard/daddyboard/daddyboard-main/app/src/main/jni/src/defines.h:289:8: note: expanded from macro 'DISALLOW_ASSIGNMENT_OPERATOR'
build	Build DaddyBoard (HeliBoard fork)	2026-09-30T15:14:12.8150644Z C/C++:   289 |   void operator=(const TypeName&) = delete
build	Build DaddyBoard (HeliBoard fork)	2026-09-30T15:14:12.8178734Z C/C++:       |        ^
build	Build DaddyBoard (HeliBoard fork)	2026-09-30T15:14:12.8209633Z C/C++: /home/runner/work/daddyboard/daddyboard/daddyboard-main/app/src/main/jni/src/dictionary/header/header_policy.h:92:15: note: in implicit copy constructor for 'latinime::EntryCounts' first required here
build	Build DaddyBoard (HeliBoard fork)	2026-09-30T15:14:12.8218701Z C/C++:    92 |               mNgramCounts(headerPolicy->mNgramCounts),
build	Build DaddyBoard (HeliBoard fork)	2026-09-30T15:14:12.8239159Z C/C++:       |               ^
build	Build DaddyBoard (HeliBoard fork)	2026-09-30T15:14:12.8269375Z C/C++: In file included from /home/runner/work/daddyboard/daddyboard/daddyboard-main/app/src/main/jni/src/dictionary/structure/v2/patricia_trie_policy.cpp:17:
build	Build DaddyBoard (HeliBoard fork)	2026-09-30T15:14:12.8299339Z C/C++: In file included from /home/runner/work/daddyboard/daddyboard/daddyboard-main/app/src/main/jni/src/dictionary/structure/v2/patricia_trie_policy.h:25:
build	Build DaddyBoard (HeliBoard fork)	2026-09-30T15:14:12.8309283Z C/C++: In file included from /home/runner/work/daddyboard/daddyboard/daddyboard-main/app/src/main/jni/src/dictionary/interface/dictionary_structure_with_buffer_policy.h:23:
build	Build DaddyBoard (HeliBoard fork)	2026-09-30T15:14:12.8329941Z C/C++: /home/runner/work/daddyboard/daddyboard/daddyboard-main/app/src/main/jni/src/dictionary/property/historical_info.h:52:5: warning: definition of implicit copy constructor for 'HistoricalInfo' is deprecated because it has a user-declared copy assignment operator [-Wdeprecated-copy]
build	Build DaddyBoard (HeliBoard fork)	2026-09-30T15:14:12.8358908Z C/C++:    52 |     DISALLOW_ASSIGNMENT_OPERATOR(HistoricalInfo);
build	Build DaddyBoard (HeliBoard fork)	2026-09-30T15:14:12.8388807Z C/C++:       |     ^
build	Build DaddyBoard (HeliBoard fork)	2026-09-30T15:14:12.8399153Z C/C++: /home/runner/work/daddyboard/daddyboard/daddyboard-main/app/src/main/jni/src/defines.h:289:8: note: expanded from macro 'DISALLOW_ASSIGNMENT_OPERATOR'
build	Build DaddyBoard (HeliBoard fork)	2026-09-30T15:14:12.8418920Z C/C++:   289 |   void operator=(const TypeName&) = delete
build	Build DaddyBoard (HeliBoard fork)	2026-09-30T15:14:12.8448840Z C/C++:       |        ^
build	Build DaddyBoard (HeliBoard fork)	2026-09-30T15:14:12.8479689Z C/C++: /home/runner/work/daddyboard/daddyboard/daddyboard-main/app/src/main/jni/src/dictionary/property/ngram_property.h:33:42: note: in implicit copy constructor for 'latinime::HistoricalInfo' first required here
build	Build DaddyBoard (HeliBoard fork)	2026-09-30T15:14:12.8488797Z C/C++:    33 |               mProbability(probability), mHistoricalInfo(historicalInfo) {}
build	Build DaddyBoard (HeliBoard fork)	2026-09-30T15:14:12.8508845Z C/C++:       |                                          ^
build	Build DaddyBoard (HeliBoard fork)	2026-09-30T15:14:12.8539235Z C/C++: In file included from /home/runner/work/daddyboard/daddyboard/daddyboard-main/app/src/main/jni/src/dictionary/structure/v2/patricia_trie_policy.cpp:17:
build	Build DaddyBoard (HeliBoard fork)	2026-09-30T15:14:12.8569311Z C/C++: In file included from /home/runner/work/daddyboard/daddyboard/daddyboard-main/app/src/main/jni/src/dictionary/structure/v2/patricia_trie_policy.h:25:
build	Build DaddyBoard (HeliBoard fork)	2026-09-30T15:14:12.8589319Z C/C++: In file included from /home/runner/work/daddyboard/daddyboard/daddyboard-main/app/src/main/jni/src/dictionary/interface/dictionary_structure_with_buffer_policy.h:25:
build	Build DaddyBoard (HeliBoard fork)	2026-09-30T15:14:12.8599260Z C/C++: In file included from /home/runner/work/daddyboard/daddyboard/daddyboard-main/app/src/main/jni/src/dictionary/property/word_property.h:24:
build	Build DaddyBoard (HeliBoard fork)	2026-09-30T15:14:12.8629862Z C/C++: /home/runner/work/daddyboard/daddyboard/daddyboard-main/app/src/main/jni/src/dictionary/property/unigram_property.h:126:5: warning: definition of implicit copy constructor for 'UnigramProperty' is deprecated because it has a user-declared copy assignment operator [-Wdeprecated-copy]
build	Build DaddyBoard (HeliBoard fork)	2026-09-30T15:14:12.8658830Z C/C++:   126 |     DISALLOW_ASSIGNMENT_OPERATOR(UnigramProperty);
build	Build DaddyBoard (HeliBoard fork)	2026-09-30T15:14:12.8659326Z C/C++:       |     ^
build	Build DaddyBoard (HeliBoard fork)	2026-09-30T15:14:12.8689392Z C/C++: /home/runner/work/daddyboard/daddyboard/daddyboard-main/app/src/main/jni/src/defines.h:289:8: note: expanded from macro 'DISALLOW_ASSIGNMENT_OPERATOR'
build	Build DaddyBoard (HeliBoard fork)	2026-09-30T15:14:12.8718851Z C/C++:   289 |   void operator=(const TypeName&) = delete
build	Build DaddyBoard (HeliBoard fork)	2026-09-30T15:14:12.8720062Z C/C++:       |        ^
build	Build DaddyBoard (HeliBoard fork)	2026-09-30T15:14:12.8749602Z C/C++: /home/runner/work/daddyboard/daddyboard/daddyboard-main/app/src/main/jni/src/dictionary/property/word_property.h:38:51: note: in implicit copy constructor for 'latinime::UnigramProperty' first required here
build	Build DaddyBoard (HeliBoard fork)	2026-09-30T15:14:12.8750988Z C/C++:    38 |             : mCodePoints(std::move(codePoints)), mUnigramProperty(unigramProperty),
build	Build DaddyBoard (HeliBoard fork)	2026-09-30T15:14:12.8751593Z C/C++:       |                                                   ^
build	Build DaddyBoard (HeliBoard fork)	2026-09-30T15:14:12.8752471Z C/C++: In file included from /home/runner/work/daddyboard/daddyboard/daddyboard-main/app/src/main/jni/src/dictionary/structure/v2/patricia_trie_policy.cpp:17:
build	Build DaddyBoard (HeliBoard fork)	2026-09-30T15:14:12.8753869Z C/C++: In file included from /home/runner/work/daddyboard/daddyboard/daddyboard-main/app/src/main/jni/src/dictionary/structure/v2/patricia_trie_policy.h:24:
build	Build DaddyBoard (HeliBoard fork)	2026-09-30T15:14:12.8755095Z C/C++: In file included from /home/runner/work/daddyboard/daddyboard/daddyboard-main/app/src/main/jni/src/dictionary/header/header_policy.h:23:
build	Build DaddyBoard (HeliBoard fork)	2026-09-30T15:14:12.8756324Z C/C++: In file included from /home/runner/work/daddyboard/daddyboard/daddyboard-main/app/src/main/jni/src/dictionary/header/header_read_write_utils.h:24:
build	Build DaddyBoard (HeliBoard fork)	2026-09-30T15:14:12.8757529Z C/C++: In file included from /home/runner/work/daddyboard/daddyboard/daddyboard-main/app/src/main/jni/src/dictionary/utils/format_utils.h:23:
build	Build DaddyBoard (HeliBoard fork)	2026-09-30T15:14:12.8759475Z C/C++: /home/runner/work/daddyboard/daddyboard/daddyboard-main/app/src/main/jni/src/utils/byte_array_view.h:53:5: warning: definition of implicit copy constructor for 'ReadOnlyByteArrayView' is deprecated because it has a user-declared copy assignment operator [-Wdeprecated-copy]
build	Build DaddyBoard (HeliBoard fork)	2026-09-30T15:14:12.8760940Z C/C++:    53 |     DISALLOW_ASSIGNMENT_OPERATOR(ReadOnlyByteArrayView);
build	Build DaddyBoard (HeliBoard fork)	2026-09-30T15:14:12.8761371Z C/C++:       |     ^
build	Build DaddyBoard (HeliBoard fork)	2026-09-30T15:14:12.8762120Z C/C++: /home/runner/work/daddyboard/daddyboard/daddyboard-main/app/src/main/jni/src/defines.h:289:8: note: expanded from macro 'DISALLOW_ASSIGNMENT_OPERATOR'
build	Build DaddyBoard (HeliBoard fork)	2026-09-30T15:14:12.8762991Z C/C++:   289 |   void operator=(const TypeName&) = delete
build	Build DaddyBoard (HeliBoard fork)	2026-09-30T15:14:12.8763345Z C/C++:       |        ^
build	Build DaddyBoard (HeliBoard fork)	2026-09-30T15:14:12.8764352Z C/C++: /home/runner/work/daddyboard/daddyboard/daddyboard-main/app/src/main/jni/src/dictionary/structure/v2/bigram/bigram_list_policy.h:31:60: note: in implicit copy constructor for 'latinime::ReadOnlyByteArrayView' first required here
build	Build DaddyBoard (HeliBoard fork)	2026-09-30T15:14:12.8765984Z C/C++:    31 |     BigramListPolicy(const ReadOnlyByteArrayView buffer) : mBuffer(buffer) {}
build	Build DaddyBoard (HeliBoard fork)	2026-09-30T15:14:12.8766527Z C/C++:       |                                                            ^
build	Build DaddyBoard (HeliBoard fork)	2026-09-30T15:14:12.9009630Z C/C++: In file included from /home/runner/work/daddyboard/daddyboard/daddyboard-main/app/src/main/jni/src/dictionary/structure/v2/patricia_trie_policy.cpp:17:
build	Build DaddyBoard (HeliBoard fork)	2026-09-30T15:14:12.9039304Z C/C++: In file included from /home/runner/work/daddyboard/daddyboard/daddyboard-main/app/src/main/jni/src/dictionary/structure/v2/patricia_trie_policy.h:25:
build	Build DaddyBoard (HeliBoard fork)	2026-09-30T15:14:12.9069208Z C/C++: In file included from /home/runner/work/daddyboard/daddyboard/daddyboard-main/app/src/main/jni/src/dictionary/interface/dictionary_structure_with_buffer_policy.h:25:
build	Build DaddyBoard (HeliBoard fork)	2026-09-30T15:14:12.9079315Z C/C++: In file included from /home/runner/work/daddyboard/daddyboard/daddyboard-main/app/src/main/jni/src/dictionary/property/word_property.h:23:
build	Build DaddyBoard (HeliBoard fork)	2026-09-30T15:14:12.9099168Z C/C++: In file included from /home/runner/work/daddyboard/daddyboard/daddyboard-main/app/src/main/jni/src/dictionary/property/ngram_property.h:24:
build	Build DaddyBoard (HeliBoard fork)	2026-09-30T15:14:12.9129138Z C/C++: In file included from /home/runner/work/daddyboard/daddyboard/daddyboard-main/app/src/main/jni/src/dictionary/property/ngram_context.h:23:
build	Build DaddyBoard (HeliBoard fork)	2026-09-30T15:14:12.9139831Z C/C++: /home/runner/work/daddyboard/daddyboard/daddyboard-main/app/src/main/jni/src/utils/int_array_view.h:160:5: warning: definition of implicit copy constructor for 'IntArrayView' is deprecated because it has a user-declared copy assignment operator [-Wdeprecated-copy]
build	Build DaddyBoard (HeliBoard fork)	2026-09-30T15:14:12.9168866Z C/C++:   160 |     DISALLOW_ASSIGNMENT_OPERATOR(IntArrayView);
build	Build DaddyBoard (HeliBoard fork)	2026-09-30T15:14:12.9188686Z C/C++:       |     ^
build	Build DaddyBoard (HeliBoard fork)	2026-09-30T15:14:12.9219231Z C/C++: /home/runner/work/daddyboard/daddyboard/daddyboard-main/app/src/main/jni/src/defines.h:289:8: note: expanded from macro 'DISALLOW_ASSIGNMENT_OPERATOR'
build	Build DaddyBoard (HeliBoard fork)	2026-09-30T15:14:12.9228834Z C/C++:   289 |   void operator=(const TypeName&) = delete
build	Build DaddyBoard (HeliBoard fork)	2026-09-30T15:14:12.9248676Z C/C++:       |        ^
build	Build DaddyBoard (HeliBoard fork)	2026-09-30T15:14:12.9270261Z C/C++: /home/runner/work/daddyboard/daddyboard/daddyboard-main/app/src/main/jni/src/suggest/core/dicnode/dic_node.h:110:53: note: in implicit copy constructor for 'latinime::IntArrayView' first required here
build	Build DaddyBoard (HeliBoard fork)	2026-09-30T15:14:12.9288961Z C/C++:   110 |         mDicNodeProperties.init(rootPtNodeArrayPos, prevWordIds);
build	Build DaddyBoard (HeliBoard fork)	2026-09-30T15:14:12.9318833Z C/C++:       |                                                     ^
build	Build DaddyBoard (HeliBoard fork)	2026-09-30T15:14:12.9339401Z C/C++: In file included from /home/runner/work/daddyboard/daddyboard/daddyboard-main/app/src/main/jni/src/dictionary/structure/v2/patricia_trie_policy.cpp:27:
build	Build DaddyBoard (HeliBoard fork)	2026-09-30T15:14:12.9369119Z C/C++: In file included from /home/runner/work/daddyboard/daddyboard/daddyboard-main/app/src/main/jni/src/dictionary/utils/multi_bigram_map.h:27:
build	Build DaddyBoard (HeliBoard fork)	2026-09-30T15:14:12.9379864Z C/C++: /home/runner/work/daddyboard/daddyboard/daddyboard-main/app/src/main/jni/src/dictionary/utils/bloom_filter.h:47:5: warning: definition of implicit copy constructor for 'BloomFilter' is deprecated because it has a user-declared copy assignment operator [-Wdeprecated-copy]
build	Build DaddyBoard (HeliBoard fork)	2026-09-30T15:14:12.9408898Z C/C++:    47 |     DISALLOW_ASSIGNMENT_OPERATOR(BloomFilter);
build	Build DaddyBoard (HeliBoard fork)	2026-09-30T15:14:12.9428780Z C/C++:       |     ^
build	Build DaddyBoard (HeliBoard fork)	2026-09-30T15:14:12.9449219Z C/C++: /home/runner/work/daddyboard/daddyboard/daddyboard-main/app/src/main/jni/src/defines.h:289:8: note: expanded from macro 'DISALLOW_ASSIGNMENT_OPERATOR'
build	Build DaddyBoard (HeliBoard fork)	2026-09-30T15:14:12.9468844Z C/C++:   289 |   void operator=(const TypeName&) = delete
build	Build DaddyBoard (HeliBoard fork)	2026-09-30T15:14:12.9488774Z C/C++:       |        ^
build	Build DaddyBoard (HeliBoard fork)	2026-09-30T15:14:12.9519438Z C/C++: /home/runner/work/daddyboard/daddyboard/daddyboard-main/app/src/main/jni/src/dictionary/utils/multi_bigram_map.h:57:53: note: in implicit copy constructor for 'latinime::BloomFilter' first required here
build	Build DaddyBoard (HeliBoard fork)	2026-09-30T15:14:12.9529001Z C/C++:    57 |                 : mBigramMap(bigramMap.mBigramMap), mBloomFilter(bigramMap.mBloomFilter) {}
build	Build DaddyBoard (HeliBoard fork)	2026-09-30T15:14:12.9558780Z C/C++:       |                                                     ^
build	Build DaddyBoard (HeliBoard fork)	2026-09-30T15:14:13.0023194Z C/C++: In file included from /home/runner/work/daddyboard/daddyboard/daddyboard-main/app/src/main/jni/src/dictionary/structure/v2/patricia_trie_policy.cpp:17:
build	Build DaddyBoard (HeliBoard fork)	2026-09-30T15:14:13.0030673Z C/C++: In file included from /home/runner/work/daddyboard/daddyboard/daddyboard-main/app/src/main/jni/src/dictionary/structure/v2/patricia_trie_policy.h:25:
build	Build DaddyBoard (HeliBoard fork)	2026-09-30T15:14:13.0076351Z C/C++: In file included from /home/runner/work/daddyboard/daddyboard/daddyboard-main/app/src/main/jni/src/dictionary/interface/dictionary_structure_with_buffer_policy.h:25:
build	Build DaddyBoard (HeliBoard fork)	2026-09-30T15:14:13.0099142Z C/C++: In file included from /home/runner/work/daddyboard/daddyboard/daddyboard-main/app/src/main/jni/src/dictionary/property/word_property.h:23:
build	Build DaddyBoard (HeliBoard fork)	2026-09-30T15:14:13.0129795Z C/C++: /home/runner/work/daddyboard/daddyboard/daddyboard-main/app/src/main/jni/src/dictionary/property/ngram_property.h:54:5: warning: definition of implicit copy constructor for 'NgramProperty' is deprecated because it has a user-declared copy assignment operator [-Wdeprecated-copy]
build	Build DaddyBoard (HeliBoard fork)	2026-09-30T15:14:13.0131418Z C/C++:    54 |     DISALLOW_ASSIGNMENT_OPERATOR(NgramProperty);
build	Build DaddyBoard (HeliBoard fork)	2026-09-30T15:14:13.0131867Z C/C++:       |     ^
build	Build DaddyBoard (HeliBoard fork)	2026-09-30T15:14:13.0132683Z C/C++: /home/runner/work/daddyboard/daddyboard/daddyboard-main/app/src/main/jni/src/defines.h:289:8: note: expanded from macro 'DISALLOW_ASSIGNMENT_OPERATOR'
build	Build DaddyBoard (HeliBoard fork)	2026-09-30T15:14:13.0133617Z C/C++:   289 |   void operator=(const TypeName&) = delete
build	Build DaddyBoard (HeliBoard fork)	2026-09-30T15:14:13.0133992Z C/C++:       |        ^
build	Build DaddyBoard (HeliBoard fork)	2026-09-30T15:14:13.0135097Z C/C++: /usr/local/lib/android/sdk/ndk/28.0.13004108/toolchains/llvm/prebuilt/linux-x86_64/sysroot/usr/include/c++/v1/__memory/allocator.h:173:24: note: in implicit copy constructor for 'latinime::NgramProperty' first required here
build	Build DaddyBoard (HeliBoard fork)	2026-09-30T15:14:13.0136329Z C/C++:   173 |     ::new ((void*)__p) _Up(std::forward<_Args>(__args)...);
build	Build DaddyBoard (HeliBoard fork)	2026-09-30T15:14:13.0136777Z C/C++:       |                        ^
build	Build DaddyBoard (HeliBoard fork)	2026-09-30T15:14:13.0138512Z C/C++: /usr/local/lib/android/sdk/ndk/28.0.13004108/toolchains/llvm/prebuilt/linux-x86_64/sysroot/usr/include/c++/v1/__memory/allocator_traits.h:320:9: note: in instantiation of function template specialization 'std::allocator<latinime::NgramProperty>::construct<latinime::NgramProperty, latinime::NgramProperty &>' requested here
build	Build DaddyBoard (HeliBoard fork)	2026-09-30T15:14:13.0140176Z C/C++:   320 |     __a.construct(__p, std::forward<_Args>(__args)...);
build	Build DaddyBoard (HeliBoard fork)	2026-09-30T15:14:13.0140612Z C/C++:       |         ^
build	Build DaddyBoard (HeliBoard fork)	2026-09-30T15:14:13.0142374Z C/C++: /usr/local/lib/android/sdk/ndk/28.0.13004108/toolchains/llvm/prebuilt/linux-x86_64/sysroot/usr/include/c++/v1/__memory/uninitialized_algorithms.h:551:31: note: in instantiation of function template specialization 'std::allocator_traits<std::allocator<latinime::NgramProperty>>::construct<latinime::NgramProperty, latinime::NgramProperty &, 0>' requested here
build	Build DaddyBoard (HeliBoard fork)	2026-09-30T15:14:13.0144402Z C/C++:   551 |     allocator_traits<_Alloc>::construct(__alloc, std::__to_address(__first2), *__first1);
build	Build DaddyBoard (HeliBoard fork)	2026-09-30T15:14:13.0144981Z C/C++:       |                               ^
build	Build DaddyBoard (HeliBoard fork)	2026-09-30T15:14:13.0146891Z C/C++: /usr/local/lib/android/sdk/ndk/28.0.13004108/toolchains/llvm/prebuilt/linux-x86_64/sysroot/usr/include/c++/v1/__memory/uninitialized_algorithms.h:594:33: note: in instantiation of function template specialization 'std::__uninitialized_allocator_copy_impl<std::allocator<latinime::NgramProperty>, latinime::NgramProperty *, latinime::NgramProperty *, latinime::NgramProperty *>' requested here
build	Build DaddyBoard (HeliBoard fork)	2026-09-30T15:14:13.0149143Z C/C++:   594 |   auto __result          = std::__uninitialized_allocator_copy_impl(
build	Build DaddyBoard (HeliBoard fork)	2026-09-30T15:14:13.0198682Z C/C++:       |                                 ^
build	Build DaddyBoard (HeliBoard fork)	2026-09-30T15:14:13.0210164Z C/C++: /usr/local/lib/android/sdk/ndk/28.0.13004108/toolchains/llvm/prebuilt/linux-x86_64/sysroot/usr/include/c++/v1/vector:1100:22: note: in instantiation of function template specialization 'std::__uninitialized_allocator_copy<std::allocator<latinime::NgramProperty>, latinime::NgramProperty *, latinime::NgramProperty *, latinime::NgramProperty *>' requested here
build	Build DaddyBoard (HeliBoard fork)	2026-09-30T15:14:13.0212829Z C/C++:  1100 |   __tx.__pos_ = std::__uninitialized_allocator_copy(__alloc(), __first, __last, __tx.__pos_);
build	Build DaddyBoard (HeliBoard fork)	2026-09-30T15:14:13.0258858Z C/C++:       |                      ^
build	Build DaddyBoard (HeliBoard fork)	2026-09-30T15:14:13.0278716Z C/C++: /usr/local/lib/android/sdk/ndk/28.0.13004108/toolchains/llvm/prebuilt/linux-x86_64/sysroot/usr/include/c++/v1/vector:761:7: note: in instantiation of function template specialization 'std::vector<latinime::NgramProperty>::__construct_at_end<latinime::NgramProperty *, latinime::NgramProperty *>' requested here
build	Build DaddyBoard (HeliBoard fork)	2026-09-30T15:14:13.0298850Z C/C++:   761 |       __construct_at_end(__first, __last, __n);
build	Build DaddyBoard (HeliBoard fork)	2026-09-30T15:14:13.0318670Z C/C++:       |       ^
build	Build DaddyBoard (HeliBoard fork)	2026-09-30T15:14:13.0349821Z C/C++: /usr/local/lib/android/sdk/ndk/28.0.13004108/toolchains/llvm/prebuilt/linux-x86_64/sysroot/usr/include/c++/v1/vector:1213:3: note: in instantiation of function template specialization 'std::vector<latinime::NgramProperty>::__init_with_size<latinime::NgramProperty *, latinime::NgramProperty *>' requested here
build	Build DaddyBoard (HeliBoard fork)	2026-09-30T15:14:13.0358911Z C/C++:  1213 |   __init_with_size(__x.__begin_, __x.__end_, __x.size());
build	Build DaddyBoard (HeliBoard fork)	2026-09-30T15:14:13.0388777Z C/C++:       |   ^
build	Build DaddyBoard (HeliBoard fork)	2026-09-30T15:14:13.0409513Z C/C++: /home/runner/work/daddyboard/daddyboard/daddyboard-main/app/src/main/jni/src/dictionary/property/word_property.h:39:15: note: in instantiation of member function 'std::vector<latinime::NgramProperty>::vector' requested here
build	Build DaddyBoard (HeliBoard fork)	2026-09-30T15:14:13.0438731Z C/C++:    39 |               mNgrams(ngrams) {}
build	Build DaddyBoard (HeliBoard fork)	2026-09-30T15:14:13.0448807Z C/C++:       |               ^
build	Build DaddyBoard (HeliBoard fork)	2026-09-30T15:14:13.2999367Z C/C++: 7 warnings generated.
build	Build DaddyBoard (HeliBoard fork)	2026-09-30T15:14:13.9009870Z C/C++: In file included from /home/runner/work/daddyboard/daddyboard/daddyboard-main/app/src/main/jni/src/dictionary/structure/v2/ver2_patricia_trie_node_reader.cpp:17:
build	Build DaddyBoard (HeliBoard fork)	2026-09-30T15:14:13.9039539Z C/C++: In file included from /home/runner/work/daddyboard/daddyboard/daddyboard-main/app/src/main/jni/src/dictionary/structure/v2/ver2_patricia_trie_node_reader.h:25:
build	Build DaddyBoard (HeliBoard fork)	2026-09-30T15:14:13.9109859Z C/C++: /home/runner/work/daddyboard/daddyboard/daddyboard-main/app/src/main/jni/src/utils/byte_array_view.h:53:5: warning: definition of implicit copy constructor for 'ReadOnlyByteArrayView' is deprecated because it has a user-declared copy assignment operator [-Wdeprecated-copy]
build	Build DaddyBoard (HeliBoard fork)	2026-09-30T15:14:13.9139025Z C/C++:    53 |     DISALLOW_ASSIGNMENT_OPERATOR(ReadOnlyByteArrayView);
build	Build DaddyBoard (HeliBoard fork)	2026-09-30T15:14:13.9168725Z C/C++:       |     ^
build	Build DaddyBoard (HeliBoard fork)	2026-09-30T15:14:13.9229321Z C/C++: /home/runner/work/daddyboard/daddyboard/daddyboard-main/app/src/main/jni/src/defines.h:289:8: note: expanded from macro 'DISALLOW_ASSIGNMENT_OPERATOR'
build	Build DaddyBoard (HeliBoard fork)	2026-09-30T15:14:13.9258849Z C/C++:   289 |   void operator=(const TypeName&) = delete
build	Build DaddyBoard (HeliBoard fork)	2026-09-30T15:14:13.9288739Z C/C++:       |        ^
build	Build DaddyBoard (HeliBoard fork)	2026-09-30T15:14:13.9349727Z C/C++: /home/runner/work/daddyboard/daddyboard/daddyboard-main/app/src/main/jni/src/dictionary/structure/v2/ver2_patricia_trie_node_reader.h:38:15: note: in implicit copy constructor for 'latinime::ReadOnlyByteArrayView' first required here
build	Build DaddyBoard (HeliBoard fork)	2026-09-30T15:14:13.9379168Z C/C++:    38 |             : mBuffer(buffer), mBigramPolicy(bigramPolicy), mShortcutPolicy(shortcutPolicy),
build	Build DaddyBoard (HeliBoard fork)	2026-09-30T15:14:13.9438952Z C/C++:       |               ^
build	Build DaddyBoard (HeliBoard fork)	2026-09-30T15:14:14.0003006Z C/C++: In file included from /home/runner/work/daddyboard/daddyboard/daddyboard-main/app/src/main/jni/src/dictionary/structure/v2/ver2_patricia_trie_node_reader.cpp:17:
build	Build DaddyBoard (HeliBoard fork)	2026-09-30T15:14:14.0029565Z C/C++: In file included from /home/runner/work/daddyboard/daddyboard/daddyboard-main/app/src/main/jni/src/dictionary/structure/v2/ver2_patricia_trie_node_reader.h:23:
build	Build DaddyBoard (HeliBoard fork)	2026-09-30T15:14:14.0049592Z C/C++: In file included from /home/runner/work/daddyboard/daddyboard/daddyboard-main/app/src/main/jni/src/dictionary/structure/pt_common/pt_node_params.h:27:
build	Build DaddyBoard (HeliBoard fork)	2026-09-30T15:14:14.0089844Z C/C++: /home/runner/work/daddyboard/daddyboard/daddyboard-main/app/src/main/jni/src/utils/int_array_view.h:160:5: warning: definition of implicit copy constructor for 'IntArrayView' is deprecated because it has a user-declared copy assignment operator [-Wdeprecated-copy]
build	Build DaddyBoard (HeliBoard fork)	2026-09-30T15:14:14.0118869Z C/C++:   160 |     DISALLOW_ASSIGNMENT_OPERATOR(IntArrayView);
build	Build DaddyBoard (HeliBoard fork)	2026-09-30T15:14:14.0148718Z C/C++:       |     ^
build	Build DaddyBoard (HeliBoard fork)	2026-09-30T15:14:14.0179233Z C/C++: /home/runner/work/daddyboard/daddyboard/daddyboard-main/app/src/main/jni/src/defines.h:289:8: note: expanded from macro 'DISALLOW_ASSIGNMENT_OPERATOR'
build	Build DaddyBoard (HeliBoard fork)	2026-09-30T15:14:14.0203994Z C/C++:   289 |   void operator=(const TypeName&) = delete
build	Build DaddyBoard (HeliBoard fork)	2026-09-30T15:14:14.0208672Z C/C++:       |        ^
build	Build DaddyBoard (HeliBoard fork)	2026-09-30T15:14:14.0209825Z C/C++: /usr/local/lib/android/sdk/ndk/28.0.13004108/toolchains/llvm/prebuilt/linux-x86_64/sysroot/usr/include/c++/v1/__memory/allocator.h:173:24: note: in implicit copy constructor for 'latinime::IntArrayView' first required here
build	Build DaddyBoard (HeliBoard fork)	2026-09-30T15:14:14.0211062Z C/C++:   173 |     ::new ((void*)__p) _Up(std::forward<_Args>(__args)...);
build	Build DaddyBoard (HeliBoard fork)	2026-09-30T15:14:14.0211515Z C/C++:       |                        ^
build	Build DaddyBoard (HeliBoard fork)	2026-09-30T15:14:14.0213119Z C/C++: /usr/local/lib/android/sdk/ndk/28.0.13004108/toolchains/llvm/prebuilt/linux-x86_64/sysroot/usr/include/c++/v1/__memory/allocator_traits.h:320:9: note: in instantiation of function template specialization 'std::allocator<latinime::IntArrayView>::construct<latinime::IntArrayView, latinime::IntArrayView>' requested here
build	Build DaddyBoard (HeliBoard fork)	2026-09-30T15:14:14.0238794Z C/C++:   320 |     __a.construct(__p, std::forward<_Args>(__args)...);
build	Build DaddyBoard (HeliBoard fork)	2026-09-30T15:14:14.0268690Z C/C++:       |         ^
build	Build DaddyBoard (HeliBoard fork)	2026-09-30T15:14:14.0300317Z C/C++: /usr/local/lib/android/sdk/ndk/28.0.13004108/toolchains/llvm/prebuilt/linux-x86_64/sysroot/usr/include/c++/v1/__memory/uninitialized_algorithms.h:639:33: note: in instantiation of function template specialization 'std::allocator_traits<std::allocator<latinime::IntArrayView>>::construct<latinime::IntArrayView, latinime::IntArrayView, 0>' requested here
build	Build DaddyBoard (HeliBoard fork)	2026-09-30T15:14:14.0349128Z C/C++:   639 |       allocator_traits<_Alloc>::construct(__alloc, __result, std::move(*__iter));
build	Build DaddyBoard (HeliBoard fork)	2026-09-30T15:14:14.0358810Z C/C++:       |                                 ^
build	Build DaddyBoard (HeliBoard fork)	2026-09-30T15:14:14.0389581Z C/C++: /usr/local/lib/android/sdk/ndk/28.0.13004108/toolchains/llvm/prebuilt/linux-x86_64/sysroot/usr/include/c++/v1/vector:1511:3: note: in instantiation of member function 'std::vector<latinime::IntArrayView>::__swap_out_circular_buffer' requested here
build	Build DaddyBoard (HeliBoard fork)	2026-09-30T15:14:14.0418749Z C/C++:  1511 |   __swap_out_circular_buffer(__v);
build	Build DaddyBoard (HeliBoard fork)	2026-09-30T15:14:14.0419157Z C/C++:       |   ^
build	Build DaddyBoard (HeliBoard fork)	2026-09-30T15:14:14.0420587Z C/C++: /usr/local/lib/android/sdk/ndk/28.0.13004108/toolchains/llvm/prebuilt/linux-x86_64/sysroot/usr/include/c++/v1/vector:1529:13: note: in instantiation of function template specialization 'std::vector<latinime::IntArrayView>::__emplace_back_slow_path<const int *const &, const unsigned long &>' requested here
build	Build DaddyBoard (HeliBoard fork)	2026-09-30T15:14:14.0422206Z C/C++:  1529 |     __end = __emplace_back_slow_path(std::forward<_Args>(__args)...);
build	Build DaddyBoard (HeliBoard fork)	2026-09-30T15:14:14.0422709Z C/C++:       |             ^
build	Build DaddyBoard (HeliBoard fork)	2026-09-30T15:14:14.0424049Z C/C++: /home/runner/work/daddyboard/daddyboard/daddyboard-main/app/src/main/jni/src/utils/int_array_view.h:142:20: note: in instantiation of function template specialization 'std::vector<latinime::IntArrayView>::emplace_back<const int *const &, const unsigned long &>' requested here
build	Build DaddyBoard (HeliBoard fork)	2026-09-30T15:14:14.0425476Z C/C++:   142 |             result.emplace_back(mPtr, mSize);
build	Build DaddyBoard (HeliBoard fork)	2026-09-30T15:14:14.0425873Z C/C++:       |                    ^
build	Build DaddyBoard (HeliBoard fork)	2026-09-30T15:14:14.0426196Z C/C++: 2 warnings generated.
build	Build DaddyBoard (HeliBoard fork)	2026-09-30T15:14:14.0427042Z C/C++: In file included from /home/runner/work/daddyboard/daddyboard/daddyboard-main/app/src/main/jni/src/dictionary/structure/v2/ver2_pt_node_array_reader.cpp:17:
build	Build DaddyBoard (HeliBoard fork)	2026-09-30T15:14:14.0428545Z C/C++: In file included from /home/runner/work/daddyboard/daddyboard/daddyboard-main/app/src/main/jni/src/dictionary/structure/v2/ver2_pt_node_array_reader.h:24:
build	Build DaddyBoard (HeliBoard fork)	2026-09-30T15:14:14.0430437Z C/C++: /home/runner/work/daddyboard/daddyboard/daddyboard-main/app/src/main/jni/src/utils/byte_array_view.h:53:5: warning: definition of implicit copy constructor for 'ReadOnlyByteArrayView' is deprecated because it has a user-declared copy assignment operator [-Wdeprecated-copy]
build	Build DaddyBoard (HeliBoard fork)	2026-09-30T15:14:14.0458842Z C/C++:    53 |     DISALLOW_ASSIGNMENT_OPERATOR(ReadOnlyByteArrayView);
build	Build DaddyBoard (HeliBoard fork)	2026-09-30T15:14:14.0478764Z C/C++:       |     ^
build	Build DaddyBoard (HeliBoard fork)	2026-09-30T15:14:14.0489204Z C/C++: /home/runner/work/daddyboard/daddyboard/daddyboard-main/app/src/main/jni/src/defines.h:289:8: note: expanded from macro 'DISALLOW_ASSIGNMENT_OPERATOR'
build	Build DaddyBoard (HeliBoard fork)	2026-09-30T15:14:14.0518753Z C/C++:   289 |   void operator=(const TypeName&) = delete
build	Build DaddyBoard (HeliBoard fork)	2026-09-30T15:14:14.0538778Z C/C++:       |        ^
build	Build DaddyBoard (HeliBoard fork)	2026-09-30T15:14:14.0559626Z C/C++: /home/runner/work/daddyboard/daddyboard/daddyboard-main/app/src/main/jni/src/dictionary/structure/v2/ver2_pt_node_array_reader.h:30:65: note: in implicit copy constructor for 'latinime::ReadOnlyByteArrayView' first required here
build	Build DaddyBoard (HeliBoard fork)	2026-09-30T15:14:14.0579075Z C/C++:    30 |     Ver2PtNodeArrayReader(const ReadOnlyByteArrayView buffer) : mBuffer(buffer) {};
build	Build DaddyBoard (HeliBoard fork)	2026-09-30T15:14:14.0607394Z C/C++:       |                                                                 ^
build	Build DaddyBoard (HeliBoard fork)	2026-09-30T15:14:14.0634449Z C/C++: 1 warning generated.
build	Build DaddyBoard (HeliBoard fork)	2026-09-30T15:14:14.6009932Z C/C++: In file included from /home/runner/work/daddyboard/daddyboard/daddyboard-main/app/src/main/jni/src/dictionary/structure/v4/ver4_dict_buffers.cpp:17:
build	Build DaddyBoard (HeliBoard fork)	2026-09-30T15:14:14.6049609Z C/C++: In file included from /home/runner/work/daddyboard/daddyboard/daddyboard-main/app/src/main/jni/src/dictionary/structure/v4/ver4_dict_buffers.h:24:
build	Build DaddyBoard (HeliBoard fork)	2026-09-30T15:14:14.6069622Z C/C++: In file included from /home/runner/work/daddyboard/daddyboard/daddyboard-main/app/src/main/jni/src/dictionary/header/header_policy.h:25:
build	Build DaddyBoard (HeliBoard fork)	2026-09-30T15:14:14.6071651Z C/C++: /home/runner/work/daddyboard/daddyboard/daddyboard-main/app/src/main/jni/src/dictionary/utils/entry_counters.h:44:5: warning: definition of implicit copy constructor for 'EntryCounts' is deprecated because it has a user-declared copy assignment operator [-Wdeprecated-copy]
build	Build DaddyBoard (HeliBoard fork)	2026-09-30T15:14:14.6073266Z C/C++:    44 |     DISALLOW_ASSIGNMENT_OPERATOR(EntryCounts);
build	Build DaddyBoard (HeliBoard fork)	2026-09-30T15:14:14.6073671Z C/C++:       |     ^
build	Build DaddyBoard (HeliBoard fork)	2026-09-30T15:14:14.6074525Z C/C++: /home/runner/work/daddyboard/daddyboard/daddyboard-main/app/src/main/jni/src/defines.h:289:8: note: expanded from macro 'DISALLOW_ASSIGNMENT_OPERATOR'
build	Build DaddyBoard (HeliBoard fork)	2026-09-30T15:14:14.6075460Z C/C++:   289 |   void operator=(const TypeName&) = delete
build	Build DaddyBoard (HeliBoard fork)	2026-09-30T15:14:14.6075866Z C/C++:       |        ^
build	Build DaddyBoard (HeliBoard fork)	2026-09-30T15:14:14.6076954Z C/C++: /home/runner/work/daddyboard/daddyboard/daddyboard-main/app/src/main/jni/src/dictionary/header/header_policy.h:92:15: note: in implicit copy constructor for 'latinime::EntryCounts' first required here
build	Build DaddyBoard (HeliBoard fork)	2026-09-30T15:14:14.6078154Z C/C++:    92 |               mNgramCounts(headerPolicy->mNgramCounts),
build	Build DaddyBoard (HeliBoard fork)	2026-09-30T15:14:14.6078713Z C/C++:       |               ^
build	Build DaddyBoard (HeliBoard fork)	2026-09-30T15:14:14.6079527Z C/C++: In file included from /home/runner/work/daddyboard/daddyboard/daddyboard-main/app/src/main/jni/src/dictionary/structure/v4/ver4_dict_buffers.cpp:17:
build	Build DaddyBoard (HeliBoard fork)	2026-09-30T15:14:14.6080941Z C/C++: In file included from /home/runner/work/daddyboard/daddyboard/daddyboard-main/app/src/main/jni/src/dictionary/structure/v4/ver4_dict_buffers.h:25:
build	Build DaddyBoard (HeliBoard fork)	2026-09-30T15:14:14.6082423Z C/C++: In file included from /home/runner/work/daddyboard/daddyboard/daddyboard-main/app/src/main/jni/src/dictionary/structure/v4/content/language_model_dict_content.h:26:
build	Build DaddyBoard (HeliBoard fork)	2026-09-30T15:14:14.6083938Z C/C++: In file included from /home/runner/work/daddyboard/daddyboard/daddyboard-main/app/src/main/jni/src/dictionary/structure/v4/content/probability_entry.h:24:
build	Build DaddyBoard (HeliBoard fork)	2026-09-30T15:14:14.6085975Z C/C++: /home/runner/work/daddyboard/daddyboard/daddyboard-main/app/src/main/jni/src/dictionary/property/historical_info.h:52:5: warning: definition of implicit copy constructor for 'HistoricalInfo' is deprecated because it has a user-declared copy assignment operator [-Wdeprecated-copy]
build	Build DaddyBoard (HeliBoard fork)	2026-09-30T15:14:14.6087562Z C/C++:    52 |     DISALLOW_ASSIGNMENT_OPERATOR(HistoricalInfo);
build	Build DaddyBoard (HeliBoard fork)	2026-09-30T15:14:14.6088602Z C/C++:       |     ^
build	Build DaddyBoard (HeliBoard fork)	2026-09-30T15:14:14.6089399Z C/C++: /home/runner/work/daddyboard/daddyboard/daddyboard-main/app/src/main/jni/src/defines.h:289:8: note: expanded from macro 'DISALLOW_ASSIGNMENT_OPERATOR'
build	Build DaddyBoard (HeliBoard fork)	2026-09-30T15:14:14.6098805Z C/C++:   289 |   void operator=(const TypeName&) = delete
build	Build DaddyBoard (HeliBoard fork)	2026-09-30T15:14:14.6099216Z C/C++:       |        ^
build	Build DaddyBoard (HeliBoard fork)	2026-09-30T15:14:14.6100244Z C/C++: /home/runner/work/daddyboard/daddyboard/daddyboard-main/app/src/main/jni/src/dictionary/property/ngram_property.h:33:42: note: in implicit copy constructor for 'latinime::HistoricalInfo' first required here
build	Build DaddyBoard (HeliBoard fork)	2026-09-30T15:14:14.6101511Z C/C++:    33 |               mProbability(probability), mHistoricalInfo(historicalInfo) {}
build	Build DaddyBoard (HeliBoard fork)	2026-09-30T15:14:14.6102041Z C/C++:       |                                          ^
build	Build DaddyBoard (HeliBoard fork)	2026-09-30T15:14:14.6102899Z C/C++: In file included from /home/runner/work/daddyboard/daddyboard/daddyboard-main/app/src/main/jni/src/dictionary/structure/v4/ver4_dict_buffers.cpp:17:
build	Build DaddyBoard (HeliBoard fork)	2026-09-30T15:14:14.6104228Z C/C++: In file included from /home/runner/work/daddyboard/daddyboard/daddyboard-main/app/src/main/jni/src/dictionary/structure/v4/ver4_dict_buffers.h:25:
build	Build DaddyBoard (HeliBoard fork)	2026-09-30T15:14:14.6106054Z C/C++: In file included from /home/runner/work/daddyboard/daddyboard/daddyboard-main/app/src/main/jni/src/dictionary/structure/v4/content/language_model_dict_content.h:30:
build	Build DaddyBoard (HeliBoard fork)	2026-09-30T15:14:14.6107993Z C/C++: /home/runner/work/daddyboard/daddyboard/daddyboard-main/app/src/main/jni/src/dictionary/utils/trie_map.h:129:9: warning: definition of implicit copy constructor for 'TrieMapIterator' is deprecated because it has a user-declared copy assignment operator [-Wdeprecated-copy]
build	Build DaddyBoard (HeliBoard fork)	2026-09-30T15:14:14.6109556Z C/C++:   129 |         DISALLOW_ASSIGNMENT_OPERATOR(TrieMapIterator);
build	Build DaddyBoard (HeliBoard fork)	2026-09-30T15:14:14.6109981Z C/C++:       |         ^
build	Build DaddyBoard (HeliBoard fork)	2026-09-30T15:14:14.6110763Z C/C++: /home/runner/work/daddyboard/daddyboard/daddyboard-main/app/src/main/jni/src/defines.h:289:8: note: expanded from macro 'DISALLOW_ASSIGNMENT_OPERATOR'
build	Build DaddyBoard (HeliBoard fork)	2026-09-30T15:14:14.6111665Z C/C++:   289 |   void operator=(const TypeName&) = delete
build	Build DaddyBoard (HeliBoard fork)	2026-09-30T15:14:14.6112066Z C/C++:       |        ^
build	Build DaddyBoard (HeliBoard fork)	2026-09-30T15:14:14.6113717Z C/C++: /home/runner/work/daddyboard/daddyboard/daddyboard-main/app/src/main/jni/src/dictionary/structure/v4/content/language_model_dict_content.h:67:19: note: in implicit copy constructor for 'latinime::TrieMap::TrieMapIterator' first required here
build	Build DaddyBoard (HeliBoard fork)	2026-09-30T15:14:14.6129079Z C/C++:    67 |                 : mTrieMapIterator(trieMapIterator), mHasHistoricalInfo(hasHistoricalInfo) {}
build	Build DaddyBoard (HeliBoard fork)	2026-09-30T15:14:14.6129706Z C/C++:       |                   ^
build	Build DaddyBoard (HeliBoard fork)	2026-09-30T15:14:14.6130558Z C/C++: In file included from /home/runner/work/daddyboard/daddyboard/daddyboard-main/app/src/main/jni/src/dictionary/structure/v4/ver4_dict_buffers.cpp:17:
build	Build DaddyBoard (HeliBoard fork)	2026-09-30T15:14:14.6131920Z C/C++: In file included from /home/runner/work/daddyboard/daddyboard/daddyboard-main/app/src/main/jni/src/dictionary/structure/v4/ver4_dict_buffers.h:25:
build	Build DaddyBoard (HeliBoard fork)	2026-09-30T15:14:14.6133352Z C/C++: In file included from /home/runner/work/daddyboard/daddyboard/daddyboard-main/app/src/main/jni/src/dictionary/structure/v4/content/language_model_dict_content.h:30:
build	Build DaddyBoard (HeliBoard fork)	2026-09-30T15:14:14.6135293Z C/C++: /home/runner/work/daddyboard/daddyboard/daddyboard-main/app/src/main/jni/src/dictionary/utils/trie_map.h:158:9: warning: definition of implicit copy constructor for 'TrieMapRange' is deprecated because it has a user-declared copy assignment operator [-Wdeprecated-copy]
build	Build DaddyBoard (HeliBoard fork)	2026-09-30T15:14:14.6136759Z C/C++:   158 |         DISALLOW_ASSIGNMENT_OPERATOR(TrieMapRange);
build	Build DaddyBoard (HeliBoard fork)	2026-09-30T15:14:14.6137191Z C/C++:       |         ^
build	Build DaddyBoard (HeliBoard fork)	2026-09-30T15:14:14.6138013Z C/C++: /home/runner/work/daddyboard/daddyboard/daddyboard-main/app/src/main/jni/src/defines.h:289:8: note: expanded from macro 'DISALLOW_ASSIGNMENT_OPERATOR'
build	Build DaddyBoard (HeliBoard fork)	2026-09-30T15:14:14.6168735Z C/C++:   289 |   void operator=(const TypeName&) = delete
build	Build DaddyBoard (HeliBoard fork)	2026-09-30T15:14:14.6198655Z C/C++:       |        ^
build	Build DaddyBoard (HeliBoard fork)	2026-09-30T15:14:14.6229617Z C/C++: /home/runner/work/daddyboard/daddyboard/daddyboard-main/app/src/main/jni/src/dictionary/structure/v4/content/language_model_dict_content.h:96:19: note: in implicit copy constructor for 'latinime::TrieMap::TrieMapRange' first required here
build	Build DaddyBoard (HeliBoard fork)	2026-09-30T15:14:14.6258899Z C/C++:    96 |                 : mTrieMapRange(trieMapRange), mHasHistoricalInfo(hasHistoricalInfo) {}
build	Build DaddyBoard (HeliBoard fork)	2026-09-30T15:14:14.6288681Z C/C++:       |                   ^
build	Build DaddyBoard (HeliBoard fork)	2026-09-30T15:14:14.6299185Z C/C++: In file included from /home/runner/work/daddyboard/daddyboard/daddyboard-main/app/src/main/jni/src/dictionary/structure/v4/ver4_dict_buffers.cpp:17:
build	Build DaddyBoard (HeliBoard fork)	2026-09-30T15:14:14.6300624Z C/C++: In file included from /home/runner/work/daddyboard/daddyboard/daddyboard-main/app/src/main/jni/src/dictionary/structure/v4/ver4_dict_buffers.h:25:
build	Build DaddyBoard (HeliBoard fork)	2026-09-30T15:14:14.6302067Z C/C++: In file included from /home/runner/work/daddyboard/daddyboard/daddyboard-main/app/src/main/jni/src/dictionary/structure/v4/content/language_model_dict_content.h:24:
build	Build DaddyBoard (HeliBoard fork)	2026-09-30T15:14:14.6304125Z C/C++: /home/runner/work/daddyboard/daddyboard/daddyboard-main/app/src/main/jni/src/dictionary/property/word_attributes.h:59:5: warning: definition of implicit copy constructor for 'WordAttributes' is deprecated because it has a user-declared copy assignment operator [-Wdeprecated-copy]
build	Build DaddyBoard (HeliBoard fork)	2026-09-30T15:14:14.6305667Z C/C++:    59 |     DISALLOW_ASSIGNMENT_OPERATOR(WordAttributes);
build	Build DaddyBoard (HeliBoard fork)	2026-09-30T15:14:14.6306075Z C/C++:       |     ^
build	Build DaddyBoard (HeliBoard fork)	2026-09-30T15:14:14.6306882Z C/C++: /home/runner/work/daddyboard/daddyboard/daddyboard-main/app/src/main/jni/src/defines.h:289:8: note: expanded from macro 'DISALLOW_ASSIGNMENT_OPERATOR'
build	Build DaddyBoard (HeliBoard fork)	2026-09-30T15:14:14.6307801Z C/C++:   289 |   void operator=(const TypeName&) = delete
build	Build DaddyBoard (HeliBoard fork)	2026-09-30T15:14:14.6308188Z C/C++:       |        ^
build	Build DaddyBoard (HeliBoard fork)	2026-09-30T15:14:14.6309457Z C/C++: /home/runner/work/daddyboard/daddyboard/daddyboard-main/app/src/main/jni/src/dictionary/structure/v4/content/language_model_dict_content.h:119:19: note: in implicit copy constructor for 'WordAttributes' first required here
build	Build DaddyBoard (HeliBoard fork)	2026-09-30T15:14:14.6317336Z C/C++:   119 |                   mWordAttributes(wordAttributes), mProbabilityEntry(probabilityEntry) {}
build	Build DaddyBoard (HeliBoard fork)	2026-09-30T15:14:14.6317949Z C/C++:       |                   ^
build	Build DaddyBoard (HeliBoard fork)	2026-09-30T15:14:14.6319181Z C/C++: /home/runner/work/daddyboard/daddyboard/daddyboard-main/app/src/main/jni/src/dictionary/structure/v4/ver4_dict_buffers.cpp:74:21: warning: variable length arrays in C++ are a Clang extension [-Wvla-cxx-extension]
build	Build DaddyBoard (HeliBoard fork)	2026-09-30T15:14:14.6320445Z C/C++:    74 |     char tmpDirPath[tmpDirPathBufSize];
build	Build DaddyBoard (HeliBoard fork)	2026-09-30T15:14:14.6320868Z C/C++:       |                     ^~~~~~~~~~~~~~~~~
build	Build DaddyBoard (HeliBoard fork)	2026-09-30T15:14:14.6322010Z C/C++: /home/runner/work/daddyboard/daddyboard/daddyboard-main/app/src/main/jni/src/dictionary/structure/v4/ver4_dict_buffers.cpp:74:21: note: initializer of 'tmpDirPathBufSize' is not a constant expression
build	Build DaddyBoard (HeliBoard fork)	2026-09-30T15:14:14.6323683Z C/C++: /home/runner/work/daddyboard/daddyboard/daddyboard-main/app/src/main/jni/src/dictionary/structure/v4/ver4_dict_buffers.cpp:72:15: note: declared here
build	Build DaddyBoard (HeliBoard fork)	2026-09-30T15:14:14.6324859Z C/C++:    72 |     const int tmpDirPathBufSize = FileUtils::getFilePathWithSuffixBufSize(dictDirPath,
build	Build DaddyBoard (HeliBoard fork)	2026-09-30T15:14:14.6325474Z C/C++:       |               ^
build	Build DaddyBoard (HeliBoard fork)	2026-09-30T15:14:14.6326618Z C/C++: /home/runner/work/daddyboard/daddyboard/daddyboard-main/app/src/main/jni/src/dictionary/structure/v4/ver4_dict_buffers.cpp:92:19: warning: variable length arrays in C++ are a Clang extension [-Wvla-cxx-extension]
build	Build DaddyBoard (HeliBoard fork)	2026-09-30T15:14:14.6327838Z C/C++:    92 |     char dictName[dictNameBufSize];
build	Build DaddyBoard (HeliBoard fork)	2026-09-30T15:14:14.6348653Z C/C++:       |                   ^~~~~~~~~~~~~~~
build	Build DaddyBoard (HeliBoard fork)	2026-09-30T15:14:14.6349783Z C/C++: /home/runner/work/daddyboard/daddyboard/daddyboard-main/app/src/main/jni/src/dictionary/structure/v4/ver4_dict_buffers.cpp:92:19: note: initializer of 'dictNameBufSize' is not a constant expression
build	Build DaddyBoard (HeliBoard fork)	2026-09-30T15:14:14.6351259Z C/C++: /home/runner/work/daddyboard/daddyboard/daddyboard-main/app/src/main/jni/src/dictionary/structure/v4/ver4_dict_buffers.cpp:91:15: note: declared here
build	Build DaddyBoard (HeliBoard fork)	2026-09-30T15:14:14.6352517Z C/C++:    91 |     const int dictNameBufSize = strlen(dictDirPath) + 1 /* terminator */;
build	Build DaddyBoard (HeliBoard fork)	2026-09-30T15:14:14.6352986Z C/C++:       |               ^
build	Build DaddyBoard (HeliBoard fork)	2026-09-30T15:14:14.6354124Z C/C++: /home/runner/work/daddyboard/daddyboard/daddyboard-main/app/src/main/jni/src/dictionary/structure/v4/ver4_dict_buffers.cpp:95:19: warning: variable length arrays in C++ are a Clang extension [-Wvla-cxx-extension]
build	Build DaddyBoard (HeliBoard fork)	2026-09-30T15:14:14.6355173Z C/C++:    95 |     char dictPath[dictPathBufSize];
build	Build DaddyBoard (HeliBoard fork)	2026-09-30T15:14:14.6355535Z C/C++:       |                   ^~~~~~~~~~~~~~~
build	Build DaddyBoard (HeliBoard fork)	2026-09-30T15:14:14.6356501Z C/C++: /home/runner/work/daddyboard/daddyboard/daddyboard-main/app/src/main/jni/src/dictionary/structure/v4/ver4_dict_buffers.cpp:95:19: note: initializer of 'dictPathBufSize' is not a constant expression
build	Build DaddyBoard (HeliBoard fork)	2026-09-30T15:14:14.6357974Z C/C++: /home/runner/work/daddyboard/daddyboard/daddyboard-main/app/src/main/jni/src/dictionary/structure/v4/ver4_dict_buffers.cpp:94:15: note: declared here
build	Build DaddyBoard (HeliBoard fork)	2026-09-30T15:14:14.6359125Z C/C++:    94 |     const int dictPathBufSize = FileUtils::getFilePathBufSize(tmpDirPath, dictName);
build	Build DaddyBoard (HeliBoard fork)	2026-09-30T15:14:14.6359647Z C/C++:       |               ^
build	Build DaddyBoard (HeliBoard fork)	2026-09-30T15:14:14.6360641Z C/C++: /home/runner/work/daddyboard/daddyboard/daddyboard-main/app/src/main/jni/src/dictionary/structure/v4/ver4_dict_buffers.cpp:109:23: warning: variable length arrays in C++ are a Clang extension [-Wvla-cxx-extension]
build	Build DaddyBoard (HeliBoard fork)	2026-09-30T15:14:14.6361737Z C/C++:   109 |     char bodyFilePath[bodyFilePathBufSize];
build	Build DaddyBoard (HeliBoard fork)	2026-09-30T15:14:14.6362125Z C/C++:       |                       ^~~~~~~~~~~~~~~~~~~
build	Build DaddyBoard (HeliBoard fork)	2026-09-30T15:14:14.6363144Z C/C++: /home/runner/work/daddyboard/daddyboard/daddyboard-main/app/src/main/jni/src/dictionary/structure/v4/ver4_dict_buffers.cpp:109:23: note: initializer of 'bodyFilePathBufSize' is not a constant expression
build	Build DaddyBoard (HeliBoard fork)	2026-09-30T15:14:14.6364660Z C/C++: /home/runner/work/daddyboard/daddyboard/daddyboard-main/app/src/main/jni/src/dictionary/structure/v4/ver4_dict_buffers.cpp:107:15: note: declared here
build	Build DaddyBoard (HeliBoard fork)	2026-09-30T15:14:14.6365713Z C/C++:   107 |     const int bodyFilePathBufSize = FileUtils::getFilePathWithSuffixBufSize(dictPath,
build	Build DaddyBoard (HeliBoard fork)	2026-09-30T15:14:14.6366264Z C/C++:       |               ^
build	Build DaddyBoard (HeliBoard fork)	2026-09-30T15:14:14.7049985Z C/C++: In file included from /home/runner/work/daddyboard/daddyboard/daddyboard-main/app/src/main/jni/src/dictionary/structure/v4/ver4_dict_buffers.cpp:17:
build	Build DaddyBoard (HeliBoard fork)	2026-09-30T15:14:14.7051754Z C/C++: In file included from /home/runner/work/daddyboard/daddyboard/daddyboard-main/app/src/main/jni/src/dictionary/structure/v4/ver4_dict_buffers.h:25:
build	Build DaddyBoard (HeliBoard fork)	2026-09-30T15:14:14.7079745Z C/C++: In file included from /home/runner/work/daddyboard/daddyboard/daddyboard-main/app/src/main/jni/src/dictionary/structure/v4/content/language_model_dict_content.h:26:
build	Build DaddyBoard (HeliBoard fork)	2026-09-30T15:14:14.7155282Z C/C++: In file included from /home/runner/work/daddyboard/daddyboard/daddyboard-main/app/src/main/jni/src/dictionary/structure/v4/content/probability_entry.h:25:
build	Build DaddyBoard (HeliBoard fork)	2026-09-30T15:14:14.7179804Z C/C++: In file included from /home/runner/work/daddyboard/daddyboard/daddyboard-main/app/src/main/jni/src/dictionary/property/ngram_property.h:24:
build	Build DaddyBoard (HeliBoard fork)	2026-09-30T15:14:14.7209268Z C/C++: In file included from /home/runner/work/daddyboard/daddyboard/daddyboard-main/app/src/main/jni/src/dictionary/property/ngram_context.h:23:
build	Build DaddyBoard (HeliBoard fork)	2026-09-30T15:14:14.7225376Z C/C++: /home/runner/work/daddyboard/daddyboard/daddyboard-main/app/src/main/jni/src/utils/int_array_view.h:160:5: warning: definition of implicit copy constructor for 'IntArrayView' is deprecated because it has a user-declared copy assignment operator [-Wdeprecated-copy]
build	Build DaddyBoard (HeliBoard fork)	2026-09-30T15:14:14.7248871Z C/C++:   160 |     DISALLOW_ASSIGNMENT_OPERATOR(IntArrayView);
build	Build DaddyBoard (HeliBoard fork)	2026-09-30T15:14:14.7268696Z C/C++:       |     ^
build	Build DaddyBoard (HeliBoard fork)	2026-09-30T15:14:14.7299358Z C/C++: /home/runner/work/daddyboard/daddyboard/daddyboard-main/app/src/main/jni/src/defines.h:289:8: note: expanded from macro 'DISALLOW_ASSIGNMENT_OPERATOR'
build	Build DaddyBoard (HeliBoard fork)	2026-09-30T15:14:14.7308721Z C/C++:   289 |   void operator=(const TypeName&) = delete
build	Build DaddyBoard (HeliBoard fork)	2026-09-30T15:14:14.7338698Z C/C++:       |        ^
build	Build DaddyBoard (HeliBoard fork)	2026-09-30T15:14:14.7359603Z C/C++: /usr/local/lib/android/sdk/ndk/28.0.13004108/toolchains/llvm/prebuilt/linux-x86_64/sysroot/usr/include/c++/v1/__memory/allocator.h:173:24: note: in implicit copy constructor for 'latinime::IntArrayView' first required here
build	Build DaddyBoard (HeliBoard fork)	2026-09-30T15:14:14.7388884Z C/C++:   173 |     ::new ((void*)__p) _Up(std::forward<_Args>(__args)...);
build	Build DaddyBoard (HeliBoard fork)	2026-09-30T15:14:14.7398764Z C/C++:       |                        ^
build	Build DaddyBoard (HeliBoard fork)	2026-09-30T15:14:14.7419985Z C/C++: /usr/local/lib/android/sdk/ndk/28.0.13004108/toolchains/llvm/prebuilt/linux-x86_64/sysroot/usr/include/c++/v1/__memory/allocator_traits.h:320:9: note: in instantiation of function template specialization 'std::allocator<latinime::IntArrayView>::construct<latinime::IntArrayView, latinime::IntArrayView>' requested here
build	Build DaddyBoard (HeliBoard fork)	2026-09-30T15:14:14.7448894Z C/C++:   320 |     __a.construct(__p, std::forward<_Args>(__args)...);
build	Build DaddyBoard (HeliBoard fork)	2026-09-30T15:14:14.7478751Z C/C++:       |         ^
build	Build DaddyBoard (HeliBoard fork)	2026-09-30T15:14:14.7490241Z C/C++: /usr/local/lib/android/sdk/ndk/28.0.13004108/toolchains/llvm/prebuilt/linux-x86_64/sysroot/usr/include/c++/v1/__memory/uninitialized_algorithms.h:639:33: note: in instantiation of function template specialization 'std::allocator_traits<std::allocator<latinime::IntArrayView>>::construct<latinime::IntArrayView, latinime::IntArrayView, 0>' requested here
build	Build DaddyBoard (HeliBoard fork)	2026-09-30T15:14:14.7508967Z C/C++:   639 |       allocator_traits<_Alloc>::construct(__alloc, __result, std::move(*__iter));
build	Build DaddyBoard (HeliBoard fork)	2026-09-30T15:14:14.7538795Z C/C++:       |                                 ^
build	Build DaddyBoard (HeliBoard fork)	2026-09-30T15:14:14.7569631Z C/C++: /usr/local/lib/android/sdk/ndk/28.0.13004108/toolchains/llvm/prebuilt/linux-x86_64/sysroot/usr/include/c++/v1/vector:1511:3: note: in instantiation of member function 'std::vector<latinime::IntArrayView>::__swap_out_circular_buffer' requested here
build	Build DaddyBoard (HeliBoard fork)	2026-09-30T15:14:14.7578722Z C/C++:  1511 |   __swap_out_circular_buffer(__v);
build	Build DaddyBoard (HeliBoard fork)	2026-09-30T15:14:14.7598812Z C/C++:       |   ^
build	Build DaddyBoard (HeliBoard fork)	2026-09-30T15:14:14.7623973Z C/C++: /usr/local/lib/android/sdk/ndk/28.0.13004108/toolchains/llvm/prebuilt/linux-x86_64/sysroot/usr/include/c++/v1/vector:1529:13: note: in instantiation of function template specialization 'std::vector<latinime::IntArrayView>::__emplace_back_slow_path<const int *const &, const unsigned long &>' requested here
build	Build DaddyBoard (HeliBoard fork)	2026-09-30T15:14:14.7648893Z C/C++:  1529 |     __end = __emplace_back_slow_path(std::forward<_Args>(__args)...);
build	Build DaddyBoard (HeliBoard fork)	2026-09-30T15:14:14.7679023Z C/C++:       |             ^
build	Build DaddyBoard (HeliBoard fork)	2026-09-30T15:14:14.7699780Z C/C++: /home/runner/work/daddyboard/daddyboard/daddyboard-main/app/src/main/jni/src/utils/int_array_view.h:142:20: note: in instantiation of function template specialization 'std::vector<latinime::IntArrayView>::emplace_back<const int *const &, const unsigned long &>' requested here
build	Build DaddyBoard (HeliBoard fork)	2026-09-30T15:14:14.7708864Z C/C++:   142 |             result.emplace_back(mPtr, mSize);
build	Build DaddyBoard (HeliBoard fork)	2026-09-30T15:14:14.7728517Z C/C++:       |                    ^
build	Build DaddyBoard (HeliBoard fork)	2026-09-30T15:14:14.8999391Z C/C++: 10 warnings generated.
build	Build DaddyBoard (HeliBoard fork)	2026-09-30T15:14:15.6019950Z C/C++: In file included from /home/runner/work/daddyboard/daddyboard/daddyboard-main/app/src/main/jni/src/dictionary/structure/v4/ver4_patricia_trie_node_reader.cpp:19:
build	Build DaddyBoard (HeliBoard fork)	2026-09-30T15:14:15.6049381Z C/C++: In file included from /home/runner/work/daddyboard/daddyboard/daddyboard-main/app/src/main/jni/src/dictionary/header/header_policy.h:25:
build	Build DaddyBoard (HeliBoard fork)	2026-09-30T15:14:15.6099878Z C/C++: /home/runner/work/daddyboard/daddyboard/daddyboard-main/app/src/main/jni/src/dictionary/utils/entry_counters.h:44:5: warning: definition of implicit copy constructor for 'EntryCounts' is deprecated because it has a user-declared copy assignment operator [-Wdeprecated-copy]
build	Build DaddyBoard (HeliBoard fork)	2026-09-30T15:14:15.6128787Z C/C++:    44 |     DISALLOW_ASSIGNMENT_OPERATOR(EntryCounts);
build	Build DaddyBoard (HeliBoard fork)	2026-09-30T15:14:15.6138700Z C/C++:       |     ^
build	Build DaddyBoard (HeliBoard fork)	2026-09-30T15:14:15.6169207Z C/C++: /home/runner/work/daddyboard/daddyboard/daddyboard-main/app/src/main/jni/src/defines.h:289:8: note: expanded from macro 'DISALLOW_ASSIGNMENT_OPERATOR'
build	Build DaddyBoard (HeliBoard fork)	2026-09-30T15:14:15.6179568Z C/C++:   289 |   void operator=(const TypeName&) = delete
build	Build DaddyBoard (HeliBoard fork)	2026-09-30T15:14:15.6194639Z C/C++:       |        ^
build	Build DaddyBoard (HeliBoard fork)	2026-09-30T15:14:15.6195778Z C/C++: /home/runner/work/daddyboard/daddyboard/daddyboard-main/app/src/main/jni/src/dictionary/header/header_policy.h:92:15: note: in implicit copy constructor for 'latinime::EntryCounts' first required here
build	Build DaddyBoard (HeliBoard fork)	2026-09-30T15:14:15.6197340Z C/C++:    92 |               mNgramCounts(headerPolicy->mNgramCounts),
build	Build DaddyBoard (HeliBoard fork)	2026-09-30T15:14:15.6197873Z C/C++:       |               ^
build	Build DaddyBoard (HeliBoard fork)	2026-09-30T15:14:15.6198950Z C/C++: In file included from /home/runner/work/daddyboard/daddyboard/daddyboard-main/app/src/main/jni/src/dictionary/structure/v4/ver4_patricia_trie_node_reader.cpp:22:
build	Build DaddyBoard (HeliBoard fork)	2026-09-30T15:14:15.6200529Z C/C++: In file included from /home/runner/work/daddyboard/daddyboard/daddyboard-main/app/src/main/jni/src/dictionary/structure/v4/content/language_model_dict_content.h:26:
build	Build DaddyBoard (HeliBoard fork)	2026-09-30T15:14:15.6202215Z C/C++: In file included from /home/runner/work/daddyboard/daddyboard/daddyboard-main/app/src/main/jni/src/dictionary/structure/v4/content/probability_entry.h:24:
build	Build DaddyBoard (HeliBoard fork)	2026-09-30T15:14:15.6204619Z C/C++: /home/runner/work/daddyboard/daddyboard/daddyboard-main/app/src/main/jni/src/dictionary/property/historical_info.h:52:5: warning: definition of implicit copy constructor for 'HistoricalInfo' is deprecated because it has a user-declared copy assignment operator [-Wdeprecated-copy]
build	Build DaddyBoard (HeliBoard fork)	2026-09-30T15:14:15.6206378Z C/C++:    52 |     DISALLOW_ASSIGNMENT_OPERATOR(HistoricalInfo);
build	Build DaddyBoard (HeliBoard fork)	2026-09-30T15:14:15.6206967Z C/C++:       |     ^
build	Build DaddyBoard (HeliBoard fork)	2026-09-30T15:14:15.6207882Z C/C++: /home/runner/work/daddyboard/daddyboard/daddyboard-main/app/src/main/jni/src/defines.h:289:8: note: expanded from macro 'DISALLOW_ASSIGNMENT_OPERATOR'
build	Build DaddyBoard (HeliBoard fork)	2026-09-30T15:14:15.6239026Z C/C++:   289 |   void operator=(const TypeName&) = delete
build	Build DaddyBoard (HeliBoard fork)	2026-09-30T15:14:15.6268713Z C/C++:       |        ^
build	Build DaddyBoard (HeliBoard fork)	2026-09-30T15:14:15.6270417Z C/C++: /home/runner/work/daddyboard/daddyboard/daddyboard-main/app/src/main/jni/src/dictionary/property/ngram_property.h:33:42: note: in implicit copy constructor for 'latinime::HistoricalInfo' first required here
build	Build DaddyBoard (HeliBoard fork)	2026-09-30T15:14:15.6272942Z C/C++:    33 |               mProbability(probability), mHistoricalInfo(historicalInfo) {}
build	Build DaddyBoard (HeliBoard fork)	2026-09-30T15:14:15.6281674Z C/C++:       |                                          ^
build	Build DaddyBoard (HeliBoard fork)	2026-09-30T15:14:15.6282877Z C/C++: In file included from /home/runner/work/daddyboard/daddyboard/daddyboard-main/app/src/main/jni/src/dictionary/structure/v4/ver4_patricia_trie_node_reader.cpp:22:
build	Build DaddyBoard (HeliBoard fork)	2026-09-30T15:14:15.6284566Z C/C++: In file included from /home/runner/work/daddyboard/daddyboard/daddyboard-main/app/src/main/jni/src/dictionary/structure/v4/content/language_model_dict_content.h:30:
build	Build DaddyBoard (HeliBoard fork)	2026-09-30T15:14:15.6286739Z C/C++: /home/runner/work/daddyboard/daddyboard/daddyboard-main/app/src/main/jni/src/dictionary/utils/trie_map.h:129:9: warning: definition of implicit copy constructor for 'TrieMapIterator' is deprecated because it has a user-declared copy assignment operator [-Wdeprecated-copy]
build	Build DaddyBoard (HeliBoard fork)	2026-09-30T15:14:15.6288685Z C/C++:   129 |         DISALLOW_ASSIGNMENT_OPERATOR(TrieMapIterator);
build	Build DaddyBoard (HeliBoard fork)	2026-09-30T15:14:15.6289352Z C/C++:       |         ^
build	Build DaddyBoard (HeliBoard fork)	2026-09-30T15:14:15.6290340Z C/C++: /home/runner/work/daddyboard/daddyboard/daddyboard-main/app/src/main/jni/src/defines.h:289:8: note: expanded from macro 'DISALLOW_ASSIGNMENT_OPERATOR'
build	Build DaddyBoard (HeliBoard fork)	2026-09-30T15:14:15.6291564Z C/C++:   289 |   void operator=(const TypeName&) = delete
build	Build DaddyBoard (HeliBoard fork)	2026-09-30T15:14:15.6292162Z C/C++:       |        ^
build	Build DaddyBoard (HeliBoard fork)	2026-09-30T15:14:15.6293551Z C/C++: /home/runner/work/daddyboard/daddyboard/daddyboard-main/app/src/main/jni/src/dictionary/structure/v4/content/language_model_dict_content.h:67:19: note: in implicit copy constructor for 'latinime::TrieMap::TrieMapIterator' first required here
build	Build DaddyBoard (HeliBoard fork)	2026-09-30T15:14:15.6295295Z C/C++:    67 |                 : mTrieMapIterator(trieMapIterator), mHasHistoricalInfo(hasHistoricalInfo) {}
build	Build DaddyBoard (HeliBoard fork)	2026-09-30T15:14:15.6296111Z C/C++:       |                   ^
build	Build DaddyBoard (HeliBoard fork)	2026-09-30T15:14:15.6297170Z C/C++: In file included from /home/runner/work/daddyboard/daddyboard/daddyboard-main/app/src/main/jni/src/dictionary/structure/v4/ver4_patricia_trie_node_reader.cpp:22:
build	Build DaddyBoard (HeliBoard fork)	2026-09-30T15:14:15.6299396Z C/C++: In file included from /home/runner/work/daddyboard/daddyboard/daddyboard-main/app/src/main/jni/src/dictionary/structure/v4/content/language_model_dict_content.h:30:
build	Build DaddyBoard (HeliBoard fork)	2026-09-30T15:14:15.6301810Z C/C++: /home/runner/work/daddyboard/daddyboard/daddyboard-main/app/src/main/jni/src/dictionary/utils/trie_map.h:158:9: warning: definition of implicit copy constructor for 'TrieMapRange' is deprecated because it has a user-declared copy assignment operator [-Wdeprecated-copy]
build	Build DaddyBoard (HeliBoard fork)	2026-09-30T15:14:15.6303526Z C/C++:   158 |         DISALLOW_ASSIGNMENT_OPERATOR(TrieMapRange);
build	Build DaddyBoard (HeliBoard fork)	2026-09-30T15:14:15.6304109Z C/C++:       |         ^
build	Build DaddyBoard (HeliBoard fork)	2026-09-30T15:14:15.6305042Z C/C++: /home/runner/work/daddyboard/daddyboard/daddyboard-main/app/src/main/jni/src/defines.h:289:8: note: expanded from macro 'DISALLOW_ASSIGNMENT_OPERATOR'
build	Build DaddyBoard (HeliBoard fork)	2026-09-30T15:14:15.6306132Z C/C++:   289 |   void operator=(const TypeName&) = delete
build	Build DaddyBoard (HeliBoard fork)	2026-09-30T15:14:15.6306705Z C/C++:       |        ^
build	Build DaddyBoard (HeliBoard fork)	2026-09-30T15:14:15.6308080Z C/C++: /home/runner/work/daddyboard/daddyboard/daddyboard-main/app/src/main/jni/src/dictionary/structure/v4/content/language_model_dict_content.h:96:19: note: in implicit copy constructor for 'latinime::TrieMap::TrieMapRange' first required here
build	Build DaddyBoard (HeliBoard fork)	2026-09-30T15:14:15.6339113Z C/C++:    96 |                 : mTrieMapRange(trieMapRange), mHasHistoricalInfo(hasHistoricalInfo) {}
build	Build DaddyBoard (HeliBoard fork)	2026-09-30T15:14:15.6368904Z C/C++:       |                   ^
build	Build DaddyBoard (HeliBoard fork)	2026-09-30T15:14:15.6379470Z C/C++: In file included from /home/runner/work/daddyboard/daddyboard/daddyboard-main/app/src/main/jni/src/dictionary/structure/v4/ver4_patricia_trie_node_reader.cpp:22:
build	Build DaddyBoard (HeliBoard fork)	2026-09-30T15:14:15.6391786Z C/C++: In file included from /home/runner/work/daddyboard/daddyboard/daddyboard-main/app/src/main/jni/src/dictionary/structure/v4/content/language_model_dict_content.h:24:
build	Build DaddyBoard (HeliBoard fork)	2026-09-30T15:14:15.6394299Z C/C++: /home/runner/work/daddyboard/daddyboard/daddyboard-main/app/src/main/jni/src/dictionary/property/word_attributes.h:59:5: warning: definition of implicit copy constructor for 'WordAttributes' is deprecated because it has a user-declared copy assignment operator [-Wdeprecated-copy]
build	Build DaddyBoard (HeliBoard fork)	2026-09-30T15:14:15.6396087Z C/C++:    59 |     DISALLOW_ASSIGNMENT_OPERATOR(WordAttributes);
build	Build DaddyBoard (HeliBoard fork)	2026-09-30T15:14:15.6396716Z C/C++:       |     ^
build	Build DaddyBoard (HeliBoard fork)	2026-09-30T15:14:15.6397666Z C/C++: /home/runner/work/daddyboard/daddyboard/daddyboard-main/app/src/main/jni/src/defines.h:289:8: note: expanded from macro 'DISALLOW_ASSIGNMENT_OPERATOR'
build	Build DaddyBoard (HeliBoard fork)	2026-09-30T15:14:15.6398950Z C/C++:   289 |   void operator=(const TypeName&) = delete
build	Build DaddyBoard (HeliBoard fork)	2026-09-30T15:14:15.6399523Z C/C++:       |        ^
build	Build DaddyBoard (HeliBoard fork)	2026-09-30T15:14:15.6400799Z C/C++: /home/runner/work/daddyboard/daddyboard/daddyboard-main/app/src/main/jni/src/dictionary/structure/v4/content/language_model_dict_content.h:119:19: note: in implicit copy constructor for 'WordAttributes' first required here
build	Build DaddyBoard (HeliBoard fork)	2026-09-30T15:14:15.6402501Z C/C++:   119 |                   mWordAttributes(wordAttributes), mProbabilityEntry(probabilityEntry) {}
build	Build DaddyBoard (HeliBoard fork)	2026-09-30T15:14:15.6403297Z C/C++:       |                   ^
build	Build DaddyBoard (HeliBoard fork)	2026-09-30T15:14:15.6404313Z C/C++: In file included from /home/runner/work/daddyboard/daddyboard/daddyboard-main/app/src/main/jni/src/dictionary/structure/v4/ver4_patricia_trie_node_reader.cpp:17:
build	Build DaddyBoard (HeliBoard fork)	2026-09-30T15:14:15.6405840Z C/C++: In file included from /home/runner/work/daddyboard/daddyboard/daddyboard-main/app/src/main/jni/src/dictionary/structure/v4/ver4_patricia_trie_node_reader.h:21:
build	Build DaddyBoard (HeliBoard fork)	2026-09-30T15:14:15.6407296Z C/C++: In file included from /home/runner/work/daddyboard/daddyboard/daddyboard-main/app/src/main/jni/src/dictionary/structure/pt_common/pt_node_params.h:27:
build	Build DaddyBoard (HeliBoard fork)	2026-09-30T15:14:15.6409249Z C/C++: /home/runner/work/daddyboard/daddyboard/daddyboard-main/app/src/main/jni/src/utils/int_array_view.h:160:5: warning: definition of implicit copy constructor for 'IntArrayView' is deprecated because it has a user-declared copy assignment operator [-Wdeprecated-copy]
build	Build DaddyBoard (HeliBoard fork)	2026-09-30T15:14:15.6410817Z C/C++:   160 |     DISALLOW_ASSIGNMENT_OPERATOR(IntArrayView);
build	Build DaddyBoard (HeliBoard fork)	2026-09-30T15:14:15.6411688Z C/C++:       |     ^
build	Build DaddyBoard (HeliBoard fork)	2026-09-30T15:14:15.6412570Z C/C++: /home/runner/work/daddyboard/daddyboard/daddyboard-main/app/src/main/jni/src/defines.h:289:8: note: expanded from macro 'DISALLOW_ASSIGNMENT_OPERATOR'
build	Build DaddyBoard (HeliBoard fork)	2026-09-30T15:14:15.6413843Z C/C++:   289 |   void operator=(const TypeName&) = delete
build	Build DaddyBoard (HeliBoard fork)	2026-09-30T15:14:15.6414370Z C/C++:       |        ^
build	Build DaddyBoard (HeliBoard fork)	2026-09-30T15:14:15.6415558Z C/C++: /usr/local/lib/android/sdk/ndk/28.0.13004108/toolchains/llvm/prebuilt/linux-x86_64/sysroot/usr/include/c++/v1/__memory/allocator.h:173:24: note: in implicit copy constructor for 'latinime::IntArrayView' first required here
build	Build DaddyBoard (HeliBoard fork)	2026-09-30T15:14:15.6416884Z C/C++:   173 |     ::new ((void*)__p) _Up(std::forward<_Args>(__args)...);
build	Build DaddyBoard (HeliBoard fork)	2026-09-30T15:14:15.6417439Z C/C++:       |                        ^
build	Build DaddyBoard (HeliBoard fork)	2026-09-30T15:14:15.6419251Z C/C++: /usr/local/lib/android/sdk/ndk/28.0.13004108/toolchains/llvm/prebuilt/linux-x86_64/sysroot/usr/include/c++/v1/__memory/allocator_traits.h:320:9: note: in instantiation of function template specialization 'std::allocator<latinime::IntArrayView>::construct<latinime::IntArrayView, latinime::IntArrayView>' requested here
build	Build DaddyBoard (HeliBoard fork)	2026-09-30T15:14:15.6442647Z C/C++:   320 |     __a.construct(__p, std::forward<_Args>(__args)...);
build	Build DaddyBoard (HeliBoard fork)	2026-09-30T15:14:15.6443205Z C/C++:       |         ^
build	Build DaddyBoard (HeliBoard fork)	2026-09-30T15:14:15.6467868Z C/C++: /usr/local/lib/android/sdk/ndk/28.0.13004108/toolchains/llvm/prebuilt/linux-x86_64/sysroot/usr/include/c++/v1/__memory/uninitialized_algorithms.h:639:33: note: in instantiation of function template specialization 'std::allocator_traits<std::allocator<latinime::IntArrayView>>::construct<latinime::IntArrayView, latinime::IntArrayView, 0>' requested here
build	Build DaddyBoard (HeliBoard fork)	2026-09-30T15:14:15.6469887Z C/C++:   639 |       allocator_traits<_Alloc>::construct(__alloc, __result, std::move(*__iter));
build	Build DaddyBoard (HeliBoard fork)	2026-09-30T15:14:15.6498822Z C/C++:       |                                 ^
build	Build DaddyBoard (HeliBoard fork)	2026-09-30T15:14:15.6500147Z C/C++: /usr/local/lib/android/sdk/ndk/28.0.13004108/toolchains/llvm/prebuilt/linux-x86_64/sysroot/usr/include/c++/v1/vector:1511:3: note: in instantiation of member function 'std::vector<latinime::IntArrayView>::__swap_out_circular_buffer' requested here
build	Build DaddyBoard (HeliBoard fork)	2026-09-30T15:14:15.6501512Z C/C++:  1511 |   __swap_out_circular_buffer(__v);
build	Build DaddyBoard (HeliBoard fork)	2026-09-30T15:14:15.6501880Z C/C++:       |   ^
build	Build DaddyBoard (HeliBoard fork)	2026-09-30T15:14:15.6503281Z C/C++: /usr/local/lib/android/sdk/ndk/28.0.13004108/toolchains/llvm/prebuilt/linux-x86_64/sysroot/usr/include/c++/v1/vector:1529:13: note: in instantiation of function template specialization 'std::vector<latinime::IntArrayView>::__emplace_back_slow_path<const int *const &, const unsigned long &>' requested here
build	Build DaddyBoard (HeliBoard fork)	2026-09-30T15:14:15.6504800Z C/C++:  1529 |     __end = __emplace_back_slow_path(std::forward<_Args>(__args)...);
build	Build DaddyBoard (HeliBoard fork)	2026-09-30T15:14:15.6505263Z C/C++:       |             ^
build	Build DaddyBoard (HeliBoard fork)	2026-09-30T15:14:15.6506544Z C/C++: /home/runner/work/daddyboard/daddyboard/daddyboard-main/app/src/main/jni/src/utils/int_array_view.h:142:20: note: in instantiation of function template specialization 'std::vector<latinime::IntArrayView>::emplace_back<const int *const &, const unsigned long &>' requested here
build	Build DaddyBoard (HeliBoard fork)	2026-09-30T15:14:15.6507935Z C/C++:   142 |             result.emplace_back(mPtr, mSize);
build	Build DaddyBoard (HeliBoard fork)	2026-09-30T15:14:15.6508572Z C/C++:       |                    ^
build	Build DaddyBoard (HeliBoard fork)	2026-09-30T15:14:15.7009856Z C/C++: 6 warnings generated.
build	Build DaddyBoard (HeliBoard fork)	2026-09-30T15:14:16.3049959Z C/C++: In file included from /home/runner/work/daddyboard/daddyboard/daddyboard-main/app/src/main/jni/src/dictionary/structure/v4/ver4_patricia_trie_node_writer.cpp:17:
build	Build DaddyBoard (HeliBoard fork)	2026-09-30T15:14:16.3103861Z C/C++: In file included from /home/runner/work/daddyboard/daddyboard/daddyboard-main/app/src/main/jni/src/dictionary/structure/v4/ver4_patricia_trie_node_writer.h:24:
build	Build DaddyBoard (HeliBoard fork)	2026-09-30T15:14:16.3119418Z C/C++: In file included from /home/runner/work/daddyboard/daddyboard/daddyboard-main/app/src/main/jni/src/dictionary/structure/v4/content/probability_entry.h:24:
build	Build DaddyBoard (HeliBoard fork)	2026-09-30T15:14:16.3149938Z C/C++: /home/runner/work/daddyboard/daddyboard/daddyboard-main/app/src/main/jni/src/dictionary/property/historical_info.h:52:5: warning: definition of implicit copy constructor for 'HistoricalInfo' is deprecated because it has a user-declared copy assignment operator [-Wdeprecated-copy]
build	Build DaddyBoard (HeliBoard fork)	2026-09-30T15:14:16.3178924Z C/C++:    52 |     DISALLOW_ASSIGNMENT_OPERATOR(HistoricalInfo);
build	Build DaddyBoard (HeliBoard fork)	2026-09-30T15:14:16.3208809Z C/C++:       |     ^
build	Build DaddyBoard (HeliBoard fork)	2026-09-30T15:14:16.3249238Z C/C++: /home/runner/work/daddyboard/daddyboard/daddyboard-main/app/src/main/jni/src/defines.h:289:8: note: expanded from macro 'DISALLOW_ASSIGNMENT_OPERATOR'
build	Build DaddyBoard (HeliBoard fork)	2026-09-30T15:14:16.3288757Z C/C++:   289 |   void operator=(const TypeName&) = delete
build	Build DaddyBoard (HeliBoard fork)	2026-09-30T15:14:16.3318692Z C/C++:       |        ^
build	Build DaddyBoard (HeliBoard fork)	2026-09-30T15:14:16.3349529Z C/C++: /home/runner/work/daddyboard/daddyboard/daddyboard-main/app/src/main/jni/src/dictionary/property/ngram_property.h:33:42: note: in implicit copy constructor for 'latinime::HistoricalInfo' first required here
build	Build DaddyBoard (HeliBoard fork)	2026-09-30T15:14:16.3378841Z C/C++:    33 |               mProbability(probability), mHistoricalInfo(historicalInfo) {}
build	Build DaddyBoard (HeliBoard fork)	2026-09-30T15:14:16.3408842Z C/C++:       |                                          ^
build	Build DaddyBoard (HeliBoard fork)	2026-09-30T15:14:16.3409859Z C/C++: In file included from /home/runner/work/daddyboard/daddyboard/daddyboard-main/app/src/main/jni/src/dictionary/structure/v4/ver4_patricia_trie_node_writer.cpp:19:
build	Build DaddyBoard (HeliBoard fork)	2026-09-30T15:14:16.3429381Z C/C++: In file included from /home/runner/work/daddyboard/daddyboard/daddyboard-main/app/src/main/jni/src/dictionary/header/header_policy.h:25:
build	Build DaddyBoard (HeliBoard fork)	2026-09-30T15:14:16.3440249Z C/C++: /home/runner/work/daddyboard/daddyboard/daddyboard-main/app/src/main/jni/src/dictionary/utils/entry_counters.h:44:5: warning: definition of implicit copy constructor for 'EntryCounts' is deprecated because it has a user-declared copy assignment operator [-Wdeprecated-copy]
build	Build DaddyBoard (HeliBoard fork)	2026-09-30T15:14:16.3441987Z C/C++:    44 |     DISALLOW_ASSIGNMENT_OPERATOR(EntryCounts);
build	Build DaddyBoard (HeliBoard fork)	2026-09-30T15:14:16.3442637Z C/C++:       |     ^
build	Build DaddyBoard (HeliBoard fork)	2026-09-30T15:14:16.3443652Z C/C++: /home/runner/work/daddyboard/daddyboard/daddyboard-main/app/src/main/jni/src/defines.h:289:8: note: expanded from macro 'DISALLOW_ASSIGNMENT_OPERATOR'
build	Build DaddyBoard (HeliBoard fork)	2026-09-30T15:14:16.3444811Z C/C++:   289 |   void operator=(const TypeName&) = delete
build	Build DaddyBoard (HeliBoard fork)	2026-09-30T15:14:16.3445372Z C/C++:       |        ^
build	Build DaddyBoard (HeliBoard fork)	2026-09-30T15:14:16.3446577Z C/C++: /home/runner/work/daddyboard/daddyboard/daddyboard-main/app/src/main/jni/src/dictionary/header/header_policy.h:92:15: note: in implicit copy constructor for 'latinime::EntryCounts' first required here
build	Build DaddyBoard (HeliBoard fork)	2026-09-30T15:14:16.3447890Z C/C++:    92 |               mNgramCounts(headerPolicy->mNgramCounts),
build	Build DaddyBoard (HeliBoard fork)	2026-09-30T15:14:16.3449098Z C/C++:       |               ^
build	Build DaddyBoard (HeliBoard fork)	2026-09-30T15:14:16.3450195Z C/C++: In file included from /home/runner/work/daddyboard/daddyboard/daddyboard-main/app/src/main/jni/src/dictionary/structure/v4/ver4_patricia_trie_node_writer.cpp:19:
build	Build DaddyBoard (HeliBoard fork)	2026-09-30T15:14:16.3451743Z C/C++: In file included from /home/runner/work/daddyboard/daddyboard/daddyboard-main/app/src/main/jni/src/dictionary/header/header_policy.h:23:
build	Build DaddyBoard (HeliBoard fork)	2026-09-30T15:14:16.3453201Z C/C++: In file included from /home/runner/work/daddyboard/daddyboard/daddyboard-main/app/src/main/jni/src/dictionary/header/header_read_write_utils.h:24:
build	Build DaddyBoard (HeliBoard fork)	2026-09-30T15:14:16.3454633Z C/C++: In file included from /home/runner/work/daddyboard/daddyboard/daddyboard-main/app/src/main/jni/src/dictionary/utils/format_utils.h:23:
build	Build DaddyBoard (HeliBoard fork)	2026-09-30T15:14:16.3456674Z C/C++: /home/runner/work/daddyboard/daddyboard/daddyboard-main/app/src/main/jni/src/utils/byte_array_view.h:53:5: warning: definition of implicit copy constructor for 'ReadOnlyByteArrayView' is deprecated because it has a user-declared copy assignment operator [-Wdeprecated-copy]
build	Build DaddyBoard (HeliBoard fork)	2026-09-30T15:14:16.3458532Z C/C++:    53 |     DISALLOW_ASSIGNMENT_OPERATOR(ReadOnlyByteArrayView);
build	Build DaddyBoard (HeliBoard fork)	2026-09-30T15:14:16.3459194Z C/C++:       |     ^
build	Build DaddyBoard (HeliBoard fork)	2026-09-30T15:14:16.3460174Z C/C++: /home/runner/work/daddyboard/daddyboard/daddyboard-main/app/src/main/jni/src/defines.h:289:8: note: expanded from macro 'DISALLOW_ASSIGNMENT_OPERATOR'
build	Build DaddyBoard (HeliBoard fork)	2026-09-30T15:14:16.3461287Z C/C++:   289 |   void operator=(const TypeName&) = delete
build	Build DaddyBoard (HeliBoard fork)	2026-09-30T15:14:16.3462289Z C/C++:       |        ^
build	Build DaddyBoard (HeliBoard fork)	2026-09-30T15:14:16.3463698Z C/C++: /home/runner/work/daddyboard/daddyboard/daddyboard-main/app/src/main/jni/src/dictionary/structure/pt_common/shortcut/shortcut_list_reading_utils.h:52:75: note: in implicit copy constructor for 'latinime::ReadOnlyByteArrayView' first required here
build	Build DaddyBoard (HeliBoard fork)	2026-09-30T15:14:16.3465817Z C/C++:    52 |         const int shortcutListSize = getShortcutListSizeAndForwardPointer(buffer, pos);
build	Build DaddyBoard (HeliBoard fork)	2026-09-30T15:14:16.3466687Z C/C++:       |                                                                           ^
build	Build DaddyBoard (HeliBoard fork)	2026-09-30T15:14:16.3467897Z C/C++: In file included from /home/runner/work/daddyboard/daddyboard/daddyboard-main/app/src/main/jni/src/dictionary/structure/v4/ver4_patricia_trie_node_writer.cpp:27:
build	Build DaddyBoard (HeliBoard fork)	2026-09-30T15:14:16.3469650Z C/C++: In file included from /home/runner/work/daddyboard/daddyboard/daddyboard-main/app/src/main/jni/src/dictionary/structure/v4/ver4_dict_buffers.h:25:
build	Build DaddyBoard (HeliBoard fork)	2026-09-30T15:14:16.3471284Z C/C++: In file included from /home/runner/work/daddyboard/daddyboard/daddyboard-main/app/src/main/jni/src/dictionary/structure/v4/content/language_model_dict_content.h:30:
build	Build DaddyBoard (HeliBoard fork)	2026-09-30T15:14:16.3473437Z C/C++: /home/runner/work/daddyboard/daddyboard/daddyboard-main/app/src/main/jni/src/dictionary/utils/trie_map.h:129:9: warning: definition of implicit copy constructor for 'TrieMapIterator' is deprecated because it has a user-declared copy assignment operator [-Wdeprecated-copy]
build	Build DaddyBoard (HeliBoard fork)	2026-09-30T15:14:16.3475158Z C/C++:   129 |         DISALLOW_ASSIGNMENT_OPERATOR(TrieMapIterator);
build	Build DaddyBoard (HeliBoard fork)	2026-09-30T15:14:16.3475786Z C/C++:       |         ^
build	Build DaddyBoard (HeliBoard fork)	2026-09-30T15:14:16.3476778Z C/C++: /home/runner/work/daddyboard/daddyboard/daddyboard-main/app/src/main/jni/src/defines.h:289:8: note: expanded from macro 'DISALLOW_ASSIGNMENT_OPERATOR'
build	Build DaddyBoard (HeliBoard fork)	2026-09-30T15:14:16.3477878Z C/C++:   289 |   void operator=(const TypeName&) = delete
build	Build DaddyBoard (HeliBoard fork)	2026-09-30T15:14:16.3478744Z C/C++:       |        ^
build	Build DaddyBoard (HeliBoard fork)	2026-09-30T15:14:16.3489692Z C/C++: /home/runner/work/daddyboard/daddyboard/daddyboard-main/app/src/main/jni/src/dictionary/structure/v4/content/language_model_dict_content.h:67:19: note: in implicit copy constructor for 'latinime::TrieMap::TrieMapIterator' first required here
build	Build DaddyBoard (HeliBoard fork)	2026-09-30T15:14:16.3519034Z C/C++:    67 |                 : mTrieMapIterator(trieMapIterator), mHasHistoricalInfo(hasHistoricalInfo) {}
build	Build DaddyBoard (HeliBoard fork)	2026-09-30T15:14:16.3548781Z C/C++:       |                   ^
build	Build DaddyBoard (HeliBoard fork)	2026-09-30T15:14:16.3551971Z C/C++: In file included from /home/runner/work/daddyboard/daddyboard/daddyboard-main/app/src/main/jni/src/dictionary/structure/v4/ver4_patricia_trie_node_writer.cpp:27:
build	Build DaddyBoard (HeliBoard fork)	2026-09-30T15:14:16.3609447Z C/C++: In file included from /home/runner/work/daddyboard/daddyboard/daddyboard-main/app/src/main/jni/src/dictionary/structure/v4/ver4_dict_buffers.h:25:
build	Build DaddyBoard (HeliBoard fork)	2026-09-30T15:14:16.3639384Z C/C++: In file included from /home/runner/work/daddyboard/daddyboard/daddyboard-main/app/src/main/jni/src/dictionary/structure/v4/content/language_model_dict_content.h:30:
build	Build DaddyBoard (HeliBoard fork)	2026-09-30T15:14:16.3641420Z C/C++: /home/runner/work/daddyboard/daddyboard/daddyboard-main/app/src/main/jni/src/dictionary/utils/trie_map.h:158:9: warning: definition of implicit copy constructor for 'TrieMapRange' is deprecated because it has a user-declared copy assignment operator [-Wdeprecated-copy]
build	Build DaddyBoard (HeliBoard fork)	2026-09-30T15:14:16.3642874Z C/C++:   158 |         DISALLOW_ASSIGNMENT_OPERATOR(TrieMapRange);
build	Build DaddyBoard (HeliBoard fork)	2026-09-30T15:14:16.3643287Z C/C++:       |         ^
build	Build DaddyBoard (HeliBoard fork)	2026-09-30T15:14:16.3644031Z C/C++: /home/runner/work/daddyboard/daddyboard/daddyboard-main/app/src/main/jni/src/defines.h:289:8: note: expanded from macro 'DISALLOW_ASSIGNMENT_OPERATOR'
build	Build DaddyBoard (HeliBoard fork)	2026-09-30T15:14:16.3644582Z C/C++:   289 |   void operator=(const TypeName&) = delete
build	Build DaddyBoard (HeliBoard fork)	2026-09-30T15:14:16.3644834Z C/C++:       |        ^
build	Build DaddyBoard (HeliBoard fork)	2026-09-30T15:14:16.3645569Z C/C++: /home/runner/work/daddyboard/daddyboard/daddyboard-main/app/src/main/jni/src/dictionary/structure/v4/content/language_model_dict_content.h:96:19: note: in implicit copy constructor for 'latinime::TrieMap::TrieMapRange' first required here
build	Build DaddyBoard (HeliBoard fork)	2026-09-30T15:14:16.3646840Z C/C++:    96 |                 : mTrieMapRange(trieMapRange), mHasHistoricalInfo(hasHistoricalInfo) {}
build	Build DaddyBoard (HeliBoard fork)	2026-09-30T15:14:16.3647184Z C/C++:       |                   ^
build	Build DaddyBoard (HeliBoard fork)	2026-09-30T15:14:16.3647875Z C/C++: In file included from /home/runner/work/daddyboard/daddyboard/daddyboard-main/app/src/main/jni/src/dictionary/structure/v4/ver4_patricia_trie_node_writer.cpp:27:
build	Build DaddyBoard (HeliBoard fork)	2026-09-30T15:14:16.3649131Z C/C++: In file included from /home/runner/work/daddyboard/daddyboard/daddyboard-main/app/src/main/jni/src/dictionary/structure/v4/ver4_dict_buffers.h:25:
build	Build DaddyBoard (HeliBoard fork)	2026-09-30T15:14:16.3650257Z C/C++: In file included from /home/runner/work/daddyboard/daddyboard/daddyboard-main/app/src/main/jni/src/dictionary/structure/v4/content/language_model_dict_content.h:24:
build	Build DaddyBoard (HeliBoard fork)	2026-09-30T15:14:16.3652081Z C/C++: /home/runner/work/daddyboard/daddyboard/daddyboard-main/app/src/main/jni/src/dictionary/property/word_attributes.h:59:5: warning: definition of implicit copy constructor for 'WordAttributes' is deprecated because it has a user-declared copy assignment operator [-Wdeprecated-copy]
build	Build DaddyBoard (HeliBoard fork)	2026-09-30T15:14:16.3653618Z C/C++:    59 |     DISALLOW_ASSIGNMENT_OPERATOR(WordAttributes);
build	Build DaddyBoard (HeliBoard fork)	2026-09-30T15:14:16.3654056Z C/C++:       |     ^
build	Build DaddyBoard (HeliBoard fork)	2026-09-30T15:14:16.3654834Z C/C++: /home/runner/work/daddyboard/daddyboard/daddyboard-main/app/src/main/jni/src/defines.h:289:8: note: expanded from macro 'DISALLOW_ASSIGNMENT_OPERATOR'
build	Build DaddyBoard (HeliBoard fork)	2026-09-30T15:14:16.3655705Z C/C++:   289 |   void operator=(const TypeName&) = delete
build	Build DaddyBoard (HeliBoard fork)	2026-09-30T15:14:16.3656028Z C/C++:       |        ^
build	Build DaddyBoard (HeliBoard fork)	2026-09-30T15:14:16.3656688Z C/C++: /home/runner/work/daddyboard/daddyboard/daddyboard-main/app/src/main/jni/src/dictionary/structure/v4/content/language_model_dict_content.h:119:19: note: in implicit copy constructor for 'WordAttributes' first required here
build	Build DaddyBoard (HeliBoard fork)	2026-09-30T15:14:16.3657553Z C/C++:   119 |                   mWordAttributes(wordAttributes), mProbabilityEntry(probabilityEntry) {}
build	Build DaddyBoard (HeliBoard fork)	2026-09-30T15:14:16.3658109Z C/C++:       |                   ^
build	Build DaddyBoard (HeliBoard fork)	2026-09-30T15:14:16.3659142Z C/C++: In file included from /home/runner/work/daddyboard/daddyboard/daddyboard-main/app/src/main/jni/src/dictionary/structure/v4/ver4_patricia_trie_node_writer.cpp:17:
build	Build DaddyBoard (HeliBoard fork)	2026-09-30T15:14:16.3660627Z C/C++: In file included from /home/runner/work/daddyboard/daddyboard/daddyboard-main/app/src/main/jni/src/dictionary/structure/v4/ver4_patricia_trie_node_writer.h:21:
build	Build DaddyBoard (HeliBoard fork)	2026-09-30T15:14:16.3662091Z C/C++: In file included from /home/runner/work/daddyboard/daddyboard/daddyboard-main/app/src/main/jni/src/dictionary/structure/pt_common/dynamic_pt_reading_helper.h:24:
build	Build DaddyBoard (HeliBoard fork)	2026-09-30T15:14:16.3663531Z C/C++: In file included from /home/runner/work/daddyboard/daddyboard/daddyboard-main/app/src/main/jni/src/dictionary/structure/pt_common/pt_node_params.h:27:
build	Build DaddyBoard (HeliBoard fork)	2026-09-30T15:14:16.3665362Z C/C++: /home/runner/work/daddyboard/daddyboard/daddyboard-main/app/src/main/jni/src/utils/int_array_view.h:160:5: warning: definition of implicit copy constructor for 'IntArrayView' is deprecated because it has a user-declared copy assignment operator [-Wdeprecated-copy]
build	Build DaddyBoard (HeliBoard fork)	2026-09-30T15:14:16.3666815Z C/C++:   160 |     DISALLOW_ASSIGNMENT_OPERATOR(IntArrayView);
build	Build DaddyBoard (HeliBoard fork)	2026-09-30T15:14:16.3667233Z C/C++:       |     ^
build	Build DaddyBoard (HeliBoard fork)	2026-09-30T15:14:16.3668032Z C/C++: /home/runner/work/daddyboard/daddyboard/daddyboard-main/app/src/main/jni/src/defines.h:289:8: note: expanded from macro 'DISALLOW_ASSIGNMENT_OPERATOR'
build	Build DaddyBoard (HeliBoard fork)	2026-09-30T15:14:16.3699295Z C/C++:   289 |   void operator=(const TypeName&) = delete
build	Build DaddyBoard (HeliBoard fork)	2026-09-30T15:14:16.3699729Z C/C++:       |        ^
build	Build DaddyBoard (HeliBoard fork)	2026-09-30T15:14:16.3700900Z C/C++: /home/runner/work/daddyboard/daddyboard/daddyboard-main/app/src/main/jni/src/dictionary/structure/v4/ver4_patricia_trie_node_writer.cpp:211:64: note: in implicit copy constructor for 'latinime::IntArrayView' first required here
build	Build DaddyBoard (HeliBoard fork)	2026-09-30T15:14:16.3702351Z C/C++:   211 |             languageModelDictContent->getNgramProbabilityEntry(prevWordIds, wordId);
build	Build DaddyBoard (HeliBoard fork)	2026-09-30T15:14:16.3703001Z C/C++:       |                                                                ^
build	Build DaddyBoard (HeliBoard fork)	2026-09-30T15:14:16.5999205Z C/C++: 7 warnings generated.
build	Build DaddyBoard (HeliBoard fork)	2026-09-30T15:14:17.2009955Z C/C++: In file included from /home/runner/work/daddyboard/daddyboard/daddyboard-main/app/src/main/jni/src/dictionary/structure/v4/ver4_patricia_trie_policy.cpp:17:
build	Build DaddyBoard (HeliBoard fork)	2026-09-30T15:14:17.2049414Z C/C++: In file included from /home/runner/work/daddyboard/daddyboard/daddyboard-main/app/src/main/jni/src/dictionary/structure/v4/ver4_patricia_trie_policy.h:23:
build	Build DaddyBoard (HeliBoard fork)	2026-09-30T15:14:17.2079111Z C/C++: In file included from /home/runner/work/daddyboard/daddyboard/daddyboard-main/app/src/main/jni/src/dictionary/header/header_policy.h:25:
build	Build DaddyBoard (HeliBoard fork)	2026-09-30T15:14:17.2109742Z C/C++: /home/runner/work/daddyboard/daddyboard/daddyboard-main/app/src/main/jni/src/dictionary/utils/entry_counters.h:44:5: warning: definition of implicit copy constructor for 'EntryCounts' is deprecated because it has a user-declared copy assignment operator [-Wdeprecated-copy]
build	Build DaddyBoard (HeliBoard fork)	2026-09-30T15:14:17.2120428Z C/C++:    44 |     DISALLOW_ASSIGNMENT_OPERATOR(EntryCounts);
build	Build DaddyBoard (HeliBoard fork)	2026-09-30T15:14:17.2148811Z C/C++:       |     ^
build	Build DaddyBoard (HeliBoard fork)	2026-09-30T15:14:17.2189247Z C/C++: /home/runner/work/daddyboard/daddyboard/daddyboard-main/app/src/main/jni/src/defines.h:289:8: note: expanded from macro 'DISALLOW_ASSIGNMENT_OPERATOR'
build	Build DaddyBoard (HeliBoard fork)	2026-09-30T15:14:17.2208185Z C/C++:   289 |   void operator=(const TypeName&) = delete
build	Build DaddyBoard (HeliBoard fork)	2026-09-30T15:14:17.2228640Z C/C++:       |        ^
build	Build DaddyBoard (HeliBoard fork)	2026-09-30T15:14:17.2242996Z C/C++: /home/runner/work/daddyboard/daddyboard/daddyboard-main/app/src/main/jni/src/dictionary/header/header_policy.h:92:15: note: in implicit copy constructor for 'latinime::EntryCounts' first required here
build	Build DaddyBoard (HeliBoard fork)	2026-09-30T15:14:17.2270500Z C/C++:    92 |               mNgramCounts(headerPolicy->mNgramCounts),
build	Build DaddyBoard (HeliBoard fork)	2026-09-30T15:14:17.2302232Z C/C++:       |               ^
build	Build DaddyBoard (HeliBoard fork)	2026-09-30T15:14:17.2339307Z C/C++: In file included from /home/runner/work/daddyboard/daddyboard/daddyboard-main/app/src/main/jni/src/dictionary/structure/v4/ver4_patricia_trie_policy.cpp:17:
build	Build DaddyBoard (HeliBoard fork)	2026-09-30T15:14:17.2369238Z C/C++: In file included from /home/runner/work/daddyboard/daddyboard/daddyboard-main/app/src/main/jni/src/dictionary/structure/v4/ver4_patricia_trie_policy.h:24:
build	Build DaddyBoard (HeliBoard fork)	2026-09-30T15:14:17.2399371Z C/C++: In file included from /home/runner/work/daddyboard/daddyboard/daddyboard-main/app/src/main/jni/src/dictionary/interface/dictionary_structure_with_buffer_policy.h:23:
build	Build DaddyBoard (HeliBoard fork)	2026-09-30T15:14:17.2429563Z C/C++: /home/runner/work/daddyboard/daddyboard/daddyboard-main/app/src/main/jni/src/dictionary/property/historical_info.h:52:5: warning: definition of implicit copy constructor for 'HistoricalInfo' is deprecated because it has a user-declared copy assignment operator [-Wdeprecated-copy]
build	Build DaddyBoard (HeliBoard fork)	2026-09-30T15:14:17.2458835Z C/C++:    52 |     DISALLOW_ASSIGNMENT_OPERATOR(HistoricalInfo);
build	Build DaddyBoard (HeliBoard fork)	2026-09-30T15:14:17.2468651Z C/C++:       |     ^
build	Build DaddyBoard (HeliBoard fork)	2026-09-30T15:14:17.2489184Z C/C++: /home/runner/work/daddyboard/daddyboard/daddyboard-main/app/src/main/jni/src/defines.h:289:8: note: expanded from macro 'DISALLOW_ASSIGNMENT_OPERATOR'
build	Build DaddyBoard (HeliBoard fork)	2026-09-30T15:14:17.2499198Z C/C++:   289 |   void operator=(const TypeName&) = delete
build	Build DaddyBoard (HeliBoard fork)	2026-09-30T15:14:17.2538708Z C/C++:       |        ^
build	Build DaddyBoard (HeliBoard fork)	2026-09-30T15:14:17.2549476Z C/C++: /home/runner/work/daddyboard/daddyboard/daddyboard-main/app/src/main/jni/src/dictionary/property/ngram_property.h:33:42: note: in implicit copy constructor for 'latinime::HistoricalInfo' first required here
build	Build DaddyBoard (HeliBoard fork)	2026-09-30T15:14:17.2578803Z C/C++:    33 |               mProbability(probability), mHistoricalInfo(historicalInfo) {}
build	Build DaddyBoard (HeliBoard fork)	2026-09-30T15:14:17.2608660Z C/C++:       |                                          ^
build	Build DaddyBoard (HeliBoard fork)	2026-09-30T15:14:17.2639190Z C/C++: In file included from /home/runner/work/daddyboard/daddyboard/daddyboard-main/app/src/main/jni/src/dictionary/structure/v4/ver4_patricia_trie_policy.cpp:17:
build	Build DaddyBoard (HeliBoard fork)	2026-09-30T15:14:17.2669286Z C/C++: In file included from /home/runner/work/daddyboard/daddyboard/daddyboard-main/app/src/main/jni/src/dictionary/structure/v4/ver4_patricia_trie_policy.h:24:
build	Build DaddyBoard (HeliBoard fork)	2026-09-30T15:14:17.2670908Z C/C++: In file included from /home/runner/work/daddyboard/daddyboard/daddyboard-main/app/src/main/jni/src/dictionary/interface/dictionary_structure_with_buffer_policy.h:25:
build	Build DaddyBoard (HeliBoard fork)	2026-09-30T15:14:17.2699126Z C/C++: In file included from /home/runner/work/daddyboard/daddyboard/daddyboard-main/app/src/main/jni/src/dictionary/property/word_property.h:24:
build	Build DaddyBoard (HeliBoard fork)	2026-09-30T15:14:17.2729776Z C/C++: /home/runner/work/daddyboard/daddyboard/daddyboard-main/app/src/main/jni/src/dictionary/property/unigram_property.h:126:5: warning: definition of implicit copy constructor for 'UnigramProperty' is deprecated because it has a user-declared copy assignment operator [-Wdeprecated-copy]
build	Build DaddyBoard (HeliBoard fork)	2026-09-30T15:14:17.2758725Z C/C++:   126 |     DISALLOW_ASSIGNMENT_OPERATOR(UnigramProperty);
build	Build DaddyBoard (HeliBoard fork)	2026-09-30T15:14:17.2769300Z C/C++:       |     ^
build	Build DaddyBoard (HeliBoard fork)	2026-09-30T15:14:17.2819211Z C/C++: /home/runner/work/daddyboard/daddyboard/daddyboard-main/app/src/main/jni/src/defines.h:289:8: note: expanded from macro 'DISALLOW_ASSIGNMENT_OPERATOR'
build	Build DaddyBoard (HeliBoard fork)	2026-09-30T15:14:17.2848714Z C/C++:   289 |   void operator=(const TypeName&) = delete
build	Build DaddyBoard (HeliBoard fork)	2026-09-30T15:14:17.2858629Z C/C++:       |        ^
build	Build DaddyBoard (HeliBoard fork)	2026-09-30T15:14:17.2859801Z C/C++: /home/runner/work/daddyboard/daddyboard/daddyboard-main/app/src/main/jni/src/dictionary/property/word_property.h:38:51: note: in implicit copy constructor for 'latinime::UnigramProperty' first required here
build	Build DaddyBoard (HeliBoard fork)	2026-09-30T15:14:17.2888903Z C/C++:    38 |             : mCodePoints(std::move(codePoints)), mUnigramProperty(unigramProperty),
build	Build DaddyBoard (HeliBoard fork)	2026-09-30T15:14:17.2889522Z C/C++:       |                                                   ^
build	Build DaddyBoard (HeliBoard fork)	2026-09-30T15:14:17.2890475Z C/C++: In file included from /home/runner/work/daddyboard/daddyboard/daddyboard-main/app/src/main/jni/src/dictionary/structure/v4/ver4_patricia_trie_policy.cpp:17:
build	Build DaddyBoard (HeliBoard fork)	2026-09-30T15:14:17.2891895Z C/C++: In file included from /home/runner/work/daddyboard/daddyboard/daddyboard-main/app/src/main/jni/src/dictionary/structure/v4/ver4_patricia_trie_policy.h:23:
build	Build DaddyBoard (HeliBoard fork)	2026-09-30T15:14:17.2893214Z C/C++: In file included from /home/runner/work/daddyboard/daddyboard/daddyboard-main/app/src/main/jni/src/dictionary/header/header_policy.h:23:
build	Build DaddyBoard (HeliBoard fork)	2026-09-30T15:14:17.2894522Z C/C++: In file included from /home/runner/work/daddyboard/daddyboard/daddyboard-main/app/src/main/jni/src/dictionary/header/header_read_write_utils.h:24:
build	Build DaddyBoard (HeliBoard fork)	2026-09-30T15:14:17.2895811Z C/C++: In file included from /home/runner/work/daddyboard/daddyboard/daddyboard-main/app/src/main/jni/src/dictionary/utils/format_utils.h:23:
build	Build DaddyBoard (HeliBoard fork)	2026-09-30T15:14:17.2897690Z C/C++: /home/runner/work/daddyboard/daddyboard/daddyboard-main/app/src/main/jni/src/utils/byte_array_view.h:53:5: warning: definition of implicit copy constructor for 'ReadOnlyByteArrayView' is deprecated because it has a user-declared copy assignment operator [-Wdeprecated-copy]
build	Build DaddyBoard (HeliBoard fork)	2026-09-30T15:14:17.2899352Z C/C++:    53 |     DISALLOW_ASSIGNMENT_OPERATOR(ReadOnlyByteArrayView);
build	Build DaddyBoard (HeliBoard fork)	2026-09-30T15:14:17.2899791Z C/C++:       |     ^
build	Build DaddyBoard (HeliBoard fork)	2026-09-30T15:14:17.2900574Z C/C++: /home/runner/work/daddyboard/daddyboard/daddyboard-main/app/src/main/jni/src/defines.h:289:8: note: expanded from macro 'DISALLOW_ASSIGNMENT_OPERATOR'
build	Build DaddyBoard (HeliBoard fork)	2026-09-30T15:14:17.2901512Z C/C++:   289 |   void operator=(const TypeName&) = delete
build	Build DaddyBoard (HeliBoard fork)	2026-09-30T15:14:17.2901894Z C/C++:       |        ^
build	Build DaddyBoard (HeliBoard fork)	2026-09-30T15:14:17.2903137Z C/C++: /home/runner/work/daddyboard/daddyboard/daddyboard-main/app/src/main/jni/src/dictionary/structure/pt_common/shortcut/shortcut_list_reading_utils.h:52:75: note: in implicit copy constructor for 'latinime::ReadOnlyByteArrayView' first required here
build	Build DaddyBoard (HeliBoard fork)	2026-09-30T15:14:17.2904732Z C/C++:    52 |         const int shortcutListSize = getShortcutListSizeAndForwardPointer(buffer, pos);
build	Build DaddyBoard (HeliBoard fork)	2026-09-30T15:14:17.2928658Z C/C++:       |                                                                           ^
build	Build DaddyBoard (HeliBoard fork)	2026-09-30T15:14:17.2959149Z C/C++: In file included from /home/runner/work/daddyboard/daddyboard/daddyboard-main/app/src/main/jni/src/dictionary/structure/v4/ver4_patricia_trie_policy.cpp:17:
build	Build DaddyBoard (HeliBoard fork)	2026-09-30T15:14:17.2969125Z C/C++: In file included from /home/runner/work/daddyboard/daddyboard/daddyboard-main/app/src/main/jni/src/dictionary/structure/v4/ver4_patricia_trie_policy.h:27:
build	Build DaddyBoard (HeliBoard fork)	2026-09-30T15:14:17.2989178Z C/C++: In file included from /home/runner/work/daddyboard/daddyboard/daddyboard-main/app/src/main/jni/src/dictionary/structure/v4/ver4_dict_buffers.h:25:
build	Build DaddyBoard (HeliBoard fork)	2026-09-30T15:14:17.3000821Z C/C++: In file included from /home/runner/work/daddyboard/daddyboard/daddyboard-main/app/src/main/jni/src/dictionary/structure/v4/content/language_model_dict_content.h:30:
build	Build DaddyBoard (HeliBoard fork)	2026-09-30T15:14:17.3029750Z C/C++: /home/runner/work/daddyboard/daddyboard/daddyboard-main/app/src/main/jni/src/dictionary/utils/trie_map.h:129:9: warning: definition of implicit copy constructor for 'TrieMapIterator' is deprecated because it has a user-declared copy assignment operator [-Wdeprecated-copy]
build	Build DaddyBoard (HeliBoard fork)	2026-09-30T15:14:17.3031322Z C/C++:   129 |         DISALLOW_ASSIGNMENT_OPERATOR(TrieMapIterator);
build	Build DaddyBoard (HeliBoard fork)	2026-09-30T15:14:17.3031790Z C/C++:       |         ^
build	Build DaddyBoard (HeliBoard fork)	2026-09-30T15:14:17.3032617Z C/C++: /home/runner/work/daddyboard/daddyboard/daddyboard-main/app/src/main/jni/src/defines.h:289:8: note: expanded from macro 'DISALLOW_ASSIGNMENT_OPERATOR'
build	Build DaddyBoard (HeliBoard fork)	2026-09-30T15:14:17.3033603Z C/C++:   289 |   void operator=(const TypeName&) = delete
build	Build DaddyBoard (HeliBoard fork)	2026-09-30T15:14:17.3033999Z C/C++:       |        ^
build	Build DaddyBoard (HeliBoard fork)	2026-09-30T15:14:17.3035288Z C/C++: /home/runner/work/daddyboard/daddyboard/daddyboard-main/app/src/main/jni/src/dictionary/structure/v4/content/language_model_dict_content.h:67:19: note: in implicit copy constructor for 'latinime::TrieMap::TrieMapIterator' first required here
build	Build DaddyBoard (HeliBoard fork)	2026-09-30T15:14:17.3036883Z C/C++:    67 |                 : mTrieMapIterator(trieMapIterator), mHasHistoricalInfo(hasHistoricalInfo) {}
build	Build DaddyBoard (HeliBoard fork)	2026-09-30T15:14:17.3048590Z C/C++:       |                   ^
build	Build DaddyBoard (HeliBoard fork)	2026-09-30T15:14:17.3069250Z C/C++: In file included from /home/runner/work/daddyboard/daddyboard/daddyboard-main/app/src/main/jni/src/dictionary/structure/v4/ver4_patricia_trie_policy.cpp:17:
build	Build DaddyBoard (HeliBoard fork)	2026-09-30T15:14:17.3089274Z C/C++: In file included from /home/runner/work/daddyboard/daddyboard/daddyboard-main/app/src/main/jni/src/dictionary/structure/v4/ver4_patricia_trie_policy.h:27:
build	Build DaddyBoard (HeliBoard fork)	2026-09-30T15:14:17.3090803Z C/C++: In file included from /home/runner/work/daddyboard/daddyboard/daddyboard-main/app/src/main/jni/src/dictionary/structure/v4/ver4_dict_buffers.h:25:
build	Build DaddyBoard (HeliBoard fork)	2026-09-30T15:14:17.3119290Z C/C++: In file included from /home/runner/work/daddyboard/daddyboard/daddyboard-main/app/src/main/jni/src/dictionary/structure/v4/content/language_model_dict_content.h:30:
build	Build DaddyBoard (HeliBoard fork)	2026-09-30T15:14:17.3159629Z C/C++: /home/runner/work/daddyboard/daddyboard/daddyboard-main/app/src/main/jni/src/dictionary/utils/trie_map.h:158:9: warning: definition of implicit copy constructor for 'TrieMapRange' is deprecated because it has a user-declared copy assignment operator [-Wdeprecated-copy]
build	Build DaddyBoard (HeliBoard fork)	2026-09-30T15:14:17.3188640Z C/C++:   158 |         DISALLOW_ASSIGNMENT_OPERATOR(TrieMapRange);
build	Build DaddyBoard (HeliBoard fork)	2026-09-30T15:14:17.3218621Z C/C++:       |         ^
build	Build DaddyBoard (HeliBoard fork)	2026-09-30T15:14:17.3249118Z C/C++: /home/runner/work/daddyboard/daddyboard/daddyboard-main/app/src/main/jni/src/defines.h:289:8: note: expanded from macro 'DISALLOW_ASSIGNMENT_OPERATOR'
build	Build DaddyBoard (HeliBoard fork)	2026-09-30T15:14:17.3278653Z C/C++:   289 |   void operator=(const TypeName&) = delete
build	Build DaddyBoard (HeliBoard fork)	2026-09-30T15:14:17.3308601Z C/C++:       |        ^
build	Build DaddyBoard (HeliBoard fork)	2026-09-30T15:14:17.3339549Z C/C++: /home/runner/work/daddyboard/daddyboard/daddyboard-main/app/src/main/jni/src/dictionary/structure/v4/content/language_model_dict_content.h:96:19: note: in implicit copy constructor for 'latinime::TrieMap::TrieMapRange' first required here
build	Build DaddyBoard (HeliBoard fork)	2026-09-30T15:14:17.3368835Z C/C++:    96 |                 : mTrieMapRange(trieMapRange), mHasHistoricalInfo(hasHistoricalInfo) {}
build	Build DaddyBoard (HeliBoard fork)	2026-09-30T15:14:17.3398562Z C/C++:       |                   ^
build	Build DaddyBoard (HeliBoard fork)	2026-09-30T15:14:17.3429172Z C/C++: In file included from /home/runner/work/daddyboard/daddyboard/daddyboard-main/app/src/main/jni/src/dictionary/structure/v4/ver4_patricia_trie_policy.cpp:17:
build	Build DaddyBoard (HeliBoard fork)	2026-09-30T15:14:17.3459162Z C/C++: In file included from /home/runner/work/daddyboard/daddyboard/daddyboard-main/app/src/main/jni/src/dictionary/structure/v4/ver4_patricia_trie_policy.h:24:
build	Build DaddyBoard (HeliBoard fork)	2026-09-30T15:14:17.3489242Z C/C++: In file included from /home/runner/work/daddyboard/daddyboard/daddyboard-main/app/src/main/jni/src/dictionary/interface/dictionary_structure_with_buffer_policy.h:24:
build	Build DaddyBoard (HeliBoard fork)	2026-09-30T15:14:17.3491583Z C/C++: /home/runner/work/daddyboard/daddyboard/daddyboard-main/app/src/main/jni/src/dictionary/property/word_attributes.h:59:5: warning: definition of implicit copy constructor for 'WordAttributes' is deprecated because it has a user-declared copy assignment operator [-Wdeprecated-copy]
build	Build DaddyBoard (HeliBoard fork)	2026-09-30T15:14:17.3493103Z C/C++:    59 |     DISALLOW_ASSIGNMENT_OPERATOR(WordAttributes);
build	Build DaddyBoard (HeliBoard fork)	2026-09-30T15:14:17.3493498Z C/C++:       |     ^
build	Build DaddyBoard (HeliBoard fork)	2026-09-30T15:14:17.3494277Z C/C++: /home/runner/work/daddyboard/daddyboard/daddyboard-main/app/src/main/jni/src/defines.h:289:8: note: expanded from macro 'DISALLOW_ASSIGNMENT_OPERATOR'
build	Build DaddyBoard (HeliBoard fork)	2026-09-30T15:14:17.3495161Z C/C++:   289 |   void operator=(const TypeName&) = delete
build	Build DaddyBoard (HeliBoard fork)	2026-09-30T15:14:17.3495538Z C/C++:       |        ^
build	Build DaddyBoard (HeliBoard fork)	2026-09-30T15:14:17.3496656Z C/C++: /home/runner/work/daddyboard/daddyboard/daddyboard-main/app/src/main/jni/src/dictionary/structure/v4/content/language_model_dict_content.h:119:19: note: in implicit copy constructor for 'WordAttributes' first required here
build	Build DaddyBoard (HeliBoard fork)	2026-09-30T15:14:17.3498028Z C/C++:   119 |                   mWordAttributes(wordAttributes), mProbabilityEntry(probabilityEntry) {}
build	Build DaddyBoard (HeliBoard fork)	2026-09-30T15:14:17.3498745Z C/C++:       |                   ^
build	Build DaddyBoard (HeliBoard fork)	2026-09-30T15:14:17.3499613Z C/C++: In file included from /home/runner/work/daddyboard/daddyboard/daddyboard-main/app/src/main/jni/src/dictionary/structure/v4/ver4_patricia_trie_policy.cpp:17:
build	Build DaddyBoard (HeliBoard fork)	2026-09-30T15:14:17.3500972Z C/C++: In file included from /home/runner/work/daddyboard/daddyboard/daddyboard-main/app/src/main/jni/src/dictionary/structure/v4/ver4_patricia_trie_policy.h:24:
build	Build DaddyBoard (HeliBoard fork)	2026-09-30T15:14:17.3502370Z C/C++: In file included from /home/runner/work/daddyboard/daddyboard/daddyboard-main/app/src/main/jni/src/dictionary/interface/dictionary_structure_with_buffer_policy.h:25:
build	Build DaddyBoard (HeliBoard fork)	2026-09-30T15:14:17.3503769Z C/C++: In file included from /home/runner/work/daddyboard/daddyboard/daddyboard-main/app/src/main/jni/src/dictionary/property/word_property.h:23:
build	Build DaddyBoard (HeliBoard fork)	2026-09-30T15:14:17.3505001Z C/C++: In file included from /home/runner/work/daddyboard/daddyboard/daddyboard-main/app/src/main/jni/src/dictionary/property/ngram_property.h:24:
build	Build DaddyBoard (HeliBoard fork)	2026-09-30T15:14:17.3506221Z C/C++: In file included from /home/runner/work/daddyboard/daddyboard/daddyboard-main/app/src/main/jni/src/dictionary/property/ngram_context.h:23:
build	Build DaddyBoard (HeliBoard fork)	2026-09-30T15:14:17.3507952Z C/C++: /home/runner/work/daddyboard/daddyboard/daddyboard-main/app/src/main/jni/src/utils/int_array_view.h:160:5: warning: definition of implicit copy constructor for 'IntArrayView' is deprecated because it has a user-declared copy assignment operator [-Wdeprecated-copy]
build	Build DaddyBoard (HeliBoard fork)	2026-09-30T15:14:17.3509454Z C/C++:   160 |     DISALLOW_ASSIGNMENT_OPERATOR(IntArrayView);
build	Build DaddyBoard (HeliBoard fork)	2026-09-30T15:14:17.3509837Z C/C++:       |     ^
build	Build DaddyBoard (HeliBoard fork)	2026-09-30T15:14:17.3538645Z C/C++: /home/runner/work/daddyboard/daddyboard/daddyboard-main/app/src/main/jni/src/defines.h:289:8: note: expanded from macro 'DISALLOW_ASSIGNMENT_OPERATOR'
build	Build DaddyBoard (HeliBoard fork)	2026-09-30T15:14:17.3539661Z C/C++:   289 |   void operator=(const TypeName&) = delete
build	Build DaddyBoard (HeliBoard fork)	2026-09-30T15:14:17.3540061Z C/C++:       |        ^
build	Build DaddyBoard (HeliBoard fork)	2026-09-30T15:14:17.3541112Z C/C++: /home/runner/work/daddyboard/daddyboard/daddyboard-main/app/src/main/jni/src/suggest/core/dicnode/dic_node.h:110:53: note: in implicit copy constructor for 'latinime::IntArrayView' first required here
build	Build DaddyBoard (HeliBoard fork)	2026-09-30T15:14:17.3542360Z C/C++:   110 |         mDicNodeProperties.init(rootPtNodeArrayPos, prevWordIds);
build	Build DaddyBoard (HeliBoard fork)	2026-09-30T15:14:17.3542917Z C/C++:       |                                                     ^
build	Build DaddyBoard (HeliBoard fork)	2026-09-30T15:14:17.3543879Z C/C++: In file included from /home/runner/work/daddyboard/daddyboard/daddyboard-main/app/src/main/jni/src/dictionary/structure/v4/ver4_patricia_trie_policy.cpp:32:
build	Build DaddyBoard (HeliBoard fork)	2026-09-30T15:14:17.3545264Z C/C++: In file included from /home/runner/work/daddyboard/daddyboard/daddyboard-main/app/src/main/jni/src/dictionary/utils/multi_bigram_map.h:27:
build	Build DaddyBoard (HeliBoard fork)	2026-09-30T15:14:17.3547407Z C/C++: /home/runner/work/daddyboard/daddyboard/daddyboard-main/app/src/main/jni/src/dictionary/utils/bloom_filter.h:47:5: warning: definition of implicit copy constructor for 'BloomFilter' is deprecated because it has a user-declared copy assignment operator [-Wdeprecated-copy]
build	Build DaddyBoard (HeliBoard fork)	2026-09-30T15:14:17.3549375Z C/C++:    47 |     DISALLOW_ASSIGNMENT_OPERATOR(BloomFilter);
build	Build DaddyBoard (HeliBoard fork)	2026-09-30T15:14:17.3549771Z C/C++:       |     ^
build	Build DaddyBoard (HeliBoard fork)	2026-09-30T15:14:17.3550568Z C/C++: /home/runner/work/daddyboard/daddyboard/daddyboard-main/app/src/main/jni/src/defines.h:289:8: note: expanded from macro 'DISALLOW_ASSIGNMENT_OPERATOR'
build	Build DaddyBoard (HeliBoard fork)	2026-09-30T15:14:17.3551518Z C/C++:   289 |   void operator=(const TypeName&) = delete
build	Build DaddyBoard (HeliBoard fork)	2026-09-30T15:14:17.3551905Z C/C++:       |        ^
build	Build DaddyBoard (HeliBoard fork)	2026-09-30T15:14:17.3552960Z C/C++: /home/runner/work/daddyboard/daddyboard/daddyboard-main/app/src/main/jni/src/dictionary/utils/multi_bigram_map.h:57:53: note: in implicit copy constructor for 'latinime::BloomFilter' first required here
build	Build DaddyBoard (HeliBoard fork)	2026-09-30T15:14:17.3554299Z C/C++:    57 |                 : mBigramMap(bigramMap.mBigramMap), mBloomFilter(bigramMap.mBloomFilter) {}
build	Build DaddyBoard (HeliBoard fork)	2026-09-30T15:14:17.3554926Z C/C++:       |                                                     ^
build	Build DaddyBoard (HeliBoard fork)	2026-09-30T15:14:17.5009919Z C/C++: In file included from /home/runner/work/daddyboard/daddyboard/daddyboard-main/app/src/main/jni/src/dictionary/structure/v4/ver4_patricia_trie_policy.cpp:17:
build	Build DaddyBoard (HeliBoard fork)	2026-09-30T15:14:17.5019537Z C/C++: In file included from /home/runner/work/daddyboard/daddyboard/daddyboard-main/app/src/main/jni/src/dictionary/structure/v4/ver4_patricia_trie_policy.h:24:
build	Build DaddyBoard (HeliBoard fork)	2026-09-30T15:14:17.5020699Z C/C++: In file included from /home/runner/work/daddyboard/daddyboard/daddyboard-main/app/src/main/jni/src/dictionary/interface/dictionary_structure_with_buffer_policy.h:25:
build	Build DaddyBoard (HeliBoard fork)	2026-09-30T15:14:17.5021527Z C/C++: In file included from /home/runner/work/daddyboard/daddyboard/daddyboard-main/app/src/main/jni/src/dictionary/property/word_property.h:23:
build	Build DaddyBoard (HeliBoard fork)	2026-09-30T15:14:17.5023050Z C/C++: /home/runner/work/daddyboard/daddyboard/daddyboard-main/app/src/main/jni/src/dictionary/property/ngram_property.h:54:5: warning: definition of implicit copy constructor for 'NgramProperty' is deprecated because it has a user-declared copy assignment operator [-Wdeprecated-copy]
build	Build DaddyBoard (HeliBoard fork)	2026-09-30T15:14:17.5024614Z C/C++:    54 |     DISALLOW_ASSIGNMENT_OPERATOR(NgramProperty);
build	Build DaddyBoard (HeliBoard fork)	2026-09-30T15:14:17.5025031Z C/C++:       |     ^
build	Build DaddyBoard (HeliBoard fork)	2026-09-30T15:14:17.5025895Z C/C++: /home/runner/work/daddyboard/daddyboard/daddyboard-main/app/src/main/jni/src/defines.h:289:8: note: expanded from macro 'DISALLOW_ASSIGNMENT_OPERATOR'
build	Build DaddyBoard (HeliBoard fork)	2026-09-30T15:14:17.5026818Z C/C++:   289 |   void operator=(const TypeName&) = delete
build	Build DaddyBoard (HeliBoard fork)	2026-09-30T15:14:17.5027215Z C/C++:       |        ^
build	Build DaddyBoard (HeliBoard fork)	2026-09-30T15:14:17.5028469Z C/C++: /usr/local/lib/android/sdk/ndk/28.0.13004108/toolchains/llvm/prebuilt/linux-x86_64/sysroot/usr/include/c++/v1/__memory/allocator.h:173:24: note: in implicit copy constructor for 'latinime::NgramProperty' first required here
build	Build DaddyBoard (HeliBoard fork)	2026-09-30T15:14:17.5029782Z C/C++:   173 |     ::new ((void*)__p) _Up(std::forward<_Args>(__args)...);
build	Build DaddyBoard (HeliBoard fork)	2026-09-30T15:14:17.5030242Z C/C++:       |                        ^
build	Build DaddyBoard (HeliBoard fork)	2026-09-30T15:14:17.5031841Z C/C++: /usr/local/lib/android/sdk/ndk/28.0.13004108/toolchains/llvm/prebuilt/linux-x86_64/sysroot/usr/include/c++/v1/__memory/allocator_traits.h:320:9: note: in instantiation of function template specialization 'std::allocator<latinime::NgramProperty>::construct<latinime::NgramProperty, latinime::NgramProperty &>' requested here
build	Build DaddyBoard (HeliBoard fork)	2026-09-30T15:14:17.5033595Z C/C++:   320 |     __a.construct(__p, std::forward<_Args>(__args)...);
build	Build DaddyBoard (HeliBoard fork)	2026-09-30T15:14:17.5034039Z C/C++:       |         ^
build	Build DaddyBoard (HeliBoard fork)	2026-09-30T15:14:17.5035747Z C/C++: /usr/local/lib/android/sdk/ndk/28.0.13004108/toolchains/llvm/prebuilt/linux-x86_64/sysroot/usr/include/c++/v1/__memory/uninitialized_algorithms.h:551:31: note: in instantiation of function template specialization 'std::allocator_traits<std::allocator<latinime::NgramProperty>>::construct<latinime::NgramProperty, latinime::NgramProperty &, 0>' requested here
build	Build DaddyBoard (HeliBoard fork)	2026-09-30T15:14:17.5038186Z C/C++:   551 |     allocator_traits<_Alloc>::construct(__alloc, std::__to_address(__first2), *__first1);
build	Build DaddyBoard (HeliBoard fork)	2026-09-30T15:14:17.5039223Z C/C++:       |                               ^
build	Build DaddyBoard (HeliBoard fork)	2026-09-30T15:14:17.5041215Z C/C++: /usr/local/lib/android/sdk/ndk/28.0.13004108/toolchains/llvm/prebuilt/linux-x86_64/sysroot/usr/include/c++/v1/__memory/uninitialized_algorithms.h:594:33: note: in instantiation of function template specialization 'std::__uninitialized_allocator_copy_impl<std::allocator<latinime::NgramProperty>, latinime::NgramProperty *, latinime::NgramProperty *, latinime::NgramProperty *>' requested here
build	Build DaddyBoard (HeliBoard fork)	2026-09-30T15:14:17.5043260Z C/C++:   594 |   auto __result          = std::__uninitialized_allocator_copy_impl(
build	Build DaddyBoard (HeliBoard fork)	2026-09-30T15:14:17.5043784Z C/C++:       |                                 ^
build	Build DaddyBoard (HeliBoard fork)	2026-09-30T15:14:17.5045571Z C/C++: /usr/local/lib/android/sdk/ndk/28.0.13004108/toolchains/llvm/prebuilt/linux-x86_64/sysroot/usr/include/c++/v1/vector:1100:22: note: in instantiation of function template specialization 'std::__uninitialized_allocator_copy<std::allocator<latinime::NgramProperty>, latinime::NgramProperty *, latinime::NgramProperty *, latinime::NgramProperty *>' requested here
build	Build DaddyBoard (HeliBoard fork)	2026-09-30T15:14:17.5047578Z C/C++:  1100 |   __tx.__pos_ = std::__uninitialized_allocator_copy(__alloc(), __first, __last, __tx.__pos_);
build	Build DaddyBoard (HeliBoard fork)	2026-09-30T15:14:17.5048175Z C/C++:       |                      ^
build	Build DaddyBoard (HeliBoard fork)	2026-09-30T15:14:17.5060060Z C/C++: /usr/local/lib/android/sdk/ndk/28.0.13004108/toolchains/llvm/prebuilt/linux-x86_64/sysroot/usr/include/c++/v1/vector:761:7: note: in instantiation of function template specialization 'std::vector<latinime::NgramProperty>::__construct_at_end<latinime::NgramProperty *, latinime::NgramProperty *>' requested here
build	Build DaddyBoard (HeliBoard fork)	2026-09-30T15:14:17.5061718Z C/C++:   761 |       __construct_at_end(__first, __last, __n);
build	Build DaddyBoard (HeliBoard fork)	2026-09-30T15:14:17.5062124Z C/C++:       |       ^
build	Build DaddyBoard (HeliBoard fork)	2026-09-30T15:14:17.5063565Z C/C++: /usr/local/lib/android/sdk/ndk/28.0.13004108/toolchains/llvm/prebuilt/linux-x86_64/sysroot/usr/include/c++/v1/vector:1213:3: note: in instantiation of function template specialization 'std::vector<latinime::NgramProperty>::__init_with_size<latinime::NgramProperty *, latinime::NgramProperty *>' requested here
build	Build DaddyBoard (HeliBoard fork)	2026-09-30T15:14:17.5065217Z C/C++:  1213 |   __init_with_size(__x.__begin_, __x.__end_, __x.size());
build	Build DaddyBoard (HeliBoard fork)	2026-09-30T15:14:17.5065655Z C/C++:       |   ^
build	Build DaddyBoard (HeliBoard fork)	2026-09-30T15:14:17.5066790Z C/C++: /home/runner/work/daddyboard/daddyboard/daddyboard-main/app/src/main/jni/src/dictionary/property/word_property.h:39:15: note: in instantiation of member function 'std::vector<latinime::NgramProperty>::vector' requested here
build	Build DaddyBoard (HeliBoard fork)	2026-09-30T15:14:17.5067995Z C/C++:    39 |               mNgrams(ngrams) {}
build	Build DaddyBoard (HeliBoard fork)	2026-09-30T15:14:17.5088563Z C/C++:       |               ^
build	Build DaddyBoard (HeliBoard fork)	2026-09-30T15:14:17.9009367Z C/C++: 10 warnings generated.
build	Build DaddyBoard (HeliBoard fork)	2026-09-30T15:14:18.5001698Z C/C++: In file included from /home/runner/work/daddyboard/daddyboard/daddyboard-main/app/src/main/jni/src/dictionary/structure/v4/ver4_patricia_trie_writing_helper.cpp:17:
build	Build DaddyBoard (HeliBoard fork)	2026-09-30T15:14:18.5029624Z C/C++: In file included from /home/runner/work/daddyboard/daddyboard/daddyboard-main/app/src/main/jni/src/dictionary/structure/v4/ver4_patricia_trie_writing_helper.h:23:
build	Build DaddyBoard (HeliBoard fork)	2026-09-30T15:14:18.5089921Z C/C++: /home/runner/work/daddyboard/daddyboard/daddyboard-main/app/src/main/jni/src/dictionary/utils/entry_counters.h:44:5: warning: definition of implicit copy constructor for 'EntryCounts' is deprecated because it has a user-declared copy assignment operator [-Wdeprecated-copy]
build	Build DaddyBoard (HeliBoard fork)	2026-09-30T15:14:18.5091788Z C/C++:    44 |     DISALLOW_ASSIGNMENT_OPERATOR(EntryCounts);
build	Build DaddyBoard (HeliBoard fork)	2026-09-30T15:14:18.5095019Z C/C++:       |     ^
build	Build DaddyBoard (HeliBoard fork)	2026-09-30T15:14:18.5149282Z C/C++: /home/runner/work/daddyboard/daddyboard/daddyboard-main/app/src/main/jni/src/defines.h:289:8: note: expanded from macro 'DISALLOW_ASSIGNMENT_OPERATOR'
build	Build DaddyBoard (HeliBoard fork)	2026-09-30T15:14:18.5150257Z C/C++:   289 |   void operator=(const TypeName&) = delete
build	Build DaddyBoard (HeliBoard fork)	2026-09-30T15:14:18.5151002Z C/C++:       |        ^
build	Build DaddyBoard (HeliBoard fork)	2026-09-30T15:14:18.5152074Z C/C++: /home/runner/work/daddyboard/daddyboard/daddyboard-main/app/src/main/jni/src/dictionary/header/header_policy.h:92:15: note: in implicit copy constructor for 'latinime::EntryCounts' first required here
build	Build DaddyBoard (HeliBoard fork)	2026-09-30T15:14:18.5153464Z C/C++:    92 |               mNgramCounts(headerPolicy->mNgramCounts),
build	Build DaddyBoard (HeliBoard fork)	2026-09-30T15:14:18.5208774Z C/C++:       |               ^
build	Build DaddyBoard (HeliBoard fork)	2026-09-30T15:14:18.5239484Z C/C++: In file included from /home/runner/work/daddyboard/daddyboard/daddyboard-main/app/src/main/jni/src/dictionary/structure/v4/ver4_patricia_trie_writing_helper.cpp:17:
build	Build DaddyBoard (HeliBoard fork)	2026-09-30T15:14:18.5269352Z C/C++: In file included from /home/runner/work/daddyboard/daddyboard/daddyboard-main/app/src/main/jni/src/dictionary/structure/v4/ver4_patricia_trie_writing_helper.h:21:
build	Build DaddyBoard (HeliBoard fork)	2026-09-30T15:14:18.5299366Z C/C++: In file included from /home/runner/work/daddyboard/daddyboard/daddyboard-main/app/src/main/jni/src/dictionary/structure/pt_common/dynamic_pt_gc_event_listeners.h:25:
build	Build DaddyBoard (HeliBoard fork)	2026-09-30T15:14:18.5329238Z C/C++: In file included from /home/runner/work/daddyboard/daddyboard/daddyboard-main/app/src/main/jni/src/dictionary/utils/buffer_with_extendable_buffer.h:26:
build	Build DaddyBoard (HeliBoard fork)	2026-09-30T15:14:18.5360131Z C/C++: /home/runner/work/daddyboard/daddyboard/daddyboard-main/app/src/main/jni/src/utils/byte_array_view.h:53:5: warning: definition of implicit copy constructor for 'ReadOnlyByteArrayView' is deprecated because it has a user-declared copy assignment operator [-Wdeprecated-copy]
build	Build DaddyBoard (HeliBoard fork)	2026-09-30T15:14:18.5400068Z C/C++:    53 |     DISALLOW_ASSIGNMENT_OPERATOR(ReadOnlyByteArrayView);
build	Build DaddyBoard (HeliBoard fork)	2026-09-30T15:14:18.5418947Z C/C++:       |     ^
build	Build DaddyBoard (HeliBoard fork)	2026-09-30T15:14:18.5449641Z C/C++: /home/runner/work/daddyboard/daddyboard/daddyboard-main/app/src/main/jni/src/defines.h:289:8: note: expanded from macro 'DISALLOW_ASSIGNMENT_OPERATOR'
build	Build DaddyBoard (HeliBoard fork)	2026-09-30T15:14:18.5450507Z C/C++:   289 |   void operator=(const TypeName&) = delete
build	Build DaddyBoard (HeliBoard fork)	2026-09-30T15:14:18.5450873Z C/C++:       |        ^
build	Build DaddyBoard (HeliBoard fork)	2026-09-30T15:14:18.5452202Z C/C++: /home/runner/work/daddyboard/daddyboard/daddyboard-main/app/src/main/jni/src/dictionary/structure/pt_common/shortcut/shortcut_list_reading_utils.h:52:75: note: in implicit copy constructor for 'latinime::ReadOnlyByteArrayView' first required here
build	Build DaddyBoard (HeliBoard fork)	2026-09-30T15:14:18.5453860Z C/C++:    52 |         const int shortcutListSize = getShortcutListSizeAndForwardPointer(buffer, pos);
build	Build DaddyBoard (HeliBoard fork)	2026-09-30T15:14:18.5454675Z C/C++:       |                                                                           ^
build	Build DaddyBoard (HeliBoard fork)	2026-09-30T15:14:18.5455758Z C/C++: In file included from /home/runner/work/daddyboard/daddyboard/daddyboard-main/app/src/main/jni/src/dictionary/structure/v4/ver4_patricia_trie_writing_helper.cpp:24:
build	Build DaddyBoard (HeliBoard fork)	2026-09-30T15:14:18.5457318Z C/C++: In file included from /home/runner/work/daddyboard/daddyboard/daddyboard-main/app/src/main/jni/src/dictionary/structure/v4/ver4_dict_buffers.h:25:
build	Build DaddyBoard (HeliBoard fork)	2026-09-30T15:14:18.5459003Z C/C++: In file included from /home/runner/work/daddyboard/daddyboard/daddyboard-main/app/src/main/jni/src/dictionary/structure/v4/content/language_model_dict_content.h:26:
build	Build DaddyBoard (HeliBoard fork)	2026-09-30T15:14:18.5460623Z C/C++: In file included from /home/runner/work/daddyboard/daddyboard/daddyboard-main/app/src/main/jni/src/dictionary/structure/v4/content/probability_entry.h:24:
build	Build DaddyBoard (HeliBoard fork)	2026-09-30T15:14:18.5462785Z C/C++: /home/runner/work/daddyboard/daddyboard/daddyboard-main/app/src/main/jni/src/dictionary/property/historical_info.h:52:5: warning: definition of implicit copy constructor for 'HistoricalInfo' is deprecated because it has a user-declared copy assignment operator [-Wdeprecated-copy]
build	Build DaddyBoard (HeliBoard fork)	2026-09-30T15:14:18.5464468Z C/C++:    52 |     DISALLOW_ASSIGNMENT_OPERATOR(HistoricalInfo);
build	Build DaddyBoard (HeliBoard fork)	2026-09-30T15:14:18.5464904Z C/C++:       |     ^
build	Build DaddyBoard (HeliBoard fork)	2026-09-30T15:14:18.5465752Z C/C++: /home/runner/work/daddyboard/daddyboard/daddyboard-main/app/src/main/jni/src/defines.h:289:8: note: expanded from macro 'DISALLOW_ASSIGNMENT_OPERATOR'
build	Build DaddyBoard (HeliBoard fork)	2026-09-30T15:14:18.5466762Z C/C++:   289 |   void operator=(const TypeName&) = delete
build	Build DaddyBoard (HeliBoard fork)	2026-09-30T15:14:18.5467622Z C/C++:       |        ^
build	Build DaddyBoard (HeliBoard fork)	2026-09-30T15:14:18.5468881Z C/C++: /home/runner/work/daddyboard/daddyboard/daddyboard-main/app/src/main/jni/src/dictionary/property/ngram_property.h:33:42: note: in implicit copy constructor for 'latinime::HistoricalInfo' first required here
build	Build DaddyBoard (HeliBoard fork)	2026-09-30T15:14:18.5470422Z C/C++:    33 |               mProbability(probability), mHistoricalInfo(historicalInfo) {}
build	Build DaddyBoard (HeliBoard fork)	2026-09-30T15:14:18.5470991Z C/C++:       |                                          ^
build	Build DaddyBoard (HeliBoard fork)	2026-09-30T15:14:18.5472015Z C/C++: In file included from /home/runner/work/daddyboard/daddyboard/daddyboard-main/app/src/main/jni/src/dictionary/structure/v4/ver4_patricia_trie_writing_helper.cpp:24:
build	Build DaddyBoard (HeliBoard fork)	2026-09-30T15:14:18.5473552Z C/C++: In file included from /home/runner/work/daddyboard/daddyboard/daddyboard-main/app/src/main/jni/src/dictionary/structure/v4/ver4_dict_buffers.h:25:
build	Build DaddyBoard (HeliBoard fork)	2026-09-30T15:14:18.5475094Z C/C++: In file included from /home/runner/work/daddyboard/daddyboard/daddyboard-main/app/src/main/jni/src/dictionary/structure/v4/content/language_model_dict_content.h:30:
build	Build DaddyBoard (HeliBoard fork)	2026-09-30T15:14:18.5477245Z C/C++: /home/runner/work/daddyboard/daddyboard/daddyboard-main/app/src/main/jni/src/dictionary/utils/trie_map.h:129:9: warning: definition of implicit copy constructor for 'TrieMapIterator' is deprecated because it has a user-declared copy assignment operator [-Wdeprecated-copy]
build	Build DaddyBoard (HeliBoard fork)	2026-09-30T15:14:18.5509215Z C/C++:   129 |         DISALLOW_ASSIGNMENT_OPERATOR(TrieMapIterator);
build	Build DaddyBoard (HeliBoard fork)	2026-09-30T15:14:18.5509687Z C/C++:       |         ^
build	Build DaddyBoard (HeliBoard fork)	2026-09-30T15:14:18.5510539Z C/C++: /home/runner/work/daddyboard/daddyboard/daddyboard-main/app/src/main/jni/src/defines.h:289:8: note: expanded from macro 'DISALLOW_ASSIGNMENT_OPERATOR'
build	Build DaddyBoard (HeliBoard fork)	2026-09-30T15:14:18.5511505Z C/C++:   289 |   void operator=(const TypeName&) = delete
build	Build DaddyBoard (HeliBoard fork)	2026-09-30T15:14:18.5511901Z C/C++:       |        ^
build	Build DaddyBoard (HeliBoard fork)	2026-09-30T15:14:18.5513171Z C/C++: /home/runner/work/daddyboard/daddyboard/daddyboard-main/app/src/main/jni/src/dictionary/structure/v4/content/language_model_dict_content.h:67:19: note: in implicit copy constructor for 'latinime::TrieMap::TrieMapIterator' first required here
build	Build DaddyBoard (HeliBoard fork)	2026-09-30T15:14:18.5514751Z C/C++:    67 |                 : mTrieMapIterator(trieMapIterator), mHasHistoricalInfo(hasHistoricalInfo) {}
build	Build DaddyBoard (HeliBoard fork)	2026-09-30T15:14:18.5515345Z C/C++:       |                   ^
build	Build DaddyBoard (HeliBoard fork)	2026-09-30T15:14:18.5516280Z C/C++: In file included from /home/runner/work/daddyboard/daddyboard/daddyboard-main/app/src/main/jni/src/dictionary/structure/v4/ver4_patricia_trie_writing_helper.cpp:24:
build	Build DaddyBoard (HeliBoard fork)	2026-09-30T15:14:18.5517751Z C/C++: In file included from /home/runner/work/daddyboard/daddyboard/daddyboard-main/app/src/main/jni/src/dictionary/structure/v4/ver4_dict_buffers.h:25:
build	Build DaddyBoard (HeliBoard fork)	2026-09-30T15:14:18.5519348Z C/C++: In file included from /home/runner/work/daddyboard/daddyboard/daddyboard-main/app/src/main/jni/src/dictionary/structure/v4/content/language_model_dict_content.h:30:
build	Build DaddyBoard (HeliBoard fork)	2026-09-30T15:14:18.5521339Z C/C++: /home/runner/work/daddyboard/daddyboard/daddyboard-main/app/src/main/jni/src/dictionary/utils/trie_map.h:158:9: warning: definition of implicit copy constructor for 'TrieMapRange' is deprecated because it has a user-declared copy assignment operator [-Wdeprecated-copy]
build	Build DaddyBoard (HeliBoard fork)	2026-09-30T15:14:18.5522776Z C/C++:   158 |         DISALLOW_ASSIGNMENT_OPERATOR(TrieMapRange);
build	Build DaddyBoard (HeliBoard fork)	2026-09-30T15:14:18.5523191Z C/C++:       |         ^
build	Build DaddyBoard (HeliBoard fork)	2026-09-30T15:14:18.5523970Z C/C++: /home/runner/work/daddyboard/daddyboard/daddyboard-main/app/src/main/jni/src/defines.h:289:8: note: expanded from macro 'DISALLOW_ASSIGNMENT_OPERATOR'
build	Build DaddyBoard (HeliBoard fork)	2026-09-30T15:14:18.5524846Z C/C++:   289 |   void operator=(const TypeName&) = delete
build	Build DaddyBoard (HeliBoard fork)	2026-09-30T15:14:18.5525219Z C/C++:       |        ^
build	Build DaddyBoard (HeliBoard fork)	2026-09-30T15:14:18.5526386Z C/C++: /home/runner/work/daddyboard/daddyboard/daddyboard-main/app/src/main/jni/src/dictionary/structure/v4/content/language_model_dict_content.h:96:19: note: in implicit copy constructor for 'latinime::TrieMap::TrieMapRange' first required here
build	Build DaddyBoard (HeliBoard fork)	2026-09-30T15:14:18.5527751Z C/C++:    96 |                 : mTrieMapRange(trieMapRange), mHasHistoricalInfo(hasHistoricalInfo) {}
build	Build DaddyBoard (HeliBoard fork)	2026-09-30T15:14:18.5528708Z C/C++:       |                   ^
build	Build DaddyBoard (HeliBoard fork)	2026-09-30T15:14:18.5529607Z C/C++: In file included from /home/runner/work/daddyboard/daddyboard/daddyboard-main/app/src/main/jni/src/dictionary/structure/v4/ver4_patricia_trie_writing_helper.cpp:24:
build	Build DaddyBoard (HeliBoard fork)	2026-09-30T15:14:18.5531190Z C/C++: In file included from /home/runner/work/daddyboard/daddyboard/daddyboard-main/app/src/main/jni/src/dictionary/structure/v4/ver4_dict_buffers.h:25:
build	Build DaddyBoard (HeliBoard fork)	2026-09-30T15:14:18.5532653Z C/C++: In file included from /home/runner/work/daddyboard/daddyboard/daddyboard-main/app/src/main/jni/src/dictionary/structure/v4/content/language_model_dict_content.h:24:
build	Build DaddyBoard (HeliBoard fork)	2026-09-30T15:14:18.5534768Z C/C++: /home/runner/work/daddyboard/daddyboard/daddyboard-main/app/src/main/jni/src/dictionary/property/word_attributes.h:59:5: warning: definition of implicit copy constructor for 'WordAttributes' is deprecated because it has a user-declared copy assignment operator [-Wdeprecated-copy]
build	Build DaddyBoard (HeliBoard fork)	2026-09-30T15:14:18.5536342Z C/C++:    59 |     DISALLOW_ASSIGNMENT_OPERATOR(WordAttributes);
build	Build DaddyBoard (HeliBoard fork)	2026-09-30T15:14:18.5536769Z C/C++:       |     ^
build	Build DaddyBoard (HeliBoard fork)	2026-09-30T15:14:18.5537560Z C/C++: /home/runner/work/daddyboard/daddyboard/daddyboard-main/app/src/main/jni/src/defines.h:289:8: note: expanded from macro 'DISALLOW_ASSIGNMENT_OPERATOR'
build	Build DaddyBoard (HeliBoard fork)	2026-09-30T15:14:18.5568804Z C/C++:   289 |   void operator=(const TypeName&) = delete
build	Build DaddyBoard (HeliBoard fork)	2026-09-30T15:14:18.5569259Z C/C++:       |        ^
build	Build DaddyBoard (HeliBoard fork)	2026-09-30T15:14:18.5570430Z C/C++: /home/runner/work/daddyboard/daddyboard/daddyboard-main/app/src/main/jni/src/dictionary/structure/v4/content/language_model_dict_content.h:119:19: note: in implicit copy constructor for 'WordAttributes' first required here
build	Build DaddyBoard (HeliBoard fork)	2026-09-30T15:14:18.5571886Z C/C++:   119 |                   mWordAttributes(wordAttributes), mProbabilityEntry(probabilityEntry) {}
build	Build DaddyBoard (HeliBoard fork)	2026-09-30T15:14:18.5572460Z C/C++:       |                   ^
build	Build DaddyBoard (HeliBoard fork)	2026-09-30T15:14:18.6019750Z C/C++: In file included from /home/runner/work/daddyboard/daddyboard/daddyboard-main/app/src/main/jni/src/dictionary/structure/v4/ver4_patricia_trie_writing_helper.cpp:17:
build	Build DaddyBoard (HeliBoard fork)	2026-09-30T15:14:18.6049357Z C/C++: In file included from /home/runner/work/daddyboard/daddyboard/daddyboard-main/app/src/main/jni/src/dictionary/structure/v4/ver4_patricia_trie_writing_helper.h:21:
build	Build DaddyBoard (HeliBoard fork)	2026-09-30T15:14:18.6079290Z C/C++: In file included from /home/runner/work/daddyboard/daddyboard/daddyboard-main/app/src/main/jni/src/dictionary/structure/pt_common/dynamic_pt_gc_event_listeners.h:23:
build	Build DaddyBoard (HeliBoard fork)	2026-09-30T15:14:18.6080988Z C/C++: In file included from /home/runner/work/daddyboard/daddyboard/daddyboard-main/app/src/main/jni/src/dictionary/structure/pt_common/dynamic_pt_reading_helper.h:24:
build	Build DaddyBoard (HeliBoard fork)	2026-09-30T15:14:18.6105222Z C/C++: In file included from /home/runner/work/daddyboard/daddyboard/daddyboard-main/app/src/main/jni/src/dictionary/structure/pt_common/pt_node_params.h:27:
build	Build DaddyBoard (HeliBoard fork)	2026-09-30T15:14:18.6111428Z C/C++: /home/runner/work/daddyboard/daddyboard/daddyboard-main/app/src/main/jni/src/utils/int_array_view.h:160:5: warning: definition of implicit copy constructor for 'IntArrayView' is deprecated because it has a user-declared copy assignment operator [-Wdeprecated-copy]
build	Build DaddyBoard (HeliBoard fork)	2026-09-30T15:14:18.6113524Z C/C++:   160 |     DISALLOW_ASSIGNMENT_OPERATOR(IntArrayView);
build	Build DaddyBoard (HeliBoard fork)	2026-09-30T15:14:18.6114096Z C/C++:       |     ^
build	Build DaddyBoard (HeliBoard fork)	2026-09-30T15:14:18.6115237Z C/C++: /home/runner/work/daddyboard/daddyboard/daddyboard-main/app/src/main/jni/src/defines.h:289:8: note: expanded from macro 'DISALLOW_ASSIGNMENT_OPERATOR'
build	Build DaddyBoard (HeliBoard fork)	2026-09-30T15:14:18.6116273Z C/C++:   289 |   void operator=(const TypeName&) = delete
build	Build DaddyBoard (HeliBoard fork)	2026-09-30T15:14:18.6116800Z C/C++:       |        ^
build	Build DaddyBoard (HeliBoard fork)	2026-09-30T15:14:18.6118004Z C/C++: /usr/local/lib/android/sdk/ndk/28.0.13004108/toolchains/llvm/prebuilt/linux-x86_64/sysroot/usr/include/c++/v1/__memory/allocator.h:173:24: note: in implicit copy constructor for 'latinime::IntArrayView' first required here
build	Build DaddyBoard (HeliBoard fork)	2026-09-30T15:14:18.6119534Z C/C++:   173 |     ::new ((void*)__p) _Up(std::forward<_Args>(__args)...);
build	Build DaddyBoard (HeliBoard fork)	2026-09-30T15:14:18.6120105Z C/C++:       |                        ^
build	Build DaddyBoard (HeliBoard fork)	2026-09-30T15:14:18.6122116Z C/C++: /usr/local/lib/android/sdk/ndk/28.0.13004108/toolchains/llvm/prebuilt/linux-x86_64/sysroot/usr/include/c++/v1/__memory/allocator_traits.h:320:9: note: in instantiation of function template specialization 'std::allocator<latinime::IntArrayView>::construct<latinime::IntArrayView, latinime::IntArrayView>' requested here
build	Build DaddyBoard (HeliBoard fork)	2026-09-30T15:14:18.6124220Z C/C++:   320 |     __a.construct(__p, std::forward<_Args>(__args)...);
build	Build DaddyBoard (HeliBoard fork)	2026-09-30T15:14:18.6124628Z C/C++:       |         ^
build	Build DaddyBoard (HeliBoard fork)	2026-09-30T15:14:18.6126044Z C/C++: /usr/local/lib/android/sdk/ndk/28.0.13004108/toolchains/llvm/prebuilt/linux-x86_64/sysroot/usr/include/c++/v1/__memory/uninitialized_algorithms.h:639:33: note: in instantiation of function template specialization 'std::allocator_traits<std::allocator<latinime::IntArrayView>>::construct<latinime::IntArrayView, latinime::IntArrayView, 0>' requested here
build	Build DaddyBoard (HeliBoard fork)	2026-09-30T15:14:18.6127618Z C/C++:   639 |       allocator_traits<_Alloc>::construct(__alloc, __result, std::move(*__iter));
build	Build DaddyBoard (HeliBoard fork)	2026-09-30T15:14:18.6128070Z C/C++:       |                                 ^
build	Build DaddyBoard (HeliBoard fork)	2026-09-30T15:14:18.6129309Z C/C++: /usr/local/lib/android/sdk/ndk/28.0.13004108/toolchains/llvm/prebuilt/linux-x86_64/sysroot/usr/include/c++/v1/vector:1511:3: note: in instantiation of member function 'std::vector<latinime::IntArrayView>::__swap_out_circular_buffer' requested here
build	Build DaddyBoard (HeliBoard fork)	2026-09-30T15:14:18.6130328Z C/C++:  1511 |   __swap_out_circular_buffer(__v);
build	Build DaddyBoard (HeliBoard fork)	2026-09-30T15:14:18.6130621Z C/C++:       |   ^
build	Build DaddyBoard (HeliBoard fork)	2026-09-30T15:14:18.6131799Z C/C++: /usr/local/lib/android/sdk/ndk/28.0.13004108/toolchains/llvm/prebuilt/linux-x86_64/sysroot/usr/include/c++/v1/vector:1529:13: note: in instantiation of function template specialization 'std::vector<latinime::IntArrayView>::__emplace_back_slow_path<const int *const &, const unsigned long &>' requested here
build	Build DaddyBoard (HeliBoard fork)	2026-09-30T15:14:18.6133330Z C/C++:  1529 |     __end = __emplace_back_slow_path(std::forward<_Args>(__args)...);
build	Build DaddyBoard (HeliBoard fork)	2026-09-30T15:14:18.6133815Z C/C++:       |             ^
build	Build DaddyBoard (HeliBoard fork)	2026-09-30T15:14:18.6135182Z C/C++: /home/runner/work/daddyboard/daddyboard/daddyboard-main/app/src/main/jni/src/utils/int_array_view.h:142:20: note: in instantiation of function template specialization 'std::vector<latinime::IntArrayView>::emplace_back<const int *const &, const unsigned long &>' requested here
build	Build DaddyBoard (HeliBoard fork)	2026-09-30T15:14:18.6136643Z C/C++:   142 |             result.emplace_back(mPtr, mSize);
build	Build DaddyBoard (HeliBoard fork)	2026-09-30T15:14:18.6137056Z C/C++:       |                    ^
build	Build DaddyBoard (HeliBoard fork)	2026-09-30T15:14:18.7999185Z C/C++: 7 warnings generated.
build	Build DaddyBoard (HeliBoard fork)	2026-09-30T15:14:20.4011981Z C/C++: In file included from /home/runner/work/daddyboard/daddyboard/daddyboard-main/app/src/main/jni/src/dictionary/structure/v4/content/language_model_dict_content.cpp:17:
build	Build DaddyBoard (HeliBoard fork)	2026-09-30T15:14:20.4039429Z C/C++: In file included from /home/runner/work/daddyboard/daddyboard/daddyboard-main/app/src/main/jni/src/dictionary/structure/v4/content/language_model_dict_content.h:26:
build	Build DaddyBoard (HeliBoard fork)	2026-09-30T15:14:20.4069298Z C/C++: In file included from /home/runner/work/daddyboard/daddyboard/daddyboard-main/app/src/main/jni/src/dictionary/structure/v4/content/probability_entry.h:24:
build	Build DaddyBoard (HeliBoard fork)	2026-09-30T15:14:20.4090066Z C/C++: /home/runner/work/daddyboard/daddyboard/daddyboard-main/app/src/main/jni/src/dictionary/property/historical_info.h:52:5: warning: definition of implicit copy constructor for 'HistoricalInfo' is deprecated because it has a user-declared copy assignment operator [-Wdeprecated-copy]
build	Build DaddyBoard (HeliBoard fork)	2026-09-30T15:14:20.4091959Z C/C++:    52 |     DISALLOW_ASSIGNMENT_OPERATOR(HistoricalInfo);
build	Build DaddyBoard (HeliBoard fork)	2026-09-30T15:14:20.4092557Z C/C++:       |     ^
build	Build DaddyBoard (HeliBoard fork)	2026-09-30T15:14:20.4093546Z C/C++: /home/runner/work/daddyboard/daddyboard/daddyboard-main/app/src/main/jni/src/defines.h:289:8: note: expanded from macro 'DISALLOW_ASSIGNMENT_OPERATOR'
build	Build DaddyBoard (HeliBoard fork)	2026-09-30T15:14:20.4094599Z C/C++:   289 |   void operator=(const TypeName&) = delete
build	Build DaddyBoard (HeliBoard fork)	2026-09-30T15:14:20.4095119Z C/C++:       |        ^
build	Build DaddyBoard (HeliBoard fork)	2026-09-30T15:14:20.4096295Z C/C++: /home/runner/work/daddyboard/daddyboard/daddyboard-main/app/src/main/jni/src/dictionary/property/ngram_property.h:33:42: note: in implicit copy constructor for 'latinime::HistoricalInfo' first required here
build	Build DaddyBoard (HeliBoard fork)	2026-09-30T15:14:20.4098127Z C/C++:    33 |               mProbability(probability), mHistoricalInfo(historicalInfo) {}
build	Build DaddyBoard (HeliBoard fork)	2026-09-30T15:14:20.4099268Z C/C++:       |                                          ^
build	Build DaddyBoard (HeliBoard fork)	2026-09-30T15:14:20.5003568Z C/C++: In file included from /home/runner/work/daddyboard/daddyboard/daddyboard-main/app/src/main/jni/src/dictionary/structure/v4/content/language_model_dict_content.cpp:17:
build	Build DaddyBoard (HeliBoard fork)	2026-09-30T15:14:20.5022512Z C/C++: In file included from /home/runner/work/daddyboard/daddyboard/daddyboard-main/app/src/main/jni/src/dictionary/structure/v4/content/language_model_dict_content.h:30:
build	Build DaddyBoard (HeliBoard fork)	2026-09-30T15:14:20.5042994Z C/C++: /home/runner/work/daddyboard/daddyboard/daddyboard-main/app/src/main/jni/src/dictionary/utils/trie_map.h:129:9: warning: definition of implicit copy constructor for 'TrieMapIterator' is deprecated because it has a user-declared copy assignment operator [-Wdeprecated-copy]
build	Build DaddyBoard (HeliBoard fork)	2026-09-30T15:14:20.5058917Z C/C++:   129 |         DISALLOW_ASSIGNMENT_OPERATOR(TrieMapIterator);
build	Build DaddyBoard (HeliBoard fork)	2026-09-30T15:14:20.5088821Z C/C++:       |         ^
build	Build DaddyBoard (HeliBoard fork)	2026-09-30T15:14:20.5119193Z C/C++: /home/runner/work/daddyboard/daddyboard/daddyboard-main/app/src/main/jni/src/defines.h:289:8: note: expanded from macro 'DISALLOW_ASSIGNMENT_OPERATOR'
build	Build DaddyBoard (HeliBoard fork)	2026-09-30T15:14:20.5120566Z C/C++:   289 |   void operator=(const TypeName&) = delete
build	Build DaddyBoard (HeliBoard fork)	2026-09-30T15:14:20.5131263Z C/C++:       |        ^
build	Build DaddyBoard (HeliBoard fork)	2026-09-30T15:14:20.5138034Z C/C++: /home/runner/work/daddyboard/daddyboard/daddyboard-main/app/src/main/jni/src/dictionary/structure/v4/content/language_model_dict_content.h:67:19: note: in implicit copy constructor for 'latinime::TrieMap::TrieMapIterator' first required here
build	Build DaddyBoard (HeliBoard fork)	2026-09-30T15:14:20.5141729Z C/C++:    67 |                 : mTrieMapIterator(trieMapIterator), mHasHistoricalInfo(hasHistoricalInfo) {}
build	Build DaddyBoard (HeliBoard fork)	2026-09-30T15:14:20.5193405Z C/C++:       |                   ^
build	Build DaddyBoard (HeliBoard fork)	2026-09-30T15:14:20.5199740Z C/C++: In file included from /home/runner/work/daddyboard/daddyboard/daddyboard-main/app/src/main/jni/src/dictionary/structure/v4/content/language_model_dict_content.cpp:17:
build	Build DaddyBoard (HeliBoard fork)	2026-09-30T15:14:20.5219352Z C/C++: In file included from /home/runner/work/daddyboard/daddyboard/daddyboard-main/app/src/main/jni/src/dictionary/structure/v4/content/language_model_dict_content.h:30:
build	Build DaddyBoard (HeliBoard fork)	2026-09-30T15:14:20.5249853Z C/C++: /home/runner/work/daddyboard/daddyboard/daddyboard-main/app/src/main/jni/src/dictionary/utils/trie_map.h:158:9: warning: definition of implicit copy constructor for 'TrieMapRange' is deprecated because it has a user-declared copy assignment operator [-Wdeprecated-copy]
build	Build DaddyBoard (HeliBoard fork)	2026-09-30T15:14:20.5278898Z C/C++:   158 |         DISALLOW_ASSIGNMENT_OPERATOR(TrieMapRange);
build	Build DaddyBoard (HeliBoard fork)	2026-09-30T15:14:20.5288652Z C/C++:       |         ^
build	Build DaddyBoard (HeliBoard fork)	2026-09-30T15:14:20.5309395Z C/C++: /home/runner/work/daddyboard/daddyboard/daddyboard-main/app/src/main/jni/src/defines.h:289:8: note: expanded from macro 'DISALLOW_ASSIGNMENT_OPERATOR'
build	Build DaddyBoard (HeliBoard fork)	2026-09-30T15:14:20.5338768Z C/C++:   289 |   void operator=(const TypeName&) = delete
build	Build DaddyBoard (HeliBoard fork)	2026-09-30T15:14:20.5368785Z C/C++:       |        ^
build	Build DaddyBoard (HeliBoard fork)	2026-09-30T15:14:20.5379683Z C/C++: /home/runner/work/daddyboard/daddyboard/daddyboard-main/app/src/main/jni/src/dictionary/structure/v4/content/language_model_dict_content.h:96:19: note: in implicit copy constructor for 'latinime::TrieMap::TrieMapRange' first required here
build	Build DaddyBoard (HeliBoard fork)	2026-09-30T15:14:20.5399073Z C/C++:    96 |                 : mTrieMapRange(trieMapRange), mHasHistoricalInfo(hasHistoricalInfo) {}
build	Build DaddyBoard (HeliBoard fork)	2026-09-30T15:14:20.5428836Z C/C++:       |                   ^
build	Build DaddyBoard (HeliBoard fork)	2026-09-30T15:14:20.5439302Z C/C++: In file included from /home/runner/work/daddyboard/daddyboard/daddyboard-main/app/src/main/jni/src/dictionary/structure/v4/content/language_model_dict_content.cpp:17:
build	Build DaddyBoard (HeliBoard fork)	2026-09-30T15:14:20.5459455Z C/C++: In file included from /home/runner/work/daddyboard/daddyboard/daddyboard-main/app/src/main/jni/src/dictionary/structure/v4/content/language_model_dict_content.h:24:
build	Build DaddyBoard (HeliBoard fork)	2026-09-30T15:14:20.5489875Z C/C++: /home/runner/work/daddyboard/daddyboard/daddyboard-main/app/src/main/jni/src/dictionary/property/word_attributes.h:59:5: warning: definition of implicit copy constructor for 'WordAttributes' is deprecated because it has a user-declared copy assignment operator [-Wdeprecated-copy]
build	Build DaddyBoard (HeliBoard fork)	2026-09-30T15:14:20.5518945Z C/C++:    59 |     DISALLOW_ASSIGNMENT_OPERATOR(WordAttributes);
build	Build DaddyBoard (HeliBoard fork)	2026-09-30T15:14:20.5528666Z C/C++:       |     ^
build	Build DaddyBoard (HeliBoard fork)	2026-09-30T15:14:20.5549401Z C/C++: /home/runner/work/daddyboard/daddyboard/daddyboard-main/app/src/main/jni/src/defines.h:289:8: note: expanded from macro 'DISALLOW_ASSIGNMENT_OPERATOR'
build	Build DaddyBoard (HeliBoard fork)	2026-09-30T15:14:20.5578887Z C/C++:   289 |   void operator=(const TypeName&) = delete
build	Build DaddyBoard (HeliBoard fork)	2026-09-30T15:14:20.5608863Z C/C++:       |        ^
build	Build DaddyBoard (HeliBoard fork)	2026-09-30T15:14:20.5639622Z C/C++: /home/runner/work/daddyboard/daddyboard/daddyboard-main/app/src/main/jni/src/dictionary/structure/v4/content/language_model_dict_content.h:119:19: note: in implicit copy constructor for 'WordAttributes' first required here
build	Build DaddyBoard (HeliBoard fork)	2026-09-30T15:14:20.5641181Z C/C++:   119 |                   mWordAttributes(wordAttributes), mProbabilityEntry(probabilityEntry) {}
build	Build DaddyBoard (HeliBoard fork)	2026-09-30T15:14:20.5668782Z C/C++:       |                   ^
build	Build DaddyBoard (HeliBoard fork)	2026-09-30T15:14:20.5699491Z C/C++: In file included from /home/runner/work/daddyboard/daddyboard/daddyboard-main/app/src/main/jni/src/dictionary/structure/v4/content/language_model_dict_content.cpp:17:
build	Build DaddyBoard (HeliBoard fork)	2026-09-30T15:14:20.5719298Z C/C++: In file included from /home/runner/work/daddyboard/daddyboard/daddyboard-main/app/src/main/jni/src/dictionary/structure/v4/content/language_model_dict_content.h:26:
build	Build DaddyBoard (HeliBoard fork)	2026-09-30T15:14:20.5729402Z C/C++: In file included from /home/runner/work/daddyboard/daddyboard/daddyboard-main/app/src/main/jni/src/dictionary/structure/v4/content/probability_entry.h:25:
build	Build DaddyBoard (HeliBoard fork)	2026-09-30T15:14:20.5759300Z C/C++: In file included from /home/runner/work/daddyboard/daddyboard/daddyboard-main/app/src/main/jni/src/dictionary/property/ngram_property.h:24:
build	Build DaddyBoard (HeliBoard fork)	2026-09-30T15:14:20.5768411Z C/C++: In file included from /home/runner/work/daddyboard/daddyboard/daddyboard-main/app/src/main/jni/src/dictionary/property/ngram_context.h:23:
build	Build DaddyBoard (HeliBoard fork)	2026-09-30T15:14:20.5809725Z C/C++: /home/runner/work/daddyboard/daddyboard/daddyboard-main/app/src/main/jni/src/utils/int_array_view.h:160:5: warning: definition of implicit copy constructor for 'IntArrayView' is deprecated because it has a user-declared copy assignment operator [-Wdeprecated-copy]
build	Build DaddyBoard (HeliBoard fork)	2026-09-30T15:14:20.5818905Z C/C++:   160 |     DISALLOW_ASSIGNMENT_OPERATOR(IntArrayView);
build	Build DaddyBoard (HeliBoard fork)	2026-09-30T15:14:20.5848801Z C/C++:       |     ^
build	Build DaddyBoard (HeliBoard fork)	2026-09-30T15:14:20.5854094Z C/C++: /home/runner/work/daddyboard/daddyboard/daddyboard-main/app/src/main/jni/src/defines.h:289:8: note: expanded from macro 'DISALLOW_ASSIGNMENT_OPERATOR'
build	Build DaddyBoard (HeliBoard fork)	2026-09-30T15:14:20.5878920Z C/C++:   289 |   void operator=(const TypeName&) = delete
build	Build DaddyBoard (HeliBoard fork)	2026-09-30T15:14:20.5908815Z C/C++:       |        ^
build	Build DaddyBoard (HeliBoard fork)	2026-09-30T15:14:20.5932145Z C/C++: /home/runner/work/daddyboard/daddyboard/daddyboard-main/app/src/main/jni/src/dictionary/structure/v4/content/language_model_dict_content.cpp:119:54: note: in implicit copy constructor for 'latinime::IntArrayView' first required here
build	Build DaddyBoard (HeliBoard fork)	2026-09-30T15:14:20.5937071Z C/C++:   119 |     const int bitmapEntryIndex = getBitmapEntryIndex(prevWordIds);
build	Build DaddyBoard (HeliBoard fork)	2026-09-30T15:14:20.5943557Z C/C++:       |                                                      ^
build	Build DaddyBoard (HeliBoard fork)	2026-09-30T15:14:20.6022344Z C/C++: In file included from /home/runner/work/daddyboard/daddyboard/daddyboard-main/app/src/main/jni/src/dictionary/structure/v4/content/language_model_dict_content.cpp:17:
build	Build DaddyBoard (HeliBoard fork)	2026-09-30T15:14:20.6049901Z C/C++: /home/runner/work/daddyboard/daddyboard/daddyboard-main/app/src/main/jni/src/dictionary/structure/v4/content/language_model_dict_content.h:127:9: warning: definition of implicit copy constructor for 'DumppedFullEntryInfo' is deprecated because it has a user-declared copy assignment operator [-Wdeprecated-copy]
build	Build DaddyBoard (HeliBoard fork)	2026-09-30T15:14:20.6078836Z C/C++:   127 |         DISALLOW_ASSIGNMENT_OPERATOR(DumppedFullEntryInfo);
build	Build DaddyBoard (HeliBoard fork)	2026-09-30T15:14:20.6079937Z C/C++:       |         ^
build	Build DaddyBoard (HeliBoard fork)	2026-09-30T15:14:20.6081321Z C/C++: /home/runner/work/daddyboard/daddyboard/daddyboard-main/app/src/main/jni/src/defines.h:289:8: note: expanded from macro 'DISALLOW_ASSIGNMENT_OPERATOR'
build	Build DaddyBoard (HeliBoard fork)	2026-09-30T15:14:20.6082529Z C/C++:   289 |   void operator=(const TypeName&) = delete
build	Build DaddyBoard (HeliBoard fork)	2026-09-30T15:14:20.6082958Z C/C++:       |        ^
build	Build DaddyBoard (HeliBoard fork)	2026-09-30T15:14:20.6084249Z C/C++: /usr/local/lib/android/sdk/ndk/28.0.13004108/toolchains/llvm/prebuilt/linux-x86_64/sysroot/usr/include/c++/v1/__memory/allocator.h:173:24: note: in implicit copy constructor for 'latinime::LanguageModelDictContent::DumppedFullEntryInfo' first required here
build	Build DaddyBoard (HeliBoard fork)	2026-09-30T15:14:20.6085624Z C/C++:   173 |     ::new ((void*)__p) _Up(std::forward<_Args>(__args)...);
build	Build DaddyBoard (HeliBoard fork)	2026-09-30T15:14:20.6086065Z C/C++:       |                        ^
build	Build DaddyBoard (HeliBoard fork)	2026-09-30T15:14:20.6088151Z C/C++: /usr/local/lib/android/sdk/ndk/28.0.13004108/toolchains/llvm/prebuilt/linux-x86_64/sysroot/usr/include/c++/v1/__memory/allocator_traits.h:320:9: note: in instantiation of function template specialization 'std::allocator<latinime::LanguageModelDictContent::DumppedFullEntryInfo>::construct<latinime::LanguageModelDictContent::DumppedFullEntryInfo, latinime::LanguageModelDictContent::DumppedFullEntryInfo>' requested here
build	Build DaddyBoard (HeliBoard fork)	2026-09-30T15:14:20.6090525Z C/C++:   320 |     __a.construct(__p, std::forward<_Args>(__args)...);
build	Build DaddyBoard (HeliBoard fork)	2026-09-30T15:14:20.6090954Z C/C++:       |         ^
build	Build DaddyBoard (HeliBoard fork)	2026-09-30T15:14:20.6093216Z C/C++: /usr/local/lib/android/sdk/ndk/28.0.13004108/toolchains/llvm/prebuilt/linux-x86_64/sysroot/usr/include/c++/v1/__memory/uninitialized_algorithms.h:639:33: note: in instantiation of function template specialization 'std::allocator_traits<std::allocator<latinime::LanguageModelDictContent::DumppedFullEntryInfo>>::construct<latinime::LanguageModelDictContent::DumppedFullEntryInfo, latinime::LanguageModelDictContent::DumppedFullEntryInfo, 0>' requested here
build	Build DaddyBoard (HeliBoard fork)	2026-09-30T15:14:20.6095621Z C/C++:   639 |       allocator_traits<_Alloc>::construct(__alloc, __result, std::move(*__iter));
build	Build DaddyBoard (HeliBoard fork)	2026-09-30T15:14:20.6096172Z C/C++:       |                                 ^
build	Build DaddyBoard (HeliBoard fork)	2026-09-30T15:14:20.6097577Z C/C++: /usr/local/lib/android/sdk/ndk/28.0.13004108/toolchains/llvm/prebuilt/linux-x86_64/sysroot/usr/include/c++/v1/vector:1511:3: note: in instantiation of member function 'std::vector<latinime::LanguageModelDictContent::DumppedFullEntryInfo>::__swap_out_circular_buffer' requested here
build	Build DaddyBoard (HeliBoard fork)	2026-09-30T15:14:20.6099235Z C/C++:  1511 |   __swap_out_circular_buffer(__v);
build	Build DaddyBoard (HeliBoard fork)	2026-09-30T15:14:20.6099573Z C/C++:       |   ^
build	Build DaddyBoard (HeliBoard fork)	2026-09-30T15:14:20.6101337Z C/C++: /usr/local/lib/android/sdk/ndk/28.0.13004108/toolchains/llvm/prebuilt/linux-x86_64/sysroot/usr/include/c++/v1/vector:1529:13: note: in instantiation of function template specialization 'std::vector<latinime::LanguageModelDictContent::DumppedFullEntryInfo>::__emplace_back_slow_path<std::vector<int> &, const int &, const WordAttributes &, const latinime::ProbabilityEntry &>' requested here
build	Build DaddyBoard (HeliBoard fork)	2026-09-30T15:14:20.6103337Z C/C++:  1529 |     __end = __emplace_back_slow_path(std::forward<_Args>(__args)...);
build	Build DaddyBoard (HeliBoard fork)	2026-09-30T15:14:20.6103799Z C/C++:       |             ^
build	Build DaddyBoard (HeliBoard fork)	2026-09-30T15:14:20.6105688Z C/C++: /home/runner/work/daddyboard/daddyboard/daddyboard-main/app/src/main/jni/src/dictionary/structure/v4/content/language_model_dict_content.cpp:186:38: note: in instantiation of function template specialization 'std::vector<latinime::LanguageModelDictContent::DumppedFullEntryInfo>::emplace_back<std::vector<int> &, const int &, const WordAttributes &, const latinime::ProbabilityEntry &>' requested here
build	Build DaddyBoard (HeliBoard fork)	2026-09-30T15:14:20.6107729Z C/C++:   186 |             outBummpedFullEntryInfo->emplace_back(*prevWordIds, wordId,
build	Build DaddyBoard (HeliBoard fork)	2026-09-30T15:14:20.6108387Z C/C++:       |                                      ^
build	Build DaddyBoard (HeliBoard fork)	2026-09-30T15:14:20.9009197Z C/C++: 6 warnings generated.
build	Build DaddyBoard (HeliBoard fork)	2026-09-30T15:14:23.7001659Z C/C++: /home/runner/work/daddyboard/daddyboard/daddyboard-main/app/src/main/jni/src/dictionary/structure/v4/content/terminal_position_lookup_table.cpp:74:9: warning: variable 'removedEntryCount' set but not used [-Wunused-but-set-variable]
build	Build DaddyBoard (HeliBoard fork)	2026-09-30T15:14:23.7003515Z C/C++:    74 |     int removedEntryCount = 0;
build	Build DaddyBoard (HeliBoard fork)	2026-09-30T15:14:23.7017445Z C/C++:       |         ^
build	Build DaddyBoard (HeliBoard fork)	2026-09-30T15:14:23.8017645Z C/C++: 1 warning generated.
build	Build DaddyBoard (HeliBoard fork)	2026-09-30T15:14:25.1009714Z C/C++: In file included from /home/runner/work/daddyboard/daddyboard/daddyboard-main/app/src/main/jni/src/dictionary/utils/dict_file_writing_utils.cpp:25:
build	Build DaddyBoard (HeliBoard fork)	2026-09-30T15:14:25.1029442Z C/C++: In file included from /home/runner/work/daddyboard/daddyboard/daddyboard-main/app/src/main/jni/src/dictionary/header/header_policy.h:25:
build	Build DaddyBoard (HeliBoard fork)	2026-09-30T15:14:25.1061456Z C/C++: /home/runner/work/daddyboard/daddyboard/daddyboard-main/app/src/main/jni/src/dictionary/utils/entry_counters.h:44:5: warning: definition of implicit copy constructor for 'EntryCounts' is deprecated because it has a user-declared copy assignment operator [-Wdeprecated-copy]
build	Build DaddyBoard (HeliBoard fork)	2026-09-30T15:14:25.1067060Z C/C++:    44 |     DISALLOW_ASSIGNMENT_OPERATOR(EntryCounts);
build	Build DaddyBoard (HeliBoard fork)	2026-09-30T15:14:25.1104456Z C/C++:       |     ^
build	Build DaddyBoard (HeliBoard fork)	2026-09-30T15:14:25.1129213Z C/C++: /home/runner/work/daddyboard/daddyboard/daddyboard-main/app/src/main/jni/src/defines.h:289:8: note: expanded from macro 'DISALLOW_ASSIGNMENT_OPERATOR'
build	Build DaddyBoard (HeliBoard fork)	2026-09-30T15:14:25.1156308Z C/C++:   289 |   void operator=(const TypeName&) = delete
build	Build DaddyBoard (HeliBoard fork)	2026-09-30T15:14:25.1178694Z C/C++:       |        ^
build	Build DaddyBoard (HeliBoard fork)	2026-09-30T15:14:25.1205086Z C/C++: /home/runner/work/daddyboard/daddyboard/daddyboard-main/app/src/main/jni/src/dictionary/header/header_policy.h:92:15: note: in implicit copy constructor for 'latinime::EntryCounts' first required here
build	Build DaddyBoard (HeliBoard fork)	2026-09-30T15:14:25.1228790Z C/C++:    92 |               mNgramCounts(headerPolicy->mNgramCounts),
build	Build DaddyBoard (HeliBoard fork)	2026-09-30T15:14:25.1248849Z C/C++:       |               ^
build	Build DaddyBoard (HeliBoard fork)	2026-09-30T15:14:25.1279171Z C/C++: In file included from /home/runner/work/daddyboard/daddyboard/daddyboard-main/app/src/main/jni/src/dictionary/utils/dict_file_writing_utils.cpp:26:
build	Build DaddyBoard (HeliBoard fork)	2026-09-30T15:14:25.1299327Z C/C++: In file included from /home/runner/work/daddyboard/daddyboard/daddyboard-main/app/src/main/jni/src/dictionary/structure/backward/v402/ver4_dict_buffers.h:31:
build	Build DaddyBoard (HeliBoard fork)	2026-09-30T15:14:25.1300910Z C/C++: In file included from /home/runner/work/daddyboard/daddyboard/daddyboard-main/app/src/main/jni/src/dictionary/structure/backward/v402/content/bigram_dict_content.h:28:
build	Build DaddyBoard (HeliBoard fork)	2026-09-30T15:14:25.1302398Z C/C++: In file included from /home/runner/work/daddyboard/daddyboard/daddyboard-main/app/src/main/jni/src/dictionary/structure/backward/v402/content/bigram_entry.h:28:
build	Build DaddyBoard (HeliBoard fork)	2026-09-30T15:14:25.1304415Z C/C++: /home/runner/work/daddyboard/daddyboard/daddyboard-main/app/src/main/jni/src/dictionary/property/historical_info.h:52:5: warning: definition of implicit copy constructor for 'HistoricalInfo' is deprecated because it has a user-declared copy assignment operator [-Wdeprecated-copy]
build	Build DaddyBoard (HeliBoard fork)	2026-09-30T15:14:25.1305871Z C/C++:    52 |     DISALLOW_ASSIGNMENT_OPERATOR(HistoricalInfo);
build	Build DaddyBoard (HeliBoard fork)	2026-09-30T15:14:25.1306259Z C/C++:       |     ^
build	Build DaddyBoard (HeliBoard fork)	2026-09-30T15:14:25.1306952Z C/C++: /home/runner/work/daddyboard/daddyboard/daddyboard-main/app/src/main/jni/src/defines.h:289:8: note: expanded from macro 'DISALLOW_ASSIGNMENT_OPERATOR'
build	Build DaddyBoard (HeliBoard fork)	2026-09-30T15:14:25.1307819Z C/C++:   289 |   void operator=(const TypeName&) = delete
build	Build DaddyBoard (HeliBoard fork)	2026-09-30T15:14:25.1308188Z C/C++:       |        ^
build	Build DaddyBoard (HeliBoard fork)	2026-09-30T15:14:25.1309438Z C/C++: /home/runner/work/daddyboard/daddyboard/daddyboard-main/app/src/main/jni/src/dictionary/structure/backward/v402/content/bigram_entry.h:49:61: note: in implicit copy constructor for 'latinime::HistoricalInfo' first required here
build	Build DaddyBoard (HeliBoard fork)	2026-09-30T15:14:25.1310805Z C/C++:    49 |             : mHasNext(hasNext), mProbability(probability), mHistoricalInfo(*historicalInfo),
build	Build DaddyBoard (HeliBoard fork)	2026-09-30T15:14:25.1311416Z C/C++:       |                                                             ^
build	Build DaddyBoard (HeliBoard fork)	2026-09-30T15:14:25.1312168Z C/C++: In file included from /home/runner/work/daddyboard/daddyboard/daddyboard-main/app/src/main/jni/src/dictionary/utils/dict_file_writing_utils.cpp:28:
build	Build DaddyBoard (HeliBoard fork)	2026-09-30T15:14:25.1313406Z C/C++: In file included from /home/runner/work/daddyboard/daddyboard/daddyboard-main/app/src/main/jni/src/dictionary/structure/v4/ver4_dict_buffers.h:25:
build	Build DaddyBoard (HeliBoard fork)	2026-09-30T15:14:25.1315254Z C/C++: In file included from /home/runner/work/daddyboard/daddyboard/daddyboard-main/app/src/main/jni/src/dictionary/structure/v4/content/language_model_dict_content.h:30:
build	Build DaddyBoard (HeliBoard fork)	2026-09-30T15:14:25.1317359Z C/C++: /home/runner/work/daddyboard/daddyboard/daddyboard-main/app/src/main/jni/src/dictionary/utils/trie_map.h:129:9: warning: definition of implicit copy constructor for 'TrieMapIterator' is deprecated because it has a user-declared copy assignment operator [-Wdeprecated-copy]
build	Build DaddyBoard (HeliBoard fork)	2026-09-30T15:14:25.1318919Z C/C++:   129 |         DISALLOW_ASSIGNMENT_OPERATOR(TrieMapIterator);
build	Build DaddyBoard (HeliBoard fork)	2026-09-30T15:14:25.1319325Z C/C++:       |         ^
build	Build DaddyBoard (HeliBoard fork)	2026-09-30T15:14:25.1320083Z C/C++: /home/runner/work/daddyboard/daddyboard/daddyboard-main/app/src/main/jni/src/defines.h:289:8: note: expanded from macro 'DISALLOW_ASSIGNMENT_OPERATOR'
build	Build DaddyBoard (HeliBoard fork)	2026-09-30T15:14:25.1320929Z C/C++:   289 |   void operator=(const TypeName&) = delete
build	Build DaddyBoard (HeliBoard fork)	2026-09-30T15:14:25.1321310Z C/C++:       |        ^
build	Build DaddyBoard (HeliBoard fork)	2026-09-30T15:14:25.1322462Z C/C++: /home/runner/work/daddyboard/daddyboard/daddyboard-main/app/src/main/jni/src/dictionary/structure/v4/content/language_model_dict_content.h:67:19: note: in implicit copy constructor for 'latinime::TrieMap::TrieMapIterator' first required here
build	Build DaddyBoard (HeliBoard fork)	2026-09-30T15:14:25.1323931Z C/C++:    67 |                 : mTrieMapIterator(trieMapIterator), mHasHistoricalInfo(hasHistoricalInfo) {}
build	Build DaddyBoard (HeliBoard fork)	2026-09-30T15:14:25.1348746Z C/C++:       |                   ^
build	Build DaddyBoard (HeliBoard fork)	2026-09-30T15:14:25.1379237Z C/C++: In file included from /home/runner/work/daddyboard/daddyboard/daddyboard-main/app/src/main/jni/src/dictionary/utils/dict_file_writing_utils.cpp:28:
build	Build DaddyBoard (HeliBoard fork)	2026-09-30T15:14:25.1399215Z C/C++: In file included from /home/runner/work/daddyboard/daddyboard/daddyboard-main/app/src/main/jni/src/dictionary/structure/v4/ver4_dict_buffers.h:25:
build	Build DaddyBoard (HeliBoard fork)	2026-09-30T15:14:25.1429305Z C/C++: In file included from /home/runner/work/daddyboard/daddyboard/daddyboard-main/app/src/main/jni/src/dictionary/structure/v4/content/language_model_dict_content.h:30:
build	Build DaddyBoard (HeliBoard fork)	2026-09-30T15:14:25.1459731Z C/C++: /home/runner/work/daddyboard/daddyboard/daddyboard-main/app/src/main/jni/src/dictionary/utils/trie_map.h:158:9: warning: definition of implicit copy constructor for 'TrieMapRange' is deprecated because it has a user-declared copy assignment operator [-Wdeprecated-copy]
build	Build DaddyBoard (HeliBoard fork)	2026-09-30T15:14:25.1488769Z C/C++:   158 |         DISALLOW_ASSIGNMENT_OPERATOR(TrieMapRange);
build	Build DaddyBoard (HeliBoard fork)	2026-09-30T15:14:25.1518753Z C/C++:       |         ^
build	Build DaddyBoard (HeliBoard fork)	2026-09-30T15:14:25.1549276Z C/C++: /home/runner/work/daddyboard/daddyboard/daddyboard-main/app/src/main/jni/src/defines.h:289:8: note: expanded from macro 'DISALLOW_ASSIGNMENT_OPERATOR'
build	Build DaddyBoard (HeliBoard fork)	2026-09-30T15:14:25.1578795Z C/C++:   289 |   void operator=(const TypeName&) = delete
build	Build DaddyBoard (HeliBoard fork)	2026-09-30T15:14:25.1608711Z C/C++:       |        ^
build	Build DaddyBoard (HeliBoard fork)	2026-09-30T15:14:25.1639722Z C/C++: /home/runner/work/daddyboard/daddyboard/daddyboard-main/app/src/main/jni/src/dictionary/structure/v4/content/language_model_dict_content.h:96:19: note: in implicit copy constructor for 'latinime::TrieMap::TrieMapRange' first required here
build	Build DaddyBoard (HeliBoard fork)	2026-09-30T15:14:25.1648946Z C/C++:    96 |                 : mTrieMapRange(trieMapRange), mHasHistoricalInfo(hasHistoricalInfo) {}
build	Build DaddyBoard (HeliBoard fork)	2026-09-30T15:14:25.1649555Z C/C++:       |                   ^
build	Build DaddyBoard (HeliBoard fork)	2026-09-30T15:14:25.1650361Z C/C++: In file included from /home/runner/work/daddyboard/daddyboard/daddyboard-main/app/src/main/jni/src/dictionary/utils/dict_file_writing_utils.cpp:28:
build	Build DaddyBoard (HeliBoard fork)	2026-09-30T15:14:25.1652016Z C/C++: In file included from /home/runner/work/daddyboard/daddyboard/daddyboard-main/app/src/main/jni/src/dictionary/structure/v4/ver4_dict_buffers.h:25:
build	Build DaddyBoard (HeliBoard fork)	2026-09-30T15:14:25.1653462Z C/C++: In file included from /home/runner/work/daddyboard/daddyboard/daddyboard-main/app/src/main/jni/src/dictionary/structure/v4/content/language_model_dict_content.h:24:
build	Build DaddyBoard (HeliBoard fork)	2026-09-30T15:14:25.1655529Z C/C++: /home/runner/work/daddyboard/daddyboard/daddyboard-main/app/src/main/jni/src/dictionary/property/word_attributes.h:59:5: warning: definition of implicit copy constructor for 'WordAttributes' is deprecated because it has a user-declared copy assignment operator [-Wdeprecated-copy]
build	Build DaddyBoard (HeliBoard fork)	2026-09-30T15:14:25.1657544Z C/C++:    59 |     DISALLOW_ASSIGNMENT_OPERATOR(WordAttributes);
build	Build DaddyBoard (HeliBoard fork)	2026-09-30T15:14:25.1658133Z C/C++:       |     ^
build	Build DaddyBoard (HeliBoard fork)	2026-09-30T15:14:25.1659069Z C/C++: /home/runner/work/daddyboard/daddyboard/daddyboard-main/app/src/main/jni/src/defines.h:289:8: note: expanded from macro 'DISALLOW_ASSIGNMENT_OPERATOR'
build	Build DaddyBoard (HeliBoard fork)	2026-09-30T15:14:25.1659945Z C/C++:   289 |   void operator=(const TypeName&) = delete
build	Build DaddyBoard (HeliBoard fork)	2026-09-30T15:14:25.1660326Z C/C++:       |        ^
build	Build DaddyBoard (HeliBoard fork)	2026-09-30T15:14:25.1661319Z C/C++: /home/runner/work/daddyboard/daddyboard/daddyboard-main/app/src/main/jni/src/dictionary/structure/v4/content/language_model_dict_content.h:119:19: note: in implicit copy constructor for 'WordAttributes' first required here
build	Build DaddyBoard (HeliBoard fork)	2026-09-30T15:14:25.1663434Z C/C++:   119 |                   mWordAttributes(wordAttributes), mProbabilityEntry(probabilityEntry) {}
build	Build DaddyBoard (HeliBoard fork)	2026-09-30T15:14:25.1664069Z C/C++:       |                   ^
build	Build DaddyBoard (HeliBoard fork)	2026-09-30T15:14:25.1665316Z C/C++: /home/runner/work/daddyboard/daddyboard/daddyboard-main/app/src/main/jni/src/dictionary/utils/dict_file_writing_utils.cpp:85:19: warning: variable length arrays in C++ are a Clang extension [-Wvla-cxx-extension]
build	Build DaddyBoard (HeliBoard fork)	2026-09-30T15:14:25.1678224Z C/C++:    85 |     char filePath[filePathBufSize];
build	Build DaddyBoard (HeliBoard fork)	2026-09-30T15:14:25.1705385Z C/C++:       |                   ^~~~~~~~~~~~~~~
build	Build DaddyBoard (HeliBoard fork)	2026-09-30T15:14:25.1706518Z C/C++: /home/runner/work/daddyboard/daddyboard/daddyboard-main/app/src/main/jni/src/dictionary/utils/dict_file_writing_utils.cpp:85:19: note: initializer of 'filePathBufSize' is not a constant expression
build	Build DaddyBoard (HeliBoard fork)	2026-09-30T15:14:25.1707986Z C/C++: /home/runner/work/daddyboard/daddyboard/daddyboard-main/app/src/main/jni/src/dictionary/utils/dict_file_writing_utils.cpp:84:15: note: declared here
build	Build DaddyBoard (HeliBoard fork)	2026-09-30T15:14:25.1709287Z C/C++:    84 |     const int filePathBufSize = FileUtils::getFilePathWithSuffixBufSize(basePath, suffix);
build	Build DaddyBoard (HeliBoard fork)	2026-09-30T15:14:25.1709913Z C/C++:       |               ^
build	Build DaddyBoard (HeliBoard fork)	2026-09-30T15:14:25.2022611Z C/C++: In file included from /home/runner/work/daddyboard/daddyboard/daddyboard-main/app/src/main/jni/src/dictionary/utils/dict_file_writing_utils.cpp:28:
build	Build DaddyBoard (HeliBoard fork)	2026-09-30T15:14:25.2043315Z C/C++: In file included from /home/runner/work/daddyboard/daddyboard/daddyboard-main/app/src/main/jni/src/dictionary/structure/v4/ver4_dict_buffers.h:25:
build	Build DaddyBoard (HeliBoard fork)	2026-09-30T15:14:25.2069559Z C/C++: In file included from /home/runner/work/daddyboard/daddyboard/daddyboard-main/app/src/main/jni/src/dictionary/structure/v4/content/language_model_dict_content.h:26:
build	Build DaddyBoard (HeliBoard fork)	2026-09-30T15:14:25.2099364Z C/C++: In file included from /home/runner/work/daddyboard/daddyboard/daddyboard-main/app/src/main/jni/src/dictionary/structure/v4/content/probability_entry.h:25:
build	Build DaddyBoard (HeliBoard fork)	2026-09-30T15:14:25.2100761Z C/C++: In file included from /home/runner/work/daddyboard/daddyboard/daddyboard-main/app/src/main/jni/src/dictionary/property/ngram_property.h:24:
build	Build DaddyBoard (HeliBoard fork)	2026-09-30T15:14:25.2101954Z C/C++: In file included from /home/runner/work/daddyboard/daddyboard/daddyboard-main/app/src/main/jni/src/dictionary/property/ngram_context.h:23:
build	Build DaddyBoard (HeliBoard fork)	2026-09-30T15:14:25.2103682Z C/C++: /home/runner/work/daddyboard/daddyboard/daddyboard-main/app/src/main/jni/src/utils/int_array_view.h:160:5: warning: definition of implicit copy constructor for 'IntArrayView' is deprecated because it has a user-declared copy assignment operator [-Wdeprecated-copy]
build	Build DaddyBoard (HeliBoard fork)	2026-09-30T15:14:25.2105064Z C/C++:   160 |     DISALLOW_ASSIGNMENT_OPERATOR(IntArrayView);
build	Build DaddyBoard (HeliBoard fork)	2026-09-30T15:14:25.2105463Z C/C++:       |     ^
build	Build DaddyBoard (HeliBoard fork)	2026-09-30T15:14:25.2106177Z C/C++: /home/runner/work/daddyboard/daddyboard/daddyboard-main/app/src/main/jni/src/defines.h:289:8: note: expanded from macro 'DISALLOW_ASSIGNMENT_OPERATOR'
build	Build DaddyBoard (HeliBoard fork)	2026-09-30T15:14:25.2106984Z C/C++:   289 |   void operator=(const TypeName&) = delete
build	Build DaddyBoard (HeliBoard fork)	2026-09-30T15:14:25.2107343Z C/C++:       |        ^
build	Build DaddyBoard (HeliBoard fork)	2026-09-30T15:14:25.2138605Z C/C++: /usr/local/lib/android/sdk/ndk/28.0.13004108/toolchains/llvm/prebuilt/linux-x86_64/sysroot/usr/include/c++/v1/__memory/allocator.h:173:24: note: in implicit copy constructor for 'latinime::IntArrayView' first required here
build	Build DaddyBoard (HeliBoard fork)	2026-09-30T15:14:25.2140370Z C/C++:   173 |     ::new ((void*)__p) _Up(std::forward<_Args>(__args)...);
build	Build DaddyBoard (HeliBoard fork)	2026-09-30T15:14:25.2141006Z C/C++:       |                        ^
build	Build DaddyBoard (HeliBoard fork)	2026-09-30T15:14:25.2142515Z C/C++: /usr/local/lib/android/sdk/ndk/28.0.13004108/toolchains/llvm/prebuilt/linux-x86_64/sysroot/usr/include/c++/v1/__memory/allocator_traits.h:320:9: note: in instantiation of function template specialization 'std::allocator<latinime::IntArrayView>::construct<latinime::IntArrayView, latinime::IntArrayView>' requested here
build	Build DaddyBoard (HeliBoard fork)	2026-09-30T15:14:25.2144018Z C/C++:   320 |     __a.construct(__p, std::forward<_Args>(__args)...);
build	Build DaddyBoard (HeliBoard fork)	2026-09-30T15:14:25.2144420Z C/C++:       |         ^
build	Build DaddyBoard (HeliBoard fork)	2026-09-30T15:14:25.2146015Z C/C++: /usr/local/lib/android/sdk/ndk/28.0.13004108/toolchains/llvm/prebuilt/linux-x86_64/sysroot/usr/include/c++/v1/__memory/uninitialized_algorithms.h:639:33: note: in instantiation of function template specialization 'std::allocator_traits<std::allocator<latinime::IntArrayView>>::construct<latinime::IntArrayView, latinime::IntArrayView, 0>' requested here
build	Build DaddyBoard (HeliBoard fork)	2026-09-30T15:14:25.2147844Z C/C++:   639 |       allocator_traits<_Alloc>::construct(__alloc, __result, std::move(*__iter));
build	Build DaddyBoard (HeliBoard fork)	2026-09-30T15:14:25.2148479Z C/C++:       |                                 ^
build	Build DaddyBoard (HeliBoard fork)	2026-09-30T15:14:25.2149684Z C/C++: /usr/local/lib/android/sdk/ndk/28.0.13004108/toolchains/llvm/prebuilt/linux-x86_64/sysroot/usr/include/c++/v1/vector:1511:3: note: in instantiation of member function 'std::vector<latinime::IntArrayView>::__swap_out_circular_buffer' requested here
build	Build DaddyBoard (HeliBoard fork)	2026-09-30T15:14:25.2150883Z C/C++:  1511 |   __swap_out_circular_buffer(__v);
build	Build DaddyBoard (HeliBoard fork)	2026-09-30T15:14:25.2151248Z C/C++:       |   ^
build	Build DaddyBoard (HeliBoard fork)	2026-09-30T15:14:25.2152673Z C/C++: /usr/local/lib/android/sdk/ndk/28.0.13004108/toolchains/llvm/prebuilt/linux-x86_64/sysroot/usr/include/c++/v1/vector:1529:13: note: in instantiation of function template specialization 'std::vector<latinime::IntArrayView>::__emplace_back_slow_path<const int *const &, const unsigned long &>' requested here
build	Build DaddyBoard (HeliBoard fork)	2026-09-30T15:14:25.2154332Z C/C++:  1529 |     __end = __emplace_back_slow_path(std::forward<_Args>(__args)...);
build	Build DaddyBoard (HeliBoard fork)	2026-09-30T15:14:25.2154808Z C/C++:       |             ^
build	Build DaddyBoard (HeliBoard fork)	2026-09-30T15:14:25.2156136Z C/C++: /home/runner/work/daddyboard/daddyboard/daddyboard-main/app/src/main/jni/src/utils/int_array_view.h:142:20: note: in instantiation of function template specialization 'std::vector<latinime::IntArrayView>::emplace_back<const int *const &, const unsigned long &>' requested here
build	Build DaddyBoard (HeliBoard fork)	2026-09-30T15:14:25.2157618Z C/C++:   142 |             result.emplace_back(mPtr, mSize);
build	Build DaddyBoard (HeliBoard fork)	2026-09-30T15:14:25.2158026Z C/C++:       |                    ^
build	Build DaddyBoard (HeliBoard fork)	2026-09-30T15:14:25.3999506Z C/C++: 7 warnings generated.
build	Build DaddyBoard (HeliBoard fork)	2026-09-30T15:14:25.4020148Z C/C++: /home/runner/work/daddyboard/daddyboard/daddyboard-main/app/src/main/jni/src/dictionary/utils/file_utils.cpp:75:23: warning: variable length arrays in C++ are a Clang extension [-Wvla-cxx-extension]
build	Build DaddyBoard (HeliBoard fork)	2026-09-30T15:14:25.4049358Z C/C++:    75 |         char filePath[filePathBufSize];
build	Build DaddyBoard (HeliBoard fork)	2026-09-30T15:14:25.4073080Z C/C++:       |                       ^~~~~~~~~~~~~~~
build	Build DaddyBoard (HeliBoard fork)	2026-09-30T15:14:25.4079327Z C/C++: /home/runner/work/daddyboard/daddyboard/daddyboard-main/app/src/main/jni/src/dictionary/utils/file_utils.cpp:75:23: note: initializer of 'filePathBufSize' is not a constant expression
build	Build DaddyBoard (HeliBoard fork)	2026-09-30T15:14:25.4109210Z C/C++: /home/runner/work/daddyboard/daddyboard/daddyboard-main/app/src/main/jni/src/dictionary/utils/file_utils.cpp:74:19: note: declared here
build	Build DaddyBoard (HeliBoard fork)	2026-09-30T15:14:25.4128962Z C/C++:    74 |         const int filePathBufSize = getFilePathBufSize(dirPath, dirent->d_name);
build	Build DaddyBoard (HeliBoard fork)	2026-09-30T15:14:25.4158968Z C/C++:       |                   ^
build	Build DaddyBoard (HeliBoard fork)	2026-09-30T15:14:25.4169396Z C/C++: /home/runner/work/daddyboard/daddyboard/daddyboard-main/app/src/main/jni/src/dictionary/utils/file_utils.cpp:159:22: warning: variable length arrays in C++ are a Clang extension [-Wvla-cxx-extension]
build	Build DaddyBoard (HeliBoard fork)	2026-09-30T15:14:25.4188788Z C/C++:   159 |     char filePathBuf[filePathBufSize];
build	Build DaddyBoard (HeliBoard fork)	2026-09-30T15:14:25.4218846Z C/C++:       |                      ^~~~~~~~~~~~~~~
build	Build DaddyBoard (HeliBoard fork)	2026-09-30T15:14:25.4229340Z C/C++: /home/runner/work/daddyboard/daddyboard/daddyboard-main/app/src/main/jni/src/dictionary/utils/file_utils.cpp:159:22: note: initializer of 'filePathBufSize' is not a constant expression
build	Build DaddyBoard (HeliBoard fork)	2026-09-30T15:14:25.4253818Z C/C++: /home/runner/work/daddyboard/daddyboard/daddyboard-main/app/src/main/jni/src/dictionary/utils/file_utils.cpp:158:15: note: declared here
build	Build DaddyBoard (HeliBoard fork)	2026-09-30T15:14:25.4274876Z C/C++:   158 |     const int filePathBufSize = strlen(filePath) + 1 /* terminator */;
build	Build DaddyBoard (HeliBoard fork)	2026-09-30T15:14:25.4298828Z C/C++:       |               ^
build	Build DaddyBoard (HeliBoard fork)	2026-09-30T15:14:25.4338699Z C/C++: 2 warnings generated.
build	Build DaddyBoard (HeliBoard fork)	2026-09-30T15:14:26.0009915Z C/C++: In file included from /home/runner/work/daddyboard/daddyboard/daddyboard-main/app/src/main/jni/src/dictionary/utils/forgetting_curve_utils.cpp:17:
build	Build DaddyBoard (HeliBoard fork)	2026-09-30T15:14:26.0049652Z C/C++: In file included from /home/runner/work/daddyboard/daddyboard/daddyboard-main/app/src/main/jni/src/dictionary/utils/forgetting_curve_utils.h:24:
build	Build DaddyBoard (HeliBoard fork)	2026-09-30T15:14:26.0079888Z C/C++: /home/runner/work/daddyboard/daddyboard/daddyboard-main/app/src/main/jni/src/dictionary/utils/entry_counters.h:44:5: warning: definition of implicit copy constructor for 'EntryCounts' is deprecated because it has a user-declared copy assignment operator [-Wdeprecated-copy]
build	Build DaddyBoard (HeliBoard fork)	2026-09-30T15:14:26.0088914Z C/C++:    44 |     DISALLOW_ASSIGNMENT_OPERATOR(EntryCounts);
build	Build DaddyBoard (HeliBoard fork)	2026-09-30T15:14:26.0118798Z C/C++:       |     ^
build	Build DaddyBoard (HeliBoard fork)	2026-09-30T15:14:26.0119823Z C/C++: /home/runner/work/daddyboard/daddyboard/daddyboard-main/app/src/main/jni/src/defines.h:289:8: note: expanded from macro 'DISALLOW_ASSIGNMENT_OPERATOR'
build	Build DaddyBoard (HeliBoard fork)	2026-09-30T15:14:26.0148842Z C/C++:   289 |   void operator=(const TypeName&) = delete
build	Build DaddyBoard (HeliBoard fork)	2026-09-30T15:14:26.0178725Z C/C++:       |        ^
build	Build DaddyBoard (HeliBoard fork)	2026-09-30T15:14:26.0199428Z C/C++: /home/runner/work/daddyboard/daddyboard/daddyboard-main/app/src/main/jni/src/dictionary/header/header_policy.h:92:15: note: in implicit copy constructor for 'latinime::EntryCounts' first required here
build	Build DaddyBoard (HeliBoard fork)	2026-09-30T15:14:26.0208917Z C/C++:    92 |               mNgramCounts(headerPolicy->mNgramCounts),
build	Build DaddyBoard (HeliBoard fork)	2026-09-30T15:14:26.0238791Z C/C++:       |               ^
build	Build DaddyBoard (HeliBoard fork)	2026-09-30T15:14:26.0263273Z C/C++: In file included from /home/runner/work/daddyboard/daddyboard/daddyboard-main/app/src/main/jni/src/dictionary/utils/forgetting_curve_utils.cpp:17:
build	Build DaddyBoard (HeliBoard fork)	2026-09-30T15:14:26.0289209Z C/C++: In file included from /home/runner/work/daddyboard/daddyboard/daddyboard-main/app/src/main/jni/src/dictionary/utils/forgetting_curve_utils.h:23:
build	Build DaddyBoard (HeliBoard fork)	2026-09-30T15:14:26.0309771Z C/C++: /home/runner/work/daddyboard/daddyboard/daddyboard-main/app/src/main/jni/src/dictionary/property/historical_info.h:52:5: warning: definition of implicit copy constructor for 'HistoricalInfo' is deprecated because it has a user-declared copy assignment operator [-Wdeprecated-copy]
build	Build DaddyBoard (HeliBoard fork)	2026-09-30T15:14:26.0326775Z C/C++:    52 |     DISALLOW_ASSIGNMENT_OPERATOR(HistoricalInfo);
build	Build DaddyBoard (HeliBoard fork)	2026-09-30T15:14:26.0368754Z C/C++:       |     ^
build	Build DaddyBoard (HeliBoard fork)	2026-09-30T15:14:26.0369872Z C/C++: /home/runner/work/daddyboard/daddyboard/daddyboard-main/app/src/main/jni/src/defines.h:289:8: note: expanded from macro 'DISALLOW_ASSIGNMENT_OPERATOR'
build	Build DaddyBoard (HeliBoard fork)	2026-09-30T15:14:26.0398770Z C/C++:   289 |   void operator=(const TypeName&) = delete
build	Build DaddyBoard (HeliBoard fork)	2026-09-30T15:14:26.0428813Z C/C++:       |        ^
build	Build DaddyBoard (HeliBoard fork)	2026-09-30T15:14:26.0430148Z C/C++: /home/runner/work/daddyboard/daddyboard/daddyboard-main/app/src/main/jni/src/dictionary/utils/forgetting_curve_utils.cpp:115:16: note: in implicit copy constructor for 'latinime::HistoricalInfo' first required here
build	Build DaddyBoard (HeliBoard fork)	2026-09-30T15:14:26.0458865Z C/C++:   115 |         return *originalHistoricalInfo;
build	Build DaddyBoard (HeliBoard fork)	2026-09-30T15:14:26.0488727Z C/C++:       |                ^
build	Build DaddyBoard (HeliBoard fork)	2026-09-30T15:14:26.2004918Z C/C++: 2 warnings generated.
build	Build DaddyBoard (HeliBoard fork)	2026-09-30T15:14:27.1009584Z C/C++: In file included from /home/runner/work/daddyboard/daddyboard/daddyboard-main/app/src/main/jni/src/dictionary/utils/multi_bigram_map.cpp:17:
build	Build DaddyBoard (HeliBoard fork)	2026-09-30T15:14:27.1075298Z C/C++: In file included from /home/runner/work/daddyboard/daddyboard/daddyboard-main/app/src/main/jni/src/dictionary/utils/multi_bigram_map.h:24:
build	Build DaddyBoard (HeliBoard fork)	2026-09-30T15:14:27.1099456Z C/C++: In file included from /home/runner/work/daddyboard/daddyboard/daddyboard-main/app/src/main/jni/src/dictionary/interface/dictionary_structure_with_buffer_policy.h:23:
build	Build DaddyBoard (HeliBoard fork)	2026-09-30T15:14:27.1119893Z C/C++: /home/runner/work/daddyboard/daddyboard/daddyboard-main/app/src/main/jni/src/dictionary/property/historical_info.h:52:5: warning: definition of implicit copy constructor for 'HistoricalInfo' is deprecated because it has a user-declared copy assignment operator [-Wdeprecated-copy]
build	Build DaddyBoard (HeliBoard fork)	2026-09-30T15:14:27.1128806Z C/C++:    52 |     DISALLOW_ASSIGNMENT_OPERATOR(HistoricalInfo);
build	Build DaddyBoard (HeliBoard fork)	2026-09-30T15:14:27.1178672Z C/C++:       |     ^
build	Build DaddyBoard (HeliBoard fork)	2026-09-30T15:14:27.1209206Z C/C++: /home/runner/work/daddyboard/daddyboard/daddyboard-main/app/src/main/jni/src/defines.h:289:8: note: expanded from macro 'DISALLOW_ASSIGNMENT_OPERATOR'
build	Build DaddyBoard (HeliBoard fork)	2026-09-30T15:14:27.1218828Z C/C++:   289 |   void operator=(const TypeName&) = delete
build	Build DaddyBoard (HeliBoard fork)	2026-09-30T15:14:27.1238639Z C/C++:       |        ^
build	Build DaddyBoard (HeliBoard fork)	2026-09-30T15:14:27.1269503Z C/C++: /home/runner/work/daddyboard/daddyboard/daddyboard-main/app/src/main/jni/src/dictionary/property/ngram_property.h:33:42: note: in implicit copy constructor for 'latinime::HistoricalInfo' first required here
build	Build DaddyBoard (HeliBoard fork)	2026-09-30T15:14:27.1292595Z C/C++:    33 |               mProbability(probability), mHistoricalInfo(historicalInfo) {}
build	Build DaddyBoard (HeliBoard fork)	2026-09-30T15:14:27.1318765Z C/C++:       |                                          ^
build	Build DaddyBoard (HeliBoard fork)	2026-09-30T15:14:27.1329079Z C/C++: In file included from /home/runner/work/daddyboard/daddyboard/daddyboard-main/app/src/main/jni/src/dictionary/utils/multi_bigram_map.cpp:17:
build	Build DaddyBoard (HeliBoard fork)	2026-09-30T15:14:27.1379210Z C/C++: In file included from /home/runner/work/daddyboard/daddyboard/daddyboard-main/app/src/main/jni/src/dictionary/utils/multi_bigram_map.h:24:
build	Build DaddyBoard (HeliBoard fork)	2026-09-30T15:14:27.1409274Z C/C++: In file included from /home/runner/work/daddyboard/daddyboard/daddyboard-main/app/src/main/jni/src/dictionary/interface/dictionary_structure_with_buffer_policy.h:25:
build	Build DaddyBoard (HeliBoard fork)	2026-09-30T15:14:27.1419190Z C/C++: In file included from /home/runner/work/daddyboard/daddyboard/daddyboard-main/app/src/main/jni/src/dictionary/property/word_property.h:24:
build	Build DaddyBoard (HeliBoard fork)	2026-09-30T15:14:27.1430081Z C/C++: /home/runner/work/daddyboard/daddyboard/daddyboard-main/app/src/main/jni/src/dictionary/property/unigram_property.h:126:5: warning: definition of implicit copy constructor for 'UnigramProperty' is deprecated because it has a user-declared copy assignment operator [-Wdeprecated-copy]
build	Build DaddyBoard (HeliBoard fork)	2026-09-30T15:14:27.1431887Z C/C++:   126 |     DISALLOW_ASSIGNMENT_OPERATOR(UnigramProperty);
build	Build DaddyBoard (HeliBoard fork)	2026-09-30T15:14:27.1432656Z C/C++:       |     ^
build	Build DaddyBoard (HeliBoard fork)	2026-09-30T15:14:27.1433567Z C/C++: /home/runner/work/daddyboard/daddyboard/daddyboard-main/app/src/main/jni/src/defines.h:289:8: note: expanded from macro 'DISALLOW_ASSIGNMENT_OPERATOR'
build	Build DaddyBoard (HeliBoard fork)	2026-09-30T15:14:27.1434641Z C/C++:   289 |   void operator=(const TypeName&) = delete
build	Build DaddyBoard (HeliBoard fork)	2026-09-30T15:14:27.1435294Z C/C++:       |        ^
build	Build DaddyBoard (HeliBoard fork)	2026-09-30T15:14:27.1436689Z C/C++: /home/runner/work/daddyboard/daddyboard/daddyboard-main/app/src/main/jni/src/dictionary/property/word_property.h:38:51: note: in implicit copy constructor for 'latinime::UnigramProperty' first required here
build	Build DaddyBoard (HeliBoard fork)	2026-09-30T15:14:27.1438393Z C/C++:    38 |             : mCodePoints(std::move(codePoints)), mUnigramProperty(unigramProperty),
build	Build DaddyBoard (HeliBoard fork)	2026-09-30T15:14:27.1439194Z C/C++:       |                                                   ^
build	Build DaddyBoard (HeliBoard fork)	2026-09-30T15:14:27.1440251Z C/C++: In file included from /home/runner/work/daddyboard/daddyboard/daddyboard-main/app/src/main/jni/src/dictionary/utils/multi_bigram_map.cpp:17:
build	Build DaddyBoard (HeliBoard fork)	2026-09-30T15:14:27.1441752Z C/C++: In file included from /home/runner/work/daddyboard/daddyboard/daddyboard-main/app/src/main/jni/src/dictionary/utils/multi_bigram_map.h:27:
build	Build DaddyBoard (HeliBoard fork)	2026-09-30T15:14:27.1443776Z C/C++: /home/runner/work/daddyboard/daddyboard/daddyboard-main/app/src/main/jni/src/dictionary/utils/bloom_filter.h:47:5: warning: definition of implicit copy constructor for 'BloomFilter' is deprecated because it has a user-declared copy assignment operator [-Wdeprecated-copy]
build	Build DaddyBoard (HeliBoard fork)	2026-09-30T15:14:27.1446142Z C/C++:    47 |     DISALLOW_ASSIGNMENT_OPERATOR(BloomFilter);
build	Build DaddyBoard (HeliBoard fork)	2026-09-30T15:14:27.1446725Z C/C++:       |     ^
build	Build DaddyBoard (HeliBoard fork)	2026-09-30T15:14:27.1447661Z C/C++: /home/runner/work/daddyboard/daddyboard/daddyboard-main/app/src/main/jni/src/defines.h:289:8: note: expanded from macro 'DISALLOW_ASSIGNMENT_OPERATOR'
build	Build DaddyBoard (HeliBoard fork)	2026-09-30T15:14:27.1448874Z C/C++:   289 |   void operator=(const TypeName&) = delete
build	Build DaddyBoard (HeliBoard fork)	2026-09-30T15:14:27.1449377Z C/C++:       |        ^
build	Build DaddyBoard (HeliBoard fork)	2026-09-30T15:14:27.1450583Z C/C++: /home/runner/work/daddyboard/daddyboard/daddyboard-main/app/src/main/jni/src/dictionary/utils/multi_bigram_map.h:57:53: note: in implicit copy constructor for 'latinime::BloomFilter' first required here
build	Build DaddyBoard (HeliBoard fork)	2026-09-30T15:14:27.1451988Z C/C++:    57 |                 : mBigramMap(bigramMap.mBigramMap), mBloomFilter(bigramMap.mBloomFilter) {}
build	Build DaddyBoard (HeliBoard fork)	2026-09-30T15:14:27.1452730Z C/C++:       |                                                     ^
build	Build DaddyBoard (HeliBoard fork)	2026-09-30T15:14:27.1453659Z C/C++: In file included from /home/runner/work/daddyboard/daddyboard/daddyboard-main/app/src/main/jni/src/dictionary/utils/multi_bigram_map.cpp:17:
build	Build DaddyBoard (HeliBoard fork)	2026-09-30T15:14:27.1454993Z C/C++: In file included from /home/runner/work/daddyboard/daddyboard/daddyboard-main/app/src/main/jni/src/dictionary/utils/multi_bigram_map.h:24:
build	Build DaddyBoard (HeliBoard fork)	2026-09-30T15:14:27.1456330Z C/C++: In file included from /home/runner/work/daddyboard/daddyboard/daddyboard-main/app/src/main/jni/src/dictionary/interface/dictionary_structure_with_buffer_policy.h:25:
build	Build DaddyBoard (HeliBoard fork)	2026-09-30T15:14:27.1457644Z C/C++: In file included from /home/runner/work/daddyboard/daddyboard/daddyboard-main/app/src/main/jni/src/dictionary/property/word_property.h:23:
build	Build DaddyBoard (HeliBoard fork)	2026-09-30T15:14:27.1458958Z C/C++: In file included from /home/runner/work/daddyboard/daddyboard/daddyboard-main/app/src/main/jni/src/dictionary/property/ngram_property.h:24:
build	Build DaddyBoard (HeliBoard fork)	2026-09-30T15:14:27.1460171Z C/C++: In file included from /home/runner/work/daddyboard/daddyboard/daddyboard-main/app/src/main/jni/src/dictionary/property/ngram_context.h:23:
build	Build DaddyBoard (HeliBoard fork)	2026-09-30T15:14:27.1461855Z C/C++: /home/runner/work/daddyboard/daddyboard/daddyboard-main/app/src/main/jni/src/utils/int_array_view.h:160:5: warning: definition of implicit copy constructor for 'IntArrayView' is deprecated because it has a user-declared copy assignment operator [-Wdeprecated-copy]
build	Build DaddyBoard (HeliBoard fork)	2026-09-30T15:14:27.1463262Z C/C++:   160 |     DISALLOW_ASSIGNMENT_OPERATOR(IntArrayView);
build	Build DaddyBoard (HeliBoard fork)	2026-09-30T15:14:27.1463659Z C/C++:       |     ^
build	Build DaddyBoard (HeliBoard fork)	2026-09-30T15:14:27.1464414Z C/C++: /home/runner/work/daddyboard/daddyboard/daddyboard-main/app/src/main/jni/src/defines.h:289:8: note: expanded from macro 'DISALLOW_ASSIGNMENT_OPERATOR'
build	Build DaddyBoard (HeliBoard fork)	2026-09-30T15:14:27.1465306Z C/C++:   289 |   void operator=(const TypeName&) = delete
build	Build DaddyBoard (HeliBoard fork)	2026-09-30T15:14:27.1465684Z C/C++:       |        ^
build	Build DaddyBoard (HeliBoard fork)	2026-09-30T15:14:27.1466672Z C/C++: /home/runner/work/daddyboard/daddyboard/daddyboard-main/app/src/main/jni/src/dictionary/utils/multi_bigram_map.cpp:49:44: note: in implicit copy constructor for 'latinime::IntArrayView' first required here
build	Build DaddyBoard (HeliBoard fork)	2026-09-30T15:14:27.1467837Z C/C++:    49 |         addBigramsForWord(structurePolicy, prevWordIds);
build	Build DaddyBoard (HeliBoard fork)	2026-09-30T15:14:27.1468463Z C/C++:       |                                            ^
build	Build DaddyBoard (HeliBoard fork)	2026-09-30T15:14:27.2049578Z C/C++: In file included from /home/runner/work/daddyboard/daddyboard/daddyboard-main/app/src/main/jni/src/dictionary/utils/multi_bigram_map.cpp:17:
build	Build DaddyBoard (HeliBoard fork)	2026-09-30T15:14:27.2079210Z C/C++: In file included from /home/runner/work/daddyboard/daddyboard/daddyboard-main/app/src/main/jni/src/dictionary/utils/multi_bigram_map.h:24:
build	Build DaddyBoard (HeliBoard fork)	2026-09-30T15:14:27.2109287Z C/C++: In file included from /home/runner/work/daddyboard/daddyboard/daddyboard-main/app/src/main/jni/src/dictionary/interface/dictionary_structure_with_buffer_policy.h:25:
build	Build DaddyBoard (HeliBoard fork)	2026-09-30T15:14:27.2139173Z C/C++: In file included from /home/runner/work/daddyboard/daddyboard/daddyboard-main/app/src/main/jni/src/dictionary/property/word_property.h:23:
build	Build DaddyBoard (HeliBoard fork)	2026-09-30T15:14:27.2169930Z C/C++: /home/runner/work/daddyboard/daddyboard/daddyboard-main/app/src/main/jni/src/dictionary/property/ngram_property.h:54:5: warning: definition of implicit copy constructor for 'NgramProperty' is deprecated because it has a user-declared copy assignment operator [-Wdeprecated-copy]
build	Build DaddyBoard (HeliBoard fork)	2026-09-30T15:14:27.2199094Z C/C++:    54 |     DISALLOW_ASSIGNMENT_OPERATOR(NgramProperty);
build	Build DaddyBoard (HeliBoard fork)	2026-09-30T15:14:27.2218958Z C/C++:       |     ^
build	Build DaddyBoard (HeliBoard fork)	2026-09-30T15:14:27.2235334Z C/C++: /home/runner/work/daddyboard/daddyboard/daddyboard-main/app/src/main/jni/src/defines.h:289:8: note: expanded from macro 'DISALLOW_ASSIGNMENT_OPERATOR'
build	Build DaddyBoard (HeliBoard fork)	2026-09-30T15:14:27.2249116Z C/C++:   289 |   void operator=(const TypeName&) = delete
build	Build DaddyBoard (HeliBoard fork)	2026-09-30T15:14:27.2249615Z C/C++:       |        ^
build	Build DaddyBoard (HeliBoard fork)	2026-09-30T15:14:27.2250868Z C/C++: /usr/local/lib/android/sdk/ndk/28.0.13004108/toolchains/llvm/prebuilt/linux-x86_64/sysroot/usr/include/c++/v1/__memory/allocator.h:173:24: note: in implicit copy constructor for 'latinime::NgramProperty' first required here
build	Build DaddyBoard (HeliBoard fork)	2026-09-30T15:14:27.2252182Z C/C++:   173 |     ::new ((void*)__p) _Up(std::forward<_Args>(__args)...);
build	Build DaddyBoard (HeliBoard fork)	2026-09-30T15:14:27.2252711Z C/C++:       |                        ^
build	Build DaddyBoard (HeliBoard fork)	2026-09-30T15:14:27.2254342Z C/C++: /usr/local/lib/android/sdk/ndk/28.0.13004108/toolchains/llvm/prebuilt/linux-x86_64/sysroot/usr/include/c++/v1/__memory/allocator_traits.h:320:9: note: in instantiation of function template specialization 'std::allocator<latinime::NgramProperty>::construct<latinime::NgramProperty, latinime::NgramProperty &>' requested here
build	Build DaddyBoard (HeliBoard fork)	2026-09-30T15:14:27.2256114Z C/C++:   320 |     __a.construct(__p, std::forward<_Args>(__args)...);
build	Build DaddyBoard (HeliBoard fork)	2026-09-30T15:14:27.2256663Z C/C++:       |         ^
build	Build DaddyBoard (HeliBoard fork)	2026-09-30T15:14:27.2258566Z C/C++: /usr/local/lib/android/sdk/ndk/28.0.13004108/toolchains/llvm/prebuilt/linux-x86_64/sysroot/usr/include/c++/v1/__memory/uninitialized_algorithms.h:551:31: note: in instantiation of function template specialization 'std::allocator_traits<std::allocator<latinime::NgramProperty>>::construct<latinime::NgramProperty, latinime::NgramProperty &, 0>' requested here
build	Build DaddyBoard (HeliBoard fork)	2026-09-30T15:14:27.2260605Z C/C++:   551 |     allocator_traits<_Alloc>::construct(__alloc, std::__to_address(__first2), *__first1);
build	Build DaddyBoard (HeliBoard fork)	2026-09-30T15:14:27.2261266Z C/C++:       |                               ^
build	Build DaddyBoard (HeliBoard fork)	2026-09-30T15:14:27.2263471Z C/C++: /usr/local/lib/android/sdk/ndk/28.0.13004108/toolchains/llvm/prebuilt/linux-x86_64/sysroot/usr/include/c++/v1/__memory/uninitialized_algorithms.h:594:33: note: in instantiation of function template specialization 'std::__uninitialized_allocator_copy_impl<std::allocator<latinime::NgramProperty>, latinime::NgramProperty *, latinime::NgramProperty *, latinime::NgramProperty *>' requested here
build	Build DaddyBoard (HeliBoard fork)	2026-09-30T15:14:27.2265543Z C/C++:   594 |   auto __result          = std::__uninitialized_allocator_copy_impl(
build	Build DaddyBoard (HeliBoard fork)	2026-09-30T15:14:27.2266126Z C/C++:       |                                 ^
build	Build DaddyBoard (HeliBoard fork)	2026-09-30T15:14:27.2267933Z C/C++: /usr/local/lib/android/sdk/ndk/28.0.13004108/toolchains/llvm/prebuilt/linux-x86_64/sysroot/usr/include/c++/v1/vector:1100:22: note: in instantiation of function template specialization 'std::__uninitialized_allocator_copy<std::allocator<latinime::NgramProperty>, latinime::NgramProperty *, latinime::NgramProperty *, latinime::NgramProperty *>' requested here
build	Build DaddyBoard (HeliBoard fork)	2026-09-30T15:14:27.2270133Z C/C++:  1100 |   __tx.__pos_ = std::__uninitialized_allocator_copy(__alloc(), __first, __last, __tx.__pos_);
build	Build DaddyBoard (HeliBoard fork)	2026-09-30T15:14:27.2270822Z C/C++:       |                      ^
build	Build DaddyBoard (HeliBoard fork)	2026-09-30T15:14:27.2272397Z C/C++: /usr/local/lib/android/sdk/ndk/28.0.13004108/toolchains/llvm/prebuilt/linux-x86_64/sysroot/usr/include/c++/v1/vector:761:7: note: in instantiation of function template specialization 'std::vector<latinime::NgramProperty>::__construct_at_end<latinime::NgramProperty *, latinime::NgramProperty *>' requested here
build	Build DaddyBoard (HeliBoard fork)	2026-09-30T15:14:27.2274039Z C/C++:   761 |       __construct_at_end(__first, __last, __n);
build	Build DaddyBoard (HeliBoard fork)	2026-09-30T15:14:27.2274532Z C/C++:       |       ^
build	Build DaddyBoard (HeliBoard fork)	2026-09-30T15:14:27.2276398Z C/C++: /usr/local/lib/android/sdk/ndk/28.0.13004108/toolchains/llvm/prebuilt/linux-x86_64/sysroot/usr/include/c++/v1/vector:1213:3: note: in instantiation of function template specialization 'std::vector<latinime::NgramProperty>::__init_with_size<latinime::NgramProperty *, latinime::NgramProperty *>' requested here
build	Build DaddyBoard (HeliBoard fork)	2026-09-30T15:14:27.2278406Z C/C++:  1213 |   __init_with_size(__x.__begin_, __x.__end_, __x.size());
build	Build DaddyBoard (HeliBoard fork)	2026-09-30T15:14:27.2278952Z C/C++:       |   ^
build	Build DaddyBoard (HeliBoard fork)	2026-09-30T15:14:27.2280124Z C/C++: /home/runner/work/daddyboard/daddyboard/daddyboard-main/app/src/main/jni/src/dictionary/property/word_property.h:39:15: note: in instantiation of member function 'std::vector<latinime::NgramProperty>::vector' requested here
build	Build DaddyBoard (HeliBoard fork)	2026-09-30T15:14:27.2281391Z C/C++:    39 |               mNgrams(ngrams) {}
build	Build DaddyBoard (HeliBoard fork)	2026-09-30T15:14:27.2281840Z C/C++:       |               ^
build	Build DaddyBoard (HeliBoard fork)	2026-09-30T15:14:27.4029352Z C/C++: 5 warnings generated.
build	Build DaddyBoard (HeliBoard fork)	2026-09-30T15:14:29.1030012Z C/C++: /home/runner/work/daddyboard/daddyboard/daddyboard-main/app/src/main/jni/src/dictionary/utils/trie_map.cpp:56:9: warning: variable 'unusedRegionSize' set but not used [-Wunused-but-set-variable]
build	Build DaddyBoard (HeliBoard fork)	2026-09-30T15:14:29.1079281Z C/C++:    56 |     int unusedRegionSize = 0;
build	Build DaddyBoard (HeliBoard fork)	2026-09-30T15:14:29.1108803Z C/C++:       |         ^
build	Build DaddyBoard (HeliBoard fork)	2026-09-30T15:14:29.2019329Z C/C++: 1 warning generated.
build	Build DaddyBoard (HeliBoard fork)	2026-09-30T15:14:29.7001480Z C/C++: In file included from /home/runner/work/daddyboard/daddyboard/daddyboard-main/app/src/main/jni/src/suggest/core/suggest.cpp:19:
build	Build DaddyBoard (HeliBoard fork)	2026-09-30T15:14:29.7009806Z C/C++: In file included from /home/runner/work/daddyboard/daddyboard/daddyboard-main/app/src/main/jni/src/dictionary/interface/dictionary_structure_with_buffer_policy.h:23:
build	Build DaddyBoard (HeliBoard fork)	2026-09-30T15:14:29.7011791Z C/C++: /home/runner/work/daddyboard/daddyboard/daddyboard-main/app/src/main/jni/src/dictionary/property/historical_info.h:52:5: warning: definition of implicit copy constructor for 'HistoricalInfo' is deprecated because it has a user-declared copy assignment operator [-Wdeprecated-copy]
build	Build DaddyBoard (HeliBoard fork)	2026-09-30T15:14:29.7028775Z C/C++:    52 |     DISALLOW_ASSIGNMENT_OPERATOR(HistoricalInfo);
build	Build DaddyBoard (HeliBoard fork)	2026-09-30T15:14:29.7029231Z C/C++:       |     ^
build	Build DaddyBoard (HeliBoard fork)	2026-09-30T15:14:29.7030050Z C/C++: /home/runner/work/daddyboard/daddyboard/daddyboard-main/app/src/main/jni/src/defines.h:289:8: note: expanded from macro 'DISALLOW_ASSIGNMENT_OPERATOR'
build	Build DaddyBoard (HeliBoard fork)	2026-09-30T15:14:29.7030967Z C/C++:   289 |   void operator=(const TypeName&) = delete
build	Build DaddyBoard (HeliBoard fork)	2026-09-30T15:14:29.7031338Z C/C++:       |        ^
build	Build DaddyBoard (HeliBoard fork)	2026-09-30T15:14:29.7032347Z C/C++: /home/runner/work/daddyboard/daddyboard/daddyboard-main/app/src/main/jni/src/dictionary/property/ngram_property.h:33:42: note: in implicit copy constructor for 'latinime::HistoricalInfo' first required here
build	Build DaddyBoard (HeliBoard fork)	2026-09-30T15:14:29.7033511Z C/C++:    33 |               mProbability(probability), mHistoricalInfo(historicalInfo) {}
build	Build DaddyBoard (HeliBoard fork)	2026-09-30T15:14:29.7034003Z C/C++:       |                                          ^
build	Build DaddyBoard (HeliBoard fork)	2026-09-30T15:14:29.7034713Z C/C++: In file included from /home/runner/work/daddyboard/daddyboard/daddyboard-main/app/src/main/jni/src/suggest/core/suggest.cpp:19:
build	Build DaddyBoard (HeliBoard fork)	2026-09-30T15:14:29.7035975Z C/C++: In file included from /home/runner/work/daddyboard/daddyboard/daddyboard-main/app/src/main/jni/src/dictionary/interface/dictionary_structure_with_buffer_policy.h:25:
build	Build DaddyBoard (HeliBoard fork)	2026-09-30T15:14:29.7037270Z C/C++: In file included from /home/runner/work/daddyboard/daddyboard/daddyboard-main/app/src/main/jni/src/dictionary/property/word_property.h:24:
build	Build DaddyBoard (HeliBoard fork)	2026-09-30T15:14:29.7039206Z C/C++: /home/runner/work/daddyboard/daddyboard/daddyboard-main/app/src/main/jni/src/dictionary/property/unigram_property.h:126:5: warning: definition of implicit copy constructor for 'UnigramProperty' is deprecated because it has a user-declared copy assignment operator [-Wdeprecated-copy]
build	Build DaddyBoard (HeliBoard fork)	2026-09-30T15:14:29.7040643Z C/C++:   126 |     DISALLOW_ASSIGNMENT_OPERATOR(UnigramProperty);
build	Build DaddyBoard (HeliBoard fork)	2026-09-30T15:14:29.7041041Z C/C++:       |     ^
build	Build DaddyBoard (HeliBoard fork)	2026-09-30T15:14:29.7041839Z C/C++: /home/runner/work/daddyboard/daddyboard/daddyboard-main/app/src/main/jni/src/defines.h:289:8: note: expanded from macro 'DISALLOW_ASSIGNMENT_OPERATOR'
build	Build DaddyBoard (HeliBoard fork)	2026-09-30T15:14:29.7043162Z C/C++:   289 |   void operator=(const TypeName&) = delete
build	Build DaddyBoard (HeliBoard fork)	2026-09-30T15:14:29.7043538Z C/C++:       |        ^
build	Build DaddyBoard (HeliBoard fork)	2026-09-30T15:14:29.7069506Z C/C++: /home/runner/work/daddyboard/daddyboard/daddyboard-main/app/src/main/jni/src/dictionary/property/word_property.h:38:51: note: in implicit copy constructor for 'latinime::UnigramProperty' first required here
build	Build DaddyBoard (HeliBoard fork)	2026-09-30T15:14:29.7070865Z C/C++:    38 |             : mCodePoints(std::move(codePoints)), mUnigramProperty(unigramProperty),
build	Build DaddyBoard (HeliBoard fork)	2026-09-30T15:14:29.7071454Z C/C++:       |                                                   ^
build	Build DaddyBoard (HeliBoard fork)	2026-09-30T15:14:29.8021646Z C/C++: In file included from /home/runner/work/daddyboard/daddyboard/daddyboard-main/app/src/main/jni/src/suggest/core/suggest.cpp:19:
build	Build DaddyBoard (HeliBoard fork)	2026-09-30T15:14:29.8049830Z C/C++: In file included from /home/runner/work/daddyboard/daddyboard/daddyboard-main/app/src/main/jni/src/dictionary/interface/dictionary_structure_with_buffer_policy.h:25:
build	Build DaddyBoard (HeliBoard fork)	2026-09-30T15:14:29.8059432Z C/C++: In file included from /home/runner/work/daddyboard/daddyboard/daddyboard-main/app/src/main/jni/src/dictionary/property/word_property.h:23:
build	Build DaddyBoard (HeliBoard fork)	2026-09-30T15:14:29.8079226Z C/C++: In file included from /home/runner/work/daddyboard/daddyboard/daddyboard-main/app/src/main/jni/src/dictionary/property/ngram_property.h:24:
build	Build DaddyBoard (HeliBoard fork)	2026-09-30T15:14:29.8109465Z C/C++: In file included from /home/runner/work/daddyboard/daddyboard/daddyboard-main/app/src/main/jni/src/dictionary/property/ngram_context.h:23:
build	Build DaddyBoard (HeliBoard fork)	2026-09-30T15:14:29.8139785Z C/C++: /home/runner/work/daddyboard/daddyboard/daddyboard-main/app/src/main/jni/src/utils/int_array_view.h:160:5: warning: definition of implicit copy constructor for 'IntArrayView' is deprecated because it has a user-declared copy assignment operator [-Wdeprecated-copy]
build	Build DaddyBoard (HeliBoard fork)	2026-09-30T15:14:29.8141270Z C/C++:   160 |     DISALLOW_ASSIGNMENT_OPERATOR(IntArrayView);
build	Build DaddyBoard (HeliBoard fork)	2026-09-30T15:14:29.8141658Z C/C++:       |     ^
build	Build DaddyBoard (HeliBoard fork)	2026-09-30T15:14:29.8142415Z C/C++: /home/runner/work/daddyboard/daddyboard/daddyboard-main/app/src/main/jni/src/defines.h:289:8: note: expanded from macro 'DISALLOW_ASSIGNMENT_OPERATOR'
build	Build DaddyBoard (HeliBoard fork)	2026-09-30T15:14:29.8143346Z C/C++:   289 |   void operator=(const TypeName&) = delete
build	Build DaddyBoard (HeliBoard fork)	2026-09-30T15:14:29.8143741Z C/C++:       |        ^
build	Build DaddyBoard (HeliBoard fork)	2026-09-30T15:14:29.8144751Z C/C++: /home/runner/work/daddyboard/daddyboard/daddyboard-main/app/src/main/jni/src/suggest/core/dicnode/dic_node.h:110:53: note: in implicit copy constructor for 'latinime::IntArrayView' first required here
build	Build DaddyBoard (HeliBoard fork)	2026-09-30T15:14:29.8145932Z C/C++:   110 |         mDicNodeProperties.init(rootPtNodeArrayPos, prevWordIds);
build	Build DaddyBoard (HeliBoard fork)	2026-09-30T15:14:29.8146444Z C/C++:       |                                                     ^
build	Build DaddyBoard (HeliBoard fork)	2026-09-30T15:14:29.9029578Z C/C++: In file included from /home/runner/work/daddyboard/daddyboard/daddyboard-main/app/src/main/jni/src/suggest/core/suggest.cpp:26:
build	Build DaddyBoard (HeliBoard fork)	2026-09-30T15:14:29.9063754Z C/C++: In file included from /home/runner/work/daddyboard/daddyboard/daddyboard-main/app/src/main/jni/src/suggest/core/layout/proximity_info.h:25:
build	Build DaddyBoard (HeliBoard fork)	2026-09-30T15:14:29.9089642Z C/C++: /home/runner/work/daddyboard/daddyboard/daddyboard-main/app/src/main/jni/src/suggest/core/layout/proximity_info_utils.h:75:25: warning: variable 'proximityChar' set but not used [-Wunused-but-set-variable]
build	Build DaddyBoard (HeliBoard fork)	2026-09-30T15:14:29.9148818Z C/C++:    75 |                     int proximityChar =
build	Build DaddyBoard (HeliBoard fork)	2026-09-30T15:14:29.9149260Z C/C++:       |                         ^
build	Build DaddyBoard (HeliBoard fork)	2026-09-30T15:14:29.9150033Z C/C++: In file included from /home/runner/work/daddyboard/daddyboard/daddyboard-main/app/src/main/jni/src/suggest/core/suggest.cpp:30:
build	Build DaddyBoard (HeliBoard fork)	2026-09-30T15:14:29.9151308Z C/C++: In file included from /home/runner/work/daddyboard/daddyboard/daddyboard-main/app/src/main/jni/src/suggest/core/session/dic_traverse_session.h:23:
build	Build DaddyBoard (HeliBoard fork)	2026-09-30T15:14:29.9152575Z C/C++: In file included from /home/runner/work/daddyboard/daddyboard/daddyboard-main/app/src/main/jni/src/dictionary/utils/multi_bigram_map.h:27:
build	Build DaddyBoard (HeliBoard fork)	2026-09-30T15:14:29.9154434Z C/C++: /home/runner/work/daddyboard/daddyboard/daddyboard-main/app/src/main/jni/src/dictionary/utils/bloom_filter.h:47:5: warning: definition of implicit copy constructor for 'BloomFilter' is deprecated because it has a user-declared copy assignment operator [-Wdeprecated-copy]
build	Build DaddyBoard (HeliBoard fork)	2026-09-30T15:14:29.9156565Z C/C++:    47 |     DISALLOW_ASSIGNMENT_OPERATOR(BloomFilter);
build	Build DaddyBoard (HeliBoard fork)	2026-09-30T15:14:29.9156964Z C/C++:       |     ^
build	Build DaddyBoard (HeliBoard fork)	2026-09-30T15:14:29.9157754Z C/C++: /home/runner/work/daddyboard/daddyboard/daddyboard-main/app/src/main/jni/src/defines.h:289:8: note: expanded from macro 'DISALLOW_ASSIGNMENT_OPERATOR'
build	Build DaddyBoard (HeliBoard fork)	2026-09-30T15:14:29.9158764Z C/C++:   289 |   void operator=(const TypeName&) = delete
build	Build DaddyBoard (HeliBoard fork)	2026-09-30T15:14:29.9159145Z C/C++:       |        ^
build	Build DaddyBoard (HeliBoard fork)	2026-09-30T15:14:29.9160189Z C/C++: /home/runner/work/daddyboard/daddyboard/daddyboard-main/app/src/main/jni/src/dictionary/utils/multi_bigram_map.h:57:53: note: in implicit copy constructor for 'latinime::BloomFilter' first required here
build	Build DaddyBoard (HeliBoard fork)	2026-09-30T15:14:29.9161506Z C/C++:    57 |                 : mBigramMap(bigramMap.mBigramMap), mBloomFilter(bigramMap.mBloomFilter) {}
build	Build DaddyBoard (HeliBoard fork)	2026-09-30T15:14:29.9162120Z C/C++:       |                                                     ^
build	Build DaddyBoard (HeliBoard fork)	2026-09-30T15:14:29.9162916Z C/C++: In file included from /home/runner/work/daddyboard/daddyboard/daddyboard-main/app/src/main/jni/src/suggest/core/suggest.cpp:19:
build	Build DaddyBoard (HeliBoard fork)	2026-09-30T15:14:29.9164312Z C/C++: In file included from /home/runner/work/daddyboard/daddyboard/daddyboard-main/app/src/main/jni/src/dictionary/interface/dictionary_structure_with_buffer_policy.h:24:
build	Build DaddyBoard (HeliBoard fork)	2026-09-30T15:14:29.9166452Z C/C++: /home/runner/work/daddyboard/daddyboard/daddyboard-main/app/src/main/jni/src/dictionary/property/word_attributes.h:59:5: warning: definition of implicit copy constructor for 'WordAttributes' is deprecated because it has a user-declared copy assignment operator [-Wdeprecated-copy]
build	Build DaddyBoard (HeliBoard fork)	2026-09-30T15:14:29.9168007Z C/C++:    59 |     DISALLOW_ASSIGNMENT_OPERATOR(WordAttributes);
build	Build DaddyBoard (HeliBoard fork)	2026-09-30T15:14:29.9188635Z C/C++:       |     ^
build	Build DaddyBoard (HeliBoard fork)	2026-09-30T15:14:29.9219322Z C/C++: /home/runner/work/daddyboard/daddyboard/daddyboard-main/app/src/main/jni/src/defines.h:289:8: note: expanded from macro 'DISALLOW_ASSIGNMENT_OPERATOR'
build	Build DaddyBoard (HeliBoard fork)	2026-09-30T15:14:29.9258774Z C/C++:   289 |   void operator=(const TypeName&) = delete
build	Build DaddyBoard (HeliBoard fork)	2026-09-30T15:14:29.9271615Z C/C++:       |        ^
build	Build DaddyBoard (HeliBoard fork)	2026-09-30T15:14:29.9289309Z C/C++: /home/runner/work/daddyboard/daddyboard/daddyboard-main/app/src/main/jni/src/suggest/core/suggest.cpp:420:22: note: in implicit copy constructor for 'WordAttributes' first required here
build	Build DaddyBoard (HeliBoard fork)	2026-09-30T15:14:29.9308752Z C/C++:   420 |             dicNode, wordAttributes, false /* isLastWord */)) {
build	Build DaddyBoard (HeliBoard fork)	2026-09-30T15:14:29.9338678Z C/C++:       |                      ^
build	Build DaddyBoard (HeliBoard fork)	2026-09-30T15:14:30.1009413Z C/C++: In file included from /home/runner/work/daddyboard/daddyboard/daddyboard-main/app/src/main/jni/src/suggest/core/suggest.cpp:19:
build	Build DaddyBoard (HeliBoard fork)	2026-09-30T15:14:30.1040055Z C/C++: In file included from /home/runner/work/daddyboard/daddyboard/daddyboard-main/app/src/main/jni/src/dictionary/interface/dictionary_structure_with_buffer_policy.h:25:
build	Build DaddyBoard (HeliBoard fork)	2026-09-30T15:14:30.1069506Z C/C++: In file included from /home/runner/work/daddyboard/daddyboard/daddyboard-main/app/src/main/jni/src/dictionary/property/word_property.h:23:
build	Build DaddyBoard (HeliBoard fork)	2026-09-30T15:14:30.1103963Z C/C++: /home/runner/work/daddyboard/daddyboard/daddyboard-main/app/src/main/jni/src/dictionary/property/ngram_property.h:54:5: warning: definition of implicit copy constructor for 'NgramProperty' is deprecated because it has a user-declared copy assignment operator [-Wdeprecated-copy]
build	Build DaddyBoard (HeliBoard fork)	2026-09-30T15:14:30.1130607Z C/C++:    54 |     DISALLOW_ASSIGNMENT_OPERATOR(NgramProperty);
build	Build DaddyBoard (HeliBoard fork)	2026-09-30T15:14:30.1153612Z C/C++:       |     ^
build	Build DaddyBoard (HeliBoard fork)	2026-09-30T15:14:30.1179362Z C/C++: /home/runner/work/daddyboard/daddyboard/daddyboard-main/app/src/main/jni/src/defines.h:289:8: note: expanded from macro 'DISALLOW_ASSIGNMENT_OPERATOR'
build	Build DaddyBoard (HeliBoard fork)	2026-09-30T15:14:30.1204638Z C/C++:   289 |   void operator=(const TypeName&) = delete
build	Build DaddyBoard (HeliBoard fork)	2026-09-30T15:14:30.1230065Z C/C++:       |        ^
build	Build DaddyBoard (HeliBoard fork)	2026-09-30T15:14:30.1259589Z C/C++: /usr/local/lib/android/sdk/ndk/28.0.13004108/toolchains/llvm/prebuilt/linux-x86_64/sysroot/usr/include/c++/v1/__memory/allocator.h:173:24: note: in implicit copy constructor for 'latinime::NgramProperty' first required here
build	Build DaddyBoard (HeliBoard fork)	2026-09-30T15:14:30.1298803Z C/C++:   173 |     ::new ((void*)__p) _Up(std::forward<_Args>(__args)...);
build	Build DaddyBoard (HeliBoard fork)	2026-09-30T15:14:30.1328786Z C/C++:       |                        ^
build	Build DaddyBoard (HeliBoard fork)	2026-09-30T15:14:30.1352371Z C/C++: /usr/local/lib/android/sdk/ndk/28.0.13004108/toolchains/llvm/prebuilt/linux-x86_64/sysroot/usr/include/c++/v1/__memory/allocator_traits.h:320:9: note: in instantiation of function template specialization 'std::allocator<latinime::NgramProperty>::construct<latinime::NgramProperty, latinime::NgramProperty &>' requested here
build	Build DaddyBoard (HeliBoard fork)	2026-09-30T15:14:30.1388912Z C/C++:   320 |     __a.construct(__p, std::forward<_Args>(__args)...);
build	Build DaddyBoard (HeliBoard fork)	2026-09-30T15:14:30.1408730Z C/C++:       |         ^
build	Build DaddyBoard (HeliBoard fork)	2026-09-30T15:14:30.1440148Z C/C++: /usr/local/lib/android/sdk/ndk/28.0.13004108/toolchains/llvm/prebuilt/linux-x86_64/sysroot/usr/include/c++/v1/__memory/uninitialized_algorithms.h:551:31: note: in instantiation of function template specialization 'std::allocator_traits<std::allocator<latinime::NgramProperty>>::construct<latinime::NgramProperty, latinime::NgramProperty &, 0>' requested here
build	Build DaddyBoard (HeliBoard fork)	2026-09-30T15:14:30.1468947Z C/C++:   551 |     allocator_traits<_Alloc>::construct(__alloc, std::__to_address(__first2), *__first1);
build	Build DaddyBoard (HeliBoard fork)	2026-09-30T15:14:30.1508770Z C/C++:       |                               ^
build	Build DaddyBoard (HeliBoard fork)	2026-09-30T15:14:30.1540306Z C/C++: /usr/local/lib/android/sdk/ndk/28.0.13004108/toolchains/llvm/prebuilt/linux-x86_64/sysroot/usr/include/c++/v1/__memory/uninitialized_algorithms.h:594:33: note: in instantiation of function template specialization 'std::__uninitialized_allocator_copy_impl<std::allocator<latinime::NgramProperty>, latinime::NgramProperty *, latinime::NgramProperty *, latinime::NgramProperty *>' requested here
build	Build DaddyBoard (HeliBoard fork)	2026-09-30T15:14:30.1589014Z C/C++:   594 |   auto __result          = std::__uninitialized_allocator_copy_impl(
build	Build DaddyBoard (HeliBoard fork)	2026-09-30T15:14:30.1598721Z C/C++:       |                                 ^
build	Build DaddyBoard (HeliBoard fork)	2026-09-30T15:14:30.1600572Z C/C++: /usr/local/lib/android/sdk/ndk/28.0.13004108/toolchains/llvm/prebuilt/linux-x86_64/sysroot/usr/include/c++/v1/vector:1100:22: note: in instantiation of function template specialization 'std::__uninitialized_allocator_copy<std::allocator<latinime::NgramProperty>, latinime::NgramProperty *, latinime::NgramProperty *, latinime::NgramProperty *>' requested here
build	Build DaddyBoard (HeliBoard fork)	2026-09-30T15:14:30.1602631Z C/C++:  1100 |   __tx.__pos_ = std::__uninitialized_allocator_copy(__alloc(), __first, __last, __tx.__pos_);
build	Build DaddyBoard (HeliBoard fork)	2026-09-30T15:14:30.1603229Z C/C++:       |                      ^
build	Build DaddyBoard (HeliBoard fork)	2026-09-30T15:14:30.1604768Z C/C++: /usr/local/lib/android/sdk/ndk/28.0.13004108/toolchains/llvm/prebuilt/linux-x86_64/sysroot/usr/include/c++/v1/vector:761:7: note: in instantiation of function template specialization 'std::vector<latinime::NgramProperty>::__construct_at_end<latinime::NgramProperty *, latinime::NgramProperty *>' requested here
build	Build DaddyBoard (HeliBoard fork)	2026-09-30T15:14:30.1606376Z C/C++:   761 |       __construct_at_end(__first, __last, __n);
build	Build DaddyBoard (HeliBoard fork)	2026-09-30T15:14:30.1606777Z C/C++:       |       ^
build	Build DaddyBoard (HeliBoard fork)	2026-09-30T15:14:30.1608489Z C/C++: /usr/local/lib/android/sdk/ndk/28.0.13004108/toolchains/llvm/prebuilt/linux-x86_64/sysroot/usr/include/c++/v1/vector:1213:3: note: in instantiation of function template specialization 'std::vector<latinime::NgramProperty>::__init_with_size<latinime::NgramProperty *, latinime::NgramProperty *>' requested here
build	Build DaddyBoard (HeliBoard fork)	2026-09-30T15:14:30.1638790Z C/C++:  1213 |   __init_with_size(__x.__begin_, __x.__end_, __x.size());
build	Build DaddyBoard (HeliBoard fork)	2026-09-30T15:14:30.1648663Z C/C++:       |   ^
build	Build DaddyBoard (HeliBoard fork)	2026-09-30T15:14:30.1669666Z C/C++: /home/runner/work/daddyboard/daddyboard/daddyboard-main/app/src/main/jni/src/dictionary/property/word_property.h:39:15: note: in instantiation of member function 'std::vector<latinime::NgramProperty>::vector' requested here
build	Build DaddyBoard (HeliBoard fork)	2026-09-30T15:14:30.1708766Z C/C++:    39 |               mNgrams(ngrams) {}
build	Build DaddyBoard (HeliBoard fork)	2026-09-30T15:14:30.1728666Z C/C++:       |               ^
build	Build DaddyBoard (HeliBoard fork)	2026-09-30T15:14:30.3999165Z C/C++: 7 warnings generated.
build	Build DaddyBoard (HeliBoard fork)	2026-09-30T15:14:31.0000061Z C/C++: In file included from /home/runner/work/daddyboard/daddyboard/daddyboard-main/app/src/main/jni/src/suggest/core/dicnode/dic_node.cpp:17:
build	Build DaddyBoard (HeliBoard fork)	2026-09-30T15:14:31.0009263Z C/C++: In file included from /home/runner/work/daddyboard/daddyboard/daddyboard-main/app/src/main/jni/src/suggest/core/dicnode/dic_node.h:22:
build	Build DaddyBoard (HeliBoard fork)	2026-09-30T15:14:31.0039299Z C/C++: In file included from /home/runner/work/daddyboard/daddyboard/daddyboard-main/app/src/main/jni/src/suggest/core/dicnode/dic_node_utils.h:21:
build	Build DaddyBoard (HeliBoard fork)	2026-09-30T15:14:31.0069770Z C/C++: /home/runner/work/daddyboard/daddyboard/daddyboard-main/app/src/main/jni/src/utils/int_array_view.h:160:5: warning: definition of implicit copy constructor for 'IntArrayView' is deprecated because it has a user-declared copy assignment operator [-Wdeprecated-copy]
build	Build DaddyBoard (HeliBoard fork)	2026-09-30T15:14:31.0089226Z C/C++:   160 |     DISALLOW_ASSIGNMENT_OPERATOR(IntArrayView);
build	Build DaddyBoard (HeliBoard fork)	2026-09-30T15:14:31.0100348Z C/C++:       |     ^
build	Build DaddyBoard (HeliBoard fork)	2026-09-30T15:14:31.0129248Z C/C++: /home/runner/work/daddyboard/daddyboard/daddyboard-main/app/src/main/jni/src/defines.h:289:8: note: expanded from macro 'DISALLOW_ASSIGNMENT_OPERATOR'
build	Build DaddyBoard (HeliBoard fork)	2026-09-30T15:14:31.0158880Z C/C++:   289 |   void operator=(const TypeName&) = delete
build	Build DaddyBoard (HeliBoard fork)	2026-09-30T15:14:31.0159327Z C/C++:       |        ^
build	Build DaddyBoard (HeliBoard fork)	2026-09-30T15:14:31.0160370Z C/C++: /home/runner/work/daddyboard/daddyboard/daddyboard-main/app/src/main/jni/src/suggest/core/dicnode/dic_node.h:110:53: note: in implicit copy constructor for 'latinime::IntArrayView' first required here
build	Build DaddyBoard (HeliBoard fork)	2026-09-30T15:14:31.0161604Z C/C++:   110 |         mDicNodeProperties.init(rootPtNodeArrayPos, prevWordIds);
build	Build DaddyBoard (HeliBoard fork)	2026-09-30T15:14:31.0162140Z C/C++:       |                                                     ^
build	Build DaddyBoard (HeliBoard fork)	2026-09-30T15:14:31.1999537Z C/C++: 1 warning generated.
build	Build DaddyBoard (HeliBoard fork)	2026-09-30T15:14:31.6009863Z C/C++: In file included from /home/runner/work/daddyboard/daddyboard/daddyboard-main/app/src/main/jni/src/suggest/core/dicnode/dic_node_utils.cpp:19:
build	Build DaddyBoard (HeliBoard fork)	2026-09-30T15:14:31.6019518Z C/C++: In file included from /home/runner/work/daddyboard/daddyboard/daddyboard-main/app/src/main/jni/src/dictionary/interface/dictionary_structure_with_buffer_policy.h:23:
build	Build DaddyBoard (HeliBoard fork)	2026-09-30T15:14:31.6050072Z C/C++: /home/runner/work/daddyboard/daddyboard/daddyboard-main/app/src/main/jni/src/dictionary/property/historical_info.h:52:5: warning: definition of implicit copy constructor for 'HistoricalInfo' is deprecated because it has a user-declared copy assignment operator [-Wdeprecated-copy]
build	Build DaddyBoard (HeliBoard fork)	2026-09-30T15:14:31.6051759Z C/C++:    52 |     DISALLOW_ASSIGNMENT_OPERATOR(HistoricalInfo);
build	Build DaddyBoard (HeliBoard fork)	2026-09-30T15:14:31.6052318Z C/C++:       |     ^
build	Build DaddyBoard (HeliBoard fork)	2026-09-30T15:14:31.6053112Z C/C++: /home/runner/work/daddyboard/daddyboard/daddyboard-main/app/src/main/jni/src/defines.h:289:8: note: expanded from macro 'DISALLOW_ASSIGNMENT_OPERATOR'
build	Build DaddyBoard (HeliBoard fork)	2026-09-30T15:14:31.6053995Z C/C++:   289 |   void operator=(const TypeName&) = delete
build	Build DaddyBoard (HeliBoard fork)	2026-09-30T15:14:31.6054378Z C/C++:       |        ^
build	Build DaddyBoard (HeliBoard fork)	2026-09-30T15:14:31.6055465Z C/C++: /home/runner/work/daddyboard/daddyboard/daddyboard-main/app/src/main/jni/src/dictionary/property/ngram_property.h:33:42: note: in implicit copy constructor for 'latinime::HistoricalInfo' first required here
build	Build DaddyBoard (HeliBoard fork)	2026-09-30T15:14:31.6056743Z C/C++:    33 |               mProbability(probability), mHistoricalInfo(historicalInfo) {}
build	Build DaddyBoard (HeliBoard fork)	2026-09-30T15:14:31.6057247Z C/C++:       |                                          ^
build	Build DaddyBoard (HeliBoard fork)	2026-09-30T15:14:31.7009939Z C/C++: In file included from /home/runner/work/daddyboard/daddyboard/daddyboard-main/app/src/main/jni/src/suggest/core/dicnode/dic_node_utils.cpp:19:
build	Build DaddyBoard (HeliBoard fork)	2026-09-30T15:14:31.7029526Z C/C++: In file included from /home/runner/work/daddyboard/daddyboard/daddyboard-main/app/src/main/jni/src/dictionary/interface/dictionary_structure_with_buffer_policy.h:25:
build	Build DaddyBoard (HeliBoard fork)	2026-09-30T15:14:31.7059322Z C/C++: In file included from /home/runner/work/daddyboard/daddyboard/daddyboard-main/app/src/main/jni/src/dictionary/property/word_property.h:24:
build	Build DaddyBoard (HeliBoard fork)	2026-09-30T15:14:31.7089931Z C/C++: /home/runner/work/daddyboard/daddyboard/daddyboard-main/app/src/main/jni/src/dictionary/property/unigram_property.h:126:5: warning: definition of implicit copy constructor for 'UnigramProperty' is deprecated because it has a user-declared copy assignment operator [-Wdeprecated-copy]
build	Build DaddyBoard (HeliBoard fork)	2026-09-30T15:14:31.7118794Z C/C++:   126 |     DISALLOW_ASSIGNMENT_OPERATOR(UnigramProperty);
build	Build DaddyBoard (HeliBoard fork)	2026-09-30T15:14:31.7148699Z C/C++:       |     ^
build	Build DaddyBoard (HeliBoard fork)	2026-09-30T15:14:31.7179282Z C/C++: /home/runner/work/daddyboard/daddyboard/daddyboard-main/app/src/main/jni/src/defines.h:289:8: note: expanded from macro 'DISALLOW_ASSIGNMENT_OPERATOR'
build	Build DaddyBoard (HeliBoard fork)	2026-09-30T15:14:31.7208790Z C/C++:   289 |   void operator=(const TypeName&) = delete
build	Build DaddyBoard (HeliBoard fork)	2026-09-30T15:14:31.7238712Z C/C++:       |        ^
build	Build DaddyBoard (HeliBoard fork)	2026-09-30T15:14:31.7269590Z C/C++: /home/runner/work/daddyboard/daddyboard/daddyboard-main/app/src/main/jni/src/dictionary/property/word_property.h:38:51: note: in implicit copy constructor for 'latinime::UnigramProperty' first required here
build	Build DaddyBoard (HeliBoard fork)	2026-09-30T15:14:31.7298941Z C/C++:    38 |             : mCodePoints(std::move(codePoints)), mUnigramProperty(unigramProperty),
build	Build DaddyBoard (HeliBoard fork)	2026-09-30T15:14:31.7328776Z C/C++:       |                                                   ^
build	Build DaddyBoard (HeliBoard fork)	2026-09-30T15:14:31.7359266Z C/C++: In file included from /home/runner/work/daddyboard/daddyboard/daddyboard-main/app/src/main/jni/src/suggest/core/dicnode/dic_node_utils.cpp:17:
build	Build DaddyBoard (HeliBoard fork)	2026-09-30T15:14:31.7389261Z C/C++: In file included from /home/runner/work/daddyboard/daddyboard/daddyboard-main/app/src/main/jni/src/suggest/core/dicnode/dic_node_utils.h:21:
build	Build DaddyBoard (HeliBoard fork)	2026-09-30T15:14:31.7419896Z C/C++: /home/runner/work/daddyboard/daddyboard/daddyboard-main/app/src/main/jni/src/utils/int_array_view.h:160:5: warning: definition of implicit copy constructor for 'IntArrayView' is deprecated because it has a user-declared copy assignment operator [-Wdeprecated-copy]
build	Build DaddyBoard (HeliBoard fork)	2026-09-30T15:14:31.7448814Z C/C++:   160 |     DISALLOW_ASSIGNMENT_OPERATOR(IntArrayView);
build	Build DaddyBoard (HeliBoard fork)	2026-09-30T15:14:31.7468993Z C/C++:       |     ^
build	Build DaddyBoard (HeliBoard fork)	2026-09-30T15:14:31.7509381Z C/C++: /home/runner/work/daddyboard/daddyboard/daddyboard-main/app/src/main/jni/src/defines.h:289:8: note: expanded from macro 'DISALLOW_ASSIGNMENT_OPERATOR'
build	Build DaddyBoard (HeliBoard fork)	2026-09-30T15:14:31.7538901Z C/C++:   289 |   void operator=(const TypeName&) = delete
build	Build DaddyBoard (HeliBoard fork)	2026-09-30T15:14:31.7568828Z C/C++:       |        ^
build	Build DaddyBoard (HeliBoard fork)	2026-09-30T15:14:31.7592886Z C/C++: /home/runner/work/daddyboard/daddyboard/daddyboard-main/app/src/main/jni/src/suggest/core/dicnode/dic_node.h:110:53: note: in implicit copy constructor for 'latinime::IntArrayView' first required here
build	Build DaddyBoard (HeliBoard fork)	2026-09-30T15:14:31.7628907Z C/C++:   110 |         mDicNodeProperties.init(rootPtNodeArrayPos, prevWordIds);
build	Build DaddyBoard (HeliBoard fork)	2026-09-30T15:14:31.7656147Z C/C++:       |                                                     ^
build	Build DaddyBoard (HeliBoard fork)	2026-09-30T15:14:31.7999651Z C/C++: In file included from /home/runner/work/daddyboard/daddyboard/daddyboard-main/app/src/main/jni/src/suggest/core/dicnode/dic_node_utils.cpp:19:
build	Build DaddyBoard (HeliBoard fork)	2026-09-30T15:14:31.8059611Z C/C++: In file included from /home/runner/work/daddyboard/daddyboard/daddyboard-main/app/src/main/jni/src/dictionary/interface/dictionary_structure_with_buffer_policy.h:25:
build	Build DaddyBoard (HeliBoard fork)	2026-09-30T15:14:31.8089261Z C/C++: In file included from /home/runner/work/daddyboard/daddyboard/daddyboard-main/app/src/main/jni/src/dictionary/property/word_property.h:23:
build	Build DaddyBoard (HeliBoard fork)	2026-09-30T15:14:31.8119958Z C/C++: /home/runner/work/daddyboard/daddyboard/daddyboard-main/app/src/main/jni/src/dictionary/property/ngram_property.h:54:5: warning: definition of implicit copy constructor for 'NgramProperty' is deprecated because it has a user-declared copy assignment operator [-Wdeprecated-copy]
build	Build DaddyBoard (HeliBoard fork)	2026-09-30T15:14:31.8148882Z C/C++:    54 |     DISALLOW_ASSIGNMENT_OPERATOR(NgramProperty);
build	Build DaddyBoard (HeliBoard fork)	2026-09-30T15:14:31.8178842Z C/C++:       |     ^
build	Build DaddyBoard (HeliBoard fork)	2026-09-30T15:14:31.8199414Z C/C++: /home/runner/work/daddyboard/daddyboard/daddyboard-main/app/src/main/jni/src/defines.h:289:8: note: expanded from macro 'DISALLOW_ASSIGNMENT_OPERATOR'
build	Build DaddyBoard (HeliBoard fork)	2026-09-30T15:14:31.8200413Z C/C++:   289 |   void operator=(const TypeName&) = delete
build	Build DaddyBoard (HeliBoard fork)	2026-09-30T15:14:31.8201343Z C/C++:       |        ^
build	Build DaddyBoard (HeliBoard fork)	2026-09-30T15:14:31.8202526Z C/C++: /usr/local/lib/android/sdk/ndk/28.0.13004108/toolchains/llvm/prebuilt/linux-x86_64/sysroot/usr/include/c++/v1/__memory/allocator.h:173:24: note: in implicit copy constructor for 'latinime::NgramProperty' first required here
build	Build DaddyBoard (HeliBoard fork)	2026-09-30T15:14:31.8204013Z C/C++:   173 |     ::new ((void*)__p) _Up(std::forward<_Args>(__args)...);
build	Build DaddyBoard (HeliBoard fork)	2026-09-30T15:14:31.8204439Z C/C++:       |                        ^
build	Build DaddyBoard (HeliBoard fork)	2026-09-30T15:14:31.8206014Z C/C++: /usr/local/lib/android/sdk/ndk/28.0.13004108/toolchains/llvm/prebuilt/linux-x86_64/sysroot/usr/include/c++/v1/__memory/allocator_traits.h:320:9: note: in instantiation of function template specialization 'std::allocator<latinime::NgramProperty>::construct<latinime::NgramProperty, latinime::NgramProperty &>' requested here
build	Build DaddyBoard (HeliBoard fork)	2026-09-30T15:14:31.8207666Z C/C++:   320 |     __a.construct(__p, std::forward<_Args>(__args)...);
build	Build DaddyBoard (HeliBoard fork)	2026-09-30T15:14:31.8208080Z C/C++:       |         ^
build	Build DaddyBoard (HeliBoard fork)	2026-09-30T15:14:31.8209916Z C/C++: /usr/local/lib/android/sdk/ndk/28.0.13004108/toolchains/llvm/prebuilt/linux-x86_64/sysroot/usr/include/c++/v1/__memory/uninitialized_algorithms.h:551:31: note: in instantiation of function template specialization 'std::allocator_traits<std::allocator<latinime::NgramProperty>>::construct<latinime::NgramProperty, latinime::NgramProperty &, 0>' requested here
build	Build DaddyBoard (HeliBoard fork)	2026-09-30T15:14:31.8211888Z C/C++:   551 |     allocator_traits<_Alloc>::construct(__alloc, std::__to_address(__first2), *__first1);
build	Build DaddyBoard (HeliBoard fork)	2026-09-30T15:14:31.8212451Z C/C++:       |                               ^
build	Build DaddyBoard (HeliBoard fork)	2026-09-30T15:14:31.8214323Z C/C++: /usr/local/lib/android/sdk/ndk/28.0.13004108/toolchains/llvm/prebuilt/linux-x86_64/sysroot/usr/include/c++/v1/__memory/uninitialized_algorithms.h:594:33: note: in instantiation of function template specialization 'std::__uninitialized_allocator_copy_impl<std::allocator<latinime::NgramProperty>, latinime::NgramProperty *, latinime::NgramProperty *, latinime::NgramProperty *>' requested here
build	Build DaddyBoard (HeliBoard fork)	2026-09-30T15:14:31.8216288Z C/C++:   594 |   auto __result          = std::__uninitialized_allocator_copy_impl(
build	Build DaddyBoard (HeliBoard fork)	2026-09-30T15:14:31.8216756Z C/C++:       |                                 ^
build	Build DaddyBoard (HeliBoard fork)	2026-09-30T15:14:31.8218559Z C/C++: /usr/local/lib/android/sdk/ndk/28.0.13004108/toolchains/llvm/prebuilt/linux-x86_64/sysroot/usr/include/c++/v1/vector:1100:22: note: in instantiation of function template specialization 'std::__uninitialized_allocator_copy<std::allocator<latinime::NgramProperty>, latinime::NgramProperty *, latinime::NgramProperty *, latinime::NgramProperty *>' requested here
build	Build DaddyBoard (HeliBoard fork)	2026-09-30T15:14:31.8220528Z C/C++:  1100 |   __tx.__pos_ = std::__uninitialized_allocator_copy(__alloc(), __first, __last, __tx.__pos_);
build	Build DaddyBoard (HeliBoard fork)	2026-09-30T15:14:31.8221136Z C/C++:       |                      ^
build	Build DaddyBoard (HeliBoard fork)	2026-09-30T15:14:31.8222680Z C/C++: /usr/local/lib/android/sdk/ndk/28.0.13004108/toolchains/llvm/prebuilt/linux-x86_64/sysroot/usr/include/c++/v1/vector:761:7: note: in instantiation of function template specialization 'std::vector<latinime::NgramProperty>::__construct_at_end<latinime::NgramProperty *, latinime::NgramProperty *>' requested here
build	Build DaddyBoard (HeliBoard fork)	2026-09-30T15:14:31.8224272Z C/C++:   761 |       __construct_at_end(__first, __last, __n);
build	Build DaddyBoard (HeliBoard fork)	2026-09-30T15:14:31.8224658Z C/C++:       |       ^
build	Build DaddyBoard (HeliBoard fork)	2026-09-30T15:14:31.8226116Z C/C++: /usr/local/lib/android/sdk/ndk/28.0.13004108/toolchains/llvm/prebuilt/linux-x86_64/sysroot/usr/include/c++/v1/vector:1213:3: note: in instantiation of function template specialization 'std::vector<latinime::NgramProperty>::__init_with_size<latinime::NgramProperty *, latinime::NgramProperty *>' requested here
build	Build DaddyBoard (HeliBoard fork)	2026-09-30T15:14:31.8227717Z C/C++:  1213 |   __init_with_size(__x.__begin_, __x.__end_, __x.size());
build	Build DaddyBoard (HeliBoard fork)	2026-09-30T15:14:31.8238674Z C/C++:       |   ^
build	Build DaddyBoard (HeliBoard fork)	2026-09-30T15:14:31.8259687Z C/C++: /home/runner/work/daddyboard/daddyboard/daddyboard-main/app/src/main/jni/src/dictionary/property/word_property.h:39:15: note: in instantiation of member function 'std::vector<latinime::NgramProperty>::vector' requested here
build	Build DaddyBoard (HeliBoard fork)	2026-09-30T15:14:31.8260962Z C/C++:    39 |               mNgrams(ngrams) {}
build	Build DaddyBoard (HeliBoard fork)	2026-09-30T15:14:31.8261641Z C/C++:       |               ^
build	Build DaddyBoard (HeliBoard fork)	2026-09-30T15:14:31.9009398Z C/C++: 4 warnings generated.
build	Build DaddyBoard (HeliBoard fork)	2026-09-30T15:14:32.5009883Z C/C++: In file included from /home/runner/work/daddyboard/daddyboard/daddyboard-main/app/src/main/jni/src/suggest/core/dicnode/dic_nodes_cache.cpp:20:
build	Build DaddyBoard (HeliBoard fork)	2026-09-30T15:14:32.5039220Z C/C++: In file included from /home/runner/work/daddyboard/daddyboard/daddyboard-main/app/src/main/jni/src/suggest/core/dicnode/dic_node_priority_queue.h:25:
build	Build DaddyBoard (HeliBoard fork)	2026-09-30T15:14:32.5069198Z C/C++: In file included from /home/runner/work/daddyboard/daddyboard/daddyboard-main/app/src/main/jni/src/suggest/core/dicnode/dic_node.h:22:
build	Build DaddyBoard (HeliBoard fork)	2026-09-30T15:14:32.5090307Z C/C++: In file included from /home/runner/work/daddyboard/daddyboard/daddyboard-main/app/src/main/jni/src/suggest/core/dicnode/dic_node_utils.h:21:
build	Build DaddyBoard (HeliBoard fork)	2026-09-30T15:14:32.5129167Z C/C++: /home/runner/work/daddyboard/daddyboard/daddyboard-main/app/src/main/jni/src/utils/int_array_view.h:160:5: warning: definition of implicit copy constructor for 'IntArrayView' is deprecated because it has a user-declared copy assignment operator [-Wdeprecated-copy]
build	Build DaddyBoard (HeliBoard fork)	2026-09-30T15:14:32.5155141Z C/C++:   160 |     DISALLOW_ASSIGNMENT_OPERATOR(IntArrayView);
build	Build DaddyBoard (HeliBoard fork)	2026-09-30T15:14:32.5155948Z C/C++:       |     ^
build	Build DaddyBoard (HeliBoard fork)	2026-09-30T15:14:32.5156895Z C/C++: /home/runner/work/daddyboard/daddyboard/daddyboard-main/app/src/main/jni/src/defines.h:289:8: note: expanded from macro 'DISALLOW_ASSIGNMENT_OPERATOR'
build	Build DaddyBoard (HeliBoard fork)	2026-09-30T15:14:32.5159057Z C/C++:   289 |   void operator=(const TypeName&) = delete
build	Build DaddyBoard (HeliBoard fork)	2026-09-30T15:14:32.5159559Z C/C++:       |        ^
build	Build DaddyBoard (HeliBoard fork)	2026-09-30T15:14:32.5197477Z C/C++: /home/runner/work/daddyboard/daddyboard/daddyboard-main/app/src/main/jni/src/suggest/core/dicnode/dic_node.h:110:53: note: in implicit copy constructor for 'latinime::IntArrayView' first required here
build	Build DaddyBoard (HeliBoard fork)	2026-09-30T15:14:32.5199057Z C/C++:   110 |         mDicNodeProperties.init(rootPtNodeArrayPos, prevWordIds);
build	Build DaddyBoard (HeliBoard fork)	2026-09-30T15:14:32.5199699Z C/C++:       |                                                     ^
build	Build DaddyBoard (HeliBoard fork)	2026-09-30T15:14:32.7019951Z C/C++: 1 warning generated.
build	Build DaddyBoard (HeliBoard fork)	2026-09-30T15:14:33.4009769Z C/C++: In file included from /home/runner/work/daddyboard/daddyboard/daddyboard-main/app/src/main/jni/src/suggest/core/dictionary/dictionary.cpp:19:
build	Build DaddyBoard (HeliBoard fork)	2026-09-30T15:14:33.4039469Z C/C++: In file included from /home/runner/work/daddyboard/daddyboard/daddyboard-main/app/src/main/jni/src/suggest/core/dictionary/dictionary.h:25:
build	Build DaddyBoard (HeliBoard fork)	2026-09-30T15:14:33.4041142Z C/C++: In file included from /home/runner/work/daddyboard/daddyboard/daddyboard-main/app/src/main/jni/src/dictionary/interface/dictionary_structure_with_buffer_policy.h:23:
build	Build DaddyBoard (HeliBoard fork)	2026-09-30T15:14:33.4069903Z C/C++: /home/runner/work/daddyboard/daddyboard/daddyboard-main/app/src/main/jni/src/dictionary/property/historical_info.h:52:5: warning: definition of implicit copy constructor for 'HistoricalInfo' is deprecated because it has a user-declared copy assignment operator [-Wdeprecated-copy]
build	Build DaddyBoard (HeliBoard fork)	2026-09-30T15:14:33.4098970Z C/C++:    52 |     DISALLOW_ASSIGNMENT_OPERATOR(HistoricalInfo);
build	Build DaddyBoard (HeliBoard fork)	2026-09-30T15:14:33.4128895Z C/C++:       |     ^
build	Build DaddyBoard (HeliBoard fork)	2026-09-30T15:14:33.4137529Z C/C++: /home/runner/work/daddyboard/daddyboard/daddyboard-main/app/src/main/jni/src/defines.h:289:8: note: expanded from macro 'DISALLOW_ASSIGNMENT_OPERATOR'
build	Build DaddyBoard (HeliBoard fork)	2026-09-30T15:14:33.4168877Z C/C++:   289 |   void operator=(const TypeName&) = delete
build	Build DaddyBoard (HeliBoard fork)	2026-09-30T15:14:33.4198649Z C/C++:       |        ^
build	Build DaddyBoard (HeliBoard fork)	2026-09-30T15:14:33.4229504Z C/C++: /home/runner/work/daddyboard/daddyboard/daddyboard-main/app/src/main/jni/src/dictionary/property/ngram_property.h:33:42: note: in implicit copy constructor for 'latinime::HistoricalInfo' first required here
build	Build DaddyBoard (HeliBoard fork)	2026-09-30T15:14:33.4253680Z C/C++:    33 |               mProbability(probability), mHistoricalInfo(historicalInfo) {}
build	Build DaddyBoard (HeliBoard fork)	2026-09-30T15:14:33.4278815Z C/C++:       |                                          ^
build	Build DaddyBoard (HeliBoard fork)	2026-09-30T15:14:33.4339229Z C/C++: In file included from /home/runner/work/daddyboard/daddyboard/daddyboard-main/app/src/main/jni/src/suggest/core/dictionary/dictionary.cpp:19:
build	Build DaddyBoard (HeliBoard fork)	2026-09-30T15:14:33.4341060Z C/C++: In file included from /home/runner/work/daddyboard/daddyboard/daddyboard-main/app/src/main/jni/src/suggest/core/dictionary/dictionary.h:25:
build	Build DaddyBoard (HeliBoard fork)	2026-09-30T15:14:33.4342652Z C/C++: In file included from /home/runner/work/daddyboard/daddyboard/daddyboard-main/app/src/main/jni/src/dictionary/interface/dictionary_structure_with_buffer_policy.h:25:
build	Build DaddyBoard (HeliBoard fork)	2026-09-30T15:14:33.4344037Z C/C++: In file included from /home/runner/work/daddyboard/daddyboard/daddyboard-main/app/src/main/jni/src/dictionary/property/word_property.h:24:
build	Build DaddyBoard (HeliBoard fork)	2026-09-30T15:14:33.4345967Z C/C++: /home/runner/work/daddyboard/daddyboard/daddyboard-main/app/src/main/jni/src/dictionary/property/unigram_property.h:126:5: warning: definition of implicit copy constructor for 'UnigramProperty' is deprecated because it has a user-declared copy assignment operator [-Wdeprecated-copy]
build	Build DaddyBoard (HeliBoard fork)	2026-09-30T15:14:33.4347520Z C/C++:   126 |     DISALLOW_ASSIGNMENT_OPERATOR(UnigramProperty);
build	Build DaddyBoard (HeliBoard fork)	2026-09-30T15:14:33.4347949Z C/C++:       |     ^
build	Build DaddyBoard (HeliBoard fork)	2026-09-30T15:14:33.4348905Z C/C++: /home/runner/work/daddyboard/daddyboard/daddyboard-main/app/src/main/jni/src/defines.h:289:8: note: expanded from macro 'DISALLOW_ASSIGNMENT_OPERATOR'
build	Build DaddyBoard (HeliBoard fork)	2026-09-30T15:14:33.4349828Z C/C++:   289 |   void operator=(const TypeName&) = delete
build	Build DaddyBoard (HeliBoard fork)	2026-09-30T15:14:33.4350210Z C/C++:       |        ^
build	Build DaddyBoard (HeliBoard fork)	2026-09-30T15:14:33.4351274Z C/C++: /home/runner/work/daddyboard/daddyboard/daddyboard-main/app/src/main/jni/src/dictionary/property/word_property.h:38:51: note: in implicit copy constructor for 'latinime::UnigramProperty' first required here
build	Build DaddyBoard (HeliBoard fork)	2026-09-30T15:14:33.4352523Z C/C++:    38 |             : mCodePoints(std::move(codePoints)), mUnigramProperty(unigramProperty),
build	Build DaddyBoard (HeliBoard fork)	2026-09-30T15:14:33.4353078Z C/C++:       |                                                   ^
build	Build DaddyBoard (HeliBoard fork)	2026-09-30T15:14:33.4354245Z C/C++: In file included from /home/runner/work/daddyboard/daddyboard/daddyboard-main/app/src/main/jni/src/suggest/core/dictionary/dictionary.cpp:26:
build	Build DaddyBoard (HeliBoard fork)	2026-09-30T15:14:33.4355510Z C/C++: In file included from /home/runner/work/daddyboard/daddyboard/daddyboard-main/app/src/main/jni/src/suggest/core/session/dic_traverse_session.h:23:
build	Build DaddyBoard (HeliBoard fork)	2026-09-30T15:14:33.4356811Z C/C++: In file included from /home/runner/work/daddyboard/daddyboard/daddyboard-main/app/src/main/jni/src/dictionary/utils/multi_bigram_map.h:27:
build	Build DaddyBoard (HeliBoard fork)	2026-09-30T15:14:33.4358730Z C/C++: /home/runner/work/daddyboard/daddyboard/daddyboard-main/app/src/main/jni/src/dictionary/utils/bloom_filter.h:47:5: warning: definition of implicit copy constructor for 'BloomFilter' is deprecated because it has a user-declared copy assignment operator [-Wdeprecated-copy]
build	Build DaddyBoard (HeliBoard fork)	2026-09-30T15:14:33.4360192Z C/C++:    47 |     DISALLOW_ASSIGNMENT_OPERATOR(BloomFilter);
build	Build DaddyBoard (HeliBoard fork)	2026-09-30T15:14:33.4360613Z C/C++:       |     ^
build	Build DaddyBoard (HeliBoard fork)	2026-09-30T15:14:33.4361407Z C/C++: /home/runner/work/daddyboard/daddyboard/daddyboard-main/app/src/main/jni/src/defines.h:289:8: note: expanded from macro 'DISALLOW_ASSIGNMENT_OPERATOR'
build	Build DaddyBoard (HeliBoard fork)	2026-09-30T15:14:33.4378780Z C/C++:   289 |   void operator=(const TypeName&) = delete
build	Build DaddyBoard (HeliBoard fork)	2026-09-30T15:14:33.4408695Z C/C++:       |        ^
build	Build DaddyBoard (HeliBoard fork)	2026-09-30T15:14:33.4469845Z C/C++: /home/runner/work/daddyboard/daddyboard/daddyboard-main/app/src/main/jni/src/dictionary/utils/multi_bigram_map.h:57:53: note: in implicit copy constructor for 'latinime::BloomFilter' first required here
build	Build DaddyBoard (HeliBoard fork)	2026-09-30T15:14:33.4509010Z C/C++:    57 |                 : mBigramMap(bigramMap.mBigramMap), mBloomFilter(bigramMap.mBloomFilter) {}
build	Build DaddyBoard (HeliBoard fork)	2026-09-30T15:14:33.4538807Z C/C++:       |                                                     ^
build	Build DaddyBoard (HeliBoard fork)	2026-09-30T15:14:33.5029903Z C/C++: In file included from /home/runner/work/daddyboard/daddyboard/daddyboard-main/app/src/main/jni/src/suggest/core/dictionary/dictionary.cpp:19:
build	Build DaddyBoard (HeliBoard fork)	2026-09-30T15:14:33.5031420Z C/C++: In file included from /home/runner/work/daddyboard/daddyboard/daddyboard-main/app/src/main/jni/src/suggest/core/dictionary/dictionary.h:25:
build	Build DaddyBoard (HeliBoard fork)	2026-09-30T15:14:33.5059376Z C/C++: In file included from /home/runner/work/daddyboard/daddyboard/daddyboard-main/app/src/main/jni/src/dictionary/interface/dictionary_structure_with_buffer_policy.h:25:
build	Build DaddyBoard (HeliBoard fork)	2026-09-30T15:14:33.5109201Z C/C++: In file included from /home/runner/work/daddyboard/daddyboard/daddyboard-main/app/src/main/jni/src/dictionary/property/word_property.h:23:
build	Build DaddyBoard (HeliBoard fork)	2026-09-30T15:14:33.5134187Z C/C++: In file included from /home/runner/work/daddyboard/daddyboard/daddyboard-main/app/src/main/jni/src/dictionary/property/ngram_property.h:24:
build	Build DaddyBoard (HeliBoard fork)	2026-09-30T15:14:33.5149185Z C/C++: In file included from /home/runner/work/daddyboard/daddyboard/daddyboard-main/app/src/main/jni/src/dictionary/property/ngram_context.h:23:
build	Build DaddyBoard (HeliBoard fork)	2026-09-30T15:14:33.5159682Z C/C++: /home/runner/work/daddyboard/daddyboard/daddyboard-main/app/src/main/jni/src/utils/int_array_view.h:160:5: warning: definition of implicit copy constructor for 'IntArrayView' is deprecated because it has a user-declared copy assignment operator [-Wdeprecated-copy]
build	Build DaddyBoard (HeliBoard fork)	2026-09-30T15:14:33.5161176Z C/C++:   160 |     DISALLOW_ASSIGNMENT_OPERATOR(IntArrayView);
build	Build DaddyBoard (HeliBoard fork)	2026-09-30T15:14:33.5161589Z C/C++:       |     ^
build	Build DaddyBoard (HeliBoard fork)	2026-09-30T15:14:33.5162393Z C/C++: /home/runner/work/daddyboard/daddyboard/daddyboard-main/app/src/main/jni/src/defines.h:289:8: note: expanded from macro 'DISALLOW_ASSIGNMENT_OPERATOR'
build	Build DaddyBoard (HeliBoard fork)	2026-09-30T15:14:33.5163317Z C/C++:   289 |   void operator=(const TypeName&) = delete
build	Build DaddyBoard (HeliBoard fork)	2026-09-30T15:14:33.5163697Z C/C++:       |        ^
build	Build DaddyBoard (HeliBoard fork)	2026-09-30T15:14:33.5164709Z C/C++: /home/runner/work/daddyboard/daddyboard/daddyboard-main/app/src/main/jni/src/suggest/core/dicnode/dic_node.h:110:53: note: in implicit copy constructor for 'latinime::IntArrayView' first required here
build	Build DaddyBoard (HeliBoard fork)	2026-09-30T15:14:33.5165932Z C/C++:   110 |         mDicNodeProperties.init(rootPtNodeArrayPos, prevWordIds);
build	Build DaddyBoard (HeliBoard fork)	2026-09-30T15:14:33.5166460Z C/C++:       |                                                     ^
build	Build DaddyBoard (HeliBoard fork)	2026-09-30T15:14:33.5167306Z C/C++: In file included from /home/runner/work/daddyboard/daddyboard/daddyboard-main/app/src/main/jni/src/suggest/core/dictionary/dictionary.cpp:30:
build	Build DaddyBoard (HeliBoard fork)	2026-09-30T15:14:33.5168828Z C/C++: In file included from /home/runner/work/daddyboard/daddyboard/daddyboard-main/app/src/main/jni/src/suggest/policyimpl/typing/typing_suggest_policy_factory.h:21:
build	Build DaddyBoard (HeliBoard fork)	2026-09-30T15:14:33.5170231Z C/C++: In file included from /home/runner/work/daddyboard/daddyboard/daddyboard-main/app/src/main/jni/src/suggest/policyimpl/typing/typing_suggest_policy.h:23:
build	Build DaddyBoard (HeliBoard fork)	2026-09-30T15:14:33.5171565Z C/C++: In file included from /home/runner/work/daddyboard/daddyboard/daddyboard-main/app/src/main/jni/src/suggest/policyimpl/typing/typing_traversal.h:26:
build	Build DaddyBoard (HeliBoard fork)	2026-09-30T15:14:33.5173084Z C/C++: /home/runner/work/daddyboard/daddyboard/daddyboard-main/app/src/main/jni/src/suggest/core/layout/proximity_info_utils.h:75:25: warning: variable 'proximityChar' set but not used [-Wunused-but-set-variable]
build	Build DaddyBoard (HeliBoard fork)	2026-09-30T15:14:33.5208763Z C/C++:    75 |                     int proximityChar =
build	Build DaddyBoard (HeliBoard fork)	2026-09-30T15:14:33.5219067Z C/C++:       |                         ^
build	Build DaddyBoard (HeliBoard fork)	2026-09-30T15:14:33.5244612Z 
build	Build DaddyBoard (HeliBoard fork)	2026-09-30T15:14:33.5268764Z > Task :app:compileDebugKotlin
build	Build DaddyBoard (HeliBoard fork)	2026-09-30T15:14:39.2059749Z e: file:///home/runner/work/daddyboard/daddyboard/daddyboard-main/app/src/main/java/helium314/keyboard/latin/gif/GifAdapter.kt:119:72 Unresolved reference 'R'.
build	Build DaddyBoard (HeliBoard fork)	2026-09-30T15:14:39.2089435Z e: file:///home/runner/work/daddyboard/daddyboard/daddyboard-main/app/src/main/java/helium314/keyboard/latin/gif/GifAdapter.kt:136:72 Unresolved reference 'R'.
build	Build DaddyBoard (HeliBoard fork)	2026-09-30T15:14:39.2144352Z e: file:///home/runner/work/daddyboard/daddyboard/daddyboard-main/app/src/main/java/helium314/keyboard/latin/gif/GifAdapter.kt:137:41 Unresolved reference 'layoutParams'.
build	Build DaddyBoard (HeliBoard fork)	2026-09-30T15:14:39.2149512Z e: file:///home/runner/work/daddyboard/daddyboard/daddyboard-main/app/src/main/java/helium314/keyboard/latin/gif/GifAdapter.kt:160:79 Unresolved reference 'R'.
build	Build DaddyBoard (HeliBoard fork)	2026-09-30T15:14:39.2209322Z e: file:///home/runner/work/daddyboard/daddyboard/daddyboard-main/app/src/main/java/helium314/keyboard/latin/gif/GifAdapter.kt:161:65 Unresolved reference 'R'.
build	Build DaddyBoard (HeliBoard fork)	2026-09-30T15:14:39.2269434Z e: file:///home/runner/work/daddyboard/daddyboard/daddyboard-main/app/src/main/java/helium314/keyboard/latin/gif/GifAdapter.kt:162:67 Unresolved reference 'R'.
build	Build DaddyBoard (HeliBoard fork)	2026-09-30T15:14:39.3031804Z e: file:///home/runner/work/daddyboard/daddyboard/daddyboard-main/app/src/main/java/helium314/keyboard/latin/gif/GifHistoryAdapter.kt:46:22 Unresolved reference 'R'.
build	Build DaddyBoard (HeliBoard fork)	2026-09-30T15:14:39.3033208Z 
build	Build DaddyBoard (HeliBoard fork)	2026-09-30T15:14:39.3039325Z e: file:///home/runner/work/daddyboard/daddyboard/daddyboard-main/app/src/main/java/helium314/keyboard/latin/gif/GifHistoryAdapter.kt:57:73 Unresolved reference 'R'.
build	Build DaddyBoard (HeliBoard fork)	2026-09-30T15:14:39.3040330Z > Task :app:compileDebugKotlin FAILED
build	Build DaddyBoard (HeliBoard fork)	2026-09-30T15:14:39.3069331Z e: file:///home/runner/work/daddyboard/daddyboard/daddyboard-main/app/src/main/java/helium314/keyboard/latin/gif/GifHistoryAdapter.kt:58:71 Unresolved reference 'R'.
build	Build DaddyBoard (HeliBoard fork)	2026-09-30T15:14:39.3070200Z 
build	Build DaddyBoard (HeliBoard fork)	2026-09-30T15:14:39.3089553Z e: file:///home/runner/work/daddyboard/daddyboard/daddyboard-main/app/src/main/java/helium314/keyboard/latin/gif/GifImageLoader.kt:5:35 Unresolved reference 'backends'.
build	Build DaddyBoard (HeliBoard fork)	2026-09-30T15:14:39.3090572Z > Task :app:buildNdkBuildDebug[arm64-v8a]
build	Build DaddyBoard (HeliBoard fork)	2026-09-30T15:14:39.3119575Z e: file:///home/runner/work/daddyboard/daddyboard/daddyboard-main/app/src/main/java/helium314/keyboard/latin/gif/GifImageLoader.kt:7:8 Unresolved reference 'okhttp3'.
build	Build DaddyBoard (HeliBoard fork)	2026-09-30T15:14:39.3121013Z C/C++: In file included from /home/runner/work/daddyboard/daddyboard/daddyboard-main/app/src/main/jni/src/suggest/core/dictionary/dictionary.cpp:19:
build	Build DaddyBoard (HeliBoard fork)	2026-09-30T15:14:39.3149274Z e: file:///home/runner/work/daddyboard/daddyboard/daddyboard-main/app/src/main/java/helium314/keyboard/latin/gif/GifImageLoader.kt:24:32 Unresolved reference 'OkHttpClient'.
build	Build DaddyBoard (HeliBoard fork)	2026-09-30T15:14:39.3150818Z C/C++: In file included from /home/runner/work/daddyboard/daddyboard/daddyboard-main/app/src/main/jni/src/suggest/core/dictionary/dictionary.h:25:
build	Build DaddyBoard (HeliBoard fork)	2026-09-30T15:14:39.3152427Z e: file:///home/runner/work/daddyboard/daddyboard/daddyboard-main/app/src/main/java/helium314/keyboard/latin/gif/GifImageLoader.kt:29:26 Unresolved reference 'OkHttpImagePipelineConfigFactory'.
build	Build DaddyBoard (HeliBoard fork)	2026-09-30T15:14:39.3154138Z C/C++: In file included from /home/runner/work/daddyboard/daddyboard/daddyboard-main/app/src/main/jni/src/dictionary/interface/dictionary_structure_with_buffer_policy.h:25:
build	Build DaddyBoard (HeliBoard fork)	2026-09-30T15:14:39.3189373Z e: file:///home/runner/work/daddyboard/daddyboard/daddyboard-main/app/src/main/java/helium314/keyboard/latin/gif/GifSearcher.kt:36:60 Argument type mismatch: actual type is 'Float', but 'Int' was expected.
build	Build DaddyBoard (HeliBoard fork)	2026-09-30T15:14:39.3191038Z C/C++: In file included from /home/runner/work/daddyboard/daddyboard/daddyboard-main/app/src/main/jni/src/dictionary/property/word_property.h:23:
build	Build DaddyBoard (HeliBoard fork)	2026-09-30T15:14:39.3209326Z e: file:///home/runner/work/daddyboard/daddyboard/daddyboard-main/app/src/main/java/helium314/keyboard/latin/gif/GifSearcher.kt:36:73 Argument type mismatch: actual type is 'String', but 'Int' was expected.
build	Build DaddyBoard (HeliBoard fork)	2026-09-30T15:14:39.3210985Z e: file:///home/runner/work/daddyboard/daddyboard/daddyboard-main/app/src/main/java/helium314/keyboard/latin/gif/SearchHistoryAdapter.kt:41:22 Unresolved reference 'R'.
build	Build DaddyBoard (HeliBoard fork)	2026-09-30T15:14:39.3212245Z e: file:///home/runner/work/daddyboard/daddyboard/daddyboard-main/app/src/main/java/helium314/keyboard/latin/gif/SearchHistoryAdapter.kt:53:65 Unresolved reference 'R'.
build	Build DaddyBoard (HeliBoard fork)	2026-09-30T15:14:39.3213516Z e: file:///home/runner/work/daddyboard/daddyboard/daddyboard-main/app/src/main/java/helium314/keyboard/latin/gif/SearchHistoryAdapter.kt:54:72 Unresolved reference 'R'.
build	Build DaddyBoard (HeliBoard fork)	2026-09-30T15:14:39.3215293Z C/C++: /home/runner/work/daddyboard/daddyboard/daddyboard-main/app/src/main/jni/src/dictionary/property/ngram_property.h:54:5: warning: definition of implicit copy constructor for 'NgramProperty' is deprecated because it has a user-declared copy assignment operator [-Wdeprecated-copy]
build	Build DaddyBoard (HeliBoard fork)	2026-09-30T15:14:39.3216766Z C/C++:    54 |     DISALLOW_ASSIGNMENT_OPERATOR(NgramProperty);
build	Build DaddyBoard (HeliBoard fork)	2026-09-30T15:14:39.3217172Z C/C++:       |     ^
build	Build DaddyBoard (HeliBoard fork)	2026-09-30T15:14:39.3217909Z C/C++: /home/runner/work/daddyboard/daddyboard/daddyboard-main/app/src/main/jni/src/defines.h:289:8: note: expanded from macro 'DISALLOW_ASSIGNMENT_OPERATOR'
build	Build DaddyBoard (HeliBoard fork)	2026-09-30T15:14:39.3219414Z C/C++:   289 |   void operator=(const TypeName&) = delete
build	Build DaddyBoard (HeliBoard fork)	2026-09-30T15:14:39.3219798Z C/C++:       |        ^
build	Build DaddyBoard (HeliBoard fork)	2026-09-30T15:14:39.3221037Z C/C++: /usr/local/lib/android/sdk/ndk/28.0.13004108/toolchains/llvm/prebuilt/linux-x86_64/sysroot/usr/include/c++/v1/__memory/allocator.h:173:24: note: in implicit copy constructor for 'latinime::NgramProperty' first required here
build	Build DaddyBoard (HeliBoard fork)	2026-09-30T15:14:39.3222207Z C/C++:   173 |     ::new ((void*)__p) _Up(std::forward<_Args>(__args)...);
build	Build DaddyBoard (HeliBoard fork)	2026-09-30T15:14:39.3222653Z C/C++:       |                        ^
build	Build DaddyBoard (HeliBoard fork)	2026-09-30T15:14:39.3224250Z C/C++: /usr/local/lib/android/sdk/ndk/28.0.13004108/toolchains/llvm/prebuilt/linux-x86_64/sysroot/usr/include/c++/v1/__memory/allocator_traits.h:320:9: note: in instantiation of function template specialization 'std::allocator<latinime::NgramProperty>::construct<latinime::NgramProperty, latinime::NgramProperty &>' requested here
build	Build DaddyBoard (HeliBoard fork)	2026-09-30T15:14:39.3225959Z C/C++:   320 |     __a.construct(__p, std::forward<_Args>(__args)...);
build	Build DaddyBoard (HeliBoard fork)	2026-09-30T15:14:39.3226413Z C/C++:       |         ^
build	Build DaddyBoard (HeliBoard fork)	2026-09-30T15:14:39.3228112Z C/C++: /usr/local/lib/android/sdk/ndk/28.0.13004108/toolchains/llvm/prebuilt/linux-x86_64/sysroot/usr/include/c++/v1/__memory/uninitialized_algorithms.h:551:31: note: in instantiation of function template specialization 'std::allocator_traits<std::allocator<latinime::NgramProperty>>::construct<latinime::NgramProperty, latinime::NgramProperty &, 0>' requested here
build	Build DaddyBoard (HeliBoard fork)	2026-09-30T15:14:39.3230303Z C/C++:   551 |     allocator_traits<_Alloc>::construct(__alloc, std::__to_address(__first2), *__first1);
build	Build DaddyBoard (HeliBoard fork)	2026-09-30T15:14:39.3230897Z C/C++:       |                               ^
build	Build DaddyBoard (HeliBoard fork)	2026-09-30T15:14:39.3232864Z C/C++: /usr/local/lib/android/sdk/ndk/28.0.13004108/toolchains/llvm/prebuilt/linux-x86_64/sysroot/usr/include/c++/v1/__memory/uninitialized_algorithms.h:594:33: note: in instantiation of function template specialization 'std::__uninitialized_allocator_copy_impl<std::allocator<latinime::NgramProperty>, latinime::NgramProperty *, latinime::NgramProperty *, latinime::NgramProperty *>' requested here
build	Build DaddyBoard (HeliBoard fork)	2026-09-30T15:14:39.3234931Z C/C++:   594 |   auto __result          = std::__uninitialized_allocator_copy_impl(
build	Build DaddyBoard (HeliBoard fork)	2026-09-30T15:14:39.3235420Z C/C++:       |                                 ^
build	Build DaddyBoard (HeliBoard fork)	2026-09-30T15:14:39.3236994Z C/C++: /usr/local/lib/android/sdk/ndk/28.0.13004108/toolchains/llvm/prebuilt/linux-x86_64/sysroot/usr/include/c++/v1/vector:1100:22: note: in instantiation of function template specialization 'std::__uninitialized_allocator_copy<std::allocator<latinime::NgramProperty>, latinime::NgramProperty *, latinime::NgramProperty *, latinime::NgramProperty *>' requested here
build	Build DaddyBoard (HeliBoard fork)	2026-09-30T15:14:39.3240604Z C/C++:  1100 |   __tx.__pos_ = std::__uninitialized_allocator_copy(__alloc(), __first, __last, __tx.__pos_);
build	Build DaddyBoard (HeliBoard fork)	2026-09-30T15:14:39.3241227Z C/C++:       |                      ^
build	Build DaddyBoard (HeliBoard fork)	2026-09-30T15:14:39.3242754Z C/C++: /usr/local/lib/android/sdk/ndk/28.0.13004108/toolchains/llvm/prebuilt/linux-x86_64/sysroot/usr/include/c++/v1/vector:761:7: note: in instantiation of function template specialization 'std::vector<latinime::NgramProperty>::__construct_at_end<latinime::NgramProperty *, latinime::NgramProperty *>' requested here
build	Build DaddyBoard (HeliBoard fork)	2026-09-30T15:14:39.3244385Z C/C++:   761 |       __construct_at_end(__first, __last, __n);
build	Build DaddyBoard (HeliBoard fork)	2026-09-30T15:14:39.3244772Z C/C++:       |       ^
build	Build DaddyBoard (HeliBoard fork)	2026-09-30T15:14:39.3246151Z C/C++: /usr/local/lib/android/sdk/ndk/28.0.13004108/toolchains/llvm/prebuilt/linux-x86_64/sysroot/usr/include/c++/v1/vector:1213:3: note: in instantiation of function template specialization 'std::vector<latinime::NgramProperty>::__init_with_size<latinime::NgramProperty *, latinime::NgramProperty *>' requested here
build	Build DaddyBoard (HeliBoard fork)	2026-09-30T15:14:39.3247696Z C/C++:  1213 |   __init_with_size(__x.__begin_, __x.__end_, __x.size());
build	Build DaddyBoard (HeliBoard fork)	2026-09-30T15:14:39.3248095Z C/C++:       |   ^
build	Build DaddyBoard (HeliBoard fork)	2026-09-30T15:14:39.3249313Z C/C++: /home/runner/work/daddyboard/daddyboard/daddyboard-main/app/src/main/jni/src/dictionary/property/word_property.h:39:15: note: in instantiation of member function 'std::vector<latinime::NgramProperty>::vector' requested here
build	Build DaddyBoard (HeliBoard fork)	2026-09-30T15:14:39.3250747Z C/C++:    39 |               mNgrams(ngrams) {}
build	Build DaddyBoard (HeliBoard fork)	2026-09-30T15:14:39.3251259Z C/C++:       |               ^
build	Build DaddyBoard (HeliBoard fork)	2026-09-30T15:14:39.3251571Z C/C++: 6 warnings generated.
build	Build DaddyBoard (HeliBoard fork)	2026-09-30T15:14:39.3252359Z C/C++: In file included from /home/runner/work/daddyboard/daddyboard/daddyboard-main/app/src/main/jni/src/suggest/core/dictionary/dictionary_utils.cpp:19:
build	Build DaddyBoard (HeliBoard fork)	2026-09-30T15:14:39.3253740Z C/C++: In file included from /home/runner/work/daddyboard/daddyboard/daddyboard-main/app/src/main/jni/src/dictionary/interface/dictionary_structure_with_buffer_policy.h:23:
build	Build DaddyBoard (HeliBoard fork)	2026-09-30T15:14:39.3255740Z C/C++: /home/runner/work/daddyboard/daddyboard/daddyboard-main/app/src/main/jni/src/dictionary/property/historical_info.h:52:5: warning: definition of implicit copy constructor for 'HistoricalInfo' is deprecated because it has a user-declared copy assignment operator [-Wdeprecated-copy]
build	Build DaddyBoard (HeliBoard fork)	2026-09-30T15:14:39.3257258Z C/C++:    52 |     DISALLOW_ASSIGNMENT_OPERATOR(HistoricalInfo);
build	Build DaddyBoard (HeliBoard fork)	2026-09-30T15:14:39.3257669Z C/C++:       |     ^
build	Build DaddyBoard (HeliBoard fork)	2026-09-30T15:14:39.3258820Z C/C++: /home/runner/work/daddyboard/daddyboard/daddyboard-main/app/src/main/jni/src/defines.h:289:8: note: expanded from macro 'DISALLOW_ASSIGNMENT_OPERATOR'
build	Build DaddyBoard (HeliBoard fork)	2026-09-30T15:14:39.3259763Z C/C++:   289 |   void operator=(const TypeName&) = delete
build	Build DaddyBoard (HeliBoard fork)	2026-09-30T15:14:39.3260159Z C/C++:       |        ^
build	Build DaddyBoard (HeliBoard fork)	2026-09-30T15:14:39.3261237Z C/C++: /home/runner/work/daddyboard/daddyboard/daddyboard-main/app/src/main/jni/src/dictionary/property/ngram_property.h:33:42: note: in implicit copy constructor for 'latinime::HistoricalInfo' first required here
build	Build DaddyBoard (HeliBoard fork)	2026-09-30T15:14:39.3262507Z C/C++:    33 |               mProbability(probability), mHistoricalInfo(historicalInfo) {}
build	Build DaddyBoard (HeliBoard fork)	2026-09-30T15:14:39.3263050Z C/C++:       |                                          ^
build	Build DaddyBoard (HeliBoard fork)	2026-09-30T15:14:39.3263919Z C/C++: In file included from /home/runner/work/daddyboard/daddyboard/daddyboard-main/app/src/main/jni/src/suggest/core/dictionary/dictionary_utils.cpp:19:
build	Build DaddyBoard (HeliBoard fork)	2026-09-30T15:14:39.3265394Z C/C++: In file included from /home/runner/work/daddyboard/daddyboard/daddyboard-main/app/src/main/jni/src/dictionary/interface/dictionary_structure_with_buffer_policy.h:25:
build	Build DaddyBoard (HeliBoard fork)	2026-09-30T15:14:39.3266807Z C/C++: In file included from /home/runner/work/daddyboard/daddyboard/daddyboard-main/app/src/main/jni/src/dictionary/property/word_property.h:24:
build	Build DaddyBoard (HeliBoard fork)	2026-09-30T15:14:39.3268917Z C/C++: /home/runner/work/daddyboard/daddyboard/daddyboard-main/app/src/main/jni/src/dictionary/property/unigram_property.h:126:5: warning: definition of implicit copy constructor for 'UnigramProperty' is deprecated because it has a user-declared copy assignment operator [-Wdeprecated-copy]
build	Build DaddyBoard (HeliBoard fork)	2026-09-30T15:14:39.3270475Z C/C++:   126 |     DISALLOW_ASSIGNMENT_OPERATOR(UnigramProperty);
build	Build DaddyBoard (HeliBoard fork)	2026-09-30T15:14:39.3270886Z C/C++:       |     ^
build	Build DaddyBoard (HeliBoard fork)	2026-09-30T15:14:39.3271678Z C/C++: /home/runner/work/daddyboard/daddyboard/daddyboard-main/app/src/main/jni/src/defines.h:289:8: note: expanded from macro 'DISALLOW_ASSIGNMENT_OPERATOR'
build	Build DaddyBoard (HeliBoard fork)	2026-09-30T15:14:39.3272592Z C/C++:   289 |   void operator=(const TypeName&) = delete
build	Build DaddyBoard (HeliBoard fork)	2026-09-30T15:14:39.3272958Z C/C++:       |        ^
build	Build DaddyBoard (HeliBoard fork)	2026-09-30T15:14:39.3274026Z C/C++: /home/runner/work/daddyboard/daddyboard/daddyboard-main/app/src/main/jni/src/dictionary/property/word_property.h:38:51: note: in implicit copy constructor for 'latinime::UnigramProperty' first required here
build	Build DaddyBoard (HeliBoard fork)	2026-09-30T15:14:39.3275359Z C/C++:    38 |             : mCodePoints(std::move(codePoints)), mUnigramProperty(unigramProperty),
build	Build DaddyBoard (HeliBoard fork)	2026-09-30T15:14:39.3275948Z C/C++:       |                                                   ^
build	Build DaddyBoard (HeliBoard fork)	2026-09-30T15:14:39.3276845Z C/C++: In file included from /home/runner/work/daddyboard/daddyboard/daddyboard-main/app/src/main/jni/src/suggest/core/dictionary/dictionary_utils.cpp:17:
build	Build DaddyBoard (HeliBoard fork)	2026-09-30T15:14:39.3278213Z C/C++: In file included from /home/runner/work/daddyboard/daddyboard/daddyboard-main/app/src/main/jni/src/suggest/core/dictionary/dictionary_utils.h:23:
build	Build DaddyBoard (HeliBoard fork)	2026-09-30T15:14:39.3280564Z C/C++: /home/runner/work/daddyboard/daddyboard/daddyboard-main/app/src/main/jni/src/utils/int_array_view.h:160:5: warning: definition of implicit copy constructor for 'IntArrayView' is deprecated because it has a user-declared copy assignment operator [-Wdeprecated-copy]
build	Build DaddyBoard (HeliBoard fork)	2026-09-30T15:14:39.3282158Z C/C++:   160 |     DISALLOW_ASSIGNMENT_OPERATOR(IntArrayView);
build	Build DaddyBoard (HeliBoard fork)	2026-09-30T15:14:39.3282571Z C/C++:       |     ^
build	Build DaddyBoard (HeliBoard fork)	2026-09-30T15:14:39.3283390Z C/C++: /home/runner/work/daddyboard/daddyboard/daddyboard-main/app/src/main/jni/src/defines.h:289:8: note: expanded from macro 'DISALLOW_ASSIGNMENT_OPERATOR'
build	Build DaddyBoard (HeliBoard fork)	2026-09-30T15:14:39.3284301Z C/C++:   289 |   void operator=(const TypeName&) = delete
build	Build DaddyBoard (HeliBoard fork)	2026-09-30T15:14:39.3284684Z C/C++:       |        ^
build	Build DaddyBoard (HeliBoard fork)	2026-09-30T15:14:39.3285709Z C/C++: /home/runner/work/daddyboard/daddyboard/daddyboard-main/app/src/main/jni/src/suggest/core/dicnode/dic_node.h:110:53: note: in implicit copy constructor for 'latinime::IntArrayView' first required here
build	Build DaddyBoard (HeliBoard fork)	2026-09-30T15:14:39.3286955Z C/C++:   110 |         mDicNodeProperties.init(rootPtNodeArrayPos, prevWordIds);
build	Build DaddyBoard (HeliBoard fork)	2026-09-30T15:14:39.3287503Z C/C++:       |                                                     ^
build	Build DaddyBoard (HeliBoard fork)	2026-09-30T15:14:39.3288539Z C/C++: In file included from /home/runner/work/daddyboard/daddyboard/daddyboard-main/app/src/main/jni/src/suggest/core/dictionary/dictionary_utils.cpp:19:
build	Build DaddyBoard (HeliBoard fork)	2026-09-30T15:14:39.3290021Z C/C++: In file included from /home/runner/work/daddyboard/daddyboard/daddyboard-main/app/src/main/jni/src/dictionary/interface/dictionary_structure_with_buffer_policy.h:25:
build	Build DaddyBoard (HeliBoard fork)	2026-09-30T15:14:39.3291366Z C/C++: In file included from /home/runner/work/daddyboard/daddyboard/daddyboard-main/app/src/main/jni/src/dictionary/property/word_property.h:23:
build	Build DaddyBoard (HeliBoard fork)	2026-09-30T15:14:39.3293492Z C/C++: /home/runner/work/daddyboard/daddyboard/daddyboard-main/app/src/main/jni/src/dictionary/property/ngram_property.h:54:5: warning: definition of implicit copy constructor for 'NgramProperty' is deprecated because it has a user-declared copy assignment operator [-Wdeprecated-copy]
build	Build DaddyBoard (HeliBoard fork)	2026-09-30T15:14:39.3295053Z C/C++:    54 |     DISALLOW_ASSIGNMENT_OPERATOR(NgramProperty);
build	Build DaddyBoard (HeliBoard fork)	2026-09-30T15:14:39.3295473Z C/C++:       |     ^
build	Build DaddyBoard (HeliBoard fork)	2026-09-30T15:14:39.3296267Z C/C++: /home/runner/work/daddyboard/daddyboard/daddyboard-main/app/src/main/jni/src/defines.h:289:8: note: expanded from macro 'DISALLOW_ASSIGNMENT_OPERATOR'
build	Build DaddyBoard (HeliBoard fork)	2026-09-30T15:14:39.3297177Z C/C++:   289 |   void operator=(const TypeName&) = delete
build	Build DaddyBoard (HeliBoard fork)	2026-09-30T15:14:39.3297565Z C/C++:       |        ^
build	Build DaddyBoard (HeliBoard fork)	2026-09-30T15:14:39.3298838Z C/C++: /usr/local/lib/android/sdk/ndk/28.0.13004108/toolchains/llvm/prebuilt/linux-x86_64/sysroot/usr/include/c++/v1/__memory/allocator.h:173:24: note: in implicit copy constructor for 'latinime::NgramProperty' first required here
build	Build DaddyBoard (HeliBoard fork)	2026-09-30T15:14:39.3300049Z C/C++:   173 |     ::new ((void*)__p) _Up(std::forward<_Args>(__args)...);
build	Build DaddyBoard (HeliBoard fork)	2026-09-30T15:14:39.3300489Z C/C++:       |                        ^
build	Build DaddyBoard (HeliBoard fork)	2026-09-30T15:14:39.3302089Z C/C++: /usr/local/lib/android/sdk/ndk/28.0.13004108/toolchains/llvm/prebuilt/linux-x86_64/sysroot/usr/include/c++/v1/__memory/allocator_traits.h:320:9: note: in instantiation of function template specialization 'std::allocator<latinime::NgramProperty>::construct<latinime::NgramProperty, latinime::NgramProperty &>' requested here
build	Build DaddyBoard (HeliBoard fork)	2026-09-30T15:14:39.3303803Z C/C++:   320 |     __a.construct(__p, std::forward<_Args>(__args)...);
build	Build DaddyBoard (HeliBoard fork)	2026-09-30T15:14:39.3304226Z C/C++:       |         ^
build	Build DaddyBoard (HeliBoard fork)	2026-09-30T15:14:39.3305960Z C/C++: /usr/local/lib/android/sdk/ndk/28.0.13004108/toolchains/llvm/prebuilt/linux-x86_64/sysroot/usr/include/c++/v1/__memory/uninitialized_algorithms.h:551:31: note: in instantiation of function template specialization 'std::allocator_traits<std::allocator<latinime::NgramProperty>>::construct<latinime::NgramProperty, latinime::NgramProperty &, 0>' requested here
build	Build DaddyBoard (HeliBoard fork)	2026-09-30T15:14:39.3307998Z C/C++:   551 |     allocator_traits<_Alloc>::construct(__alloc, std::__to_address(__first2), *__first1);
build	Build DaddyBoard (HeliBoard fork)	2026-09-30T15:14:39.3308758Z C/C++:       |                               ^
build	Build DaddyBoard (HeliBoard fork)	2026-09-30T15:14:39.3310838Z C/C++: /usr/local/lib/android/sdk/ndk/28.0.13004108/toolchains/llvm/prebuilt/linux-x86_64/sysroot/usr/include/c++/v1/__memory/uninitialized_algorithms.h:594:33: note: in instantiation of function template specialization 'std::__uninitialized_allocator_copy_impl<std::allocator<latinime::NgramProperty>, latinime::NgramProperty *, latinime::NgramProperty *, latinime::NgramProperty *>' requested here
build	Build DaddyBoard (HeliBoard fork)	2026-09-30T15:14:39.3313102Z C/C++:   594 |   auto __result          = std::__uninitialized_allocator_copy_impl(
build	Build DaddyBoard (HeliBoard fork)	2026-09-30T15:14:39.3313598Z C/C++:       |                                 ^
build	Build DaddyBoard (HeliBoard fork)	2026-09-30T15:14:39.3315373Z C/C++: /usr/local/lib/android/sdk/ndk/28.0.13004108/toolchains/llvm/prebuilt/linux-x86_64/sysroot/usr/include/c++/v1/vector:1100:22: note: in instantiation of function template specialization 'std::__uninitialized_allocator_copy<std::allocator<latinime::NgramProperty>, latinime::NgramProperty *, latinime::NgramProperty *, latinime::NgramProperty *>' requested here
build	Build DaddyBoard (HeliBoard fork)	2026-09-30T15:14:39.3317408Z C/C++:  1100 |   __tx.__pos_ = std::__uninitialized_allocator_copy(__alloc(), __first, __last, __tx.__pos_);
build	Build DaddyBoard (HeliBoard fork)	2026-09-30T15:14:39.3317971Z C/C++:       |                      ^
build	Build DaddyBoard (HeliBoard fork)	2026-09-30T15:14:39.3319737Z C/C++: /usr/local/lib/android/sdk/ndk/28.0.13004108/toolchains/llvm/prebuilt/linux-x86_64/sysroot/usr/include/c++/v1/vector:761:7: note: in instantiation of function template specialization 'std::vector<latinime::NgramProperty>::__construct_at_end<latinime::NgramProperty *, latinime::NgramProperty *>' requested here
build	Build DaddyBoard (HeliBoard fork)	2026-09-30T15:14:39.3321319Z C/C++:   761 |       __construct_at_end(__first, __last, __n);
build	Build DaddyBoard (HeliBoard fork)	2026-09-30T15:14:39.3321721Z C/C++:       |       ^
build	Build DaddyBoard (HeliBoard fork)	2026-09-30T15:14:39.3323163Z C/C++: /usr/local/lib/android/sdk/ndk/28.0.13004108/toolchains/llvm/prebuilt/linux-x86_64/sysroot/usr/include/c++/v1/vector:1213:3: note: in instantiation of function template specialization 'std::vector<latinime::NgramProperty>::__init_with_size<latinime::NgramProperty *, latinime::NgramProperty *>' requested here
build	Build DaddyBoard (HeliBoard fork)	2026-09-30T15:14:39.3324801Z C/C++:  1213 |   __init_with_size(__x.__begin_, __x.__end_, __x.size());
build	Build DaddyBoard (HeliBoard fork)	2026-09-30T15:14:39.3325230Z C/C++:       |   ^
build	Build DaddyBoard (HeliBoard fork)	2026-09-30T15:14:39.3326338Z C/C++: /home/runner/work/daddyboard/daddyboard/daddyboard-main/app/src/main/jni/src/dictionary/property/word_property.h:39:15: note: in instantiation of member function 'std::vector<latinime::NgramProperty>::vector' requested here
build	Build DaddyBoard (HeliBoard fork)	2026-09-30T15:14:39.3327549Z C/C++:    39 |               mNgrams(ngrams) {}
build	Build DaddyBoard (HeliBoard fork)	2026-09-30T15:14:39.3327907Z C/C++:       |               ^
build	Build DaddyBoard (HeliBoard fork)	2026-09-30T15:14:39.3328215Z C/C++: 4 warnings generated.
build	Build DaddyBoard (HeliBoard fork)	2026-09-30T15:14:39.3329154Z C/C++: In file included from /home/runner/work/daddyboard/daddyboard/daddyboard-main/app/src/main/jni/src/suggest/core/layout/proximity_info.cpp:19:
build	Build DaddyBoard (HeliBoard fork)	2026-09-30T15:14:39.3330458Z C/C++: In file included from /home/runner/work/daddyboard/daddyboard/daddyboard-main/app/src/main/jni/src/suggest/core/layout/proximity_info.h:25:
build	Build DaddyBoard (HeliBoard fork)	2026-09-30T15:14:39.3332060Z C/C++: /home/runner/work/daddyboard/daddyboard/daddyboard-main/app/src/main/jni/src/suggest/core/layout/proximity_info_utils.h:75:25: warning: variable 'proximityChar' set but not used [-Wunused-but-set-variable]
build	Build DaddyBoard (HeliBoard fork)	2026-09-30T15:14:39.3333235Z C/C++:    75 |                     int proximityChar =
build	Build DaddyBoard (HeliBoard fork)	2026-09-30T15:14:39.3333614Z C/C++:       |                         ^
build	Build DaddyBoard (HeliBoard fork)	2026-09-30T15:14:39.3333951Z C/C++: 1 warning generated.
build	Build DaddyBoard (HeliBoard fork)	2026-09-30T15:14:39.3334778Z C/C++: In file included from /home/runner/work/daddyboard/daddyboard/daddyboard-main/app/src/main/jni/src/suggest/core/layout/proximity_info_state.cpp:29:
build	Build DaddyBoard (HeliBoard fork)	2026-09-30T15:14:39.3336098Z C/C++: In file included from /home/runner/work/daddyboard/daddyboard/daddyboard-main/app/src/main/jni/src/suggest/core/layout/proximity_info.h:25:
build	Build DaddyBoard (HeliBoard fork)	2026-09-30T15:14:39.3337703Z C/C++: /home/runner/work/daddyboard/daddyboard/daddyboard-main/app/src/main/jni/src/suggest/core/layout/proximity_info_utils.h:75:25: warning: variable 'proximityChar' set but not used [-Wunused-but-set-variable]
build	Build DaddyBoard (HeliBoard fork)	2026-09-30T15:14:39.3339318Z C/C++:    75 |                     int proximityChar =
build	Build DaddyBoard (HeliBoard fork)	2026-09-30T15:14:39.3339699Z C/C++:       |                         ^
build	Build DaddyBoard (HeliBoard fork)	2026-09-30T15:14:39.3340032Z C/C++: 1 warning generated.
build	Build DaddyBoard (HeliBoard fork)	2026-09-30T15:14:39.3341011Z C/C++: In file included from /home/runner/work/daddyboard/daddyboard/daddyboard-main/app/src/main/jni/src/suggest/core/layout/proximity_info_state_utils.cpp:29:
build	Build DaddyBoard (HeliBoard fork)	2026-09-30T15:14:39.3342386Z C/C++: In file included from /home/runner/work/daddyboard/daddyboard/daddyboard-main/app/src/main/jni/src/suggest/core/layout/proximity_info.h:25:
build	Build DaddyBoard (HeliBoard fork)	2026-09-30T15:14:39.3343996Z C/C++: /home/runner/work/daddyboard/daddyboard/daddyboard-main/app/src/main/jni/src/suggest/core/layout/proximity_info_utils.h:75:25: warning: variable 'proximityChar' set but not used [-Wunused-but-set-variable]
build	Build DaddyBoard (HeliBoard fork)	2026-09-30T15:14:39.3345148Z C/C++:    75 |                     int proximityChar =
build	Build DaddyBoard (HeliBoard fork)	2026-09-30T15:14:39.3345516Z C/C++:       |                         ^
build	Build DaddyBoard (HeliBoard fork)	2026-09-30T15:14:39.3346628Z C/C++: /home/runner/work/daddyboard/daddyboard/daddyboard-main/app/src/main/jni/src/suggest/core/layout/proximity_info_state_utils.cpp:493:9: warning: variable 'tempTime' set but not used [-Wunused-but-set-variable]
build	Build DaddyBoard (HeliBoard fork)	2026-09-30T15:14:39.3347681Z C/C++:   493 |     int tempTime = 0;
build	Build DaddyBoard (HeliBoard fork)	2026-09-30T15:14:39.3348000Z C/C++:       |         ^
build	Build DaddyBoard (HeliBoard fork)	2026-09-30T15:14:39.3348516Z C/C++: 2 warnings generated.
build	Build DaddyBoard (HeliBoard fork)	2026-09-30T15:14:39.3999575Z C/C++: In file included from /home/runner/work/daddyboard/daddyboard/daddyboard-main/app/src/main/jni/src/suggest/core/policy/weighting.cpp:20:
build	Build DaddyBoard (HeliBoard fork)	2026-09-30T15:14:39.4000425Z C/C++: In file included from /home/runner/work/daddyboard/daddyboard/daddyboard-main/app/src/main/jni/src/suggest/core/dicnode/dic_node.h:22:
build	Build DaddyBoard (HeliBoard fork)	2026-09-30T15:14:39.4001184Z C/C++: In file included from /home/runner/work/daddyboard/daddyboard/daddyboard-main/app/src/main/jni/src/suggest/core/dicnode/dic_node_utils.h:21:
build	Build DaddyBoard (HeliBoard fork)	2026-09-30T15:14:39.4002287Z C/C++: /home/runner/work/daddyboard/daddyboard/daddyboard-main/app/src/main/jni/src/utils/int_array_view.h:160:5: warning: definition of implicit copy constructor for 'IntArrayView' is deprecated because it has a user-declared copy assignment operator [-Wdeprecated-copy]
build	Build DaddyBoard (HeliBoard fork)	2026-09-30T15:14:39.4003180Z C/C++:   160 |     DISALLOW_ASSIGNMENT_OPERATOR(IntArrayView);
build	Build DaddyBoard (HeliBoard fork)	2026-09-30T15:14:39.4003433Z C/C++:       |     ^
build	Build DaddyBoard (HeliBoard fork)	2026-09-30T15:14:39.4003900Z C/C++: /home/runner/work/daddyboard/daddyboard/daddyboard-main/app/src/main/jni/src/defines.h:289:8: note: expanded from macro 'DISALLOW_ASSIGNMENT_OPERATOR'
build	Build DaddyBoard (HeliBoard fork)	2026-09-30T15:14:39.4004420Z C/C++:   289 |   void operator=(const TypeName&) = delete
build	Build DaddyBoard (HeliBoard fork)	2026-09-30T15:14:39.4004653Z C/C++:       |        ^
build	Build DaddyBoard (HeliBoard fork)	2026-09-30T15:14:39.4005263Z C/C++: /home/runner/work/daddyboard/daddyboard/daddyboard-main/app/src/main/jni/src/suggest/core/dicnode/dic_node.h:110:53: note: in implicit copy constructor for 'latinime::IntArrayView' first required here
build	Build DaddyBoard (HeliBoard fork)	2026-09-30T15:14:39.4006185Z C/C++:   110 |         mDicNodeProperties.init(rootPtNodeArrayPos, prevWordIds);
build	Build DaddyBoard (HeliBoard fork)	2026-09-30T15:14:39.4006703Z C/C++:       |                                                     ^
build	Build DaddyBoard (HeliBoard fork)	2026-09-30T15:14:39.4007488Z C/C++: In file included from /home/runner/work/daddyboard/daddyboard/daddyboard-main/app/src/main/jni/src/suggest/core/policy/weighting.cpp:24:
build	Build DaddyBoard (HeliBoard fork)	2026-09-30T15:14:39.4008665Z C/C++: In file included from /home/runner/work/daddyboard/daddyboard/daddyboard-main/app/src/main/jni/src/suggest/core/session/dic_traverse_session.h:23:
build	Build DaddyBoard (HeliBoard fork)	2026-09-30T15:14:39.4009914Z C/C++: In file included from /home/runner/work/daddyboard/daddyboard/daddyboard-main/app/src/main/jni/src/dictionary/utils/multi_bigram_map.h:24:
build	Build DaddyBoard (HeliBoard fork)	2026-09-30T15:14:39.4011234Z C/C++: In file included from /home/runner/work/daddyboard/daddyboard/daddyboard-main/app/src/main/jni/src/dictionary/interface/dictionary_structure_with_buffer_policy.h:23:
build	Build DaddyBoard (HeliBoard fork)	2026-09-30T15:14:39.4012752Z C/C++: /home/runner/work/daddyboard/daddyboard/daddyboard-main/app/src/main/jni/src/dictionary/property/historical_info.h:52:5: warning: definition of implicit copy constructor for 'HistoricalInfo' is deprecated because it has a user-declared copy assignment operator [-Wdeprecated-copy]
build	Build DaddyBoard (HeliBoard fork)	2026-09-30T15:14:39.4013870Z C/C++:    52 |     DISALLOW_ASSIGNMENT_OPERATOR(HistoricalInfo);
build	Build DaddyBoard (HeliBoard fork)	2026-09-30T15:14:39.4014241Z C/C++:       |     ^
build	Build DaddyBoard (HeliBoard fork)	2026-09-30T15:14:39.4014702Z C/C++: /home/runner/work/daddyboard/daddyboard/daddyboard-main/app/src/main/jni/src/defines.h:289:8: note: expanded from macro 'DISALLOW_ASSIGNMENT_OPERATOR'
build	Build DaddyBoard (HeliBoard fork)	2026-09-30T15:14:39.4015221Z C/C++:   289 |   void operator=(const TypeName&) = delete
build	Build DaddyBoard (HeliBoard fork)	2026-09-30T15:14:39.4015448Z C/C++:       |        ^
build	Build DaddyBoard (HeliBoard fork)	2026-09-30T15:14:39.4016051Z C/C++: /home/runner/work/daddyboard/daddyboard/daddyboard-main/app/src/main/jni/src/dictionary/property/ngram_property.h:33:42: note: in implicit copy constructor for 'latinime::HistoricalInfo' first required here
build	Build DaddyBoard (HeliBoard fork)	2026-09-30T15:14:39.4016765Z C/C++:    33 |               mProbability(probability), mHistoricalInfo(historicalInfo) {}
build	Build DaddyBoard (HeliBoard fork)	2026-09-30T15:14:39.4017105Z C/C++:       |                                          ^
build	Build DaddyBoard (HeliBoard fork)	2026-09-30T15:14:39.5000041Z C/C++: In file included from /home/runner/work/daddyboard/daddyboard/daddyboard-main/app/src/main/jni/src/suggest/core/policy/weighting.cpp:24:
build	Build DaddyBoard (HeliBoard fork)	2026-09-30T15:14:39.5001432Z C/C++: In file included from /home/runner/work/daddyboard/daddyboard/daddyboard-main/app/src/main/jni/src/suggest/core/session/dic_traverse_session.h:23:
build	Build DaddyBoard (HeliBoard fork)	2026-09-30T15:14:39.5002716Z C/C++: In file included from /home/runner/work/daddyboard/daddyboard/daddyboard-main/app/src/main/jni/src/dictionary/utils/multi_bigram_map.h:24:
build	Build DaddyBoard (HeliBoard fork)	2026-09-30T15:14:39.5003890Z C/C++: In file included from /home/runner/work/daddyboard/daddyboard/daddyboard-main/app/src/main/jni/src/dictionary/interface/dictionary_structure_with_buffer_policy.h:25:
build	Build DaddyBoard (HeliBoard fork)	2026-09-30T15:14:39.5004745Z C/C++: In file included from /home/runner/work/daddyboard/daddyboard/daddyboard-main/app/src/main/jni/src/dictionary/property/word_property.h:24:
build	Build DaddyBoard (HeliBoard fork)	2026-09-30T15:14:39.5006023Z C/C++: /home/runner/work/daddyboard/daddyboard/daddyboard-main/app/src/main/jni/src/dictionary/property/unigram_property.h:126:5: warning: definition of implicit copy constructor for 'UnigramProperty' is deprecated because it has a user-declared copy assignment operator [-Wdeprecated-copy]
build	Build DaddyBoard (HeliBoard fork)	2026-09-30T15:14:39.5006963Z C/C++:   126 |     DISALLOW_ASSIGNMENT_OPERATOR(UnigramProperty);
build	Build DaddyBoard (HeliBoard fork)	2026-09-30T15:14:39.5007235Z C/C++:       |     ^
build	Build DaddyBoard (HeliBoard fork)	2026-09-30T15:14:39.5007719Z C/C++: /home/runner/work/daddyboard/daddyboard/daddyboard-main/app/src/main/jni/src/defines.h:289:8: note: expanded from macro 'DISALLOW_ASSIGNMENT_OPERATOR'
build	Build DaddyBoard (HeliBoard fork)	2026-09-30T15:14:39.5008424Z C/C++:   289 |   void operator=(const TypeName&) = delete
build	Build DaddyBoard (HeliBoard fork)	2026-09-30T15:14:39.5008674Z C/C++:       |        ^
build	Build DaddyBoard (HeliBoard fork)	2026-09-30T15:14:39.5009317Z C/C++: /home/runner/work/daddyboard/daddyboard/daddyboard-main/app/src/main/jni/src/dictionary/property/word_property.h:38:51: note: in implicit copy constructor for 'latinime::UnigramProperty' first required here
build	Build DaddyBoard (HeliBoard fork)	2026-09-30T15:14:39.5010072Z C/C++:    38 |             : mCodePoints(std::move(codePoints)), mUnigramProperty(unigramProperty),
build	Build DaddyBoard (HeliBoard fork)	2026-09-30T15:14:39.5010423Z C/C++:       |                                                   ^
build	Build DaddyBoard (HeliBoard fork)	2026-09-30T15:14:39.5019882Z C/C++: In file included from /home/runner/work/daddyboard/daddyboard/daddyboard-main/app/src/main/jni/src/suggest/core/policy/weighting.cpp:24:
build	Build DaddyBoard (HeliBoard fork)	2026-09-30T15:14:39.5020924Z C/C++: In file included from /home/runner/work/daddyboard/daddyboard/daddyboard-main/app/src/main/jni/src/suggest/core/session/dic_traverse_session.h:23:
build	Build DaddyBoard (HeliBoard fork)	2026-09-30T15:14:39.5021698Z C/C++: In file included from /home/runner/work/daddyboard/daddyboard/daddyboard-main/app/src/main/jni/src/dictionary/utils/multi_bigram_map.h:27:
build	Build DaddyBoard (HeliBoard fork)	2026-09-30T15:14:39.5022792Z C/C++: /home/runner/work/daddyboard/daddyboard/daddyboard-main/app/src/main/jni/src/dictionary/utils/bloom_filter.h:47:5: warning: definition of implicit copy constructor for 'BloomFilter' is deprecated because it has a user-declared copy assignment operator [-Wdeprecated-copy]
build	Build DaddyBoard (HeliBoard fork)	2026-09-30T15:14:39.5023636Z C/C++:    47 |     DISALLOW_ASSIGNMENT_OPERATOR(BloomFilter);
build	Build DaddyBoard (HeliBoard fork)	2026-09-30T15:14:39.5024180Z C/C++:       |     ^
build	Build DaddyBoard (HeliBoard fork)	2026-09-30T15:14:39.5024652Z C/C++: /home/runner/work/daddyboard/daddyboard/daddyboard-main/app/src/main/jni/src/defines.h:289:8: note: expanded from macro 'DISALLOW_ASSIGNMENT_OPERATOR'
build	Build DaddyBoard (HeliBoard fork)	2026-09-30T15:14:39.5025302Z C/C++:   289 |   void operator=(const TypeName&) = delete
build	Build DaddyBoard (HeliBoard fork)	2026-09-30T15:14:39.5025539Z C/C++:       |        ^
build	Build DaddyBoard (HeliBoard fork)	2026-09-30T15:14:39.5026142Z C/C++: /home/runner/work/daddyboard/daddyboard/daddyboard-main/app/src/main/jni/src/dictionary/utils/multi_bigram_map.h:57:53: note: in implicit copy constructor for 'latinime::BloomFilter' first required here
build	Build DaddyBoard (HeliBoard fork)	2026-09-30T15:14:39.5026893Z C/C++:    57 |                 : mBigramMap(bigramMap.mBigramMap), mBloomFilter(bigramMap.mBloomFilter) {}
build	Build DaddyBoard (HeliBoard fork)	2026-09-30T15:14:39.5027253Z C/C++:       |                                                     ^
build	Build DaddyBoard (HeliBoard fork)	2026-09-30T15:14:39.5999850Z C/C++: In file included from /home/runner/work/daddyboard/daddyboard/daddyboard-main/app/src/main/jni/src/suggest/core/policy/weighting.cpp:24:
build	Build DaddyBoard (HeliBoard fork)	2026-09-30T15:14:39.6001054Z C/C++: In file included from /home/runner/work/daddyboard/daddyboard/daddyboard-main/app/src/main/jni/src/suggest/core/session/dic_traverse_session.h:23:
build	Build DaddyBoard (HeliBoard fork)	2026-09-30T15:14:39.6002219Z C/C++: In file included from /home/runner/work/daddyboard/daddyboard/daddyboard-main/app/src/main/jni/src/dictionary/utils/multi_bigram_map.h:24:
build	Build DaddyBoard (HeliBoard fork)	2026-09-30T15:14:39.6003521Z C/C++: In file included from /home/runner/work/daddyboard/daddyboard/daddyboard-main/app/src/main/jni/src/dictionary/interface/dictionary_structure_with_buffer_policy.h:25:
build	Build DaddyBoard (HeliBoard fork)	2026-09-30T15:14:39.6004840Z C/C++: In file included from /home/runner/work/daddyboard/daddyboard/daddyboard-main/app/src/main/jni/src/dictionary/property/word_property.h:23:
build	Build DaddyBoard (HeliBoard fork)	2026-09-30T15:14:39.6006674Z C/C++: /home/runner/work/daddyboard/daddyboard/daddyboard-main/app/src/main/jni/src/dictionary/property/ngram_property.h:54:5: warning: definition of implicit copy constructor for 'NgramProperty' is deprecated because it has a user-declared copy assignment operator [-Wdeprecated-copy]
build	Build DaddyBoard (HeliBoard fork)	2026-09-30T15:14:39.6008174Z C/C++:    54 |     DISALLOW_ASSIGNMENT_OPERATOR(NgramProperty);
build	Build DaddyBoard (HeliBoard fork)	2026-09-30T15:14:39.6008763Z C/C++:       |     ^
build	Build DaddyBoard (HeliBoard fork)	2026-09-30T15:14:39.6009525Z C/C++: /home/runner/work/daddyboard/daddyboard/daddyboard-main/app/src/main/jni/src/defines.h:289:8: note: expanded from macro 'DISALLOW_ASSIGNMENT_OPERATOR'
build	Build DaddyBoard (HeliBoard fork)	2026-09-30T15:14:39.6010387Z C/C++:   289 |   void operator=(const TypeName&) = delete
build	Build DaddyBoard (HeliBoard fork)	2026-09-30T15:14:39.6010787Z C/C++:       |        ^
build	Build DaddyBoard (HeliBoard fork)	2026-09-30T15:14:39.6011880Z C/C++: /usr/local/lib/android/sdk/ndk/28.0.13004108/toolchains/llvm/prebuilt/linux-x86_64/sysroot/usr/include/c++/v1/__memory/allocator.h:173:24: note: in implicit copy constructor for 'latinime::NgramProperty' first required here
build	Build DaddyBoard (HeliBoard fork)	2026-09-30T15:14:39.6013105Z C/C++:   173 |     ::new ((void*)__p) _Up(std::forward<_Args>(__args)...);
build	Build DaddyBoard (HeliBoard fork)	2026-09-30T15:14:39.6013538Z C/C++:       |                        ^
build	Build DaddyBoard (HeliBoard fork)	2026-09-30T15:14:39.6015086Z C/C++: /usr/local/lib/android/sdk/ndk/28.0.13004108/toolchains/llvm/prebuilt/linux-x86_64/sysroot/usr/include/c++/v1/__memory/allocator_traits.h:320:9: note: in instantiation of function template specialization 'std::allocator<latinime::NgramProperty>::construct<latinime::NgramProperty, latinime::NgramProperty &>' requested here
build	Build DaddyBoard (HeliBoard fork)	2026-09-30T15:14:39.6016751Z C/C++:   320 |     __a.construct(__p, std::forward<_Args>(__args)...);
build	Build DaddyBoard (HeliBoard fork)	2026-09-30T15:14:39.6017183Z C/C++:       |         ^
build	Build DaddyBoard (HeliBoard fork)	2026-09-30T15:14:39.6019027Z C/C++: /usr/local/lib/android/sdk/ndk/28.0.13004108/toolchains/llvm/prebuilt/linux-x86_64/sysroot/usr/include/c++/v1/__memory/uninitialized_algorithms.h:551:31: note: in instantiation of function template specialization 'std::allocator_traits<std::allocator<latinime::NgramProperty>>::construct<latinime::NgramProperty, latinime::NgramProperty &, 0>' requested here
build	Build DaddyBoard (HeliBoard fork)	2026-09-30T15:14:39.6021017Z C/C++:   551 |     allocator_traits<_Alloc>::construct(__alloc, std::__to_address(__first2), *__first1);
build	Build DaddyBoard (HeliBoard fork)	2026-09-30T15:14:39.6021611Z C/C++:       |                               ^
build	Build DaddyBoard (HeliBoard fork)	2026-09-30T15:14:39.6023943Z C/C++: /usr/local/lib/android/sdk/ndk/28.0.13004108/toolchains/llvm/prebuilt/linux-x86_64/sysroot/usr/include/c++/v1/__memory/uninitialized_algorithms.h:594:33: note: in instantiation of function template specialization 'std::__uninitialized_allocator_copy_impl<std::allocator<latinime::NgramProperty>, latinime::NgramProperty *, latinime::NgramProperty *, latinime::NgramProperty *>' requested here
build	Build DaddyBoard (HeliBoard fork)	2026-09-30T15:14:39.6026198Z C/C++:   594 |   auto __result          = std::__uninitialized_allocator_copy_impl(
build	Build DaddyBoard (HeliBoard fork)	2026-09-30T15:14:39.6026713Z C/C++:       |                                 ^
build	Build DaddyBoard (HeliBoard fork)	2026-09-30T15:14:39.6028691Z C/C++: /usr/local/lib/android/sdk/ndk/28.0.13004108/toolchains/llvm/prebuilt/linux-x86_64/sysroot/usr/include/c++/v1/vector:1100:22: note: in instantiation of function template specialization 'std::__uninitialized_allocator_copy<std::allocator<latinime::NgramProperty>, latinime::NgramProperty *, latinime::NgramProperty *, latinime::NgramProperty *>' requested here
build	Build DaddyBoard (HeliBoard fork)	2026-09-30T15:14:39.6030721Z C/C++:  1100 |   __tx.__pos_ = std::__uninitialized_allocator_copy(__alloc(), __first, __last, __tx.__pos_);
build	Build DaddyBoard (HeliBoard fork)	2026-09-30T15:14:39.6031319Z C/C++:       |                      ^
build	Build DaddyBoard (HeliBoard fork)	2026-09-30T15:14:39.6032819Z C/C++: /usr/local/lib/android/sdk/ndk/28.0.13004108/toolchains/llvm/prebuilt/linux-x86_64/sysroot/usr/include/c++/v1/vector:761:7: note: in instantiation of function template specialization 'std::vector<latinime::NgramProperty>::__construct_at_end<latinime::NgramProperty *, latinime::NgramProperty *>' requested here
build	Build DaddyBoard (HeliBoard fork)	2026-09-30T15:14:39.6036226Z C/C++:   761 |       __construct_at_end(__first, __last, __n);
build	Build DaddyBoard (HeliBoard fork)	2026-09-30T15:14:39.6036638Z C/C++:       |       ^
build	Build DaddyBoard (HeliBoard fork)	2026-09-30T15:14:39.6038105Z C/C++: /usr/local/lib/android/sdk/ndk/28.0.13004108/toolchains/llvm/prebuilt/linux-x86_64/sysroot/usr/include/c++/v1/vector:1213:3: note: in instantiation of function template specialization 'std::vector<latinime::NgramProperty>::__init_with_size<latinime::NgramProperty *, latinime::NgramProperty *>' requested here
build	Build DaddyBoard (HeliBoard fork)	2026-09-30T15:14:39.6039911Z C/C++:  1213 |   __init_with_size(__x.__begin_, __x.__end_, __x.size());
build	Build DaddyBoard (HeliBoard fork)	2026-09-30T15:14:39.6040363Z C/C++:       |   ^
build	Build DaddyBoard (HeliBoard fork)	2026-09-30T15:14:39.6041513Z C/C++: /home/runner/work/daddyboard/daddyboard/daddyboard-main/app/src/main/jni/src/dictionary/property/word_property.h:39:15: note: in instantiation of member function 'std::vector<latinime::NgramProperty>::vector' requested here
build	Build DaddyBoard (HeliBoard fork)	2026-09-30T15:14:39.6042743Z C/C++:    39 |               mNgrams(ngrams) {}
build	Build DaddyBoard (HeliBoard fork)	2026-09-30T15:14:39.6043101Z C/C++:       |               ^
build	Build DaddyBoard (HeliBoard fork)	2026-09-30T15:14:39.6999793Z C/C++: 5 warnings generated.
build	Build DaddyBoard (HeliBoard fork)	2026-09-30T15:14:40.0000046Z C/C++: In file included from /home/runner/work/daddyboard/daddyboard/daddyboard-main/app/src/main/jni/src/suggest/core/session/dic_traverse_session.cpp:17:
build	Build DaddyBoard (HeliBoard fork)	2026-09-30T15:14:40.0001524Z C/C++: In file included from /home/runner/work/daddyboard/daddyboard/daddyboard-main/app/src/main/jni/src/suggest/core/session/dic_traverse_session.h:23:
build	Build DaddyBoard (HeliBoard fork)	2026-09-30T15:14:40.0002871Z C/C++: In file included from /home/runner/work/daddyboard/daddyboard/daddyboard-main/app/src/main/jni/src/dictionary/utils/multi_bigram_map.h:24:
build	Build DaddyBoard (HeliBoard fork)	2026-09-30T15:14:40.0004256Z C/C++: In file included from /home/runner/work/daddyboard/daddyboard/daddyboard-main/app/src/main/jni/src/dictionary/interface/dictionary_structure_with_buffer_policy.h:23:
build	Build DaddyBoard (HeliBoard fork)	2026-09-30T15:14:40.0006302Z C/C++: /home/runner/work/daddyboard/daddyboard/daddyboard-main/app/src/main/jni/src/dictionary/property/historical_info.h:52:5: warning: definition of implicit copy constructor for 'HistoricalInfo' is deprecated because it has a user-declared copy assignment operator [-Wdeprecated-copy]
build	Build DaddyBoard (HeliBoard fork)	2026-09-30T15:14:40.0007846Z C/C++:    52 |     DISALLOW_ASSIGNMENT_OPERATOR(HistoricalInfo);
build	Build DaddyBoard (HeliBoard fork)	2026-09-30T15:14:40.0008427Z C/C++:       |     ^
build	Build DaddyBoard (HeliBoard fork)	2026-09-30T15:14:40.0009365Z C/C++: /home/runner/work/daddyboard/daddyboard/daddyboard-main/app/src/main/jni/src/defines.h:289:8: note: expanded from macro 'DISALLOW_ASSIGNMENT_OPERATOR'
build	Build DaddyBoard (HeliBoard fork)	2026-09-30T15:14:40.0010609Z C/C++:   289 |   void operator=(const TypeName&) = delete
build	Build DaddyBoard (HeliBoard fork)	2026-09-30T15:14:40.0011062Z C/C++:       |        ^
build	Build DaddyBoard (HeliBoard fork)	2026-09-30T15:14:40.0012199Z C/C++: /home/runner/work/daddyboard/daddyboard/daddyboard-main/app/src/main/jni/src/dictionary/property/ngram_property.h:33:42: note: in implicit copy constructor for 'latinime::HistoricalInfo' first required here
build	Build DaddyBoard (HeliBoard fork)	2026-09-30T15:14:40.0013726Z C/C++:    33 |               mProbability(probability), mHistoricalInfo(historicalInfo) {}
build	Build DaddyBoard (HeliBoard fork)	2026-09-30T15:14:40.0014301Z C/C++:       |                                          ^
build	Build DaddyBoard (HeliBoard fork)	2026-09-30T15:14:40.0015192Z C/C++: In file included from /home/runner/work/daddyboard/daddyboard/daddyboard-main/app/src/main/jni/src/suggest/core/session/dic_traverse_session.cpp:17:
build	Build DaddyBoard (HeliBoard fork)	2026-09-30T15:14:40.0016541Z C/C++: In file included from /home/runner/work/daddyboard/daddyboard/daddyboard-main/app/src/main/jni/src/suggest/core/session/dic_traverse_session.h:23:
build	Build DaddyBoard (HeliBoard fork)	2026-09-30T15:14:40.0017829Z C/C++: In file included from /home/runner/work/daddyboard/daddyboard/daddyboard-main/app/src/main/jni/src/dictionary/utils/multi_bigram_map.h:24:
build	Build DaddyBoard (HeliBoard fork)	2026-09-30T15:14:40.0019448Z C/C++: In file included from /home/runner/work/daddyboard/daddyboard/daddyboard-main/app/src/main/jni/src/dictionary/interface/dictionary_structure_with_buffer_policy.h:25:
build	Build DaddyBoard (HeliBoard fork)	2026-09-30T15:14:40.0020846Z C/C++: In file included from /home/runner/work/daddyboard/daddyboard/daddyboard-main/app/src/main/jni/src/dictionary/property/word_property.h:24:
build	Build DaddyBoard (HeliBoard fork)	2026-09-30T15:14:40.0022784Z C/C++: /home/runner/work/daddyboard/daddyboard/daddyboard-main/app/src/main/jni/src/dictionary/property/unigram_property.h:126:5: warning: definition of implicit copy constructor for 'UnigramProperty' is deprecated because it has a user-declared copy assignment operator [-Wdeprecated-copy]
build	Build DaddyBoard (HeliBoard fork)	2026-09-30T15:14:40.0024328Z C/C++:   126 |     DISALLOW_ASSIGNMENT_OPERATOR(UnigramProperty);
build	Build DaddyBoard (HeliBoard fork)	2026-09-30T15:14:40.0024745Z C/C++:       |     ^
build	Build DaddyBoard (HeliBoard fork)	2026-09-30T15:14:40.0025530Z C/C++: /home/runner/work/daddyboard/daddyboard/daddyboard-main/app/src/main/jni/src/defines.h:289:8: note: expanded from macro 'DISALLOW_ASSIGNMENT_OPERATOR'
build	Build DaddyBoard (HeliBoard fork)	2026-09-30T15:14:40.0026447Z C/C++:   289 |   void operator=(const TypeName&) = delete
build	Build DaddyBoard (HeliBoard fork)	2026-09-30T15:14:40.0026844Z C/C++:       |        ^
build	Build DaddyBoard (HeliBoard fork)	2026-09-30T15:14:40.0027896Z C/C++: /home/runner/work/daddyboard/daddyboard/daddyboard-main/app/src/main/jni/src/dictionary/property/word_property.h:38:51: note: in implicit copy constructor for 'latinime::UnigramProperty' first required here
build	Build DaddyBoard (HeliBoard fork)	2026-09-30T15:14:40.0029343Z C/C++:    38 |             : mCodePoints(std::move(codePoints)), mUnigramProperty(unigramProperty),
build	Build DaddyBoard (HeliBoard fork)	2026-09-30T15:14:40.0029944Z C/C++:       |                                                   ^
build	Build DaddyBoard (HeliBoard fork)	2026-09-30T15:14:40.0030878Z C/C++: In file included from /home/runner/work/daddyboard/daddyboard/daddyboard-main/app/src/main/jni/src/suggest/core/session/dic_traverse_session.cpp:17:
build	Build DaddyBoard (HeliBoard fork)	2026-09-30T15:14:40.0032228Z C/C++: In file included from /home/runner/work/daddyboard/daddyboard/daddyboard-main/app/src/main/jni/src/suggest/core/session/dic_traverse_session.h:23:
build	Build DaddyBoard (HeliBoard fork)	2026-09-30T15:14:40.0033530Z C/C++: In file included from /home/runner/work/daddyboard/daddyboard/daddyboard-main/app/src/main/jni/src/dictionary/utils/multi_bigram_map.h:27:
build	Build DaddyBoard (HeliBoard fork)	2026-09-30T15:14:40.0035400Z C/C++: /home/runner/work/daddyboard/daddyboard/daddyboard-main/app/src/main/jni/src/dictionary/utils/bloom_filter.h:47:5: warning: definition of implicit copy constructor for 'BloomFilter' is deprecated because it has a user-declared copy assignment operator [-Wdeprecated-copy]
build	Build DaddyBoard (HeliBoard fork)	2026-09-30T15:14:40.0036805Z C/C++:    47 |     DISALLOW_ASSIGNMENT_OPERATOR(BloomFilter);
build	Build DaddyBoard (HeliBoard fork)	2026-09-30T15:14:40.0037202Z C/C++:       |     ^
build	Build DaddyBoard (HeliBoard fork)	2026-09-30T15:14:40.0037999Z C/C++: /home/runner/work/daddyboard/daddyboard/daddyboard-main/app/src/main/jni/src/defines.h:289:8: note: expanded from macro 'DISALLOW_ASSIGNMENT_OPERATOR'
build	Build DaddyBoard (HeliBoard fork)	2026-09-30T15:14:40.0039082Z C/C++:   289 |   void operator=(const TypeName&) = delete
build	Build DaddyBoard (HeliBoard fork)	2026-09-30T15:14:40.0039444Z C/C++:       |        ^
build	Build DaddyBoard (HeliBoard fork)	2026-09-30T15:14:40.0040579Z C/C++: /home/runner/work/daddyboard/daddyboard/daddyboard-main/app/src/main/jni/src/dictionary/utils/multi_bigram_map.h:57:53: note: in implicit copy constructor for 'latinime::BloomFilter' first required here
build	Build DaddyBoard (HeliBoard fork)	2026-09-30T15:14:40.0041933Z C/C++:    57 |                 : mBigramMap(bigramMap.mBigramMap), mBloomFilter(bigramMap.mBloomFilter) {}
build	Build DaddyBoard (HeliBoard fork)	2026-09-30T15:14:40.0042528Z C/C++:       |                                                     ^
build	Build DaddyBoard (HeliBoard fork)	2026-09-30T15:14:40.0999815Z C/C++: In file included from /home/runner/work/daddyboard/daddyboard/daddyboard-main/app/src/main/jni/src/suggest/core/session/dic_traverse_session.cpp:17:
build	Build DaddyBoard (HeliBoard fork)	2026-09-30T15:14:40.1001294Z C/C++: In file included from /home/runner/work/daddyboard/daddyboard/daddyboard-main/app/src/main/jni/src/suggest/core/session/dic_traverse_session.h:23:
build	Build DaddyBoard (HeliBoard fork)	2026-09-30T15:14:40.1002595Z C/C++: In file included from /home/runner/work/daddyboard/daddyboard/daddyboard-main/app/src/main/jni/src/dictionary/utils/multi_bigram_map.h:24:
build	Build DaddyBoard (HeliBoard fork)	2026-09-30T15:14:40.1004002Z C/C++: In file included from /home/runner/work/daddyboard/daddyboard/daddyboard-main/app/src/main/jni/src/dictionary/interface/dictionary_structure_with_buffer_policy.h:25:
build	Build DaddyBoard (HeliBoard fork)	2026-09-30T15:14:40.1005387Z C/C++: In file included from /home/runner/work/daddyboard/daddyboard/daddyboard-main/app/src/main/jni/src/dictionary/property/word_property.h:23:
build	Build DaddyBoard (HeliBoard fork)	2026-09-30T15:14:40.1006638Z C/C++: In file included from /home/runner/work/daddyboard/daddyboard/daddyboard-main/app/src/main/jni/src/dictionary/property/ngram_property.h:24:
build	Build DaddyBoard (HeliBoard fork)	2026-09-30T15:14:40.1007861Z C/C++: In file included from /home/runner/work/daddyboard/daddyboard/daddyboard-main/app/src/main/jni/src/dictionary/property/ngram_context.h:23:
build	Build DaddyBoard (HeliBoard fork)	2026-09-30T15:14:40.1009789Z C/C++: /home/runner/work/daddyboard/daddyboard/daddyboard-main/app/src/main/jni/src/utils/int_array_view.h:160:5: warning: definition of implicit copy constructor for 'IntArrayView' is deprecated because it has a user-declared copy assignment operator [-Wdeprecated-copy]
build	Build DaddyBoard (HeliBoard fork)	2026-09-30T15:14:40.1011206Z C/C++:   160 |     DISALLOW_ASSIGNMENT_OPERATOR(IntArrayView);
build	Build DaddyBoard (HeliBoard fork)	2026-09-30T15:14:40.1011622Z C/C++:       |     ^
build	Build DaddyBoard (HeliBoard fork)	2026-09-30T15:14:40.1012404Z C/C++: /home/runner/work/daddyboard/daddyboard/daddyboard-main/app/src/main/jni/src/defines.h:289:8: note: expanded from macro 'DISALLOW_ASSIGNMENT_OPERATOR'
build	Build DaddyBoard (HeliBoard fork)	2026-09-30T15:14:40.1013303Z C/C++:   289 |   void operator=(const TypeName&) = delete
build	Build DaddyBoard (HeliBoard fork)	2026-09-30T15:14:40.1013705Z C/C++:       |        ^
build	Build DaddyBoard (HeliBoard fork)	2026-09-30T15:14:40.1014727Z C/C++: /home/runner/work/daddyboard/daddyboard/daddyboard-main/app/src/main/jni/src/suggest/core/dicnode/dic_node.h:110:53: note: in implicit copy constructor for 'latinime::IntArrayView' first required here
build	Build DaddyBoard (HeliBoard fork)	2026-09-30T15:14:40.1015885Z C/C++:   110 |         mDicNodeProperties.init(rootPtNodeArrayPos, prevWordIds);
build	Build DaddyBoard (HeliBoard fork)	2026-09-30T15:14:40.1016396Z C/C++:       |                                                     ^
build	Build DaddyBoard (HeliBoard fork)	2026-09-30T15:14:40.2000031Z C/C++: In file included from /home/runner/work/daddyboard/daddyboard/daddyboard-main/app/src/main/jni/src/suggest/core/session/dic_traverse_session.cpp:17:
build	Build DaddyBoard (HeliBoard fork)	2026-09-30T15:14:40.2001515Z C/C++: In file included from /home/runner/work/daddyboard/daddyboard/daddyboard-main/app/src/main/jni/src/suggest/core/session/dic_traverse_session.h:23:
build	Build DaddyBoard (HeliBoard fork)	2026-09-30T15:14:40.2002829Z C/C++: In file included from /home/runner/work/daddyboard/daddyboard/daddyboard-main/app/src/main/jni/src/dictionary/utils/multi_bigram_map.h:24:
build	Build DaddyBoard (HeliBoard fork)	2026-09-30T15:14:40.2004211Z C/C++: In file included from /home/runner/work/daddyboard/daddyboard/daddyboard-main/app/src/main/jni/src/dictionary/interface/dictionary_structure_with_buffer_policy.h:25:
build	Build DaddyBoard (HeliBoard fork)	2026-09-30T15:14:40.2005597Z C/C++: In file included from /home/runner/work/daddyboard/daddyboard/daddyboard-main/app/src/main/jni/src/dictionary/property/word_property.h:23:
build	Build DaddyBoard (HeliBoard fork)	2026-09-30T15:14:40.2007451Z C/C++: /home/runner/work/daddyboard/daddyboard/daddyboard-main/app/src/main/jni/src/dictionary/property/ngram_property.h:54:5: warning: definition of implicit copy constructor for 'NgramProperty' is deprecated because it has a user-declared copy assignment operator [-Wdeprecated-copy]
build	Build DaddyBoard (HeliBoard fork)	2026-09-30T15:14:40.2009632Z C/C++:    54 |     DISALLOW_ASSIGNMENT_OPERATOR(NgramProperty);
build	Build DaddyBoard (HeliBoard fork)	2026-09-30T15:14:40.2010088Z C/C++:       |     ^
build	Build DaddyBoard (HeliBoard fork)	2026-09-30T15:14:40.2011126Z C/C++: /home/runner/work/daddyboard/daddyboard/daddyboard-main/app/src/main/jni/src/defines.h:289:8: note: expanded from macro 'DISALLOW_ASSIGNMENT_OPERATOR'
build	Build DaddyBoard (HeliBoard fork)	2026-09-30T15:14:40.2012034Z C/C++:   289 |   void operator=(const TypeName&) = delete
build	Build DaddyBoard (HeliBoard fork)	2026-09-30T15:14:40.2012408Z C/C++:       |        ^
build	Build DaddyBoard (HeliBoard fork)	2026-09-30T15:14:40.2013462Z C/C++: /usr/local/lib/android/sdk/ndk/28.0.13004108/toolchains/llvm/prebuilt/linux-x86_64/sysroot/usr/include/c++/v1/__memory/allocator.h:173:24: note: in implicit copy constructor for 'latinime::NgramProperty' first required here
build	Build DaddyBoard (HeliBoard fork)	2026-09-30T15:14:40.2014709Z C/C++:   173 |     ::new ((void*)__p) _Up(std::forward<_Args>(__args)...);
build	Build DaddyBoard (HeliBoard fork)	2026-09-30T15:14:40.2015147Z C/C++:       |                        ^
build	Build DaddyBoard (HeliBoard fork)	2026-09-30T15:14:40.2016700Z C/C++: /usr/local/lib/android/sdk/ndk/28.0.13004108/toolchains/llvm/prebuilt/linux-x86_64/sysroot/usr/include/c++/v1/__memory/allocator_traits.h:320:9: note: in instantiation of function template specialization 'std::allocator<latinime::NgramProperty>::construct<latinime::NgramProperty, latinime::NgramProperty &>' requested here
build	Build DaddyBoard (HeliBoard fork)	2026-09-30T15:14:40.2018611Z C/C++:   320 |     __a.construct(__p, std::forward<_Args>(__args)...);
build	Build DaddyBoard (HeliBoard fork)	2026-09-30T15:14:40.2019037Z C/C++:       |         ^
build	Build DaddyBoard (HeliBoard fork)	2026-09-30T15:14:40.2020682Z C/C++: /usr/local/lib/android/sdk/ndk/28.0.13004108/toolchains/llvm/prebuilt/linux-x86_64/sysroot/usr/include/c++/v1/__memory/uninitialized_algorithms.h:551:31: note: in instantiation of function template specialization 'std::allocator_traits<std::allocator<latinime::NgramProperty>>::construct<latinime::NgramProperty, latinime::NgramProperty &, 0>' requested here
build	Build DaddyBoard (HeliBoard fork)	2026-09-30T15:14:40.2022569Z C/C++:   551 |     allocator_traits<_Alloc>::construct(__alloc, std::__to_address(__first2), *__first1);
build	Build DaddyBoard (HeliBoard fork)	2026-09-30T15:14:40.2023154Z C/C++:       |                               ^
build	Build DaddyBoard (HeliBoard fork)	2026-09-30T15:14:40.2024969Z C/C++: /usr/local/lib/android/sdk/ndk/28.0.13004108/toolchains/llvm/prebuilt/linux-x86_64/sysroot/usr/include/c++/v1/__memory/uninitialized_algorithms.h:594:33: note: in instantiation of function template specialization 'std::__uninitialized_allocator_copy_impl<std::allocator<latinime::NgramProperty>, latinime::NgramProperty *, latinime::NgramProperty *, latinime::NgramProperty *>' requested here
build	Build DaddyBoard (HeliBoard fork)	2026-09-30T15:14:40.2026936Z C/C++:   594 |   auto __result          = std::__uninitialized_allocator_copy_impl(
build	Build DaddyBoard (HeliBoard fork)	2026-09-30T15:14:40.2027410Z C/C++:       |                                 ^
build	Build DaddyBoard (HeliBoard fork)	2026-09-30T15:14:40.2029268Z C/C++: /usr/local/lib/android/sdk/ndk/28.0.13004108/toolchains/llvm/prebuilt/linux-x86_64/sysroot/usr/include/c++/v1/vector:1100:22: note: in instantiation of function template specialization 'std::__uninitialized_allocator_copy<std::allocator<latinime::NgramProperty>, latinime::NgramProperty *, latinime::NgramProperty *, latinime::NgramProperty *>' requested here
build	Build DaddyBoard (HeliBoard fork)	2026-09-30T15:14:40.2031267Z C/C++:  1100 |   __tx.__pos_ = std::__uninitialized_allocator_copy(__alloc(), __first, __last, __tx.__pos_);
build	Build DaddyBoard (HeliBoard fork)	2026-09-30T15:14:40.2031856Z C/C++:       |                      ^
build	Build DaddyBoard (HeliBoard fork)	2026-09-30T15:14:40.2033349Z C/C++: /usr/local/lib/android/sdk/ndk/28.0.13004108/toolchains/llvm/prebuilt/linux-x86_64/sysroot/usr/include/c++/v1/vector:761:7: note: in instantiation of function template specialization 'std::vector<latinime::NgramProperty>::__construct_at_end<latinime::NgramProperty *, latinime::NgramProperty *>' requested here
build	Build DaddyBoard (HeliBoard fork)	2026-09-30T15:14:40.2034915Z C/C++:   761 |       __construct_at_end(__first, __last, __n);
build	Build DaddyBoard (HeliBoard fork)	2026-09-30T15:14:40.2035313Z C/C++:       |       ^
build	Build DaddyBoard (HeliBoard fork)	2026-09-30T15:14:40.2036733Z C/C++: /usr/local/lib/android/sdk/ndk/28.0.13004108/toolchains/llvm/prebuilt/linux-x86_64/sysroot/usr/include/c++/v1/vector:1213:3: note: in instantiation of function template specialization 'std::vector<latinime::NgramProperty>::__init_with_size<latinime::NgramProperty *, latinime::NgramProperty *>' requested here
build	Build DaddyBoard (HeliBoard fork)	2026-09-30T15:14:40.2038761Z C/C++:  1213 |   __init_with_size(__x.__begin_, __x.__end_, __x.size());
build	Build DaddyBoard (HeliBoard fork)	2026-09-30T15:14:40.2039196Z C/C++:       |   ^
build	Build DaddyBoard (HeliBoard fork)	2026-09-30T15:14:40.2040586Z C/C++: /home/runner/work/daddyboard/daddyboard/daddyboard-main/app/src/main/jni/src/dictionary/property/word_property.h:39:15: note: in instantiation of member function 'std::vector<latinime::NgramProperty>::vector' requested here
build	Build DaddyBoard (HeliBoard fork)	2026-09-30T15:14:40.2041784Z C/C++:    39 |               mNgrams(ngrams) {}
build	Build DaddyBoard (HeliBoard fork)	2026-09-30T15:14:40.2042148Z C/C++:       |               ^
build	Build DaddyBoard (HeliBoard fork)	2026-09-30T15:14:40.3999466Z C/C++: 5 warnings generated.
build	Build DaddyBoard (HeliBoard fork)	2026-09-30T15:14:40.7999398Z C/C++: In file included from /home/runner/work/daddyboard/daddyboard/daddyboard-main/app/src/main/jni/src/suggest/core/result/suggestion_results.cpp:17:
build	Build DaddyBoard (HeliBoard fork)	2026-09-30T15:14:40.8000329Z C/C++: In file included from /home/runner/work/daddyboard/daddyboard/daddyboard-main/app/src/main/jni/src/suggest/core/result/suggestion_results.h:25:
build	Build DaddyBoard (HeliBoard fork)	2026-09-30T15:14:40.8001125Z C/C++: In file included from /home/runner/work/daddyboard/daddyboard/daddyboard-main/app/src/main/jni/src/suggest/core/result/suggested_word.h:23:
build	Build DaddyBoard (HeliBoard fork)	2026-09-30T15:14:40.8001861Z C/C++: In file included from /home/runner/work/daddyboard/daddyboard/daddyboard-main/app/src/main/jni/src/suggest/core/dictionary/dictionary.h:25:
build	Build DaddyBoard (HeliBoard fork)	2026-09-30T15:14:40.8002701Z C/C++: In file included from /home/runner/work/daddyboard/daddyboard/daddyboard-main/app/src/main/jni/src/dictionary/interface/dictionary_structure_with_buffer_policy.h:23:
build	Build DaddyBoard (HeliBoard fork)	2026-09-30T15:14:40.8004258Z C/C++: /home/runner/work/daddyboard/daddyboard/daddyboard-main/app/src/main/jni/src/dictionary/property/historical_info.h:52:5: warning: definition of implicit copy constructor for 'HistoricalInfo' is deprecated because it has a user-declared copy assignment operator [-Wdeprecated-copy]
build	Build DaddyBoard (HeliBoard fork)	2026-09-30T15:14:40.8005351Z C/C++:    52 |     DISALLOW_ASSIGNMENT_OPERATOR(HistoricalInfo);
build	Build DaddyBoard (HeliBoard fork)	2026-09-30T15:14:40.8005770Z C/C++:       |     ^
build	Build DaddyBoard (HeliBoard fork)	2026-09-30T15:14:40.8006494Z C/C++: /home/runner/work/daddyboard/daddyboard/daddyboard-main/app/src/main/jni/src/defines.h:289:8: note: expanded from macro 'DISALLOW_ASSIGNMENT_OPERATOR'
build	Build DaddyBoard (HeliBoard fork)	2026-09-30T15:14:40.8007144Z C/C++:   289 |   void operator=(const TypeName&) = delete
build	Build DaddyBoard (HeliBoard fork)	2026-09-30T15:14:40.8007565Z C/C++:       |        ^
build	Build DaddyBoard (HeliBoard fork)	2026-09-30T15:14:40.8008563Z C/C++: /home/runner/work/daddyboard/daddyboard/daddyboard-main/app/src/main/jni/src/dictionary/property/ngram_property.h:33:42: note: in implicit copy constructor for 'latinime::HistoricalInfo' first required here
build	Build DaddyBoard (HeliBoard fork)	2026-09-30T15:14:40.8009446Z C/C++:    33 |               mProbability(probability), mHistoricalInfo(historicalInfo) {}
build	Build DaddyBoard (HeliBoard fork)	2026-09-30T15:14:40.8009928Z C/C++:       |                                          ^
build	Build DaddyBoard (HeliBoard fork)	2026-09-30T15:14:40.8010722Z C/C++: In file included from /home/runner/work/daddyboard/daddyboard/daddyboard-main/app/src/main/jni/src/suggest/core/result/suggestion_results.cpp:17:
build	Build DaddyBoard (HeliBoard fork)	2026-09-30T15:14:40.8011692Z C/C++: In file included from /home/runner/work/daddyboard/daddyboard/daddyboard-main/app/src/main/jni/src/suggest/core/result/suggestion_results.h:25:
build	Build DaddyBoard (HeliBoard fork)	2026-09-30T15:14:40.8012663Z C/C++: In file included from /home/runner/work/daddyboard/daddyboard/daddyboard-main/app/src/main/jni/src/suggest/core/result/suggested_word.h:23:
build	Build DaddyBoard (HeliBoard fork)	2026-09-30T15:14:40.8013624Z C/C++: In file included from /home/runner/work/daddyboard/daddyboard/daddyboard-main/app/src/main/jni/src/suggest/core/dictionary/dictionary.h:25:
build	Build DaddyBoard (HeliBoard fork)	2026-09-30T15:14:40.8014630Z C/C++: In file included from /home/runner/work/daddyboard/daddyboard/daddyboard-main/app/src/main/jni/src/dictionary/interface/dictionary_structure_with_buffer_policy.h:25:
build	Build DaddyBoard (HeliBoard fork)	2026-09-30T15:14:40.8015711Z C/C++: In file included from /home/runner/work/daddyboard/daddyboard/daddyboard-main/app/src/main/jni/src/dictionary/property/word_property.h:24:
build	Build DaddyBoard (HeliBoard fork)	2026-09-30T15:14:40.8017247Z C/C++: /home/runner/work/daddyboard/daddyboard/daddyboard-main/app/src/main/jni/src/dictionary/property/unigram_property.h:126:5: warning: definition of implicit copy constructor for 'UnigramProperty' is deprecated because it has a user-declared copy assignment operator [-Wdeprecated-copy]
build	Build DaddyBoard (HeliBoard fork)	2026-09-30T15:14:40.8018474Z C/C++:   126 |     DISALLOW_ASSIGNMENT_OPERATOR(UnigramProperty);
build	Build DaddyBoard (HeliBoard fork)	2026-09-30T15:14:40.8018855Z C/C++:       |     ^
build	Build DaddyBoard (HeliBoard fork)	2026-09-30T15:14:40.8019316Z C/C++: /home/runner/work/daddyboard/daddyboard/daddyboard-main/app/src/main/jni/src/defines.h:289:8: note: expanded from macro 'DISALLOW_ASSIGNMENT_OPERATOR'
build	Build DaddyBoard (HeliBoard fork)	2026-09-30T15:14:40.8019848Z C/C++:   289 |   void operator=(const TypeName&) = delete
build	Build DaddyBoard (HeliBoard fork)	2026-09-30T15:14:40.8020083Z C/C++:       |        ^
build	Build DaddyBoard (HeliBoard fork)	2026-09-30T15:14:40.8020692Z C/C++: /home/runner/work/daddyboard/daddyboard/daddyboard-main/app/src/main/jni/src/dictionary/property/word_property.h:38:51: note: in implicit copy constructor for 'latinime::UnigramProperty' first required here
build	Build DaddyBoard (HeliBoard fork)	2026-09-30T15:14:40.8021432Z C/C++:    38 |             : mCodePoints(std::move(codePoints)), mUnigramProperty(unigramProperty),
build	Build DaddyBoard (HeliBoard fork)	2026-09-30T15:14:40.8021773Z C/C++:       |                                                   ^
build	Build DaddyBoard (HeliBoard fork)	2026-09-30T15:14:40.8022305Z C/C++: In file included from /home/runner/work/daddyboard/daddyboard/daddyboard-main/app/src/main/jni/src/suggest/core/result/suggestion_results.cpp:19:
build	Build DaddyBoard (HeliBoard fork)	2026-09-30T15:14:40.8023201Z C/C++: /home/runner/work/daddyboard/daddyboard/daddyboard-main/app/src/main/jni/src/utils/jni_data_utils.h:52:27: warning: variable length arrays in C++ are a Clang extension [-Wvla-cxx-extension]
build	Build DaddyBoard (HeliBoard fork)	2026-09-30T15:14:40.8023832Z C/C++:    52 |             char keyChars[keyUtf8Length + 1];
build	Build DaddyBoard (HeliBoard fork)	2026-09-30T15:14:40.8024091Z C/C++:       |                           ^~~~~~~~~~~~~~~~~
build	Build DaddyBoard (HeliBoard fork)	2026-09-30T15:14:40.8024645Z C/C++: /home/runner/work/daddyboard/daddyboard/daddyboard-main/app/src/main/jni/src/utils/jni_data_utils.h:52:27: note: initializer of 'keyUtf8Length' is not a constant expression
build	Build DaddyBoard (HeliBoard fork)	2026-09-30T15:14:40.8025403Z C/C++: /home/runner/work/daddyboard/daddyboard/daddyboard-main/app/src/main/jni/src/utils/jni_data_utils.h:51:25: note: declared here
build	Build DaddyBoard (HeliBoard fork)	2026-09-30T15:14:40.8025925Z C/C++:    51 |             const jsize keyUtf8Length = env->GetStringUTFLength(keyString);
build	Build DaddyBoard (HeliBoard fork)	2026-09-30T15:14:40.8026224Z C/C++:       |                         ^
build	Build DaddyBoard (HeliBoard fork)	2026-09-30T15:14:40.8026796Z C/C++: /home/runner/work/daddyboard/daddyboard/daddyboard-main/app/src/main/jni/src/utils/jni_data_utils.h:62:29: warning: variable length arrays in C++ are a Clang extension [-Wvla-cxx-extension]
build	Build DaddyBoard (HeliBoard fork)	2026-09-30T15:14:40.8027402Z C/C++:    62 |             char valueChars[valueUtf8Length + 1];
build	Build DaddyBoard (HeliBoard fork)	2026-09-30T15:14:40.8027661Z C/C++:       |                             ^~~~~~~~~~~~~~~~~~~
build	Build DaddyBoard (HeliBoard fork)	2026-09-30T15:14:40.8028215Z C/C++: /home/runner/work/daddyboard/daddyboard/daddyboard-main/app/src/main/jni/src/utils/jni_data_utils.h:62:29: note: initializer of 'valueUtf8Length' is not a constant expression
build	Build DaddyBoard (HeliBoard fork)	2026-09-30T15:14:40.8029103Z C/C++: /home/runner/work/daddyboard/daddyboard/daddyboard-main/app/src/main/jni/src/utils/jni_data_utils.h:61:25: note: declared here
build	Build DaddyBoard (HeliBoard fork)	2026-09-30T15:14:40.8029634Z C/C++:    61 |             const jsize valueUtf8Length = env->GetStringUTFLength(valueString);
build	Build DaddyBoard (HeliBoard fork)	2026-09-30T15:14:40.8029952Z C/C++:       |                         ^
build	Build DaddyBoard (HeliBoard fork)	2026-09-30T15:14:40.8030510Z C/C++: /home/runner/work/daddyboard/daddyboard/daddyboard-main/app/src/main/jni/src/utils/jni_data_utils.h:77:29: warning: variable length arrays in C++ are a Clang extension [-Wvla-cxx-extension]
build	Build DaddyBoard (HeliBoard fork)	2026-09-30T15:14:40.8031151Z C/C++:    77 |         int outputCodePonts[codePointBufSize];
build	Build DaddyBoard (HeliBoard fork)	2026-09-30T15:14:40.8031413Z C/C++:       |                             ^~~~~~~~~~~~~~~~
build	Build DaddyBoard (HeliBoard fork)	2026-09-30T15:14:40.8031971Z C/C++: /home/runner/work/daddyboard/daddyboard/daddyboard-main/app/src/main/jni/src/utils/jni_data_utils.h:77:29: note: initializer of 'codePointBufSize' is not a constant expression
build	Build DaddyBoard (HeliBoard fork)	2026-09-30T15:14:40.8032727Z C/C++: /home/runner/work/daddyboard/daddyboard/daddyboard-main/app/src/main/jni/src/utils/jni_data_utils.h:76:19: note: declared here
build	Build DaddyBoard (HeliBoard fork)	2026-09-30T15:14:40.8033246Z C/C++:    76 |         const int codePointBufSize = std::min(maxLength, codePointCount);
build	Build DaddyBoard (HeliBoard fork)	2026-09-30T15:14:40.8033683Z C/C++:       |                   ^
build	Build DaddyBoard (HeliBoard fork)	2026-09-30T15:14:40.8034287Z C/C++: /home/runner/work/daddyboard/daddyboard/daddyboard-main/app/src/main/jni/src/suggest/core/result/suggestion_results.cpp:100:9: warning: variable 'index' set but not used [-Wunused-but-set-variable]
build	Build DaddyBoard (HeliBoard fork)	2026-09-30T15:14:40.8035001Z C/C++:   100 |     int index = 0;
build	Build DaddyBoard (HeliBoard fork)	2026-09-30T15:14:40.8035202Z C/C++:       |         ^
build	Build DaddyBoard (HeliBoard fork)	2026-09-30T15:14:40.8999683Z C/C++: In file included from /home/runner/work/daddyboard/daddyboard/daddyboard-main/app/src/main/jni/src/suggest/core/result/suggestion_results.cpp:17:
build	Build DaddyBoard (HeliBoard fork)	2026-09-30T15:14:40.9000582Z C/C++: In file included from /home/runner/work/daddyboard/daddyboard/daddyboard-main/app/src/main/jni/src/suggest/core/result/suggestion_results.h:25:
build	Build DaddyBoard (HeliBoard fork)	2026-09-30T15:14:40.9001345Z C/C++: In file included from /home/runner/work/daddyboard/daddyboard/daddyboard-main/app/src/main/jni/src/suggest/core/result/suggested_word.h:23:
build	Build DaddyBoard (HeliBoard fork)	2026-09-30T15:14:40.9002064Z C/C++: In file included from /home/runner/work/daddyboard/daddyboard/daddyboard-main/app/src/main/jni/src/suggest/core/dictionary/dictionary.h:25:
build	Build DaddyBoard (HeliBoard fork)	2026-09-30T15:14:40.9002913Z C/C++: In file included from /home/runner/work/daddyboard/daddyboard/daddyboard-main/app/src/main/jni/src/dictionary/interface/dictionary_structure_with_buffer_policy.h:25:
build	Build DaddyBoard (HeliBoard fork)	2026-09-30T15:14:40.9003755Z C/C++: In file included from /home/runner/work/daddyboard/daddyboard/daddyboard-main/app/src/main/jni/src/dictionary/property/word_property.h:23:
build	Build DaddyBoard (HeliBoard fork)	2026-09-30T15:14:40.9005294Z C/C++: In file included from /home/runner/work/daddyboard/daddyboard/daddyboard-main/app/src/main/jni/src/dictionary/property/ngram_property.h:24:
build	Build DaddyBoard (HeliBoard fork)	2026-09-30T15:14:40.9006054Z C/C++: In file included from /home/runner/work/daddyboard/daddyboard/daddyboard-main/app/src/main/jni/src/dictionary/property/ngram_context.h:23:
build	Build DaddyBoard (HeliBoard fork)	2026-09-30T15:14:40.9007133Z C/C++: /home/runner/work/daddyboard/daddyboard/daddyboard-main/app/src/main/jni/src/utils/int_array_view.h:160:5: warning: definition of implicit copy constructor for 'IntArrayView' is deprecated because it has a user-declared copy assignment operator [-Wdeprecated-copy]
build	Build DaddyBoard (HeliBoard fork)	2026-09-30T15:14:40.9007999Z C/C++:   160 |     DISALLOW_ASSIGNMENT_OPERATOR(IntArrayView);
build	Build DaddyBoard (HeliBoard fork)	2026-09-30T15:14:40.9008423Z C/C++:       |     ^
build	Build DaddyBoard (HeliBoard fork)	2026-09-30T15:14:40.9009178Z C/C++: /home/runner/work/daddyboard/daddyboard/daddyboard-main/app/src/main/jni/src/defines.h:289:8: note: expanded from macro 'DISALLOW_ASSIGNMENT_OPERATOR'
build	Build DaddyBoard (HeliBoard fork)	2026-09-30T15:14:40.9009795Z C/C++:   289 |   void operator=(const TypeName&) = delete
build	Build DaddyBoard (HeliBoard fork)	2026-09-30T15:14:40.9010097Z C/C++:       |        ^
build	Build DaddyBoard (HeliBoard fork)	2026-09-30T15:14:40.9010753Z C/C++: /usr/local/lib/android/sdk/ndk/28.0.13004108/toolchains/llvm/prebuilt/linux-x86_64/sysroot/usr/include/c++/v1/__memory/allocator.h:173:24: note: in implicit copy constructor for 'latinime::IntArrayView' first required here
build	Build DaddyBoard (HeliBoard fork)	2026-09-30T15:14:40.9011456Z C/C++:   173 |     ::new ((void*)__p) _Up(std::forward<_Args>(__args)...);
build	Build DaddyBoard (HeliBoard fork)	2026-09-30T15:14:40.9011728Z C/C++:       |                        ^
build	Build DaddyBoard (HeliBoard fork)	2026-09-30T15:14:40.9012639Z C/C++: /usr/local/lib/android/sdk/ndk/28.0.13004108/toolchains/llvm/prebuilt/linux-x86_64/sysroot/usr/include/c++/v1/__memory/allocator_traits.h:320:9: note: in instantiation of function template specialization 'std::allocator<latinime::IntArrayView>::construct<latinime::IntArrayView, latinime::IntArrayView>' requested here
build	Build DaddyBoard (HeliBoard fork)	2026-09-30T15:14:40.9013601Z C/C++:   320 |     __a.construct(__p, std::forward<_Args>(__args)...);
build	Build DaddyBoard (HeliBoard fork)	2026-09-30T15:14:40.9013858Z C/C++:       |         ^
build	Build DaddyBoard (HeliBoard fork)	2026-09-30T15:14:40.9014800Z C/C++: /usr/local/lib/android/sdk/ndk/28.0.13004108/toolchains/llvm/prebuilt/linux-x86_64/sysroot/usr/include/c++/v1/__memory/uninitialized_algorithms.h:639:33: note: in instantiation of function template specialization 'std::allocator_traits<std::allocator<latinime::IntArrayView>>::construct<latinime::IntArrayView, latinime::IntArrayView, 0>' requested here
build	Build DaddyBoard (HeliBoard fork)	2026-09-30T15:14:40.9015873Z C/C++:   639 |       allocator_traits<_Alloc>::construct(__alloc, __result, std::move(*__iter));
build	Build DaddyBoard (HeliBoard fork)	2026-09-30T15:14:40.9016428Z C/C++:       |                                 ^
build	Build DaddyBoard (HeliBoard fork)	2026-09-30T15:14:40.9017140Z C/C++: /usr/local/lib/android/sdk/ndk/28.0.13004108/toolchains/llvm/prebuilt/linux-x86_64/sysroot/usr/include/c++/v1/vector:1511:3: note: in instantiation of member function 'std::vector<latinime::IntArrayView>::__swap_out_circular_buffer' requested here
build	Build DaddyBoard (HeliBoard fork)	2026-09-30T15:14:40.9017981Z C/C++:  1511 |   __swap_out_circular_buffer(__v);
build	Build DaddyBoard (HeliBoard fork)	2026-09-30T15:14:40.9018201Z C/C++:       |   ^
build	Build DaddyBoard (HeliBoard fork)	2026-09-30T15:14:40.9019105Z C/C++: /usr/local/lib/android/sdk/ndk/28.0.13004108/toolchains/llvm/prebuilt/linux-x86_64/sysroot/usr/include/c++/v1/vector:1529:13: note: in instantiation of function template specialization 'std::vector<latinime::IntArrayView>::__emplace_back_slow_path<const int *const &, const unsigned long &>' requested here
build	Build DaddyBoard (HeliBoard fork)	2026-09-30T15:14:40.9020018Z C/C++:  1529 |     __end = __emplace_back_slow_path(std::forward<_Args>(__args)...);
build	Build DaddyBoard (HeliBoard fork)	2026-09-30T15:14:40.9020304Z C/C++:       |             ^
build	Build DaddyBoard (HeliBoard fork)	2026-09-30T15:14:40.9021075Z C/C++: /home/runner/work/daddyboard/daddyboard/daddyboard-main/app/src/main/jni/src/utils/int_array_view.h:142:20: note: in instantiation of function template specialization 'std::vector<latinime::IntArrayView>::emplace_back<const int *const &, const unsigned long &>' requested here
build	Build DaddyBoard (HeliBoard fork)	2026-09-30T15:14:40.9021902Z C/C++:   142 |             result.emplace_back(mPtr, mSize);
build	Build DaddyBoard (HeliBoard fork)	2026-09-30T15:14:40.9022146Z C/C++:       |                    ^
build	Build DaddyBoard (HeliBoard fork)	2026-09-30T15:14:40.9022621Z C/C++: In file included from /home/runner/work/daddyboard/daddyboard/daddyboard-main/app/src/main/jni/src/suggest/core/result/suggestion_results.cpp:17:
build	Build DaddyBoard (HeliBoard fork)	2026-09-30T15:14:40.9023368Z C/C++: In file included from /home/runner/work/daddyboard/daddyboard/daddyboard-main/app/src/main/jni/src/suggest/core/result/suggestion_results.h:25:
build	Build DaddyBoard (HeliBoard fork)	2026-09-30T15:14:40.9024084Z C/C++: In file included from /home/runner/work/daddyboard/daddyboard/daddyboard-main/app/src/main/jni/src/suggest/core/result/suggested_word.h:23:
build	Build DaddyBoard (HeliBoard fork)	2026-09-30T15:14:40.9024789Z C/C++: In file included from /home/runner/work/daddyboard/daddyboard/daddyboard-main/app/src/main/jni/src/suggest/core/dictionary/dictionary.h:25:
build	Build DaddyBoard (HeliBoard fork)	2026-09-30T15:14:40.9025611Z C/C++: In file included from /home/runner/work/daddyboard/daddyboard/daddyboard-main/app/src/main/jni/src/dictionary/interface/dictionary_structure_with_buffer_policy.h:25:
build	Build DaddyBoard (HeliBoard fork)	2026-09-30T15:14:40.9026424Z C/C++: In file included from /home/runner/work/daddyboard/daddyboard/daddyboard-main/app/src/main/jni/src/dictionary/property/word_property.h:23:
build	Build DaddyBoard (HeliBoard fork)	2026-09-30T15:14:40.9027509Z C/C++: /home/runner/work/daddyboard/daddyboard/daddyboard-main/app/src/main/jni/src/dictionary/property/ngram_property.h:54:5: warning: definition of implicit copy constructor for 'NgramProperty' is deprecated because it has a user-declared copy assignment operator [-Wdeprecated-copy]
build	Build DaddyBoard (HeliBoard fork)	2026-09-30T15:14:40.9028437Z C/C++:    54 |     DISALLOW_ASSIGNMENT_OPERATOR(NgramProperty);
build	Build DaddyBoard (HeliBoard fork)	2026-09-30T15:14:40.9028682Z C/C++:       |     ^
build	Build DaddyBoard (HeliBoard fork)	2026-09-30T15:14:40.9029139Z C/C++: /home/runner/work/daddyboard/daddyboard/daddyboard-main/app/src/main/jni/src/defines.h:289:8: note: expanded from macro 'DISALLOW_ASSIGNMENT_OPERATOR'
build	Build DaddyBoard (HeliBoard fork)	2026-09-30T15:14:40.9029666Z C/C++:   289 |   void operator=(const TypeName&) = delete
build	Build DaddyBoard (HeliBoard fork)	2026-09-30T15:14:40.9029904Z C/C++:       |        ^
build	Build DaddyBoard (HeliBoard fork)	2026-09-30T15:14:40.9030540Z C/C++: /usr/local/lib/android/sdk/ndk/28.0.13004108/toolchains/llvm/prebuilt/linux-x86_64/sysroot/usr/include/c++/v1/__memory/allocator.h:173:24: note: in implicit copy constructor for 'latinime::NgramProperty' first required here
build	Build DaddyBoard (HeliBoard fork)	2026-09-30T15:14:40.9031243Z C/C++:   173 |     ::new ((void*)__p) _Up(std::forward<_Args>(__args)...);
build	Build DaddyBoard (HeliBoard fork)	2026-09-30T15:14:40.9031510Z C/C++:       |                        ^
build	Build DaddyBoard (HeliBoard fork)	2026-09-30T15:14:40.9032414Z C/C++: /usr/local/lib/android/sdk/ndk/28.0.13004108/toolchains/llvm/prebuilt/linux-x86_64/sysroot/usr/include/c++/v1/__memory/allocator_traits.h:320:9: note: in instantiation of function template specialization 'std::allocator<latinime::NgramProperty>::construct<latinime::NgramProperty, latinime::NgramProperty &>' requested here
build	Build DaddyBoard (HeliBoard fork)	2026-09-30T15:14:40.9033514Z C/C++:   320 |     __a.construct(__p, std::forward<_Args>(__args)...);
build	Build DaddyBoard (HeliBoard fork)	2026-09-30T15:14:40.9033774Z C/C++:       |         ^
build	Build DaddyBoard (HeliBoard fork)	2026-09-30T15:14:40.9034834Z C/C++: /usr/local/lib/android/sdk/ndk/28.0.13004108/toolchains/llvm/prebuilt/linux-x86_64/sysroot/usr/include/c++/v1/__memory/uninitialized_algorithms.h:551:31: note: in instantiation of function template specialization 'std::allocator_traits<std::allocator<latinime::NgramProperty>>::construct<latinime::NgramProperty, latinime::NgramProperty &, 0>' requested here
build	Build DaddyBoard (HeliBoard fork)	2026-09-30T15:14:40.9035950Z C/C++:   551 |     allocator_traits<_Alloc>::construct(__alloc, std::__to_address(__first2), *__first1);
build	Build DaddyBoard (HeliBoard fork)	2026-09-30T15:14:40.9036318Z C/C++:       |                               ^
build	Build DaddyBoard (HeliBoard fork)	2026-09-30T15:14:40.9037434Z C/C++: /usr/local/lib/android/sdk/ndk/28.0.13004108/toolchains/llvm/prebuilt/linux-x86_64/sysroot/usr/include/c++/v1/__memory/uninitialized_algorithms.h:594:33: note: in instantiation of function template specialization 'std::__uninitialized_allocator_copy_impl<std::allocator<latinime::NgramProperty>, latinime::NgramProperty *, latinime::NgramProperty *, latinime::NgramProperty *>' requested here
build	Build DaddyBoard (HeliBoard fork)	2026-09-30T15:14:40.9038704Z C/C++:   594 |   auto __result          = std::__uninitialized_allocator_copy_impl(
build	Build DaddyBoard (HeliBoard fork)	2026-09-30T15:14:40.9039000Z C/C++:       |                                 ^
build	Build DaddyBoard (HeliBoard fork)	2026-09-30T15:14:40.9039995Z C/C++: /usr/local/lib/android/sdk/ndk/28.0.13004108/toolchains/llvm/prebuilt/linux-x86_64/sysroot/usr/include/c++/v1/vector:1100:22: note: in instantiation of function template specialization 'std::__uninitialized_allocator_copy<std::allocator<latinime::NgramProperty>, latinime::NgramProperty *, latinime::NgramProperty *, latinime::NgramProperty *>' requested here
build	Build DaddyBoard (HeliBoard fork)	2026-09-30T15:14:40.9041121Z C/C++:  1100 |   __tx.__pos_ = std::__uninitialized_allocator_copy(__alloc(), __first, __last, __tx.__pos_);
build	Build DaddyBoard (HeliBoard fork)	2026-09-30T15:14:40.9041472Z C/C++:       |                      ^
build	Build DaddyBoard (HeliBoard fork)	2026-09-30T15:14:40.9042327Z C/C++: /usr/local/lib/android/sdk/ndk/28.0.13004108/toolchains/llvm/prebuilt/linux-x86_64/sysroot/usr/include/c++/v1/vector:761:7: note: in instantiation of function template specialization 'std::vector<latinime::NgramProperty>::__construct_at_end<latinime::NgramProperty *, latinime::NgramProperty *>' requested here
build	Build DaddyBoard (HeliBoard fork)	2026-09-30T15:14:40.9043231Z C/C++:   761 |       __construct_at_end(__first, __last, __n);
build	Build DaddyBoard (HeliBoard fork)	2026-09-30T15:14:40.9043468Z C/C++:       |       ^
build	Build DaddyBoard (HeliBoard fork)	2026-09-30T15:14:40.9044288Z C/C++: /usr/local/lib/android/sdk/ndk/28.0.13004108/toolchains/llvm/prebuilt/linux-x86_64/sysroot/usr/include/c++/v1/vector:1213:3: note: in instantiation of function template specialization 'std::vector<latinime::NgramProperty>::__init_with_size<latinime::NgramProperty *, latinime::NgramProperty *>' requested here
build	Build DaddyBoard (HeliBoard fork)	2026-09-30T15:14:40.9045190Z C/C++:  1213 |   __init_with_size(__x.__begin_, __x.__end_, __x.size());
build	Build DaddyBoard (HeliBoard fork)	2026-09-30T15:14:40.9045446Z C/C++:       |   ^
build	Build DaddyBoard (HeliBoard fork)	2026-09-30T15:14:40.9046084Z C/C++: /home/runner/work/daddyboard/daddyboard/daddyboard-main/app/src/main/jni/src/dictionary/property/word_property.h:39:15: note: in instantiation of member function 'std::vector<latinime::NgramProperty>::vector' requested here
build	Build DaddyBoard (HeliBoard fork)	2026-09-30T15:14:40.9046767Z C/C++:    39 |               mNgrams(ngrams) {}
build	Build DaddyBoard (HeliBoard fork)	2026-09-30T15:14:40.9046985Z C/C++:       |               ^
build	Build DaddyBoard (HeliBoard fork)	2026-09-30T15:14:40.9047447Z C/C++: In file included from /home/runner/work/daddyboard/daddyboard/daddyboard-main/app/src/main/jni/src/suggest/core/result/suggestion_results.cpp:17:
build	Build DaddyBoard (HeliBoard fork)	2026-09-30T15:14:40.9048190Z C/C++: In file included from /home/runner/work/daddyboard/daddyboard/daddyboard-main/app/src/main/jni/src/suggest/core/result/suggestion_results.h:25:
build	Build DaddyBoard (HeliBoard fork)	2026-09-30T15:14:40.9049353Z C/C++: /home/runner/work/daddyboard/daddyboard/daddyboard-main/app/src/main/jni/src/suggest/core/result/suggested_word.h:39:9: warning: definition of implicit copy constructor for 'Comparator' is deprecated because it has a user-declared copy assignment operator [-Wdeprecated-copy]
build	Build DaddyBoard (HeliBoard fork)	2026-09-30T15:14:40.9050299Z C/C++:    39 |         DISALLOW_ASSIGNMENT_OPERATOR(Comparator);
build	Build DaddyBoard (HeliBoard fork)	2026-09-30T15:14:40.9050541Z C/C++:       |         ^
build	Build DaddyBoard (HeliBoard fork)	2026-09-30T15:14:40.9050997Z C/C++: /home/runner/work/daddyboard/daddyboard/daddyboard-main/app/src/main/jni/src/defines.h:289:8: note: expanded from macro 'DISALLOW_ASSIGNMENT_OPERATOR'
build	Build DaddyBoard (HeliBoard fork)	2026-09-30T15:14:40.9051614Z C/C++:   289 |   void operator=(const TypeName&) = delete
build	Build DaddyBoard (HeliBoard fork)	2026-09-30T15:14:40.9051848Z C/C++:       |        ^
build	Build DaddyBoard (HeliBoard fork)	2026-09-30T15:14:40.9052464Z C/C++: /usr/local/lib/android/sdk/ndk/28.0.13004108/toolchains/llvm/prebuilt/linux-x86_64/sysroot/usr/include/c++/v1/queue:920:37: note: in implicit copy constructor for 'latinime::SuggestedWord::Comparator' first required here
build	Build DaddyBoard (HeliBoard fork)	2026-09-30T15:14:40.9053134Z C/C++:   920 |   std::pop_heap(c.begin(), c.end(), comp);
build	Build DaddyBoard (HeliBoard fork)	2026-09-30T15:14:40.9053374Z C/C++:       |                                     ^
build	Build DaddyBoard (HeliBoard fork)	2026-09-30T15:14:40.9054267Z C/C++: /home/runner/work/daddyboard/daddyboard/daddyboard-main/app/src/main/jni/src/suggest/core/result/suggestion_results.cpp:44:25: note: in instantiation of member function 'std::priority_queue<latinime::SuggestedWord, std::vector<latinime::SuggestedWord>, latinime::SuggestedWord::Comparator>::pop' requested here
build	Build DaddyBoard (HeliBoard fork)	2026-09-30T15:14:40.9055183Z C/C++:    44 |         mSuggestedWords.pop();
build	Build DaddyBoard (HeliBoard fork)	2026-09-30T15:14:40.9055403Z C/C++:       |                         ^
build	Build DaddyBoard (HeliBoard fork)	2026-09-30T15:14:40.9999186Z C/C++: 9 warnings generated.
build	Build DaddyBoard (HeliBoard fork)	2026-09-30T15:14:41.2999716Z C/C++: In file included from /home/runner/work/daddyboard/daddyboard/daddyboard-main/app/src/main/jni/src/suggest/core/result/suggestions_output_utils.cpp:23:
build	Build DaddyBoard (HeliBoard fork)	2026-09-30T15:14:41.3001227Z C/C++: In file included from /home/runner/work/daddyboard/daddyboard/daddyboard-main/app/src/main/jni/src/suggest/core/dicnode/dic_node.h:22:
build	Build DaddyBoard (HeliBoard fork)	2026-09-30T15:14:41.3002546Z C/C++: In file included from /home/runner/work/daddyboard/daddyboard/daddyboard-main/app/src/main/jni/src/suggest/core/dicnode/dic_node_utils.h:21:
build	Build DaddyBoard (HeliBoard fork)	2026-09-30T15:14:41.3004399Z C/C++: /home/runner/work/daddyboard/daddyboard/daddyboard-main/app/src/main/jni/src/utils/int_array_view.h:160:5: warning: definition of implicit copy constructor for 'IntArrayView' is deprecated because it has a user-declared copy assignment operator [-Wdeprecated-copy]
build	Build DaddyBoard (HeliBoard fork)	2026-09-30T15:14:41.3005901Z C/C++:   160 |     DISALLOW_ASSIGNMENT_OPERATOR(IntArrayView);
build	Build DaddyBoard (HeliBoard fork)	2026-09-30T15:14:41.3006313Z C/C++:       |     ^
build	Build DaddyBoard (HeliBoard fork)	2026-09-30T15:14:41.3007106Z C/C++: /home/runner/work/daddyboard/daddyboard/daddyboard-main/app/src/main/jni/src/defines.h:289:8: note: expanded from macro 'DISALLOW_ASSIGNMENT_OPERATOR'
build	Build DaddyBoard (HeliBoard fork)	2026-09-30T15:14:41.3007982Z C/C++:   289 |   void operator=(const TypeName&) = delete
build	Build DaddyBoard (HeliBoard fork)	2026-09-30T15:14:41.3008548Z C/C++:       |        ^
build	Build DaddyBoard (HeliBoard fork)	2026-09-30T15:14:41.3009552Z C/C++: /home/runner/work/daddyboard/daddyboard/daddyboard-main/app/src/main/jni/src/suggest/core/dicnode/dic_node.h:110:53: note: in implicit copy constructor for 'latinime::IntArrayView' first required here
build	Build DaddyBoard (HeliBoard fork)	2026-09-30T15:14:41.3010722Z C/C++:   110 |         mDicNodeProperties.init(rootPtNodeArrayPos, prevWordIds);
build	Build DaddyBoard (HeliBoard fork)	2026-09-30T15:14:41.3011253Z C/C++:       |                                                     ^
build	Build DaddyBoard (HeliBoard fork)	2026-09-30T15:14:41.3999914Z C/C++: In file included from /home/runner/work/daddyboard/daddyboard/daddyboard-main/app/src/main/jni/src/suggest/core/result/suggestions_output_utils.cpp:27:
build	Build DaddyBoard (HeliBoard fork)	2026-09-30T15:14:41.4001429Z C/C++: In file included from /home/runner/work/daddyboard/daddyboard/daddyboard-main/app/src/main/jni/src/suggest/core/result/suggestion_results.h:25:
build	Build DaddyBoard (HeliBoard fork)	2026-09-30T15:14:41.4002946Z C/C++: In file included from /home/runner/work/daddyboard/daddyboard/daddyboard-main/app/src/main/jni/src/suggest/core/result/suggested_word.h:23:
build	Build DaddyBoard (HeliBoard fork)	2026-09-30T15:14:41.4004305Z C/C++: In file included from /home/runner/work/daddyboard/daddyboard/daddyboard-main/app/src/main/jni/src/suggest/core/dictionary/dictionary.h:25:
build	Build DaddyBoard (HeliBoard fork)	2026-09-30T15:14:41.4005792Z C/C++: In file included from /home/runner/work/daddyboard/daddyboard/daddyboard-main/app/src/main/jni/src/dictionary/interface/dictionary_structure_with_buffer_policy.h:23:
build	Build DaddyBoard (HeliBoard fork)	2026-09-30T15:14:41.4008556Z C/C++: /home/runner/work/daddyboard/daddyboard/daddyboard-main/app/src/main/jni/src/dictionary/property/historical_info.h:52:5: warning: definition of implicit copy constructor for 'HistoricalInfo' is deprecated because it has a user-declared copy assignment operator [-Wdeprecated-copy]
build	Build DaddyBoard (HeliBoard fork)	2026-09-30T15:14:41.4010388Z C/C++:    52 |     DISALLOW_ASSIGNMENT_OPERATOR(HistoricalInfo);
build	Build DaddyBoard (HeliBoard fork)	2026-09-30T15:14:41.4010811Z C/C++:       |     ^
build	Build DaddyBoard (HeliBoard fork)	2026-09-30T15:14:41.4011596Z C/C++: /home/runner/work/daddyboard/daddyboard/daddyboard-main/app/src/main/jni/src/defines.h:289:8: note: expanded from macro 'DISALLOW_ASSIGNMENT_OPERATOR'
build	Build DaddyBoard (HeliBoard fork)	2026-09-30T15:14:41.4012516Z C/C++:   289 |   void operator=(const TypeName&) = delete
build	Build DaddyBoard (HeliBoard fork)	2026-09-30T15:14:41.4012899Z C/C++:       |        ^
build	Build DaddyBoard (HeliBoard fork)	2026-09-30T15:14:41.4013951Z C/C++: /home/runner/work/daddyboard/daddyboard/daddyboard-main/app/src/main/jni/src/dictionary/property/ngram_property.h:33:42: note: in implicit copy constructor for 'latinime::HistoricalInfo' first required here
build	Build DaddyBoard (HeliBoard fork)	2026-09-30T15:14:41.4015202Z C/C++:    33 |               mProbability(probability), mHistoricalInfo(historicalInfo) {}
build	Build DaddyBoard (HeliBoard fork)	2026-09-30T15:14:41.4015738Z C/C++:       |                                          ^
build	Build DaddyBoard (HeliBoard fork)	2026-09-30T15:14:41.4016630Z C/C++: In file included from /home/runner/work/daddyboard/daddyboard/daddyboard-main/app/src/main/jni/src/suggest/core/result/suggestions_output_utils.cpp:27:
build	Build DaddyBoard (HeliBoard fork)	2026-09-30T15:14:41.4017956Z C/C++: In file included from /home/runner/work/daddyboard/daddyboard/daddyboard-main/app/src/main/jni/src/suggest/core/result/suggestion_results.h:25:
build	Build DaddyBoard (HeliBoard fork)	2026-09-30T15:14:41.4019377Z C/C++: In file included from /home/runner/work/daddyboard/daddyboard/daddyboard-main/app/src/main/jni/src/suggest/core/result/suggested_word.h:23:
build	Build DaddyBoard (HeliBoard fork)	2026-09-30T15:14:41.4020599Z C/C++: In file included from /home/runner/work/daddyboard/daddyboard/daddyboard-main/app/src/main/jni/src/suggest/core/dictionary/dictionary.h:25:
build	Build DaddyBoard (HeliBoard fork)	2026-09-30T15:14:41.4021941Z C/C++: In file included from /home/runner/work/daddyboard/daddyboard/daddyboard-main/app/src/main/jni/src/dictionary/interface/dictionary_structure_with_buffer_policy.h:25:
build	Build DaddyBoard (HeliBoard fork)	2026-09-30T15:14:41.4023269Z C/C++: In file included from /home/runner/work/daddyboard/daddyboard/daddyboard-main/app/src/main/jni/src/dictionary/property/word_property.h:24:
build	Build DaddyBoard (HeliBoard fork)	2026-09-30T15:14:41.4025110Z C/C++: /home/runner/work/daddyboard/daddyboard/daddyboard-main/app/src/main/jni/src/dictionary/property/unigram_property.h:126:5: warning: definition of implicit copy constructor for 'UnigramProperty' is deprecated because it has a user-declared copy assignment operator [-Wdeprecated-copy]
build	Build DaddyBoard (HeliBoard fork)	2026-09-30T15:14:41.4026647Z C/C++:   126 |     DISALLOW_ASSIGNMENT_OPERATOR(UnigramProperty);
build	Build DaddyBoard (HeliBoard fork)	2026-09-30T15:14:41.4027072Z C/C++:       |     ^
build	Build DaddyBoard (HeliBoard fork)	2026-09-30T15:14:41.4027820Z C/C++: /home/runner/work/daddyboard/daddyboard/daddyboard-main/app/src/main/jni/src/defines.h:289:8: note: expanded from macro 'DISALLOW_ASSIGNMENT_OPERATOR'
build	Build DaddyBoard (HeliBoard fork)	2026-09-30T15:14:41.4048936Z C/C++:   289 |   void operator=(const TypeName&) = delete
build	Build DaddyBoard (HeliBoard fork)	2026-09-30T15:14:41.4049238Z C/C++:       |        ^
build	Build DaddyBoard (HeliBoard fork)	2026-09-30T15:14:41.4049896Z C/C++: /home/runner/work/daddyboard/daddyboard/daddyboard-main/app/src/main/jni/src/dictionary/property/word_property.h:38:51: note: in implicit copy constructor for 'latinime::UnigramProperty' first required here
build	Build DaddyBoard (HeliBoard fork)	2026-09-30T15:14:41.4050671Z C/C++:    38 |             : mCodePoints(std::move(codePoints)), mUnigramProperty(unigramProperty),
build	Build DaddyBoard (HeliBoard fork)	2026-09-30T15:14:41.4051023Z C/C++:       |                                                   ^
build	Build DaddyBoard (HeliBoard fork)	2026-09-30T15:14:41.4051555Z C/C++: In file included from /home/runner/work/daddyboard/daddyboard/daddyboard-main/app/src/main/jni/src/suggest/core/result/suggestions_output_utils.cpp:28:
build	Build DaddyBoard (HeliBoard fork)	2026-09-30T15:14:41.4052322Z C/C++: In file included from /home/runner/work/daddyboard/daddyboard/daddyboard-main/app/src/main/jni/src/suggest/core/session/dic_traverse_session.h:23:
build	Build DaddyBoard (HeliBoard fork)	2026-09-30T15:14:41.4053050Z C/C++: In file included from /home/runner/work/daddyboard/daddyboard/daddyboard-main/app/src/main/jni/src/dictionary/utils/multi_bigram_map.h:27:
build	Build DaddyBoard (HeliBoard fork)	2026-09-30T15:14:41.4054309Z C/C++: /home/runner/work/daddyboard/daddyboard/daddyboard-main/app/src/main/jni/src/dictionary/utils/bloom_filter.h:47:5: warning: definition of implicit copy constructor for 'BloomFilter' is deprecated because it has a user-declared copy assignment operator [-Wdeprecated-copy]
build	Build DaddyBoard (HeliBoard fork)	2026-09-30T15:14:41.4055411Z C/C++:    47 |     DISALLOW_ASSIGNMENT_OPERATOR(BloomFilter);
build	Build DaddyBoard (HeliBoard fork)	2026-09-30T15:14:41.4055663Z C/C++:       |     ^
build	Build DaddyBoard (HeliBoard fork)	2026-09-30T15:14:41.4056143Z C/C++: /home/runner/work/daddyboard/daddyboard/daddyboard-main/app/src/main/jni/src/defines.h:289:8: note: expanded from macro 'DISALLOW_ASSIGNMENT_OPERATOR'
build	Build DaddyBoard (HeliBoard fork)	2026-09-30T15:14:41.4056688Z C/C++:   289 |   void operator=(const TypeName&) = delete
build	Build DaddyBoard (HeliBoard fork)	2026-09-30T15:14:41.4056928Z C/C++:       |        ^
build	Build DaddyBoard (HeliBoard fork)	2026-09-30T15:14:41.4057527Z C/C++: /home/runner/work/daddyboard/daddyboard/daddyboard-main/app/src/main/jni/src/dictionary/utils/multi_bigram_map.h:57:53: note: in implicit copy constructor for 'latinime::BloomFilter' first required here
build	Build DaddyBoard (HeliBoard fork)	2026-09-30T15:14:41.4058490Z C/C++:    57 |                 : mBigramMap(bigramMap.mBigramMap), mBloomFilter(bigramMap.mBloomFilter) {}
build	Build DaddyBoard (HeliBoard fork)	2026-09-30T15:14:41.4059020Z C/C++:       |                                                     ^
build	Build DaddyBoard (HeliBoard fork)	2026-09-30T15:14:41.4059647Z C/C++: In file included from /home/runner/work/daddyboard/daddyboard/daddyboard-main/app/src/main/jni/src/suggest/core/result/suggestions_output_utils.cpp:17:
build	Build DaddyBoard (HeliBoard fork)	2026-09-30T15:14:41.4060426Z C/C++: In file included from /home/runner/work/daddyboard/daddyboard/daddyboard-main/app/src/main/jni/src/suggest/core/result/suggestions_output_utils.h:21:
build	Build DaddyBoard (HeliBoard fork)	2026-09-30T15:14:41.4061530Z C/C++: /home/runner/work/daddyboard/daddyboard/daddyboard-main/app/src/main/jni/src/dictionary/property/word_attributes.h:59:5: warning: definition of implicit copy constructor for 'WordAttributes' is deprecated because it has a user-declared copy assignment operator [-Wdeprecated-copy]
build	Build DaddyBoard (HeliBoard fork)	2026-09-30T15:14:41.4062384Z C/C++:    59 |     DISALLOW_ASSIGNMENT_OPERATOR(WordAttributes);
build	Build DaddyBoard (HeliBoard fork)	2026-09-30T15:14:41.4062651Z C/C++:       |     ^
build	Build DaddyBoard (HeliBoard fork)	2026-09-30T15:14:41.4063107Z C/C++: /home/runner/work/daddyboard/daddyboard/daddyboard-main/app/src/main/jni/src/defines.h:289:8: note: expanded from macro 'DISALLOW_ASSIGNMENT_OPERATOR'
build	Build DaddyBoard (HeliBoard fork)	2026-09-30T15:14:41.4063626Z C/C++:   289 |   void operator=(const TypeName&) = delete
build	Build DaddyBoard (HeliBoard fork)	2026-09-30T15:14:41.4063859Z C/C++:       |        ^
build	Build DaddyBoard (HeliBoard fork)	2026-09-30T15:14:41.4064463Z C/C++: /home/runner/work/daddyboard/daddyboard/daddyboard-main/app/src/main/jni/src/suggest/core/result/suggestions_output_utils.cpp:161:30: note: in implicit copy constructor for 'WordAttributes' first required here
build	Build DaddyBoard (HeliBoard fork)	2026-09-30T15:14:41.4065176Z C/C++:   161 |             terminalDicNode, wordAttributes, true /* isLastWord */);
build	Build DaddyBoard (HeliBoard fork)	2026-09-30T15:14:41.4065472Z C/C++:       |                              ^
build	Build DaddyBoard (HeliBoard fork)	2026-09-30T15:14:41.5000406Z C/C++: In file included from /home/runner/work/daddyboard/daddyboard/daddyboard-main/app/src/main/jni/src/suggest/core/result/suggestions_output_utils.cpp:27:
build	Build DaddyBoard (HeliBoard fork)	2026-09-30T15:14:41.5001868Z C/C++: In file included from /home/runner/work/daddyboard/daddyboard/daddyboard-main/app/src/main/jni/src/suggest/core/result/suggestion_results.h:25:
build	Build DaddyBoard (HeliBoard fork)	2026-09-30T15:14:41.5003187Z C/C++: In file included from /home/runner/work/daddyboard/daddyboard/daddyboard-main/app/src/main/jni/src/suggest/core/result/suggested_word.h:23:
build	Build DaddyBoard (HeliBoard fork)	2026-09-30T15:14:41.5004446Z C/C++: In file included from /home/runner/work/daddyboard/daddyboard/daddyboard-main/app/src/main/jni/src/suggest/core/dictionary/dictionary.h:25:
build	Build DaddyBoard (HeliBoard fork)	2026-09-30T15:14:41.5005813Z C/C++: In file included from /home/runner/work/daddyboard/daddyboard/daddyboard-main/app/src/main/jni/src/dictionary/interface/dictionary_structure_with_buffer_policy.h:25:
build	Build DaddyBoard (HeliBoard fork)	2026-09-30T15:14:41.5007191Z C/C++: In file included from /home/runner/work/daddyboard/daddyboard/daddyboard-main/app/src/main/jni/src/dictionary/property/word_property.h:23:
build	Build DaddyBoard (HeliBoard fork)	2026-09-30T15:14:41.5009263Z C/C++: /home/runner/work/daddyboard/daddyboard/daddyboard-main/app/src/main/jni/src/dictionary/property/ngram_property.h:54:5: warning: definition of implicit copy constructor for 'NgramProperty' is deprecated because it has a user-declared copy assignment operator [-Wdeprecated-copy]
build	Build DaddyBoard (HeliBoard fork)	2026-09-30T15:14:41.5011311Z C/C++:    54 |     DISALLOW_ASSIGNMENT_OPERATOR(NgramProperty);
build	Build DaddyBoard (HeliBoard fork)	2026-09-30T15:14:41.5011751Z C/C++:       |     ^
build	Build DaddyBoard (HeliBoard fork)	2026-09-30T15:14:41.5012546Z C/C++: /home/runner/work/daddyboard/daddyboard/daddyboard-main/app/src/main/jni/src/defines.h:289:8: note: expanded from macro 'DISALLOW_ASSIGNMENT_OPERATOR'
build	Build DaddyBoard (HeliBoard fork)	2026-09-30T15:14:41.5013458Z C/C++:   289 |   void operator=(const TypeName&) = delete
build	Build DaddyBoard (HeliBoard fork)	2026-09-30T15:14:41.5013852Z C/C++:       |        ^
build	Build DaddyBoard (HeliBoard fork)	2026-09-30T15:14:41.5014926Z C/C++: /usr/local/lib/android/sdk/ndk/28.0.13004108/toolchains/llvm/prebuilt/linux-x86_64/sysroot/usr/include/c++/v1/__memory/allocator.h:173:24: note: in implicit copy constructor for 'latinime::NgramProperty' first required here
build	Build DaddyBoard (HeliBoard fork)	2026-09-30T15:14:41.5016139Z C/C++:   173 |     ::new ((void*)__p) _Up(std::forward<_Args>(__args)...);
build	Build DaddyBoard (HeliBoard fork)	2026-09-30T15:14:41.5016580Z C/C++:       |                        ^
build	Build DaddyBoard (HeliBoard fork)	2026-09-30T15:14:41.5018123Z C/C++: /usr/local/lib/android/sdk/ndk/28.0.13004108/toolchains/llvm/prebuilt/linux-x86_64/sysroot/usr/include/c++/v1/__memory/allocator_traits.h:320:9: note: in instantiation of function template specialization 'std::allocator<latinime::NgramProperty>::construct<latinime::NgramProperty, latinime::NgramProperty &>' requested here
build	Build DaddyBoard (HeliBoard fork)	2026-09-30T15:14:41.5019961Z C/C++:   320 |     __a.construct(__p, std::forward<_Args>(__args)...);
build	Build DaddyBoard (HeliBoard fork)	2026-09-30T15:14:41.5020395Z C/C++:       |         ^
build	Build DaddyBoard (HeliBoard fork)	2026-09-30T15:14:41.5022051Z C/C++: /usr/local/lib/android/sdk/ndk/28.0.13004108/toolchains/llvm/prebuilt/linux-x86_64/sysroot/usr/include/c++/v1/__memory/uninitialized_algorithms.h:551:31: note: in instantiation of function template specialization 'std::allocator_traits<std::allocator<latinime::NgramProperty>>::construct<latinime::NgramProperty, latinime::NgramProperty &, 0>' requested here
build	Build DaddyBoard (HeliBoard fork)	2026-09-30T15:14:41.5024009Z C/C++:   551 |     allocator_traits<_Alloc>::construct(__alloc, std::__to_address(__first2), *__first1);
build	Build DaddyBoard (HeliBoard fork)	2026-09-30T15:14:41.5024591Z C/C++:       |                               ^
build	Build DaddyBoard (HeliBoard fork)	2026-09-30T15:14:41.5026420Z C/C++: /usr/local/lib/android/sdk/ndk/28.0.13004108/toolchains/llvm/prebuilt/linux-x86_64/sysroot/usr/include/c++/v1/__memory/uninitialized_algorithms.h:594:33: note: in instantiation of function template specialization 'std::__uninitialized_allocator_copy_impl<std::allocator<latinime::NgramProperty>, latinime::NgramProperty *, latinime::NgramProperty *, latinime::NgramProperty *>' requested here
build	Build DaddyBoard (HeliBoard fork)	2026-09-30T15:14:41.5028526Z C/C++:   594 |   auto __result          = std::__uninitialized_allocator_copy_impl(
build	Build DaddyBoard (HeliBoard fork)	2026-09-30T15:14:41.5029004Z C/C++:       |                                 ^
build	Build DaddyBoard (HeliBoard fork)	2026-09-30T15:14:41.5030670Z C/C++: /usr/local/lib/android/sdk/ndk/28.0.13004108/toolchains/llvm/prebuilt/linux-x86_64/sysroot/usr/include/c++/v1/vector:1100:22: note: in instantiation of function template specialization 'std::__uninitialized_allocator_copy<std::allocator<latinime::NgramProperty>, latinime::NgramProperty *, latinime::NgramProperty *, latinime::NgramProperty *>' requested here
build	Build DaddyBoard (HeliBoard fork)	2026-09-30T15:14:41.5032607Z C/C++:  1100 |   __tx.__pos_ = std::__uninitialized_allocator_copy(__alloc(), __first, __last, __tx.__pos_);
build	Build DaddyBoard (HeliBoard fork)	2026-09-30T15:14:41.5033189Z C/C++:       |                      ^
build	Build DaddyBoard (HeliBoard fork)	2026-09-30T15:14:41.5034629Z C/C++: /usr/local/lib/android/sdk/ndk/28.0.13004108/toolchains/llvm/prebuilt/linux-x86_64/sysroot/usr/include/c++/v1/vector:761:7: note: in instantiation of function template specialization 'std::vector<latinime::NgramProperty>::__construct_at_end<latinime::NgramProperty *, latinime::NgramProperty *>' requested here
build	Build DaddyBoard (HeliBoard fork)	2026-09-30T15:14:41.5036150Z C/C++:   761 |       __construct_at_end(__first, __last, __n);
build	Build DaddyBoard (HeliBoard fork)	2026-09-30T15:14:41.5036537Z C/C++:       |       ^
build	Build DaddyBoard (HeliBoard fork)	2026-09-30T15:14:41.5037955Z C/C++: /usr/local/lib/android/sdk/ndk/28.0.13004108/toolchains/llvm/prebuilt/linux-x86_64/sysroot/usr/include/c++/v1/vector:1213:3: note: in instantiation of function template specialization 'std::vector<latinime::NgramProperty>::__init_with_size<latinime::NgramProperty *, latinime::NgramProperty *>' requested here
build	Build DaddyBoard (HeliBoard fork)	2026-09-30T15:14:41.5040120Z C/C++:  1213 |   __init_with_size(__x.__begin_, __x.__end_, __x.size());
build	Build DaddyBoard (HeliBoard fork)	2026-09-30T15:14:41.5040565Z C/C++:       |   ^
build	Build DaddyBoard (HeliBoard fork)	2026-09-30T15:14:41.5041664Z C/C++: /home/runner/work/daddyboard/daddyboard/daddyboard-main/app/src/main/jni/src/dictionary/property/word_property.h:39:15: note: in instantiation of member function 'std::vector<latinime::NgramProperty>::vector' requested here
build	Build DaddyBoard (HeliBoard fork)	2026-09-30T15:14:41.5042865Z C/C++:    39 |               mNgrams(ngrams) {}
build	Build DaddyBoard (HeliBoard fork)	2026-09-30T15:14:41.5043231Z C/C++:       |               ^
build	Build DaddyBoard (HeliBoard fork)	2026-09-30T15:14:41.6999288Z C/C++: 6 warnings generated.
build	Build DaddyBoard (HeliBoard fork)	2026-09-30T15:14:41.9999960Z C/C++: In file included from /home/runner/work/daddyboard/daddyboard/daddyboard-main/app/src/main/jni/src/suggest/policyimpl/typing/typing_scoring.cpp:17:
build	Build DaddyBoard (HeliBoard fork)	2026-09-30T15:14:42.0001416Z C/C++: In file included from /home/runner/work/daddyboard/daddyboard/daddyboard-main/app/src/main/jni/src/suggest/policyimpl/typing/typing_scoring.h:23:
build	Build DaddyBoard (HeliBoard fork)	2026-09-30T15:14:42.0002787Z C/C++: In file included from /home/runner/work/daddyboard/daddyboard/daddyboard-main/app/src/main/jni/src/suggest/core/session/dic_traverse_session.h:23:
build	Build DaddyBoard (HeliBoard fork)	2026-09-30T15:14:42.0004085Z C/C++: In file included from /home/runner/work/daddyboard/daddyboard/daddyboard-main/app/src/main/jni/src/dictionary/utils/multi_bigram_map.h:24:
build	Build DaddyBoard (HeliBoard fork)	2026-09-30T15:14:42.0005490Z C/C++: In file included from /home/runner/work/daddyboard/daddyboard/daddyboard-main/app/src/main/jni/src/dictionary/interface/dictionary_structure_with_buffer_policy.h:23:
build	Build DaddyBoard (HeliBoard fork)	2026-09-30T15:14:42.0007486Z C/C++: /home/runner/work/daddyboard/daddyboard/daddyboard-main/app/src/main/jni/src/dictionary/property/historical_info.h:52:5: warning: definition of implicit copy constructor for 'HistoricalInfo' is deprecated because it has a user-declared copy assignment operator [-Wdeprecated-copy]
build	Build DaddyBoard (HeliBoard fork)	2026-09-30T15:14:42.0009241Z C/C++:    52 |     DISALLOW_ASSIGNMENT_OPERATOR(HistoricalInfo);
build	Build DaddyBoard (HeliBoard fork)	2026-09-30T15:14:42.0009670Z C/C++:       |     ^
build	Build DaddyBoard (HeliBoard fork)	2026-09-30T15:14:42.0010468Z C/C++: /home/runner/work/daddyboard/daddyboard/daddyboard-main/app/src/main/jni/src/defines.h:289:8: note: expanded from macro 'DISALLOW_ASSIGNMENT_OPERATOR'
build	Build DaddyBoard (HeliBoard fork)	2026-09-30T15:14:42.0011365Z C/C++:   289 |   void operator=(const TypeName&) = delete
build	Build DaddyBoard (HeliBoard fork)	2026-09-30T15:14:42.0011748Z C/C++:       |        ^
build	Build DaddyBoard (HeliBoard fork)	2026-09-30T15:14:42.0012797Z C/C++: /home/runner/work/daddyboard/daddyboard/daddyboard-main/app/src/main/jni/src/dictionary/property/ngram_property.h:33:42: note: in implicit copy constructor for 'latinime::HistoricalInfo' first required here
build	Build DaddyBoard (HeliBoard fork)	2026-09-30T15:14:42.0014029Z C/C++:    33 |               mProbability(probability), mHistoricalInfo(historicalInfo) {}
build	Build DaddyBoard (HeliBoard fork)	2026-09-30T15:14:42.0014559Z C/C++:       |                                          ^
build	Build DaddyBoard (HeliBoard fork)	2026-09-30T15:14:42.0015421Z C/C++: In file included from /home/runner/work/daddyboard/daddyboard/daddyboard-main/app/src/main/jni/src/suggest/policyimpl/typing/typing_scoring.cpp:17:
build	Build DaddyBoard (HeliBoard fork)	2026-09-30T15:14:42.0016784Z C/C++: In file included from /home/runner/work/daddyboard/daddyboard/daddyboard-main/app/src/main/jni/src/suggest/policyimpl/typing/typing_scoring.h:23:
build	Build DaddyBoard (HeliBoard fork)	2026-09-30T15:14:42.0018086Z C/C++: In file included from /home/runner/work/daddyboard/daddyboard/daddyboard-main/app/src/main/jni/src/suggest/core/session/dic_traverse_session.h:23:
build	Build DaddyBoard (HeliBoard fork)	2026-09-30T15:14:42.0019510Z C/C++: In file included from /home/runner/work/daddyboard/daddyboard/daddyboard-main/app/src/main/jni/src/dictionary/utils/multi_bigram_map.h:24:
build	Build DaddyBoard (HeliBoard fork)	2026-09-30T15:14:42.0020872Z C/C++: In file included from /home/runner/work/daddyboard/daddyboard/daddyboard-main/app/src/main/jni/src/dictionary/interface/dictionary_structure_with_buffer_policy.h:25:
build	Build DaddyBoard (HeliBoard fork)	2026-09-30T15:14:42.0022211Z C/C++: In file included from /home/runner/work/daddyboard/daddyboard/daddyboard-main/app/src/main/jni/src/dictionary/property/word_property.h:24:
build	Build DaddyBoard (HeliBoard fork)	2026-09-30T15:14:42.0024086Z C/C++: /home/runner/work/daddyboard/daddyboard/daddyboard-main/app/src/main/jni/src/dictionary/property/unigram_property.h:126:5: warning: definition of implicit copy constructor for 'UnigramProperty' is deprecated because it has a user-declared copy assignment operator [-Wdeprecated-copy]
build	Build DaddyBoard (HeliBoard fork)	2026-09-30T15:14:42.0026105Z C/C++:   126 |     DISALLOW_ASSIGNMENT_OPERATOR(UnigramProperty);
build	Build DaddyBoard (HeliBoard fork)	2026-09-30T15:14:42.0026530Z C/C++:       |     ^
build	Build DaddyBoard (HeliBoard fork)	2026-09-30T15:14:42.0027312Z C/C++: /home/runner/work/daddyboard/daddyboard/daddyboard-main/app/src/main/jni/src/defines.h:289:8: note: expanded from macro 'DISALLOW_ASSIGNMENT_OPERATOR'
build	Build DaddyBoard (HeliBoard fork)	2026-09-30T15:14:42.0028212Z C/C++:   289 |   void operator=(const TypeName&) = delete
build	Build DaddyBoard (HeliBoard fork)	2026-09-30T15:14:42.0028761Z C/C++:       |        ^
build	Build DaddyBoard (HeliBoard fork)	2026-09-30T15:14:42.0029790Z C/C++: /home/runner/work/daddyboard/daddyboard/daddyboard-main/app/src/main/jni/src/dictionary/property/word_property.h:38:51: note: in implicit copy constructor for 'latinime::UnigramProperty' first required here
build	Build DaddyBoard (HeliBoard fork)	2026-09-30T15:14:42.0031071Z C/C++:    38 |             : mCodePoints(std::move(codePoints)), mUnigramProperty(unigramProperty),
build	Build DaddyBoard (HeliBoard fork)	2026-09-30T15:14:42.0031629Z C/C++:       |                                                   ^
build	Build DaddyBoard (HeliBoard fork)	2026-09-30T15:14:42.0999851Z C/C++: In file included from /home/runner/work/daddyboard/daddyboard/daddyboard-main/app/src/main/jni/src/suggest/policyimpl/typing/typing_scoring.cpp:17:
build	Build DaddyBoard (HeliBoard fork)	2026-09-30T15:14:42.1001354Z C/C++: In file included from /home/runner/work/daddyboard/daddyboard/daddyboard-main/app/src/main/jni/src/suggest/policyimpl/typing/typing_scoring.h:23:
build	Build DaddyBoard (HeliBoard fork)	2026-09-30T15:14:42.1002679Z C/C++: In file included from /home/runner/work/daddyboard/daddyboard/daddyboard-main/app/src/main/jni/src/suggest/core/session/dic_traverse_session.h:23:
build	Build DaddyBoard (HeliBoard fork)	2026-09-30T15:14:42.1003963Z C/C++: In file included from /home/runner/work/daddyboard/daddyboard/daddyboard-main/app/src/main/jni/src/dictionary/utils/multi_bigram_map.h:27:
build	Build DaddyBoard (HeliBoard fork)	2026-09-30T15:14:42.1005793Z C/C++: /home/runner/work/daddyboard/daddyboard/daddyboard-main/app/src/main/jni/src/dictionary/utils/bloom_filter.h:47:5: warning: definition of implicit copy constructor for 'BloomFilter' is deprecated because it has a user-declared copy assignment operator [-Wdeprecated-copy]
build	Build DaddyBoard (HeliBoard fork)	2026-09-30T15:14:42.1007300Z C/C++:    47 |     DISALLOW_ASSIGNMENT_OPERATOR(BloomFilter);
build	Build DaddyBoard (HeliBoard fork)	2026-09-30T15:14:42.1007690Z C/C++:       |     ^
build	Build DaddyBoard (HeliBoard fork)	2026-09-30T15:14:42.1008632Z C/C++: /home/runner/work/daddyboard/daddyboard/daddyboard-main/app/src/main/jni/src/defines.h:289:8: note: expanded from macro 'DISALLOW_ASSIGNMENT_OPERATOR'
build	Build DaddyBoard (HeliBoard fork)	2026-09-30T15:14:42.1009520Z C/C++:   289 |   void operator=(const TypeName&) = delete
build	Build DaddyBoard (HeliBoard fork)	2026-09-30T15:14:42.1009894Z C/C++:       |        ^
build	Build DaddyBoard (HeliBoard fork)	2026-09-30T15:14:42.1010912Z C/C++: /home/runner/work/daddyboard/daddyboard/daddyboard-main/app/src/main/jni/src/dictionary/utils/multi_bigram_map.h:57:53: note: in implicit copy constructor for 'latinime::BloomFilter' first required here
build	Build DaddyBoard (HeliBoard fork)	2026-09-30T15:14:42.1012194Z C/C++:    57 |                 : mBigramMap(bigramMap.mBigramMap), mBloomFilter(bigramMap.mBloomFilter) {}
build	Build DaddyBoard (HeliBoard fork)	2026-09-30T15:14:42.1012807Z C/C++:       |                                                     ^
build	Build DaddyBoard (HeliBoard fork)	2026-09-30T15:14:42.1013691Z C/C++: In file included from /home/runner/work/daddyboard/daddyboard/daddyboard-main/app/src/main/jni/src/suggest/policyimpl/typing/typing_scoring.cpp:17:
build	Build DaddyBoard (HeliBoard fork)	2026-09-30T15:14:42.1015022Z C/C++: In file included from /home/runner/work/daddyboard/daddyboard/daddyboard-main/app/src/main/jni/src/suggest/policyimpl/typing/typing_scoring.h:23:
build	Build DaddyBoard (HeliBoard fork)	2026-09-30T15:14:42.1016315Z C/C++: In file included from /home/runner/work/daddyboard/daddyboard/daddyboard-main/app/src/main/jni/src/suggest/core/session/dic_traverse_session.h:23:
build	Build DaddyBoard (HeliBoard fork)	2026-09-30T15:14:42.1017548Z C/C++: In file included from /home/runner/work/daddyboard/daddyboard/daddyboard-main/app/src/main/jni/src/dictionary/utils/multi_bigram_map.h:24:
build	Build DaddyBoard (HeliBoard fork)	2026-09-30T15:14:42.1019040Z C/C++: In file included from /home/runner/work/daddyboard/daddyboard/daddyboard-main/app/src/main/jni/src/dictionary/interface/dictionary_structure_with_buffer_policy.h:25:
build	Build DaddyBoard (HeliBoard fork)	2026-09-30T15:14:42.1020859Z C/C++: In file included from /home/runner/work/daddyboard/daddyboard/daddyboard-main/app/src/main/jni/src/dictionary/property/word_property.h:23:
build	Build DaddyBoard (HeliBoard fork)	2026-09-30T15:14:42.1022347Z C/C++: In file included from /home/runner/work/daddyboard/daddyboard/daddyboard-main/app/src/main/jni/src/dictionary/property/ngram_property.h:24:
build	Build DaddyBoard (HeliBoard fork)	2026-09-30T15:14:42.1023599Z C/C++: In file included from /home/runner/work/daddyboard/daddyboard/daddyboard-main/app/src/main/jni/src/dictionary/property/ngram_context.h:23:
build	Build DaddyBoard (HeliBoard fork)	2026-09-30T15:14:42.1025340Z C/C++: /home/runner/work/daddyboard/daddyboard/daddyboard-main/app/src/main/jni/src/utils/int_array_view.h:160:5: warning: definition of implicit copy constructor for 'IntArrayView' is deprecated because it has a user-declared copy assignment operator [-Wdeprecated-copy]
build	Build DaddyBoard (HeliBoard fork)	2026-09-30T15:14:42.1026743Z C/C++:   160 |     DISALLOW_ASSIGNMENT_OPERATOR(IntArrayView);
build	Build DaddyBoard (HeliBoard fork)	2026-09-30T15:14:42.1027158Z C/C++:       |     ^
build	Build DaddyBoard (HeliBoard fork)	2026-09-30T15:14:42.1027933Z C/C++: /home/runner/work/daddyboard/daddyboard/daddyboard-main/app/src/main/jni/src/defines.h:289:8: note: expanded from macro 'DISALLOW_ASSIGNMENT_OPERATOR'
build	Build DaddyBoard (HeliBoard fork)	2026-09-30T15:14:42.1029036Z C/C++:   289 |   void operator=(const TypeName&) = delete
build	Build DaddyBoard (HeliBoard fork)	2026-09-30T15:14:42.1029431Z C/C++:       |        ^
build	Build DaddyBoard (HeliBoard fork)	2026-09-30T15:14:42.1030420Z C/C++: /home/runner/work/daddyboard/daddyboard/daddyboard-main/app/src/main/jni/src/suggest/core/dicnode/dic_node.h:110:53: note: in implicit copy constructor for 'latinime::IntArrayView' first required here
build	Build DaddyBoard (HeliBoard fork)	2026-09-30T15:14:42.1031619Z C/C++:   110 |         mDicNodeProperties.init(rootPtNodeArrayPos, prevWordIds);
build	Build DaddyBoard (HeliBoard fork)	2026-09-30T15:14:42.1032148Z C/C++:       |                                                     ^
build	Build DaddyBoard (HeliBoard fork)	2026-09-30T15:14:42.2000068Z C/C++: In file included from /home/runner/work/daddyboard/daddyboard/daddyboard-main/app/src/main/jni/src/suggest/policyimpl/typing/typing_scoring.cpp:17:
build	Build DaddyBoard (HeliBoard fork)	2026-09-30T15:14:42.2001529Z C/C++: In file included from /home/runner/work/daddyboard/daddyboard/daddyboard-main/app/src/main/jni/src/suggest/policyimpl/typing/typing_scoring.h:23:
build	Build DaddyBoard (HeliBoard fork)	2026-09-30T15:14:42.2002904Z C/C++: In file included from /home/runner/work/daddyboard/daddyboard/daddyboard-main/app/src/main/jni/src/suggest/core/session/dic_traverse_session.h:23:
build	Build DaddyBoard (HeliBoard fork)	2026-09-30T15:14:42.2004183Z C/C++: In file included from /home/runner/work/daddyboard/daddyboard/daddyboard-main/app/src/main/jni/src/dictionary/utils/multi_bigram_map.h:24:
build	Build DaddyBoard (HeliBoard fork)	2026-09-30T15:14:42.2005507Z C/C++: In file included from /home/runner/work/daddyboard/daddyboard/daddyboard-main/app/src/main/jni/src/dictionary/interface/dictionary_structure_with_buffer_policy.h:25:
build	Build DaddyBoard (HeliBoard fork)	2026-09-30T15:14:42.2007037Z C/C++: In file included from /home/runner/work/daddyboard/daddyboard/daddyboard-main/app/src/main/jni/src/dictionary/property/word_property.h:23:
build	Build DaddyBoard (HeliBoard fork)	2026-09-30T15:14:42.2009058Z C/C++: /home/runner/work/daddyboard/daddyboard/daddyboard-main/app/src/main/jni/src/dictionary/property/ngram_property.h:54:5: warning: definition of implicit copy constructor for 'NgramProperty' is deprecated because it has a user-declared copy assignment operator [-Wdeprecated-copy]
build	Build DaddyBoard (HeliBoard fork)	2026-09-30T15:14:42.2010576Z C/C++:    54 |     DISALLOW_ASSIGNMENT_OPERATOR(NgramProperty);
build	Build DaddyBoard (HeliBoard fork)	2026-09-30T15:14:42.2010998Z C/C++:       |     ^
build	Build DaddyBoard (HeliBoard fork)	2026-09-30T15:14:42.2011773Z C/C++: /home/runner/work/daddyboard/daddyboard/daddyboard-main/app/src/main/jni/src/defines.h:289:8: note: expanded from macro 'DISALLOW_ASSIGNMENT_OPERATOR'
build	Build DaddyBoard (HeliBoard fork)	2026-09-30T15:14:42.2012674Z C/C++:   289 |   void operator=(const TypeName&) = delete
build	Build DaddyBoard (HeliBoard fork)	2026-09-30T15:14:42.2013057Z C/C++:       |        ^
build	Build DaddyBoard (HeliBoard fork)	2026-09-30T15:14:42.2014146Z C/C++: /usr/local/lib/android/sdk/ndk/28.0.13004108/toolchains/llvm/prebuilt/linux-x86_64/sysroot/usr/include/c++/v1/__memory/allocator.h:173:24: note: in implicit copy constructor for 'latinime::NgramProperty' first required here
build	Build DaddyBoard (HeliBoard fork)	2026-09-30T15:14:42.2015348Z C/C++:   173 |     ::new ((void*)__p) _Up(std::forward<_Args>(__args)...);
build	Build DaddyBoard (HeliBoard fork)	2026-09-30T15:14:42.2015787Z C/C++:       |                        ^
build	Build DaddyBoard (HeliBoard fork)	2026-09-30T15:14:42.2017746Z C/C++: /usr/local/lib/android/sdk/ndk/28.0.13004108/toolchains/llvm/prebuilt/linux-x86_64/sysroot/usr/include/c++/v1/__memory/allocator_traits.h:320:9: note: in instantiation of function template specialization 'std::allocator<latinime::NgramProperty>::construct<latinime::NgramProperty, latinime::NgramProperty &>' requested here
build	Build DaddyBoard (HeliBoard fork)	2026-09-30T15:14:42.2019901Z C/C++:   320 |     __a.construct(__p, std::forward<_Args>(__args)...);
build	Build DaddyBoard (HeliBoard fork)	2026-09-30T15:14:42.2020337Z C/C++:       |         ^
build	Build DaddyBoard (HeliBoard fork)	2026-09-30T15:14:42.2022001Z C/C++: /usr/local/lib/android/sdk/ndk/28.0.13004108/toolchains/llvm/prebuilt/linux-x86_64/sysroot/usr/include/c++/v1/__memory/uninitialized_algorithms.h:551:31: note: in instantiation of function template specialization 'std::allocator_traits<std::allocator<latinime::NgramProperty>>::construct<latinime::NgramProperty, latinime::NgramProperty &, 0>' requested here
build	Build DaddyBoard (HeliBoard fork)	2026-09-30T15:14:42.2023971Z C/C++:   551 |     allocator_traits<_Alloc>::construct(__alloc, std::__to_address(__first2), *__first1);
build	Build DaddyBoard (HeliBoard fork)	2026-09-30T15:14:42.2024570Z C/C++:       |                               ^
build	Build DaddyBoard (HeliBoard fork)	2026-09-30T15:14:42.2026436Z C/C++: /usr/local/lib/android/sdk/ndk/28.0.13004108/toolchains/llvm/prebuilt/linux-x86_64/sysroot/usr/include/c++/v1/__memory/uninitialized_algorithms.h:594:33: note: in instantiation of function template specialization 'std::__uninitialized_allocator_copy_impl<std::allocator<latinime::NgramProperty>, latinime::NgramProperty *, latinime::NgramProperty *, latinime::NgramProperty *>' requested here
build	Build DaddyBoard (HeliBoard fork)	2026-09-30T15:14:42.2028607Z C/C++:   594 |   auto __result          = std::__uninitialized_allocator_copy_impl(
build	Build DaddyBoard (HeliBoard fork)	2026-09-30T15:14:42.2029096Z C/C++:       |                                 ^
build	Build DaddyBoard (HeliBoard fork)	2026-09-30T15:14:42.2030804Z C/C++: /usr/local/lib/android/sdk/ndk/28.0.13004108/toolchains/llvm/prebuilt/linux-x86_64/sysroot/usr/include/c++/v1/vector:1100:22: note: in instantiation of function template specialization 'std::__uninitialized_allocator_copy<std::allocator<latinime::NgramProperty>, latinime::NgramProperty *, latinime::NgramProperty *, latinime::NgramProperty *>' requested here
build	Build DaddyBoard (HeliBoard fork)	2026-09-30T15:14:42.2032754Z C/C++:  1100 |   __tx.__pos_ = std::__uninitialized_allocator_copy(__alloc(), __first, __last, __tx.__pos_);
build	Build DaddyBoard (HeliBoard fork)	2026-09-30T15:14:42.2033330Z C/C++:       |                      ^
build	Build DaddyBoard (HeliBoard fork)	2026-09-30T15:14:42.2034793Z C/C++: /usr/local/lib/android/sdk/ndk/28.0.13004108/toolchains/llvm/prebuilt/linux-x86_64/sysroot/usr/include/c++/v1/vector:761:7: note: in instantiation of function template specialization 'std::vector<latinime::NgramProperty>::__construct_at_end<latinime::NgramProperty *, latinime::NgramProperty *>' requested here
build	Build DaddyBoard (HeliBoard fork)	2026-09-30T15:14:42.2036394Z C/C++:   761 |       __construct_at_end(__first, __last, __n);
build	Build DaddyBoard (HeliBoard fork)	2026-09-30T15:14:42.2036789Z C/C++:       |       ^
build	Build DaddyBoard (HeliBoard fork)	2026-09-30T15:14:42.2038414Z C/C++: /usr/local/lib/android/sdk/ndk/28.0.13004108/toolchains/llvm/prebuilt/linux-x86_64/sysroot/usr/include/c++/v1/vector:1213:3: note: in instantiation of function template specialization 'std::vector<latinime::NgramProperty>::__init_with_size<latinime::NgramProperty *, latinime::NgramProperty *>' requested here
build	Build DaddyBoard (HeliBoard fork)	2026-09-30T15:14:42.2040058Z C/C++:  1213 |   __init_with_size(__x.__begin_, __x.__end_, __x.size());
build	Build DaddyBoard (HeliBoard fork)	2026-09-30T15:14:42.2040522Z C/C++:       |   ^
build	Build DaddyBoard (HeliBoard fork)	2026-09-30T15:14:42.2041631Z C/C++: /home/runner/work/daddyboard/daddyboard/daddyboard-main/app/src/main/jni/src/dictionary/property/word_property.h:39:15: note: in instantiation of member function 'std::vector<latinime::NgramProperty>::vector' requested here
build	Build DaddyBoard (HeliBoard fork)	2026-09-30T15:14:42.2042823Z C/C++:    39 |               mNgrams(ngrams) {}
build	Build DaddyBoard (HeliBoard fork)	2026-09-30T15:14:42.2043181Z C/C++:       |               ^
build	Build DaddyBoard (HeliBoard fork)	2026-09-30T15:14:42.2999195Z C/C++: 5 warnings generated.
build	Build DaddyBoard (HeliBoard fork)	2026-09-30T15:14:42.5999796Z C/C++: In file included from /home/runner/work/daddyboard/daddyboard/daddyboard-main/app/src/main/jni/src/suggest/policyimpl/typing/typing_suggest_policy.cpp:17:
build	Build DaddyBoard (HeliBoard fork)	2026-09-30T15:14:42.6001329Z C/C++: In file included from /home/runner/work/daddyboard/daddyboard/daddyboard-main/app/src/main/jni/src/suggest/policyimpl/typing/typing_suggest_policy.h:22:
build	Build DaddyBoard (HeliBoard fork)	2026-09-30T15:14:42.6003040Z C/C++: In file included from /home/runner/work/daddyboard/daddyboard/daddyboard-main/app/src/main/jni/src/suggest/policyimpl/typing/typing_scoring.h:23:
build	Build DaddyBoard (HeliBoard fork)	2026-09-30T15:14:42.6004688Z C/C++: In file included from /home/runner/work/daddyboard/daddyboard/daddyboard-main/app/src/main/jni/src/suggest/core/session/dic_traverse_session.h:23:
build	Build DaddyBoard (HeliBoard fork)	2026-09-30T15:14:42.6005936Z C/C++: In file included from /home/runner/work/daddyboard/daddyboard/daddyboard-main/app/src/main/jni/src/dictionary/utils/multi_bigram_map.h:24:
build	Build DaddyBoard (HeliBoard fork)	2026-09-30T15:14:42.6007252Z C/C++: In file included from /home/runner/work/daddyboard/daddyboard/daddyboard-main/app/src/main/jni/src/dictionary/interface/dictionary_structure_with_buffer_policy.h:23:
build	Build DaddyBoard (HeliBoard fork)	2026-09-30T15:14:42.6009335Z C/C++: /home/runner/work/daddyboard/daddyboard/daddyboard-main/app/src/main/jni/src/dictionary/property/historical_info.h:52:5: warning: definition of implicit copy constructor for 'HistoricalInfo' is deprecated because it has a user-declared copy assignment operator [-Wdeprecated-copy]
build	Build DaddyBoard (HeliBoard fork)	2026-09-30T15:14:42.6010796Z C/C++:    52 |     DISALLOW_ASSIGNMENT_OPERATOR(HistoricalInfo);
build	Build DaddyBoard (HeliBoard fork)	2026-09-30T15:14:42.6011230Z C/C++:       |     ^
build	Build DaddyBoard (HeliBoard fork)	2026-09-30T15:14:42.6011998Z C/C++: /home/runner/work/daddyboard/daddyboard/daddyboard-main/app/src/main/jni/src/defines.h:289:8: note: expanded from macro 'DISALLOW_ASSIGNMENT_OPERATOR'
build	Build DaddyBoard (HeliBoard fork)	2026-09-30T15:14:42.6012867Z C/C++:   289 |   void operator=(const TypeName&) = delete
build	Build DaddyBoard (HeliBoard fork)	2026-09-30T15:14:42.6013244Z C/C++:       |        ^
build	Build DaddyBoard (HeliBoard fork)	2026-09-30T15:14:42.6014294Z C/C++: /home/runner/work/daddyboard/daddyboard/daddyboard-main/app/src/main/jni/src/dictionary/property/ngram_property.h:33:42: note: in implicit copy constructor for 'latinime::HistoricalInfo' first required here
build	Build DaddyBoard (HeliBoard fork)	2026-09-30T15:14:42.6015530Z C/C++:    33 |               mProbability(probability), mHistoricalInfo(historicalInfo) {}
build	Build DaddyBoard (HeliBoard fork)	2026-09-30T15:14:42.6016058Z C/C++:       |                                          ^
build	Build DaddyBoard (HeliBoard fork)	2026-09-30T15:14:42.6016958Z C/C++: In file included from /home/runner/work/daddyboard/daddyboard/daddyboard-main/app/src/main/jni/src/suggest/policyimpl/typing/typing_suggest_policy.cpp:17:
build	Build DaddyBoard (HeliBoard fork)	2026-09-30T15:14:42.6018506Z C/C++: In file included from /home/runner/work/daddyboard/daddyboard/daddyboard-main/app/src/main/jni/src/suggest/policyimpl/typing/typing_suggest_policy.h:22:
build	Build DaddyBoard (HeliBoard fork)	2026-09-30T15:14:42.6019847Z C/C++: In file included from /home/runner/work/daddyboard/daddyboard/daddyboard-main/app/src/main/jni/src/suggest/policyimpl/typing/typing_scoring.h:23:
build	Build DaddyBoard (HeliBoard fork)	2026-09-30T15:14:42.6021140Z C/C++: In file included from /home/runner/work/daddyboard/daddyboard/daddyboard-main/app/src/main/jni/src/suggest/core/session/dic_traverse_session.h:23:
build	Build DaddyBoard (HeliBoard fork)	2026-09-30T15:14:42.6022401Z C/C++: In file included from /home/runner/work/daddyboard/daddyboard/daddyboard-main/app/src/main/jni/src/dictionary/utils/multi_bigram_map.h:24:
build	Build DaddyBoard (HeliBoard fork)	2026-09-30T15:14:42.6023750Z C/C++: In file included from /home/runner/work/daddyboard/daddyboard/daddyboard-main/app/src/main/jni/src/dictionary/interface/dictionary_structure_with_buffer_policy.h:25:
build	Build DaddyBoard (HeliBoard fork)	2026-09-30T15:14:42.6025120Z C/C++: In file included from /home/runner/work/daddyboard/daddyboard/daddyboard-main/app/src/main/jni/src/dictionary/property/word_property.h:24:
build	Build DaddyBoard (HeliBoard fork)	2026-09-30T15:14:42.6027014Z C/C++: /home/runner/work/daddyboard/daddyboard/daddyboard-main/app/src/main/jni/src/dictionary/property/unigram_property.h:126:5: warning: definition of implicit copy constructor for 'UnigramProperty' is deprecated because it has a user-declared copy assignment operator [-Wdeprecated-copy]
build	Build DaddyBoard (HeliBoard fork)	2026-09-30T15:14:42.6028658Z C/C++:   126 |     DISALLOW_ASSIGNMENT_OPERATOR(UnigramProperty);
build	Build DaddyBoard (HeliBoard fork)	2026-09-30T15:14:42.6029083Z C/C++:       |     ^
build	Build DaddyBoard (HeliBoard fork)	2026-09-30T15:14:42.6029849Z C/C++: /home/runner/work/daddyboard/daddyboard/daddyboard-main/app/src/main/jni/src/defines.h:289:8: note: expanded from macro 'DISALLOW_ASSIGNMENT_OPERATOR'
build	Build DaddyBoard (HeliBoard fork)	2026-09-30T15:14:42.6030732Z C/C++:   289 |   void operator=(const TypeName&) = delete
build	Build DaddyBoard (HeliBoard fork)	2026-09-30T15:14:42.6031335Z C/C++:       |        ^
build	Build DaddyBoard (HeliBoard fork)	2026-09-30T15:14:42.6032346Z C/C++: /home/runner/work/daddyboard/daddyboard/daddyboard-main/app/src/main/jni/src/dictionary/property/word_property.h:38:51: note: in implicit copy constructor for 'latinime::UnigramProperty' first required here
build	Build DaddyBoard (HeliBoard fork)	2026-09-30T15:14:42.6033781Z C/C++:    38 |             : mCodePoints(std::move(codePoints)), mUnigramProperty(unigramProperty),
build	Build DaddyBoard (HeliBoard fork)	2026-09-30T15:14:42.6034362Z C/C++:       |                                                   ^
build	Build DaddyBoard (HeliBoard fork)	2026-09-30T15:14:42.7000145Z C/C++: In file included from /home/runner/work/daddyboard/daddyboard/daddyboard-main/app/src/main/jni/src/suggest/policyimpl/typing/typing_suggest_policy.cpp:17:
build	Build DaddyBoard (HeliBoard fork)	2026-09-30T15:14:42.7001856Z C/C++: In file included from /home/runner/work/daddyboard/daddyboard/daddyboard-main/app/src/main/jni/src/suggest/policyimpl/typing/typing_suggest_policy.h:22:
build	Build DaddyBoard (HeliBoard fork)	2026-09-30T15:14:42.7003294Z C/C++: In file included from /home/runner/work/daddyboard/daddyboard/daddyboard-main/app/src/main/jni/src/suggest/policyimpl/typing/typing_scoring.h:23:
build	Build DaddyBoard (HeliBoard fork)	2026-09-30T15:14:42.7004697Z C/C++: In file included from /home/runner/work/daddyboard/daddyboard/daddyboard-main/app/src/main/jni/src/suggest/core/session/dic_traverse_session.h:23:
build	Build DaddyBoard (HeliBoard fork)	2026-09-30T15:14:42.7006000Z C/C++: In file included from /home/runner/work/daddyboard/daddyboard/daddyboard-main/app/src/main/jni/src/dictionary/utils/multi_bigram_map.h:27:
build	Build DaddyBoard (HeliBoard fork)	2026-09-30T15:14:42.7007786Z C/C++: /home/runner/work/daddyboard/daddyboard/daddyboard-main/app/src/main/jni/src/dictionary/utils/bloom_filter.h:47:5: warning: definition of implicit copy constructor for 'BloomFilter' is deprecated because it has a user-declared copy assignment operator [-Wdeprecated-copy]
build	Build DaddyBoard (HeliBoard fork)	2026-09-30T15:14:42.7009521Z C/C++:    47 |     DISALLOW_ASSIGNMENT_OPERATOR(BloomFilter);
build	Build DaddyBoard (HeliBoard fork)	2026-09-30T15:14:42.7009920Z C/C++:       |     ^
build	Build DaddyBoard (HeliBoard fork)	2026-09-30T15:14:42.7010684Z C/C++: /home/runner/work/daddyboard/daddyboard/daddyboard-main/app/src/main/jni/src/defines.h:289:8: note: expanded from macro 'DISALLOW_ASSIGNMENT_OPERATOR'
build	Build DaddyBoard (HeliBoard fork)	2026-09-30T15:14:42.7011567Z C/C++:   289 |   void operator=(const TypeName&) = delete
build	Build DaddyBoard (HeliBoard fork)	2026-09-30T15:14:42.7011943Z C/C++:       |        ^
build	Build DaddyBoard (HeliBoard fork)	2026-09-30T15:14:42.7012948Z C/C++: /home/runner/work/daddyboard/daddyboard/daddyboard-main/app/src/main/jni/src/dictionary/utils/multi_bigram_map.h:57:53: note: in implicit copy constructor for 'latinime::BloomFilter' first required here
build	Build DaddyBoard (HeliBoard fork)	2026-09-30T15:14:42.7014197Z C/C++:    57 |                 : mBigramMap(bigramMap.mBigramMap), mBloomFilter(bigramMap.mBloomFilter) {}
build	Build DaddyBoard (HeliBoard fork)	2026-09-30T15:14:42.7014779Z C/C++:       |                                                     ^
build	Build DaddyBoard (HeliBoard fork)	2026-09-30T15:14:42.7015675Z C/C++: In file included from /home/runner/work/daddyboard/daddyboard/daddyboard-main/app/src/main/jni/src/suggest/policyimpl/typing/typing_suggest_policy.cpp:17:
build	Build DaddyBoard (HeliBoard fork)	2026-09-30T15:14:42.7017014Z C/C++: In file included from /home/runner/work/daddyboard/daddyboard/daddyboard-main/app/src/main/jni/src/suggest/policyimpl/typing/typing_suggest_policy.h:22:
build	Build DaddyBoard (HeliBoard fork)	2026-09-30T15:14:42.7018498Z C/C++: In file included from /home/runner/work/daddyboard/daddyboard/daddyboard-main/app/src/main/jni/src/suggest/policyimpl/typing/typing_scoring.h:23:
build	Build DaddyBoard (HeliBoard fork)	2026-09-30T15:14:42.7019823Z C/C++: In file included from /home/runner/work/daddyboard/daddyboard/daddyboard-main/app/src/main/jni/src/suggest/core/session/dic_traverse_session.h:23:
build	Build DaddyBoard (HeliBoard fork)	2026-09-30T15:14:42.7021129Z C/C++: In file included from /home/runner/work/daddyboard/daddyboard/daddyboard-main/app/src/main/jni/src/dictionary/utils/multi_bigram_map.h:24:
build	Build DaddyBoard (HeliBoard fork)	2026-09-30T15:14:42.7022505Z C/C++: In file included from /home/runner/work/daddyboard/daddyboard/daddyboard-main/app/src/main/jni/src/dictionary/interface/dictionary_structure_with_buffer_policy.h:25:
build	Build DaddyBoard (HeliBoard fork)	2026-09-30T15:14:42.7023837Z C/C++: In file included from /home/runner/work/daddyboard/daddyboard/daddyboard-main/app/src/main/jni/src/dictionary/property/word_property.h:23:
build	Build DaddyBoard (HeliBoard fork)	2026-09-30T15:14:42.7025067Z C/C++: In file included from /home/runner/work/daddyboard/daddyboard/daddyboard-main/app/src/main/jni/src/dictionary/property/ngram_property.h:24:
build	Build DaddyBoard (HeliBoard fork)	2026-09-30T15:14:42.7026685Z C/C++: In file included from /home/runner/work/daddyboard/daddyboard/daddyboard-main/app/src/main/jni/src/dictionary/property/ngram_context.h:23:
build	Build DaddyBoard (HeliBoard fork)	2026-09-30T15:14:42.7028777Z C/C++: /home/runner/work/daddyboard/daddyboard/daddyboard-main/app/src/main/jni/src/utils/int_array_view.h:160:5: warning: definition of implicit copy constructor for 'IntArrayView' is deprecated because it has a user-declared copy assignment operator [-Wdeprecated-copy]
build	Build DaddyBoard (HeliBoard fork)	2026-09-30T15:14:42.7030190Z C/C++:   160 |     DISALLOW_ASSIGNMENT_OPERATOR(IntArrayView);
build	Build DaddyBoard (HeliBoard fork)	2026-09-30T15:14:42.7030595Z C/C++:       |     ^
build	Build DaddyBoard (HeliBoard fork)	2026-09-30T15:14:42.7031360Z C/C++: /home/runner/work/daddyboard/daddyboard/daddyboard-main/app/src/main/jni/src/defines.h:289:8: note: expanded from macro 'DISALLOW_ASSIGNMENT_OPERATOR'
build	Build DaddyBoard (HeliBoard fork)	2026-09-30T15:14:42.7032270Z C/C++:   289 |   void operator=(const TypeName&) = delete
build	Build DaddyBoard (HeliBoard fork)	2026-09-30T15:14:42.7032663Z C/C++:       |        ^
build	Build DaddyBoard (HeliBoard fork)	2026-09-30T15:14:42.7033659Z C/C++: /home/runner/work/daddyboard/daddyboard/daddyboard-main/app/src/main/jni/src/suggest/core/dicnode/dic_node.h:110:53: note: in implicit copy constructor for 'latinime::IntArrayView' first required here
build	Build DaddyBoard (HeliBoard fork)	2026-09-30T15:14:42.7034841Z C/C++:   110 |         mDicNodeProperties.init(rootPtNodeArrayPos, prevWordIds);
build	Build DaddyBoard (HeliBoard fork)	2026-09-30T15:14:42.7035370Z C/C++:       |                                                     ^
build	Build DaddyBoard (HeliBoard fork)	2026-09-30T15:14:42.7036264Z C/C++: In file included from /home/runner/work/daddyboard/daddyboard/daddyboard-main/app/src/main/jni/src/suggest/policyimpl/typing/typing_suggest_policy.cpp:17:
build	Build DaddyBoard (HeliBoard fork)	2026-09-30T15:14:42.7037636Z C/C++: In file included from /home/runner/work/daddyboard/daddyboard/daddyboard-main/app/src/main/jni/src/suggest/policyimpl/typing/typing_suggest_policy.h:23:
build	Build DaddyBoard (HeliBoard fork)	2026-09-30T15:14:42.7039185Z C/C++: In file included from /home/runner/work/daddyboard/daddyboard/daddyboard-main/app/src/main/jni/src/suggest/policyimpl/typing/typing_traversal.h:26:
build	Build DaddyBoard (HeliBoard fork)	2026-09-30T15:14:42.7040750Z C/C++: /home/runner/work/daddyboard/daddyboard/daddyboard-main/app/src/main/jni/src/suggest/core/layout/proximity_info_utils.h:75:25: warning: variable 'proximityChar' set but not used [-Wunused-but-set-variable]
build	Build DaddyBoard (HeliBoard fork)	2026-09-30T15:14:42.7041949Z C/C++:    75 |                     int proximityChar =
build	Build DaddyBoard (HeliBoard fork)	2026-09-30T15:14:42.7042328Z C/C++:       |                         ^
build	Build DaddyBoard (HeliBoard fork)	2026-09-30T15:14:42.7999687Z C/C++: In file included from /home/runner/work/daddyboard/daddyboard/daddyboard-main/app/src/main/jni/src/suggest/policyimpl/typing/typing_suggest_policy.cpp:17:
build	Build DaddyBoard (HeliBoard fork)	2026-09-30T15:14:42.8001286Z C/C++: In file included from /home/runner/work/daddyboard/daddyboard/daddyboard-main/app/src/main/jni/src/suggest/policyimpl/typing/typing_suggest_policy.h:22:
build	Build DaddyBoard (HeliBoard fork)	2026-09-30T15:14:42.8002632Z C/C++: In file included from /home/runner/work/daddyboard/daddyboard/daddyboard-main/app/src/main/jni/src/suggest/policyimpl/typing/typing_scoring.h:23:
build	Build DaddyBoard (HeliBoard fork)	2026-09-30T15:14:42.8003926Z C/C++: In file included from /home/runner/work/daddyboard/daddyboard/daddyboard-main/app/src/main/jni/src/suggest/core/session/dic_traverse_session.h:23:
build	Build DaddyBoard (HeliBoard fork)	2026-09-30T15:14:42.8005277Z C/C++: In file included from /home/runner/work/daddyboard/daddyboard/daddyboard-main/app/src/main/jni/src/dictionary/utils/multi_bigram_map.h:24:
build	Build DaddyBoard (HeliBoard fork)	2026-09-30T15:14:42.8006601Z C/C++: In file included from /home/runner/work/daddyboard/daddyboard/daddyboard-main/app/src/main/jni/src/dictionary/interface/dictionary_structure_with_buffer_policy.h:25:
build	Build DaddyBoard (HeliBoard fork)	2026-09-30T15:14:42.8007950Z C/C++: In file included from /home/runner/work/daddyboard/daddyboard/daddyboard-main/app/src/main/jni/src/dictionary/property/word_property.h:23:
build	Build DaddyBoard (HeliBoard fork)	2026-09-30T15:14:42.8010222Z C/C++: /home/runner/work/daddyboard/daddyboard/daddyboard-main/app/src/main/jni/src/dictionary/property/ngram_property.h:54:5: warning: definition of implicit copy constructor for 'NgramProperty' is deprecated because it has a user-declared copy assignment operator [-Wdeprecated-copy]
build	Build DaddyBoard (HeliBoard fork)	2026-09-30T15:14:42.8011238Z C/C++:    54 |     DISALLOW_ASSIGNMENT_OPERATOR(NgramProperty);
build	Build DaddyBoard (HeliBoard fork)	2026-09-30T15:14:42.8011853Z C/C++:       |     ^
build	Build DaddyBoard (HeliBoard fork)	2026-09-30T15:14:42.8012340Z C/C++: /home/runner/work/daddyboard/daddyboard/daddyboard-main/app/src/main/jni/src/defines.h:289:8: note: expanded from macro 'DISALLOW_ASSIGNMENT_OPERATOR'
build	Build DaddyBoard (HeliBoard fork)	2026-09-30T15:14:42.8013016Z C/C++:   289 |   void operator=(const TypeName&) = delete
build	Build DaddyBoard (HeliBoard fork)	2026-09-30T15:14:42.8013257Z C/C++:       |        ^
build	Build DaddyBoard (HeliBoard fork)	2026-09-30T15:14:42.8013920Z C/C++: /usr/local/lib/android/sdk/ndk/28.0.13004108/toolchains/llvm/prebuilt/linux-x86_64/sysroot/usr/include/c++/v1/__memory/allocator.h:173:24: note: in implicit copy constructor for 'latinime::NgramProperty' first required here
build	Build DaddyBoard (HeliBoard fork)	2026-09-30T15:14:42.8014620Z C/C++:   173 |     ::new ((void*)__p) _Up(std::forward<_Args>(__args)...);
build	Build DaddyBoard (HeliBoard fork)	2026-09-30T15:14:42.8014882Z C/C++:       |                        ^
build	Build DaddyBoard (HeliBoard fork)	2026-09-30T15:14:42.8015820Z C/C++: /usr/local/lib/android/sdk/ndk/28.0.13004108/toolchains/llvm/prebuilt/linux-x86_64/sysroot/usr/include/c++/v1/__memory/allocator_traits.h:320:9: note: in instantiation of function template specialization 'std::allocator<latinime::NgramProperty>::construct<latinime::NgramProperty, latinime::NgramProperty &>' requested here
build	Build DaddyBoard (HeliBoard fork)	2026-09-30T15:14:42.8016803Z C/C++:   320 |     __a.construct(__p, std::forward<_Args>(__args)...);
build	Build DaddyBoard (HeliBoard fork)	2026-09-30T15:14:42.8017067Z C/C++:       |         ^
build	Build DaddyBoard (HeliBoard fork)	2026-09-30T15:14:42.8018034Z C/C++: /usr/local/lib/android/sdk/ndk/28.0.13004108/toolchains/llvm/prebuilt/linux-x86_64/sysroot/usr/include/c++/v1/__memory/uninitialized_algorithms.h:551:31: note: in instantiation of function template specialization 'std::allocator_traits<std::allocator<latinime::NgramProperty>>::construct<latinime::NgramProperty, latinime::NgramProperty &, 0>' requested here
build	Build DaddyBoard (HeliBoard fork)	2026-09-30T15:14:42.8019352Z C/C++:   551 |     allocator_traits<_Alloc>::construct(__alloc, std::__to_address(__first2), *__first1);
build	Build DaddyBoard (HeliBoard fork)	2026-09-30T15:14:42.8019819Z C/C++:       |                               ^
build	Build DaddyBoard (HeliBoard fork)	2026-09-30T15:14:42.8020928Z C/C++: /usr/local/lib/android/sdk/ndk/28.0.13004108/toolchains/llvm/prebuilt/linux-x86_64/sysroot/usr/include/c++/v1/__memory/uninitialized_algorithms.h:594:33: note: in instantiation of function template specialization 'std::__uninitialized_allocator_copy_impl<std::allocator<latinime::NgramProperty>, latinime::NgramProperty *, latinime::NgramProperty *, latinime::NgramProperty *>' requested here
build	Build DaddyBoard (HeliBoard fork)	2026-09-30T15:14:42.8022092Z C/C++:   594 |   auto __result          = std::__uninitialized_allocator_copy_impl(
build	Build DaddyBoard (HeliBoard fork)	2026-09-30T15:14:42.8022386Z C/C++:       |                                 ^
build	Build DaddyBoard (HeliBoard fork)	2026-09-30T15:14:42.8023376Z C/C++: /usr/local/lib/android/sdk/ndk/28.0.13004108/toolchains/llvm/prebuilt/linux-x86_64/sysroot/usr/include/c++/v1/vector:1100:22: note: in instantiation of function template specialization 'std::__uninitialized_allocator_copy<std::allocator<latinime::NgramProperty>, latinime::NgramProperty *, latinime::NgramProperty *, latinime::NgramProperty *>' requested here
build	Build DaddyBoard (HeliBoard fork)	2026-09-30T15:14:42.8024493Z C/C++:  1100 |   __tx.__pos_ = std::__uninitialized_allocator_copy(__alloc(), __first, __last, __tx.__pos_);
build	Build DaddyBoard (HeliBoard fork)	2026-09-30T15:14:42.8024838Z C/C++:       |                      ^
build	Build DaddyBoard (HeliBoard fork)	2026-09-30T15:14:42.8025693Z C/C++: /usr/local/lib/android/sdk/ndk/28.0.13004108/toolchains/llvm/prebuilt/linux-x86_64/sysroot/usr/include/c++/v1/vector:761:7: note: in instantiation of function template specialization 'std::vector<latinime::NgramProperty>::__construct_at_end<latinime::NgramProperty *, latinime::NgramProperty *>' requested here
build	Build DaddyBoard (HeliBoard fork)	2026-09-30T15:14:42.8026591Z C/C++:   761 |       __construct_at_end(__first, __last, __n);
build	Build DaddyBoard (HeliBoard fork)	2026-09-30T15:14:42.8026828Z C/C++:       |       ^
build	Build DaddyBoard (HeliBoard fork)	2026-09-30T15:14:42.8027640Z C/C++: /usr/local/lib/android/sdk/ndk/28.0.13004108/toolchains/llvm/prebuilt/linux-x86_64/sysroot/usr/include/c++/v1/vector:1213:3: note: in instantiation of function template specialization 'std::vector<latinime::NgramProperty>::__init_with_size<latinime::NgramProperty *, latinime::NgramProperty *>' requested here
build	Build DaddyBoard (HeliBoard fork)	2026-09-30T15:14:42.8028649Z C/C++:  1213 |   __init_with_size(__x.__begin_, __x.__end_, __x.size());
build	Build DaddyBoard (HeliBoard fork)	2026-09-30T15:14:42.8029027Z C/C++:       |   ^
build	Build DaddyBoard (HeliBoard fork)	2026-09-30T15:14:42.8029674Z C/C++: /home/runner/work/daddyboard/daddyboard/daddyboard-main/app/src/main/jni/src/dictionary/property/word_property.h:39:15: note: in instantiation of member function 'std::vector<latinime::NgramProperty>::vector' requested here
build	Build DaddyBoard (HeliBoard fork)	2026-09-30T15:14:42.8030452Z C/C++:    39 |               mNgrams(ngrams) {}
build	Build DaddyBoard (HeliBoard fork)	2026-09-30T15:14:42.8030668Z C/C++:       |               ^
build	Build DaddyBoard (HeliBoard fork)	2026-09-30T15:14:42.8999480Z C/C++: 6 warnings generated.
build	Build DaddyBoard (HeliBoard fork)	2026-09-30T15:14:43.2999833Z C/C++: In file included from /home/runner/work/daddyboard/daddyboard/daddyboard-main/app/src/main/jni/src/suggest/policyimpl/typing/typing_traversal.cpp:17:
build	Build DaddyBoard (HeliBoard fork)	2026-09-30T15:14:43.3001286Z C/C++: In file included from /home/runner/work/daddyboard/daddyboard/daddyboard-main/app/src/main/jni/src/suggest/policyimpl/typing/typing_traversal.h:23:
build	Build DaddyBoard (HeliBoard fork)	2026-09-30T15:14:43.3002445Z C/C++: In file included from /home/runner/work/daddyboard/daddyboard/daddyboard-main/app/src/main/jni/src/suggest/core/dicnode/dic_node.h:22:
build	Build DaddyBoard (HeliBoard fork)	2026-09-30T15:14:43.3003547Z C/C++: In file included from /home/runner/work/daddyboard/daddyboard/daddyboard-main/app/src/main/jni/src/suggest/core/dicnode/dic_node_utils.h:21:
build	Build DaddyBoard (HeliBoard fork)	2026-09-30T15:14:43.3005207Z C/C++: /home/runner/work/daddyboard/daddyboard/daddyboard-main/app/src/main/jni/src/utils/int_array_view.h:160:5: warning: definition of implicit copy constructor for 'IntArrayView' is deprecated because it has a user-declared copy assignment operator [-Wdeprecated-copy]
build	Build DaddyBoard (HeliBoard fork)	2026-09-30T15:14:43.3006591Z C/C++:   160 |     DISALLOW_ASSIGNMENT_OPERATOR(IntArrayView);
build	Build DaddyBoard (HeliBoard fork)	2026-09-30T15:14:43.3006981Z C/C++:       |     ^
build	Build DaddyBoard (HeliBoard fork)	2026-09-30T15:14:43.3007763Z C/C++: /home/runner/work/daddyboard/daddyboard/daddyboard-main/app/src/main/jni/src/defines.h:289:8: note: expanded from macro 'DISALLOW_ASSIGNMENT_OPERATOR'
build	Build DaddyBoard (HeliBoard fork)	2026-09-30T15:14:43.3008864Z C/C++:   289 |   void operator=(const TypeName&) = delete
build	Build DaddyBoard (HeliBoard fork)	2026-09-30T15:14:43.3009251Z C/C++:       |        ^
build	Build DaddyBoard (HeliBoard fork)	2026-09-30T15:14:43.3010231Z C/C++: /home/runner/work/daddyboard/daddyboard/daddyboard-main/app/src/main/jni/src/suggest/core/dicnode/dic_node.h:110:53: note: in implicit copy constructor for 'latinime::IntArrayView' first required here
build	Build DaddyBoard (HeliBoard fork)	2026-09-30T15:14:43.3011448Z C/C++:   110 |         mDicNodeProperties.init(rootPtNodeArrayPos, prevWordIds);
build	Build DaddyBoard (HeliBoard fork)	2026-09-30T15:14:43.3012181Z C/C++:       |                                                     ^
build	Build DaddyBoard (HeliBoard fork)	2026-09-30T15:14:43.3013103Z C/C++: In file included from /home/runner/work/daddyboard/daddyboard/daddyboard-main/app/src/main/jni/src/suggest/policyimpl/typing/typing_traversal.cpp:17:
build	Build DaddyBoard (HeliBoard fork)	2026-09-30T15:14:43.3014595Z C/C++: In file included from /home/runner/work/daddyboard/daddyboard/daddyboard-main/app/src/main/jni/src/suggest/policyimpl/typing/typing_traversal.h:26:
build	Build DaddyBoard (HeliBoard fork)	2026-09-30T15:14:43.3016303Z C/C++: /home/runner/work/daddyboard/daddyboard/daddyboard-main/app/src/main/jni/src/suggest/core/layout/proximity_info_utils.h:75:25: warning: variable 'proximityChar' set but not used [-Wunused-but-set-variable]
build	Build DaddyBoard (HeliBoard fork)	2026-09-30T15:14:43.3017534Z C/C++:    75 |                     int proximityChar =
build	Build DaddyBoard (HeliBoard fork)	2026-09-30T15:14:43.3017971Z C/C++:       |                         ^
build	Build DaddyBoard (HeliBoard fork)	2026-09-30T15:14:43.3019062Z C/C++: In file included from /home/runner/work/daddyboard/daddyboard/daddyboard-main/app/src/main/jni/src/suggest/policyimpl/typing/typing_traversal.cpp:17:
build	Build DaddyBoard (HeliBoard fork)	2026-09-30T15:14:43.3020476Z C/C++: In file included from /home/runner/work/daddyboard/daddyboard/daddyboard-main/app/src/main/jni/src/suggest/policyimpl/typing/typing_traversal.h:28:
build	Build DaddyBoard (HeliBoard fork)	2026-09-30T15:14:43.3021916Z C/C++: In file included from /home/runner/work/daddyboard/daddyboard/daddyboard-main/app/src/main/jni/src/suggest/core/session/dic_traverse_session.h:23:
build	Build DaddyBoard (HeliBoard fork)	2026-09-30T15:14:43.3034138Z C/C++: In file included from /home/runner/work/daddyboard/daddyboard/daddyboard-main/app/src/main/jni/src/dictionary/utils/multi_bigram_map.h:24:
build	Build DaddyBoard (HeliBoard fork)	2026-09-30T15:14:43.3035601Z C/C++: In file included from /home/runner/work/daddyboard/daddyboard/daddyboard-main/app/src/main/jni/src/dictionary/interface/dictionary_structure_with_buffer_policy.h:23:
build	Build DaddyBoard (HeliBoard fork)	2026-09-30T15:14:43.3037402Z C/C++: /home/runner/work/daddyboard/daddyboard/daddyboard-main/app/src/main/jni/src/dictionary/property/historical_info.h:52:5: warning: definition of implicit copy constructor for 'HistoricalInfo' is deprecated because it has a user-declared copy assignment operator [-Wdeprecated-copy]
build	Build DaddyBoard (HeliBoard fork)	2026-09-30T15:14:43.3038629Z C/C++:    52 |     DISALLOW_ASSIGNMENT_OPERATOR(HistoricalInfo);
build	Build DaddyBoard (HeliBoard fork)	2026-09-30T15:14:43.3038884Z C/C++:       |     ^
build	Build DaddyBoard (HeliBoard fork)	2026-09-30T15:14:43.3039351Z C/C++: /home/runner/work/daddyboard/daddyboard/daddyboard-main/app/src/main/jni/src/defines.h:289:8: note: expanded from macro 'DISALLOW_ASSIGNMENT_OPERATOR'
build	Build DaddyBoard (HeliBoard fork)	2026-09-30T15:14:43.3039893Z C/C++:   289 |   void operator=(const TypeName&) = delete
build	Build DaddyBoard (HeliBoard fork)	2026-09-30T15:14:43.3040137Z C/C++:       |        ^
build	Build DaddyBoard (HeliBoard fork)	2026-09-30T15:14:43.3040762Z C/C++: /home/runner/work/daddyboard/daddyboard/daddyboard-main/app/src/main/jni/src/dictionary/property/ngram_property.h:33:42: note: in implicit copy constructor for 'latinime::HistoricalInfo' first required here
build	Build DaddyBoard (HeliBoard fork)	2026-09-30T15:14:43.3041492Z C/C++:    33 |               mProbability(probability), mHistoricalInfo(historicalInfo) {}
build	Build DaddyBoard (HeliBoard fork)	2026-09-30T15:14:43.3041814Z C/C++:       |                                          ^
build	Build DaddyBoard (HeliBoard fork)	2026-09-30T15:14:43.3042333Z C/C++: In file included from /home/runner/work/daddyboard/daddyboard/daddyboard-main/app/src/main/jni/src/suggest/policyimpl/typing/typing_traversal.cpp:17:
build	Build DaddyBoard (HeliBoard fork)	2026-09-30T15:14:43.3043107Z C/C++: In file included from /home/runner/work/daddyboard/daddyboard/daddyboard-main/app/src/main/jni/src/suggest/policyimpl/typing/typing_traversal.h:28:
build	Build DaddyBoard (HeliBoard fork)	2026-09-30T15:14:43.3043878Z C/C++: In file included from /home/runner/work/daddyboard/daddyboard/daddyboard-main/app/src/main/jni/src/suggest/core/session/dic_traverse_session.h:23:
build	Build DaddyBoard (HeliBoard fork)	2026-09-30T15:14:43.3044650Z C/C++: In file included from /home/runner/work/daddyboard/daddyboard/daddyboard-main/app/src/main/jni/src/dictionary/utils/multi_bigram_map.h:24:
build	Build DaddyBoard (HeliBoard fork)	2026-09-30T15:14:43.3045443Z C/C++: In file included from /home/runner/work/daddyboard/daddyboard/daddyboard-main/app/src/main/jni/src/dictionary/interface/dictionary_structure_with_buffer_policy.h:25:
build	Build DaddyBoard (HeliBoard fork)	2026-09-30T15:14:43.3046229Z C/C++: In file included from /home/runner/work/daddyboard/daddyboard/daddyboard-main/app/src/main/jni/src/dictionary/property/word_property.h:24:
build	Build DaddyBoard (HeliBoard fork)	2026-09-30T15:14:43.3047329Z C/C++: /home/runner/work/daddyboard/daddyboard/daddyboard-main/app/src/main/jni/src/dictionary/property/unigram_property.h:126:5: warning: definition of implicit copy constructor for 'UnigramProperty' is deprecated because it has a user-declared copy assignment operator [-Wdeprecated-copy]
build	Build DaddyBoard (HeliBoard fork)	2026-09-30T15:14:43.3048204Z C/C++:   126 |     DISALLOW_ASSIGNMENT_OPERATOR(UnigramProperty);
build	Build DaddyBoard (HeliBoard fork)	2026-09-30T15:14:43.3048628Z C/C++:       |     ^
build	Build DaddyBoard (HeliBoard fork)	2026-09-30T15:14:43.3049087Z C/C++: /home/runner/work/daddyboard/daddyboard/daddyboard-main/app/src/main/jni/src/defines.h:289:8: note: expanded from macro 'DISALLOW_ASSIGNMENT_OPERATOR'
build	Build DaddyBoard (HeliBoard fork)	2026-09-30T15:14:43.3049599Z C/C++:   289 |   void operator=(const TypeName&) = delete
build	Build DaddyBoard (HeliBoard fork)	2026-09-30T15:14:43.3049836Z C/C++:       |        ^
build	Build DaddyBoard (HeliBoard fork)	2026-09-30T15:14:43.3050438Z C/C++: /home/runner/work/daddyboard/daddyboard/daddyboard-main/app/src/main/jni/src/dictionary/property/word_property.h:38:51: note: in implicit copy constructor for 'latinime::UnigramProperty' first required here
build	Build DaddyBoard (HeliBoard fork)	2026-09-30T15:14:43.3051181Z C/C++:    38 |             : mCodePoints(std::move(codePoints)), mUnigramProperty(unigramProperty),
build	Build DaddyBoard (HeliBoard fork)	2026-09-30T15:14:43.3051527Z C/C++:       |                                                   ^
build	Build DaddyBoard (HeliBoard fork)	2026-09-30T15:14:43.3052037Z C/C++: In file included from /home/runner/work/daddyboard/daddyboard/daddyboard-main/app/src/main/jni/src/suggest/policyimpl/typing/typing_traversal.cpp:17:
build	Build DaddyBoard (HeliBoard fork)	2026-09-30T15:14:43.3052804Z C/C++: In file included from /home/runner/work/daddyboard/daddyboard/daddyboard-main/app/src/main/jni/src/suggest/policyimpl/typing/typing_traversal.h:28:
build	Build DaddyBoard (HeliBoard fork)	2026-09-30T15:14:43.3053549Z C/C++: In file included from /home/runner/work/daddyboard/daddyboard/daddyboard-main/app/src/main/jni/src/suggest/core/session/dic_traverse_session.h:23:
build	Build DaddyBoard (HeliBoard fork)	2026-09-30T15:14:43.3054403Z C/C++: In file included from /home/runner/work/daddyboard/daddyboard/daddyboard-main/app/src/main/jni/src/dictionary/utils/multi_bigram_map.h:27:
build	Build DaddyBoard (HeliBoard fork)	2026-09-30T15:14:43.3055550Z C/C++: /home/runner/work/daddyboard/daddyboard/daddyboard-main/app/src/main/jni/src/dictionary/utils/bloom_filter.h:47:5: warning: definition of implicit copy constructor for 'BloomFilter' is deprecated because it has a user-declared copy assignment operator [-Wdeprecated-copy]
build	Build DaddyBoard (HeliBoard fork)	2026-09-30T15:14:43.3056366Z C/C++:    47 |     DISALLOW_ASSIGNMENT_OPERATOR(BloomFilter);
build	Build DaddyBoard (HeliBoard fork)	2026-09-30T15:14:43.3056611Z C/C++:       |     ^
build	Build DaddyBoard (HeliBoard fork)	2026-09-30T15:14:43.3057064Z C/C++: /home/runner/work/daddyboard/daddyboard/daddyboard-main/app/src/main/jni/src/defines.h:289:8: note: expanded from macro 'DISALLOW_ASSIGNMENT_OPERATOR'
build	Build DaddyBoard (HeliBoard fork)	2026-09-30T15:14:43.3057580Z C/C++:   289 |   void operator=(const TypeName&) = delete
build	Build DaddyBoard (HeliBoard fork)	2026-09-30T15:14:43.3057810Z C/C++:       |        ^
build	Build DaddyBoard (HeliBoard fork)	2026-09-30T15:14:43.3058484Z C/C++: /home/runner/work/daddyboard/daddyboard/daddyboard-main/app/src/main/jni/src/dictionary/utils/multi_bigram_map.h:57:53: note: in implicit copy constructor for 'latinime::BloomFilter' first required here
build	Build DaddyBoard (HeliBoard fork)	2026-09-30T15:14:43.3059249Z C/C++:    57 |                 : mBigramMap(bigramMap.mBigramMap), mBloomFilter(bigramMap.mBloomFilter) {}
build	Build DaddyBoard (HeliBoard fork)	2026-09-30T15:14:43.3059611Z C/C++:       |                                                     ^
build	Build DaddyBoard (HeliBoard fork)	2026-09-30T15:14:43.3999984Z C/C++: In file included from /home/runner/work/daddyboard/daddyboard/daddyboard-main/app/src/main/jni/src/suggest/policyimpl/typing/typing_traversal.cpp:17:
build	Build DaddyBoard (HeliBoard fork)	2026-09-30T15:14:43.4001129Z C/C++: In file included from /home/runner/work/daddyboard/daddyboard/daddyboard-main/app/src/main/jni/src/suggest/policyimpl/typing/typing_traversal.h:28:
build	Build DaddyBoard (HeliBoard fork)	2026-09-30T15:14:43.4001933Z C/C++: In file included from /home/runner/work/daddyboard/daddyboard/daddyboard-main/app/src/main/jni/src/suggest/core/session/dic_traverse_session.h:23:
build	Build DaddyBoard (HeliBoard fork)	2026-09-30T15:14:43.4002750Z C/C++: In file included from /home/runner/work/daddyboard/daddyboard/daddyboard-main/app/src/main/jni/src/dictionary/utils/multi_bigram_map.h:24:
build	Build DaddyBoard (HeliBoard fork)	2026-09-30T15:14:43.4003599Z C/C++: In file included from /home/runner/work/daddyboard/daddyboard/daddyboard-main/app/src/main/jni/src/dictionary/interface/dictionary_structure_with_buffer_policy.h:25:
build	Build DaddyBoard (HeliBoard fork)	2026-09-30T15:14:43.4004400Z C/C++: In file included from /home/runner/work/daddyboard/daddyboard/daddyboard-main/app/src/main/jni/src/dictionary/property/word_property.h:23:
build	Build DaddyBoard (HeliBoard fork)	2026-09-30T15:14:43.4005492Z C/C++: /home/runner/work/daddyboard/daddyboard/daddyboard-main/app/src/main/jni/src/dictionary/property/ngram_property.h:54:5: warning: definition of implicit copy constructor for 'NgramProperty' is deprecated because it has a user-declared copy assignment operator [-Wdeprecated-copy]
build	Build DaddyBoard (HeliBoard fork)	2026-09-30T15:14:43.4006550Z C/C++:    54 |     DISALLOW_ASSIGNMENT_OPERATOR(NgramProperty);
build	Build DaddyBoard (HeliBoard fork)	2026-09-30T15:14:43.4006810Z C/C++:       |     ^
build	Build DaddyBoard (HeliBoard fork)	2026-09-30T15:14:43.4007419Z C/C++: /home/runner/work/daddyboard/daddyboard/daddyboard-main/app/src/main/jni/src/defines.h:289:8: note: expanded from macro 'DISALLOW_ASSIGNMENT_OPERATOR'
build	Build DaddyBoard (HeliBoard fork)	2026-09-30T15:14:43.4008021Z C/C++:   289 |   void operator=(const TypeName&) = delete
build	Build DaddyBoard (HeliBoard fork)	2026-09-30T15:14:43.4008445Z C/C++:       |        ^
build	Build DaddyBoard (HeliBoard fork)	2026-09-30T15:14:43.4009157Z C/C++: /usr/local/lib/android/sdk/ndk/28.0.13004108/toolchains/llvm/prebuilt/linux-x86_64/sysroot/usr/include/c++/v1/__memory/allocator.h:173:24: note: in implicit copy constructor for 'latinime::NgramProperty' first required here
build	Build DaddyBoard (HeliBoard fork)	2026-09-30T15:14:43.4009916Z C/C++:   173 |     ::new ((void*)__p) _Up(std::forward<_Args>(__args)...);
build	Build DaddyBoard (HeliBoard fork)	2026-09-30T15:14:43.4010198Z C/C++:       |                        ^
build	Build DaddyBoard (HeliBoard fork)	2026-09-30T15:14:43.4011159Z C/C++: /usr/local/lib/android/sdk/ndk/28.0.13004108/toolchains/llvm/prebuilt/linux-x86_64/sysroot/usr/include/c++/v1/__memory/allocator_traits.h:320:9: note: in instantiation of function template specialization 'std::allocator<latinime::NgramProperty>::construct<latinime::NgramProperty, latinime::NgramProperty &>' requested here
build	Build DaddyBoard (HeliBoard fork)	2026-09-30T15:14:43.4012472Z C/C++:   320 |     __a.construct(__p, std::forward<_Args>(__args)...);
build	Build DaddyBoard (HeliBoard fork)	2026-09-30T15:14:43.4012906Z C/C++:       |         ^
build	Build DaddyBoard (HeliBoard fork)	2026-09-30T15:14:43.4013893Z C/C++: /usr/local/lib/android/sdk/ndk/28.0.13004108/toolchains/llvm/prebuilt/linux-x86_64/sysroot/usr/include/c++/v1/__memory/uninitialized_algorithms.h:551:31: note: in instantiation of function template specialization 'std::allocator_traits<std::allocator<latinime::NgramProperty>>::construct<latinime::NgramProperty, latinime::NgramProperty &, 0>' requested here
build	Build DaddyBoard (HeliBoard fork)	2026-09-30T15:14:43.4015051Z C/C++:   551 |     allocator_traits<_Alloc>::construct(__alloc, std::__to_address(__first2), *__first1);
build	Build DaddyBoard (HeliBoard fork)	2026-09-30T15:14:43.4015431Z C/C++:       |                               ^
build	Build DaddyBoard (HeliBoard fork)	2026-09-30T15:14:43.4016520Z C/C++: /usr/local/lib/android/sdk/ndk/28.0.13004108/toolchains/llvm/prebuilt/linux-x86_64/sysroot/usr/include/c++/v1/__memory/uninitialized_algorithms.h:594:33: note: in instantiation of function template specialization 'std::__uninitialized_allocator_copy_impl<std::allocator<latinime::NgramProperty>, latinime::NgramProperty *, latinime::NgramProperty *, latinime::NgramProperty *>' requested here
build	Build DaddyBoard (HeliBoard fork)	2026-09-30T15:14:43.4017710Z C/C++:   594 |   auto __result          = std::__uninitialized_allocator_copy_impl(
build	Build DaddyBoard (HeliBoard fork)	2026-09-30T15:14:43.4018014Z C/C++:       |                                 ^
build	Build DaddyBoard (HeliBoard fork)	2026-09-30T15:14:43.4019256Z C/C++: /usr/local/lib/android/sdk/ndk/28.0.13004108/toolchains/llvm/prebuilt/linux-x86_64/sysroot/usr/include/c++/v1/vector:1100:22: note: in instantiation of function template specialization 'std::__uninitialized_allocator_copy<std::allocator<latinime::NgramProperty>, latinime::NgramProperty *, latinime::NgramProperty *, latinime::NgramProperty *>' requested here
build	Build DaddyBoard (HeliBoard fork)	2026-09-30T15:14:43.4020442Z C/C++:  1100 |   __tx.__pos_ = std::__uninitialized_allocator_copy(__alloc(), __first, __last, __tx.__pos_);
build	Build DaddyBoard (HeliBoard fork)	2026-09-30T15:14:43.4020827Z C/C++:       |                      ^
build	Build DaddyBoard (HeliBoard fork)	2026-09-30T15:14:43.4021703Z C/C++: /usr/local/lib/android/sdk/ndk/28.0.13004108/toolchains/llvm/prebuilt/linux-x86_64/sysroot/usr/include/c++/v1/vector:761:7: note: in instantiation of function template specialization 'std::vector<latinime::NgramProperty>::__construct_at_end<latinime::NgramProperty *, latinime::NgramProperty *>' requested here
build	Build DaddyBoard (HeliBoard fork)	2026-09-30T15:14:43.4022642Z C/C++:   761 |       __construct_at_end(__first, __last, __n);
build	Build DaddyBoard (HeliBoard fork)	2026-09-30T15:14:43.4022891Z C/C++:       |       ^
build	Build DaddyBoard (HeliBoard fork)	2026-09-30T15:14:43.4023721Z C/C++: /usr/local/lib/android/sdk/ndk/28.0.13004108/toolchains/llvm/prebuilt/linux-x86_64/sysroot/usr/include/c++/v1/vector:1213:3: note: in instantiation of function template specialization 'std::vector<latinime::NgramProperty>::__init_with_size<latinime::NgramProperty *, latinime::NgramProperty *>' requested here
build	Build DaddyBoard (HeliBoard fork)	2026-09-30T15:14:43.4024662Z C/C++:  1213 |   __init_with_size(__x.__begin_, __x.__end_, __x.size());
build	Build DaddyBoard (HeliBoard fork)	2026-09-30T15:14:43.4024933Z C/C++:       |   ^
build	Build DaddyBoard (HeliBoard fork)	2026-09-30T15:14:43.4025589Z C/C++: /home/runner/work/daddyboard/daddyboard/daddyboard-main/app/src/main/jni/src/dictionary/property/word_property.h:39:15: note: in instantiation of member function 'std::vector<latinime::NgramProperty>::vector' requested here
build	Build DaddyBoard (HeliBoard fork)	2026-09-30T15:14:43.4026311Z C/C++:    39 |               mNgrams(ngrams) {}
build	Build DaddyBoard (HeliBoard fork)	2026-09-30T15:14:43.4026544Z C/C++:       |               ^
build	Build DaddyBoard (HeliBoard fork)	2026-09-30T15:14:43.4999391Z C/C++: 6 warnings generated.
build	Build DaddyBoard (HeliBoard fork)	2026-09-30T15:14:43.9000151Z C/C++: In file included from /home/runner/work/daddyboard/daddyboard/daddyboard-main/app/src/main/jni/src/suggest/policyimpl/typing/typing_weighting.cpp:17:
build	Build DaddyBoard (HeliBoard fork)	2026-09-30T15:14:43.9001460Z C/C++: In file included from /home/runner/work/daddyboard/daddyboard/daddyboard-main/app/src/main/jni/src/suggest/policyimpl/typing/typing_weighting.h:25:
build	Build DaddyBoard (HeliBoard fork)	2026-09-30T15:14:43.9002329Z C/C++: In file included from /home/runner/work/daddyboard/daddyboard/daddyboard-main/app/src/main/jni/src/suggest/core/session/dic_traverse_session.h:23:
build	Build DaddyBoard (HeliBoard fork)	2026-09-30T15:14:43.9003405Z C/C++: In file included from /home/runner/work/daddyboard/daddyboard/daddyboard-main/app/src/main/jni/src/dictionary/utils/multi_bigram_map.h:24:
build	Build DaddyBoard (HeliBoard fork)	2026-09-30T15:14:43.9004292Z C/C++: In file included from /home/runner/work/daddyboard/daddyboard/daddyboard-main/app/src/main/jni/src/dictionary/interface/dictionary_structure_with_buffer_policy.h:23:
build	Build DaddyBoard (HeliBoard fork)	2026-09-30T15:14:43.9005652Z C/C++: /home/runner/work/daddyboard/daddyboard/daddyboard-main/app/src/main/jni/src/dictionary/property/historical_info.h:52:5: warning: definition of implicit copy constructor for 'HistoricalInfo' is deprecated because it has a user-declared copy assignment operator [-Wdeprecated-copy]
build	Build DaddyBoard (HeliBoard fork)	2026-09-30T15:14:43.9006593Z C/C++:    52 |     DISALLOW_ASSIGNMENT_OPERATOR(HistoricalInfo);
build	Build DaddyBoard (HeliBoard fork)	2026-09-30T15:14:43.9006887Z C/C++:       |     ^
build	Build DaddyBoard (HeliBoard fork)	2026-09-30T15:14:43.9007363Z C/C++: /home/runner/work/daddyboard/daddyboard/daddyboard-main/app/src/main/jni/src/defines.h:289:8: note: expanded from macro 'DISALLOW_ASSIGNMENT_OPERATOR'
build	Build DaddyBoard (HeliBoard fork)	2026-09-30T15:14:43.9007947Z C/C++:   289 |   void operator=(const TypeName&) = delete
build	Build DaddyBoard (HeliBoard fork)	2026-09-30T15:14:43.9008201Z C/C++:       |        ^
build	Build DaddyBoard (HeliBoard fork)	2026-09-30T15:14:43.9009402Z C/C++: /home/runner/work/daddyboard/daddyboard/daddyboard-main/app/src/main/jni/src/dictionary/property/ngram_property.h:33:42: note: in implicit copy constructor for 'latinime::HistoricalInfo' first required here
build	Build DaddyBoard (HeliBoard fork)	2026-09-30T15:14:43.9010620Z C/C++:    33 |               mProbability(probability), mHistoricalInfo(historicalInfo) {}
build	Build DaddyBoard (HeliBoard fork)	2026-09-30T15:14:43.9011059Z C/C++:       |                                          ^
build	Build DaddyBoard (HeliBoard fork)	2026-09-30T15:14:43.9011576Z C/C++: In file included from /home/runner/work/daddyboard/daddyboard/daddyboard-main/app/src/main/jni/src/suggest/policyimpl/typing/typing_weighting.cpp:17:
build	Build DaddyBoard (HeliBoard fork)	2026-09-30T15:14:43.9012345Z C/C++: In file included from /home/runner/work/daddyboard/daddyboard/daddyboard-main/app/src/main/jni/src/suggest/policyimpl/typing/typing_weighting.h:25:
build	Build DaddyBoard (HeliBoard fork)	2026-09-30T15:14:43.9013117Z C/C++: In file included from /home/runner/work/daddyboard/daddyboard/daddyboard-main/app/src/main/jni/src/suggest/core/session/dic_traverse_session.h:23:
build	Build DaddyBoard (HeliBoard fork)	2026-09-30T15:14:43.9013882Z C/C++: In file included from /home/runner/work/daddyboard/daddyboard/daddyboard-main/app/src/main/jni/src/dictionary/utils/multi_bigram_map.h:24:
build	Build DaddyBoard (HeliBoard fork)	2026-09-30T15:14:43.9014672Z C/C++: In file included from /home/runner/work/daddyboard/daddyboard/daddyboard-main/app/src/main/jni/src/dictionary/interface/dictionary_structure_with_buffer_policy.h:25:
build	Build DaddyBoard (HeliBoard fork)	2026-09-30T15:14:43.9015460Z C/C++: In file included from /home/runner/work/daddyboard/daddyboard/daddyboard-main/app/src/main/jni/src/dictionary/property/word_property.h:24:
build	Build DaddyBoard (HeliBoard fork)	2026-09-30T15:14:43.9016555Z C/C++: /home/runner/work/daddyboard/daddyboard/daddyboard-main/app/src/main/jni/src/dictionary/property/unigram_property.h:126:5: warning: definition of implicit copy constructor for 'UnigramProperty' is deprecated because it has a user-declared copy assignment operator [-Wdeprecated-copy]
build	Build DaddyBoard (HeliBoard fork)	2026-09-30T15:14:43.9017434Z C/C++:   126 |     DISALLOW_ASSIGNMENT_OPERATOR(UnigramProperty);
build	Build DaddyBoard (HeliBoard fork)	2026-09-30T15:14:43.9017695Z C/C++:       |     ^
build	Build DaddyBoard (HeliBoard fork)	2026-09-30T15:14:43.9018151Z C/C++: /home/runner/work/daddyboard/daddyboard/daddyboard-main/app/src/main/jni/src/defines.h:289:8: note: expanded from macro 'DISALLOW_ASSIGNMENT_OPERATOR'
build	Build DaddyBoard (HeliBoard fork)	2026-09-30T15:14:43.9018871Z C/C++:   289 |   void operator=(const TypeName&) = delete
build	Build DaddyBoard (HeliBoard fork)	2026-09-30T15:14:43.9019119Z C/C++:       |        ^
build	Build DaddyBoard (HeliBoard fork)	2026-09-30T15:14:43.9019762Z C/C++: /home/runner/work/daddyboard/daddyboard/daddyboard-main/app/src/main/jni/src/dictionary/property/word_property.h:38:51: note: in implicit copy constructor for 'latinime::UnigramProperty' first required here
build	Build DaddyBoard (HeliBoard fork)	2026-09-30T15:14:43.9020511Z C/C++:    38 |             : mCodePoints(std::move(codePoints)), mUnigramProperty(unigramProperty),
build	Build DaddyBoard (HeliBoard fork)	2026-09-30T15:14:43.9020860Z C/C++:       |                                                   ^
build	Build DaddyBoard (HeliBoard fork)	2026-09-30T15:14:43.9021383Z C/C++: In file included from /home/runner/work/daddyboard/daddyboard/daddyboard-main/app/src/main/jni/src/suggest/policyimpl/typing/typing_weighting.cpp:17:
build	Build DaddyBoard (HeliBoard fork)	2026-09-30T15:14:43.9022301Z C/C++: In file included from /home/runner/work/daddyboard/daddyboard/daddyboard-main/app/src/main/jni/src/suggest/policyimpl/typing/typing_weighting.h:25:
build	Build DaddyBoard (HeliBoard fork)	2026-09-30T15:14:43.9023471Z C/C++: In file included from /home/runner/work/daddyboard/daddyboard/daddyboard-main/app/src/main/jni/src/suggest/core/session/dic_traverse_session.h:23:
build	Build DaddyBoard (HeliBoard fork)	2026-09-30T15:14:43.9024299Z C/C++: In file included from /home/runner/work/daddyboard/daddyboard/daddyboard-main/app/src/main/jni/src/dictionary/utils/multi_bigram_map.h:27:
build	Build DaddyBoard (HeliBoard fork)	2026-09-30T15:14:43.9025356Z C/C++: /home/runner/work/daddyboard/daddyboard/daddyboard-main/app/src/main/jni/src/dictionary/utils/bloom_filter.h:47:5: warning: definition of implicit copy constructor for 'BloomFilter' is deprecated because it has a user-declared copy assignment operator [-Wdeprecated-copy]
build	Build DaddyBoard (HeliBoard fork)	2026-09-30T15:14:43.9026184Z C/C++:    47 |     DISALLOW_ASSIGNMENT_OPERATOR(BloomFilter);
build	Build DaddyBoard (HeliBoard fork)	2026-09-30T15:14:43.9026428Z C/C++:       |     ^
build	Build DaddyBoard (HeliBoard fork)	2026-09-30T15:14:43.9026900Z C/C++: /home/runner/work/daddyboard/daddyboard/daddyboard-main/app/src/main/jni/src/defines.h:289:8: note: expanded from macro 'DISALLOW_ASSIGNMENT_OPERATOR'
build	Build DaddyBoard (HeliBoard fork)	2026-09-30T15:14:43.9027439Z C/C++:   289 |   void operator=(const TypeName&) = delete
build	Build DaddyBoard (HeliBoard fork)	2026-09-30T15:14:43.9027676Z C/C++:       |        ^
build	Build DaddyBoard (HeliBoard fork)	2026-09-30T15:14:43.9028359Z C/C++: /home/runner/work/daddyboard/daddyboard/daddyboard-main/app/src/main/jni/src/dictionary/utils/multi_bigram_map.h:57:53: note: in implicit copy constructor for 'latinime::BloomFilter' first required here
build	Build DaddyBoard (HeliBoard fork)	2026-09-30T15:14:43.9029145Z C/C++:    57 |                 : mBigramMap(bigramMap.mBigramMap), mBloomFilter(bigramMap.mBloomFilter) {}
build	Build DaddyBoard (HeliBoard fork)	2026-09-30T15:14:43.9029509Z C/C++:       |                                                     ^
build	Build DaddyBoard (HeliBoard fork)	2026-09-30T15:14:43.9030027Z C/C++: In file included from /home/runner/work/daddyboard/daddyboard/daddyboard-main/app/src/main/jni/src/suggest/policyimpl/typing/typing_weighting.cpp:17:
build	Build DaddyBoard (HeliBoard fork)	2026-09-30T15:14:43.9030800Z C/C++: In file included from /home/runner/work/daddyboard/daddyboard/daddyboard-main/app/src/main/jni/src/suggest/policyimpl/typing/typing_weighting.h:21:
build	Build DaddyBoard (HeliBoard fork)	2026-09-30T15:14:43.9031542Z C/C++: In file included from /home/runner/work/daddyboard/daddyboard/daddyboard-main/app/src/main/jni/src/suggest/core/dicnode/dic_node_utils.h:21:
build	Build DaddyBoard (HeliBoard fork)	2026-09-30T15:14:43.9032572Z C/C++: /home/runner/work/daddyboard/daddyboard/daddyboard-main/app/src/main/jni/src/utils/int_array_view.h:160:5: warning: definition of implicit copy constructor for 'IntArrayView' is deprecated because it has a user-declared copy assignment operator [-Wdeprecated-copy]
build	Build DaddyBoard (HeliBoard fork)	2026-09-30T15:14:43.9033372Z C/C++:   160 |     DISALLOW_ASSIGNMENT_OPERATOR(IntArrayView);
build	Build DaddyBoard (HeliBoard fork)	2026-09-30T15:14:43.9033611Z C/C++:       |     ^
build	Build DaddyBoard (HeliBoard fork)	2026-09-30T15:14:43.9034056Z C/C++: /home/runner/work/daddyboard/daddyboard/daddyboard-main/app/src/main/jni/src/defines.h:289:8: note: expanded from macro 'DISALLOW_ASSIGNMENT_OPERATOR'
build	Build DaddyBoard (HeliBoard fork)	2026-09-30T15:14:43.9034567Z C/C++:   289 |   void operator=(const TypeName&) = delete
build	Build DaddyBoard (HeliBoard fork)	2026-09-30T15:14:43.9034803Z C/C++:       |        ^
build	Build DaddyBoard (HeliBoard fork)	2026-09-30T15:14:43.9035378Z C/C++: /home/runner/work/daddyboard/daddyboard/daddyboard-main/app/src/main/jni/src/suggest/core/dicnode/dic_node.h:110:53: note: in implicit copy constructor for 'latinime::IntArrayView' first required here
build	Build DaddyBoard (HeliBoard fork)	2026-09-30T15:14:43.9036067Z C/C++:   110 |         mDicNodeProperties.init(rootPtNodeArrayPos, prevWordIds);
build	Build DaddyBoard (HeliBoard fork)	2026-09-30T15:14:43.9036387Z C/C++:       |                                                     ^
build	Build DaddyBoard (HeliBoard fork)	2026-09-30T15:14:44.0000247Z C/C++: In file included from /home/runner/work/daddyboard/daddyboard/daddyboard-main/app/src/main/jni/src/suggest/policyimpl/typing/typing_weighting.cpp:20:
build	Build DaddyBoard (HeliBoard fork)	2026-09-30T15:14:44.0001637Z C/C++: In file included from /home/runner/work/daddyboard/daddyboard/daddyboard-main/app/src/main/jni/src/suggest/core/layout/proximity_info.h:25:
build	Build DaddyBoard (HeliBoard fork)	2026-09-30T15:14:44.0003192Z C/C++: /home/runner/work/daddyboard/daddyboard/daddyboard-main/app/src/main/jni/src/suggest/core/layout/proximity_info_utils.h:75:25: warning: variable 'proximityChar' set but not used [-Wunused-but-set-variable]
build	Build DaddyBoard (HeliBoard fork)	2026-09-30T15:14:44.0004569Z C/C++:    75 |                     int proximityChar =
build	Build DaddyBoard (HeliBoard fork)	2026-09-30T15:14:44.0004957Z C/C++:       |                         ^
build	Build DaddyBoard (HeliBoard fork)	2026-09-30T15:14:44.0005477Z C/C++: In file included from /home/runner/work/daddyboard/daddyboard/daddyboard-main/app/src/main/jni/src/suggest/policyimpl/typing/typing_weighting.cpp:17:
build	Build DaddyBoard (HeliBoard fork)	2026-09-30T15:14:44.0006277Z C/C++: In file included from /home/runner/work/daddyboard/daddyboard/daddyboard-main/app/src/main/jni/src/suggest/policyimpl/typing/typing_weighting.h:25:
build	Build DaddyBoard (HeliBoard fork)	2026-09-30T15:14:44.0007030Z C/C++: In file included from /home/runner/work/daddyboard/daddyboard/daddyboard-main/app/src/main/jni/src/suggest/core/session/dic_traverse_session.h:23:
build	Build DaddyBoard (HeliBoard fork)	2026-09-30T15:14:44.0007770Z C/C++: In file included from /home/runner/work/daddyboard/daddyboard/daddyboard-main/app/src/main/jni/src/dictionary/utils/multi_bigram_map.h:24:
build	Build DaddyBoard (HeliBoard fork)	2026-09-30T15:14:44.0008807Z C/C++: In file included from /home/runner/work/daddyboard/daddyboard/daddyboard-main/app/src/main/jni/src/dictionary/interface/dictionary_structure_with_buffer_policy.h:25:
build	Build DaddyBoard (HeliBoard fork)	2026-09-30T15:14:44.0009617Z C/C++: In file included from /home/runner/work/daddyboard/daddyboard/daddyboard-main/app/src/main/jni/src/dictionary/property/word_property.h:23:
build	Build DaddyBoard (HeliBoard fork)	2026-09-30T15:14:44.0010711Z C/C++: /home/runner/work/daddyboard/daddyboard/daddyboard-main/app/src/main/jni/src/dictionary/property/ngram_property.h:54:5: warning: definition of implicit copy constructor for 'NgramProperty' is deprecated because it has a user-declared copy assignment operator [-Wdeprecated-copy]
build	Build DaddyBoard (HeliBoard fork)	2026-09-30T15:14:44.0011588Z C/C++:    54 |     DISALLOW_ASSIGNMENT_OPERATOR(NgramProperty);
build	Build DaddyBoard (HeliBoard fork)	2026-09-30T15:14:44.0011845Z C/C++:       |     ^
build	Build DaddyBoard (HeliBoard fork)	2026-09-30T15:14:44.0012307Z C/C++: /home/runner/work/daddyboard/daddyboard/daddyboard-main/app/src/main/jni/src/defines.h:289:8: note: expanded from macro 'DISALLOW_ASSIGNMENT_OPERATOR'
build	Build DaddyBoard (HeliBoard fork)	2026-09-30T15:14:44.0012825Z C/C++:   289 |   void operator=(const TypeName&) = delete
build	Build DaddyBoard (HeliBoard fork)	2026-09-30T15:14:44.0013068Z C/C++:       |        ^
build	Build DaddyBoard (HeliBoard fork)	2026-09-30T15:14:44.0013720Z C/C++: /usr/local/lib/android/sdk/ndk/28.0.13004108/toolchains/llvm/prebuilt/linux-x86_64/sysroot/usr/include/c++/v1/__memory/allocator.h:173:24: note: in implicit copy constructor for 'latinime::NgramProperty' first required here
build	Build DaddyBoard (HeliBoard fork)	2026-09-30T15:14:44.0014424Z C/C++:   173 |     ::new ((void*)__p) _Up(std::forward<_Args>(__args)...);
build	Build DaddyBoard (HeliBoard fork)	2026-09-30T15:14:44.0014689Z C/C++:       |                        ^
build	Build DaddyBoard (HeliBoard fork)	2026-09-30T15:14:44.0015604Z C/C++: /usr/local/lib/android/sdk/ndk/28.0.13004108/toolchains/llvm/prebuilt/linux-x86_64/sysroot/usr/include/c++/v1/__memory/allocator_traits.h:320:9: note: in instantiation of function template specialization 'std::allocator<latinime::NgramProperty>::construct<latinime::NgramProperty, latinime::NgramProperty &>' requested here
build	Build DaddyBoard (HeliBoard fork)	2026-09-30T15:14:44.0016569Z C/C++:   320 |     __a.construct(__p, std::forward<_Args>(__args)...);
build	Build DaddyBoard (HeliBoard fork)	2026-09-30T15:14:44.0016849Z C/C++:       |         ^
build	Build DaddyBoard (HeliBoard fork)	2026-09-30T15:14:44.0017823Z C/C++: /usr/local/lib/android/sdk/ndk/28.0.13004108/toolchains/llvm/prebuilt/linux-x86_64/sysroot/usr/include/c++/v1/__memory/uninitialized_algorithms.h:551:31: note: in instantiation of function template specialization 'std::allocator_traits<std::allocator<latinime::NgramProperty>>::construct<latinime::NgramProperty, latinime::NgramProperty &, 0>' requested here
build	Build DaddyBoard (HeliBoard fork)	2026-09-30T15:14:44.0019127Z C/C++:   551 |     allocator_traits<_Alloc>::construct(__alloc, std::__to_address(__first2), *__first1);
build	Build DaddyBoard (HeliBoard fork)	2026-09-30T15:14:44.0019484Z C/C++:       |                               ^
build	Build DaddyBoard (HeliBoard fork)	2026-09-30T15:14:44.0020560Z C/C++: /usr/local/lib/android/sdk/ndk/28.0.13004108/toolchains/llvm/prebuilt/linux-x86_64/sysroot/usr/include/c++/v1/__memory/uninitialized_algorithms.h:594:33: note: in instantiation of function template specialization 'std::__uninitialized_allocator_copy_impl<std::allocator<latinime::NgramProperty>, latinime::NgramProperty *, latinime::NgramProperty *, latinime::NgramProperty *>' requested here
build	Build DaddyBoard (HeliBoard fork)	2026-09-30T15:14:44.0021832Z C/C++:   594 |   auto __result          = std::__uninitialized_allocator_copy_impl(
build	Build DaddyBoard (HeliBoard fork)	2026-09-30T15:14:44.0022123Z C/C++:       |                                 ^
build	Build DaddyBoard (HeliBoard fork)	2026-09-30T15:14:44.0023213Z C/C++: /usr/local/lib/android/sdk/ndk/28.0.13004108/toolchains/llvm/prebuilt/linux-x86_64/sysroot/usr/include/c++/v1/vector:1100:22: note: in instantiation of function template specialization 'std::__uninitialized_allocator_copy<std::allocator<latinime::NgramProperty>, latinime::NgramProperty *, latinime::NgramProperty *, latinime::NgramProperty *>' requested here
build	Build DaddyBoard (HeliBoard fork)	2026-09-30T15:14:44.0024328Z C/C++:  1100 |   __tx.__pos_ = std::__uninitialized_allocator_copy(__alloc(), __first, __last, __tx.__pos_);
build	Build DaddyBoard (HeliBoard fork)	2026-09-30T15:14:44.0024671Z C/C++:       |                      ^
build	Build DaddyBoard (HeliBoard fork)	2026-09-30T15:14:44.0025521Z C/C++: /usr/local/lib/android/sdk/ndk/28.0.13004108/toolchains/llvm/prebuilt/linux-x86_64/sysroot/usr/include/c++/v1/vector:761:7: note: in instantiation of function template specialization 'std::vector<latinime::NgramProperty>::__construct_at_end<latinime::NgramProperty *, latinime::NgramProperty *>' requested here
build	Build DaddyBoard (HeliBoard fork)	2026-09-30T15:14:44.0026416Z C/C++:   761 |       __construct_at_end(__first, __last, __n);
build	Build DaddyBoard (HeliBoard fork)	2026-09-30T15:14:44.0026657Z C/C++:       |       ^
build	Build DaddyBoard (HeliBoard fork)	2026-09-30T15:14:44.0027474Z C/C++: /usr/local/lib/android/sdk/ndk/28.0.13004108/toolchains/llvm/prebuilt/linux-x86_64/sysroot/usr/include/c++/v1/vector:1213:3: note: in instantiation of function template specialization 'std::vector<latinime::NgramProperty>::__init_with_size<latinime::NgramProperty *, latinime::NgramProperty *>' requested here
build	Build DaddyBoard (HeliBoard fork)	2026-09-30T15:14:44.0028457Z C/C++:  1213 |   __init_with_size(__x.__begin_, __x.__end_, __x.size());
build	Build DaddyBoard (HeliBoard fork)	2026-09-30T15:14:44.0028721Z C/C++:       |   ^
build	Build DaddyBoard (HeliBoard fork)	2026-09-30T15:14:44.0029361Z C/C++: /home/runner/work/daddyboard/daddyboard/daddyboard-main/app/src/main/jni/src/dictionary/property/word_property.h:39:15: note: in instantiation of member function 'std::vector<latinime::NgramProperty>::vector' requested here
build	Build DaddyBoard (HeliBoard fork)	2026-09-30T15:14:44.0030046Z C/C++:    39 |               mNgrams(ngrams) {}
build	Build DaddyBoard (HeliBoard fork)	2026-09-30T15:14:44.0030267Z C/C++:       |               ^
build	Build DaddyBoard (HeliBoard fork)	2026-09-30T15:14:44.0999292Z C/C++: 6 warnings generated.
build	Build DaddyBoard (HeliBoard fork)	2026-09-30T15:14:44.2999356Z C/C++: In file included from /home/runner/work/daddyboard/daddyboard/daddyboard-main/app/src/main/jni/src/utils/autocorrection_threshold_utils.cpp:23:
build	Build DaddyBoard (HeliBoard fork)	2026-09-30T15:14:44.3000422Z C/C++: /home/runner/work/daddyboard/daddyboard/daddyboard-main/app/src/main/jni/src/suggest/policyimpl/utils/edit_distance.h:33:18: warning: variable length arrays in C++ are a Clang extension [-Wvla-cxx-extension]
build	Build DaddyBoard (HeliBoard fork)	2026-09-30T15:14:44.3001159Z C/C++:    33 |         float dp[(beforeLength + 1) * (afterLength + 1)];
build	Build DaddyBoard (HeliBoard fork)	2026-09-30T15:14:44.3001458Z C/C++:       |                  ^~~~~~~~~~~~~~~~~~~~~~~~~~~~~~~~~~~~~~
build	Build DaddyBoard (HeliBoard fork)	2026-09-30T15:14:44.3002090Z C/C++: /home/runner/work/daddyboard/daddyboard/daddyboard-main/app/src/main/jni/src/suggest/policyimpl/utils/edit_distance.h:33:19: note: initializer of 'beforeLength' is not a constant expression
build	Build DaddyBoard (HeliBoard fork)	2026-09-30T15:14:44.3002797Z C/C++:    33 |         float dp[(beforeLength + 1) * (afterLength + 1)];
build	Build DaddyBoard (HeliBoard fork)	2026-09-30T15:14:44.3003220Z C/C++:       |                   ^
build	Build DaddyBoard (HeliBoard fork)	2026-09-30T15:14:44.3003988Z C/C++: /home/runner/work/daddyboard/daddyboard/daddyboard-main/app/src/main/jni/src/suggest/policyimpl/utils/edit_distance.h:31:19: note: declared here
build	Build DaddyBoard (HeliBoard fork)	2026-09-30T15:14:44.3004690Z C/C++:    31 |         const int beforeLength = policy->getString0Length();
build	Build DaddyBoard (HeliBoard fork)	2026-09-30T15:14:44.3005113Z C/C++:       |                   ^
build	Build DaddyBoard (HeliBoard fork)	2026-09-30T15:14:44.4999335Z C/C++: 1 warning generated.
build	Build DaddyBoard (HeliBoard fork)	2026-09-30T15:14:45.1999739Z C/C++: In file included from /home/runner/work/daddyboard/daddyboard/daddyboard-main/app/src/main/jni/src/utils/jni_data_utils.cpp:17:
build	Build DaddyBoard (HeliBoard fork)	2026-09-30T15:14:45.2001182Z C/C++: In file included from /home/runner/work/daddyboard/daddyboard/daddyboard-main/app/src/main/jni/src/utils/jni_data_utils.h:26:
build	Build DaddyBoard (HeliBoard fork)	2026-09-30T15:14:45.2002469Z C/C++: In file included from /home/runner/work/daddyboard/daddyboard/daddyboard-main/app/src/main/jni/src/dictionary/property/word_property.h:23:
build	Build DaddyBoard (HeliBoard fork)	2026-09-30T15:14:45.2004101Z C/C++: In file included from /home/runner/work/daddyboard/daddyboard/daddyboard-main/app/src/main/jni/src/dictionary/property/ngram_property.h:23:
build	Build DaddyBoard (HeliBoard fork)	2026-09-30T15:14:45.2006233Z C/C++: /home/runner/work/daddyboard/daddyboard/daddyboard-main/app/src/main/jni/src/dictionary/property/historical_info.h:52:5: warning: definition of implicit copy constructor for 'HistoricalInfo' is deprecated because it has a user-declared copy assignment operator [-Wdeprecated-copy]
build	Build DaddyBoard (HeliBoard fork)	2026-09-30T15:14:45.2007832Z C/C++:    52 |     DISALLOW_ASSIGNMENT_OPERATOR(HistoricalInfo);
build	Build DaddyBoard (HeliBoard fork)	2026-09-30T15:14:45.2008443Z C/C++:       |     ^
build	Build DaddyBoard (HeliBoard fork)	2026-09-30T15:14:45.2009280Z C/C++: /home/runner/work/daddyboard/daddyboard/daddyboard-main/app/src/main/jni/src/defines.h:289:8: note: expanded from macro 'DISALLOW_ASSIGNMENT_OPERATOR'
build	Build DaddyBoard (HeliBoard fork)	2026-09-30T15:14:45.2010179Z C/C++:   289 |   void operator=(const TypeName&) = delete
build	Build DaddyBoard (HeliBoard fork)	2026-09-30T15:14:45.2010569Z C/C++:       |        ^
build	Build DaddyBoard (HeliBoard fork)	2026-09-30T15:14:45.2011627Z C/C++: /home/runner/work/daddyboard/daddyboard/daddyboard-main/app/src/main/jni/src/dictionary/property/ngram_property.h:33:42: note: in implicit copy constructor for 'latinime::HistoricalInfo' first required here
build	Build DaddyBoard (HeliBoard fork)	2026-09-30T15:14:45.2012877Z C/C++:    33 |               mProbability(probability), mHistoricalInfo(historicalInfo) {}
build	Build DaddyBoard (HeliBoard fork)	2026-09-30T15:14:45.2013405Z C/C++:       |                                          ^
build	Build DaddyBoard (HeliBoard fork)	2026-09-30T15:14:45.2014164Z C/C++: In file included from /home/runner/work/daddyboard/daddyboard/daddyboard-main/app/src/main/jni/src/utils/jni_data_utils.cpp:17:
build	Build DaddyBoard (HeliBoard fork)	2026-09-30T15:14:45.2015283Z C/C++: In file included from /home/runner/work/daddyboard/daddyboard/daddyboard-main/app/src/main/jni/src/utils/jni_data_utils.h:26:
build	Build DaddyBoard (HeliBoard fork)	2026-09-30T15:14:45.2016453Z C/C++: In file included from /home/runner/work/daddyboard/daddyboard/daddyboard-main/app/src/main/jni/src/dictionary/property/word_property.h:24:
build	Build DaddyBoard (HeliBoard fork)	2026-09-30T15:14:45.2018502Z C/C++: /home/runner/work/daddyboard/daddyboard/daddyboard-main/app/src/main/jni/src/dictionary/property/unigram_property.h:126:5: warning: definition of implicit copy constructor for 'UnigramProperty' is deprecated because it has a user-declared copy assignment operator [-Wdeprecated-copy]
build	Build DaddyBoard (HeliBoard fork)	2026-09-30T15:14:45.2020049Z C/C++:   126 |     DISALLOW_ASSIGNMENT_OPERATOR(UnigramProperty);
build	Build DaddyBoard (HeliBoard fork)	2026-09-30T15:14:45.2020457Z C/C++:       |     ^
build	Build DaddyBoard (HeliBoard fork)	2026-09-30T15:14:45.2021220Z C/C++: /home/runner/work/daddyboard/daddyboard/daddyboard-main/app/src/main/jni/src/defines.h:289:8: note: expanded from macro 'DISALLOW_ASSIGNMENT_OPERATOR'
build	Build DaddyBoard (HeliBoard fork)	2026-09-30T15:14:45.2022066Z C/C++:   289 |   void operator=(const TypeName&) = delete
build	Build DaddyBoard (HeliBoard fork)	2026-09-30T15:14:45.2022441Z C/C++:       |        ^
build	Build DaddyBoard (HeliBoard fork)	2026-09-30T15:14:45.2023467Z C/C++: /home/runner/work/daddyboard/daddyboard/daddyboard-main/app/src/main/jni/src/dictionary/property/word_property.h:38:51: note: in implicit copy constructor for 'latinime::UnigramProperty' first required here
build	Build DaddyBoard (HeliBoard fork)	2026-09-30T15:14:45.2024746Z C/C++:    38 |             : mCodePoints(std::move(codePoints)), mUnigramProperty(unigramProperty),
build	Build DaddyBoard (HeliBoard fork)	2026-09-30T15:14:45.2025304Z C/C++:       |                                                   ^
build	Build DaddyBoard (HeliBoard fork)	2026-09-30T15:14:45.2999723Z C/C++: In file included from /home/runner/work/daddyboard/daddyboard/daddyboard-main/app/src/main/jni/src/utils/jni_data_utils.cpp:17:
build	Build DaddyBoard (HeliBoard fork)	2026-09-30T15:14:45.3001255Z C/C++: /home/runner/work/daddyboard/daddyboard/daddyboard-main/app/src/main/jni/src/utils/jni_data_utils.h:52:27: warning: variable length arrays in C++ are a Clang extension [-Wvla-cxx-extension]
build	Build DaddyBoard (HeliBoard fork)	2026-09-30T15:14:45.3002350Z C/C++:    52 |             char keyChars[keyUtf8Length + 1];
build	Build DaddyBoard (HeliBoard fork)	2026-09-30T15:14:45.3002787Z C/C++:       |                           ^~~~~~~~~~~~~~~~~
build	Build DaddyBoard (HeliBoard fork)	2026-09-30T15:14:45.3003730Z C/C++: /home/runner/work/daddyboard/daddyboard/daddyboard-main/app/src/main/jni/src/utils/jni_data_utils.h:52:27: note: initializer of 'keyUtf8Length' is not a constant expression
build	Build DaddyBoard (HeliBoard fork)	2026-09-30T15:14:45.3005078Z C/C++: /home/runner/work/daddyboard/daddyboard/daddyboard-main/app/src/main/jni/src/utils/jni_data_utils.h:51:25: note: declared here
build	Build DaddyBoard (HeliBoard fork)	2026-09-30T15:14:45.3006356Z C/C++:    51 |             const jsize keyUtf8Length = env->GetStringUTFLength(keyString);
build	Build DaddyBoard (HeliBoard fork)	2026-09-30T15:14:45.3007036Z C/C++:       |                         ^
build	Build DaddyBoard (HeliBoard fork)	2026-09-30T15:14:45.3008016Z C/C++: /home/runner/work/daddyboard/daddyboard/daddyboard-main/app/src/main/jni/src/utils/jni_data_utils.h:62:29: warning: variable length arrays in C++ are a Clang extension [-Wvla-cxx-extension]
build	Build DaddyBoard (HeliBoard fork)	2026-09-30T15:14:45.3009299Z C/C++:    62 |             char valueChars[valueUtf8Length + 1];
build	Build DaddyBoard (HeliBoard fork)	2026-09-30T15:14:45.3009739Z C/C++:       |                             ^~~~~~~~~~~~~~~~~~~
build	Build DaddyBoard (HeliBoard fork)	2026-09-30T15:14:45.3010695Z C/C++: /home/runner/work/daddyboard/daddyboard/daddyboard-main/app/src/main/jni/src/utils/jni_data_utils.h:62:29: note: initializer of 'valueUtf8Length' is not a constant expression
build	Build DaddyBoard (HeliBoard fork)	2026-09-30T15:14:45.3012016Z C/C++: /home/runner/work/daddyboard/daddyboard/daddyboard-main/app/src/main/jni/src/utils/jni_data_utils.h:61:25: note: declared here
build	Build DaddyBoard (HeliBoard fork)	2026-09-30T15:14:45.3012929Z C/C++:    61 |             const jsize valueUtf8Length = env->GetStringUTFLength(valueString);
build	Build DaddyBoard (HeliBoard fork)	2026-09-30T15:14:45.3013448Z C/C++:       |                         ^
build	Build DaddyBoard (HeliBoard fork)	2026-09-30T15:14:45.3014433Z C/C++: /home/runner/work/daddyboard/daddyboard/daddyboard-main/app/src/main/jni/src/utils/jni_data_utils.h:77:29: warning: variable length arrays in C++ are a Clang extension [-Wvla-cxx-extension]
build	Build DaddyBoard (HeliBoard fork)	2026-09-30T15:14:45.3015491Z C/C++:    77 |         int outputCodePonts[codePointBufSize];
build	Build DaddyBoard (HeliBoard fork)	2026-09-30T15:14:45.3015916Z C/C++:       |                             ^~~~~~~~~~~~~~~~
build	Build DaddyBoard (HeliBoard fork)	2026-09-30T15:14:45.3016855Z C/C++: /home/runner/work/daddyboard/daddyboard/daddyboard-main/app/src/main/jni/src/utils/jni_data_utils.h:77:29: note: initializer of 'codePointBufSize' is not a constant expression
build	Build DaddyBoard (HeliBoard fork)	2026-09-30T15:14:45.3018177Z C/C++: /home/runner/work/daddyboard/daddyboard/daddyboard-main/app/src/main/jni/src/utils/jni_data_utils.h:76:19: note: declared here
build	Build DaddyBoard (HeliBoard fork)	2026-09-30T15:14:45.3019240Z C/C++:    76 |         const int codePointBufSize = std::min(maxLength, codePointCount);
build	Build DaddyBoard (HeliBoard fork)	2026-09-30T15:14:45.3019736Z C/C++:       |                   ^
build	Build DaddyBoard (HeliBoard fork)	2026-09-30T15:14:45.3020465Z C/C++: In file included from /home/runner/work/daddyboard/daddyboard/daddyboard-main/app/src/main/jni/src/utils/jni_data_utils.cpp:17:
build	Build DaddyBoard (HeliBoard fork)	2026-09-30T15:14:45.3021582Z C/C++: In file included from /home/runner/work/daddyboard/daddyboard/daddyboard-main/app/src/main/jni/src/utils/jni_data_utils.h:25:
build	Build DaddyBoard (HeliBoard fork)	2026-09-30T15:14:45.3022757Z C/C++: In file included from /home/runner/work/daddyboard/daddyboard/daddyboard-main/app/src/main/jni/src/dictionary/property/ngram_context.h:23:
build	Build DaddyBoard (HeliBoard fork)	2026-09-30T15:14:45.3024543Z C/C++: /home/runner/work/daddyboard/daddyboard/daddyboard-main/app/src/main/jni/src/utils/int_array_view.h:160:5: warning: definition of implicit copy constructor for 'IntArrayView' is deprecated because it has a user-declared copy assignment operator [-Wdeprecated-copy]
build	Build DaddyBoard (HeliBoard fork)	2026-09-30T15:14:45.3025984Z C/C++:   160 |     DISALLOW_ASSIGNMENT_OPERATOR(IntArrayView);
build	Build DaddyBoard (HeliBoard fork)	2026-09-30T15:14:45.3026391Z C/C++:       |     ^
build	Build DaddyBoard (HeliBoard fork)	2026-09-30T15:14:45.3027177Z C/C++: /home/runner/work/daddyboard/daddyboard/daddyboard-main/app/src/main/jni/src/defines.h:289:8: note: expanded from macro 'DISALLOW_ASSIGNMENT_OPERATOR'
build	Build DaddyBoard (HeliBoard fork)	2026-09-30T15:14:45.3028157Z C/C++:   289 |   void operator=(const TypeName&) = delete
build	Build DaddyBoard (HeliBoard fork)	2026-09-30T15:14:45.3028745Z C/C++:       |        ^
build	Build DaddyBoard (HeliBoard fork)	2026-09-30T15:14:45.3029856Z C/C++: /usr/local/lib/android/sdk/ndk/28.0.13004108/toolchains/llvm/prebuilt/linux-x86_64/sysroot/usr/include/c++/v1/__memory/allocator.h:173:24: note: in implicit copy constructor for 'latinime::IntArrayView' first required here
build	Build DaddyBoard (HeliBoard fork)	2026-09-30T15:14:45.3031084Z C/C++:   173 |     ::new ((void*)__p) _Up(std::forward<_Args>(__args)...);
build	Build DaddyBoard (HeliBoard fork)	2026-09-30T15:14:45.3031523Z C/C++:       |                        ^
build	Build DaddyBoard (HeliBoard fork)	2026-09-30T15:14:45.3033081Z C/C++: /usr/local/lib/android/sdk/ndk/28.0.13004108/toolchains/llvm/prebuilt/linux-x86_64/sysroot/usr/include/c++/v1/__memory/allocator_traits.h:320:9: note: in instantiation of function template specialization 'std::allocator<latinime::IntArrayView>::construct<latinime::IntArrayView, latinime::IntArrayView>' requested here
build	Build DaddyBoard (HeliBoard fork)	2026-09-30T15:14:45.3035229Z C/C++:   320 |     __a.construct(__p, std::forward<_Args>(__args)...);
build	Build DaddyBoard (HeliBoard fork)	2026-09-30T15:14:45.3035657Z C/C++:       |         ^
build	Build DaddyBoard (HeliBoard fork)	2026-09-30T15:14:45.3037342Z C/C++: /usr/local/lib/android/sdk/ndk/28.0.13004108/toolchains/llvm/prebuilt/linux-x86_64/sysroot/usr/include/c++/v1/__memory/uninitialized_algorithms.h:639:33: note: in instantiation of function template specialization 'std::allocator_traits<std::allocator<latinime::IntArrayView>>::construct<latinime::IntArrayView, latinime::IntArrayView, 0>' requested here
build	Build DaddyBoard (HeliBoard fork)	2026-09-30T15:14:45.3039414Z C/C++:   639 |       allocator_traits<_Alloc>::construct(__alloc, __result, std::move(*__iter));
build	Build DaddyBoard (HeliBoard fork)	2026-09-30T15:14:45.3039965Z C/C++:       |                                 ^
build	Build DaddyBoard (HeliBoard fork)	2026-09-30T15:14:45.3041176Z C/C++: /usr/local/lib/android/sdk/ndk/28.0.13004108/toolchains/llvm/prebuilt/linux-x86_64/sysroot/usr/include/c++/v1/vector:1511:3: note: in instantiation of member function 'std::vector<latinime::IntArrayView>::__swap_out_circular_buffer' requested here
build	Build DaddyBoard (HeliBoard fork)	2026-09-30T15:14:45.3042476Z C/C++:  1511 |   __swap_out_circular_buffer(__v);
build	Build DaddyBoard (HeliBoard fork)	2026-09-30T15:14:45.3042870Z C/C++:       |   ^
build	Build DaddyBoard (HeliBoard fork)	2026-09-30T15:14:45.3044279Z C/C++: /usr/local/lib/android/sdk/ndk/28.0.13004108/toolchains/llvm/prebuilt/linux-x86_64/sysroot/usr/include/c++/v1/vector:1529:13: note: in instantiation of function template specialization 'std::vector<latinime::IntArrayView>::__emplace_back_slow_path<const int *const &, const unsigned long &>' requested here
build	Build DaddyBoard (HeliBoard fork)	2026-09-30T15:14:45.3046039Z C/C++:  1529 |     __end = __emplace_back_slow_path(std::forward<_Args>(__args)...);
build	Build DaddyBoard (HeliBoard fork)	2026-09-30T15:14:45.3046519Z C/C++:       |             ^
build	Build DaddyBoard (HeliBoard fork)	2026-09-30T15:14:45.3047864Z C/C++: /home/runner/work/daddyboard/daddyboard/daddyboard-main/app/src/main/jni/src/utils/int_array_view.h:142:20: note: in instantiation of function template specialization 'std::vector<latinime::IntArrayView>::emplace_back<const int *const &, const unsigned long &>' requested here
build	Build DaddyBoard (HeliBoard fork)	2026-09-30T15:14:45.3049502Z C/C++:   142 |             result.emplace_back(mPtr, mSize);
build	Build DaddyBoard (HeliBoard fork)	2026-09-30T15:14:45.3049926Z C/C++:       |                    ^
build	Build DaddyBoard (HeliBoard fork)	2026-09-30T15:14:45.3050660Z C/C++: In file included from /home/runner/work/daddyboard/daddyboard/daddyboard-main/app/src/main/jni/src/utils/jni_data_utils.cpp:17:
build	Build DaddyBoard (HeliBoard fork)	2026-09-30T15:14:45.3051783Z C/C++: In file included from /home/runner/work/daddyboard/daddyboard/daddyboard-main/app/src/main/jni/src/utils/jni_data_utils.h:26:
build	Build DaddyBoard (HeliBoard fork)	2026-09-30T15:14:45.3052954Z C/C++: In file included from /home/runner/work/daddyboard/daddyboard/daddyboard-main/app/src/main/jni/src/dictionary/property/word_property.h:23:
build	Build DaddyBoard (HeliBoard fork)	2026-09-30T15:14:45.3054836Z C/C++: /home/runner/work/daddyboard/daddyboard/daddyboard-main/app/src/main/jni/src/dictionary/property/ngram_property.h:54:5: warning: definition of implicit copy constructor for 'NgramProperty' is deprecated because it has a user-declared copy assignment operator [-Wdeprecated-copy]
build	Build DaddyBoard (HeliBoard fork)	2026-09-30T15:14:45.3056364Z C/C++:    54 |     DISALLOW_ASSIGNMENT_OPERATOR(NgramProperty);
build	Build DaddyBoard (HeliBoard fork)	2026-09-30T15:14:45.3056773Z C/C++:       |     ^
build	Build DaddyBoard (HeliBoard fork)	2026-09-30T15:14:45.3057542Z C/C++: /home/runner/work/daddyboard/daddyboard/daddyboard-main/app/src/main/jni/src/defines.h:289:8: note: expanded from macro 'DISALLOW_ASSIGNMENT_OPERATOR'
build	Build DaddyBoard (HeliBoard fork)	2026-09-30T15:14:45.3058599Z C/C++:   289 |   void operator=(const TypeName&) = delete
build	Build DaddyBoard (HeliBoard fork)	2026-09-30T15:14:45.3058986Z C/C++:       |        ^
build	Build DaddyBoard (HeliBoard fork)	2026-09-30T15:14:45.3060063Z C/C++: /usr/local/lib/android/sdk/ndk/28.0.13004108/toolchains/llvm/prebuilt/linux-x86_64/sysroot/usr/include/c++/v1/__memory/allocator.h:173:24: note: in implicit copy constructor for 'latinime::NgramProperty' first required here
build	Build DaddyBoard (HeliBoard fork)	2026-09-30T15:14:45.3061289Z C/C++:   173 |     ::new ((void*)__p) _Up(std::forward<_Args>(__args)...);
build	Build DaddyBoard (HeliBoard fork)	2026-09-30T15:14:45.3061717Z C/C++:       |                        ^
build	Build DaddyBoard (HeliBoard fork)	2026-09-30T15:14:45.3063498Z C/C++: /usr/local/lib/android/sdk/ndk/28.0.13004108/toolchains/llvm/prebuilt/linux-x86_64/sysroot/usr/include/c++/v1/__memory/allocator_traits.h:320:9: note: in instantiation of function template specialization 'std::allocator<latinime::NgramProperty>::construct<latinime::NgramProperty, latinime::NgramProperty &>' requested here
build	Build DaddyBoard (HeliBoard fork)	2026-09-30T15:14:45.3065294Z C/C++:   320 |     __a.construct(__p, std::forward<_Args>(__args)...);
build	Build DaddyBoard (HeliBoard fork)	2026-09-30T15:14:45.3065709Z C/C++:       |         ^
build	Build DaddyBoard (HeliBoard fork)	2026-09-30T15:14:45.3067328Z C/C++: /usr/local/lib/android/sdk/ndk/28.0.13004108/toolchains/llvm/prebuilt/linux-x86_64/sysroot/usr/include/c++/v1/__memory/uninitialized_algorithms.h:551:31: note: in instantiation of function template specialization 'std::allocator_traits<std::allocator<latinime::NgramProperty>>::construct<latinime::NgramProperty, latinime::NgramProperty &, 0>' requested here
build	Build DaddyBoard (HeliBoard fork)	2026-09-30T15:14:45.3069459Z C/C++:   551 |     allocator_traits<_Alloc>::construct(__alloc, std::__to_address(__first2), *__first1);
build	Build DaddyBoard (HeliBoard fork)	2026-09-30T15:14:45.3070038Z C/C++:       |                               ^
build	Build DaddyBoard (HeliBoard fork)	2026-09-30T15:14:45.3071919Z C/C++: /usr/local/lib/android/sdk/ndk/28.0.13004108/toolchains/llvm/prebuilt/linux-x86_64/sysroot/usr/include/c++/v1/__memory/uninitialized_algorithms.h:594:33: note: in instantiation of function template specialization 'std::__uninitialized_allocator_copy_impl<std::allocator<latinime::NgramProperty>, latinime::NgramProperty *, latinime::NgramProperty *, latinime::NgramProperty *>' requested here
build	Build DaddyBoard (HeliBoard fork)	2026-09-30T15:14:45.3073940Z C/C++:   594 |   auto __result          = std::__uninitialized_allocator_copy_impl(
build	Build DaddyBoard (HeliBoard fork)	2026-09-30T15:14:45.3074421Z C/C++:       |                                 ^
build	Build DaddyBoard (HeliBoard fork)	2026-09-30T15:14:45.3076213Z C/C++: /usr/local/lib/android/sdk/ndk/28.0.13004108/toolchains/llvm/prebuilt/linux-x86_64/sysroot/usr/include/c++/v1/vector:1100:22: note: in instantiation of function template specialization 'std::__uninitialized_allocator_copy<std::allocator<latinime::NgramProperty>, latinime::NgramProperty *, latinime::NgramProperty *, latinime::NgramProperty *>' requested here
build	Build DaddyBoard (HeliBoard fork)	2026-09-30T15:14:45.3078146Z C/C++:  1100 |   __tx.__pos_ = std::__uninitialized_allocator_copy(__alloc(), __first, __last, __tx.__pos_);
build	Build DaddyBoard (HeliBoard fork)	2026-09-30T15:14:45.3078840Z C/C++:       |                      ^
build	Build DaddyBoard (HeliBoard fork)	2026-09-30T15:14:45.3080343Z C/C++: /usr/local/lib/android/sdk/ndk/28.0.13004108/toolchains/llvm/prebuilt/linux-x86_64/sysroot/usr/include/c++/v1/vector:761:7: note: in instantiation of function template specialization 'std::vector<latinime::NgramProperty>::__construct_at_end<latinime::NgramProperty *, latinime::NgramProperty *>' requested here
build	Build DaddyBoard (HeliBoard fork)	2026-09-30T15:14:45.3081897Z C/C++:   761 |       __construct_at_end(__first, __last, __n);
build	Build DaddyBoard (HeliBoard fork)	2026-09-30T15:14:45.3082269Z C/C++:       |       ^
build	Build DaddyBoard (HeliBoard fork)	2026-09-30T15:14:45.3083698Z C/C++: /usr/local/lib/android/sdk/ndk/28.0.13004108/toolchains/llvm/prebuilt/linux-x86_64/sysroot/usr/include/c++/v1/vector:1213:3: note: in instantiation of function template specialization 'std::vector<latinime::NgramProperty>::__init_with_size<latinime::NgramProperty *, latinime::NgramProperty *>' requested here
build	Build DaddyBoard (HeliBoard fork)	2026-09-30T15:14:45.3085306Z C/C++:  1213 |   __init_with_size(__x.__begin_, __x.__end_, __x.size());
build	Build DaddyBoard (HeliBoard fork)	2026-09-30T15:14:45.3085734Z C/C++:       |   ^
build	Build DaddyBoard (HeliBoard fork)	2026-09-30T15:14:45.3086842Z C/C++: /home/runner/work/daddyboard/daddyboard/daddyboard-main/app/src/main/jni/src/dictionary/property/word_property.h:39:15: note: in instantiation of member function 'std::vector<latinime::NgramProperty>::vector' requested here
build	Build DaddyBoard (HeliBoard fork)	2026-09-30T15:14:45.3088037Z C/C++:    39 |               mNgrams(ngrams) {}
build	Build DaddyBoard (HeliBoard fork)	2026-09-30T15:14:45.3088501Z C/C++:       |               ^
build	Build DaddyBoard (HeliBoard fork)	2026-09-30T15:14:45.3998989Z C/C++: 7 warnings generated.
build	Build DaddyBoard (HeliBoard fork)	2026-09-30T15:14:45.3999918Z C/C++: /home/runner/work/daddyboard/daddyboard/daddyboard-main/app/src/main/jni/src/utils/log_utils.cpp:61:38: warning: variable length arrays in C++ are a Clang extension [-Wvla-cxx-extension]
build	Build DaddyBoard (HeliBoard fork)	2026-09-30T15:14:45.4000560Z C/C++:    61 |             char variableSizeCString[size];
build	Build DaddyBoard (HeliBoard fork)	2026-09-30T15:14:45.4001161Z C/C++:       |                                      ^~~~
build	Build DaddyBoard (HeliBoard fork)	2026-09-30T15:14:45.4001714Z C/C++: /home/runner/work/daddyboard/daddyboard/daddyboard-main/app/src/main/jni/src/utils/log_utils.cpp:61:38: note: initializer of 'size' is not a constant expression
build	Build DaddyBoard (HeliBoard fork)	2026-09-30T15:14:45.4002645Z C/C++: /home/runner/work/daddyboard/daddyboard/daddyboard-main/app/src/main/jni/src/utils/log_utils.cpp:51:19: note: declared here
build	Build DaddyBoard (HeliBoard fork)	2026-09-30T15:14:45.4003243Z C/C++:    51 |         const int size = vsnprintf(fixedSizeCString, DEFAULT_LINE_SIZE, format, argList) + 1;
build	Build DaddyBoard (HeliBoard fork)	2026-09-30T15:14:45.4003602Z C/C++:       |                   ^
build	Build DaddyBoard (HeliBoard fork)	2026-09-30T15:14:45.4003802Z C/C++: 1 warning generated.
build	Build DaddyBoard (HeliBoard fork)	2026-09-30T15:14:45.7999443Z C/C++: In file included from /home/runner/work/daddyboard/daddyboard/daddyboard-main/app/src/main/jni/src/dictionary/structure/backward/v402/ver4_dict_buffers.cpp:24:
build	Build DaddyBoard (HeliBoard fork)	2026-09-30T15:14:45.8000406Z C/C++: In file included from /home/runner/work/daddyboard/daddyboard/daddyboard-main/app/src/main/jni/src/dictionary/structure/backward/v402/ver4_dict_buffers.h:30:
build	Build DaddyBoard (HeliBoard fork)	2026-09-30T15:14:45.8001258Z C/C++: In file included from /home/runner/work/daddyboard/daddyboard/daddyboard-main/app/src/main/jni/src/dictionary/header/header_policy.h:25:
build	Build DaddyBoard (HeliBoard fork)	2026-09-30T15:14:45.8002345Z C/C++: /home/runner/work/daddyboard/daddyboard/daddyboard-main/app/src/main/jni/src/dictionary/utils/entry_counters.h:44:5: warning: definition of implicit copy constructor for 'EntryCounts' is deprecated because it has a user-declared copy assignment operator [-Wdeprecated-copy]
build	Build DaddyBoard (HeliBoard fork)	2026-09-30T15:14:45.8003419Z C/C++:    44 |     DISALLOW_ASSIGNMENT_OPERATOR(EntryCounts);
build	Build DaddyBoard (HeliBoard fork)	2026-09-30T15:14:45.8003669Z C/C++:       |     ^
build	Build DaddyBoard (HeliBoard fork)	2026-09-30T15:14:45.8004456Z C/C++: /home/runner/work/daddyboard/daddyboard/daddyboard-main/app/src/main/jni/src/defines.h:289:8: note: expanded from macro 'DISALLOW_ASSIGNMENT_OPERATOR'
build	Build DaddyBoard (HeliBoard fork)	2026-09-30T15:14:45.8005122Z C/C++:   289 |   void operator=(const TypeName&) = delete
build	Build DaddyBoard (HeliBoard fork)	2026-09-30T15:14:45.8005567Z C/C++:       |        ^
build	Build DaddyBoard (HeliBoard fork)	2026-09-30T15:14:45.8006589Z C/C++: /home/runner/work/daddyboard/daddyboard/daddyboard-main/app/src/main/jni/src/dictionary/header/header_policy.h:92:15: note: in implicit copy constructor for 'latinime::EntryCounts' first required here
build	Build DaddyBoard (HeliBoard fork)	2026-09-30T15:14:45.8007593Z C/C++:    92 |               mNgramCounts(headerPolicy->mNgramCounts),
build	Build DaddyBoard (HeliBoard fork)	2026-09-30T15:14:45.8007857Z C/C++:       |               ^
build	Build DaddyBoard (HeliBoard fork)	2026-09-30T15:14:45.8008546Z C/C++: In file included from /home/runner/work/daddyboard/daddyboard/daddyboard-main/app/src/main/jni/src/dictionary/structure/backward/v402/ver4_dict_buffers.cpp:24:
build	Build DaddyBoard (HeliBoard fork)	2026-09-30T15:14:45.8009373Z C/C++: In file included from /home/runner/work/daddyboard/daddyboard/daddyboard-main/app/src/main/jni/src/dictionary/structure/backward/v402/ver4_dict_buffers.h:31:
build	Build DaddyBoard (HeliBoard fork)	2026-09-30T15:14:45.8010206Z C/C++: In file included from /home/runner/work/daddyboard/daddyboard/daddyboard-main/app/src/main/jni/src/dictionary/structure/backward/v402/content/bigram_dict_content.h:28:
build	Build DaddyBoard (HeliBoard fork)	2026-09-30T15:14:45.8011046Z C/C++: In file included from /home/runner/work/daddyboard/daddyboard/daddyboard-main/app/src/main/jni/src/dictionary/structure/backward/v402/content/bigram_entry.h:28:
build	Build DaddyBoard (HeliBoard fork)	2026-09-30T15:14:45.8012180Z C/C++: /home/runner/work/daddyboard/daddyboard/daddyboard-main/app/src/main/jni/src/dictionary/property/historical_info.h:52:5: warning: definition of implicit copy constructor for 'HistoricalInfo' is deprecated because it has a user-declared copy assignment operator [-Wdeprecated-copy]
build	Build DaddyBoard (HeliBoard fork)	2026-09-30T15:14:45.8013041Z C/C++:    52 |     DISALLOW_ASSIGNMENT_OPERATOR(HistoricalInfo);
build	Build DaddyBoard (HeliBoard fork)	2026-09-30T15:14:45.8013283Z C/C++:       |     ^
build	Build DaddyBoard (HeliBoard fork)	2026-09-30T15:14:45.8013744Z C/C++: /home/runner/work/daddyboard/daddyboard/daddyboard-main/app/src/main/jni/src/defines.h:289:8: note: expanded from macro 'DISALLOW_ASSIGNMENT_OPERATOR'
build	Build DaddyBoard (HeliBoard fork)	2026-09-30T15:14:45.8014286Z C/C++:   289 |   void operator=(const TypeName&) = delete
build	Build DaddyBoard (HeliBoard fork)	2026-09-30T15:14:45.8014518Z C/C++:       |        ^
build	Build DaddyBoard (HeliBoard fork)	2026-09-30T15:14:45.8015185Z C/C++: /home/runner/work/daddyboard/daddyboard/daddyboard-main/app/src/main/jni/src/dictionary/structure/backward/v402/content/bigram_entry.h:49:61: note: in implicit copy constructor for 'latinime::HistoricalInfo' first required here
build	Build DaddyBoard (HeliBoard fork)	2026-09-30T15:14:45.8016333Z C/C++:    49 |             : mHasNext(hasNext), mProbability(probability), mHistoricalInfo(*historicalInfo),
build	Build DaddyBoard (HeliBoard fork)	2026-09-30T15:14:45.8016835Z C/C++:       |                                                             ^
build	Build DaddyBoard (HeliBoard fork)	2026-09-30T15:14:45.8017555Z C/C++: /home/runner/work/daddyboard/daddyboard/daddyboard-main/app/src/main/jni/src/dictionary/structure/backward/v402/ver4_dict_buffers.cpp:58:21: warning: variable length arrays in C++ are a Clang extension [-Wvla-cxx-extension]
build	Build DaddyBoard (HeliBoard fork)	2026-09-30T15:14:45.8018373Z C/C++:    58 |     char tmpDirPath[tmpDirPathBufSize];
build	Build DaddyBoard (HeliBoard fork)	2026-09-30T15:14:45.8018622Z C/C++:       |                     ^~~~~~~~~~~~~~~~~
build	Build DaddyBoard (HeliBoard fork)	2026-09-30T15:14:45.8019280Z C/C++: /home/runner/work/daddyboard/daddyboard/daddyboard-main/app/src/main/jni/src/dictionary/structure/backward/v402/ver4_dict_buffers.cpp:58:21: note: initializer of 'tmpDirPathBufSize' is not a constant expression
build	Build DaddyBoard (HeliBoard fork)	2026-09-30T15:14:45.8020245Z C/C++: /home/runner/work/daddyboard/daddyboard/daddyboard-main/app/src/main/jni/src/dictionary/structure/backward/v402/ver4_dict_buffers.cpp:56:15: note: declared here
build	Build DaddyBoard (HeliBoard fork)	2026-09-30T15:14:45.8020923Z C/C++:    56 |     const int tmpDirPathBufSize = FileUtils::getFilePathWithSuffixBufSize(dictDirPath,
build	Build DaddyBoard (HeliBoard fork)	2026-09-30T15:14:45.8021265Z C/C++:       |               ^
build	Build DaddyBoard (HeliBoard fork)	2026-09-30T15:14:45.8021914Z C/C++: /home/runner/work/daddyboard/daddyboard/daddyboard-main/app/src/main/jni/src/dictionary/structure/backward/v402/ver4_dict_buffers.cpp:76:19: warning: variable length arrays in C++ are a Clang extension [-Wvla-cxx-extension]
build	Build DaddyBoard (HeliBoard fork)	2026-09-30T15:14:45.8022593Z C/C++:    76 |     char dictName[dictNameBufSize];
build	Build DaddyBoard (HeliBoard fork)	2026-09-30T15:14:45.8022827Z C/C++:       |                   ^~~~~~~~~~~~~~~
build	Build DaddyBoard (HeliBoard fork)	2026-09-30T15:14:45.8023467Z C/C++: /home/runner/work/daddyboard/daddyboard/daddyboard-main/app/src/main/jni/src/dictionary/structure/backward/v402/ver4_dict_buffers.cpp:76:19: note: initializer of 'dictNameBufSize' is not a constant expression
build	Build DaddyBoard (HeliBoard fork)	2026-09-30T15:14:45.8024414Z C/C++: /home/runner/work/daddyboard/daddyboard/daddyboard-main/app/src/main/jni/src/dictionary/structure/backward/v402/ver4_dict_buffers.cpp:75:15: note: declared here
build	Build DaddyBoard (HeliBoard fork)	2026-09-30T15:14:45.8025027Z C/C++:    75 |     const int dictNameBufSize = strlen(dictDirPath) + 1 /* terminator */;
build	Build DaddyBoard (HeliBoard fork)	2026-09-30T15:14:45.8025327Z C/C++:       |               ^
build	Build DaddyBoard (HeliBoard fork)	2026-09-30T15:14:45.8025961Z C/C++: /home/runner/work/daddyboard/daddyboard/daddyboard-main/app/src/main/jni/src/dictionary/structure/backward/v402/ver4_dict_buffers.cpp:79:19: warning: variable length arrays in C++ are a Clang extension [-Wvla-cxx-extension]
build	Build DaddyBoard (HeliBoard fork)	2026-09-30T15:14:45.8026633Z C/C++:    79 |     char dictPath[dictPathBufSize];
build	Build DaddyBoard (HeliBoard fork)	2026-09-30T15:14:45.8026856Z C/C++:       |                   ^~~~~~~~~~~~~~~
build	Build DaddyBoard (HeliBoard fork)	2026-09-30T15:14:45.8027487Z C/C++: /home/runner/work/daddyboard/daddyboard/daddyboard-main/app/src/main/jni/src/dictionary/structure/backward/v402/ver4_dict_buffers.cpp:79:19: note: initializer of 'dictPathBufSize' is not a constant expression
build	Build DaddyBoard (HeliBoard fork)	2026-09-30T15:14:45.8028500Z C/C++: /home/runner/work/daddyboard/daddyboard/daddyboard-main/app/src/main/jni/src/dictionary/structure/backward/v402/ver4_dict_buffers.cpp:78:15: note: declared here
build	Build DaddyBoard (HeliBoard fork)	2026-09-30T15:14:45.8029159Z C/C++:    78 |     const int dictPathBufSize = FileUtils::getFilePathBufSize(tmpDirPath, dictName);
build	Build DaddyBoard (HeliBoard fork)	2026-09-30T15:14:45.8029489Z C/C++:       |               ^
build	Build DaddyBoard (HeliBoard fork)	2026-09-30T15:14:45.8999109Z C/C++: 5 warnings generated.
build	Build DaddyBoard (HeliBoard fork)	2026-09-30T15:14:46.2999268Z C/C++: In file included from /home/runner/work/daddyboard/daddyboard/daddyboard-main/app/src/main/jni/src/dictionary/structure/backward/v402/ver4_patricia_trie_node_reader.cpp:26:
build	Build DaddyBoard (HeliBoard fork)	2026-09-30T15:14:46.3000234Z C/C++: In file included from /home/runner/work/daddyboard/daddyboard/daddyboard-main/app/src/main/jni/src/dictionary/header/header_policy.h:25:
build	Build DaddyBoard (HeliBoard fork)	2026-09-30T15:14:46.3001321Z C/C++: /home/runner/work/daddyboard/daddyboard/daddyboard-main/app/src/main/jni/src/dictionary/utils/entry_counters.h:44:5: warning: definition of implicit copy constructor for 'EntryCounts' is deprecated because it has a user-declared copy assignment operator [-Wdeprecated-copy]
build	Build DaddyBoard (HeliBoard fork)	2026-09-30T15:14:46.3002643Z C/C++:    44 |     DISALLOW_ASSIGNMENT_OPERATOR(EntryCounts);
build	Build DaddyBoard (HeliBoard fork)	2026-09-30T15:14:46.3002888Z C/C++:       |     ^
build	Build DaddyBoard (HeliBoard fork)	2026-09-30T15:14:46.3003354Z C/C++: /home/runner/work/daddyboard/daddyboard/daddyboard-main/app/src/main/jni/src/defines.h:289:8: note: expanded from macro 'DISALLOW_ASSIGNMENT_OPERATOR'
build	Build DaddyBoard (HeliBoard fork)	2026-09-30T15:14:46.3003880Z C/C++:   289 |   void operator=(const TypeName&) = delete
build	Build DaddyBoard (HeliBoard fork)	2026-09-30T15:14:46.3004116Z C/C++:       |        ^
build	Build DaddyBoard (HeliBoard fork)	2026-09-30T15:14:46.3005197Z C/C++: /home/runner/work/daddyboard/daddyboard/daddyboard-main/app/src/main/jni/src/dictionary/header/header_policy.h:92:15: note: in implicit copy constructor for 'latinime::EntryCounts' first required here
build	Build DaddyBoard (HeliBoard fork)	2026-09-30T15:14:46.3006205Z C/C++:    92 |               mNgramCounts(headerPolicy->mNgramCounts),
build	Build DaddyBoard (HeliBoard fork)	2026-09-30T15:14:46.3006467Z C/C++:       |               ^
build	Build DaddyBoard (HeliBoard fork)	2026-09-30T15:14:46.3007002Z C/C++: In file included from /home/runner/work/daddyboard/daddyboard/daddyboard-main/app/src/main/jni/src/dictionary/structure/backward/v402/ver4_patricia_trie_node_reader.cpp:30:
build	Build DaddyBoard (HeliBoard fork)	2026-09-30T15:14:46.3007886Z C/C++: In file included from /home/runner/work/daddyboard/daddyboard/daddyboard-main/app/src/main/jni/src/dictionary/structure/backward/v402/content/probability_entry.h:28:
build	Build DaddyBoard (HeliBoard fork)	2026-09-30T15:14:46.3009213Z C/C++: /home/runner/work/daddyboard/daddyboard/daddyboard-main/app/src/main/jni/src/dictionary/property/historical_info.h:52:5: warning: definition of implicit copy constructor for 'HistoricalInfo' is deprecated because it has a user-declared copy assignment operator [-Wdeprecated-copy]
build	Build DaddyBoard (HeliBoard fork)	2026-09-30T15:14:46.3010144Z C/C++:    52 |     DISALLOW_ASSIGNMENT_OPERATOR(HistoricalInfo);
build	Build DaddyBoard (HeliBoard fork)	2026-09-30T15:14:46.3010401Z C/C++:       |     ^
build	Build DaddyBoard (HeliBoard fork)	2026-09-30T15:14:46.3010870Z C/C++: /home/runner/work/daddyboard/daddyboard/daddyboard-main/app/src/main/jni/src/defines.h:289:8: note: expanded from macro 'DISALLOW_ASSIGNMENT_OPERATOR'
build	Build DaddyBoard (HeliBoard fork)	2026-09-30T15:14:46.3011400Z C/C++:   289 |   void operator=(const TypeName&) = delete
build	Build DaddyBoard (HeliBoard fork)	2026-09-30T15:14:46.3011639Z C/C++:       |        ^
build	Build DaddyBoard (HeliBoard fork)	2026-09-30T15:14:46.3012320Z C/C++: /home/runner/work/daddyboard/daddyboard/daddyboard-main/app/src/main/jni/src/dictionary/structure/backward/v402/content/probability_entry.h:39:15: note: in implicit copy constructor for 'latinime::HistoricalInfo' first required here
build	Build DaddyBoard (HeliBoard fork)	2026-09-30T15:14:46.3013091Z C/C++:    39 |               mHistoricalInfo(probabilityEntry.mHistoricalInfo) {}
build	Build DaddyBoard (HeliBoard fork)	2026-09-30T15:14:46.3013374Z C/C++:       |               ^
build	Build DaddyBoard (HeliBoard fork)	2026-09-30T15:14:46.3999759Z C/C++: In file included from /home/runner/work/daddyboard/daddyboard/daddyboard-main/app/src/main/jni/src/dictionary/structure/backward/v402/ver4_patricia_trie_node_reader.cpp:24:
build	Build DaddyBoard (HeliBoard fork)	2026-09-30T15:14:46.4001408Z C/C++: In file included from /home/runner/work/daddyboard/daddyboard/daddyboard-main/app/src/main/jni/src/dictionary/structure/backward/v402/ver4_patricia_trie_node_reader.h:28:
build	Build DaddyBoard (HeliBoard fork)	2026-09-30T15:14:46.4002856Z C/C++: In file included from /home/runner/work/daddyboard/daddyboard/daddyboard-main/app/src/main/jni/src/dictionary/structure/pt_common/pt_node_params.h:27:
build	Build DaddyBoard (HeliBoard fork)	2026-09-30T15:14:46.4004026Z C/C++: /home/runner/work/daddyboard/daddyboard/daddyboard-main/app/src/main/jni/src/utils/int_array_view.h:160:5: warning: definition of implicit copy constructor for 'IntArrayView' is deprecated because it has a user-declared copy assignment operator [-Wdeprecated-copy]
build	Build DaddyBoard (HeliBoard fork)	2026-09-30T15:14:46.4004882Z C/C++:   160 |     DISALLOW_ASSIGNMENT_OPERATOR(IntArrayView);
build	Build DaddyBoard (HeliBoard fork)	2026-09-30T15:14:46.4005140Z C/C++:       |     ^
build	Build DaddyBoard (HeliBoard fork)	2026-09-30T15:14:46.4005608Z C/C++: /home/runner/work/daddyboard/daddyboard/daddyboard-main/app/src/main/jni/src/defines.h:289:8: note: expanded from macro 'DISALLOW_ASSIGNMENT_OPERATOR'
build	Build DaddyBoard (HeliBoard fork)	2026-09-30T15:14:46.4006157Z C/C++:   289 |   void operator=(const TypeName&) = delete
build	Build DaddyBoard (HeliBoard fork)	2026-09-30T15:14:46.4006397Z C/C++:       |        ^
build	Build DaddyBoard (HeliBoard fork)	2026-09-30T15:14:46.4007312Z C/C++: /usr/local/lib/android/sdk/ndk/28.0.13004108/toolchains/llvm/prebuilt/linux-x86_64/sysroot/usr/include/c++/v1/__memory/allocator.h:173:24: note: in implicit copy constructor for 'latinime::IntArrayView' first required here
build	Build DaddyBoard (HeliBoard fork)	2026-09-30T15:14:46.4008172Z C/C++:   173 |     ::new ((void*)__p) _Up(std::forward<_Args>(__args)...);
build	Build DaddyBoard (HeliBoard fork)	2026-09-30T15:14:46.4008618Z C/C++:       |                        ^
build	Build DaddyBoard (HeliBoard fork)	2026-09-30T15:14:46.4009514Z C/C++: /usr/local/lib/android/sdk/ndk/28.0.13004108/toolchains/llvm/prebuilt/linux-x86_64/sysroot/usr/include/c++/v1/__memory/allocator_traits.h:320:9: note: in instantiation of function template specialization 'std::allocator<latinime::IntArrayView>::construct<latinime::IntArrayView, latinime::IntArrayView>' requested here
build	Build DaddyBoard (HeliBoard fork)	2026-09-30T15:14:46.4010443Z C/C++:   320 |     __a.construct(__p, std::forward<_Args>(__args)...);
build	Build DaddyBoard (HeliBoard fork)	2026-09-30T15:14:46.4010695Z C/C++:       |         ^
build	Build DaddyBoard (HeliBoard fork)	2026-09-30T15:14:46.4011643Z C/C++: /usr/local/lib/android/sdk/ndk/28.0.13004108/toolchains/llvm/prebuilt/linux-x86_64/sysroot/usr/include/c++/v1/__memory/uninitialized_algorithms.h:639:33: note: in instantiation of function template specialization 'std::allocator_traits<std::allocator<latinime::IntArrayView>>::construct<latinime::IntArrayView, latinime::IntArrayView, 0>' requested here
build	Build DaddyBoard (HeliBoard fork)	2026-09-30T15:14:46.4012726Z C/C++:   639 |       allocator_traits<_Alloc>::construct(__alloc, __result, std::move(*__iter));
build	Build DaddyBoard (HeliBoard fork)	2026-09-30T15:14:46.4013054Z C/C++:       |                                 ^
build	Build DaddyBoard (HeliBoard fork)	2026-09-30T15:14:46.4013769Z C/C++: /usr/local/lib/android/sdk/ndk/28.0.13004108/toolchains/llvm/prebuilt/linux-x86_64/sysroot/usr/include/c++/v1/vector:1511:3: note: in instantiation of member function 'std::vector<latinime::IntArrayView>::__swap_out_circular_buffer' requested here
build	Build DaddyBoard (HeliBoard fork)	2026-09-30T15:14:46.4014482Z C/C++:  1511 |   __swap_out_circular_buffer(__v);
build	Build DaddyBoard (HeliBoard fork)	2026-09-30T15:14:46.4014705Z C/C++:       |   ^
build	Build DaddyBoard (HeliBoard fork)	2026-09-30T15:14:46.4015551Z C/C++: /usr/local/lib/android/sdk/ndk/28.0.13004108/toolchains/llvm/prebuilt/linux-x86_64/sysroot/usr/include/c++/v1/vector:1529:13: note: in instantiation of function template specialization 'std::vector<latinime::IntArrayView>::__emplace_back_slow_path<const int *const &, const unsigned long &>' requested here
build	Build DaddyBoard (HeliBoard fork)	2026-09-30T15:14:46.4016474Z C/C++:  1529 |     __end = __emplace_back_slow_path(std::forward<_Args>(__args)...);
build	Build DaddyBoard (HeliBoard fork)	2026-09-30T15:14:46.4016767Z C/C++:       |             ^
build	Build DaddyBoard (HeliBoard fork)	2026-09-30T15:14:46.4017540Z C/C++: /home/runner/work/daddyboard/daddyboard/daddyboard-main/app/src/main/jni/src/utils/int_array_view.h:142:20: note: in instantiation of function template specialization 'std::vector<latinime::IntArrayView>::emplace_back<const int *const &, const unsigned long &>' requested here
build	Build DaddyBoard (HeliBoard fork)	2026-09-30T15:14:46.4018523Z C/C++:   142 |             result.emplace_back(mPtr, mSize);
build	Build DaddyBoard (HeliBoard fork)	2026-09-30T15:14:46.4018769Z C/C++:       |                    ^
build	Build DaddyBoard (HeliBoard fork)	2026-09-30T15:14:46.4018967Z C/C++: 3 warnings generated.
build	Build DaddyBoard (HeliBoard fork)	2026-09-30T15:14:46.7999654Z C/C++: In file included from /home/runner/work/daddyboard/daddyboard/daddyboard-main/app/src/main/jni/src/dictionary/structure/backward/v402/ver4_patricia_trie_node_writer.cpp:24:
build	Build DaddyBoard (HeliBoard fork)	2026-09-30T15:14:46.8000784Z C/C++: In file included from /home/runner/work/daddyboard/daddyboard/daddyboard-main/app/src/main/jni/src/dictionary/structure/backward/v402/ver4_patricia_trie_node_writer.h:31:
build	Build DaddyBoard (HeliBoard fork)	2026-09-30T15:14:46.8001713Z C/C++: In file included from /home/runner/work/daddyboard/daddyboard/daddyboard-main/app/src/main/jni/src/dictionary/structure/backward/v402/content/probability_entry.h:28:
build	Build DaddyBoard (HeliBoard fork)	2026-09-30T15:14:46.8002882Z C/C++: /home/runner/work/daddyboard/daddyboard/daddyboard-main/app/src/main/jni/src/dictionary/property/historical_info.h:52:5: warning: definition of implicit copy constructor for 'HistoricalInfo' is deprecated because it has a user-declared copy assignment operator [-Wdeprecated-copy]
build	Build DaddyBoard (HeliBoard fork)	2026-09-30T15:14:46.8003778Z C/C++:    52 |     DISALLOW_ASSIGNMENT_OPERATOR(HistoricalInfo);
build	Build DaddyBoard (HeliBoard fork)	2026-09-30T15:14:46.8004045Z C/C++:       |     ^
build	Build DaddyBoard (HeliBoard fork)	2026-09-30T15:14:46.8004526Z C/C++: /home/runner/work/daddyboard/daddyboard/daddyboard-main/app/src/main/jni/src/defines.h:289:8: note: expanded from macro 'DISALLOW_ASSIGNMENT_OPERATOR'
build	Build DaddyBoard (HeliBoard fork)	2026-09-30T15:14:46.8005309Z C/C++:   289 |   void operator=(const TypeName&) = delete
build	Build DaddyBoard (HeliBoard fork)	2026-09-30T15:14:46.8005662Z C/C++:       |        ^
build	Build DaddyBoard (HeliBoard fork)	2026-09-30T15:14:46.8006369Z C/C++: /home/runner/work/daddyboard/daddyboard/daddyboard-main/app/src/main/jni/src/dictionary/structure/backward/v402/content/probability_entry.h:39:15: note: in implicit copy constructor for 'latinime::HistoricalInfo' first required here
build	Build DaddyBoard (HeliBoard fork)	2026-09-30T15:14:46.8007146Z C/C++:    39 |               mHistoricalInfo(probabilityEntry.mHistoricalInfo) {}
build	Build DaddyBoard (HeliBoard fork)	2026-09-30T15:14:46.8007428Z C/C++:       |               ^
build	Build DaddyBoard (HeliBoard fork)	2026-09-30T15:14:46.8007971Z C/C++: In file included from /home/runner/work/daddyboard/daddyboard/daddyboard-main/app/src/main/jni/src/dictionary/structure/backward/v402/ver4_patricia_trie_node_writer.cpp:26:
build	Build DaddyBoard (HeliBoard fork)	2026-09-30T15:14:46.8009137Z C/C++: In file included from /home/runner/work/daddyboard/daddyboard/daddyboard-main/app/src/main/jni/src/dictionary/header/header_policy.h:25:
build	Build DaddyBoard (HeliBoard fork)	2026-09-30T15:14:46.8010592Z C/C++: /home/runner/work/daddyboard/daddyboard/daddyboard-main/app/src/main/jni/src/dictionary/utils/entry_counters.h:44:5: warning: definition of implicit copy constructor for 'EntryCounts' is deprecated because it has a user-declared copy assignment operator [-Wdeprecated-copy]
build	Build DaddyBoard (HeliBoard fork)	2026-09-30T15:14:46.8011440Z C/C++:    44 |     DISALLOW_ASSIGNMENT_OPERATOR(EntryCounts);
build	Build DaddyBoard (HeliBoard fork)	2026-09-30T15:14:46.8011698Z C/C++:       |     ^
build	Build DaddyBoard (HeliBoard fork)	2026-09-30T15:14:46.8012170Z C/C++: /home/runner/work/daddyboard/daddyboard/daddyboard-main/app/src/main/jni/src/defines.h:289:8: note: expanded from macro 'DISALLOW_ASSIGNMENT_OPERATOR'
build	Build DaddyBoard (HeliBoard fork)	2026-09-30T15:14:46.8012697Z C/C++:   289 |   void operator=(const TypeName&) = delete
build	Build DaddyBoard (HeliBoard fork)	2026-09-30T15:14:46.8012928Z C/C++:       |        ^
build	Build DaddyBoard (HeliBoard fork)	2026-09-30T15:14:46.8013513Z C/C++: /home/runner/work/daddyboard/daddyboard/daddyboard-main/app/src/main/jni/src/dictionary/header/header_policy.h:92:15: note: in implicit copy constructor for 'latinime::EntryCounts' first required here
build	Build DaddyBoard (HeliBoard fork)	2026-09-30T15:14:46.8014175Z C/C++:    92 |               mNgramCounts(headerPolicy->mNgramCounts),
build	Build DaddyBoard (HeliBoard fork)	2026-09-30T15:14:46.8014431Z C/C++:       |               ^
build	Build DaddyBoard (HeliBoard fork)	2026-09-30T15:14:46.8014981Z C/C++: In file included from /home/runner/work/daddyboard/daddyboard/daddyboard-main/app/src/main/jni/src/dictionary/structure/backward/v402/ver4_patricia_trie_node_writer.cpp:26:
build	Build DaddyBoard (HeliBoard fork)	2026-09-30T15:14:46.8015797Z C/C++: In file included from /home/runner/work/daddyboard/daddyboard/daddyboard-main/app/src/main/jni/src/dictionary/header/header_policy.h:23:
build	Build DaddyBoard (HeliBoard fork)	2026-09-30T15:14:46.8016526Z C/C++: In file included from /home/runner/work/daddyboard/daddyboard/daddyboard-main/app/src/main/jni/src/dictionary/header/header_read_write_utils.h:24:
build	Build DaddyBoard (HeliBoard fork)	2026-09-30T15:14:46.8017245Z C/C++: In file included from /home/runner/work/daddyboard/daddyboard/daddyboard-main/app/src/main/jni/src/dictionary/utils/format_utils.h:23:
build	Build DaddyBoard (HeliBoard fork)	2026-09-30T15:14:46.8018386Z C/C++: /home/runner/work/daddyboard/daddyboard/daddyboard-main/app/src/main/jni/src/utils/byte_array_view.h:53:5: warning: definition of implicit copy constructor for 'ReadOnlyByteArrayView' is deprecated because it has a user-declared copy assignment operator [-Wdeprecated-copy]
build	Build DaddyBoard (HeliBoard fork)	2026-09-30T15:14:46.8019249Z C/C++:    53 |     DISALLOW_ASSIGNMENT_OPERATOR(ReadOnlyByteArrayView);
build	Build DaddyBoard (HeliBoard fork)	2026-09-30T15:14:46.8019508Z C/C++:       |     ^
build	Build DaddyBoard (HeliBoard fork)	2026-09-30T15:14:46.8019961Z C/C++: /home/runner/work/daddyboard/daddyboard/daddyboard-main/app/src/main/jni/src/defines.h:289:8: note: expanded from macro 'DISALLOW_ASSIGNMENT_OPERATOR'
build	Build DaddyBoard (HeliBoard fork)	2026-09-30T15:14:46.8020475Z C/C++:   289 |   void operator=(const TypeName&) = delete
build	Build DaddyBoard (HeliBoard fork)	2026-09-30T15:14:46.8020711Z C/C++:       |        ^
build	Build DaddyBoard (HeliBoard fork)	2026-09-30T15:14:46.8021418Z C/C++: /home/runner/work/daddyboard/daddyboard/daddyboard-main/app/src/main/jni/src/dictionary/structure/pt_common/shortcut/shortcut_list_reading_utils.h:52:75: note: in implicit copy constructor for 'latinime::ReadOnlyByteArrayView' first required here
build	Build DaddyBoard (HeliBoard fork)	2026-09-30T15:14:46.8022441Z C/C++:    52 |         const int shortcutListSize = getShortcutListSizeAndForwardPointer(buffer, pos);
build	Build DaddyBoard (HeliBoard fork)	2026-09-30T15:14:46.8022827Z C/C++:       |                                                                           ^
build	Build DaddyBoard (HeliBoard fork)	2026-09-30T15:14:46.9000069Z C/C++: In file included from /home/runner/work/daddyboard/daddyboard/daddyboard-main/app/src/main/jni/src/dictionary/structure/backward/v402/ver4_patricia_trie_node_writer.cpp:24:
build	Build DaddyBoard (HeliBoard fork)	2026-09-30T15:14:46.9001367Z C/C++: In file included from /home/runner/work/daddyboard/daddyboard/daddyboard-main/app/src/main/jni/src/dictionary/structure/backward/v402/ver4_patricia_trie_node_writer.h:28:
build	Build DaddyBoard (HeliBoard fork)	2026-09-30T15:14:46.9002288Z C/C++: In file included from /home/runner/work/daddyboard/daddyboard/daddyboard-main/app/src/main/jni/src/dictionary/structure/pt_common/dynamic_pt_reading_helper.h:24:
build	Build DaddyBoard (HeliBoard fork)	2026-09-30T15:14:46.9003107Z C/C++: In file included from /home/runner/work/daddyboard/daddyboard/daddyboard-main/app/src/main/jni/src/dictionary/structure/pt_common/pt_node_params.h:27:
build	Build DaddyBoard (HeliBoard fork)	2026-09-30T15:14:46.9004232Z C/C++: /home/runner/work/daddyboard/daddyboard/daddyboard-main/app/src/main/jni/src/utils/int_array_view.h:160:5: warning: definition of implicit copy constructor for 'IntArrayView' is deprecated because it has a user-declared copy assignment operator [-Wdeprecated-copy]
build	Build DaddyBoard (HeliBoard fork)	2026-09-30T15:14:46.9005098Z C/C++:   160 |     DISALLOW_ASSIGNMENT_OPERATOR(IntArrayView);
build	Build DaddyBoard (HeliBoard fork)	2026-09-30T15:14:46.9005349Z C/C++:       |     ^
build	Build DaddyBoard (HeliBoard fork)	2026-09-30T15:14:46.9005814Z C/C++: /home/runner/work/daddyboard/daddyboard/daddyboard-main/app/src/main/jni/src/defines.h:289:8: note: expanded from macro 'DISALLOW_ASSIGNMENT_OPERATOR'
build	Build DaddyBoard (HeliBoard fork)	2026-09-30T15:14:46.9006367Z C/C++:   289 |   void operator=(const TypeName&) = delete
build	Build DaddyBoard (HeliBoard fork)	2026-09-30T15:14:46.9006627Z C/C++:       |        ^
build	Build DaddyBoard (HeliBoard fork)	2026-09-30T15:14:46.9007287Z C/C++: /usr/local/lib/android/sdk/ndk/28.0.13004108/toolchains/llvm/prebuilt/linux-x86_64/sysroot/usr/include/c++/v1/__memory/allocator.h:173:24: note: in implicit copy constructor for 'latinime::IntArrayView' first required here
build	Build DaddyBoard (HeliBoard fork)	2026-09-30T15:14:46.9008038Z C/C++:   173 |     ::new ((void*)__p) _Up(std::forward<_Args>(__args)...);
build	Build DaddyBoard (HeliBoard fork)	2026-09-30T15:14:46.9008432Z C/C++:       |                        ^
build	Build DaddyBoard (HeliBoard fork)	2026-09-30T15:14:46.9009342Z C/C++: /usr/local/lib/android/sdk/ndk/28.0.13004108/toolchains/llvm/prebuilt/linux-x86_64/sysroot/usr/include/c++/v1/__memory/allocator_traits.h:320:9: note: in instantiation of function template specialization 'std::allocator<latinime::IntArrayView>::construct<latinime::IntArrayView, latinime::IntArrayView>' requested here
build	Build DaddyBoard (HeliBoard fork)	2026-09-30T15:14:46.9010274Z C/C++:   320 |     __a.construct(__p, std::forward<_Args>(__args)...);
build	Build DaddyBoard (HeliBoard fork)	2026-09-30T15:14:46.9010531Z C/C++:       |         ^
build	Build DaddyBoard (HeliBoard fork)	2026-09-30T15:14:46.9011479Z C/C++: /usr/local/lib/android/sdk/ndk/28.0.13004108/toolchains/llvm/prebuilt/linux-x86_64/sysroot/usr/include/c++/v1/__memory/uninitialized_algorithms.h:639:33: note: in instantiation of function template specialization 'std::allocator_traits<std::allocator<latinime::IntArrayView>>::construct<latinime::IntArrayView, latinime::IntArrayView, 0>' requested here
build	Build DaddyBoard (HeliBoard fork)	2026-09-30T15:14:46.9012562Z C/C++:   639 |       allocator_traits<_Alloc>::construct(__alloc, __result, std::move(*__iter));
build	Build DaddyBoard (HeliBoard fork)	2026-09-30T15:14:46.9012892Z C/C++:       |                                 ^
build	Build DaddyBoard (HeliBoard fork)	2026-09-30T15:14:46.9013606Z C/C++: /usr/local/lib/android/sdk/ndk/28.0.13004108/toolchains/llvm/prebuilt/linux-x86_64/sysroot/usr/include/c++/v1/vector:1511:3: note: in instantiation of member function 'std::vector<latinime::IntArrayView>::__swap_out_circular_buffer' requested here
build	Build DaddyBoard (HeliBoard fork)	2026-09-30T15:14:46.9014318Z C/C++:  1511 |   __swap_out_circular_buffer(__v);
build	Build DaddyBoard (HeliBoard fork)	2026-09-30T15:14:46.9014536Z C/C++:       |   ^
build	Build DaddyBoard (HeliBoard fork)	2026-09-30T15:14:46.9015339Z C/C++: /usr/local/lib/android/sdk/ndk/28.0.13004108/toolchains/llvm/prebuilt/linux-x86_64/sysroot/usr/include/c++/v1/vector:1529:13: note: in instantiation of function template specialization 'std::vector<latinime::IntArrayView>::__emplace_back_slow_path<const int *const &, const unsigned long &>' requested here
build	Build DaddyBoard (HeliBoard fork)	2026-09-30T15:14:46.9016686Z C/C++:  1529 |     __end = __emplace_back_slow_path(std::forward<_Args>(__args)...);
build	Build DaddyBoard (HeliBoard fork)	2026-09-30T15:14:46.9016979Z C/C++:       |             ^
build	Build DaddyBoard (HeliBoard fork)	2026-09-30T15:14:46.9017884Z C/C++: /home/runner/work/daddyboard/daddyboard/daddyboard-main/app/src/main/jni/src/utils/int_array_view.h:142:20: note: in instantiation of function template specialization 'std::vector<latinime::IntArrayView>::emplace_back<const int *const &, const unsigned long &>' requested here
build	Build DaddyBoard (HeliBoard fork)	2026-09-30T15:14:46.9018805Z C/C++:   142 |             result.emplace_back(mPtr, mSize);
build	Build DaddyBoard (HeliBoard fork)	2026-09-30T15:14:46.9019049Z C/C++:       |                    ^
build	Build DaddyBoard (HeliBoard fork)	2026-09-30T15:14:46.9999035Z C/C++: 4 warnings generated.
build	Build DaddyBoard (HeliBoard fork)	2026-09-30T15:14:47.4000141Z C/C++: In file included from /home/runner/work/daddyboard/daddyboard/daddyboard-main/app/src/main/jni/src/dictionary/structure/backward/v402/ver4_patricia_trie_policy.cpp:25:
build	Build DaddyBoard (HeliBoard fork)	2026-09-30T15:14:47.4001760Z C/C++: In file included from /home/runner/work/daddyboard/daddyboard/daddyboard-main/app/src/main/jni/src/dictionary/structure/backward/v402/ver4_patricia_trie_policy.h:31:
build	Build DaddyBoard (HeliBoard fork)	2026-09-30T15:14:47.4003122Z C/C++: In file included from /home/runner/work/daddyboard/daddyboard/daddyboard-main/app/src/main/jni/src/dictionary/header/header_policy.h:25:
build	Build DaddyBoard (HeliBoard fork)	2026-09-30T15:14:47.4004954Z C/C++: /home/runner/work/daddyboard/daddyboard/daddyboard-main/app/src/main/jni/src/dictionary/utils/entry_counters.h:44:5: warning: definition of implicit copy constructor for 'EntryCounts' is deprecated because it has a user-declared copy assignment operator [-Wdeprecated-copy]
build	Build DaddyBoard (HeliBoard fork)	2026-09-30T15:14:47.4006465Z C/C++:    44 |     DISALLOW_ASSIGNMENT_OPERATOR(EntryCounts);
build	Build DaddyBoard (HeliBoard fork)	2026-09-30T15:14:47.4006729Z C/C++:       |     ^
build	Build DaddyBoard (HeliBoard fork)	2026-09-30T15:14:47.4007227Z C/C++: /home/runner/work/daddyboard/daddyboard/daddyboard-main/app/src/main/jni/src/defines.h:289:8: note: expanded from macro 'DISALLOW_ASSIGNMENT_OPERATOR'
build	Build DaddyBoard (HeliBoard fork)	2026-09-30T15:14:47.4007781Z C/C++:   289 |   void operator=(const TypeName&) = delete
build	Build DaddyBoard (HeliBoard fork)	2026-09-30T15:14:47.4008027Z C/C++:       |        ^
build	Build DaddyBoard (HeliBoard fork)	2026-09-30T15:14:47.4008765Z C/C++: /home/runner/work/daddyboard/daddyboard/daddyboard-main/app/src/main/jni/src/dictionary/header/header_policy.h:92:15: note: in implicit copy constructor for 'latinime::EntryCounts' first required here
build	Build DaddyBoard (HeliBoard fork)	2026-09-30T15:14:47.4009447Z C/C++:    92 |               mNgramCounts(headerPolicy->mNgramCounts),
build	Build DaddyBoard (HeliBoard fork)	2026-09-30T15:14:47.4009704Z C/C++:       |               ^
build	Build DaddyBoard (HeliBoard fork)	2026-09-30T15:14:47.4010241Z C/C++: In file included from /home/runner/work/daddyboard/daddyboard/daddyboard-main/app/src/main/jni/src/dictionary/structure/backward/v402/ver4_patricia_trie_policy.cpp:25:
build	Build DaddyBoard (HeliBoard fork)	2026-09-30T15:14:47.4011124Z C/C++: In file included from /home/runner/work/daddyboard/daddyboard/daddyboard-main/app/src/main/jni/src/dictionary/structure/backward/v402/ver4_patricia_trie_policy.h:32:
build	Build DaddyBoard (HeliBoard fork)	2026-09-30T15:14:47.4011967Z C/C++: In file included from /home/runner/work/daddyboard/daddyboard/daddyboard-main/app/src/main/jni/src/dictionary/interface/dictionary_structure_with_buffer_policy.h:23:
build	Build DaddyBoard (HeliBoard fork)	2026-09-30T15:14:47.4013121Z C/C++: /home/runner/work/daddyboard/daddyboard/daddyboard-main/app/src/main/jni/src/dictionary/property/historical_info.h:52:5: warning: definition of implicit copy constructor for 'HistoricalInfo' is deprecated because it has a user-declared copy assignment operator [-Wdeprecated-copy]
build	Build DaddyBoard (HeliBoard fork)	2026-09-30T15:14:47.4014081Z C/C++:    52 |     DISALLOW_ASSIGNMENT_OPERATOR(HistoricalInfo);
build	Build DaddyBoard (HeliBoard fork)	2026-09-30T15:14:47.4014423Z C/C++:       |     ^
build	Build DaddyBoard (HeliBoard fork)	2026-09-30T15:14:47.4014878Z C/C++: /home/runner/work/daddyboard/daddyboard/daddyboard-main/app/src/main/jni/src/defines.h:289:8: note: expanded from macro 'DISALLOW_ASSIGNMENT_OPERATOR'
build	Build DaddyBoard (HeliBoard fork)	2026-09-30T15:14:47.4015391Z C/C++:   289 |   void operator=(const TypeName&) = delete
build	Build DaddyBoard (HeliBoard fork)	2026-09-30T15:14:47.4015618Z C/C++:       |        ^
build	Build DaddyBoard (HeliBoard fork)	2026-09-30T15:14:47.4016219Z C/C++: /home/runner/work/daddyboard/daddyboard/daddyboard-main/app/src/main/jni/src/dictionary/property/ngram_property.h:33:42: note: in implicit copy constructor for 'latinime::HistoricalInfo' first required here
build	Build DaddyBoard (HeliBoard fork)	2026-09-30T15:14:47.4017199Z C/C++:    33 |               mProbability(probability), mHistoricalInfo(historicalInfo) {}
build	Build DaddyBoard (HeliBoard fork)	2026-09-30T15:14:47.4017517Z C/C++:       |                                          ^
build	Build DaddyBoard (HeliBoard fork)	2026-09-30T15:14:47.4018202Z C/C++: In file included from /home/runner/work/daddyboard/daddyboard/daddyboard-main/app/src/main/jni/src/dictionary/structure/backward/v402/ver4_patricia_trie_policy.cpp:25:
build	Build DaddyBoard (HeliBoard fork)	2026-09-30T15:14:47.4019346Z C/C++: In file included from /home/runner/work/daddyboard/daddyboard/daddyboard-main/app/src/main/jni/src/dictionary/structure/backward/v402/ver4_patricia_trie_policy.h:32:
build	Build DaddyBoard (HeliBoard fork)	2026-09-30T15:14:47.4020204Z C/C++: In file included from /home/runner/work/daddyboard/daddyboard/daddyboard-main/app/src/main/jni/src/dictionary/interface/dictionary_structure_with_buffer_policy.h:25:
build	Build DaddyBoard (HeliBoard fork)	2026-09-30T15:14:47.4021002Z C/C++: In file included from /home/runner/work/daddyboard/daddyboard/daddyboard-main/app/src/main/jni/src/dictionary/property/word_property.h:24:
build	Build DaddyBoard (HeliBoard fork)	2026-09-30T15:14:47.4022128Z C/C++: /home/runner/work/daddyboard/daddyboard/daddyboard-main/app/src/main/jni/src/dictionary/property/unigram_property.h:126:5: warning: definition of implicit copy constructor for 'UnigramProperty' is deprecated because it has a user-declared copy assignment operator [-Wdeprecated-copy]
build	Build DaddyBoard (HeliBoard fork)	2026-09-30T15:14:47.4023007Z C/C++:   126 |     DISALLOW_ASSIGNMENT_OPERATOR(UnigramProperty);
build	Build DaddyBoard (HeliBoard fork)	2026-09-30T15:14:47.4023254Z C/C++:       |     ^
build	Build DaddyBoard (HeliBoard fork)	2026-09-30T15:14:47.4023703Z C/C++: /home/runner/work/daddyboard/daddyboard/daddyboard-main/app/src/main/jni/src/defines.h:289:8: note: expanded from macro 'DISALLOW_ASSIGNMENT_OPERATOR'
build	Build DaddyBoard (HeliBoard fork)	2026-09-30T15:14:47.4024210Z C/C++:   289 |   void operator=(const TypeName&) = delete
build	Build DaddyBoard (HeliBoard fork)	2026-09-30T15:14:47.4024437Z C/C++:       |        ^
build	Build DaddyBoard (HeliBoard fork)	2026-09-30T15:14:47.4025037Z C/C++: /home/runner/work/daddyboard/daddyboard/daddyboard-main/app/src/main/jni/src/dictionary/property/word_property.h:38:51: note: in implicit copy constructor for 'latinime::UnigramProperty' first required here
build	Build DaddyBoard (HeliBoard fork)	2026-09-30T15:14:47.4025784Z C/C++:    38 |             : mCodePoints(std::move(codePoints)), mUnigramProperty(unigramProperty),
build	Build DaddyBoard (HeliBoard fork)	2026-09-30T15:14:47.4026126Z C/C++:       |                                                   ^
build	Build DaddyBoard (HeliBoard fork)	2026-09-30T15:14:47.4026712Z C/C++: In file included from /home/runner/work/daddyboard/daddyboard/daddyboard-main/app/src/main/jni/src/dictionary/structure/backward/v402/ver4_patricia_trie_policy.cpp:25:
build	Build DaddyBoard (HeliBoard fork)	2026-09-30T15:14:47.4027579Z C/C++: In file included from /home/runner/work/daddyboard/daddyboard/daddyboard-main/app/src/main/jni/src/dictionary/structure/backward/v402/ver4_patricia_trie_policy.h:31:
build	Build DaddyBoard (HeliBoard fork)	2026-09-30T15:14:47.4028436Z C/C++: In file included from /home/runner/work/daddyboard/daddyboard/daddyboard-main/app/src/main/jni/src/dictionary/header/header_policy.h:23:
build	Build DaddyBoard (HeliBoard fork)	2026-09-30T15:14:47.4029165Z C/C++: In file included from /home/runner/work/daddyboard/daddyboard/daddyboard-main/app/src/main/jni/src/dictionary/header/header_read_write_utils.h:24:
build	Build DaddyBoard (HeliBoard fork)	2026-09-30T15:14:47.4029883Z C/C++: In file included from /home/runner/work/daddyboard/daddyboard/daddyboard-main/app/src/main/jni/src/dictionary/utils/format_utils.h:23:
build	Build DaddyBoard (HeliBoard fork)	2026-09-30T15:14:47.4030924Z C/C++: /home/runner/work/daddyboard/daddyboard/daddyboard-main/app/src/main/jni/src/utils/byte_array_view.h:53:5: warning: definition of implicit copy constructor for 'ReadOnlyByteArrayView' is deprecated because it has a user-declared copy assignment operator [-Wdeprecated-copy]
build	Build DaddyBoard (HeliBoard fork)	2026-09-30T15:14:47.4031796Z C/C++:    53 |     DISALLOW_ASSIGNMENT_OPERATOR(ReadOnlyByteArrayView);
build	Build DaddyBoard (HeliBoard fork)	2026-09-30T15:14:47.4032054Z C/C++:       |     ^
build	Build DaddyBoard (HeliBoard fork)	2026-09-30T15:14:47.4032502Z C/C++: /home/runner/work/daddyboard/daddyboard/daddyboard-main/app/src/main/jni/src/defines.h:289:8: note: expanded from macro 'DISALLOW_ASSIGNMENT_OPERATOR'
build	Build DaddyBoard (HeliBoard fork)	2026-09-30T15:14:47.4033016Z C/C++:   289 |   void operator=(const TypeName&) = delete
build	Build DaddyBoard (HeliBoard fork)	2026-09-30T15:14:47.4033243Z C/C++:       |        ^
build	Build DaddyBoard (HeliBoard fork)	2026-09-30T15:14:47.4033944Z C/C++: /home/runner/work/daddyboard/daddyboard/daddyboard-main/app/src/main/jni/src/dictionary/structure/pt_common/shortcut/shortcut_list_reading_utils.h:52:75: note: in implicit copy constructor for 'latinime::ReadOnlyByteArrayView' first required here
build	Build DaddyBoard (HeliBoard fork)	2026-09-30T15:14:47.4034938Z C/C++:    52 |         const int shortcutListSize = getShortcutListSizeAndForwardPointer(buffer, pos);
build	Build DaddyBoard (HeliBoard fork)	2026-09-30T15:14:47.4035416Z C/C++:       |                                                                           ^
build	Build DaddyBoard (HeliBoard fork)	2026-09-30T15:14:47.4035996Z C/C++: In file included from /home/runner/work/daddyboard/daddyboard/daddyboard-main/app/src/main/jni/src/dictionary/structure/backward/v402/ver4_patricia_trie_policy.cpp:25:
build	Build DaddyBoard (HeliBoard fork)	2026-09-30T15:14:47.4036854Z C/C++: In file included from /home/runner/work/daddyboard/daddyboard/daddyboard-main/app/src/main/jni/src/dictionary/structure/backward/v402/ver4_patricia_trie_policy.h:32:
build	Build DaddyBoard (HeliBoard fork)	2026-09-30T15:14:47.4037696Z C/C++: In file included from /home/runner/work/daddyboard/daddyboard/daddyboard-main/app/src/main/jni/src/dictionary/interface/dictionary_structure_with_buffer_policy.h:25:
build	Build DaddyBoard (HeliBoard fork)	2026-09-30T15:14:47.4038574Z C/C++: In file included from /home/runner/work/daddyboard/daddyboard/daddyboard-main/app/src/main/jni/src/dictionary/property/word_property.h:23:
build	Build DaddyBoard (HeliBoard fork)	2026-09-30T15:14:47.4039328Z C/C++: In file included from /home/runner/work/daddyboard/daddyboard/daddyboard-main/app/src/main/jni/src/dictionary/property/ngram_property.h:24:
build	Build DaddyBoard (HeliBoard fork)	2026-09-30T15:14:47.4040036Z C/C++: In file included from /home/runner/work/daddyboard/daddyboard/daddyboard-main/app/src/main/jni/src/dictionary/property/ngram_context.h:23:
build	Build DaddyBoard (HeliBoard fork)	2026-09-30T15:14:47.4041045Z C/C++: /home/runner/work/daddyboard/daddyboard/daddyboard-main/app/src/main/jni/src/utils/int_array_view.h:160:5: warning: definition of implicit copy constructor for 'IntArrayView' is deprecated because it has a user-declared copy assignment operator [-Wdeprecated-copy]
build	Build DaddyBoard (HeliBoard fork)	2026-09-30T15:14:47.4041846Z C/C++:   160 |     DISALLOW_ASSIGNMENT_OPERATOR(IntArrayView);
build	Build DaddyBoard (HeliBoard fork)	2026-09-30T15:14:47.4042090Z C/C++:       |     ^
build	Build DaddyBoard (HeliBoard fork)	2026-09-30T15:14:47.4042533Z C/C++: /home/runner/work/daddyboard/daddyboard/daddyboard-main/app/src/main/jni/src/defines.h:289:8: note: expanded from macro 'DISALLOW_ASSIGNMENT_OPERATOR'
build	Build DaddyBoard (HeliBoard fork)	2026-09-30T15:14:47.4043045Z C/C++:   289 |   void operator=(const TypeName&) = delete
build	Build DaddyBoard (HeliBoard fork)	2026-09-30T15:14:47.4043275Z C/C++:       |        ^
build	Build DaddyBoard (HeliBoard fork)	2026-09-30T15:14:47.4043851Z C/C++: /home/runner/work/daddyboard/daddyboard/daddyboard-main/app/src/main/jni/src/suggest/core/dicnode/dic_node.h:110:53: note: in implicit copy constructor for 'latinime::IntArrayView' first required here
build	Build DaddyBoard (HeliBoard fork)	2026-09-30T15:14:47.4044540Z C/C++:   110 |         mDicNodeProperties.init(rootPtNodeArrayPos, prevWordIds);
build	Build DaddyBoard (HeliBoard fork)	2026-09-30T15:14:47.4044850Z C/C++:       |                                                     ^
build	Build DaddyBoard (HeliBoard fork)	2026-09-30T15:14:47.4045423Z C/C++: In file included from /home/runner/work/daddyboard/daddyboard/daddyboard-main/app/src/main/jni/src/dictionary/structure/backward/v402/ver4_patricia_trie_policy.cpp:39:
build	Build DaddyBoard (HeliBoard fork)	2026-09-30T15:14:47.4046208Z C/C++: In file included from /home/runner/work/daddyboard/daddyboard/daddyboard-main/app/src/main/jni/src/dictionary/utils/multi_bigram_map.h:27:
build	Build DaddyBoard (HeliBoard fork)	2026-09-30T15:14:47.4047238Z C/C++: /home/runner/work/daddyboard/daddyboard/daddyboard-main/app/src/main/jni/src/dictionary/utils/bloom_filter.h:47:5: warning: definition of implicit copy constructor for 'BloomFilter' is deprecated because it has a user-declared copy assignment operator [-Wdeprecated-copy]
build	Build DaddyBoard (HeliBoard fork)	2026-09-30T15:14:47.4048055Z C/C++:    47 |     DISALLOW_ASSIGNMENT_OPERATOR(BloomFilter);
build	Build DaddyBoard (HeliBoard fork)	2026-09-30T15:14:47.4048371Z C/C++:       |     ^
build	Build DaddyBoard (HeliBoard fork)	2026-09-30T15:14:47.4048820Z C/C++: /home/runner/work/daddyboard/daddyboard/daddyboard-main/app/src/main/jni/src/defines.h:289:8: note: expanded from macro 'DISALLOW_ASSIGNMENT_OPERATOR'
build	Build DaddyBoard (HeliBoard fork)	2026-09-30T15:14:47.4049331Z C/C++:   289 |   void operator=(const TypeName&) = delete
build	Build DaddyBoard (HeliBoard fork)	2026-09-30T15:14:47.4049557Z C/C++:       |        ^
build	Build DaddyBoard (HeliBoard fork)	2026-09-30T15:14:47.4050134Z C/C++: /home/runner/work/daddyboard/daddyboard/daddyboard-main/app/src/main/jni/src/dictionary/utils/multi_bigram_map.h:57:53: note: in implicit copy constructor for 'latinime::BloomFilter' first required here
build	Build DaddyBoard (HeliBoard fork)	2026-09-30T15:14:47.4051029Z C/C++:    57 |                 : mBigramMap(bigramMap.mBigramMap), mBloomFilter(bigramMap.mBloomFilter) {}
build	Build DaddyBoard (HeliBoard fork)	2026-09-30T15:14:47.4051490Z C/C++:       |                                                     ^
build	Build DaddyBoard (HeliBoard fork)	2026-09-30T15:14:47.5000090Z C/C++: In file included from /home/runner/work/daddyboard/daddyboard/daddyboard-main/app/src/main/jni/src/dictionary/structure/backward/v402/ver4_patricia_trie_policy.cpp:25:
build	Build DaddyBoard (HeliBoard fork)	2026-09-30T15:14:47.5001651Z C/C++: In file included from /home/runner/work/daddyboard/daddyboard/daddyboard-main/app/src/main/jni/src/dictionary/structure/backward/v402/ver4_patricia_trie_policy.h:32:
build	Build DaddyBoard (HeliBoard fork)	2026-09-30T15:14:47.5002584Z C/C++: In file included from /home/runner/work/daddyboard/daddyboard/daddyboard-main/app/src/main/jni/src/dictionary/interface/dictionary_structure_with_buffer_policy.h:25:
build	Build DaddyBoard (HeliBoard fork)	2026-09-30T15:14:47.5003411Z C/C++: In file included from /home/runner/work/daddyboard/daddyboard/daddyboard-main/app/src/main/jni/src/dictionary/property/word_property.h:23:
build	Build DaddyBoard (HeliBoard fork)	2026-09-30T15:14:47.5004569Z C/C++: /home/runner/work/daddyboard/daddyboard/daddyboard-main/app/src/main/jni/src/dictionary/property/ngram_property.h:54:5: warning: definition of implicit copy constructor for 'NgramProperty' is deprecated because it has a user-declared copy assignment operator [-Wdeprecated-copy]
build	Build DaddyBoard (HeliBoard fork)	2026-09-30T15:14:47.5005474Z C/C++:    54 |     DISALLOW_ASSIGNMENT_OPERATOR(NgramProperty);
build	Build DaddyBoard (HeliBoard fork)	2026-09-30T15:14:47.5005744Z C/C++:       |     ^
build	Build DaddyBoard (HeliBoard fork)	2026-09-30T15:14:47.5006222Z C/C++: /home/runner/work/daddyboard/daddyboard/daddyboard-main/app/src/main/jni/src/defines.h:289:8: note: expanded from macro 'DISALLOW_ASSIGNMENT_OPERATOR'
build	Build DaddyBoard (HeliBoard fork)	2026-09-30T15:14:47.5006750Z C/C++:   289 |   void operator=(const TypeName&) = delete
build	Build DaddyBoard (HeliBoard fork)	2026-09-30T15:14:47.5006996Z C/C++:       |        ^
build	Build DaddyBoard (HeliBoard fork)	2026-09-30T15:14:47.5007656Z C/C++: /usr/local/lib/android/sdk/ndk/28.0.13004108/toolchains/llvm/prebuilt/linux-x86_64/sysroot/usr/include/c++/v1/__memory/allocator.h:173:24: note: in implicit copy constructor for 'latinime::NgramProperty' first required here
build	Build DaddyBoard (HeliBoard fork)	2026-09-30T15:14:47.5008488Z C/C++:   173 |     ::new ((void*)__p) _Up(std::forward<_Args>(__args)...);
build	Build DaddyBoard (HeliBoard fork)	2026-09-30T15:14:47.5008760Z C/C++:       |                        ^
build	Build DaddyBoard (HeliBoard fork)	2026-09-30T15:14:47.5009678Z C/C++: /usr/local/lib/android/sdk/ndk/28.0.13004108/toolchains/llvm/prebuilt/linux-x86_64/sysroot/usr/include/c++/v1/__memory/allocator_traits.h:320:9: note: in instantiation of function template specialization 'std::allocator<latinime::NgramProperty>::construct<latinime::NgramProperty, latinime::NgramProperty &>' requested here
build	Build DaddyBoard (HeliBoard fork)	2026-09-30T15:14:47.5010627Z C/C++:   320 |     __a.construct(__p, std::forward<_Args>(__args)...);
build	Build DaddyBoard (HeliBoard fork)	2026-09-30T15:14:47.5010889Z C/C++:       |         ^
build	Build DaddyBoard (HeliBoard fork)	2026-09-30T15:14:47.5011852Z C/C++: /usr/local/lib/android/sdk/ndk/28.0.13004108/toolchains/llvm/prebuilt/linux-x86_64/sysroot/usr/include/c++/v1/__memory/uninitialized_algorithms.h:551:31: note: in instantiation of function template specialization 'std::allocator_traits<std::allocator<latinime::NgramProperty>>::construct<latinime::NgramProperty, latinime::NgramProperty &, 0>' requested here
build	Build DaddyBoard (HeliBoard fork)	2026-09-30T15:14:47.5012972Z C/C++:   551 |     allocator_traits<_Alloc>::construct(__alloc, std::__to_address(__first2), *__first1);
build	Build DaddyBoard (HeliBoard fork)	2026-09-30T15:14:47.5013318Z C/C++:       |                               ^
build	Build DaddyBoard (HeliBoard fork)	2026-09-30T15:14:47.5014525Z C/C++: /usr/local/lib/android/sdk/ndk/28.0.13004108/toolchains/llvm/prebuilt/linux-x86_64/sysroot/usr/include/c++/v1/__memory/uninitialized_algorithms.h:594:33: note: in instantiation of function template specialization 'std::__uninitialized_allocator_copy_impl<std::allocator<latinime::NgramProperty>, latinime::NgramProperty *, latinime::NgramProperty *, latinime::NgramProperty *>' requested here
build	Build DaddyBoard (HeliBoard fork)	2026-09-30T15:14:47.5015724Z C/C++:   594 |   auto __result          = std::__uninitialized_allocator_copy_impl(
build	Build DaddyBoard (HeliBoard fork)	2026-09-30T15:14:47.5016020Z C/C++:       |                                 ^
build	Build DaddyBoard (HeliBoard fork)	2026-09-30T15:14:47.5017034Z C/C++: /usr/local/lib/android/sdk/ndk/28.0.13004108/toolchains/llvm/prebuilt/linux-x86_64/sysroot/usr/include/c++/v1/vector:1100:22: note: in instantiation of function template specialization 'std::__uninitialized_allocator_copy<std::allocator<latinime::NgramProperty>, latinime::NgramProperty *, latinime::NgramProperty *, latinime::NgramProperty *>' requested here
build	Build DaddyBoard (HeliBoard fork)	2026-09-30T15:14:47.5018674Z C/C++:  1100 |   __tx.__pos_ = std::__uninitialized_allocator_copy(__alloc(), __first, __last, __tx.__pos_);
build	Build DaddyBoard (HeliBoard fork)	2026-09-30T15:14:47.5019021Z C/C++:       |                      ^
build	Build DaddyBoard (HeliBoard fork)	2026-09-30T15:14:47.5019880Z C/C++: /usr/local/lib/android/sdk/ndk/28.0.13004108/toolchains/llvm/prebuilt/linux-x86_64/sysroot/usr/include/c++/v1/vector:761:7: note: in instantiation of function template specialization 'std::vector<latinime::NgramProperty>::__construct_at_end<latinime::NgramProperty *, latinime::NgramProperty *>' requested here
build	Build DaddyBoard (HeliBoard fork)	2026-09-30T15:14:47.5020772Z C/C++:   761 |       __construct_at_end(__first, __last, __n);
build	Build DaddyBoard (HeliBoard fork)	2026-09-30T15:14:47.5021012Z C/C++:       |       ^
build	Build DaddyBoard (HeliBoard fork)	2026-09-30T15:14:47.5021836Z C/C++: /usr/local/lib/android/sdk/ndk/28.0.13004108/toolchains/llvm/prebuilt/linux-x86_64/sysroot/usr/include/c++/v1/vector:1213:3: note: in instantiation of function template specialization 'std::vector<latinime::NgramProperty>::__init_with_size<latinime::NgramProperty *, latinime::NgramProperty *>' requested here
build	Build DaddyBoard (HeliBoard fork)	2026-09-30T15:14:47.5022739Z C/C++:  1213 |   __init_with_size(__x.__begin_, __x.__end_, __x.size());
build	Build DaddyBoard (HeliBoard fork)	2026-09-30T15:14:47.5023000Z C/C++:       |   ^
build	Build DaddyBoard (HeliBoard fork)	2026-09-30T15:14:47.5023772Z C/C++: /home/runner/work/daddyboard/daddyboard/daddyboard-main/app/src/main/jni/src/dictionary/property/word_property.h:39:15: note: in instantiation of member function 'std::vector<latinime::NgramProperty>::vector' requested here
build	Build DaddyBoard (HeliBoard fork)	2026-09-30T15:14:47.5024467Z C/C++:    39 |               mNgrams(ngrams) {}
build	Build DaddyBoard (HeliBoard fork)	2026-09-30T15:14:47.5024690Z C/C++:       |               ^
build	Build DaddyBoard (HeliBoard fork)	2026-09-30T15:14:47.7999450Z C/C++: 7 warnings generated.
build	Build DaddyBoard (HeliBoard fork)	2026-09-30T15:14:48.2000004Z C/C++: In file included from /home/runner/work/daddyboard/daddyboard/daddyboard-main/app/src/main/jni/src/dictionary/structure/backward/v402/ver4_patricia_trie_writing_helper.cpp:24:
build	Build DaddyBoard (HeliBoard fork)	2026-09-30T15:14:48.2001688Z C/C++: In file included from /home/runner/work/daddyboard/daddyboard/daddyboard-main/app/src/main/jni/src/dictionary/structure/backward/v402/ver4_patricia_trie_writing_helper.h:30:
build	Build DaddyBoard (HeliBoard fork)	2026-09-30T15:14:48.2003664Z C/C++: /home/runner/work/daddyboard/daddyboard/daddyboard-main/app/src/main/jni/src/dictionary/utils/entry_counters.h:44:5: warning: definition of implicit copy constructor for 'EntryCounts' is deprecated because it has a user-declared copy assignment operator [-Wdeprecated-copy]
build	Build DaddyBoard (HeliBoard fork)	2026-09-30T15:14:48.2005078Z C/C++:    44 |     DISALLOW_ASSIGNMENT_OPERATOR(EntryCounts);
build	Build DaddyBoard (HeliBoard fork)	2026-09-30T15:14:48.2005343Z C/C++:       |     ^
build	Build DaddyBoard (HeliBoard fork)	2026-09-30T15:14:48.2005814Z C/C++: /home/runner/work/daddyboard/daddyboard/daddyboard-main/app/src/main/jni/src/defines.h:289:8: note: expanded from macro 'DISALLOW_ASSIGNMENT_OPERATOR'
build	Build DaddyBoard (HeliBoard fork)	2026-09-30T15:14:48.2006343Z C/C++:   289 |   void operator=(const TypeName&) = delete
build	Build DaddyBoard (HeliBoard fork)	2026-09-30T15:14:48.2006578Z C/C++:       |        ^
build	Build DaddyBoard (HeliBoard fork)	2026-09-30T15:14:48.2007199Z C/C++: /home/runner/work/daddyboard/daddyboard/daddyboard-main/app/src/main/jni/src/dictionary/header/header_policy.h:92:15: note: in implicit copy constructor for 'latinime::EntryCounts' first required here
build	Build DaddyBoard (HeliBoard fork)	2026-09-30T15:14:48.2007896Z C/C++:    92 |               mNgramCounts(headerPolicy->mNgramCounts),
build	Build DaddyBoard (HeliBoard fork)	2026-09-30T15:14:48.2008158Z C/C++:       |               ^
build	Build DaddyBoard (HeliBoard fork)	2026-09-30T15:14:48.2008895Z C/C++: In file included from /home/runner/work/daddyboard/daddyboard/daddyboard-main/app/src/main/jni/src/dictionary/structure/backward/v402/ver4_patricia_trie_writing_helper.cpp:30:
build	Build DaddyBoard (HeliBoard fork)	2026-09-30T15:14:48.2009799Z C/C++: In file included from /home/runner/work/daddyboard/daddyboard/daddyboard-main/app/src/main/jni/src/dictionary/structure/backward/v402/bigram/ver4_bigram_list_policy.h:30:
build	Build DaddyBoard (HeliBoard fork)	2026-09-30T15:14:48.2010671Z C/C++: In file included from /home/runner/work/daddyboard/daddyboard/daddyboard-main/app/src/main/jni/src/dictionary/structure/backward/v402/content/bigram_entry.h:28:
build	Build DaddyBoard (HeliBoard fork)	2026-09-30T15:14:48.2012138Z C/C++: /home/runner/work/daddyboard/daddyboard/daddyboard-main/app/src/main/jni/src/dictionary/property/historical_info.h:52:5: warning: definition of implicit copy constructor for 'HistoricalInfo' is deprecated because it has a user-declared copy assignment operator [-Wdeprecated-copy]
build	Build DaddyBoard (HeliBoard fork)	2026-09-30T15:14:48.2013159Z C/C++:    52 |     DISALLOW_ASSIGNMENT_OPERATOR(HistoricalInfo);
build	Build DaddyBoard (HeliBoard fork)	2026-09-30T15:14:48.2013403Z C/C++:       |     ^
build	Build DaddyBoard (HeliBoard fork)	2026-09-30T15:14:48.2013857Z C/C++: /home/runner/work/daddyboard/daddyboard/daddyboard-main/app/src/main/jni/src/defines.h:289:8: note: expanded from macro 'DISALLOW_ASSIGNMENT_OPERATOR'
build	Build DaddyBoard (HeliBoard fork)	2026-09-30T15:14:48.2014375Z C/C++:   289 |   void operator=(const TypeName&) = delete
build	Build DaddyBoard (HeliBoard fork)	2026-09-30T15:14:48.2014643Z C/C++:       |        ^
build	Build DaddyBoard (HeliBoard fork)	2026-09-30T15:14:48.2015311Z C/C++: /home/runner/work/daddyboard/daddyboard/daddyboard-main/app/src/main/jni/src/dictionary/structure/backward/v402/content/bigram_entry.h:49:61: note: in implicit copy constructor for 'latinime::HistoricalInfo' first required here
build	Build DaddyBoard (HeliBoard fork)	2026-09-30T15:14:48.2016135Z C/C++:    49 |             : mHasNext(hasNext), mProbability(probability), mHistoricalInfo(*historicalInfo),
build	Build DaddyBoard (HeliBoard fork)	2026-09-30T15:14:48.2016517Z C/C++:       |                                                             ^
build	Build DaddyBoard (HeliBoard fork)	2026-09-30T15:14:48.2017112Z C/C++: In file included from /home/runner/work/daddyboard/daddyboard/daddyboard-main/app/src/main/jni/src/dictionary/structure/backward/v402/ver4_patricia_trie_writing_helper.cpp:24:
build	Build DaddyBoard (HeliBoard fork)	2026-09-30T15:14:48.2018026Z C/C++: In file included from /home/runner/work/daddyboard/daddyboard/daddyboard-main/app/src/main/jni/src/dictionary/structure/backward/v402/ver4_patricia_trie_writing_helper.h:28:
build	Build DaddyBoard (HeliBoard fork)	2026-09-30T15:14:48.2019145Z C/C++: In file included from /home/runner/work/daddyboard/daddyboard/daddyboard-main/app/src/main/jni/src/dictionary/structure/pt_common/dynamic_pt_gc_event_listeners.h:25:
build	Build DaddyBoard (HeliBoard fork)	2026-09-30T15:14:48.2019979Z C/C++: In file included from /home/runner/work/daddyboard/daddyboard/daddyboard-main/app/src/main/jni/src/dictionary/utils/buffer_with_extendable_buffer.h:26:
build	Build DaddyBoard (HeliBoard fork)	2026-09-30T15:14:48.2021082Z C/C++: /home/runner/work/daddyboard/daddyboard/daddyboard-main/app/src/main/jni/src/utils/byte_array_view.h:53:5: warning: definition of implicit copy constructor for 'ReadOnlyByteArrayView' is deprecated because it has a user-declared copy assignment operator [-Wdeprecated-copy]
build	Build DaddyBoard (HeliBoard fork)	2026-09-30T15:14:48.2021999Z C/C++:    53 |     DISALLOW_ASSIGNMENT_OPERATOR(ReadOnlyByteArrayView);
build	Build DaddyBoard (HeliBoard fork)	2026-09-30T15:14:48.2022266Z C/C++:       |     ^
build	Build DaddyBoard (HeliBoard fork)	2026-09-30T15:14:48.2022734Z C/C++: /home/runner/work/daddyboard/daddyboard/daddyboard-main/app/src/main/jni/src/defines.h:289:8: note: expanded from macro 'DISALLOW_ASSIGNMENT_OPERATOR'
build	Build DaddyBoard (HeliBoard fork)	2026-09-30T15:14:48.2023259Z C/C++:   289 |   void operator=(const TypeName&) = delete
build	Build DaddyBoard (HeliBoard fork)	2026-09-30T15:14:48.2023496Z C/C++:       |        ^
build	Build DaddyBoard (HeliBoard fork)	2026-09-30T15:14:48.2024210Z C/C++: /home/runner/work/daddyboard/daddyboard/daddyboard-main/app/src/main/jni/src/dictionary/structure/pt_common/shortcut/shortcut_list_reading_utils.h:52:75: note: in implicit copy constructor for 'latinime::ReadOnlyByteArrayView' first required here
build	Build DaddyBoard (HeliBoard fork)	2026-09-30T15:14:48.2033269Z C/C++:    52 |         const int shortcutListSize = getShortcutListSizeAndForwardPointer(buffer, pos);
build	Build DaddyBoard (HeliBoard fork)	2026-09-30T15:14:48.2033738Z C/C++:       |                                                                           ^
build	Build DaddyBoard (HeliBoard fork)	2026-09-30T15:14:48.2999830Z C/C++: In file included from /home/runner/work/daddyboard/daddyboard/daddyboard-main/app/src/main/jni/src/dictionary/structure/backward/v402/ver4_patricia_trie_writing_helper.cpp:24:
build	Build DaddyBoard (HeliBoard fork)	2026-09-30T15:14:48.3000909Z C/C++: In file included from /home/runner/work/daddyboard/daddyboard/daddyboard-main/app/src/main/jni/src/dictionary/structure/backward/v402/ver4_patricia_trie_writing_helper.h:28:
build	Build DaddyBoard (HeliBoard fork)	2026-09-30T15:14:48.3001835Z C/C++: In file included from /home/runner/work/daddyboard/daddyboard/daddyboard-main/app/src/main/jni/src/dictionary/structure/pt_common/dynamic_pt_gc_event_listeners.h:23:
build	Build DaddyBoard (HeliBoard fork)	2026-09-30T15:14:48.3003053Z C/C++: In file included from /home/runner/work/daddyboard/daddyboard/daddyboard-main/app/src/main/jni/src/dictionary/structure/pt_common/dynamic_pt_reading_helper.h:24:
build	Build DaddyBoard (HeliBoard fork)	2026-09-30T15:14:48.3004069Z C/C++: In file included from /home/runner/work/daddyboard/daddyboard/daddyboard-main/app/src/main/jni/src/dictionary/structure/pt_common/pt_node_params.h:27:
build	Build DaddyBoard (HeliBoard fork)	2026-09-30T15:14:48.3005144Z C/C++: /home/runner/work/daddyboard/daddyboard/daddyboard-main/app/src/main/jni/src/utils/int_array_view.h:160:5: warning: definition of implicit copy constructor for 'IntArrayView' is deprecated because it has a user-declared copy assignment operator [-Wdeprecated-copy]
build	Build DaddyBoard (HeliBoard fork)	2026-09-30T15:14:48.3005982Z C/C++:   160 |     DISALLOW_ASSIGNMENT_OPERATOR(IntArrayView);
build	Build DaddyBoard (HeliBoard fork)	2026-09-30T15:14:48.3006232Z C/C++:       |     ^
build	Build DaddyBoard (HeliBoard fork)	2026-09-30T15:14:48.3006705Z C/C++: /home/runner/work/daddyboard/daddyboard/daddyboard-main/app/src/main/jni/src/defines.h:289:8: note: expanded from macro 'DISALLOW_ASSIGNMENT_OPERATOR'
build	Build DaddyBoard (HeliBoard fork)	2026-09-30T15:14:48.3007239Z C/C++:   289 |   void operator=(const TypeName&) = delete
build	Build DaddyBoard (HeliBoard fork)	2026-09-30T15:14:48.3007477Z C/C++:       |        ^
build	Build DaddyBoard (HeliBoard fork)	2026-09-30T15:14:48.3008133Z C/C++: /usr/local/lib/android/sdk/ndk/28.0.13004108/toolchains/llvm/prebuilt/linux-x86_64/sysroot/usr/include/c++/v1/__memory/allocator.h:173:24: note: in implicit copy constructor for 'latinime::IntArrayView' first required here
build	Build DaddyBoard (HeliBoard fork)	2026-09-30T15:14:48.3009018Z C/C++:   173 |     ::new ((void*)__p) _Up(std::forward<_Args>(__args)...);
build	Build DaddyBoard (HeliBoard fork)	2026-09-30T15:14:48.3009286Z C/C++:       |                        ^
build	Build DaddyBoard (HeliBoard fork)	2026-09-30T15:14:48.3010503Z C/C++: /usr/local/lib/android/sdk/ndk/28.0.13004108/toolchains/llvm/prebuilt/linux-x86_64/sysroot/usr/include/c++/v1/__memory/allocator_traits.h:320:9: note: in instantiation of function template specialization 'std::allocator<latinime::IntArrayView>::construct<latinime::IntArrayView, latinime::IntArrayView>' requested here
build	Build DaddyBoard (HeliBoard fork)	2026-09-30T15:14:48.3011581Z C/C++:   320 |     __a.construct(__p, std::forward<_Args>(__args)...);
build	Build DaddyBoard (HeliBoard fork)	2026-09-30T15:14:48.3012030Z C/C++:       |         ^
build	Build DaddyBoard (HeliBoard fork)	2026-09-30T15:14:48.3013258Z C/C++: /usr/local/lib/android/sdk/ndk/28.0.13004108/toolchains/llvm/prebuilt/linux-x86_64/sysroot/usr/include/c++/v1/__memory/uninitialized_algorithms.h:639:33: note: in instantiation of function template specialization 'std::allocator_traits<std::allocator<latinime::IntArrayView>>::construct<latinime::IntArrayView, latinime::IntArrayView, 0>' requested here
build	Build DaddyBoard (HeliBoard fork)	2026-09-30T15:14:48.3014521Z C/C++:   639 |       allocator_traits<_Alloc>::construct(__alloc, __result, std::move(*__iter));
build	Build DaddyBoard (HeliBoard fork)	2026-09-30T15:14:48.3015067Z C/C++:       |                                 ^
build	Build DaddyBoard (HeliBoard fork)	2026-09-30T15:14:48.3016123Z C/C++: /usr/local/lib/android/sdk/ndk/28.0.13004108/toolchains/llvm/prebuilt/linux-x86_64/sysroot/usr/include/c++/v1/vector:1511:3: note: in instantiation of member function 'std::vector<latinime::IntArrayView>::__swap_out_circular_buffer' requested here
build	Build DaddyBoard (HeliBoard fork)	2026-09-30T15:14:48.3016892Z C/C++:  1511 |   __swap_out_circular_buffer(__v);
build	Build DaddyBoard (HeliBoard fork)	2026-09-30T15:14:48.3017129Z C/C++:       |   ^
build	Build DaddyBoard (HeliBoard fork)	2026-09-30T15:14:48.3017959Z C/C++: /usr/local/lib/android/sdk/ndk/28.0.13004108/toolchains/llvm/prebuilt/linux-x86_64/sysroot/usr/include/c++/v1/vector:1529:13: note: in instantiation of function template specialization 'std::vector<latinime::IntArrayView>::__emplace_back_slow_path<const int *const &, const unsigned long &>' requested here
build	Build DaddyBoard (HeliBoard fork)	2026-09-30T15:14:48.3019069Z C/C++:  1529 |     __end = __emplace_back_slow_path(std::forward<_Args>(__args)...);
build	Build DaddyBoard (HeliBoard fork)	2026-09-30T15:14:48.3019360Z C/C++:       |             ^
build	Build DaddyBoard (HeliBoard fork)	2026-09-30T15:14:48.3020140Z C/C++: /home/runner/work/daddyboard/daddyboard/daddyboard-main/app/src/main/jni/src/utils/int_array_view.h:142:20: note: in instantiation of function template specialization 'std::vector<latinime::IntArrayView>::emplace_back<const int *const &, const unsigned long &>' requested here
build	Build DaddyBoard (HeliBoard fork)	2026-09-30T15:14:48.3020955Z C/C++:   142 |             result.emplace_back(mPtr, mSize);
build	Build DaddyBoard (HeliBoard fork)	2026-09-30T15:14:48.3021352Z C/C++:       |                    ^
build	Build DaddyBoard (HeliBoard fork)	2026-09-30T15:14:48.3021917Z C/C++: In file included from /home/runner/work/daddyboard/daddyboard/daddyboard-main/app/src/main/jni/src/dictionary/structure/backward/v402/ver4_patricia_trie_writing_helper.cpp:24:
build	Build DaddyBoard (HeliBoard fork)	2026-09-30T15:14:48.3023331Z C/C++: /home/runner/work/daddyboard/daddyboard/daddyboard-main/app/src/main/jni/src/dictionary/structure/backward/v402/ver4_patricia_trie_writing_helper.h:122:9: warning: definition of implicit copy constructor for 'DictProbabilityComparator' is deprecated because it has a user-declared copy assignment operator [-Wdeprecated-copy]
build	Build DaddyBoard (HeliBoard fork)	2026-09-30T15:14:48.3024345Z C/C++:   122 |         DISALLOW_ASSIGNMENT_OPERATOR(DictProbabilityComparator);
build	Build DaddyBoard (HeliBoard fork)	2026-09-30T15:14:48.3024633Z C/C++:       |         ^
build	Build DaddyBoard (HeliBoard fork)	2026-09-30T15:14:48.3025103Z C/C++: /home/runner/work/daddyboard/daddyboard/daddyboard-main/app/src/main/jni/src/defines.h:289:8: note: expanded from macro 'DISALLOW_ASSIGNMENT_OPERATOR'
build	Build DaddyBoard (HeliBoard fork)	2026-09-30T15:14:48.3025625Z C/C++:   289 |   void operator=(const TypeName&) = delete
build	Build DaddyBoard (HeliBoard fork)	2026-09-30T15:14:48.3025867Z C/C++:       |        ^
build	Build DaddyBoard (HeliBoard fork)	2026-09-30T15:14:48.3026622Z C/C++: /usr/local/lib/android/sdk/ndk/28.0.13004108/toolchains/llvm/prebuilt/linux-x86_64/sysroot/usr/include/c++/v1/queue:906:38: note: in implicit copy constructor for 'latinime::backward::v402::Ver4PatriciaTrieWritingHelper::DictProbabilityComparator' first required here
build	Build DaddyBoard (HeliBoard fork)	2026-09-30T15:14:48.3027470Z C/C++:   906 |   std::push_heap(c.begin(), c.end(), comp);
build	Build DaddyBoard (HeliBoard fork)	2026-09-30T15:14:48.3027741Z C/C++:       |                                      ^
build	Build DaddyBoard (HeliBoard fork)	2026-09-30T15:14:48.3029245Z C/C++: /home/runner/work/daddyboard/daddyboard/daddyboard-main/app/src/main/jni/src/dictionary/structure/backward/v402/ver4_patricia_trie_writing_helper.cpp:221:23: note: in instantiation of member function 'std::priority_queue<latinime::backward::v402::Ver4PatriciaTrieWritingHelper::DictProbability, std::vector<latinime::backward::v402::Ver4PatriciaTrieWritingHelper::DictProbability>, latinime::backward::v402::Ver4PatriciaTrieWritingHelper::DictProbabilityComparator>::push' requested here
build	Build DaddyBoard (HeliBoard fork)	2026-09-30T15:14:48.3030714Z C/C++:   221 |         priorityQueue.push(DictProbability(terminalPos, probability,
build	Build DaddyBoard (HeliBoard fork)	2026-09-30T15:14:48.3031036Z C/C++:       |                       ^
build	Build DaddyBoard (HeliBoard fork)	2026-09-30T15:14:48.3999880Z C/C++: 5 warnings generated.
build	Build DaddyBoard (HeliBoard fork)	2026-09-30T15:14:48.7999239Z C/C++: In file included from /home/runner/work/daddyboard/daddyboard/daddyboard-main/app/src/main/jni/src/dictionary/structure/backward/v402/content/bigram_dict_content.cpp:24:
build	Build DaddyBoard (HeliBoard fork)	2026-09-30T15:14:48.8000267Z C/C++: In file included from /home/runner/work/daddyboard/daddyboard/daddyboard-main/app/src/main/jni/src/dictionary/structure/backward/v402/content/bigram_dict_content.h:28:
build	Build DaddyBoard (HeliBoard fork)	2026-09-30T15:14:48.8001281Z C/C++: In file included from /home/runner/work/daddyboard/daddyboard/daddyboard-main/app/src/main/jni/src/dictionary/structure/backward/v402/content/bigram_entry.h:28:
build	Build DaddyBoard (HeliBoard fork)	2026-09-30T15:14:48.8002491Z C/C++: /home/runner/work/daddyboard/daddyboard/daddyboard-main/app/src/main/jni/src/dictionary/property/historical_info.h:52:5: warning: definition of implicit copy constructor for 'HistoricalInfo' is deprecated because it has a user-declared copy assignment operator [-Wdeprecated-copy]
build	Build DaddyBoard (HeliBoard fork)	2026-09-30T15:14:48.8003463Z C/C++:    52 |     DISALLOW_ASSIGNMENT_OPERATOR(HistoricalInfo);
build	Build DaddyBoard (HeliBoard fork)	2026-09-30T15:14:48.8003734Z C/C++:       |     ^
build	Build DaddyBoard (HeliBoard fork)	2026-09-30T15:14:48.8004213Z C/C++: /home/runner/work/daddyboard/daddyboard/daddyboard-main/app/src/main/jni/src/defines.h:289:8: note: expanded from macro 'DISALLOW_ASSIGNMENT_OPERATOR'
build	Build DaddyBoard (HeliBoard fork)	2026-09-30T15:14:48.8004785Z C/C++:   289 |   void operator=(const TypeName&) = delete
build	Build DaddyBoard (HeliBoard fork)	2026-09-30T15:14:48.8005027Z C/C++:       |        ^
build	Build DaddyBoard (HeliBoard fork)	2026-09-30T15:14:48.8005741Z C/C++: /home/runner/work/daddyboard/daddyboard/daddyboard-main/app/src/main/jni/src/dictionary/structure/backward/v402/content/bigram_entry.h:49:61: note: in implicit copy constructor for 'latinime::HistoricalInfo' first required here
build	Build DaddyBoard (HeliBoard fork)	2026-09-30T15:14:48.8006608Z C/C++:    49 |             : mHasNext(hasNext), mProbability(probability), mHistoricalInfo(*historicalInfo),
build	Build DaddyBoard (HeliBoard fork)	2026-09-30T15:14:48.8007325Z C/C++:       |                                                             ^
build	Build DaddyBoard (HeliBoard fork)	2026-09-30T15:14:49.1999182Z C/C++: 1 warning generated.
build	Build DaddyBoard (HeliBoard fork)	2026-09-30T15:14:49.5999267Z C/C++: In file included from /home/runner/work/daddyboard/daddyboard/daddyboard-main/app/src/main/jni/src/dictionary/structure/backward/v402/content/probability_dict_content.cpp:26:
build	Build DaddyBoard (HeliBoard fork)	2026-09-30T15:14:49.6000288Z C/C++: In file included from /home/runner/work/daddyboard/daddyboard/daddyboard-main/app/src/main/jni/src/dictionary/structure/backward/v402/content/probability_entry.h:28:
build	Build DaddyBoard (HeliBoard fork)	2026-09-30T15:14:49.6001489Z C/C++: /home/runner/work/daddyboard/daddyboard/daddyboard-main/app/src/main/jni/src/dictionary/property/historical_info.h:52:5: warning: definition of implicit copy constructor for 'HistoricalInfo' is deprecated because it has a user-declared copy assignment operator [-Wdeprecated-copy]
build	Build DaddyBoard (HeliBoard fork)	2026-09-30T15:14:49.6002422Z C/C++:    52 |     DISALLOW_ASSIGNMENT_OPERATOR(HistoricalInfo);
build	Build DaddyBoard (HeliBoard fork)	2026-09-30T15:14:49.6002702Z C/C++:       |     ^
build	Build DaddyBoard (HeliBoard fork)	2026-09-30T15:14:49.6003179Z C/C++: /home/runner/work/daddyboard/daddyboard/daddyboard-main/app/src/main/jni/src/defines.h:289:8: note: expanded from macro 'DISALLOW_ASSIGNMENT_OPERATOR'
build	Build DaddyBoard (HeliBoard fork)	2026-09-30T15:14:49.6003719Z C/C++:   289 |   void operator=(const TypeName&) = delete
build	Build DaddyBoard (HeliBoard fork)	2026-09-30T15:14:49.6003961Z C/C++:       |        ^
build	Build DaddyBoard (HeliBoard fork)	2026-09-30T15:14:49.6004666Z C/C++: /home/runner/work/daddyboard/daddyboard/daddyboard-main/app/src/main/jni/src/dictionary/structure/backward/v402/content/probability_entry.h:39:15: note: in implicit copy constructor for 'latinime::HistoricalInfo' first required here
build	Build DaddyBoard (HeliBoard fork)	2026-09-30T15:14:49.6005448Z C/C++:    39 |               mHistoricalInfo(probabilityEntry.mHistoricalInfo) {}
build	Build DaddyBoard (HeliBoard fork)	2026-09-30T15:14:49.6005752Z C/C++:       |               ^
build	Build DaddyBoard (HeliBoard fork)	2026-09-30T15:14:49.6999465Z C/C++: 1 warning generated.
build	Build DaddyBoard (HeliBoard fork)	2026-09-30T15:14:50.9000769Z C/C++: /home/runner/work/daddyboard/daddyboard/daddyboard-main/app/src/main/jni/src/dictionary/structure/backward/v402/content/terminal_position_lookup_table.cpp:85:9: warning: variable 'removedEntryCount' set but not used [-Wunused-but-set-variable]
build	Build DaddyBoard (HeliBoard fork)	2026-09-30T15:14:50.9002244Z C/C++:    85 |     int removedEntryCount = 0;
build	Build DaddyBoard (HeliBoard fork)	2026-09-30T15:14:50.9002642Z C/C++:       |         ^
build	Build DaddyBoard (HeliBoard fork)	2026-09-30T15:14:50.9999281Z C/C++: 1 warning generated.
build	Build DaddyBoard (HeliBoard fork)	2026-09-30T15:14:51.0000372Z C/C++: In file included from /home/runner/work/daddyboard/daddyboard/daddyboard-main/app/src/main/jni/src/dictionary/structure/backward/v402/bigram/ver4_bigram_list_policy.cpp:25:
build	Build DaddyBoard (HeliBoard fork)	2026-09-30T15:14:51.0001945Z C/C++: In file included from /home/runner/work/daddyboard/daddyboard/daddyboard-main/app/src/main/jni/src/dictionary/structure/backward/v402/bigram/ver4_bigram_list_policy.h:30:
build	Build DaddyBoard (HeliBoard fork)	2026-09-30T15:14:51.0003463Z C/C++: In file included from /home/runner/work/daddyboard/daddyboard/daddyboard-main/app/src/main/jni/src/dictionary/structure/backward/v402/content/bigram_entry.h:28:
build	Build DaddyBoard (HeliBoard fork)	2026-09-30T15:14:51.0005413Z C/C++: /home/runner/work/daddyboard/daddyboard/daddyboard-main/app/src/main/jni/src/dictionary/property/historical_info.h:52:5: warning: definition of implicit copy constructor for 'HistoricalInfo' is deprecated because it has a user-declared copy assignment operator [-Wdeprecated-copy]
build	Build DaddyBoard (HeliBoard fork)	2026-09-30T15:14:51.0006993Z C/C++:    52 |     DISALLOW_ASSIGNMENT_OPERATOR(HistoricalInfo);
build	Build DaddyBoard (HeliBoard fork)	2026-09-30T15:14:51.0007391Z C/C++:       |     ^
build	Build DaddyBoard (HeliBoard fork)	2026-09-30T15:14:51.0008146Z C/C++: /home/runner/work/daddyboard/daddyboard/daddyboard-main/app/src/main/jni/src/defines.h:289:8: note: expanded from macro 'DISALLOW_ASSIGNMENT_OPERATOR'
build	Build DaddyBoard (HeliBoard fork)	2026-09-30T15:14:51.0009232Z C/C++:   289 |   void operator=(const TypeName&) = delete
build	Build DaddyBoard (HeliBoard fork)	2026-09-30T15:14:51.0009611Z C/C++:       |        ^
build	Build DaddyBoard (HeliBoard fork)	2026-09-30T15:14:51.0010742Z C/C++: /home/runner/work/daddyboard/daddyboard/daddyboard-main/app/src/main/jni/src/dictionary/structure/backward/v402/content/bigram_entry.h:49:61: note: in implicit copy constructor for 'latinime::HistoricalInfo' first required here
build	Build DaddyBoard (HeliBoard fork)	2026-09-30T15:14:51.0012124Z C/C++:    49 |             : mHasNext(hasNext), mProbability(probability), mHistoricalInfo(*historicalInfo),
build	Build DaddyBoard (HeliBoard fork)	2026-09-30T15:14:51.0013106Z C/C++:       |                                                             ^
build	Build DaddyBoard (HeliBoard fork)	2026-09-30T15:14:51.4000014Z C/C++: In file included from /home/runner/work/daddyboard/daddyboard/daddyboard-main/app/src/main/jni/src/dictionary/structure/backward/v402/bigram/ver4_bigram_list_policy.cpp:27:
build	Build DaddyBoard (HeliBoard fork)	2026-09-30T15:14:51.4001609Z C/C++: In file included from /home/runner/work/daddyboard/daddyboard/daddyboard-main/app/src/main/jni/src/dictionary/header/header_policy.h:25:
build	Build DaddyBoard (HeliBoard fork)	2026-09-30T15:14:51.4003492Z C/C++: /home/runner/work/daddyboard/daddyboard/daddyboard-main/app/src/main/jni/src/dictionary/utils/entry_counters.h:44:5: warning: definition of implicit copy constructor for 'EntryCounts' is deprecated because it has a user-declared copy assignment operator [-Wdeprecated-copy]
build	Build DaddyBoard (HeliBoard fork)	2026-09-30T15:14:51.4005038Z C/C++:    44 |     DISALLOW_ASSIGNMENT_OPERATOR(EntryCounts);
build	Build DaddyBoard (HeliBoard fork)	2026-09-30T15:14:51.4005442Z C/C++:       |     ^
build	Build DaddyBoard (HeliBoard fork)	2026-09-30T15:14:51.4006268Z C/C++: /home/runner/work/daddyboard/daddyboard/daddyboard-main/app/src/main/jni/src/defines.h:289:8: note: expanded from macro 'DISALLOW_ASSIGNMENT_OPERATOR'
build	Build DaddyBoard (HeliBoard fork)	2026-09-30T15:14:51.4007226Z C/C++:   289 |   void operator=(const TypeName&) = delete
build	Build DaddyBoard (HeliBoard fork)	2026-09-30T15:14:51.4007602Z C/C++:       |        ^
build	Build DaddyBoard (HeliBoard fork)	2026-09-30T15:14:51.4008809Z C/C++: /home/runner/work/daddyboard/daddyboard/daddyboard-main/app/src/main/jni/src/dictionary/header/header_policy.h:92:15: note: in implicit copy constructor for 'latinime::EntryCounts' first required here
build	Build DaddyBoard (HeliBoard fork)	2026-09-30T15:14:51.4009984Z C/C++:    92 |               mNgramCounts(headerPolicy->mNgramCounts),
build	Build DaddyBoard (HeliBoard fork)	2026-09-30T15:14:51.4010420Z C/C++:       |               ^
build	Build DaddyBoard (HeliBoard fork)	2026-09-30T15:14:51.5000099Z C/C++: In file included from /home/runner/work/daddyboard/daddyboard/daddyboard-main/app/src/main/jni/src/dictionary/structure/backward/v402/bigram/ver4_bigram_list_policy.cpp:28:
build	Build DaddyBoard (HeliBoard fork)	2026-09-30T15:14:51.5001613Z C/C++: In file included from /home/runner/work/daddyboard/daddyboard/daddyboard-main/app/src/main/jni/src/dictionary/property/ngram_property.h:24:
build	Build DaddyBoard (HeliBoard fork)	2026-09-30T15:14:51.5002898Z C/C++: In file included from /home/runner/work/daddyboard/daddyboard/daddyboard-main/app/src/main/jni/src/dictionary/property/ngram_context.h:23:
build	Build DaddyBoard (HeliBoard fork)	2026-09-30T15:14:51.5004669Z C/C++: /home/runner/work/daddyboard/daddyboard/daddyboard-main/app/src/main/jni/src/utils/int_array_view.h:160:5: warning: definition of implicit copy constructor for 'IntArrayView' is deprecated because it has a user-declared copy assignment operator [-Wdeprecated-copy]
build	Build DaddyBoard (HeliBoard fork)	2026-09-30T15:14:51.5006071Z C/C++:   160 |     DISALLOW_ASSIGNMENT_OPERATOR(IntArrayView);
build	Build DaddyBoard (HeliBoard fork)	2026-09-30T15:14:51.5006442Z C/C++:       |     ^
build	Build DaddyBoard (HeliBoard fork)	2026-09-30T15:14:51.5007175Z C/C++: /home/runner/work/daddyboard/daddyboard/daddyboard-main/app/src/main/jni/src/defines.h:289:8: note: expanded from macro 'DISALLOW_ASSIGNMENT_OPERATOR'
build	Build DaddyBoard (HeliBoard fork)	2026-09-30T15:14:51.5008024Z C/C++:   289 |   void operator=(const TypeName&) = delete
build	Build DaddyBoard (HeliBoard fork)	2026-09-30T15:14:51.5008523Z C/C++:       |        ^
build	Build DaddyBoard (HeliBoard fork)	2026-09-30T15:14:51.5009566Z C/C++: /usr/local/lib/android/sdk/ndk/28.0.13004108/toolchains/llvm/prebuilt/linux-x86_64/sysroot/usr/include/c++/v1/__memory/allocator.h:173:24: note: in implicit copy constructor for 'latinime::IntArrayView' first required here
build	Build DaddyBoard (HeliBoard fork)	2026-09-30T15:14:51.5010730Z C/C++:   173 |     ::new ((void*)__p) _Up(std::forward<_Args>(__args)...);
build	Build DaddyBoard (HeliBoard fork)	2026-09-30T15:14:51.5011132Z C/C++:       |                        ^
build	Build DaddyBoard (HeliBoard fork)	2026-09-30T15:14:51.5012619Z C/C++: /usr/local/lib/android/sdk/ndk/28.0.13004108/toolchains/llvm/prebuilt/linux-x86_64/sysroot/usr/include/c++/v1/__memory/allocator_traits.h:320:9: note: in instantiation of function template specialization 'std::allocator<latinime::IntArrayView>::construct<latinime::IntArrayView, latinime::IntArrayView>' requested here
build	Build DaddyBoard (HeliBoard fork)	2026-09-30T15:14:51.5014181Z C/C++:   320 |     __a.construct(__p, std::forward<_Args>(__args)...);
build	Build DaddyBoard (HeliBoard fork)	2026-09-30T15:14:51.5014601Z C/C++:       |         ^
build	Build DaddyBoard (HeliBoard fork)	2026-09-30T15:14:51.5016172Z C/C++: /usr/local/lib/android/sdk/ndk/28.0.13004108/toolchains/llvm/prebuilt/linux-x86_64/sysroot/usr/include/c++/v1/__memory/uninitialized_algorithms.h:639:33: note: in instantiation of function template specialization 'std::allocator_traits<std::allocator<latinime::IntArrayView>>::construct<latinime::IntArrayView, latinime::IntArrayView, 0>' requested here
build	Build DaddyBoard (HeliBoard fork)	2026-09-30T15:14:51.5018484Z C/C++:   639 |       allocator_traits<_Alloc>::construct(__alloc, __result, std::move(*__iter));
build	Build DaddyBoard (HeliBoard fork)	2026-09-30T15:14:51.5018989Z C/C++:       |                                 ^
build	Build DaddyBoard (HeliBoard fork)	2026-09-30T15:14:51.5020174Z C/C++: /usr/local/lib/android/sdk/ndk/28.0.13004108/toolchains/llvm/prebuilt/linux-x86_64/sysroot/usr/include/c++/v1/vector:1511:3: note: in instantiation of member function 'std::vector<latinime::IntArrayView>::__swap_out_circular_buffer' requested here
build	Build DaddyBoard (HeliBoard fork)	2026-09-30T15:14:51.5021362Z C/C++:  1511 |   __swap_out_circular_buffer(__v);
build	Build DaddyBoard (HeliBoard fork)	2026-09-30T15:14:51.5021685Z C/C++:       |   ^
build	Build DaddyBoard (HeliBoard fork)	2026-09-30T15:14:51.5022997Z C/C++: /usr/local/lib/android/sdk/ndk/28.0.13004108/toolchains/llvm/prebuilt/linux-x86_64/sysroot/usr/include/c++/v1/vector:1529:13: note: in instantiation of function template specialization 'std::vector<latinime::IntArrayView>::__emplace_back_slow_path<const int *const &, const unsigned long &>' requested here
build	Build DaddyBoard (HeliBoard fork)	2026-09-30T15:14:51.5024533Z C/C++:  1529 |     __end = __emplace_back_slow_path(std::forward<_Args>(__args)...);
build	Build DaddyBoard (HeliBoard fork)	2026-09-30T15:14:51.5024970Z C/C++:       |             ^
build	Build DaddyBoard (HeliBoard fork)	2026-09-30T15:14:51.5026253Z C/C++: /home/runner/work/daddyboard/daddyboard/daddyboard-main/app/src/main/jni/src/utils/int_array_view.h:142:20: note: in instantiation of function template specialization 'std::vector<latinime::IntArrayView>::emplace_back<const int *const &, const unsigned long &>' requested here
build	Build DaddyBoard (HeliBoard fork)	2026-09-30T15:14:51.5027616Z C/C++:   142 |             result.emplace_back(mPtr, mSize);
build	Build DaddyBoard (HeliBoard fork)	2026-09-30T15:14:51.5027971Z C/C++:       |                    ^
build	Build DaddyBoard (HeliBoard fork)	2026-09-30T15:14:51.5028377Z C/C++: 3 warnings generated.
build	Build DaddyBoard (HeliBoard fork)	2026-09-30T15:14:51.7998931Z 
build	Build DaddyBoard (HeliBoard fork)	2026-09-30T15:14:51.7999003Z 
build	Build DaddyBoard (HeliBoard fork)	2026-09-30T15:14:51.7999545Z FAILURE: Build completed with 2 failures.
build	Build DaddyBoard (HeliBoard fork)	2026-09-30T15:14:51.8000744Z [Incubating] Problems report is available at: file:///home/runner/work/daddyboard/daddyboard/daddyboard-main/build/reports/problems/problems-report.html
build	Build DaddyBoard (HeliBoard fork)	2026-09-30T15:14:51.8008822Z 
build	Build DaddyBoard (HeliBoard fork)	2026-09-30T15:14:51.8009023Z 1: Task failed with an exception.
build	Build DaddyBoard (HeliBoard fork)	2026-09-30T15:14:51.8009286Z -----------
build	Build DaddyBoard (HeliBoard fork)	2026-09-30T15:14:51.8009465Z * What went wrong:
build	Build DaddyBoard (HeliBoard fork)	2026-09-30T15:14:51.8009857Z Execution failed for task ':app:processDebugResources' (registered by plugin 'com.android.internal.application').
build	Build DaddyBoard (HeliBoard fork)	2026-09-30T15:14:51.8010571Z > A failure occurred while executing com.android.build.gradle.internal.res.LinkApplicationAndroidResourcesTask$TaskAction
build	Build DaddyBoard (HeliBoard fork)	2026-09-30T15:14:51.8011046Z    > Android resource linking failed
build	Build DaddyBoard (HeliBoard fork)	2026-09-30T15:14:51.8011681Z      helium314.keyboard.latin.app-mergeDebugResources-40:/layout/gif_history_item.xml:26: error: resource drawable/circle_background (aka helium314.keyboard.debug:drawable/circle_background) not found.
build	Build DaddyBoard (HeliBoard fork)	2026-09-30T15:14:51.8012622Z      helium314.keyboard.latin.app-mergeDebugResources-40:/layout/gif_item.xml:17: error: attribute cardElevation (aka helium314.keyboard.debug:cardElevation) not found.
build	Build DaddyBoard (HeliBoard fork)	2026-09-30T15:14:51.8013498Z      helium314.keyboard.latin.app-mergeDebugResources-40:/layout/gif_item.xml:17: error: attribute cardBackgroundColor (aka helium314.keyboard.debug:cardBackgroundColor) not found.
build	Build DaddyBoard (HeliBoard fork)	2026-09-30T15:14:51.8014377Z      helium314.keyboard.latin.app-mergeDebugResources-40:/layout/gif_item.xml:17: error: attribute cardCornerRadius (aka helium314.keyboard.debug:cardCornerRadius) not found.
build	Build DaddyBoard (HeliBoard fork)	2026-09-30T15:14:51.8015326Z      helium314.keyboard.latin.app-mergeDebugResources-40:/layout/gif_search_view.xml:18: error: resource drawable/search_bar_background (aka helium314.keyboard.debug:drawable/search_bar_background) not found.
build	Build DaddyBoard (HeliBoard fork)	2026-09-30T15:14:51.8016292Z      helium314.keyboard.latin.app-mergeDebugResources-40:/layout/gif_search_view.xml:29: error: resource drawable/ic_settings (aka helium314.keyboard.debug:drawable/ic_settings) not found.
build	Build DaddyBoard (HeliBoard fork)	2026-09-30T15:14:51.8017618Z      helium314.keyboard.latin.app-mergeDebugResources-40:/layout/gif_search_view.xml:52: error: resource color/key_text (aka helium314.keyboard.debug:color/key_text) not found.
build	Build DaddyBoard (HeliBoard fork)	2026-09-30T15:14:51.8018844Z      helium314.keyboard.latin.app-mergeDebugResources-40:/layout/gif_search_view.xml:52: error: resource string/search_hint (aka helium314.keyboard.debug:string/search_hint) not found.
build	Build DaddyBoard (HeliBoard fork)	2026-09-30T15:14:51.8019794Z      helium314.keyboard.latin.app-mergeDebugResources-40:/layout/gif_search_view.xml:52: error: resource drawable/active_indicator (aka helium314.keyboard.debug:drawable/active_indicator) not found.
build	Build DaddyBoard (HeliBoard fork)	2026-09-30T15:14:51.8020726Z      helium314.keyboard.latin.app-mergeDebugResources-40:/layout/gif_search_view.xml:82: error: resource drawable/ic_exit (aka helium314.keyboard.debug:drawable/ic_exit) not found.
build	Build DaddyBoard (HeliBoard fork)	2026-09-30T15:14:51.8021678Z      helium314.keyboard.latin.app-mergeDebugResources-40:/layout/gif_search_view.xml:127: error: resource color/history_header_background (aka helium314.keyboard.debug:color/history_header_background) not found.
build	Build DaddyBoard (HeliBoard fork)	2026-09-30T15:14:51.8022327Z      error: failed linking file resources.
build	Build DaddyBoard (HeliBoard fork)	2026-09-30T15:14:51.8022484Z 
build	Build DaddyBoard (HeliBoard fork)	2026-09-30T15:14:51.8022490Z 
build	Build DaddyBoard (HeliBoard fork)	2026-09-30T15:14:51.8022554Z * Try:
build	Build DaddyBoard (HeliBoard fork)	2026-09-30T15:14:51.8022751Z > Run with --stacktrace option to get the stack trace.
build	Build DaddyBoard (HeliBoard fork)	2026-09-30T15:14:51.8023049Z > Run with --info or --debug option to get more log output.
build	Build DaddyBoard (HeliBoard fork)	2026-09-30T15:14:51.8048963Z > Run with --scan to get full insights from a Build Scan (powered by Develocity).
build	Build DaddyBoard (HeliBoard fork)	2026-09-30T15:14:51.8074581Z > Get more help at https://help.gradle.org.
build	Build DaddyBoard (HeliBoard fork)	2026-09-30T15:14:51.8074918Z 
build	Build DaddyBoard (HeliBoard fork)	2026-09-30T15:14:51.8098619Z ==============================================================================
build	Build DaddyBoard (HeliBoard fork)	2026-09-30T15:14:51.8099284Z Deprecated Gradle features were used in this build, making it incompatible with Gradle 10.
build	Build DaddyBoard (HeliBoard fork)	2026-09-30T15:14:51.8118508Z 
build	Build DaddyBoard (HeliBoard fork)	2026-09-30T15:14:51.8118531Z 
build	Build DaddyBoard (HeliBoard fork)	2026-09-30T15:14:51.8119298Z 2: Task failed with an exception.
build	Build DaddyBoard (HeliBoard fork)	2026-09-30T15:14:51.8119665Z -----------
build	Build DaddyBoard (HeliBoard fork)	2026-09-30T15:14:51.8119922Z * What went wrong:
build	Build DaddyBoard (HeliBoard fork)	2026-09-30T15:14:51.8120504Z Execution failed for task ':app:compileDebugKotlin' (registered by plugin 'com.android.internal.application').
build	Build DaddyBoard (HeliBoard fork)	2026-09-30T15:14:51.8121564Z > A failure occurred while executing org.jetbrains.kotlin.compilerRunner.btapi.BuildToolsApiCompilationWork
build	Build DaddyBoard (HeliBoard fork)	2026-09-30T15:14:51.8122293Z    > Compilation error. See log for more details
build	Build DaddyBoard (HeliBoard fork)	2026-09-30T15:14:51.8122553Z 
build	Build DaddyBoard (HeliBoard fork)	2026-09-30T15:14:51.8122653Z * Try:
build	Build DaddyBoard (HeliBoard fork)	2026-09-30T15:14:51.8122935Z > Run with --stacktrace option to get the stack trace.
build	Build DaddyBoard (HeliBoard fork)	2026-09-30T15:14:51.8123419Z > Run with --info or --debug option to get more log output.
build	Build DaddyBoard (HeliBoard fork)	2026-09-30T15:14:51.8123990Z > Run with --scan to get full insights from a Build Scan (powered by Develocity).
build	Build DaddyBoard (HeliBoard fork)	2026-09-30T15:14:51.8124503Z > Get more help at https://help.gradle.org.
build	Build DaddyBoard (HeliBoard fork)	2026-09-30T15:14:51.8124910Z ==============================================================================
build	Build DaddyBoard (HeliBoard fork)	2026-09-30T15:14:51.8125209Z 
build	Build DaddyBoard (HeliBoard fork)	2026-09-30T15:14:51.8125330Z BUILD FAILED in 2m 48s
build	Build DaddyBoard (HeliBoard fork)	2026-09-30T15:14:51.8158859Z You can use '--warning-mode all' to show the individual deprecation warnings and determine if they come from your own scripts or plugins.
build	Build DaddyBoard (HeliBoard fork)	2026-09-30T15:14:51.8159580Z 
build	Build DaddyBoard (HeliBoard fork)	2026-09-30T15:14:51.8172425Z For more on this, please refer to https://docs.gradle.org/9.7.1/userguide/command_line_interface.html#sec:command_line_warnings in the Gradle documentation.
build	Build DaddyBoard (HeliBoard fork)	2026-09-30T15:14:51.8173345Z 30 actionable tasks: 30 executed
build	Build DaddyBoard (HeliBoard fork)	2026-09-30T15:14:51.8174223Z Configuration cache entry stored.
build	Build DaddyBoard (HeliBoard fork)	2026-09-30T15:14:52.2895166Z ##[error]Process completed with exit code 1.
build	Post Setup Gradle	﻿2026-09-30T15:14:52.3041458Z Post job cleanup.
build	Post Setup Gradle	2026-09-30T15:14:52.4497082Z In post-action step
build	Post Setup Gradle	2026-09-30T15:14:52.4502986Z Stopping all Gradle daemons before saving Gradle User Home state
build	Post Setup Gradle	2026-09-30T15:14:52.4503856Z Stopping Gradle daemons for /home/runner/.gradle/wrapper/dists/gradle-9.7.1-bin/1w1c7tv4s851m17nbqdsro2tv/gradle-9.7.1
build	Post Setup Gradle	2026-09-30T15:14:52.4512993Z (node:2852) [DEP0040] DeprecationWarning: The `punycode` module is deprecated. Please use a userland alternative instead.
build	Post Setup Gradle	2026-09-30T15:14:52.4513722Z (Use `node --trace-deprecation ...` to show where the warning was created)
build	Post Setup Gradle	2026-09-30T15:14:52.4517867Z [command]/home/runner/.gradle/wrapper/dists/gradle-9.7.1-bin/1w1c7tv4s851m17nbqdsro2tv/gradle-9.7.1/bin/gradle --stop
build	Post Setup Gradle	2026-09-30T15:14:53.0391624Z Stopping Daemon(s)
build	Post Setup Gradle	2026-09-30T15:14:53.0394051Z 1 Daemon stopped
build	Post Setup Gradle	2026-09-30T15:14:53.0517557Z ##[group]Caching Gradle state
build	Post Setup Gradle	2026-09-30T15:14:53.0618196Z Not saving configuration-cache state, as no encryption key was provided
build	Post Setup Gradle	2026-09-30T15:14:53.0670728Z Caching wrapper-zips with path '/home/runner/.gradle/wrapper/dists/gradle-9.7.1-bin/1w1c7tv4s851m17nbqdsro2tv' and cache key: gradle-wrapper-zips-v1-ef43a8e2ea38ce83c4462b7d7ca3782b
build	Post Setup Gradle	2026-09-30T15:14:53.0786973Z [command]/usr/bin/tar --posix -cf cache.tzst --exclude cache.tzst -P -C /home/runner/work/daddyboard/daddyboard --files-from manifest.txt --use-compress-program zstdmt
build	Post Setup Gradle	2026-09-30T15:14:53.4724897Z Caching dependencies with path '/home/runner/.gradle/caches/modules-*/files-*/*/*/*/*' and cache key: gradle-dependencies-v1-5acb85fe4bb726ce87d2841e921ff176
build	Post Setup Gradle	2026-09-30T15:14:53.4919949Z Caching instrumented-jars with path '/home/runner/.gradle/caches/jars-*/*/' and cache key: gradle-instrumented-jars-v1-591b36ab70b2b362c4bc9d6356fce9ba
build	Post Setup Gradle	2026-09-30T15:14:53.5058675Z Caching kotlin-dsl with path '/home/runner/.gradle/caches/*/kotlin-dsl/accessors/*/
build	Post Setup Gradle	2026-09-30T15:14:53.5059619Z /home/runner/.gradle/caches/*/kotlin-dsl/scripts/*/' and cache key: gradle-kotlin-dsl-v1-9ba8f3611483f5ea2a46411b05cd15a0
build	Post Setup Gradle	2026-09-30T15:14:53.5155381Z [command]/usr/bin/tar --posix -cf cache.tzst --exclude cache.tzst -P -C /home/runner/work/daddyboard/daddyboard --files-from manifest.txt --use-compress-program zstdmt
build	Post Setup Gradle	2026-09-30T15:14:53.5228052Z Caching groovy-dsl with path '/home/runner/.gradle/caches/*/groovy-dsl/*/' and cache key: gradle-groovy-dsl-v1-cc5c95ad83ec806ab10f4f4cfb385991
build	Post Setup Gradle	2026-09-30T15:14:53.5237953Z ##[warning]Failed to save cache entry with path '/home/runner/.gradle/wrapper/dists/gradle-9.7.1-bin/1w1c7tv4s851m17nbqdsro2tv' and key: gradle-wrapper-zips-v1-ef43a8e2ea38ce83c4462b7d7ca3782b: Error: <h2>Our services aren't available right now</h2><p>We're working to restore all services as soon as possible. Please check back soon.</p>0bSe9agAAAAB2hEwvyJqmT40G9fw86s1wUEhYMzFFREdFMDIxNQBFZGdl
build	Post Setup Gradle	2026-09-30T15:14:53.6623438Z [command]/usr/bin/tar --posix -cf cache.tzst --exclude cache.tzst -P -C /home/runner/work/daddyboard/daddyboard --files-from manifest.txt --use-compress-program zstdmt
build	Post Setup Gradle	2026-09-30T15:14:53.6742568Z [command]/usr/bin/tar --posix -cf cache.tzst --exclude cache.tzst -P -C /home/runner/work/daddyboard/daddyboard --files-from manifest.txt --use-compress-program zstdmt
build	Post Setup Gradle	2026-09-30T15:14:53.7193460Z ##[warning]Failed to save cache entry with path '/home/runner/.gradle/caches/*/groovy-dsl/*/' and key: gradle-groovy-dsl-v1-cc5c95ad83ec806ab10f4f4cfb385991: Error: <h2>Our services aren't available right now</h2><p>We're working to restore all services as soon as possible. Please check back soon.</p>0bSe9agAAAAAWazJ//FjWQIPkjpwRzn5oUEhYMzFFREdFMDUwOABFZGdl
build	Post Setup Gradle	2026-09-30T15:14:53.7751649Z ##[warning]Failed to save cache entry with path '/home/runner/.gradle/caches/*/kotlin-dsl/accessors/*/
build	Post Setup Gradle	/home/runner/.gradle/caches/*/kotlin-dsl/scripts/*/' and key: gradle-kotlin-dsl-v1-9ba8f3611483f5ea2a46411b05cd15a0: Error: <h2>Our services aren't available right now</h2><p>We're working to restore all services as soon as possible. Please check back soon.</p>0bSe9agAAAABAxk68/rIySYDm2QdZ719eUEhYMzFFREdFMDYwOABFZGdl
build	Post Setup Gradle	2026-09-30T15:14:53.7851257Z ##[warning]Failed to save cache entry with path '/home/runner/.gradle/caches/jars-*/*/' and key: gradle-instrumented-jars-v1-591b36ab70b2b362c4bc9d6356fce9ba: Error: <h2>Our services aren't available right now</h2><p>We're working to restore all services as soon as possible. Please check back soon.</p>0bSe9agAAAAA5/ODwhH+8Rox+ilGBgmKbUEhYMzFFREdFMDUwOQBFZGdl
build	Post Setup Gradle	2026-09-30T15:14:54.0497197Z [command]/usr/bin/tar --posix -cf cache.tzst --exclude cache.tzst -P -C /home/runner/work/daddyboard/daddyboard --files-from manifest.txt --use-compress-program zstdmt
build	Post Setup Gradle	2026-09-30T15:14:54.1651679Z Caching transforms with path '/home/runner/.gradle/caches/transforms-4/*/
build	Post Setup Gradle	2026-09-30T15:14:54.1691177Z /home/runner/.gradle/caches/*/transforms/*/' and cache key: gradle-transforms-v1-918702e1ab68b991911f02e1fd446972
build	Post Setup Gradle	2026-09-30T15:14:54.6099600Z [command]/usr/bin/tar --posix -cf cache.tzst --exclude cache.tzst -P -C /home/runner/work/daddyboard/daddyboard --files-from manifest.txt --use-compress-program zstdmt
build	Post Setup Gradle	2026-09-30T15:14:54.6921363Z ##[warning]Failed to save cache entry with path '/home/runner/.gradle/caches/modules-*/files-*/*/*/*/*' and key: gradle-dependencies-v1-5acb85fe4bb726ce87d2841e921ff176: Error: <h2>Our services aren't available right now</h2><p>We're working to restore all services as soon as possible. Please check back soon.</p>0bie9agAAAACBQ0n4JWFrTay3mD7l753tUEhYMzFFREdFMDIxOQBFZGdl
build	Post Setup Gradle	2026-09-30T15:14:55.8191565Z ##[warning]Failed to save cache entry with path '/home/runner/.gradle/caches/transforms-4/*/
build	Post Setup Gradle	/home/runner/.gradle/caches/*/transforms/*/' and key: gradle-transforms-v1-918702e1ab68b991911f02e1fd446972: Error: <h2>Our services aren't available right now</h2><p>We're working to restore all services as soon as possible. Please check back soon.</p>0bye9agAAAAADDglwXaqnQaclR8RX24GWUEhYMzFFREdFMDIxMwBFZGdl
build	Post Setup Gradle	2026-09-30T15:14:57.0894364Z Caching Gradle User Home with cache key: gradle-home-v1|Linux|build[ba14552c214c7f8cd03726ffcc4b0229]-f817a07c90ede97cb796a4218d0ae67540ead7d9
build	Post Setup Gradle	2026-09-30T15:14:57.0974382Z [command]/usr/bin/tar --posix -cf cache.tzst --exclude cache.tzst -P -C /home/runner/work/daddyboard/daddyboard --files-from manifest.txt --use-compress-program zstdmt
build	Post Setup Gradle	2026-09-30T15:14:57.2240165Z ##[warning]Failed to save cache entry with path '/home/runner/.gradle/caches,/home/runner/.gradle/notifications,/home/runner/.gradle/.setup-gradle' and key: gradle-home-v1|Linux|build[ba14552c214c7f8cd03726ffcc4b0229]-f817a07c90ede97cb796a4218d0ae67540ead7d9: Error: <h2>Our services aren't available right now</h2><p>We're working to restore all services as soon as possible. Please check back soon.</p>0cSe9agAAAADkv7LRwAhBRZhD492dbMDWUEhYMzFFREdFMDYxOABFZGdl
build	Post Setup Gradle	2026-09-30T15:14:57.2243695Z ##[endgroup]
build	Post Setup Gradle	2026-09-30T15:14:57.2244020Z Generating Job Summary
build	Post Setup Gradle	2026-09-30T15:14:57.2253683Z Completed post-action step
build	Post set up JDK 17	﻿2026-09-30T15:14:57.2420943Z Post job cleanup.
build	Post set up JDK 17	2026-09-30T15:14:57.3482462Z (node:2964) [DEP0040] DeprecationWarning: The `punycode` module is deprecated. Please use a userland alternative instead.
build	Post set up JDK 17	2026-09-30T15:14:57.3483141Z (Use `node --trace-deprecation ...` to show where the warning was created)
build	Post Run actions/checkout@v4	﻿2026-09-30T15:14:57.3647737Z Post job cleanup.
build	Post Run actions/checkout@v4	2026-09-30T15:14:57.4331495Z [command]/usr/bin/git version
build	Post Run actions/checkout@v4	2026-09-30T15:14:57.4366461Z git version 2.55.0
build	Post Run actions/checkout@v4	2026-09-30T15:14:57.4394874Z Temporarily overriding HOME='/home/runner/work/_temp/c044cec2-af9b-4880-b305-d1a1bb5adcb5' before making global git config changes
build	Post Run actions/checkout@v4	2026-09-30T15:14:57.4395875Z Adding repository directory to the temporary git global config as a safe directory
build	Post Run actions/checkout@v4	2026-09-30T15:14:57.4400996Z [command]/usr/bin/git config --global --add safe.directory /home/runner/work/daddyboard/daddyboard
build	Post Run actions/checkout@v4	2026-09-30T15:14:57.4431769Z [command]/usr/bin/git config --local --name-only --get-regexp core\.sshCommand
build	Post Run actions/checkout@v4	2026-09-30T15:14:57.4459944Z [command]/usr/bin/git submodule foreach --recursive sh -c "git config --local --name-only --get-regexp 'core\.sshCommand' && git config --local --unset-all 'core.sshCommand' || :"
build	Post Run actions/checkout@v4	2026-09-30T15:14:57.4665939Z [command]/usr/bin/git config --local --name-only --get-regexp http\.https\:\/\/github\.com\/\.extraheader
build	Post Run actions/checkout@v4	2026-09-30T15:14:57.4689620Z http.https://github.com/.extraheader
build	Post Run actions/checkout@v4	2026-09-30T15:14:57.4699204Z [command]/usr/bin/git config --local --unset-all http.https://github.com/.extraheader
build	Post Run actions/checkout@v4	2026-09-30T15:14:57.4738179Z [command]/usr/bin/git submodule foreach --recursive sh -c "git config --local --name-only --get-regexp 'http\.https\:\/\/github\.com\/\.extraheader' && git config --local --unset-all 'http.https://github.com/.extraheader' || :"
build	Post Run actions/checkout@v4	2026-09-30T15:14:57.4939695Z [command]/usr/bin/git config --local --name-only --get-regexp ^includeIf\.gitdir:
build	Post Run actions/checkout@v4	2026-09-30T15:14:57.4970002Z [command]/usr/bin/git submodule foreach --recursive git config --local --show-origin --name-only --get-regexp remote.origin.url
build	Complete job	﻿2026-09-30T15:14:57.5293823Z Cleaning up orphan processes
build	Complete job	2026-09-30T15:14:57.5597073Z ##[warning]Node.js 20 is deprecated. The following actions target Node.js 20 but are being forced to run on Node.js 24: actions/checkout@v4, actions/setup-java@v4, gradle/actions/setup-gradle@v3. For more information see: https://github.blog/changelog/2025-09-19-deprecation-of-node-20-on-github-actions-runners/
