build	Set up job	﻿2026-09-30T15:40:42.9344137Z Current runner version: '2.337.0'
build	Set up job	2026-09-30T15:40:42.9366472Z ##[group]Runner Image Provisioner
build	Set up job	2026-09-30T15:40:42.9367274Z Hosted Compute Agent
build	Set up job	2026-09-30T15:40:42.9367806Z Version: 20260828.587
build	Set up job	2026-09-30T15:40:42.9368342Z Commit: abac92662cab4cc7352de4f9f9d2e2419aad9c29
build	Set up job	2026-09-30T15:40:42.9368931Z Build Date: 2026-08-28T16:44:25Z
build	Set up job	2026-09-30T15:40:42.9369530Z Worker ID: {b4288573-e5b0-4310-af82-689dcaef1336}
build	Set up job	2026-09-30T15:40:42.9370171Z Azure Region: westus3
build	Set up job	2026-09-30T15:40:42.9370628Z ##[endgroup]
build	Set up job	2026-09-30T15:40:42.9372000Z ##[group]Operating System
build	Set up job	2026-09-30T15:40:42.9372522Z Ubuntu
build	Set up job	2026-09-30T15:40:42.9373055Z 24.04.5
build	Set up job	2026-09-30T15:40:42.9373515Z LTS
build	Set up job	2026-09-30T15:40:42.9373932Z ##[endgroup]
build	Set up job	2026-09-30T15:40:42.9374437Z ##[group]Runner Image
build	Set up job	2026-09-30T15:40:42.9374942Z Image: ubuntu-24.04
build	Set up job	2026-09-30T15:40:42.9375437Z Version: 20260920.314.1
build	Set up job	2026-09-30T15:40:42.9376341Z Included Software: https://github.com/actions/runner-images/blob/ubuntu24/20260920.314/images/ubuntu/Ubuntu2404-Readme.md
build	Set up job	2026-09-30T15:40:42.9377796Z Image Release: https://github.com/actions/runner-images/releases/tag/ubuntu24%2F20260920.314
build	Set up job	2026-09-30T15:40:42.9378579Z ##[endgroup]
build	Set up job	2026-09-30T15:40:42.9379616Z ##[group]GITHUB_TOKEN Permissions
build	Set up job	2026-09-30T15:40:42.9381497Z Contents: read
build	Set up job	2026-09-30T15:40:42.9382330Z Metadata: read
build	Set up job	2026-09-30T15:40:42.9382814Z Packages: read
build	Set up job	2026-09-30T15:40:42.9383277Z ##[endgroup]
build	Set up job	2026-09-30T15:40:42.9385099Z Secret source: Actions
build	Set up job	2026-09-30T15:40:42.9385888Z Cache mode: write
build	Set up job	2026-09-30T15:40:42.9386511Z Prepare workflow directory
build	Set up job	2026-09-30T15:40:42.9659151Z Prepare all required actions
build	Set up job	2026-09-30T15:40:42.9714799Z Getting action download info
build	Set up job	2026-09-30T15:40:43.2965616Z Download action repository 'actions/checkout@v4' (SHA:11d5960a326750d5838078e36cf38b85af677262)
build	Set up job	2026-09-30T15:40:43.3836439Z Download action repository 'actions/setup-java@v4' (SHA:cf277c60eb25467037889841efdb72551f06f6c3)
build	Set up job	2026-09-30T15:40:44.3298238Z Download action repository 'actions/upload-artifact@v4' (SHA:ea165f8d65b6e75b540449e92b4886f43607fa02)
build	Set up job	2026-09-30T15:40:44.5967921Z Complete job name: build
build	Run actions/checkout@v4	﻿2026-09-30T15:40:44.6698621Z ##[group]Run actions/checkout@v4
build	Run actions/checkout@v4	2026-09-30T15:40:44.6699760Z with:
build	Run actions/checkout@v4	2026-09-30T15:40:44.6700474Z   repository: webdevUK/daddyboard
build	Run actions/checkout@v4	2026-09-30T15:40:44.6707092Z   token: ***
build	Run actions/checkout@v4	2026-09-30T15:40:44.6707817Z   ssh-strict: true
build	Run actions/checkout@v4	2026-09-30T15:40:44.6708544Z   ssh-user: git
build	Run actions/checkout@v4	2026-09-30T15:40:44.6709319Z   persist-credentials: true
build	Run actions/checkout@v4	2026-09-30T15:40:44.6710124Z   clean: true
build	Run actions/checkout@v4	2026-09-30T15:40:44.6710862Z   sparse-checkout-cone-mode: true
build	Run actions/checkout@v4	2026-09-30T15:40:44.6711897Z   fetch-depth: 1
build	Run actions/checkout@v4	2026-09-30T15:40:44.6712623Z   fetch-tags: false
build	Run actions/checkout@v4	2026-09-30T15:40:44.6713353Z   show-progress: true
build	Run actions/checkout@v4	2026-09-30T15:40:44.6714092Z   lfs: false
build	Run actions/checkout@v4	2026-09-30T15:40:44.6714801Z   submodules: false
build	Run actions/checkout@v4	2026-09-30T15:40:44.6715537Z   set-safe-directory: true
build	Run actions/checkout@v4	2026-09-30T15:40:44.6716394Z   allow-unsafe-pr-checkout: false
build	Run actions/checkout@v4	2026-09-30T15:40:44.6717434Z ##[endgroup]
build	Run actions/checkout@v4	2026-09-30T15:40:44.7536340Z Syncing repository: webdevUK/daddyboard
build	Run actions/checkout@v4	2026-09-30T15:40:44.7538953Z ##[group]Getting Git version info
build	Run actions/checkout@v4	2026-09-30T15:40:44.7540269Z Working directory is '/home/runner/work/daddyboard/daddyboard'
build	Run actions/checkout@v4	2026-09-30T15:40:44.7542696Z [command]/usr/bin/git version
build	Run actions/checkout@v4	2026-09-30T15:40:44.8183482Z git version 2.55.0
build	Run actions/checkout@v4	2026-09-30T15:40:44.8199127Z ##[endgroup]
build	Run actions/checkout@v4	2026-09-30T15:40:44.8212023Z Temporarily overriding HOME='/home/runner/work/_temp/140b01a3-9f25-4854-b3e3-196e6c580de4' before making global git config changes
build	Run actions/checkout@v4	2026-09-30T15:40:44.8214531Z Adding repository directory to the temporary git global config as a safe directory
build	Run actions/checkout@v4	2026-09-30T15:40:44.8216714Z [command]/usr/bin/git config --global --add safe.directory /home/runner/work/daddyboard/daddyboard
build	Run actions/checkout@v4	2026-09-30T15:40:44.8261037Z Deleting the contents of '/home/runner/work/daddyboard/daddyboard'
build	Run actions/checkout@v4	2026-09-30T15:40:44.8264591Z ##[group]Initializing the repository
build	Run actions/checkout@v4	2026-09-30T15:40:44.8267492Z [command]/usr/bin/git init /home/runner/work/daddyboard/daddyboard
build	Run actions/checkout@v4	2026-09-30T15:40:45.0639443Z hint: Using 'master' as the name for the initial branch. This default branch name
build	Run actions/checkout@v4	2026-09-30T15:40:45.0642111Z hint: will change to "main" in Git 3.0. To configure the initial branch name
build	Run actions/checkout@v4	2026-09-30T15:40:45.0644365Z hint: to use in all of your new repositories, which will suppress this warning,
build	Run actions/checkout@v4	2026-09-30T15:40:45.0645757Z hint: call:
build	Run actions/checkout@v4	2026-09-30T15:40:45.0646890Z hint:
build	Run actions/checkout@v4	2026-09-30T15:40:45.0648167Z hint: 	git config --global init.defaultBranch <name>
build	Run actions/checkout@v4	2026-09-30T15:40:45.0649724Z hint:
build	Run actions/checkout@v4	2026-09-30T15:40:45.0651103Z hint: Names commonly chosen instead of 'master' are 'main', 'trunk' and
build	Run actions/checkout@v4	2026-09-30T15:40:45.0652984Z hint: 'development'. The just-created branch can be renamed via this command:
build	Run actions/checkout@v4	2026-09-30T15:40:45.0654324Z hint:
build	Run actions/checkout@v4	2026-09-30T15:40:45.0655021Z hint: 	git branch -m <name>
build	Run actions/checkout@v4	2026-09-30T15:40:45.0655802Z hint:
build	Run actions/checkout@v4	2026-09-30T15:40:45.0656819Z hint: Disable this message with "git config set advice.defaultBranchName false"
build	Run actions/checkout@v4	2026-09-30T15:40:45.0658505Z Initialized empty Git repository in /home/runner/work/daddyboard/daddyboard/.git/
build	Run actions/checkout@v4	2026-09-30T15:40:45.0661709Z [command]/usr/bin/git remote add origin https://github.com/webdevUK/daddyboard
build	Run actions/checkout@v4	2026-09-30T15:40:45.0697690Z ##[endgroup]
build	Run actions/checkout@v4	2026-09-30T15:40:45.0699083Z ##[group]Disabling automatic garbage collection
build	Run actions/checkout@v4	2026-09-30T15:40:45.0700524Z [command]/usr/bin/git config --local gc.auto 0
build	Run actions/checkout@v4	2026-09-30T15:40:45.0729325Z ##[endgroup]
build	Run actions/checkout@v4	2026-09-30T15:40:45.0730532Z ##[group]Setting up auth
build	Run actions/checkout@v4	2026-09-30T15:40:45.0735330Z [command]/usr/bin/git config --local --name-only --get-regexp core\.sshCommand
build	Run actions/checkout@v4	2026-09-30T15:40:45.0765913Z [command]/usr/bin/git submodule foreach --recursive sh -c "git config --local --name-only --get-regexp 'core\.sshCommand' && git config --local --unset-all 'core.sshCommand' || :"
build	Run actions/checkout@v4	2026-09-30T15:40:45.1063651Z [command]/usr/bin/git config --local --name-only --get-regexp http\.https\:\/\/github\.com\/\.extraheader
build	Run actions/checkout@v4	2026-09-30T15:40:45.1092759Z [command]/usr/bin/git submodule foreach --recursive sh -c "git config --local --name-only --get-regexp 'http\.https\:\/\/github\.com\/\.extraheader' && git config --local --unset-all 'http.https://github.com/.extraheader' || :"
build	Run actions/checkout@v4	2026-09-30T15:40:45.1283237Z [command]/usr/bin/git config --local --name-only --get-regexp ^includeIf\.gitdir:
build	Run actions/checkout@v4	2026-09-30T15:40:45.1313191Z [command]/usr/bin/git submodule foreach --recursive git config --local --show-origin --name-only --get-regexp remote.origin.url
build	Run actions/checkout@v4	2026-09-30T15:40:45.1501477Z [command]/usr/bin/git config --local http.https://github.com/.extraheader AUTHORIZATION: basic ***
build	Run actions/checkout@v4	2026-09-30T15:40:45.1537546Z ##[endgroup]
build	Run actions/checkout@v4	2026-09-30T15:40:45.1538785Z ##[group]Fetching the repository
build	Run actions/checkout@v4	2026-09-30T15:40:45.1545292Z [command]/usr/bin/git -c protocol.version=2 fetch --no-tags --prune --no-recurse-submodules --depth=1 origin +9c7e0d6c9fadc12b17475f833d7e175a2ad3179b:refs/remotes/origin/master
build	Run actions/checkout@v4	2026-09-30T15:40:47.0775900Z From https://github.com/webdevUK/daddyboard
build	Run actions/checkout@v4	2026-09-30T15:40:47.0777268Z  * [new ref]         9c7e0d6c9fadc12b17475f833d7e175a2ad3179b -> origin/master
build	Run actions/checkout@v4	2026-09-30T15:40:47.0781799Z ##[endgroup]
build	Run actions/checkout@v4	2026-09-30T15:40:47.0782398Z ##[group]Determining the checkout info
build	Run actions/checkout@v4	2026-09-30T15:40:47.0783105Z ##[endgroup]
build	Run actions/checkout@v4	2026-09-30T15:40:47.0787043Z [command]/usr/bin/git sparse-checkout disable
build	Run actions/checkout@v4	2026-09-30T15:40:47.0831415Z [command]/usr/bin/git config --local --unset-all extensions.worktreeConfig
build	Run actions/checkout@v4	2026-09-30T15:40:47.0862952Z ##[group]Checking out the ref
build	Run actions/checkout@v4	2026-09-30T15:40:47.0863618Z [command]/usr/bin/git checkout --progress --force -B master refs/remotes/origin/master
build	Run actions/checkout@v4	2026-09-30T15:40:47.4192365Z Reset branch 'master'
build	Run actions/checkout@v4	2026-09-30T15:40:47.4192888Z branch 'master' set up to track 'origin/master'.
build	Run actions/checkout@v4	2026-09-30T15:40:47.4201912Z ##[endgroup]
build	Run actions/checkout@v4	2026-09-30T15:40:47.4242183Z [command]/usr/bin/git log -1 --format=%H
build	Run actions/checkout@v4	2026-09-30T15:40:47.4265651Z 9c7e0d6c9fadc12b17475f833d7e175a2ad3179b
build	set up JDK 17	﻿2026-09-30T15:40:47.4573738Z ##[group]Run actions/setup-java@v4
build	set up JDK 17	2026-09-30T15:40:47.4574024Z with:
build	set up JDK 17	2026-09-30T15:40:47.4574199Z   java-version: 17
build	set up JDK 17	2026-09-30T15:40:47.4574376Z   distribution: temurin
build	set up JDK 17	2026-09-30T15:40:47.4574558Z   cache: gradle
build	set up JDK 17	2026-09-30T15:40:47.4574743Z   java-package: jdk
build	set up JDK 17	2026-09-30T15:40:47.4575099Z   check-latest: false
build	set up JDK 17	2026-09-30T15:40:47.4575273Z   server-id: github
build	set up JDK 17	2026-09-30T15:40:47.4575452Z   server-username: GITHUB_ACTOR
build	set up JDK 17	2026-09-30T15:40:47.4575661Z   server-password: GITHUB_TOKEN
build	set up JDK 17	2026-09-30T15:40:47.4575860Z   overwrite-settings: true
build	set up JDK 17	2026-09-30T15:40:47.4576058Z   job-status: success
build	set up JDK 17	2026-09-30T15:40:47.4577880Z   token: ***
build	set up JDK 17	2026-09-30T15:40:47.4578058Z ##[endgroup]
build	set up JDK 17	2026-09-30T15:40:47.5857224Z ##[warning]setup-java v4 is deprecated and will no longer receive updates. Please migrate to actions/setup-java@v5.
build	set up JDK 17	2026-09-30T15:40:47.5863649Z ##[group]Installed distributions
build	set up JDK 17	2026-09-30T15:40:47.5887438Z Resolved Java 17.0.20+1 from tool-cache
build	set up JDK 17	2026-09-30T15:40:47.5887864Z Setting Java 17.0.20+1 as the default
build	set up JDK 17	2026-09-30T15:40:47.5895954Z (node:2057) [DEP0040] DeprecationWarning: The `punycode` module is deprecated. Please use a userland alternative instead.
build	set up JDK 17	2026-09-30T15:40:47.5896560Z (Use `node --trace-deprecation ...` to show where the warning was created)
build	set up JDK 17	2026-09-30T15:40:47.5898570Z Creating toolchains.xml for JDK version 17 from temurin
build	set up JDK 17	2026-09-30T15:40:47.5952195Z Writing to /home/runner/.m2/toolchains.xml
build	set up JDK 17	2026-09-30T15:40:47.5952527Z 
build	set up JDK 17	2026-09-30T15:40:47.5952641Z Java configuration:
build	set up JDK 17	2026-09-30T15:40:47.5952944Z   Distribution: temurin
build	set up JDK 17	2026-09-30T15:40:47.5953220Z   Version: 17.0.20+1
build	set up JDK 17	2026-09-30T15:40:47.5953589Z   Path: /opt/hostedtoolcache/Java_Temurin-Hotspot_jdk/17.0.20-1/x64
build	set up JDK 17	2026-09-30T15:40:47.5953923Z 
build	set up JDK 17	2026-09-30T15:40:47.5954262Z ##[endgroup]
build	set up JDK 17	2026-09-30T15:40:47.5969084Z Creating settings.xml with server-id: github
build	set up JDK 17	2026-09-30T15:40:47.5991974Z Writing to /home/runner/.m2/settings.xml
build	set up JDK 17	2026-09-30T15:40:48.0908302Z gradle cache is not found
build	Build DaddyBoard (HeliBoard fork)	﻿2026-09-30T15:40:48.1084229Z ##[group]Run chmod +x gradlew
build	Build DaddyBoard (HeliBoard fork)	2026-09-30T15:40:48.1084526Z ^[[36;1mchmod +x gradlew^[[0m
build	Build DaddyBoard (HeliBoard fork)	2026-09-30T15:40:48.1084770Z ^[[36;1m./gradlew assembleDebug --build-cache^[[0m
build	Build DaddyBoard (HeliBoard fork)	2026-09-30T15:40:48.1305853Z shell: /usr/bin/bash -e {0}
build	Build DaddyBoard (HeliBoard fork)	2026-09-30T15:40:48.1306125Z env:
build	Build DaddyBoard (HeliBoard fork)	2026-09-30T15:40:48.1306396Z   JAVA_HOME: /opt/hostedtoolcache/Java_Temurin-Hotspot_jdk/17.0.20-1/x64
build	Build DaddyBoard (HeliBoard fork)	2026-09-30T15:40:48.1306810Z   JAVA_HOME_17_X64: /opt/hostedtoolcache/Java_Temurin-Hotspot_jdk/17.0.20-1/x64
build	Build DaddyBoard (HeliBoard fork)	2026-09-30T15:40:48.1307120Z ##[endgroup]
build	Build DaddyBoard (HeliBoard fork)	2026-09-30T15:40:48.8821952Z Fetching distribution.
build	Build DaddyBoard (HeliBoard fork)	2026-09-30T15:40:48.8822414Z Downloading https://services.gradle.org/distributions/gradle-9.7.1-bin.zip
build	Build DaddyBoard (HeliBoard fork)	2026-09-30T15:40:50.2633139Z ..............10%..............20%...............30%..............40%...............50%..............60%...............70%..............80%..............90%...............100%
build	Build DaddyBoard (HeliBoard fork)	2026-09-30T15:40:51.6874281Z 
build	Build DaddyBoard (HeliBoard fork)	2026-09-30T15:40:51.6881721Z Welcome to Gradle 9.7.1!
build	Build DaddyBoard (HeliBoard fork)	2026-09-30T15:40:51.6882012Z 
build	Build DaddyBoard (HeliBoard fork)	2026-09-30T15:40:51.6894634Z Here are the highlights of this release:
build	Build DaddyBoard (HeliBoard fork)	2026-09-30T15:40:51.6895914Z  - Isolated Projects graduates to incubating
build	Build DaddyBoard (HeliBoard fork)	2026-09-30T15:40:51.6897145Z  - Broader Configuration Cache compatibility
build	Build DaddyBoard (HeliBoard fork)	2026-09-30T15:40:51.6898199Z  - Resilient Sync helps you fix broken builds
build	Build DaddyBoard (HeliBoard fork)	2026-09-30T15:40:51.6899181Z  - More source locations in problem reports
build	Build DaddyBoard (HeliBoard fork)	2026-09-30T15:40:51.6899685Z 
build	Build DaddyBoard (HeliBoard fork)	2026-09-30T15:40:51.6901087Z For more details see https://docs.gradle.org/9.7.1/release-notes.html
build	Build DaddyBoard (HeliBoard fork)	2026-09-30T15:40:51.6901793Z 
build	Build DaddyBoard (HeliBoard fork)	2026-09-30T15:40:51.7874806Z Starting a Gradle Daemon (subsequent builds will be faster)
build	Build DaddyBoard (HeliBoard fork)	2026-09-30T15:40:54.2882070Z Calculating task graph as no cached configuration is available for tasks: assembleDebug
build	Build DaddyBoard (HeliBoard fork)	2026-09-30T15:41:35.3912667Z 
build	Build DaddyBoard (HeliBoard fork)	2026-09-30T15:41:35.3957050Z > Configure project :app
build	Build DaddyBoard (HeliBoard fork)	2026-09-30T15:41:35.3981711Z WARNING: BuildType 'debug' is both debuggable and has 'isMinifyEnabled' set to true.
build	Build DaddyBoard (HeliBoard fork)	2026-09-30T15:41:35.4008554Z All code optimizations and obfuscation are disabled for debuggable builds.
build	Build DaddyBoard (HeliBoard fork)	2026-09-30T15:41:37.1871450Z Checking the license for package NDK (Side by side) 28.0.13004108 in /usr/local/lib/android/sdk/licenses
build	Build DaddyBoard (HeliBoard fork)	2026-09-30T15:41:37.1872568Z License for package NDK (Side by side) 28.0.13004108 accepted.
build	Build DaddyBoard (HeliBoard fork)	2026-09-30T15:41:37.1873511Z Preparing "Install NDK (Side by side) 28.0.13004108 v.28.0.13004108".
build	Build DaddyBoard (HeliBoard fork)	2026-09-30T15:42:07.7871895Z "Install NDK (Side by side) 28.0.13004108 v.28.0.13004108" ready.
build	Build DaddyBoard (HeliBoard fork)	2026-09-30T15:42:07.7872372Z Installing NDK (Side by side) 28.0.13004108 in /usr/local/lib/android/sdk/ndk/28.0.13004108
build	Build DaddyBoard (HeliBoard fork)	2026-09-30T15:42:07.7872759Z "Install NDK (Side by side) 28.0.13004108 v.28.0.13004108" complete.
build	Build DaddyBoard (HeliBoard fork)	2026-09-30T15:42:07.8873323Z "Install NDK (Side by side) 28.0.13004108 v.28.0.13004108" finished.
build	Build DaddyBoard (HeliBoard fork)	2026-09-30T15:43:07.3869841Z 
build	Build DaddyBoard (HeliBoard fork)	2026-09-30T15:43:07.3873122Z > Task :app:preBuild UP-TO-DATE
build	Build DaddyBoard (HeliBoard fork)	2026-09-30T15:43:07.3876537Z > Task :app:generateDebugAssets UP-TO-DATE
build	Build DaddyBoard (HeliBoard fork)	2026-09-30T15:43:07.3878828Z > Task :app:preDebugNoMinifyBuild UP-TO-DATE
build	Build DaddyBoard (HeliBoard fork)	2026-09-30T15:43:07.3879355Z > Task :app:preDebugBuild UP-TO-DATE
build	Build DaddyBoard (HeliBoard fork)	2026-09-30T15:43:07.3879876Z > Task :app:mergeDebugNativeDebugMetadata NO-SOURCE
build	Build DaddyBoard (HeliBoard fork)	2026-09-30T15:43:07.4881971Z > Task :app:generateDebugBuildConfig
build	Build DaddyBoard (HeliBoard fork)	2026-09-30T15:43:07.5871168Z > Task :app:generateDebugResources
build	Build DaddyBoard (HeliBoard fork)	2026-09-30T15:43:07.5911863Z > Task :app:javaPreCompileDebug
build	Build DaddyBoard (HeliBoard fork)	2026-09-30T15:43:10.2869926Z > Task :app:packageDebugResources
build	Build DaddyBoard (HeliBoard fork)	2026-09-30T15:43:10.8891121Z > Task :app:dataBindingMergeDependencyArtifactsDebug
build	Build DaddyBoard (HeliBoard fork)	2026-09-30T15:43:10.8901330Z > Task :app:processDebugNavigationResources
build	Build DaddyBoard (HeliBoard fork)	2026-09-30T15:43:11.1871893Z > Task :app:mergeDebugAssets
build	Build DaddyBoard (HeliBoard fork)	2026-09-30T15:43:13.1869914Z > Task :app:parseDebugLocalResources
build	Build DaddyBoard (HeliBoard fork)	2026-09-30T15:43:13.2870189Z > Task :app:generateDebugRFile
build	Build DaddyBoard (HeliBoard fork)	2026-09-30T15:43:13.2931930Z > Task :app:extractProguardFiles
build	Build DaddyBoard (HeliBoard fork)	2026-09-30T15:43:14.2870351Z > Task :app:compressDebugAssets
build	Build DaddyBoard (HeliBoard fork)	2026-09-30T15:43:14.2882673Z > Task :app:mapDebugSourceSetPaths
build	Build DaddyBoard (HeliBoard fork)	2026-09-30T15:43:14.5881914Z > Task :app:checkDebugAarMetadata
build	Build DaddyBoard (HeliBoard fork)	2026-09-30T15:43:14.5934448Z > Task :app:createDebugCompatibleScreenManifests
build	Build DaddyBoard (HeliBoard fork)	2026-09-30T15:43:14.6003461Z > Task :app:extractDeepLinksDebug
build	Build DaddyBoard (HeliBoard fork)	2026-09-30T15:43:14.6041466Z > Task :app:checkDebugDuplicateClasses
build	Build DaddyBoard (HeliBoard fork)	2026-09-30T15:43:14.6912267Z > Task :app:compileDebugNavigationResources
build	Build DaddyBoard (HeliBoard fork)	2026-09-30T15:43:14.7870382Z > Task :app:mergeDebugJniLibFolders
build	Build DaddyBoard (HeliBoard fork)	2026-09-30T15:43:15.2931632Z > Task :app:configureNdkBuildDebug[arm64-v8a]
build	Build DaddyBoard (HeliBoard fork)	2026-09-30T15:43:15.2932182Z > Task :app:processDebugMainManifest
build	Build DaddyBoard (HeliBoard fork)	2026-09-30T15:43:15.4891807Z > Task :app:processDebugManifest
build	Build DaddyBoard (HeliBoard fork)	2026-09-30T15:43:15.4911635Z > Task :app:processDebugManifestForPackage
build	Build DaddyBoard (HeliBoard fork)	2026-09-30T15:43:15.4921510Z > Task :app:writeDebugAppMetadata
build	Build DaddyBoard (HeliBoard fork)	2026-09-30T15:43:15.5870375Z > Task :app:writeDebugSigningConfigVersions
build	Build DaddyBoard (HeliBoard fork)	2026-09-30T15:43:15.8891958Z > Task :app:validateSigningDebug
build	Build DaddyBoard (HeliBoard fork)	2026-09-30T15:43:15.9870730Z > Task :app:mergeDebugResources
build	Build DaddyBoard (HeliBoard fork)	2026-09-30T15:43:16.4881989Z > Task :app:dataBindingGenBaseClassesDebug
build	Build DaddyBoard (HeliBoard fork)	2026-09-30T15:43:17.2911968Z > Task :app:processDebugResources FAILED
build	Build DaddyBoard (HeliBoard fork)	2026-09-30T15:43:17.2931220Z 
build	Build DaddyBoard (HeliBoard fork)	2026-09-30T15:43:17.3061721Z > Task :app:buildNdkBuildDebug[arm64-v8a]
build	Build DaddyBoard (HeliBoard fork)	2026-09-30T15:43:17.3122024Z C/C++: In file included from /home/runner/work/daddyboard/daddyboard/daddyboard-main/app/src/main/jni/com_android_inputmethod_keyboard_ProximityInfo.cpp:24:
build	Build DaddyBoard (HeliBoard fork)	2026-09-30T15:43:17.3128018Z C/C++: In file included from /home/runner/work/daddyboard/daddyboard/daddyboard-main/app/src/main/jni/src/suggest/core/layout/proximity_info.h:25:
build	Build DaddyBoard (HeliBoard fork)	2026-09-30T15:43:17.3162084Z C/C++: /home/runner/work/daddyboard/daddyboard/daddyboard-main/app/src/main/jni/src/suggest/core/layout/proximity_info_utils.h:75:25: warning: variable 'proximityChar' set but not used [-Wunused-but-set-variable]
build	Build DaddyBoard (HeliBoard fork)	2026-09-30T15:43:17.3215189Z C/C++:    75 |                     int proximityChar =
build	Build DaddyBoard (HeliBoard fork)	2026-09-30T15:43:17.3269288Z C/C++:       |                         ^
build	Build DaddyBoard (HeliBoard fork)	2026-09-30T15:43:17.3321409Z C/C++: 1 warning generated.
build	Build DaddyBoard (HeliBoard fork)	2026-09-30T15:43:17.3351814Z C/C++: In file included from /home/runner/work/daddyboard/daddyboard/daddyboard-main/app/src/main/jni/com_android_inputmethod_latin_BinaryDictionary.cpp:25:
build	Build DaddyBoard (HeliBoard fork)	2026-09-30T15:43:17.3373192Z C/C++: In file included from /home/runner/work/daddyboard/daddyboard/daddyboard-main/app/src/main/jni/src/dictionary/property/unigram_property.h:23:
build	Build DaddyBoard (HeliBoard fork)	2026-09-30T15:43:17.3446645Z C/C++: /home/runner/work/daddyboard/daddyboard/daddyboard-main/app/src/main/jni/src/dictionary/property/historical_info.h:52:5: warning: definition of implicit copy constructor for 'HistoricalInfo' is deprecated because it has a user-declared copy assignment operator [-Wdeprecated-copy]
build	Build DaddyBoard (HeliBoard fork)	2026-09-30T15:43:17.3494551Z C/C++:    52 |     DISALLOW_ASSIGNMENT_OPERATOR(HistoricalInfo);
build	Build DaddyBoard (HeliBoard fork)	2026-09-30T15:43:17.3571761Z C/C++:       |     ^
build	Build DaddyBoard (HeliBoard fork)	2026-09-30T15:43:17.3632108Z C/C++: /home/runner/work/daddyboard/daddyboard/daddyboard-main/app/src/main/jni/src/defines.h:289:8: note: expanded from macro 'DISALLOW_ASSIGNMENT_OPERATOR'
build	Build DaddyBoard (HeliBoard fork)	2026-09-30T15:43:17.3671538Z C/C++:   289 |   void operator=(const TypeName&) = delete
build	Build DaddyBoard (HeliBoard fork)	2026-09-30T15:43:17.3741521Z C/C++:       |        ^
build	Build DaddyBoard (HeliBoard fork)	2026-09-30T15:43:17.3802401Z C/C++: /home/runner/work/daddyboard/daddyboard/daddyboard-main/app/src/main/jni/src/dictionary/property/unigram_property.h:63:15: note: in implicit copy constructor for 'latinime::HistoricalInfo' first required here
build	Build DaddyBoard (HeliBoard fork)	2026-09-30T15:43:17.3861680Z C/C++:    63 |               mHistoricalInfo(historicalInfo), mShortcuts(std::move(shortcuts)) {}
build	Build DaddyBoard (HeliBoard fork)	2026-09-30T15:43:17.3921356Z C/C++:       |               ^
build	Build DaddyBoard (HeliBoard fork)	2026-09-30T15:43:17.3952528Z C/C++: /home/runner/work/daddyboard/daddyboard/daddyboard-main/app/src/main/jni/src/dictionary/property/unigram_property.h:126:5: warning: definition of implicit copy constructor for 'UnigramProperty' is deprecated because it has a user-declared copy assignment operator [-Wdeprecated-copy]
build	Build DaddyBoard (HeliBoard fork)	2026-09-30T15:43:17.3981415Z C/C++:   126 |     DISALLOW_ASSIGNMENT_OPERATOR(UnigramProperty);
build	Build DaddyBoard (HeliBoard fork)	2026-09-30T15:43:17.3981915Z C/C++:       |     ^
build	Build DaddyBoard (HeliBoard fork)	2026-09-30T15:43:17.4030978Z C/C++: /home/runner/work/daddyboard/daddyboard/daddyboard-main/app/src/main/jni/src/defines.h:289:8: note: expanded from macro 'DISALLOW_ASSIGNMENT_OPERATOR'
build	Build DaddyBoard (HeliBoard fork)	2026-09-30T15:43:17.4071336Z C/C++:   289 |   void operator=(const TypeName&) = delete
build	Build DaddyBoard (HeliBoard fork)	2026-09-30T15:43:17.4072313Z C/C++:       |        ^
build	Build DaddyBoard (HeliBoard fork)	2026-09-30T15:43:17.4102095Z C/C++: /home/runner/work/daddyboard/daddyboard/daddyboard-main/app/src/main/jni/src/dictionary/property/word_property.h:38:51: note: in implicit copy constructor for 'latinime::UnigramProperty' first required here
build	Build DaddyBoard (HeliBoard fork)	2026-09-30T15:43:17.4103408Z C/C++:    38 |             : mCodePoints(std::move(codePoints)), mUnigramProperty(unigramProperty),
build	Build DaddyBoard (HeliBoard fork)	2026-09-30T15:43:17.4131407Z C/C++:       |                                                   ^
build	Build DaddyBoard (HeliBoard fork)	2026-09-30T15:43:17.4162019Z C/C++: In file included from /home/runner/work/daddyboard/daddyboard/daddyboard-main/app/src/main/jni/com_android_inputmethod_latin_BinaryDictionary.cpp:36:
build	Build DaddyBoard (HeliBoard fork)	2026-09-30T15:43:17.4182143Z C/C++: /home/runner/work/daddyboard/daddyboard/daddyboard-main/app/src/main/jni/src/utils/jni_data_utils.h:52:27: warning: variable length arrays in C++ are a Clang extension [-Wvla-cxx-extension]
build	Build DaddyBoard (HeliBoard fork)	2026-09-30T15:43:17.4211383Z C/C++:    52 |             char keyChars[keyUtf8Length + 1];
build	Build DaddyBoard (HeliBoard fork)	2026-09-30T15:43:17.4221307Z C/C++:       |                           ^~~~~~~~~~~~~~~~~
build	Build DaddyBoard (HeliBoard fork)	2026-09-30T15:43:17.4251795Z C/C++: /home/runner/work/daddyboard/daddyboard/daddyboard-main/app/src/main/jni/src/utils/jni_data_utils.h:52:27: note: initializer of 'keyUtf8Length' is not a constant expression
build	Build DaddyBoard (HeliBoard fork)	2026-09-30T15:43:17.4261769Z C/C++: /home/runner/work/daddyboard/daddyboard/daddyboard-main/app/src/main/jni/src/utils/jni_data_utils.h:51:25: note: declared here
build	Build DaddyBoard (HeliBoard fork)	2026-09-30T15:43:17.4301394Z C/C++:    51 |             const jsize keyUtf8Length = env->GetStringUTFLength(keyString);
build	Build DaddyBoard (HeliBoard fork)	2026-09-30T15:43:17.4331193Z C/C++:       |                         ^
build	Build DaddyBoard (HeliBoard fork)	2026-09-30T15:43:17.4361926Z C/C++: /home/runner/work/daddyboard/daddyboard/daddyboard-main/app/src/main/jni/src/utils/jni_data_utils.h:62:29: warning: variable length arrays in C++ are a Clang extension [-Wvla-cxx-extension]
build	Build DaddyBoard (HeliBoard fork)	2026-09-30T15:43:17.4363024Z C/C++:    62 |             char valueChars[valueUtf8Length + 1];
build	Build DaddyBoard (HeliBoard fork)	2026-09-30T15:43:17.4391260Z C/C++:       |                             ^~~~~~~~~~~~~~~~~~~
build	Build DaddyBoard (HeliBoard fork)	2026-09-30T15:43:17.4392203Z C/C++: /home/runner/work/daddyboard/daddyboard/daddyboard-main/app/src/main/jni/src/utils/jni_data_utils.h:62:29: note: initializer of 'valueUtf8Length' is not a constant expression
build	Build DaddyBoard (HeliBoard fork)	2026-09-30T15:43:17.4394067Z C/C++: /home/runner/work/daddyboard/daddyboard/daddyboard-main/app/src/main/jni/src/utils/jni_data_utils.h:61:25: note: declared here
build	Build DaddyBoard (HeliBoard fork)	2026-09-30T15:43:17.4395026Z C/C++:    61 |             const jsize valueUtf8Length = env->GetStringUTFLength(valueString);
build	Build DaddyBoard (HeliBoard fork)	2026-09-30T15:43:17.4395574Z C/C++:       |                         ^
build	Build DaddyBoard (HeliBoard fork)	2026-09-30T15:43:17.4396558Z C/C++: /home/runner/work/daddyboard/daddyboard/daddyboard-main/app/src/main/jni/src/utils/jni_data_utils.h:77:29: warning: variable length arrays in C++ are a Clang extension [-Wvla-cxx-extension]
build	Build DaddyBoard (HeliBoard fork)	2026-09-30T15:43:17.4397641Z C/C++:    77 |         int outputCodePonts[codePointBufSize];
build	Build DaddyBoard (HeliBoard fork)	2026-09-30T15:43:17.4398084Z C/C++:       |                             ^~~~~~~~~~~~~~~~
build	Build DaddyBoard (HeliBoard fork)	2026-09-30T15:43:17.4399082Z C/C++: /home/runner/work/daddyboard/daddyboard/daddyboard-main/app/src/main/jni/src/utils/jni_data_utils.h:77:29: note: initializer of 'codePointBufSize' is not a constant expression
build	Build DaddyBoard (HeliBoard fork)	2026-09-30T15:43:17.4400453Z C/C++: /home/runner/work/daddyboard/daddyboard/daddyboard-main/app/src/main/jni/src/utils/jni_data_utils.h:76:19: note: declared here
build	Build DaddyBoard (HeliBoard fork)	2026-09-30T15:43:17.4401561Z C/C++:    76 |         const int codePointBufSize = std::min(maxLength, codePointCount);
build	Build DaddyBoard (HeliBoard fork)	2026-09-30T15:43:17.4402067Z C/C++:       |                   ^
build	Build DaddyBoard (HeliBoard fork)	2026-09-30T15:43:17.4403159Z C/C++: /home/runner/work/daddyboard/daddyboard/daddyboard-main/app/src/main/jni/com_android_inputmethod_latin_BinaryDictionary.cpp:54:25: warning: variable length arrays in C++ are a Clang extension [-Wvla-cxx-extension]
build	Build DaddyBoard (HeliBoard fork)	2026-09-30T15:43:17.4404375Z C/C++:    54 |     char sourceDirChars[sourceDirUtf8Length + 1];
build	Build DaddyBoard (HeliBoard fork)	2026-09-30T15:43:17.4404820Z C/C++:       |                         ^~~~~~~~~~~~~~~~~~~~~~~
build	Build DaddyBoard (HeliBoard fork)	2026-09-30T15:43:17.4406156Z C/C++: /home/runner/work/daddyboard/daddyboard/daddyboard-main/app/src/main/jni/com_android_inputmethod_latin_BinaryDictionary.cpp:54:25: note: initializer of 'sourceDirUtf8Length' is not a constant expression
build	Build DaddyBoard (HeliBoard fork)	2026-09-30T15:43:17.4407965Z C/C++: /home/runner/work/daddyboard/daddyboard/daddyboard-main/app/src/main/jni/com_android_inputmethod_latin_BinaryDictionary.cpp:49:17: note: declared here
build	Build DaddyBoard (HeliBoard fork)	2026-09-30T15:43:17.4409000Z C/C++:    49 |     const jsize sourceDirUtf8Length = env->GetStringUTFLength(sourceDir);
build	Build DaddyBoard (HeliBoard fork)	2026-09-30T15:43:17.4409518Z C/C++:       |                 ^
build	Build DaddyBoard (HeliBoard fork)	2026-09-30T15:43:17.4410636Z C/C++: /home/runner/work/daddyboard/daddyboard/daddyboard-main/app/src/main/jni/com_android_inputmethod_latin_BinaryDictionary.cpp:75:22: warning: variable length arrays in C++ are a Clang extension [-Wvla-cxx-extension]
build	Build DaddyBoard (HeliBoard fork)	2026-09-30T15:43:17.4412029Z C/C++:    75 |     char localeChars[localeUtf8Length + 1];
build	Build DaddyBoard (HeliBoard fork)	2026-09-30T15:43:17.4412450Z C/C++:       |                      ^~~~~~~~~~~~~~~~~~~~
build	Build DaddyBoard (HeliBoard fork)	2026-09-30T15:43:17.4413559Z C/C++: /home/runner/work/daddyboard/daddyboard/daddyboard-main/app/src/main/jni/com_android_inputmethod_latin_BinaryDictionary.cpp:75:22: note: initializer of 'localeUtf8Length' is not a constant expression
build	Build DaddyBoard (HeliBoard fork)	2026-09-30T15:43:17.4415177Z C/C++: /home/runner/work/daddyboard/daddyboard/daddyboard-main/app/src/main/jni/com_android_inputmethod_latin_BinaryDictionary.cpp:74:17: note: declared here
build	Build DaddyBoard (HeliBoard fork)	2026-09-30T15:43:17.4416215Z C/C++:    74 |     const jsize localeUtf8Length = env->GetStringUTFLength(locale);
build	Build DaddyBoard (HeliBoard fork)	2026-09-30T15:43:17.4416732Z C/C++:       |                 ^
build	Build DaddyBoard (HeliBoard fork)	2026-09-30T15:43:17.4417841Z C/C++: /home/runner/work/daddyboard/daddyboard/daddyboard-main/app/src/main/jni/com_android_inputmethod_latin_BinaryDictionary.cpp:104:24: warning: variable length arrays in C++ are a Clang extension [-Wvla-cxx-extension]
build	Build DaddyBoard (HeliBoard fork)	2026-09-30T15:43:17.4419043Z C/C++:   104 |     char filePathChars[filePathUtf8Length + 1];
build	Build DaddyBoard (HeliBoard fork)	2026-09-30T15:43:17.4419488Z C/C++:       |                        ^~~~~~~~~~~~~~~~~~~~~~
build	Build DaddyBoard (HeliBoard fork)	2026-09-30T15:43:17.4420606Z C/C++: /home/runner/work/daddyboard/daddyboard/daddyboard-main/app/src/main/jni/com_android_inputmethod_latin_BinaryDictionary.cpp:104:24: note: initializer of 'filePathUtf8Length' is not a constant expression
build	Build DaddyBoard (HeliBoard fork)	2026-09-30T15:43:17.4452451Z C/C++: /home/runner/work/daddyboard/daddyboard/daddyboard-main/app/src/main/jni/com_android_inputmethod_latin_BinaryDictionary.cpp:103:17: note: declared here
build	Build DaddyBoard (HeliBoard fork)	2026-09-30T15:43:17.4453706Z C/C++:   103 |     const jsize filePathUtf8Length = env->GetStringUTFLength(filePath);
build	Build DaddyBoard (HeliBoard fork)	2026-09-30T15:43:17.4454214Z C/C++:       |                 ^
build	Build DaddyBoard (HeliBoard fork)	2026-09-30T15:43:17.4455337Z C/C++: /home/runner/work/daddyboard/daddyboard/daddyboard-main/app/src/main/jni/com_android_inputmethod_latin_BinaryDictionary.cpp:122:24: warning: variable length arrays in C++ are a Clang extension [-Wvla-cxx-extension]
build	Build DaddyBoard (HeliBoard fork)	2026-09-30T15:43:17.4456567Z C/C++:   122 |     char filePathChars[filePathUtf8Length + 1];
build	Build DaddyBoard (HeliBoard fork)	2026-09-30T15:43:17.4457018Z C/C++:       |                        ^~~~~~~~~~~~~~~~~~~~~~
build	Build DaddyBoard (HeliBoard fork)	2026-09-30T15:43:17.4458141Z C/C++: /home/runner/work/daddyboard/daddyboard/daddyboard-main/app/src/main/jni/com_android_inputmethod_latin_BinaryDictionary.cpp:122:24: note: initializer of 'filePathUtf8Length' is not a constant expression
build	Build DaddyBoard (HeliBoard fork)	2026-09-30T15:43:17.4459794Z C/C++: /home/runner/work/daddyboard/daddyboard/daddyboard-main/app/src/main/jni/com_android_inputmethod_latin_BinaryDictionary.cpp:121:17: note: declared here
build	Build DaddyBoard (HeliBoard fork)	2026-09-30T15:43:17.4460838Z C/C++:   121 |     const jsize filePathUtf8Length = env->GetStringUTFLength(filePath);
build	Build DaddyBoard (HeliBoard fork)	2026-09-30T15:43:17.4461457Z C/C++:       |                 ^
build	Build DaddyBoard (HeliBoard fork)	2026-09-30T15:43:17.4462535Z C/C++: /home/runner/work/daddyboard/daddyboard/daddyboard-main/app/src/main/jni/com_android_inputmethod_latin_BinaryDictionary.cpp:200:22: warning: variable length arrays in C++ are a Clang extension [-Wvla-cxx-extension]
build	Build DaddyBoard (HeliBoard fork)	2026-09-30T15:43:17.4463661Z C/C++:   200 |     int xCoordinates[inputSize];
build	Build DaddyBoard (HeliBoard fork)	2026-09-30T15:43:17.4464040Z C/C++:       |                      ^~~~~~~~~
build	Build DaddyBoard (HeliBoard fork)	2026-09-30T15:43:17.4465443Z C/C++: /home/runner/work/daddyboard/daddyboard/daddyboard-main/app/src/main/jni/com_android_inputmethod_latin_BinaryDictionary.cpp:200:22: note: function parameter 'inputSize' with unknown value cannot be used in a constant expression
build	Build DaddyBoard (HeliBoard fork)	2026-09-30T15:43:17.4467220Z C/C++: /home/runner/work/daddyboard/daddyboard/daddyboard-main/app/src/main/jni/com_android_inputmethod_latin_BinaryDictionary.cpp:181:46: note: declared here
build	Build DaddyBoard (HeliBoard fork)	2026-09-30T15:43:17.4468323Z C/C++:   181 |         jintArray inputCodePointsArray, jint inputSize, jintArray suggestOptions,
build	Build DaddyBoard (HeliBoard fork)	2026-09-30T15:43:17.4468924Z C/C++:       |                                              ^
build	Build DaddyBoard (HeliBoard fork)	2026-09-30T15:43:17.4470092Z C/C++: /home/runner/work/daddyboard/daddyboard/daddyboard-main/app/src/main/jni/com_android_inputmethod_latin_BinaryDictionary.cpp:201:22: warning: variable length arrays in C++ are a Clang extension [-Wvla-cxx-extension]
build	Build DaddyBoard (HeliBoard fork)	2026-09-30T15:43:17.4471380Z C/C++:   201 |     int yCoordinates[inputSize];
build	Build DaddyBoard (HeliBoard fork)	2026-09-30T15:43:17.4471761Z C/C++:       |                      ^~~~~~~~~
build	Build DaddyBoard (HeliBoard fork)	2026-09-30T15:43:17.4472955Z C/C++: /home/runner/work/daddyboard/daddyboard/daddyboard-main/app/src/main/jni/com_android_inputmethod_latin_BinaryDictionary.cpp:201:22: note: function parameter 'inputSize' with unknown value cannot be used in a constant expression
build	Build DaddyBoard (HeliBoard fork)	2026-09-30T15:43:17.4474695Z C/C++: /home/runner/work/daddyboard/daddyboard/daddyboard-main/app/src/main/jni/com_android_inputmethod_latin_BinaryDictionary.cpp:181:46: note: declared here
build	Build DaddyBoard (HeliBoard fork)	2026-09-30T15:43:17.4475778Z C/C++:   181 |         jintArray inputCodePointsArray, jint inputSize, jintArray suggestOptions,
build	Build DaddyBoard (HeliBoard fork)	2026-09-30T15:43:17.4476371Z C/C++:       |                                              ^
build	Build DaddyBoard (HeliBoard fork)	2026-09-30T15:43:17.4477534Z C/C++: /home/runner/work/daddyboard/daddyboard/daddyboard-main/app/src/main/jni/com_android_inputmethod_latin_BinaryDictionary.cpp:202:15: warning: variable length arrays in C++ are a Clang extension [-Wvla-cxx-extension]
build	Build DaddyBoard (HeliBoard fork)	2026-09-30T15:43:17.4478670Z C/C++:   202 |     int times[inputSize];
build	Build DaddyBoard (HeliBoard fork)	2026-09-30T15:43:17.4479014Z C/C++:       |               ^~~~~~~~~
build	Build DaddyBoard (HeliBoard fork)	2026-09-30T15:43:17.4480161Z C/C++: /home/runner/work/daddyboard/daddyboard/daddyboard-main/app/src/main/jni/com_android_inputmethod_latin_BinaryDictionary.cpp:202:15: note: function parameter 'inputSize' with unknown value cannot be used in a constant expression
build	Build DaddyBoard (HeliBoard fork)	2026-09-30T15:43:17.4512305Z C/C++: /home/runner/work/daddyboard/daddyboard/daddyboard-main/app/src/main/jni/com_android_inputmethod_latin_BinaryDictionary.cpp:181:46: note: declared here
build	Build DaddyBoard (HeliBoard fork)	2026-09-30T15:43:17.4513424Z C/C++:   181 |         jintArray inputCodePointsArray, jint inputSize, jintArray suggestOptions,
build	Build DaddyBoard (HeliBoard fork)	2026-09-30T15:43:17.4514006Z C/C++:       |                                              ^
build	Build DaddyBoard (HeliBoard fork)	2026-09-30T15:43:17.4515144Z C/C++: /home/runner/work/daddyboard/daddyboard/daddyboard-main/app/src/main/jni/com_android_inputmethod_latin_BinaryDictionary.cpp:203:20: warning: variable length arrays in C++ are a Clang extension [-Wvla-cxx-extension]
build	Build DaddyBoard (HeliBoard fork)	2026-09-30T15:43:17.4516298Z C/C++:   203 |     int pointerIds[inputSize];
build	Build DaddyBoard (HeliBoard fork)	2026-09-30T15:43:17.4516671Z C/C++:       |                    ^~~~~~~~~
build	Build DaddyBoard (HeliBoard fork)	2026-09-30T15:43:17.4517851Z C/C++: /home/runner/work/daddyboard/daddyboard/daddyboard-main/app/src/main/jni/com_android_inputmethod_latin_BinaryDictionary.cpp:203:20: note: function parameter 'inputSize' with unknown value cannot be used in a constant expression
build	Build DaddyBoard (HeliBoard fork)	2026-09-30T15:43:17.4519556Z C/C++: /home/runner/work/daddyboard/daddyboard/daddyboard-main/app/src/main/jni/com_android_inputmethod_latin_BinaryDictionary.cpp:181:46: note: declared here
build	Build DaddyBoard (HeliBoard fork)	2026-09-30T15:43:17.4520596Z C/C++:   181 |         jintArray inputCodePointsArray, jint inputSize, jintArray suggestOptions,
build	Build DaddyBoard (HeliBoard fork)	2026-09-30T15:43:17.4521273Z C/C++:       |                                              ^
build	Build DaddyBoard (HeliBoard fork)	2026-09-30T15:43:17.4522410Z C/C++: /home/runner/work/daddyboard/daddyboard/daddyboard-main/app/src/main/jni/com_android_inputmethod_latin_BinaryDictionary.cpp:205:25: warning: variable length arrays in C++ are a Clang extension [-Wvla-cxx-extension]
build	Build DaddyBoard (HeliBoard fork)	2026-09-30T15:43:17.4523763Z C/C++:   205 |     int inputCodePoints[inputCodePointsLength];
build	Build DaddyBoard (HeliBoard fork)	2026-09-30T15:43:17.4524202Z C/C++:       |                         ^~~~~~~~~~~~~~~~~~~~~
build	Build DaddyBoard (HeliBoard fork)	2026-09-30T15:43:17.4525303Z C/C++: /home/runner/work/daddyboard/daddyboard/daddyboard-main/app/src/main/jni/com_android_inputmethod_latin_BinaryDictionary.cpp:205:25: note: initializer of 'inputCodePointsLength' is not a constant expression
build	Build DaddyBoard (HeliBoard fork)	2026-09-30T15:43:17.4526893Z C/C++: /home/runner/work/daddyboard/daddyboard/daddyboard-main/app/src/main/jni/com_android_inputmethod_latin_BinaryDictionary.cpp:204:17: note: declared here
build	Build DaddyBoard (HeliBoard fork)	2026-09-30T15:43:17.4527972Z C/C++:   204 |     const jsize inputCodePointsLength = env->GetArrayLength(inputCodePointsArray);
build	Build DaddyBoard (HeliBoard fork)	2026-09-30T15:43:17.4528542Z C/C++:       |                 ^
build	Build DaddyBoard (HeliBoard fork)	2026-09-30T15:43:17.4529633Z C/C++: /home/runner/work/daddyboard/daddyboard/daddyboard-main/app/src/main/jni/com_android_inputmethod_latin_BinaryDictionary.cpp:213:17: warning: variable length arrays in C++ are a Clang extension [-Wvla-cxx-extension]
build	Build DaddyBoard (HeliBoard fork)	2026-09-30T15:43:17.4530797Z C/C++:   213 |     int options[numberOfOptions];
build	Build DaddyBoard (HeliBoard fork)	2026-09-30T15:43:17.4531263Z C/C++:       |                 ^~~~~~~~~~~~~~~
build	Build DaddyBoard (HeliBoard fork)	2026-09-30T15:43:17.4532332Z C/C++: /home/runner/work/daddyboard/daddyboard/daddyboard-main/app/src/main/jni/com_android_inputmethod_latin_BinaryDictionary.cpp:213:17: note: initializer of 'numberOfOptions' is not a constant expression
build	Build DaddyBoard (HeliBoard fork)	2026-09-30T15:43:17.4533901Z C/C++: /home/runner/work/daddyboard/daddyboard/daddyboard-main/app/src/main/jni/com_android_inputmethod_latin_BinaryDictionary.cpp:212:17: note: declared here
build	Build DaddyBoard (HeliBoard fork)	2026-09-30T15:43:17.4534968Z C/C++:   212 |     const jsize numberOfOptions = env->GetArrayLength(suggestOptions);
build	Build DaddyBoard (HeliBoard fork)	2026-09-30T15:43:17.4535450Z C/C++:       |                 ^
build	Build DaddyBoard (HeliBoard fork)	2026-09-30T15:43:17.4536495Z C/C++: /home/runner/work/daddyboard/daddyboard/daddyboard-main/app/src/main/jni/com_android_inputmethod_latin_BinaryDictionary.cpp:268:20: warning: variable length arrays in C++ are a Clang extension [-Wvla-cxx-extension]
build	Build DaddyBoard (HeliBoard fork)	2026-09-30T15:43:17.4537644Z C/C++:   268 |     int codePoints[codePointCount];
build	Build DaddyBoard (HeliBoard fork)	2026-09-30T15:43:17.4538008Z C/C++:       |                    ^~~~~~~~~~~~~~
build	Build DaddyBoard (HeliBoard fork)	2026-09-30T15:43:17.4539036Z C/C++: /home/runner/work/daddyboard/daddyboard/daddyboard-main/app/src/main/jni/com_android_inputmethod_latin_BinaryDictionary.cpp:268:20: note: initializer of 'codePointCount' is not a constant expression
build	Build DaddyBoard (HeliBoard fork)	2026-09-30T15:43:17.4540742Z C/C++: /home/runner/work/daddyboard/daddyboard/daddyboard-main/app/src/main/jni/com_android_inputmethod_latin_BinaryDictionary.cpp:267:17: note: declared here
build	Build DaddyBoard (HeliBoard fork)	2026-09-30T15:43:17.4572021Z C/C++:   267 |     const jsize codePointCount = env->GetArrayLength(word);
build	Build DaddyBoard (HeliBoard fork)	2026-09-30T15:43:17.4572506Z C/C++:       |                 ^
build	Build DaddyBoard (HeliBoard fork)	2026-09-30T15:43:17.4573508Z C/C++: /home/runner/work/daddyboard/daddyboard/daddyboard-main/app/src/main/jni/com_android_inputmethod_latin_BinaryDictionary.cpp:278:20: warning: variable length arrays in C++ are a Clang extension [-Wvla-cxx-extension]
build	Build DaddyBoard (HeliBoard fork)	2026-09-30T15:43:17.4574644Z C/C++:   278 |     int codePoints[codePointCount];
build	Build DaddyBoard (HeliBoard fork)	2026-09-30T15:43:17.4574992Z C/C++:       |                    ^~~~~~~~~~~~~~
build	Build DaddyBoard (HeliBoard fork)	2026-09-30T15:43:17.4575856Z C/C++: /home/runner/work/daddyboard/daddyboard/daddyboard-main/app/src/main/jni/com_android_inputmethod_latin_BinaryDictionary.cpp:278:20: note: initializer of 'codePointCount' is not a constant expression
build	Build DaddyBoard (HeliBoard fork)	2026-09-30T15:43:17.4577179Z C/C++: /home/runner/work/daddyboard/daddyboard/daddyboard-main/app/src/main/jni/com_android_inputmethod_latin_BinaryDictionary.cpp:277:17: note: declared here
build	Build DaddyBoard (HeliBoard fork)	2026-09-30T15:43:17.4578008Z C/C++:   277 |     const jsize codePointCount = env->GetArrayLength(word);
build	Build DaddyBoard (HeliBoard fork)	2026-09-30T15:43:17.4578426Z C/C++:       |                 ^
build	Build DaddyBoard (HeliBoard fork)	2026-09-30T15:43:17.4579451Z C/C++: /home/runner/work/daddyboard/daddyboard/daddyboard-main/app/src/main/jni/com_android_inputmethod_latin_BinaryDictionary.cpp:290:24: warning: variable length arrays in C++ are a Clang extension [-Wvla-cxx-extension]
build	Build DaddyBoard (HeliBoard fork)	2026-09-30T15:43:17.4580781Z C/C++:   290 |     int wordCodePoints[wordLength];
build	Build DaddyBoard (HeliBoard fork)	2026-09-30T15:43:17.4581306Z C/C++:       |                        ^~~~~~~~~~
build	Build DaddyBoard (HeliBoard fork)	2026-09-30T15:43:17.4582271Z C/C++: /home/runner/work/daddyboard/daddyboard/daddyboard-main/app/src/main/jni/com_android_inputmethod_latin_BinaryDictionary.cpp:290:24: note: initializer of 'wordLength' is not a constant expression
build	Build DaddyBoard (HeliBoard fork)	2026-09-30T15:43:17.4583770Z C/C++: /home/runner/work/daddyboard/daddyboard/daddyboard-main/app/src/main/jni/com_android_inputmethod_latin_BinaryDictionary.cpp:289:17: note: declared here
build	Build DaddyBoard (HeliBoard fork)	2026-09-30T15:43:17.4584702Z C/C++:   289 |     const jsize wordLength = env->GetArrayLength(word);
build	Build DaddyBoard (HeliBoard fork)	2026-09-30T15:43:17.4585141Z C/C++:       |                 ^
build	Build DaddyBoard (HeliBoard fork)	2026-09-30T15:43:17.4586212Z C/C++: /home/runner/work/daddyboard/daddyboard/daddyboard-main/app/src/main/jni/com_android_inputmethod_latin_BinaryDictionary.cpp:312:24: warning: variable length arrays in C++ are a Clang extension [-Wvla-cxx-extension]
build	Build DaddyBoard (HeliBoard fork)	2026-09-30T15:43:17.4587386Z C/C++:   312 |     int wordCodePoints[codePointBufSize];
build	Build DaddyBoard (HeliBoard fork)	2026-09-30T15:43:17.4587811Z C/C++:       |                        ^~~~~~~~~~~~~~~~
build	Build DaddyBoard (HeliBoard fork)	2026-09-30T15:43:17.4588891Z C/C++: /home/runner/work/daddyboard/daddyboard/daddyboard-main/app/src/main/jni/com_android_inputmethod_latin_BinaryDictionary.cpp:312:24: note: initializer of 'codePointBufSize' is not a constant expression
build	Build DaddyBoard (HeliBoard fork)	2026-09-30T15:43:17.4590470Z C/C++: /home/runner/work/daddyboard/daddyboard/daddyboard-main/app/src/main/jni/com_android_inputmethod_latin_BinaryDictionary.cpp:306:17: note: declared here
build	Build DaddyBoard (HeliBoard fork)	2026-09-30T15:43:17.4591648Z C/C++:   306 |     const jsize codePointBufSize = env->GetArrayLength(outCodePoints);
build	Build DaddyBoard (HeliBoard fork)	2026-09-30T15:43:17.4592145Z C/C++:       |                 ^
build	Build DaddyBoard (HeliBoard fork)	2026-09-30T15:43:17.4593195Z C/C++: /home/runner/work/daddyboard/daddyboard/daddyboard-main/app/src/main/jni/com_android_inputmethod_latin_BinaryDictionary.cpp:368:20: warning: variable length arrays in C++ are a Clang extension [-Wvla-cxx-extension]
build	Build DaddyBoard (HeliBoard fork)	2026-09-30T15:43:17.4594369Z C/C++:   368 |     int codePoints[codePointCount];
build	Build DaddyBoard (HeliBoard fork)	2026-09-30T15:43:17.4594760Z C/C++:       |                    ^~~~~~~~~~~~~~
build	Build DaddyBoard (HeliBoard fork)	2026-09-30T15:43:17.4595915Z C/C++: /home/runner/work/daddyboard/daddyboard/daddyboard-main/app/src/main/jni/com_android_inputmethod_latin_BinaryDictionary.cpp:368:20: note: read of non-const variable 'codePointCount' is not allowed in a constant expression
build	Build DaddyBoard (HeliBoard fork)	2026-09-30T15:43:17.4597825Z C/C++: /home/runner/work/daddyboard/daddyboard/daddyboard-main/app/src/main/jni/com_android_inputmethod_latin_BinaryDictionary.cpp:367:11: note: declared here
build	Build DaddyBoard (HeliBoard fork)	2026-09-30T15:43:17.4598785Z C/C++:   367 |     jsize codePointCount = env->GetArrayLength(word);
build	Build DaddyBoard (HeliBoard fork)	2026-09-30T15:43:17.4599212Z C/C++:       |           ^
build	Build DaddyBoard (HeliBoard fork)	2026-09-30T15:43:17.4600290Z C/C++: /home/runner/work/daddyboard/daddyboard/daddyboard-main/app/src/main/jni/com_android_inputmethod_latin_BinaryDictionary.cpp:393:20: warning: variable length arrays in C++ are a Clang extension [-Wvla-cxx-extension]
build	Build DaddyBoard (HeliBoard fork)	2026-09-30T15:43:17.4631749Z C/C++:   393 |     int codePoints[codePointCount];
build	Build DaddyBoard (HeliBoard fork)	2026-09-30T15:43:17.4632187Z C/C++:       |                    ^~~~~~~~~~~~~~
build	Build DaddyBoard (HeliBoard fork)	2026-09-30T15:43:17.4633365Z C/C++: /home/runner/work/daddyboard/daddyboard/daddyboard-main/app/src/main/jni/com_android_inputmethod_latin_BinaryDictionary.cpp:393:20: note: read of non-const variable 'codePointCount' is not allowed in a constant expression
build	Build DaddyBoard (HeliBoard fork)	2026-09-30T15:43:17.4635106Z C/C++: /home/runner/work/daddyboard/daddyboard/daddyboard-main/app/src/main/jni/com_android_inputmethod_latin_BinaryDictionary.cpp:392:11: note: declared here
build	Build DaddyBoard (HeliBoard fork)	2026-09-30T15:43:17.4636043Z C/C++:   392 |     jsize codePointCount = env->GetArrayLength(word);
build	Build DaddyBoard (HeliBoard fork)	2026-09-30T15:43:17.4636449Z C/C++:       |           ^
build	Build DaddyBoard (HeliBoard fork)	2026-09-30T15:43:17.4637505Z C/C++: /home/runner/work/daddyboard/daddyboard/daddyboard-main/app/src/main/jni/com_android_inputmethod_latin_BinaryDictionary.cpp:409:24: warning: variable length arrays in C++ are a Clang extension [-Wvla-cxx-extension]
build	Build DaddyBoard (HeliBoard fork)	2026-09-30T15:43:17.4638639Z C/C++:   409 |     int wordCodePoints[wordLength];
build	Build DaddyBoard (HeliBoard fork)	2026-09-30T15:43:17.4639199Z C/C++:       |                        ^~~~~~~~~~
build	Build DaddyBoard (HeliBoard fork)	2026-09-30T15:43:17.4640310Z C/C++: /home/runner/work/daddyboard/daddyboard/daddyboard-main/app/src/main/jni/com_android_inputmethod_latin_BinaryDictionary.cpp:409:24: note: read of non-const variable 'wordLength' is not allowed in a constant expression
build	Build DaddyBoard (HeliBoard fork)	2026-09-30T15:43:17.4642069Z C/C++: /home/runner/work/daddyboard/daddyboard/daddyboard-main/app/src/main/jni/com_android_inputmethod_latin_BinaryDictionary.cpp:408:11: note: declared here
build	Build DaddyBoard (HeliBoard fork)	2026-09-30T15:43:17.4642982Z C/C++:   408 |     jsize wordLength = env->GetArrayLength(word);
build	Build DaddyBoard (HeliBoard fork)	2026-09-30T15:43:17.4643370Z C/C++:       |           ^
build	Build DaddyBoard (HeliBoard fork)	2026-09-30T15:43:17.4644414Z C/C++: /home/runner/work/daddyboard/daddyboard/daddyboard-main/app/src/main/jni/com_android_inputmethod_latin_BinaryDictionary.cpp:429:24: warning: variable length arrays in C++ are a Clang extension [-Wvla-cxx-extension]
build	Build DaddyBoard (HeliBoard fork)	2026-09-30T15:43:17.4645558Z C/C++:   429 |     int wordCodePoints[codePointCount];
build	Build DaddyBoard (HeliBoard fork)	2026-09-30T15:43:17.4645948Z C/C++:       |                        ^~~~~~~~~~~~~~
build	Build DaddyBoard (HeliBoard fork)	2026-09-30T15:43:17.4647083Z C/C++: /home/runner/work/daddyboard/daddyboard/daddyboard-main/app/src/main/jni/com_android_inputmethod_latin_BinaryDictionary.cpp:429:24: note: read of non-const variable 'codePointCount' is not allowed in a constant expression
build	Build DaddyBoard (HeliBoard fork)	2026-09-30T15:43:17.4648744Z C/C++: /home/runner/work/daddyboard/daddyboard/daddyboard-main/app/src/main/jni/com_android_inputmethod_latin_BinaryDictionary.cpp:428:11: note: declared here
build	Build DaddyBoard (HeliBoard fork)	2026-09-30T15:43:17.4649672Z C/C++:   428 |     jsize codePointCount = env->GetArrayLength(word);
build	Build DaddyBoard (HeliBoard fork)	2026-09-30T15:43:17.4650078Z C/C++:       |           ^
build	Build DaddyBoard (HeliBoard fork)	2026-09-30T15:43:17.4651226Z C/C++: /home/runner/work/daddyboard/daddyboard/daddyboard-main/app/src/main/jni/com_android_inputmethod_latin_BinaryDictionary.cpp:447:24: warning: variable length arrays in C++ are a Clang extension [-Wvla-cxx-extension]
build	Build DaddyBoard (HeliBoard fork)	2026-09-30T15:43:17.4652371Z C/C++:   447 |     int wordCodePoints[codePointCount];
build	Build DaddyBoard (HeliBoard fork)	2026-09-30T15:43:17.4652753Z C/C++:       |                        ^~~~~~~~~~~~~~
build	Build DaddyBoard (HeliBoard fork)	2026-09-30T15:43:17.4653893Z C/C++: /home/runner/work/daddyboard/daddyboard/daddyboard-main/app/src/main/jni/com_android_inputmethod_latin_BinaryDictionary.cpp:447:24: note: read of non-const variable 'codePointCount' is not allowed in a constant expression
build	Build DaddyBoard (HeliBoard fork)	2026-09-30T15:43:17.4655769Z C/C++: /home/runner/work/daddyboard/daddyboard/daddyboard-main/app/src/main/jni/com_android_inputmethod_latin_BinaryDictionary.cpp:446:11: note: declared here
build	Build DaddyBoard (HeliBoard fork)	2026-09-30T15:43:17.4656692Z C/C++:   446 |     jsize codePointCount = env->GetArrayLength(word);
build	Build DaddyBoard (HeliBoard fork)	2026-09-30T15:43:17.4657093Z C/C++:       |           ^
build	Build DaddyBoard (HeliBoard fork)	2026-09-30T15:43:17.4658134Z C/C++: /home/runner/work/daddyboard/daddyboard/daddyboard-main/app/src/main/jni/com_android_inputmethod_latin_BinaryDictionary.cpp:484:28: warning: variable length arrays in C++ are a Clang extension [-Wvla-cxx-extension]
build	Build DaddyBoard (HeliBoard fork)	2026-09-30T15:43:17.4659276Z C/C++:   484 |         int wordCodePoints[wordLength];
build	Build DaddyBoard (HeliBoard fork)	2026-09-30T15:43:17.4659670Z C/C++:       |                            ^~~~~~~~~~
build	Build DaddyBoard (HeliBoard fork)	2026-09-30T15:43:17.4660794Z C/C++: /home/runner/work/daddyboard/daddyboard/daddyboard-main/app/src/main/jni/com_android_inputmethod_latin_BinaryDictionary.cpp:484:28: note: read of non-const variable 'wordLength' is not allowed in a constant expression
build	Build DaddyBoard (HeliBoard fork)	2026-09-30T15:43:17.4662588Z C/C++: /home/runner/work/daddyboard/daddyboard/daddyboard-main/app/src/main/jni/com_android_inputmethod_latin_BinaryDictionary.cpp:483:15: note: declared here
build	Build DaddyBoard (HeliBoard fork)	2026-09-30T15:43:17.4663530Z C/C++:   483 |         jsize wordLength = env->GetArrayLength(targetWord);
build	Build DaddyBoard (HeliBoard fork)	2026-09-30T15:43:17.4663929Z C/C++:       |               ^
build	Build DaddyBoard (HeliBoard fork)	2026-09-30T15:43:17.4664956Z C/C++: /home/runner/work/daddyboard/daddyboard/daddyboard-main/app/src/main/jni/com_android_inputmethod_latin_BinaryDictionary.cpp:518:21: warning: variable length arrays in C++ are a Clang extension [-Wvla-cxx-extension]
build	Build DaddyBoard (HeliBoard fork)	2026-09-30T15:43:17.4666119Z C/C++:   518 |     char queryChars[queryUtf8Length + 1];
build	Build DaddyBoard (HeliBoard fork)	2026-09-30T15:43:17.4666656Z C/C++:       |                     ^~~~~~~~~~~~~~~~~~~
build	Build DaddyBoard (HeliBoard fork)	2026-09-30T15:43:17.4667711Z C/C++: /home/runner/work/daddyboard/daddyboard/daddyboard-main/app/src/main/jni/com_android_inputmethod_latin_BinaryDictionary.cpp:518:21: note: initializer of 'queryUtf8Length' is not a constant expression
build	Build DaddyBoard (HeliBoard fork)	2026-09-30T15:43:17.4669270Z C/C++: /home/runner/work/daddyboard/daddyboard/daddyboard-main/app/src/main/jni/com_android_inputmethod_latin_BinaryDictionary.cpp:517:17: note: declared here
build	Build DaddyBoard (HeliBoard fork)	2026-09-30T15:43:17.4670240Z C/C++:   517 |     const jsize queryUtf8Length = env->GetStringUTFLength(query);
build	Build DaddyBoard (HeliBoard fork)	2026-09-30T15:43:17.4670691Z C/C++:       |                 ^
build	Build DaddyBoard (HeliBoard fork)	2026-09-30T15:43:17.4671867Z C/C++: /home/runner/work/daddyboard/daddyboard/daddyboard-main/app/src/main/jni/com_android_inputmethod_latin_BinaryDictionary.cpp:552:28: warning: variable length arrays in C++ are a Clang extension [-Wvla-cxx-extension]
build	Build DaddyBoard (HeliBoard fork)	2026-09-30T15:43:17.4673052Z C/C++:   552 |     char dictFilePathChars[filePathUtf8Length + 1];
build	Build DaddyBoard (HeliBoard fork)	2026-09-30T15:43:17.4673496Z C/C++:       |                            ^~~~~~~~~~~~~~~~~~~~~~
build	Build DaddyBoard (HeliBoard fork)	2026-09-30T15:43:17.4674574Z C/C++: /home/runner/work/daddyboard/daddyboard/daddyboard-main/app/src/main/jni/com_android_inputmethod_latin_BinaryDictionary.cpp:552:28: note: initializer of 'filePathUtf8Length' is not a constant expression
build	Build DaddyBoard (HeliBoard fork)	2026-09-30T15:43:17.4675889Z C/C++: /home/runner/work/daddyboard/daddyboard/daddyboard-main/app/src/main/jni/com_android_inputmethod_latin_BinaryDictionary.cpp:551:17: note: declared here
build	Build DaddyBoard (HeliBoard fork)	2026-09-30T15:43:17.4676825Z C/C++:   551 |     const jsize filePathUtf8Length = env->GetStringUTFLength(dictFilePath);
build	Build DaddyBoard (HeliBoard fork)	2026-09-30T15:43:17.4677311Z C/C++:       |                 ^
build	Build DaddyBoard (HeliBoard fork)	2026-09-30T15:43:17.4678036Z C/C++: In file included from /home/runner/work/daddyboard/daddyboard/daddyboard-main/app/src/main/jni/com_android_inputmethod_latin_BinaryDictionary.cpp:26:
build	Build DaddyBoard (HeliBoard fork)	2026-09-30T15:43:17.4679178Z C/C++: In file included from /home/runner/work/daddyboard/daddyboard/daddyboard-main/app/src/main/jni/src/dictionary/property/ngram_context.h:23:
build	Build DaddyBoard (HeliBoard fork)	2026-09-30T15:43:17.4681012Z C/C++: /home/runner/work/daddyboard/daddyboard/daddyboard-main/app/src/main/jni/src/utils/int_array_view.h:160:5: warning: definition of implicit copy constructor for 'IntArrayView' is deprecated because it has a user-declared copy assignment operator [-Wdeprecated-copy]
build	Build DaddyBoard (HeliBoard fork)	2026-09-30T15:43:17.4682616Z C/C++:   160 |     DISALLOW_ASSIGNMENT_OPERATOR(IntArrayView);
build	Build DaddyBoard (HeliBoard fork)	2026-09-30T15:43:17.4683001Z C/C++:       |     ^
build	Build DaddyBoard (HeliBoard fork)	2026-09-30T15:43:17.4683754Z C/C++: /home/runner/work/daddyboard/daddyboard/daddyboard-main/app/src/main/jni/src/defines.h:289:8: note: expanded from macro 'DISALLOW_ASSIGNMENT_OPERATOR'
build	Build DaddyBoard (HeliBoard fork)	2026-09-30T15:43:17.4684635Z C/C++:   289 |   void operator=(const TypeName&) = delete
build	Build DaddyBoard (HeliBoard fork)	2026-09-30T15:43:17.4684999Z C/C++:       |        ^
build	Build DaddyBoard (HeliBoard fork)	2026-09-30T15:43:17.4686105Z C/C++: /usr/local/lib/android/sdk/ndk/28.0.13004108/toolchains/llvm/prebuilt/linux-x86_64/sysroot/usr/include/c++/v1/__memory/allocator.h:173:24: note: in implicit copy constructor for 'latinime::IntArrayView' first required here
build	Build DaddyBoard (HeliBoard fork)	2026-09-30T15:43:17.4687331Z C/C++:   173 |     ::new ((void*)__p) _Up(std::forward<_Args>(__args)...);
build	Build DaddyBoard (HeliBoard fork)	2026-09-30T15:43:17.4687767Z C/C++:       |                        ^
build	Build DaddyBoard (HeliBoard fork)	2026-09-30T15:43:17.4689347Z C/C++: /usr/local/lib/android/sdk/ndk/28.0.13004108/toolchains/llvm/prebuilt/linux-x86_64/sysroot/usr/include/c++/v1/__memory/allocator_traits.h:320:9: note: in instantiation of function template specialization 'std::allocator<latinime::IntArrayView>::construct<latinime::IntArrayView, latinime::IntArrayView>' requested here
build	Build DaddyBoard (HeliBoard fork)	2026-09-30T15:43:17.4691111Z C/C++:   320 |     __a.construct(__p, std::forward<_Args>(__args)...);
build	Build DaddyBoard (HeliBoard fork)	2026-09-30T15:43:17.4691513Z C/C++:       |         ^
build	Build DaddyBoard (HeliBoard fork)	2026-09-30T15:43:17.4693174Z C/C++: /usr/local/lib/android/sdk/ndk/28.0.13004108/toolchains/llvm/prebuilt/linux-x86_64/sysroot/usr/include/c++/v1/__memory/uninitialized_algorithms.h:639:33: note: in instantiation of function template specialization 'std::allocator_traits<std::allocator<latinime::IntArrayView>>::construct<latinime::IntArrayView, latinime::IntArrayView, 0>' requested here
build	Build DaddyBoard (HeliBoard fork)	2026-09-30T15:43:17.4695200Z C/C++:   639 |       allocator_traits<_Alloc>::construct(__alloc, __result, std::move(*__iter));
build	Build DaddyBoard (HeliBoard fork)	2026-09-30T15:43:17.4695726Z C/C++:       |                                 ^
build	Build DaddyBoard (HeliBoard fork)	2026-09-30T15:43:17.4696950Z C/C++: /usr/local/lib/android/sdk/ndk/28.0.13004108/toolchains/llvm/prebuilt/linux-x86_64/sysroot/usr/include/c++/v1/vector:1511:3: note: in instantiation of member function 'std::vector<latinime::IntArrayView>::__swap_out_circular_buffer' requested here
build	Build DaddyBoard (HeliBoard fork)	2026-09-30T15:43:17.4698188Z C/C++:  1511 |   __swap_out_circular_buffer(__v);
build	Build DaddyBoard (HeliBoard fork)	2026-09-30T15:43:17.4698526Z C/C++:       |   ^
build	Build DaddyBoard (HeliBoard fork)	2026-09-30T15:43:17.4699904Z C/C++: /usr/local/lib/android/sdk/ndk/28.0.13004108/toolchains/llvm/prebuilt/linux-x86_64/sysroot/usr/include/c++/v1/vector:1529:13: note: in instantiation of function template specialization 'std::vector<latinime::IntArrayView>::__emplace_back_slow_path<const int *const &, const unsigned long &>' requested here
build	Build DaddyBoard (HeliBoard fork)	2026-09-30T15:43:17.4701646Z C/C++:  1529 |     __end = __emplace_back_slow_path(std::forward<_Args>(__args)...);
build	Build DaddyBoard (HeliBoard fork)	2026-09-30T15:43:17.4702111Z C/C++:       |             ^
build	Build DaddyBoard (HeliBoard fork)	2026-09-30T15:43:17.4703445Z C/C++: /home/runner/work/daddyboard/daddyboard/daddyboard-main/app/src/main/jni/src/utils/int_array_view.h:142:20: note: in instantiation of function template specialization 'std::vector<latinime::IntArrayView>::emplace_back<const int *const &, const unsigned long &>' requested here
build	Build DaddyBoard (HeliBoard fork)	2026-09-30T15:43:17.4704847Z C/C++:   142 |             result.emplace_back(mPtr, mSize);
build	Build DaddyBoard (HeliBoard fork)	2026-09-30T15:43:17.4705224Z C/C++:       |                    ^
build	Build DaddyBoard (HeliBoard fork)	2026-09-30T15:43:17.4706030Z C/C++: In file included from /home/runner/work/daddyboard/daddyboard/daddyboard-main/app/src/main/jni/com_android_inputmethod_latin_BinaryDictionary.cpp:27:
build	Build DaddyBoard (HeliBoard fork)	2026-09-30T15:43:17.4707321Z C/C++: In file included from /home/runner/work/daddyboard/daddyboard/daddyboard-main/app/src/main/jni/src/dictionary/property/word_property.h:23:
build	Build DaddyBoard (HeliBoard fork)	2026-09-30T15:43:17.4709188Z C/C++: /home/runner/work/daddyboard/daddyboard/daddyboard-main/app/src/main/jni/src/dictionary/property/ngram_property.h:54:5: warning: definition of implicit copy constructor for 'NgramProperty' is deprecated because it has a user-declared copy assignment operator [-Wdeprecated-copy]
build	Build DaddyBoard (HeliBoard fork)	2026-09-30T15:43:17.4710808Z C/C++:    54 |     DISALLOW_ASSIGNMENT_OPERATOR(NgramProperty);
build	Build DaddyBoard (HeliBoard fork)	2026-09-30T15:43:17.4711297Z C/C++:       |     ^
build	Build DaddyBoard (HeliBoard fork)	2026-09-30T15:43:17.4712067Z C/C++: /home/runner/work/daddyboard/daddyboard/daddyboard-main/app/src/main/jni/src/defines.h:289:8: note: expanded from macro 'DISALLOW_ASSIGNMENT_OPERATOR'
build	Build DaddyBoard (HeliBoard fork)	2026-09-30T15:43:17.4712949Z C/C++:   289 |   void operator=(const TypeName&) = delete
build	Build DaddyBoard (HeliBoard fork)	2026-09-30T15:43:17.4713320Z C/C++:       |        ^
build	Build DaddyBoard (HeliBoard fork)	2026-09-30T15:43:17.4714381Z C/C++: /usr/local/lib/android/sdk/ndk/28.0.13004108/toolchains/llvm/prebuilt/linux-x86_64/sysroot/usr/include/c++/v1/__memory/allocator.h:173:24: note: in implicit copy constructor for 'latinime::NgramProperty' first required here
build	Build DaddyBoard (HeliBoard fork)	2026-09-30T15:43:17.4715579Z C/C++:   173 |     ::new ((void*)__p) _Up(std::forward<_Args>(__args)...);
build	Build DaddyBoard (HeliBoard fork)	2026-09-30T15:43:17.4715993Z C/C++:       |                        ^
build	Build DaddyBoard (HeliBoard fork)	2026-09-30T15:43:17.4717636Z C/C++: /usr/local/lib/android/sdk/ndk/28.0.13004108/toolchains/llvm/prebuilt/linux-x86_64/sysroot/usr/include/c++/v1/__memory/allocator_traits.h:320:9: note: in instantiation of function template specialization 'std::allocator<latinime::NgramProperty>::construct<latinime::NgramProperty, latinime::NgramProperty &>' requested here
build	Build DaddyBoard (HeliBoard fork)	2026-09-30T15:43:17.4719343Z C/C++:   320 |     __a.construct(__p, std::forward<_Args>(__args)...);
build	Build DaddyBoard (HeliBoard fork)	2026-09-30T15:43:17.4719756Z C/C++:       |         ^
build	Build DaddyBoard (HeliBoard fork)	2026-09-30T15:43:17.4721537Z C/C++: /usr/local/lib/android/sdk/ndk/28.0.13004108/toolchains/llvm/prebuilt/linux-x86_64/sysroot/usr/include/c++/v1/__memory/uninitialized_algorithms.h:551:31: note: in instantiation of function template specialization 'std::allocator_traits<std::allocator<latinime::NgramProperty>>::construct<latinime::NgramProperty, latinime::NgramProperty &, 0>' requested here
build	Build DaddyBoard (HeliBoard fork)	2026-09-30T15:43:17.4723666Z C/C++:   551 |     allocator_traits<_Alloc>::construct(__alloc, std::__to_address(__first2), *__first1);
build	Build DaddyBoard (HeliBoard fork)	2026-09-30T15:43:17.4724230Z C/C++:       |                               ^
build	Build DaddyBoard (HeliBoard fork)	2026-09-30T15:43:17.4726120Z C/C++: /usr/local/lib/android/sdk/ndk/28.0.13004108/toolchains/llvm/prebuilt/linux-x86_64/sysroot/usr/include/c++/v1/__memory/uninitialized_algorithms.h:594:33: note: in instantiation of function template specialization 'std::__uninitialized_allocator_copy_impl<std::allocator<latinime::NgramProperty>, latinime::NgramProperty *, latinime::NgramProperty *, latinime::NgramProperty *>' requested here
build	Build DaddyBoard (HeliBoard fork)	2026-09-30T15:43:17.4728096Z C/C++:   594 |   auto __result          = std::__uninitialized_allocator_copy_impl(
build	Build DaddyBoard (HeliBoard fork)	2026-09-30T15:43:17.4728563Z C/C++:       |                                 ^
build	Build DaddyBoard (HeliBoard fork)	2026-09-30T15:43:17.4730296Z C/C++: /usr/local/lib/android/sdk/ndk/28.0.13004108/toolchains/llvm/prebuilt/linux-x86_64/sysroot/usr/include/c++/v1/vector:1100:22: note: in instantiation of function template specialization 'std::__uninitialized_allocator_copy<std::allocator<latinime::NgramProperty>, latinime::NgramProperty *, latinime::NgramProperty *, latinime::NgramProperty *>' requested here
build	Build DaddyBoard (HeliBoard fork)	2026-09-30T15:43:17.4733222Z C/C++:  1100 |   __tx.__pos_ = std::__uninitialized_allocator_copy(__alloc(), __first, __last, __tx.__pos_);
build	Build DaddyBoard (HeliBoard fork)	2026-09-30T15:43:17.4734003Z C/C++:       |                      ^
build	Build DaddyBoard (HeliBoard fork)	2026-09-30T15:43:17.4736177Z C/C++: /usr/local/lib/android/sdk/ndk/28.0.13004108/toolchains/llvm/prebuilt/linux-x86_64/sysroot/usr/include/c++/v1/vector:761:7: note: in instantiation of function template specialization 'std::vector<latinime::NgramProperty>::__construct_at_end<latinime::NgramProperty *, latinime::NgramProperty *>' requested here
build	Build DaddyBoard (HeliBoard fork)	2026-09-30T15:43:17.4737815Z C/C++:   761 |       __construct_at_end(__first, __last, __n);
build	Build DaddyBoard (HeliBoard fork)	2026-09-30T15:43:17.4738187Z C/C++:       |       ^
build	Build DaddyBoard (HeliBoard fork)	2026-09-30T15:43:17.4739624Z C/C++: /usr/local/lib/android/sdk/ndk/28.0.13004108/toolchains/llvm/prebuilt/linux-x86_64/sysroot/usr/include/c++/v1/vector:1213:3: note: in instantiation of function template specialization 'std::vector<latinime::NgramProperty>::__init_with_size<latinime::NgramProperty *, latinime::NgramProperty *>' requested here
build	Build DaddyBoard (HeliBoard fork)	2026-09-30T15:43:17.4741543Z C/C++:  1213 |   __init_with_size(__x.__begin_, __x.__end_, __x.size());
build	Build DaddyBoard (HeliBoard fork)	2026-09-30T15:43:17.4741954Z C/C++:       |   ^
build	Build DaddyBoard (HeliBoard fork)	2026-09-30T15:43:17.4743039Z C/C++: /home/runner/work/daddyboard/daddyboard/daddyboard-main/app/src/main/jni/src/dictionary/property/word_property.h:39:15: note: in instantiation of member function 'std::vector<latinime::NgramProperty>::vector' requested here
build	Build DaddyBoard (HeliBoard fork)	2026-09-30T15:43:17.4744205Z C/C++:    39 |               mNgrams(ngrams) {}
build	Build DaddyBoard (HeliBoard fork)	2026-09-30T15:43:17.4744538Z C/C++:       |               ^
build	Build DaddyBoard (HeliBoard fork)	2026-09-30T15:43:17.4744825Z C/C++: 29 warnings generated.
build	Build DaddyBoard (HeliBoard fork)	2026-09-30T15:43:17.7877441Z C/C++: In file included from /home/runner/work/daddyboard/daddyboard/daddyboard-main/app/src/main/jni/com_android_inputmethod_latin_BinaryDictionaryUtils.cpp:27:
build	Build DaddyBoard (HeliBoard fork)	2026-09-30T15:43:17.7921812Z C/C++: In file included from /home/runner/work/daddyboard/daddyboard/daddyboard-main/app/src/main/jni/src/utils/jni_data_utils.h:26:
build	Build DaddyBoard (HeliBoard fork)	2026-09-30T15:43:17.7936662Z C/C++: In file included from /home/runner/work/daddyboard/daddyboard/daddyboard-main/app/src/main/jni/src/dictionary/property/word_property.h:23:
build	Build DaddyBoard (HeliBoard fork)	2026-09-30T15:43:17.7938235Z C/C++: In file included from /home/runner/work/daddyboard/daddyboard/daddyboard-main/app/src/main/jni/src/dictionary/property/ngram_property.h:23:
build	Build DaddyBoard (HeliBoard fork)	2026-09-30T15:43:17.7940404Z C/C++: /home/runner/work/daddyboard/daddyboard/daddyboard-main/app/src/main/jni/src/dictionary/property/historical_info.h:52:5: warning: definition of implicit copy constructor for 'HistoricalInfo' is deprecated because it has a user-declared copy assignment operator [-Wdeprecated-copy]
build	Build DaddyBoard (HeliBoard fork)	2026-09-30T15:43:17.7942246Z C/C++:    52 |     DISALLOW_ASSIGNMENT_OPERATOR(HistoricalInfo);
build	Build DaddyBoard (HeliBoard fork)	2026-09-30T15:43:17.7942790Z C/C++:       |     ^
build	Build DaddyBoard (HeliBoard fork)	2026-09-30T15:43:17.7944246Z C/C++: /home/runner/work/daddyboard/daddyboard/daddyboard-main/app/src/main/jni/src/defines.h:289:8: note: expanded from macro 'DISALLOW_ASSIGNMENT_OPERATOR'
build	Build DaddyBoard (HeliBoard fork)	2026-09-30T15:43:17.7945267Z C/C++:   289 |   void operator=(const TypeName&) = delete
build	Build DaddyBoard (HeliBoard fork)	2026-09-30T15:43:17.7945779Z C/C++:       |        ^
build	Build DaddyBoard (HeliBoard fork)	2026-09-30T15:43:17.7947005Z C/C++: /home/runner/work/daddyboard/daddyboard/daddyboard-main/app/src/main/jni/src/dictionary/property/ngram_property.h:33:42: note: in implicit copy constructor for 'latinime::HistoricalInfo' first required here
build	Build DaddyBoard (HeliBoard fork)	2026-09-30T15:43:17.7969183Z C/C++:    33 |               mProbability(probability), mHistoricalInfo(historicalInfo) {}
build	Build DaddyBoard (HeliBoard fork)	2026-09-30T15:43:17.7969939Z C/C++:       |                                          ^
build	Build DaddyBoard (HeliBoard fork)	2026-09-30T15:43:17.8887997Z C/C++: In file included from /home/runner/work/daddyboard/daddyboard/daddyboard-main/app/src/main/jni/com_android_inputmethod_latin_BinaryDictionaryUtils.cpp:27:
build	Build DaddyBoard (HeliBoard fork)	2026-09-30T15:43:17.8889320Z C/C++: In file included from /home/runner/work/daddyboard/daddyboard/daddyboard-main/app/src/main/jni/src/utils/jni_data_utils.h:26:
build	Build DaddyBoard (HeliBoard fork)	2026-09-30T15:43:17.8890477Z C/C++: In file included from /home/runner/work/daddyboard/daddyboard/daddyboard-main/app/src/main/jni/src/dictionary/property/word_property.h:24:
build	Build DaddyBoard (HeliBoard fork)	2026-09-30T15:43:17.8892590Z C/C++: /home/runner/work/daddyboard/daddyboard/daddyboard-main/app/src/main/jni/src/dictionary/property/unigram_property.h:126:5: warning: definition of implicit copy constructor for 'UnigramProperty' is deprecated because it has a user-declared copy assignment operator [-Wdeprecated-copy]
build	Build DaddyBoard (HeliBoard fork)	2026-09-30T15:43:17.8926838Z C/C++:   126 |     DISALLOW_ASSIGNMENT_OPERATOR(UnigramProperty);
build	Build DaddyBoard (HeliBoard fork)	2026-09-30T15:43:17.8927284Z C/C++:       |     ^
build	Build DaddyBoard (HeliBoard fork)	2026-09-30T15:43:17.8928064Z C/C++: /home/runner/work/daddyboard/daddyboard/daddyboard-main/app/src/main/jni/src/defines.h:289:8: note: expanded from macro 'DISALLOW_ASSIGNMENT_OPERATOR'
build	Build DaddyBoard (HeliBoard fork)	2026-09-30T15:43:17.8928963Z C/C++:   289 |   void operator=(const TypeName&) = delete
build	Build DaddyBoard (HeliBoard fork)	2026-09-30T15:43:17.8929344Z C/C++:       |        ^
build	Build DaddyBoard (HeliBoard fork)	2026-09-30T15:43:17.8930475Z C/C++: /home/runner/work/daddyboard/daddyboard/daddyboard-main/app/src/main/jni/src/dictionary/property/word_property.h:38:51: note: in implicit copy constructor for 'latinime::UnigramProperty' first required here
build	Build DaddyBoard (HeliBoard fork)	2026-09-30T15:43:17.8932311Z C/C++:    38 |             : mCodePoints(std::move(codePoints)), mUnigramProperty(unigramProperty),
build	Build DaddyBoard (HeliBoard fork)	2026-09-30T15:43:17.8932852Z C/C++:       |                                                   ^
build	Build DaddyBoard (HeliBoard fork)	2026-09-30T15:43:17.8933718Z C/C++: In file included from /home/runner/work/daddyboard/daddyboard/daddyboard-main/app/src/main/jni/com_android_inputmethod_latin_BinaryDictionaryUtils.cpp:27:
build	Build DaddyBoard (HeliBoard fork)	2026-09-30T15:43:17.8935195Z C/C++: /home/runner/work/daddyboard/daddyboard/daddyboard-main/app/src/main/jni/src/utils/jni_data_utils.h:52:27: warning: variable length arrays in C++ are a Clang extension [-Wvla-cxx-extension]
build	Build DaddyBoard (HeliBoard fork)	2026-09-30T15:43:17.8936221Z C/C++:    52 |             char keyChars[keyUtf8Length + 1];
build	Build DaddyBoard (HeliBoard fork)	2026-09-30T15:43:17.8936621Z C/C++:       |                           ^~~~~~~~~~~~~~~~~
build	Build DaddyBoard (HeliBoard fork)	2026-09-30T15:43:17.8937537Z C/C++: /home/runner/work/daddyboard/daddyboard/daddyboard-main/app/src/main/jni/src/utils/jni_data_utils.h:52:27: note: initializer of 'keyUtf8Length' is not a constant expression
build	Build DaddyBoard (HeliBoard fork)	2026-09-30T15:43:17.8938828Z C/C++: /home/runner/work/daddyboard/daddyboard/daddyboard-main/app/src/main/jni/src/utils/jni_data_utils.h:51:25: note: declared here
build	Build DaddyBoard (HeliBoard fork)	2026-09-30T15:43:17.8939688Z C/C++:    51 |             const jsize keyUtf8Length = env->GetStringUTFLength(keyString);
build	Build DaddyBoard (HeliBoard fork)	2026-09-30T15:43:17.8940181Z C/C++:       |                         ^
build	Build DaddyBoard (HeliBoard fork)	2026-09-30T15:43:17.8941361Z C/C++: /home/runner/work/daddyboard/daddyboard/daddyboard-main/app/src/main/jni/src/utils/jni_data_utils.h:62:29: warning: variable length arrays in C++ are a Clang extension [-Wvla-cxx-extension]
build	Build DaddyBoard (HeliBoard fork)	2026-09-30T15:43:17.8942402Z C/C++:    62 |             char valueChars[valueUtf8Length + 1];
build	Build DaddyBoard (HeliBoard fork)	2026-09-30T15:43:17.8942819Z C/C++:       |                             ^~~~~~~~~~~~~~~~~~~
build	Build DaddyBoard (HeliBoard fork)	2026-09-30T15:43:17.8943972Z C/C++: /home/runner/work/daddyboard/daddyboard/daddyboard-main/app/src/main/jni/src/utils/jni_data_utils.h:62:29: note: initializer of 'valueUtf8Length' is not a constant expression
build	Build DaddyBoard (HeliBoard fork)	2026-09-30T15:43:17.8945288Z C/C++: /home/runner/work/daddyboard/daddyboard/daddyboard-main/app/src/main/jni/src/utils/jni_data_utils.h:61:25: note: declared here
build	Build DaddyBoard (HeliBoard fork)	2026-09-30T15:43:17.8946381Z C/C++:    61 |             const jsize valueUtf8Length = env->GetStringUTFLength(valueString);
build	Build DaddyBoard (HeliBoard fork)	2026-09-30T15:43:17.8946890Z C/C++:       |                         ^
build	Build DaddyBoard (HeliBoard fork)	2026-09-30T15:43:17.8947839Z C/C++: /home/runner/work/daddyboard/daddyboard/daddyboard-main/app/src/main/jni/src/utils/jni_data_utils.h:77:29: warning: variable length arrays in C++ are a Clang extension [-Wvla-cxx-extension]
build	Build DaddyBoard (HeliBoard fork)	2026-09-30T15:43:17.8949557Z C/C++:    77 |         int outputCodePonts[codePointBufSize];
build	Build DaddyBoard (HeliBoard fork)	2026-09-30T15:43:17.8949974Z C/C++:       |                             ^~~~~~~~~~~~~~~~
build	Build DaddyBoard (HeliBoard fork)	2026-09-30T15:43:17.8951062Z C/C++: /home/runner/work/daddyboard/daddyboard/daddyboard-main/app/src/main/jni/src/utils/jni_data_utils.h:77:29: note: initializer of 'codePointBufSize' is not a constant expression
build	Build DaddyBoard (HeliBoard fork)	2026-09-30T15:43:17.8952370Z C/C++: /home/runner/work/daddyboard/daddyboard/daddyboard-main/app/src/main/jni/src/utils/jni_data_utils.h:76:19: note: declared here
build	Build DaddyBoard (HeliBoard fork)	2026-09-30T15:43:17.8953308Z C/C++:    76 |         const int codePointBufSize = std::min(maxLength, codePointCount);
build	Build DaddyBoard (HeliBoard fork)	2026-09-30T15:43:17.8953789Z C/C++:       |                   ^
build	Build DaddyBoard (HeliBoard fork)	2026-09-30T15:43:17.8954872Z C/C++: /home/runner/work/daddyboard/daddyboard/daddyboard-main/app/src/main/jni/com_android_inputmethod_latin_BinaryDictionaryUtils.cpp:36:24: warning: variable length arrays in C++ are a Clang extension [-Wvla-cxx-extension]
build	Build DaddyBoard (HeliBoard fork)	2026-09-30T15:43:17.8956115Z C/C++:    36 |     char filePathChars[filePathUtf8Length + 1];
build	Build DaddyBoard (HeliBoard fork)	2026-09-30T15:43:17.8956540Z C/C++:       |                        ^~~~~~~~~~~~~~~~~~~~~~
build	Build DaddyBoard (HeliBoard fork)	2026-09-30T15:43:17.8957630Z C/C++: /home/runner/work/daddyboard/daddyboard/daddyboard-main/app/src/main/jni/com_android_inputmethod_latin_BinaryDictionaryUtils.cpp:36:24: note: initializer of 'filePathUtf8Length' is not a constant expression
build	Build DaddyBoard (HeliBoard fork)	2026-09-30T15:43:17.8959225Z C/C++: /home/runner/work/daddyboard/daddyboard/daddyboard-main/app/src/main/jni/com_android_inputmethod_latin_BinaryDictionaryUtils.cpp:35:17: note: declared here
build	Build DaddyBoard (HeliBoard fork)	2026-09-30T15:43:17.8960465Z C/C++:    35 |     const jsize filePathUtf8Length = env->GetStringUTFLength(filePath);
build	Build DaddyBoard (HeliBoard fork)	2026-09-30T15:43:17.8961235Z C/C++:       |                 ^
build	Build DaddyBoard (HeliBoard fork)	2026-09-30T15:43:17.8962338Z C/C++: /home/runner/work/daddyboard/daddyboard/daddyboard-main/app/src/main/jni/com_android_inputmethod_latin_BinaryDictionaryUtils.cpp:41:22: warning: variable length arrays in C++ are a Clang extension [-Wvla-cxx-extension]
build	Build DaddyBoard (HeliBoard fork)	2026-09-30T15:43:17.8963512Z C/C++:    41 |     char localeChars[localeUtf8Length + 1];
build	Build DaddyBoard (HeliBoard fork)	2026-09-30T15:43:17.8963917Z C/C++:       |                      ^~~~~~~~~~~~~~~~~~~~
build	Build DaddyBoard (HeliBoard fork)	2026-09-30T15:43:17.8964995Z C/C++: /home/runner/work/daddyboard/daddyboard/daddyboard-main/app/src/main/jni/com_android_inputmethod_latin_BinaryDictionaryUtils.cpp:41:22: note: initializer of 'localeUtf8Length' is not a constant expression
build	Build DaddyBoard (HeliBoard fork)	2026-09-30T15:43:17.8966557Z C/C++: /home/runner/work/daddyboard/daddyboard/daddyboard-main/app/src/main/jni/com_android_inputmethod_latin_BinaryDictionaryUtils.cpp:40:17: note: declared here
build	Build DaddyBoard (HeliBoard fork)	2026-09-30T15:43:17.8967545Z C/C++:    40 |     const jsize localeUtf8Length = env->GetStringUTFLength(locale);
build	Build DaddyBoard (HeliBoard fork)	2026-09-30T15:43:17.8968009Z C/C++:       |                 ^
build	Build DaddyBoard (HeliBoard fork)	2026-09-30T15:43:17.8969081Z C/C++: /home/runner/work/daddyboard/daddyboard/daddyboard-main/app/src/main/jni/com_android_inputmethod_latin_BinaryDictionaryUtils.cpp:63:26: warning: variable length arrays in C++ are a Clang extension [-Wvla-cxx-extension]
build	Build DaddyBoard (HeliBoard fork)	2026-09-30T15:43:17.8970282Z C/C++:    63 |     int beforeCodePoints[beforeLength];
build	Build DaddyBoard (HeliBoard fork)	2026-09-30T15:43:17.8970668Z C/C++:       |                          ^~~~~~~~~~~~
build	Build DaddyBoard (HeliBoard fork)	2026-09-30T15:43:17.8972191Z C/C++: /home/runner/work/daddyboard/daddyboard/daddyboard-main/app/src/main/jni/com_android_inputmethod_latin_BinaryDictionaryUtils.cpp:63:26: note: read of non-const variable 'beforeLength' is not allowed in a constant expression
build	Build DaddyBoard (HeliBoard fork)	2026-09-30T15:43:17.8973865Z C/C++: /home/runner/work/daddyboard/daddyboard/daddyboard-main/app/src/main/jni/com_android_inputmethod_latin_BinaryDictionaryUtils.cpp:61:11: note: declared here
build	Build DaddyBoard (HeliBoard fork)	2026-09-30T15:43:17.8974833Z C/C++:    61 |     jsize beforeLength = env->GetArrayLength(before);
build	Build DaddyBoard (HeliBoard fork)	2026-09-30T15:43:17.8975232Z C/C++:       |           ^
build	Build DaddyBoard (HeliBoard fork)	2026-09-30T15:43:17.8976306Z C/C++: /home/runner/work/daddyboard/daddyboard/daddyboard-main/app/src/main/jni/com_android_inputmethod_latin_BinaryDictionaryUtils.cpp:64:25: warning: variable length arrays in C++ are a Clang extension [-Wvla-cxx-extension]
build	Build DaddyBoard (HeliBoard fork)	2026-09-30T15:43:17.8977443Z C/C++:    64 |     int afterCodePoints[afterLength];
build	Build DaddyBoard (HeliBoard fork)	2026-09-30T15:43:17.8977814Z C/C++:       |                         ^~~~~~~~~~~
build	Build DaddyBoard (HeliBoard fork)	2026-09-30T15:43:17.8978924Z C/C++: /home/runner/work/daddyboard/daddyboard/daddyboard-main/app/src/main/jni/com_android_inputmethod_latin_BinaryDictionaryUtils.cpp:64:25: note: read of non-const variable 'afterLength' is not allowed in a constant expression
build	Build DaddyBoard (HeliBoard fork)	2026-09-30T15:43:17.8980546Z C/C++: /home/runner/work/daddyboard/daddyboard/daddyboard-main/app/src/main/jni/com_android_inputmethod_latin_BinaryDictionaryUtils.cpp:62:11: note: declared here
build	Build DaddyBoard (HeliBoard fork)	2026-09-30T15:43:17.8981732Z C/C++:    62 |     jsize afterLength = env->GetArrayLength(after);
build	Build DaddyBoard (HeliBoard fork)	2026-09-30T15:43:17.8982130Z C/C++:       |           ^
build	Build DaddyBoard (HeliBoard fork)	2026-09-30T15:43:17.8982908Z C/C++: In file included from /home/runner/work/daddyboard/daddyboard/daddyboard-main/app/src/main/jni/com_android_inputmethod_latin_BinaryDictionaryUtils.cpp:27:
build	Build DaddyBoard (HeliBoard fork)	2026-09-30T15:43:17.8984087Z C/C++: In file included from /home/runner/work/daddyboard/daddyboard/daddyboard-main/app/src/main/jni/src/utils/jni_data_utils.h:25:
build	Build DaddyBoard (HeliBoard fork)	2026-09-30T15:43:17.8985207Z C/C++: In file included from /home/runner/work/daddyboard/daddyboard/daddyboard-main/app/src/main/jni/src/dictionary/property/ngram_context.h:23:
build	Build DaddyBoard (HeliBoard fork)	2026-09-30T15:43:17.8986952Z C/C++: /home/runner/work/daddyboard/daddyboard/daddyboard-main/app/src/main/jni/src/utils/int_array_view.h:160:5: warning: definition of implicit copy constructor for 'IntArrayView' is deprecated because it has a user-declared copy assignment operator [-Wdeprecated-copy]
build	Build DaddyBoard (HeliBoard fork)	2026-09-30T15:43:17.8988519Z C/C++:   160 |     DISALLOW_ASSIGNMENT_OPERATOR(IntArrayView);
build	Build DaddyBoard (HeliBoard fork)	2026-09-30T15:43:17.8988909Z C/C++:       |     ^
build	Build DaddyBoard (HeliBoard fork)	2026-09-30T15:43:17.8989636Z C/C++: /home/runner/work/daddyboard/daddyboard/daddyboard-main/app/src/main/jni/src/defines.h:289:8: note: expanded from macro 'DISALLOW_ASSIGNMENT_OPERATOR'
build	Build DaddyBoard (HeliBoard fork)	2026-09-30T15:43:17.8990488Z C/C++:   289 |   void operator=(const TypeName&) = delete
build	Build DaddyBoard (HeliBoard fork)	2026-09-30T15:43:17.8990852Z C/C++:       |        ^
build	Build DaddyBoard (HeliBoard fork)	2026-09-30T15:43:17.8992058Z C/C++: /usr/local/lib/android/sdk/ndk/28.0.13004108/toolchains/llvm/prebuilt/linux-x86_64/sysroot/usr/include/c++/v1/__memory/allocator.h:173:24: note: in implicit copy constructor for 'latinime::IntArrayView' first required here
build	Build DaddyBoard (HeliBoard fork)	2026-09-30T15:43:17.8993240Z C/C++:   173 |     ::new ((void*)__p) _Up(std::forward<_Args>(__args)...);
build	Build DaddyBoard (HeliBoard fork)	2026-09-30T15:43:17.8993655Z C/C++:       |                        ^
build	Build DaddyBoard (HeliBoard fork)	2026-09-30T15:43:17.8995149Z C/C++: /usr/local/lib/android/sdk/ndk/28.0.13004108/toolchains/llvm/prebuilt/linux-x86_64/sysroot/usr/include/c++/v1/__memory/allocator_traits.h:320:9: note: in instantiation of function template specialization 'std::allocator<latinime::IntArrayView>::construct<latinime::IntArrayView, latinime::IntArrayView>' requested here
build	Build DaddyBoard (HeliBoard fork)	2026-09-30T15:43:17.8996737Z C/C++:   320 |     __a.construct(__p, std::forward<_Args>(__args)...);
build	Build DaddyBoard (HeliBoard fork)	2026-09-30T15:43:17.8997146Z C/C++:       |         ^
build	Build DaddyBoard (HeliBoard fork)	2026-09-30T15:43:17.8998739Z C/C++: /usr/local/lib/android/sdk/ndk/28.0.13004108/toolchains/llvm/prebuilt/linux-x86_64/sysroot/usr/include/c++/v1/__memory/uninitialized_algorithms.h:639:33: note: in instantiation of function template specialization 'std::allocator_traits<std::allocator<latinime::IntArrayView>>::construct<latinime::IntArrayView, latinime::IntArrayView, 0>' requested here
build	Build DaddyBoard (HeliBoard fork)	2026-09-30T15:43:17.9000828Z C/C++:   639 |       allocator_traits<_Alloc>::construct(__alloc, __result, std::move(*__iter));
build	Build DaddyBoard (HeliBoard fork)	2026-09-30T15:43:17.9001565Z C/C++:       |                                 ^
build	Build DaddyBoard (HeliBoard fork)	2026-09-30T15:43:17.9002772Z C/C++: /usr/local/lib/android/sdk/ndk/28.0.13004108/toolchains/llvm/prebuilt/linux-x86_64/sysroot/usr/include/c++/v1/vector:1511:3: note: in instantiation of member function 'std::vector<latinime::IntArrayView>::__swap_out_circular_buffer' requested here
build	Build DaddyBoard (HeliBoard fork)	2026-09-30T15:43:17.9003997Z C/C++:  1511 |   __swap_out_circular_buffer(__v);
build	Build DaddyBoard (HeliBoard fork)	2026-09-30T15:43:17.9004343Z C/C++:       |   ^
build	Build DaddyBoard (HeliBoard fork)	2026-09-30T15:43:17.9005716Z C/C++: /usr/local/lib/android/sdk/ndk/28.0.13004108/toolchains/llvm/prebuilt/linux-x86_64/sysroot/usr/include/c++/v1/vector:1529:13: note: in instantiation of function template specialization 'std::vector<latinime::IntArrayView>::__emplace_back_slow_path<const int *const &, const unsigned long &>' requested here
build	Build DaddyBoard (HeliBoard fork)	2026-09-30T15:43:17.9007457Z C/C++:  1529 |     __end = __emplace_back_slow_path(std::forward<_Args>(__args)...);
build	Build DaddyBoard (HeliBoard fork)	2026-09-30T15:43:17.9007947Z C/C++:       |             ^
build	Build DaddyBoard (HeliBoard fork)	2026-09-30T15:43:17.9009242Z C/C++: /home/runner/work/daddyboard/daddyboard/daddyboard-main/app/src/main/jni/src/utils/int_array_view.h:142:20: note: in instantiation of function template specialization 'std::vector<latinime::IntArrayView>::emplace_back<const int *const &, const unsigned long &>' requested here
build	Build DaddyBoard (HeliBoard fork)	2026-09-30T15:43:17.9010674Z C/C++:   142 |             result.emplace_back(mPtr, mSize);
build	Build DaddyBoard (HeliBoard fork)	2026-09-30T15:43:17.9011394Z C/C++:       |                    ^
build	Build DaddyBoard (HeliBoard fork)	2026-09-30T15:43:17.9012226Z C/C++: In file included from /home/runner/work/daddyboard/daddyboard/daddyboard-main/app/src/main/jni/com_android_inputmethod_latin_BinaryDictionaryUtils.cpp:27:
build	Build DaddyBoard (HeliBoard fork)	2026-09-30T15:43:17.9013440Z C/C++: In file included from /home/runner/work/daddyboard/daddyboard/daddyboard-main/app/src/main/jni/src/utils/jni_data_utils.h:26:
build	Build DaddyBoard (HeliBoard fork)	2026-09-30T15:43:17.9014599Z C/C++: In file included from /home/runner/work/daddyboard/daddyboard/daddyboard-main/app/src/main/jni/src/dictionary/property/word_property.h:23:
build	Build DaddyBoard (HeliBoard fork)	2026-09-30T15:43:17.9016397Z C/C++: /home/runner/work/daddyboard/daddyboard/daddyboard-main/app/src/main/jni/src/dictionary/property/ngram_property.h:54:5: warning: definition of implicit copy constructor for 'NgramProperty' is deprecated because it has a user-declared copy assignment operator [-Wdeprecated-copy]
build	Build DaddyBoard (HeliBoard fork)	2026-09-30T15:43:17.9018106Z C/C++:    54 |     DISALLOW_ASSIGNMENT_OPERATOR(NgramProperty);
build	Build DaddyBoard (HeliBoard fork)	2026-09-30T15:43:17.9018499Z C/C++:       |     ^
build	Build DaddyBoard (HeliBoard fork)	2026-09-30T15:43:17.9019242Z C/C++: /home/runner/work/daddyboard/daddyboard/daddyboard-main/app/src/main/jni/src/defines.h:289:8: note: expanded from macro 'DISALLOW_ASSIGNMENT_OPERATOR'
build	Build DaddyBoard (HeliBoard fork)	2026-09-30T15:43:17.9020111Z C/C++:   289 |   void operator=(const TypeName&) = delete
build	Build DaddyBoard (HeliBoard fork)	2026-09-30T15:43:17.9020476Z C/C++:       |        ^
build	Build DaddyBoard (HeliBoard fork)	2026-09-30T15:43:17.9021716Z C/C++: /usr/local/lib/android/sdk/ndk/28.0.13004108/toolchains/llvm/prebuilt/linux-x86_64/sysroot/usr/include/c++/v1/__memory/allocator.h:173:24: note: in implicit copy constructor for 'latinime::NgramProperty' first required here
build	Build DaddyBoard (HeliBoard fork)	2026-09-30T15:43:17.9022907Z C/C++:   173 |     ::new ((void*)__p) _Up(std::forward<_Args>(__args)...);
build	Build DaddyBoard (HeliBoard fork)	2026-09-30T15:43:17.9023333Z C/C++:       |                        ^
build	Build DaddyBoard (HeliBoard fork)	2026-09-30T15:43:17.9024836Z C/C++: /usr/local/lib/android/sdk/ndk/28.0.13004108/toolchains/llvm/prebuilt/linux-x86_64/sysroot/usr/include/c++/v1/__memory/allocator_traits.h:320:9: note: in instantiation of function template specialization 'std::allocator<latinime::NgramProperty>::construct<latinime::NgramProperty, latinime::NgramProperty &>' requested here
build	Build DaddyBoard (HeliBoard fork)	2026-09-30T15:43:17.9026461Z C/C++:   320 |     __a.construct(__p, std::forward<_Args>(__args)...);
build	Build DaddyBoard (HeliBoard fork)	2026-09-30T15:43:17.9026883Z C/C++:       |         ^
build	Build DaddyBoard (HeliBoard fork)	2026-09-30T15:43:17.9028543Z C/C++: /usr/local/lib/android/sdk/ndk/28.0.13004108/toolchains/llvm/prebuilt/linux-x86_64/sysroot/usr/include/c++/v1/__memory/uninitialized_algorithms.h:551:31: note: in instantiation of function template specialization 'std::allocator_traits<std::allocator<latinime::NgramProperty>>::construct<latinime::NgramProperty, latinime::NgramProperty &, 0>' requested here
build	Build DaddyBoard (HeliBoard fork)	2026-09-30T15:43:17.9030811Z C/C++:   551 |     allocator_traits<_Alloc>::construct(__alloc, std::__to_address(__first2), *__first1);
build	Build DaddyBoard (HeliBoard fork)	2026-09-30T15:43:17.9031550Z C/C++:       |                               ^
build	Build DaddyBoard (HeliBoard fork)	2026-09-30T15:43:17.9033385Z C/C++: /usr/local/lib/android/sdk/ndk/28.0.13004108/toolchains/llvm/prebuilt/linux-x86_64/sysroot/usr/include/c++/v1/__memory/uninitialized_algorithms.h:594:33: note: in instantiation of function template specialization 'std::__uninitialized_allocator_copy_impl<std::allocator<latinime::NgramProperty>, latinime::NgramProperty *, latinime::NgramProperty *, latinime::NgramProperty *>' requested here
build	Build DaddyBoard (HeliBoard fork)	2026-09-30T15:43:17.9035348Z C/C++:   594 |   auto __result          = std::__uninitialized_allocator_copy_impl(
build	Build DaddyBoard (HeliBoard fork)	2026-09-30T15:43:17.9035826Z C/C++:       |                                 ^
build	Build DaddyBoard (HeliBoard fork)	2026-09-30T15:43:17.9037529Z C/C++: /usr/local/lib/android/sdk/ndk/28.0.13004108/toolchains/llvm/prebuilt/linux-x86_64/sysroot/usr/include/c++/v1/vector:1100:22: note: in instantiation of function template specialization 'std::__uninitialized_allocator_copy<std::allocator<latinime::NgramProperty>, latinime::NgramProperty *, latinime::NgramProperty *, latinime::NgramProperty *>' requested here
build	Build DaddyBoard (HeliBoard fork)	2026-09-30T15:43:17.9039436Z C/C++:  1100 |   __tx.__pos_ = std::__uninitialized_allocator_copy(__alloc(), __first, __last, __tx.__pos_);
build	Build DaddyBoard (HeliBoard fork)	2026-09-30T15:43:17.9039998Z C/C++:       |                      ^
build	Build DaddyBoard (HeliBoard fork)	2026-09-30T15:43:17.9041624Z C/C++: /usr/local/lib/android/sdk/ndk/28.0.13004108/toolchains/llvm/prebuilt/linux-x86_64/sysroot/usr/include/c++/v1/vector:761:7: note: in instantiation of function template specialization 'std::vector<latinime::NgramProperty>::__construct_at_end<latinime::NgramProperty *, latinime::NgramProperty *>' requested here
build	Build DaddyBoard (HeliBoard fork)	2026-09-30T15:43:17.9043184Z C/C++:   761 |       __construct_at_end(__first, __last, __n);
build	Build DaddyBoard (HeliBoard fork)	2026-09-30T15:43:17.9043559Z C/C++:       |       ^
build	Build DaddyBoard (HeliBoard fork)	2026-09-30T15:43:17.9044933Z C/C++: /usr/local/lib/android/sdk/ndk/28.0.13004108/toolchains/llvm/prebuilt/linux-x86_64/sysroot/usr/include/c++/v1/vector:1213:3: note: in instantiation of function template specialization 'std::vector<latinime::NgramProperty>::__init_with_size<latinime::NgramProperty *, latinime::NgramProperty *>' requested here
build	Build DaddyBoard (HeliBoard fork)	2026-09-30T15:43:17.9046693Z C/C++:  1213 |   __init_with_size(__x.__begin_, __x.__end_, __x.size());
build	Build DaddyBoard (HeliBoard fork)	2026-09-30T15:43:17.9047112Z C/C++:       |   ^
build	Build DaddyBoard (HeliBoard fork)	2026-09-30T15:43:17.9048176Z C/C++: /home/runner/work/daddyboard/daddyboard/daddyboard-main/app/src/main/jni/src/dictionary/property/word_property.h:39:15: note: in instantiation of member function 'std::vector<latinime::NgramProperty>::vector' requested here
build	Build DaddyBoard (HeliBoard fork)	2026-09-30T15:43:17.9049593Z C/C++:    39 |               mNgrams(ngrams) {}
build	Build DaddyBoard (HeliBoard fork)	2026-09-30T15:43:17.9049970Z C/C++:       |               ^
build	Build DaddyBoard (HeliBoard fork)	2026-09-30T15:43:17.9869964Z C/C++: 11 warnings generated.
build	Build DaddyBoard (HeliBoard fork)	2026-09-30T15:43:18.3876101Z C/C++: In file included from /home/runner/work/daddyboard/daddyboard/daddyboard-main/app/src/main/jni/com_android_inputmethod_latin_DicTraverseSession.cpp:25:
build	Build DaddyBoard (HeliBoard fork)	2026-09-30T15:43:18.3901915Z C/C++: In file included from /home/runner/work/daddyboard/daddyboard/daddyboard-main/app/src/main/jni/src/suggest/core/session/dic_traverse_session.h:23:
build	Build DaddyBoard (HeliBoard fork)	2026-09-30T15:43:18.3911095Z C/C++: In file included from /home/runner/work/daddyboard/daddyboard/daddyboard-main/app/src/main/jni/src/dictionary/utils/multi_bigram_map.h:24:
build	Build DaddyBoard (HeliBoard fork)	2026-09-30T15:43:18.3912700Z C/C++: In file included from /home/runner/work/daddyboard/daddyboard/daddyboard-main/app/src/main/jni/src/dictionary/interface/dictionary_structure_with_buffer_policy.h:23:
build	Build DaddyBoard (HeliBoard fork)	2026-09-30T15:43:18.3915011Z C/C++: /home/runner/work/daddyboard/daddyboard/daddyboard-main/app/src/main/jni/src/dictionary/property/historical_info.h:52:5: warning: definition of implicit copy constructor for 'HistoricalInfo' is deprecated because it has a user-declared copy assignment operator [-Wdeprecated-copy]
build	Build DaddyBoard (HeliBoard fork)	2026-09-30T15:43:18.3917013Z C/C++:    52 |     DISALLOW_ASSIGNMENT_OPERATOR(HistoricalInfo);
build	Build DaddyBoard (HeliBoard fork)	2026-09-30T15:43:18.3917538Z C/C++:       |     ^
build	Build DaddyBoard (HeliBoard fork)	2026-09-30T15:43:18.3918439Z C/C++: /home/runner/work/daddyboard/daddyboard/daddyboard-main/app/src/main/jni/src/defines.h:289:8: note: expanded from macro 'DISALLOW_ASSIGNMENT_OPERATOR'
build	Build DaddyBoard (HeliBoard fork)	2026-09-30T15:43:18.3919448Z C/C++:   289 |   void operator=(const TypeName&) = delete
build	Build DaddyBoard (HeliBoard fork)	2026-09-30T15:43:18.3919941Z C/C++:       |        ^
build	Build DaddyBoard (HeliBoard fork)	2026-09-30T15:43:18.3921234Z C/C++: /home/runner/work/daddyboard/daddyboard/daddyboard-main/app/src/main/jni/src/dictionary/property/ngram_property.h:33:42: note: in implicit copy constructor for 'latinime::HistoricalInfo' first required here
build	Build DaddyBoard (HeliBoard fork)	2026-09-30T15:43:18.3922587Z C/C++:    33 |               mProbability(probability), mHistoricalInfo(historicalInfo) {}
build	Build DaddyBoard (HeliBoard fork)	2026-09-30T15:43:18.3923229Z C/C++:       |                                          ^
build	Build DaddyBoard (HeliBoard fork)	2026-09-30T15:43:18.3924226Z C/C++: In file included from /home/runner/work/daddyboard/daddyboard/daddyboard-main/app/src/main/jni/com_android_inputmethod_latin_DicTraverseSession.cpp:25:
build	Build DaddyBoard (HeliBoard fork)	2026-09-30T15:43:18.3925674Z C/C++: In file included from /home/runner/work/daddyboard/daddyboard/daddyboard-main/app/src/main/jni/src/suggest/core/session/dic_traverse_session.h:23:
build	Build DaddyBoard (HeliBoard fork)	2026-09-30T15:43:18.3927074Z C/C++: In file included from /home/runner/work/daddyboard/daddyboard/daddyboard-main/app/src/main/jni/src/dictionary/utils/multi_bigram_map.h:24:
build	Build DaddyBoard (HeliBoard fork)	2026-09-30T15:43:18.3928566Z C/C++: In file included from /home/runner/work/daddyboard/daddyboard/daddyboard-main/app/src/main/jni/src/dictionary/interface/dictionary_structure_with_buffer_policy.h:25:
build	Build DaddyBoard (HeliBoard fork)	2026-09-30T15:43:18.3930049Z C/C++: In file included from /home/runner/work/daddyboard/daddyboard/daddyboard-main/app/src/main/jni/src/dictionary/property/word_property.h:24:
build	Build DaddyBoard (HeliBoard fork)	2026-09-30T15:43:18.3932153Z C/C++: /home/runner/work/daddyboard/daddyboard/daddyboard-main/app/src/main/jni/src/dictionary/property/unigram_property.h:126:5: warning: definition of implicit copy constructor for 'UnigramProperty' is deprecated because it has a user-declared copy assignment operator [-Wdeprecated-copy]
build	Build DaddyBoard (HeliBoard fork)	2026-09-30T15:43:18.3933798Z C/C++:   126 |     DISALLOW_ASSIGNMENT_OPERATOR(UnigramProperty);
build	Build DaddyBoard (HeliBoard fork)	2026-09-30T15:43:18.3934573Z C/C++:       |     ^
build	Build DaddyBoard (HeliBoard fork)	2026-09-30T15:43:18.3935461Z C/C++: /home/runner/work/daddyboard/daddyboard/daddyboard-main/app/src/main/jni/src/defines.h:289:8: note: expanded from macro 'DISALLOW_ASSIGNMENT_OPERATOR'
build	Build DaddyBoard (HeliBoard fork)	2026-09-30T15:43:18.3936473Z C/C++:   289 |   void operator=(const TypeName&) = delete
build	Build DaddyBoard (HeliBoard fork)	2026-09-30T15:43:18.3936973Z C/C++:       |        ^
build	Build DaddyBoard (HeliBoard fork)	2026-09-30T15:43:18.3938113Z C/C++: /home/runner/work/daddyboard/daddyboard/daddyboard-main/app/src/main/jni/src/dictionary/property/word_property.h:38:51: note: in implicit copy constructor for 'latinime::UnigramProperty' first required here
build	Build DaddyBoard (HeliBoard fork)	2026-09-30T15:43:18.3939510Z C/C++:    38 |             : mCodePoints(std::move(codePoints)), mUnigramProperty(unigramProperty),
build	Build DaddyBoard (HeliBoard fork)	2026-09-30T15:43:18.3940197Z C/C++:       |                                                   ^
build	Build DaddyBoard (HeliBoard fork)	2026-09-30T15:43:18.3941301Z C/C++: In file included from /home/runner/work/daddyboard/daddyboard/daddyboard-main/app/src/main/jni/com_android_inputmethod_latin_DicTraverseSession.cpp:25:
build	Build DaddyBoard (HeliBoard fork)	2026-09-30T15:43:18.3942788Z C/C++: In file included from /home/runner/work/daddyboard/daddyboard/daddyboard-main/app/src/main/jni/src/suggest/core/session/dic_traverse_session.h:23:
build	Build DaddyBoard (HeliBoard fork)	2026-09-30T15:43:18.3944166Z C/C++: In file included from /home/runner/work/daddyboard/daddyboard/daddyboard-main/app/src/main/jni/src/dictionary/utils/multi_bigram_map.h:27:
build	Build DaddyBoard (HeliBoard fork)	2026-09-30T15:43:18.3946111Z C/C++: /home/runner/work/daddyboard/daddyboard/daddyboard-main/app/src/main/jni/src/dictionary/utils/bloom_filter.h:47:5: warning: definition of implicit copy constructor for 'BloomFilter' is deprecated because it has a user-declared copy assignment operator [-Wdeprecated-copy]
build	Build DaddyBoard (HeliBoard fork)	2026-09-30T15:43:18.3947825Z C/C++:    47 |     DISALLOW_ASSIGNMENT_OPERATOR(BloomFilter);
build	Build DaddyBoard (HeliBoard fork)	2026-09-30T15:43:18.3948334Z C/C++:       |     ^
build	Build DaddyBoard (HeliBoard fork)	2026-09-30T15:43:18.3949262Z C/C++: /home/runner/work/daddyboard/daddyboard/daddyboard-main/app/src/main/jni/src/defines.h:289:8: note: expanded from macro 'DISALLOW_ASSIGNMENT_OPERATOR'
build	Build DaddyBoard (HeliBoard fork)	2026-09-30T15:43:18.3950269Z C/C++:   289 |   void operator=(const TypeName&) = delete
build	Build DaddyBoard (HeliBoard fork)	2026-09-30T15:43:18.3950751Z C/C++:       |        ^
build	Build DaddyBoard (HeliBoard fork)	2026-09-30T15:43:18.3951971Z C/C++: /home/runner/work/daddyboard/daddyboard/daddyboard-main/app/src/main/jni/src/dictionary/utils/multi_bigram_map.h:57:53: note: in implicit copy constructor for 'latinime::BloomFilter' first required here
build	Build DaddyBoard (HeliBoard fork)	2026-09-30T15:43:18.3953357Z C/C++:    57 |                 : mBigramMap(bigramMap.mBigramMap), mBloomFilter(bigramMap.mBloomFilter) {}
build	Build DaddyBoard (HeliBoard fork)	2026-09-30T15:43:18.3954064Z C/C++:       |                                                     ^
build	Build DaddyBoard (HeliBoard fork)	2026-09-30T15:43:18.3955054Z C/C++: In file included from /home/runner/work/daddyboard/daddyboard/daddyboard-main/app/src/main/jni/com_android_inputmethod_latin_DicTraverseSession.cpp:22:
build	Build DaddyBoard (HeliBoard fork)	2026-09-30T15:43:18.3956478Z C/C++: In file included from /home/runner/work/daddyboard/daddyboard/daddyboard-main/app/src/main/jni/src/dictionary/property/ngram_context.h:23:
build	Build DaddyBoard (HeliBoard fork)	2026-09-30T15:43:18.3958365Z C/C++: /home/runner/work/daddyboard/daddyboard/daddyboard-main/app/src/main/jni/src/utils/int_array_view.h:160:5: warning: definition of implicit copy constructor for 'IntArrayView' is deprecated because it has a user-declared copy assignment operator [-Wdeprecated-copy]
build	Build DaddyBoard (HeliBoard fork)	2026-09-30T15:43:18.3959860Z C/C++:   160 |     DISALLOW_ASSIGNMENT_OPERATOR(IntArrayView);
build	Build DaddyBoard (HeliBoard fork)	2026-09-30T15:43:18.3960369Z C/C++:       |     ^
build	Build DaddyBoard (HeliBoard fork)	2026-09-30T15:43:18.3961341Z C/C++: /home/runner/work/daddyboard/daddyboard/daddyboard-main/app/src/main/jni/src/defines.h:289:8: note: expanded from macro 'DISALLOW_ASSIGNMENT_OPERATOR'
build	Build DaddyBoard (HeliBoard fork)	2026-09-30T15:43:18.3962349Z C/C++:   289 |   void operator=(const TypeName&) = delete
build	Build DaddyBoard (HeliBoard fork)	2026-09-30T15:43:18.3962852Z C/C++:       |        ^
build	Build DaddyBoard (HeliBoard fork)	2026-09-30T15:43:18.3963942Z C/C++: /home/runner/work/daddyboard/daddyboard/daddyboard-main/app/src/main/jni/src/suggest/core/dicnode/dic_node.h:110:53: note: in implicit copy constructor for 'latinime::IntArrayView' first required here
build	Build DaddyBoard (HeliBoard fork)	2026-09-30T15:43:18.3965394Z C/C++:   110 |         mDicNodeProperties.init(rootPtNodeArrayPos, prevWordIds);
build	Build DaddyBoard (HeliBoard fork)	2026-09-30T15:43:18.3966023Z C/C++:       |                                                     ^
build	Build DaddyBoard (HeliBoard fork)	2026-09-30T15:43:18.3967300Z C/C++: /home/runner/work/daddyboard/daddyboard/daddyboard-main/app/src/main/jni/com_android_inputmethod_latin_DicTraverseSession.cpp:47:18: warning: variable length arrays in C++ are a Clang extension [-Wvla-cxx-extension]
build	Build DaddyBoard (HeliBoard fork)	2026-09-30T15:43:18.3968585Z C/C++:    47 |     int prevWord[previousWordLength];
build	Build DaddyBoard (HeliBoard fork)	2026-09-30T15:43:18.3969081Z C/C++:       |                  ^~~~~~~~~~~~~~~~~~
build	Build DaddyBoard (HeliBoard fork)	2026-09-30T15:43:18.3970458Z C/C++: /home/runner/work/daddyboard/daddyboard/daddyboard-main/app/src/main/jni/com_android_inputmethod_latin_DicTraverseSession.cpp:47:18: note: function parameter 'previousWordLength' with unknown value cannot be used in a constant expression
build	Build DaddyBoard (HeliBoard fork)	2026-09-30T15:43:18.3972461Z C/C++: /home/runner/work/daddyboard/daddyboard/daddyboard-main/app/src/main/jni/com_android_inputmethod_latin_DicTraverseSession.cpp:36:56: note: declared here
build	Build DaddyBoard (HeliBoard fork)	2026-09-30T15:43:18.3973613Z C/C++:    36 |         jlong dictionary, jintArray previousWord, jint previousWordLength) {
build	Build DaddyBoard (HeliBoard fork)	2026-09-30T15:43:18.3974281Z C/C++:       |                                                        ^
build	Build DaddyBoard (HeliBoard fork)	2026-09-30T15:43:18.4872143Z C/C++: In file included from /home/runner/work/daddyboard/daddyboard/daddyboard-main/app/src/main/jni/com_android_inputmethod_latin_DicTraverseSession.cpp:25:
build	Build DaddyBoard (HeliBoard fork)	2026-09-30T15:43:18.4877036Z C/C++: In file included from /home/runner/work/daddyboard/daddyboard/daddyboard-main/app/src/main/jni/src/suggest/core/session/dic_traverse_session.h:23:
build	Build DaddyBoard (HeliBoard fork)	2026-09-30T15:43:18.4885984Z C/C++: In file included from /home/runner/work/daddyboard/daddyboard/daddyboard-main/app/src/main/jni/src/dictionary/utils/multi_bigram_map.h:24:
build	Build DaddyBoard (HeliBoard fork)	2026-09-30T15:43:18.4888081Z C/C++: In file included from /home/runner/work/daddyboard/daddyboard/daddyboard-main/app/src/main/jni/src/dictionary/interface/dictionary_structure_with_buffer_policy.h:25:
build	Build DaddyBoard (HeliBoard fork)	2026-09-30T15:43:18.4900520Z C/C++: In file included from /home/runner/work/daddyboard/daddyboard/daddyboard-main/app/src/main/jni/src/dictionary/property/word_property.h:23:
build	Build DaddyBoard (HeliBoard fork)	2026-09-30T15:43:18.4902734Z C/C++: /home/runner/work/daddyboard/daddyboard/daddyboard-main/app/src/main/jni/src/dictionary/property/ngram_property.h:54:5: warning: definition of implicit copy constructor for 'NgramProperty' is deprecated because it has a user-declared copy assignment operator [-Wdeprecated-copy]
build	Build DaddyBoard (HeliBoard fork)	2026-09-30T15:43:18.4904340Z C/C++:    54 |     DISALLOW_ASSIGNMENT_OPERATOR(NgramProperty);
build	Build DaddyBoard (HeliBoard fork)	2026-09-30T15:43:18.4904900Z C/C++:       |     ^
build	Build DaddyBoard (HeliBoard fork)	2026-09-30T15:43:18.4905768Z C/C++: /home/runner/work/daddyboard/daddyboard/daddyboard-main/app/src/main/jni/src/defines.h:289:8: note: expanded from macro 'DISALLOW_ASSIGNMENT_OPERATOR'
build	Build DaddyBoard (HeliBoard fork)	2026-09-30T15:43:18.4906726Z C/C++:   289 |   void operator=(const TypeName&) = delete
build	Build DaddyBoard (HeliBoard fork)	2026-09-30T15:43:18.4907235Z C/C++:       |        ^
build	Build DaddyBoard (HeliBoard fork)	2026-09-30T15:43:18.4908415Z C/C++: /usr/local/lib/android/sdk/ndk/28.0.13004108/toolchains/llvm/prebuilt/linux-x86_64/sysroot/usr/include/c++/v1/__memory/allocator.h:173:24: note: in implicit copy constructor for 'latinime::NgramProperty' first required here
build	Build DaddyBoard (HeliBoard fork)	2026-09-30T15:43:18.4909761Z C/C++:   173 |     ::new ((void*)__p) _Up(std::forward<_Args>(__args)...);
build	Build DaddyBoard (HeliBoard fork)	2026-09-30T15:43:18.4910354Z C/C++:       |                        ^
build	Build DaddyBoard (HeliBoard fork)	2026-09-30T15:43:18.4912210Z C/C++: /usr/local/lib/android/sdk/ndk/28.0.13004108/toolchains/llvm/prebuilt/linux-x86_64/sysroot/usr/include/c++/v1/__memory/allocator_traits.h:320:9: note: in instantiation of function template specialization 'std::allocator<latinime::NgramProperty>::construct<latinime::NgramProperty, latinime::NgramProperty &>' requested here
build	Build DaddyBoard (HeliBoard fork)	2026-09-30T15:43:18.4914050Z C/C++:   320 |     __a.construct(__p, std::forward<_Args>(__args)...);
build	Build DaddyBoard (HeliBoard fork)	2026-09-30T15:43:18.4914667Z C/C++:       |         ^
build	Build DaddyBoard (HeliBoard fork)	2026-09-30T15:43:18.4916453Z C/C++: /usr/local/lib/android/sdk/ndk/28.0.13004108/toolchains/llvm/prebuilt/linux-x86_64/sysroot/usr/include/c++/v1/__memory/uninitialized_algorithms.h:551:31: note: in instantiation of function template specialization 'std::allocator_traits<std::allocator<latinime::NgramProperty>>::construct<latinime::NgramProperty, latinime::NgramProperty &, 0>' requested here
build	Build DaddyBoard (HeliBoard fork)	2026-09-30T15:43:18.4918898Z C/C++:   551 |     allocator_traits<_Alloc>::construct(__alloc, std::__to_address(__first2), *__first1);
build	Build DaddyBoard (HeliBoard fork)	2026-09-30T15:43:18.4920119Z C/C++:       |                               ^
build	Build DaddyBoard (HeliBoard fork)	2026-09-30T15:43:18.4922434Z C/C++: /usr/local/lib/android/sdk/ndk/28.0.13004108/toolchains/llvm/prebuilt/linux-x86_64/sysroot/usr/include/c++/v1/__memory/uninitialized_algorithms.h:594:33: note: in instantiation of function template specialization 'std::__uninitialized_allocator_copy_impl<std::allocator<latinime::NgramProperty>, latinime::NgramProperty *, latinime::NgramProperty *, latinime::NgramProperty *>' requested here
build	Build DaddyBoard (HeliBoard fork)	2026-09-30T15:43:18.4924771Z C/C++:   594 |   auto __result          = std::__uninitialized_allocator_copy_impl(
build	Build DaddyBoard (HeliBoard fork)	2026-09-30T15:43:18.4925442Z C/C++:       |                                 ^
build	Build DaddyBoard (HeliBoard fork)	2026-09-30T15:43:18.4927556Z C/C++: /usr/local/lib/android/sdk/ndk/28.0.13004108/toolchains/llvm/prebuilt/linux-x86_64/sysroot/usr/include/c++/v1/vector:1100:22: note: in instantiation of function template specialization 'std::__uninitialized_allocator_copy<std::allocator<latinime::NgramProperty>, latinime::NgramProperty *, latinime::NgramProperty *, latinime::NgramProperty *>' requested here
build	Build DaddyBoard (HeliBoard fork)	2026-09-30T15:43:18.4929822Z C/C++:  1100 |   __tx.__pos_ = std::__uninitialized_allocator_copy(__alloc(), __first, __last, __tx.__pos_);
build	Build DaddyBoard (HeliBoard fork)	2026-09-30T15:43:18.4930587Z C/C++:       |                      ^
build	Build DaddyBoard (HeliBoard fork)	2026-09-30T15:43:18.4932452Z C/C++: /usr/local/lib/android/sdk/ndk/28.0.13004108/toolchains/llvm/prebuilt/linux-x86_64/sysroot/usr/include/c++/v1/vector:761:7: note: in instantiation of function template specialization 'std::vector<latinime::NgramProperty>::__construct_at_end<latinime::NgramProperty *, latinime::NgramProperty *>' requested here
build	Build DaddyBoard (HeliBoard fork)	2026-09-30T15:43:18.4934464Z C/C++:   761 |       __construct_at_end(__first, __last, __n);
build	Build DaddyBoard (HeliBoard fork)	2026-09-30T15:43:18.4935032Z C/C++:       |       ^
build	Build DaddyBoard (HeliBoard fork)	2026-09-30T15:43:18.4936720Z C/C++: /usr/local/lib/android/sdk/ndk/28.0.13004108/toolchains/llvm/prebuilt/linux-x86_64/sysroot/usr/include/c++/v1/vector:1213:3: note: in instantiation of function template specialization 'std::vector<latinime::NgramProperty>::__init_with_size<latinime::NgramProperty *, latinime::NgramProperty *>' requested here
build	Build DaddyBoard (HeliBoard fork)	2026-09-30T15:43:18.4938579Z C/C++:  1213 |   __init_with_size(__x.__begin_, __x.__end_, __x.size());
build	Build DaddyBoard (HeliBoard fork)	2026-09-30T15:43:18.4939172Z C/C++:       |   ^
build	Build DaddyBoard (HeliBoard fork)	2026-09-30T15:43:18.4940486Z C/C++: /home/runner/work/daddyboard/daddyboard/daddyboard-main/app/src/main/jni/src/dictionary/property/word_property.h:39:15: note: in instantiation of member function 'std::vector<latinime::NgramProperty>::vector' requested here
build	Build DaddyBoard (HeliBoard fork)	2026-09-30T15:43:18.4942027Z C/C++:    39 |               mNgrams(ngrams) {}
build	Build DaddyBoard (HeliBoard fork)	2026-09-30T15:43:18.4942538Z C/C++:       |               ^
build	Build DaddyBoard (HeliBoard fork)	2026-09-30T15:43:18.8869586Z C/C++: 6 warnings generated.
build	Build DaddyBoard (HeliBoard fork)	2026-09-30T15:43:19.8876831Z C/C++: In file included from /home/runner/work/daddyboard/daddyboard/daddyboard-main/app/src/main/jni/src/dictionary/header/header_policy.cpp:17:
build	Build DaddyBoard (HeliBoard fork)	2026-09-30T15:43:19.8919810Z C/C++: In file included from /home/runner/work/daddyboard/daddyboard/daddyboard-main/app/src/main/jni/src/dictionary/header/header_policy.h:25:
build	Build DaddyBoard (HeliBoard fork)	2026-09-30T15:43:19.8932756Z C/C++: /home/runner/work/daddyboard/daddyboard/daddyboard-main/app/src/main/jni/src/dictionary/utils/entry_counters.h:44:5: warning: definition of implicit copy constructor for 'EntryCounts' is deprecated because it has a user-declared copy assignment operator [-Wdeprecated-copy]
build	Build DaddyBoard (HeliBoard fork)	2026-09-30T15:43:19.8946654Z C/C++:    44 |     DISALLOW_ASSIGNMENT_OPERATOR(EntryCounts);
build	Build DaddyBoard (HeliBoard fork)	2026-09-30T15:43:19.8947313Z C/C++:       |     ^
build	Build DaddyBoard (HeliBoard fork)	2026-09-30T15:43:19.8948284Z C/C++: /home/runner/work/daddyboard/daddyboard/daddyboard-main/app/src/main/jni/src/defines.h:289:8: note: expanded from macro 'DISALLOW_ASSIGNMENT_OPERATOR'
build	Build DaddyBoard (HeliBoard fork)	2026-09-30T15:43:19.8949682Z C/C++:   289 |   void operator=(const TypeName&) = delete
build	Build DaddyBoard (HeliBoard fork)	2026-09-30T15:43:19.8950251Z C/C++:       |        ^
build	Build DaddyBoard (HeliBoard fork)	2026-09-30T15:43:19.8951570Z C/C++: /home/runner/work/daddyboard/daddyboard/daddyboard-main/app/src/main/jni/src/dictionary/header/header_policy.h:92:15: note: in implicit copy constructor for 'latinime::EntryCounts' first required here
build	Build DaddyBoard (HeliBoard fork)	2026-09-30T15:43:19.8952897Z C/C++:    92 |               mNgramCounts(headerPolicy->mNgramCounts),
build	Build DaddyBoard (HeliBoard fork)	2026-09-30T15:43:19.8953500Z C/C++:       |               ^
build	Build DaddyBoard (HeliBoard fork)	2026-09-30T15:43:20.1891973Z C/C++: 1 warning generated.
build	Build DaddyBoard (HeliBoard fork)	2026-09-30T15:43:21.4869672Z C/C++: In file included from /home/runner/work/daddyboard/daddyboard/daddyboard-main/app/src/main/jni/src/dictionary/property/ngram_context.cpp:19:
build	Build DaddyBoard (HeliBoard fork)	2026-09-30T15:43:21.4871610Z C/C++: In file included from /home/runner/work/daddyboard/daddyboard/daddyboard-main/app/src/main/jni/src/dictionary/interface/dictionary_structure_with_buffer_policy.h:23:
build	Build DaddyBoard (HeliBoard fork)	2026-09-30T15:43:21.4874007Z C/C++: /home/runner/work/daddyboard/daddyboard/daddyboard-main/app/src/main/jni/src/dictionary/property/historical_info.h:52:5: warning: definition of implicit copy constructor for 'HistoricalInfo' is deprecated because it has a user-declared copy assignment operator [-Wdeprecated-copy]
build	Build DaddyBoard (HeliBoard fork)	2026-09-30T15:43:21.4875732Z C/C++:    52 |     DISALLOW_ASSIGNMENT_OPERATOR(HistoricalInfo);
build	Build DaddyBoard (HeliBoard fork)	2026-09-30T15:43:21.4876292Z C/C++:       |     ^
build	Build DaddyBoard (HeliBoard fork)	2026-09-30T15:43:21.4877207Z C/C++: /home/runner/work/daddyboard/daddyboard/daddyboard-main/app/src/main/jni/src/defines.h:289:8: note: expanded from macro 'DISALLOW_ASSIGNMENT_OPERATOR'
build	Build DaddyBoard (HeliBoard fork)	2026-09-30T15:43:21.4878251Z C/C++:   289 |   void operator=(const TypeName&) = delete
build	Build DaddyBoard (HeliBoard fork)	2026-09-30T15:43:21.4878772Z C/C++:       |        ^
build	Build DaddyBoard (HeliBoard fork)	2026-09-30T15:43:21.4880275Z C/C++: /home/runner/work/daddyboard/daddyboard/daddyboard-main/app/src/main/jni/src/dictionary/property/ngram_property.h:33:42: note: in implicit copy constructor for 'latinime::HistoricalInfo' first required here
build	Build DaddyBoard (HeliBoard fork)	2026-09-30T15:43:21.4881893Z C/C++:    33 |               mProbability(probability), mHistoricalInfo(historicalInfo) {}
build	Build DaddyBoard (HeliBoard fork)	2026-09-30T15:43:21.4882564Z C/C++:       |                                          ^
build	Build DaddyBoard (HeliBoard fork)	2026-09-30T15:43:21.4883539Z C/C++: In file included from /home/runner/work/daddyboard/daddyboard/daddyboard-main/app/src/main/jni/src/dictionary/property/ngram_context.cpp:19:
build	Build DaddyBoard (HeliBoard fork)	2026-09-30T15:43:21.4885055Z C/C++: In file included from /home/runner/work/daddyboard/daddyboard/daddyboard-main/app/src/main/jni/src/dictionary/interface/dictionary_structure_with_buffer_policy.h:25:
build	Build DaddyBoard (HeliBoard fork)	2026-09-30T15:43:21.4886576Z C/C++: In file included from /home/runner/work/daddyboard/daddyboard/daddyboard-main/app/src/main/jni/src/dictionary/property/word_property.h:24:
build	Build DaddyBoard (HeliBoard fork)	2026-09-30T15:43:21.4888599Z C/C++: /home/runner/work/daddyboard/daddyboard/daddyboard-main/app/src/main/jni/src/dictionary/property/unigram_property.h:126:5: warning: definition of implicit copy constructor for 'UnigramProperty' is deprecated because it has a user-declared copy assignment operator [-Wdeprecated-copy]
build	Build DaddyBoard (HeliBoard fork)	2026-09-30T15:43:21.4890295Z C/C++:   126 |     DISALLOW_ASSIGNMENT_OPERATOR(UnigramProperty);
build	Build DaddyBoard (HeliBoard fork)	2026-09-30T15:43:21.4890836Z C/C++:       |     ^
build	Build DaddyBoard (HeliBoard fork)	2026-09-30T15:43:21.4891845Z C/C++: /home/runner/work/daddyboard/daddyboard/daddyboard-main/app/src/main/jni/src/defines.h:289:8: note: expanded from macro 'DISALLOW_ASSIGNMENT_OPERATOR'
build	Build DaddyBoard (HeliBoard fork)	2026-09-30T15:43:21.4892871Z C/C++:   289 |   void operator=(const TypeName&) = delete
build	Build DaddyBoard (HeliBoard fork)	2026-09-30T15:43:21.4893391Z C/C++:       |        ^
build	Build DaddyBoard (HeliBoard fork)	2026-09-30T15:43:21.4894554Z C/C++: /home/runner/work/daddyboard/daddyboard/daddyboard-main/app/src/main/jni/src/dictionary/property/word_property.h:38:51: note: in implicit copy constructor for 'latinime::UnigramProperty' first required here
build	Build DaddyBoard (HeliBoard fork)	2026-09-30T15:43:21.4895968Z C/C++:    38 |             : mCodePoints(std::move(codePoints)), mUnigramProperty(unigramProperty),
build	Build DaddyBoard (HeliBoard fork)	2026-09-30T15:43:21.4896669Z C/C++:       |                                                   ^
build	Build DaddyBoard (HeliBoard fork)	2026-09-30T15:43:21.4897650Z C/C++: In file included from /home/runner/work/daddyboard/daddyboard/daddyboard-main/app/src/main/jni/src/dictionary/property/ngram_context.cpp:17:
build	Build DaddyBoard (HeliBoard fork)	2026-09-30T15:43:21.4899247Z C/C++: In file included from /home/runner/work/daddyboard/daddyboard/daddyboard-main/app/src/main/jni/src/dictionary/property/ngram_context.h:23:
build	Build DaddyBoard (HeliBoard fork)	2026-09-30T15:43:21.4901292Z C/C++: /home/runner/work/daddyboard/daddyboard/daddyboard-main/app/src/main/jni/src/utils/int_array_view.h:160:5: warning: definition of implicit copy constructor for 'IntArrayView' is deprecated because it has a user-declared copy assignment operator [-Wdeprecated-copy]
build	Build DaddyBoard (HeliBoard fork)	2026-09-30T15:43:21.4902858Z C/C++:   160 |     DISALLOW_ASSIGNMENT_OPERATOR(IntArrayView);
build	Build DaddyBoard (HeliBoard fork)	2026-09-30T15:43:21.4903434Z C/C++:       |     ^
build	Build DaddyBoard (HeliBoard fork)	2026-09-30T15:43:21.4904339Z C/C++: /home/runner/work/daddyboard/daddyboard/daddyboard-main/app/src/main/jni/src/defines.h:289:8: note: expanded from macro 'DISALLOW_ASSIGNMENT_OPERATOR'
build	Build DaddyBoard (HeliBoard fork)	2026-09-30T15:43:21.4905362Z C/C++:   289 |   void operator=(const TypeName&) = delete
build	Build DaddyBoard (HeliBoard fork)	2026-09-30T15:43:21.4905887Z C/C++:       |        ^
build	Build DaddyBoard (HeliBoard fork)	2026-09-30T15:43:21.4907055Z C/C++: /home/runner/work/daddyboard/daddyboard/daddyboard-main/app/src/main/jni/src/dictionary/property/ngram_context.cpp:106:55: note: in implicit copy constructor for 'latinime::IntArrayView' first required here
build	Build DaddyBoard (HeliBoard fork)	2026-09-30T15:43:21.4908471Z C/C++:   106 |     const int wordId = dictStructurePolicy->getWordId(codePointArrayView,
build	Build DaddyBoard (HeliBoard fork)	2026-09-30T15:43:21.4909180Z C/C++:       |                                                       ^
build	Build DaddyBoard (HeliBoard fork)	2026-09-30T15:43:21.5870225Z C/C++: In file included from /home/runner/work/daddyboard/daddyboard/daddyboard-main/app/src/main/jni/src/dictionary/property/ngram_context.cpp:19:
build	Build DaddyBoard (HeliBoard fork)	2026-09-30T15:43:21.5885117Z C/C++: In file included from /home/runner/work/daddyboard/daddyboard/daddyboard-main/app/src/main/jni/src/dictionary/interface/dictionary_structure_with_buffer_policy.h:25:
build	Build DaddyBoard (HeliBoard fork)	2026-09-30T15:43:21.5887089Z C/C++: In file included from /home/runner/work/daddyboard/daddyboard/daddyboard-main/app/src/main/jni/src/dictionary/property/word_property.h:23:
build	Build DaddyBoard (HeliBoard fork)	2026-09-30T15:43:21.5889192Z C/C++: /home/runner/work/daddyboard/daddyboard/daddyboard-main/app/src/main/jni/src/dictionary/property/ngram_property.h:54:5: warning: definition of implicit copy constructor for 'NgramProperty' is deprecated because it has a user-declared copy assignment operator [-Wdeprecated-copy]
build	Build DaddyBoard (HeliBoard fork)	2026-09-30T15:43:21.5891175Z C/C++:    54 |     DISALLOW_ASSIGNMENT_OPERATOR(NgramProperty);
build	Build DaddyBoard (HeliBoard fork)	2026-09-30T15:43:21.5891804Z C/C++:       |     ^
build	Build DaddyBoard (HeliBoard fork)	2026-09-30T15:43:21.5892746Z C/C++: /home/runner/work/daddyboard/daddyboard/daddyboard-main/app/src/main/jni/src/defines.h:289:8: note: expanded from macro 'DISALLOW_ASSIGNMENT_OPERATOR'
build	Build DaddyBoard (HeliBoard fork)	2026-09-30T15:43:21.5893785Z C/C++:   289 |   void operator=(const TypeName&) = delete
build	Build DaddyBoard (HeliBoard fork)	2026-09-30T15:43:21.5894335Z C/C++:       |        ^
build	Build DaddyBoard (HeliBoard fork)	2026-09-30T15:43:21.5895620Z C/C++: /usr/local/lib/android/sdk/ndk/28.0.13004108/toolchains/llvm/prebuilt/linux-x86_64/sysroot/usr/include/c++/v1/__memory/allocator.h:173:24: note: in implicit copy constructor for 'latinime::NgramProperty' first required here
build	Build DaddyBoard (HeliBoard fork)	2026-09-30T15:43:21.5897002Z C/C++:   173 |     ::new ((void*)__p) _Up(std::forward<_Args>(__args)...);
build	Build DaddyBoard (HeliBoard fork)	2026-09-30T15:43:21.5897593Z C/C++:       |                        ^
build	Build DaddyBoard (HeliBoard fork)	2026-09-30T15:43:21.5899343Z C/C++: /usr/local/lib/android/sdk/ndk/28.0.13004108/toolchains/llvm/prebuilt/linux-x86_64/sysroot/usr/include/c++/v1/__memory/allocator_traits.h:320:9: note: in instantiation of function template specialization 'std::allocator<latinime::NgramProperty>::construct<latinime::NgramProperty, latinime::NgramProperty &>' requested here
build	Build DaddyBoard (HeliBoard fork)	2026-09-30T15:43:21.5901313Z C/C++:   320 |     __a.construct(__p, std::forward<_Args>(__args)...);
build	Build DaddyBoard (HeliBoard fork)	2026-09-30T15:43:21.5901887Z C/C++:       |         ^
build	Build DaddyBoard (HeliBoard fork)	2026-09-30T15:43:21.5903695Z C/C++: /usr/local/lib/android/sdk/ndk/28.0.13004108/toolchains/llvm/prebuilt/linux-x86_64/sysroot/usr/include/c++/v1/__memory/uninitialized_algorithms.h:551:31: note: in instantiation of function template specialization 'std::allocator_traits<std::allocator<latinime::NgramProperty>>::construct<latinime::NgramProperty, latinime::NgramProperty &, 0>' requested here
build	Build DaddyBoard (HeliBoard fork)	2026-09-30T15:43:21.5905750Z C/C++:   551 |     allocator_traits<_Alloc>::construct(__alloc, std::__to_address(__first2), *__first1);
build	Build DaddyBoard (HeliBoard fork)	2026-09-30T15:43:21.5906292Z C/C++:       |                               ^
build	Build DaddyBoard (HeliBoard fork)	2026-09-30T15:43:21.5910104Z C/C++: /usr/local/lib/android/sdk/ndk/28.0.13004108/toolchains/llvm/prebuilt/linux-x86_64/sysroot/usr/include/c++/v1/__memory/uninitialized_algorithms.h:594:33: note: in instantiation of function template specialization 'std::__uninitialized_allocator_copy_impl<std::allocator<latinime::NgramProperty>, latinime::NgramProperty *, latinime::NgramProperty *, latinime::NgramProperty *>' requested here
build	Build DaddyBoard (HeliBoard fork)	2026-09-30T15:43:21.5912126Z C/C++:   594 |   auto __result          = std::__uninitialized_allocator_copy_impl(
build	Build DaddyBoard (HeliBoard fork)	2026-09-30T15:43:21.5912566Z C/C++:       |                                 ^
build	Build DaddyBoard (HeliBoard fork)	2026-09-30T15:43:21.5914149Z C/C++: /usr/local/lib/android/sdk/ndk/28.0.13004108/toolchains/llvm/prebuilt/linux-x86_64/sysroot/usr/include/c++/v1/vector:1100:22: note: in instantiation of function template specialization 'std::__uninitialized_allocator_copy<std::allocator<latinime::NgramProperty>, latinime::NgramProperty *, latinime::NgramProperty *, latinime::NgramProperty *>' requested here
build	Build DaddyBoard (HeliBoard fork)	2026-09-30T15:43:21.5915936Z C/C++:  1100 |   __tx.__pos_ = std::__uninitialized_allocator_copy(__alloc(), __first, __last, __tx.__pos_);
build	Build DaddyBoard (HeliBoard fork)	2026-09-30T15:43:21.5916465Z C/C++:       |                      ^
build	Build DaddyBoard (HeliBoard fork)	2026-09-30T15:43:21.5917846Z C/C++: /usr/local/lib/android/sdk/ndk/28.0.13004108/toolchains/llvm/prebuilt/linux-x86_64/sysroot/usr/include/c++/v1/vector:761:7: note: in instantiation of function template specialization 'std::vector<latinime::NgramProperty>::__construct_at_end<latinime::NgramProperty *, latinime::NgramProperty *>' requested here
build	Build DaddyBoard (HeliBoard fork)	2026-09-30T15:43:21.5919400Z C/C++:   761 |       __construct_at_end(__first, __last, __n);
build	Build DaddyBoard (HeliBoard fork)	2026-09-30T15:43:21.5919754Z C/C++:       |       ^
build	Build DaddyBoard (HeliBoard fork)	2026-09-30T15:43:21.5920643Z C/C++: /usr/local/lib/android/sdk/ndk/28.0.13004108/toolchains/llvm/prebuilt/linux-x86_64/sysroot/usr/include/c++/v1/vector:1213:3: note: in instantiation of function template specialization 'std::vector<latinime::NgramProperty>::__init_with_size<latinime::NgramProperty *, latinime::NgramProperty *>' requested here
build	Build DaddyBoard (HeliBoard fork)	2026-09-30T15:43:21.5921870Z C/C++:  1213 |   __init_with_size(__x.__begin_, __x.__end_, __x.size());
build	Build DaddyBoard (HeliBoard fork)	2026-09-30T15:43:21.5922146Z C/C++:       |   ^
build	Build DaddyBoard (HeliBoard fork)	2026-09-30T15:43:21.5922817Z C/C++: /home/runner/work/daddyboard/daddyboard/daddyboard-main/app/src/main/jni/src/dictionary/property/word_property.h:39:15: note: in instantiation of member function 'std::vector<latinime::NgramProperty>::vector' requested here
build	Build DaddyBoard (HeliBoard fork)	2026-09-30T15:43:21.5923507Z C/C++:    39 |               mNgrams(ngrams) {}
build	Build DaddyBoard (HeliBoard fork)	2026-09-30T15:43:21.5923727Z C/C++:       |               ^
build	Build DaddyBoard (HeliBoard fork)	2026-09-30T15:43:21.5923915Z C/C++: 4 warnings generated.
build	Build DaddyBoard (HeliBoard fork)	2026-09-30T15:43:21.9885798Z C/C++: In file included from /home/runner/work/daddyboard/daddyboard/daddyboard-main/app/src/main/jni/src/dictionary/structure/dictionary_structure_with_buffer_policy_factory.cpp:17:
build	Build DaddyBoard (HeliBoard fork)	2026-09-30T15:43:21.9887871Z C/C++: In file included from /home/runner/work/daddyboard/daddyboard/daddyboard-main/app/src/main/jni/src/dictionary/structure/dictionary_structure_with_buffer_policy_factory.h:24:
build	Build DaddyBoard (HeliBoard fork)	2026-09-30T15:43:21.9890293Z C/C++: In file included from /home/runner/work/daddyboard/daddyboard/daddyboard-main/app/src/main/jni/src/dictionary/interface/dictionary_structure_with_buffer_policy.h:23:
build	Build DaddyBoard (HeliBoard fork)	2026-09-30T15:43:21.9892659Z C/C++: /home/runner/work/daddyboard/daddyboard/daddyboard-main/app/src/main/jni/src/dictionary/property/historical_info.h:52:5: warning: definition of implicit copy constructor for 'HistoricalInfo' is deprecated because it has a user-declared copy assignment operator [-Wdeprecated-copy]
build	Build DaddyBoard (HeliBoard fork)	2026-09-30T15:43:21.9894268Z C/C++:    52 |     DISALLOW_ASSIGNMENT_OPERATOR(HistoricalInfo);
build	Build DaddyBoard (HeliBoard fork)	2026-09-30T15:43:21.9894825Z C/C++:       |     ^
build	Build DaddyBoard (HeliBoard fork)	2026-09-30T15:43:21.9895692Z C/C++: /home/runner/work/daddyboard/daddyboard/daddyboard-main/app/src/main/jni/src/defines.h:289:8: note: expanded from macro 'DISALLOW_ASSIGNMENT_OPERATOR'
build	Build DaddyBoard (HeliBoard fork)	2026-09-30T15:43:21.9897278Z C/C++:   289 |   void operator=(const TypeName&) = delete
build	Build DaddyBoard (HeliBoard fork)	2026-09-30T15:43:21.9897820Z C/C++:       |        ^
build	Build DaddyBoard (HeliBoard fork)	2026-09-30T15:43:21.9899031Z C/C++: /home/runner/work/daddyboard/daddyboard/daddyboard-main/app/src/main/jni/src/dictionary/property/ngram_property.h:33:42: note: in implicit copy constructor for 'latinime::HistoricalInfo' first required here
build	Build DaddyBoard (HeliBoard fork)	2026-09-30T15:43:21.9901028Z C/C++:    33 |               mProbability(probability), mHistoricalInfo(historicalInfo) {}
build	Build DaddyBoard (HeliBoard fork)	2026-09-30T15:43:21.9901701Z C/C++:       |                                          ^
build	Build DaddyBoard (HeliBoard fork)	2026-09-30T15:43:21.9902828Z C/C++: In file included from /home/runner/work/daddyboard/daddyboard/daddyboard-main/app/src/main/jni/src/dictionary/structure/dictionary_structure_with_buffer_policy_factory.cpp:17:
build	Build DaddyBoard (HeliBoard fork)	2026-09-30T15:43:21.9905128Z C/C++: In file included from /home/runner/work/daddyboard/daddyboard/daddyboard-main/app/src/main/jni/src/dictionary/structure/dictionary_structure_with_buffer_policy_factory.h:24:
build	Build DaddyBoard (HeliBoard fork)	2026-09-30T15:43:21.9906779Z C/C++: In file included from /home/runner/work/daddyboard/daddyboard/daddyboard-main/app/src/main/jni/src/dictionary/interface/dictionary_structure_with_buffer_policy.h:25:
build	Build DaddyBoard (HeliBoard fork)	2026-09-30T15:43:21.9908298Z C/C++: In file included from /home/runner/work/daddyboard/daddyboard/daddyboard-main/app/src/main/jni/src/dictionary/property/word_property.h:24:
build	Build DaddyBoard (HeliBoard fork)	2026-09-30T15:43:21.9910201Z C/C++: /home/runner/work/daddyboard/daddyboard/daddyboard-main/app/src/main/jni/src/dictionary/property/unigram_property.h:126:5: warning: definition of implicit copy constructor for 'UnigramProperty' is deprecated because it has a user-declared copy assignment operator [-Wdeprecated-copy]
build	Build DaddyBoard (HeliBoard fork)	2026-09-30T15:43:21.9912089Z C/C++:   126 |     DISALLOW_ASSIGNMENT_OPERATOR(UnigramProperty);
build	Build DaddyBoard (HeliBoard fork)	2026-09-30T15:43:21.9912592Z C/C++:       |     ^
build	Build DaddyBoard (HeliBoard fork)	2026-09-30T15:43:21.9913439Z C/C++: /home/runner/work/daddyboard/daddyboard/daddyboard-main/app/src/main/jni/src/defines.h:289:8: note: expanded from macro 'DISALLOW_ASSIGNMENT_OPERATOR'
build	Build DaddyBoard (HeliBoard fork)	2026-09-30T15:43:21.9914452Z C/C++:   289 |   void operator=(const TypeName&) = delete
build	Build DaddyBoard (HeliBoard fork)	2026-09-30T15:43:21.9914983Z C/C++:       |        ^
build	Build DaddyBoard (HeliBoard fork)	2026-09-30T15:43:21.9916110Z C/C++: /home/runner/work/daddyboard/daddyboard/daddyboard-main/app/src/main/jni/src/dictionary/property/word_property.h:38:51: note: in implicit copy constructor for 'latinime::UnigramProperty' first required here
build	Build DaddyBoard (HeliBoard fork)	2026-09-30T15:43:21.9917504Z C/C++:    38 |             : mCodePoints(std::move(codePoints)), mUnigramProperty(unigramProperty),
build	Build DaddyBoard (HeliBoard fork)	2026-09-30T15:43:21.9918168Z C/C++:       |                                                   ^
build	Build DaddyBoard (HeliBoard fork)	2026-09-30T15:43:22.0869996Z C/C++: In file included from /home/runner/work/daddyboard/daddyboard/daddyboard-main/app/src/main/jni/src/dictionary/structure/dictionary_structure_with_buffer_policy_factory.cpp:22:
build	Build DaddyBoard (HeliBoard fork)	2026-09-30T15:43:22.0902734Z C/C++: In file included from /home/runner/work/daddyboard/daddyboard/daddyboard-main/app/src/main/jni/src/dictionary/structure/backward/v402/ver4_dict_buffers.h:30:
build	Build DaddyBoard (HeliBoard fork)	2026-09-30T15:43:22.0925168Z C/C++: In file included from /home/runner/work/daddyboard/daddyboard/daddyboard-main/app/src/main/jni/src/dictionary/header/header_policy.h:25:
build	Build DaddyBoard (HeliBoard fork)	2026-09-30T15:43:22.0962504Z C/C++: /home/runner/work/daddyboard/daddyboard/daddyboard-main/app/src/main/jni/src/dictionary/utils/entry_counters.h:44:5: warning: definition of implicit copy constructor for 'EntryCounts' is deprecated because it has a user-declared copy assignment operator [-Wdeprecated-copy]
build	Build DaddyBoard (HeliBoard fork)	2026-09-30T15:43:22.0965535Z C/C++:    44 |     DISALLOW_ASSIGNMENT_OPERATOR(EntryCounts);
build	Build DaddyBoard (HeliBoard fork)	2026-09-30T15:43:22.0973473Z C/C++:       |     ^
build	Build DaddyBoard (HeliBoard fork)	2026-09-30T15:43:22.1001956Z C/C++: /home/runner/work/daddyboard/daddyboard/daddyboard-main/app/src/main/jni/src/defines.h:289:8: note: expanded from macro 'DISALLOW_ASSIGNMENT_OPERATOR'
build	Build DaddyBoard (HeliBoard fork)	2026-09-30T15:43:22.1029093Z C/C++:   289 |   void operator=(const TypeName&) = delete
build	Build DaddyBoard (HeliBoard fork)	2026-09-30T15:43:22.1051441Z C/C++:       |        ^
build	Build DaddyBoard (HeliBoard fork)	2026-09-30T15:43:22.1082221Z C/C++: /home/runner/work/daddyboard/daddyboard/daddyboard-main/app/src/main/jni/src/dictionary/header/header_policy.h:92:15: note: in implicit copy constructor for 'latinime::EntryCounts' first required here
build	Build DaddyBoard (HeliBoard fork)	2026-09-30T15:43:22.1111928Z C/C++:    92 |               mNgramCounts(headerPolicy->mNgramCounts),
build	Build DaddyBoard (HeliBoard fork)	2026-09-30T15:43:22.1115753Z C/C++:       |               ^
build	Build DaddyBoard (HeliBoard fork)	2026-09-30T15:43:22.1145327Z C/C++: In file included from /home/runner/work/daddyboard/daddyboard/daddyboard-main/app/src/main/jni/src/dictionary/structure/dictionary_structure_with_buffer_policy_factory.cpp:17:
build	Build DaddyBoard (HeliBoard fork)	2026-09-30T15:43:22.1172316Z C/C++: In file included from /home/runner/work/daddyboard/daddyboard/daddyboard-main/app/src/main/jni/src/dictionary/structure/dictionary_structure_with_buffer_policy_factory.h:25:
build	Build DaddyBoard (HeliBoard fork)	2026-09-30T15:43:22.1201895Z C/C++: In file included from /home/runner/work/daddyboard/daddyboard/daddyboard-main/app/src/main/jni/src/dictionary/utils/format_utils.h:23:
build	Build DaddyBoard (HeliBoard fork)	2026-09-30T15:43:22.1232463Z C/C++: /home/runner/work/daddyboard/daddyboard/daddyboard-main/app/src/main/jni/src/utils/byte_array_view.h:53:5: warning: definition of implicit copy constructor for 'ReadOnlyByteArrayView' is deprecated because it has a user-declared copy assignment operator [-Wdeprecated-copy]
build	Build DaddyBoard (HeliBoard fork)	2026-09-30T15:43:22.1234164Z C/C++:    53 |     DISALLOW_ASSIGNMENT_OPERATOR(ReadOnlyByteArrayView);
build	Build DaddyBoard (HeliBoard fork)	2026-09-30T15:43:22.1264155Z C/C++:       |     ^
build	Build DaddyBoard (HeliBoard fork)	2026-09-30T15:43:22.1291955Z C/C++: /home/runner/work/daddyboard/daddyboard/daddyboard-main/app/src/main/jni/src/defines.h:289:8: note: expanded from macro 'DISALLOW_ASSIGNMENT_OPERATOR'
build	Build DaddyBoard (HeliBoard fork)	2026-09-30T15:43:22.1300782Z C/C++:   289 |   void operator=(const TypeName&) = delete
build	Build DaddyBoard (HeliBoard fork)	2026-09-30T15:43:22.1313215Z C/C++:       |        ^
build	Build DaddyBoard (HeliBoard fork)	2026-09-30T15:43:22.1327715Z C/C++: /home/runner/work/daddyboard/daddyboard/daddyboard-main/app/src/main/jni/src/dictionary/structure/pt_common/shortcut/shortcut_list_reading_utils.h:52:75: note: in implicit copy constructor for 'latinime::ReadOnlyByteArrayView' first required here
build	Build DaddyBoard (HeliBoard fork)	2026-09-30T15:43:22.1351575Z C/C++:    52 |         const int shortcutListSize = getShortcutListSizeAndForwardPointer(buffer, pos);
build	Build DaddyBoard (HeliBoard fork)	2026-09-30T15:43:22.1352257Z C/C++:       |                                                                           ^
build	Build DaddyBoard (HeliBoard fork)	2026-09-30T15:43:22.1382067Z C/C++: In file included from /home/runner/work/daddyboard/daddyboard/daddyboard-main/app/src/main/jni/src/dictionary/structure/dictionary_structure_with_buffer_policy_factory.cpp:27:
build	Build DaddyBoard (HeliBoard fork)	2026-09-30T15:43:22.1396877Z C/C++: In file included from /home/runner/work/daddyboard/daddyboard/daddyboard-main/app/src/main/jni/src/dictionary/structure/v4/ver4_dict_buffers.h:25:
build	Build DaddyBoard (HeliBoard fork)	2026-09-30T15:43:22.1407314Z C/C++: In file included from /home/runner/work/daddyboard/daddyboard/daddyboard-main/app/src/main/jni/src/dictionary/structure/v4/content/language_model_dict_content.h:30:
build	Build DaddyBoard (HeliBoard fork)	2026-09-30T15:43:22.1412300Z C/C++: /home/runner/work/daddyboard/daddyboard/daddyboard-main/app/src/main/jni/src/dictionary/utils/trie_map.h:129:9: warning: definition of implicit copy constructor for 'TrieMapIterator' is deprecated because it has a user-declared copy assignment operator [-Wdeprecated-copy]
build	Build DaddyBoard (HeliBoard fork)	2026-09-30T15:43:22.1429847Z C/C++:   129 |         DISALLOW_ASSIGNMENT_OPERATOR(TrieMapIterator);
build	Build DaddyBoard (HeliBoard fork)	2026-09-30T15:43:22.1430504Z C/C++:       |         ^
build	Build DaddyBoard (HeliBoard fork)	2026-09-30T15:43:22.1431540Z C/C++: /home/runner/work/daddyboard/daddyboard/daddyboard-main/app/src/main/jni/src/defines.h:289:8: note: expanded from macro 'DISALLOW_ASSIGNMENT_OPERATOR'
build	Build DaddyBoard (HeliBoard fork)	2026-09-30T15:43:22.1432568Z C/C++:   289 |   void operator=(const TypeName&) = delete
build	Build DaddyBoard (HeliBoard fork)	2026-09-30T15:43:22.1433145Z C/C++:       |        ^
build	Build DaddyBoard (HeliBoard fork)	2026-09-30T15:43:22.1434732Z C/C++: /home/runner/work/daddyboard/daddyboard/daddyboard-main/app/src/main/jni/src/dictionary/structure/v4/content/language_model_dict_content.h:67:19: note: in implicit copy constructor for 'latinime::TrieMap::TrieMapIterator' first required here
build	Build DaddyBoard (HeliBoard fork)	2026-09-30T15:43:22.1436517Z C/C++:    67 |                 : mTrieMapIterator(trieMapIterator), mHasHistoricalInfo(hasHistoricalInfo) {}
build	Build DaddyBoard (HeliBoard fork)	2026-09-30T15:43:22.1437604Z C/C++:       |                   ^
build	Build DaddyBoard (HeliBoard fork)	2026-09-30T15:43:22.1438644Z C/C++: In file included from /home/runner/work/daddyboard/daddyboard/daddyboard-main/app/src/main/jni/src/dictionary/structure/dictionary_structure_with_buffer_policy_factory.cpp:27:
build	Build DaddyBoard (HeliBoard fork)	2026-09-30T15:43:22.1440190Z C/C++: In file included from /home/runner/work/daddyboard/daddyboard/daddyboard-main/app/src/main/jni/src/dictionary/structure/v4/ver4_dict_buffers.h:25:
build	Build DaddyBoard (HeliBoard fork)	2026-09-30T15:43:22.1441855Z C/C++: In file included from /home/runner/work/daddyboard/daddyboard/daddyboard-main/app/src/main/jni/src/dictionary/structure/v4/content/language_model_dict_content.h:30:
build	Build DaddyBoard (HeliBoard fork)	2026-09-30T15:43:22.1443887Z C/C++: /home/runner/work/daddyboard/daddyboard/daddyboard-main/app/src/main/jni/src/dictionary/utils/trie_map.h:158:9: warning: definition of implicit copy constructor for 'TrieMapRange' is deprecated because it has a user-declared copy assignment operator [-Wdeprecated-copy]
build	Build DaddyBoard (HeliBoard fork)	2026-09-30T15:43:22.1445455Z C/C++:   158 |         DISALLOW_ASSIGNMENT_OPERATOR(TrieMapRange);
build	Build DaddyBoard (HeliBoard fork)	2026-09-30T15:43:22.1445983Z C/C++:       |         ^
build	Build DaddyBoard (HeliBoard fork)	2026-09-30T15:43:22.1446868Z C/C++: /home/runner/work/daddyboard/daddyboard/daddyboard-main/app/src/main/jni/src/defines.h:289:8: note: expanded from macro 'DISALLOW_ASSIGNMENT_OPERATOR'
build	Build DaddyBoard (HeliBoard fork)	2026-09-30T15:43:22.1471470Z C/C++:   289 |   void operator=(const TypeName&) = delete
build	Build DaddyBoard (HeliBoard fork)	2026-09-30T15:43:22.1501376Z C/C++:       |        ^
build	Build DaddyBoard (HeliBoard fork)	2026-09-30T15:43:22.1512338Z C/C++: /home/runner/work/daddyboard/daddyboard/daddyboard-main/app/src/main/jni/src/dictionary/structure/v4/content/language_model_dict_content.h:96:19: note: in implicit copy constructor for 'latinime::TrieMap::TrieMapRange' first required here
build	Build DaddyBoard (HeliBoard fork)	2026-09-30T15:43:22.1541524Z C/C++:    96 |                 : mTrieMapRange(trieMapRange), mHasHistoricalInfo(hasHistoricalInfo) {}
build	Build DaddyBoard (HeliBoard fork)	2026-09-30T15:43:22.1571349Z C/C++:       |                   ^
build	Build DaddyBoard (HeliBoard fork)	2026-09-30T15:43:22.1582092Z C/C++: In file included from /home/runner/work/daddyboard/daddyboard/daddyboard-main/app/src/main/jni/src/dictionary/structure/dictionary_structure_with_buffer_policy_factory.cpp:17:
build	Build DaddyBoard (HeliBoard fork)	2026-09-30T15:43:22.1585508Z C/C++: In file included from /home/runner/work/daddyboard/daddyboard/daddyboard-main/app/src/main/jni/src/dictionary/structure/dictionary_structure_with_buffer_policy_factory.h:24:
build	Build DaddyBoard (HeliBoard fork)	2026-09-30T15:43:22.1612854Z C/C++: In file included from /home/runner/work/daddyboard/daddyboard/daddyboard-main/app/src/main/jni/src/dictionary/interface/dictionary_structure_with_buffer_policy.h:24:
build	Build DaddyBoard (HeliBoard fork)	2026-09-30T15:43:22.1642588Z C/C++: /home/runner/work/daddyboard/daddyboard/daddyboard-main/app/src/main/jni/src/dictionary/property/word_attributes.h:59:5: warning: definition of implicit copy constructor for 'WordAttributes' is deprecated because it has a user-declared copy assignment operator [-Wdeprecated-copy]
build	Build DaddyBoard (HeliBoard fork)	2026-09-30T15:43:22.1671465Z C/C++:    59 |     DISALLOW_ASSIGNMENT_OPERATOR(WordAttributes);
build	Build DaddyBoard (HeliBoard fork)	2026-09-30T15:43:22.1701319Z C/C++:       |     ^
build	Build DaddyBoard (HeliBoard fork)	2026-09-30T15:43:22.1702334Z C/C++: /home/runner/work/daddyboard/daddyboard/daddyboard-main/app/src/main/jni/src/defines.h:289:8: note: expanded from macro 'DISALLOW_ASSIGNMENT_OPERATOR'
build	Build DaddyBoard (HeliBoard fork)	2026-09-30T15:43:22.1731452Z C/C++:   289 |   void operator=(const TypeName&) = delete
build	Build DaddyBoard (HeliBoard fork)	2026-09-30T15:43:22.1761494Z C/C++:       |        ^
build	Build DaddyBoard (HeliBoard fork)	2026-09-30T15:43:22.1802321Z C/C++: /home/runner/work/daddyboard/daddyboard/daddyboard-main/app/src/main/jni/src/dictionary/structure/v4/content/language_model_dict_content.h:119:19: note: in implicit copy constructor for 'WordAttributes' first required here
build	Build DaddyBoard (HeliBoard fork)	2026-09-30T15:43:22.1816758Z C/C++:   119 |                   mWordAttributes(wordAttributes), mProbabilityEntry(probabilityEntry) {}
build	Build DaddyBoard (HeliBoard fork)	2026-09-30T15:43:22.1835222Z C/C++:       |                   ^
build	Build DaddyBoard (HeliBoard fork)	2026-09-30T15:43:22.1836449Z C/C++: /home/runner/work/daddyboard/daddyboard/daddyboard-main/app/src/main/jni/src/dictionary/structure/dictionary_structure_with_buffer_policy_factory.cpp:148:19: warning: variable length arrays in C++ are a Clang extension [-Wvla-cxx-extension]
build	Build DaddyBoard (HeliBoard fork)	2026-09-30T15:43:22.1838023Z C/C++:   148 |     char dictPath[dictDirPathBufSize];
build	Build DaddyBoard (HeliBoard fork)	2026-09-30T15:43:22.1838411Z C/C++:       |                   ^~~~~~~~~~~~~~~~~~
build	Build DaddyBoard (HeliBoard fork)	2026-09-30T15:43:22.1839520Z C/C++: /home/runner/work/daddyboard/daddyboard/daddyboard-main/app/src/main/jni/src/dictionary/structure/dictionary_structure_with_buffer_policy_factory.cpp:148:19: note: initializer of 'dictDirPathBufSize' is not a constant expression
build	Build DaddyBoard (HeliBoard fork)	2026-09-30T15:43:22.1841461Z C/C++: /home/runner/work/daddyboard/daddyboard/daddyboard-main/app/src/main/jni/src/dictionary/structure/dictionary_structure_with_buffer_policy_factory.cpp:147:15: note: declared here
build	Build DaddyBoard (HeliBoard fork)	2026-09-30T15:43:22.1842622Z C/C++:   147 |     const int dictDirPathBufSize = strlen(headerFilePath) + 1 /* terminator */;
build	Build DaddyBoard (HeliBoard fork)	2026-09-30T15:43:22.1871325Z C/C++:       |               ^
build	Build DaddyBoard (HeliBoard fork)	2026-09-30T15:43:22.1914465Z C/C++: /home/runner/work/daddyboard/daddyboard/daddyboard-main/app/src/main/jni/src/dictionary/structure/dictionary_structure_with_buffer_policy_factory.cpp:203:19: warning: variable length arrays in C++ are a Clang extension [-Wvla-cxx-extension]
build	Build DaddyBoard (HeliBoard fork)	2026-09-30T15:43:22.1931358Z C/C++:   203 |     char dictName[dictNameBufSize];
build	Build DaddyBoard (HeliBoard fork)	2026-09-30T15:43:22.1961372Z C/C++:       |                   ^~~~~~~~~~~~~~~
build	Build DaddyBoard (HeliBoard fork)	2026-09-30T15:43:22.1972249Z C/C++: /home/runner/work/daddyboard/daddyboard/daddyboard-main/app/src/main/jni/src/dictionary/structure/dictionary_structure_with_buffer_policy_factory.cpp:203:19: note: initializer of 'dictNameBufSize' is not a constant expression
build	Build DaddyBoard (HeliBoard fork)	2026-09-30T15:43:22.2001996Z C/C++: /home/runner/work/daddyboard/daddyboard/daddyboard-main/app/src/main/jni/src/dictionary/structure/dictionary_structure_with_buffer_policy_factory.cpp:202:15: note: declared here
build	Build DaddyBoard (HeliBoard fork)	2026-09-30T15:43:22.2029866Z C/C++:   202 |     const int dictNameBufSize = strlen(dictDirPath) + 1 /* terminator */;
build	Build DaddyBoard (HeliBoard fork)	2026-09-30T15:43:22.2051311Z C/C++:       |               ^
build	Build DaddyBoard (HeliBoard fork)	2026-09-30T15:43:22.2052334Z C/C++: In file included from /home/runner/work/daddyboard/daddyboard/daddyboard-main/app/src/main/jni/src/dictionary/structure/dictionary_structure_with_buffer_policy_factory.cpp:17:
build	Build DaddyBoard (HeliBoard fork)	2026-09-30T15:43:22.2061922Z C/C++: In file included from /home/runner/work/daddyboard/daddyboard/daddyboard-main/app/src/main/jni/src/dictionary/structure/dictionary_structure_with_buffer_policy_factory.h:24:
build	Build DaddyBoard (HeliBoard fork)	2026-09-30T15:43:22.2063437Z C/C++: In file included from /home/runner/work/daddyboard/daddyboard/daddyboard-main/app/src/main/jni/src/dictionary/interface/dictionary_structure_with_buffer_policy.h:25:
build	Build DaddyBoard (HeliBoard fork)	2026-09-30T15:43:22.2064730Z C/C++: In file included from /home/runner/work/daddyboard/daddyboard/daddyboard-main/app/src/main/jni/src/dictionary/property/word_property.h:23:
build	Build DaddyBoard (HeliBoard fork)	2026-09-30T15:43:22.2065942Z C/C++: In file included from /home/runner/work/daddyboard/daddyboard/daddyboard-main/app/src/main/jni/src/dictionary/property/ngram_property.h:24:
build	Build DaddyBoard (HeliBoard fork)	2026-09-30T15:43:22.2067130Z C/C++: In file included from /home/runner/work/daddyboard/daddyboard/daddyboard-main/app/src/main/jni/src/dictionary/property/ngram_context.h:23:
build	Build DaddyBoard (HeliBoard fork)	2026-09-30T15:43:22.2068846Z C/C++: /home/runner/work/daddyboard/daddyboard/daddyboard-main/app/src/main/jni/src/utils/int_array_view.h:160:5: warning: definition of implicit copy constructor for 'IntArrayView' is deprecated because it has a user-declared copy assignment operator [-Wdeprecated-copy]
build	Build DaddyBoard (HeliBoard fork)	2026-09-30T15:43:22.2070202Z C/C++:   160 |     DISALLOW_ASSIGNMENT_OPERATOR(IntArrayView);
build	Build DaddyBoard (HeliBoard fork)	2026-09-30T15:43:22.2070557Z C/C++:       |     ^
build	Build DaddyBoard (HeliBoard fork)	2026-09-30T15:43:22.2071401Z C/C++: /home/runner/work/daddyboard/daddyboard/daddyboard-main/app/src/main/jni/src/defines.h:289:8: note: expanded from macro 'DISALLOW_ASSIGNMENT_OPERATOR'
build	Build DaddyBoard (HeliBoard fork)	2026-09-30T15:43:22.2072235Z C/C++:   289 |   void operator=(const TypeName&) = delete
build	Build DaddyBoard (HeliBoard fork)	2026-09-30T15:43:22.2072595Z C/C++:       |        ^
build	Build DaddyBoard (HeliBoard fork)	2026-09-30T15:43:22.2073632Z C/C++: /usr/local/lib/android/sdk/ndk/28.0.13004108/toolchains/llvm/prebuilt/linux-x86_64/sysroot/usr/include/c++/v1/__memory/allocator.h:173:24: note: in implicit copy constructor for 'latinime::IntArrayView' first required here
build	Build DaddyBoard (HeliBoard fork)	2026-09-30T15:43:22.2075126Z C/C++:   173 |     ::new ((void*)__p) _Up(std::forward<_Args>(__args)...);
build	Build DaddyBoard (HeliBoard fork)	2026-09-30T15:43:22.2075551Z C/C++:       |                        ^
build	Build DaddyBoard (HeliBoard fork)	2026-09-30T15:43:22.2076981Z C/C++: /usr/local/lib/android/sdk/ndk/28.0.13004108/toolchains/llvm/prebuilt/linux-x86_64/sysroot/usr/include/c++/v1/__memory/allocator_traits.h:320:9: note: in instantiation of function template specialization 'std::allocator<latinime::IntArrayView>::construct<latinime::IntArrayView, latinime::IntArrayView>' requested here
build	Build DaddyBoard (HeliBoard fork)	2026-09-30T15:43:22.2078528Z C/C++:   320 |     __a.construct(__p, std::forward<_Args>(__args)...);
build	Build DaddyBoard (HeliBoard fork)	2026-09-30T15:43:22.2078930Z C/C++:       |         ^
build	Build DaddyBoard (HeliBoard fork)	2026-09-30T15:43:22.2080460Z C/C++: /usr/local/lib/android/sdk/ndk/28.0.13004108/toolchains/llvm/prebuilt/linux-x86_64/sysroot/usr/include/c++/v1/__memory/uninitialized_algorithms.h:639:33: note: in instantiation of function template specialization 'std::allocator_traits<std::allocator<latinime::IntArrayView>>::construct<latinime::IntArrayView, latinime::IntArrayView, 0>' requested here
build	Build DaddyBoard (HeliBoard fork)	2026-09-30T15:43:22.2111548Z C/C++:   639 |       allocator_traits<_Alloc>::construct(__alloc, __result, std::move(*__iter));
build	Build DaddyBoard (HeliBoard fork)	2026-09-30T15:43:22.2121326Z C/C++:       |                                 ^
build	Build DaddyBoard (HeliBoard fork)	2026-09-30T15:43:22.2141247Z C/C++: /usr/local/lib/android/sdk/ndk/28.0.13004108/toolchains/llvm/prebuilt/linux-x86_64/sysroot/usr/include/c++/v1/vector:1511:3: note: in instantiation of member function 'std::vector<latinime::IntArrayView>::__swap_out_circular_buffer' requested here
build	Build DaddyBoard (HeliBoard fork)	2026-09-30T15:43:22.2158554Z C/C++:  1511 |   __swap_out_circular_buffer(__v);
build	Build DaddyBoard (HeliBoard fork)	2026-09-30T15:43:22.2201330Z C/C++:       |   ^
build	Build DaddyBoard (HeliBoard fork)	2026-09-30T15:43:22.2203560Z C/C++: /usr/local/lib/android/sdk/ndk/28.0.13004108/toolchains/llvm/prebuilt/linux-x86_64/sysroot/usr/include/c++/v1/vector:1529:13: note: in instantiation of function template specialization 'std::vector<latinime::IntArrayView>::__emplace_back_slow_path<const int *const &, const unsigned long &>' requested here
build	Build DaddyBoard (HeliBoard fork)	2026-09-30T15:43:22.2205230Z C/C++:  1529 |     __end = __emplace_back_slow_path(std::forward<_Args>(__args)...);
build	Build DaddyBoard (HeliBoard fork)	2026-09-30T15:43:22.2205708Z C/C++:       |             ^
build	Build DaddyBoard (HeliBoard fork)	2026-09-30T15:43:22.2207059Z C/C++: /home/runner/work/daddyboard/daddyboard/daddyboard-main/app/src/main/jni/src/utils/int_array_view.h:142:20: note: in instantiation of function template specialization 'std::vector<latinime::IntArrayView>::emplace_back<const int *const &, const unsigned long &>' requested here
build	Build DaddyBoard (HeliBoard fork)	2026-09-30T15:43:22.2208482Z C/C++:   142 |             result.emplace_back(mPtr, mSize);
build	Build DaddyBoard (HeliBoard fork)	2026-09-30T15:43:22.2208881Z C/C++:       |                    ^
build	Build DaddyBoard (HeliBoard fork)	2026-09-30T15:43:22.2209871Z C/C++: In file included from /home/runner/work/daddyboard/daddyboard/daddyboard-main/app/src/main/jni/src/dictionary/structure/dictionary_structure_with_buffer_policy_factory.cpp:17:
build	Build DaddyBoard (HeliBoard fork)	2026-09-30T15:43:22.2231934Z C/C++: In file included from /home/runner/work/daddyboard/daddyboard/daddyboard-main/app/src/main/jni/src/dictionary/structure/dictionary_structure_with_buffer_policy_factory.h:24:
build	Build DaddyBoard (HeliBoard fork)	2026-09-30T15:43:22.2233572Z C/C++: In file included from /home/runner/work/daddyboard/daddyboard/daddyboard-main/app/src/main/jni/src/dictionary/interface/dictionary_structure_with_buffer_policy.h:25:
build	Build DaddyBoard (HeliBoard fork)	2026-09-30T15:43:22.2261902Z C/C++: In file included from /home/runner/work/daddyboard/daddyboard/daddyboard-main/app/src/main/jni/src/dictionary/property/word_property.h:23:
build	Build DaddyBoard (HeliBoard fork)	2026-09-30T15:43:22.2292542Z C/C++: /home/runner/work/daddyboard/daddyboard/daddyboard-main/app/src/main/jni/src/dictionary/property/ngram_property.h:54:5: warning: definition of implicit copy constructor for 'NgramProperty' is deprecated because it has a user-declared copy assignment operator [-Wdeprecated-copy]
build	Build DaddyBoard (HeliBoard fork)	2026-09-30T15:43:22.2303238Z C/C++:    54 |     DISALLOW_ASSIGNMENT_OPERATOR(NgramProperty);
build	Build DaddyBoard (HeliBoard fork)	2026-09-30T15:43:22.2303822Z C/C++:       |     ^
build	Build DaddyBoard (HeliBoard fork)	2026-09-30T15:43:22.2311188Z C/C++: /home/runner/work/daddyboard/daddyboard/daddyboard-main/app/src/main/jni/src/defines.h:289:8: note: expanded from macro 'DISALLOW_ASSIGNMENT_OPERATOR'
build	Build DaddyBoard (HeliBoard fork)	2026-09-30T15:43:22.2315048Z C/C++:   289 |   void operator=(const TypeName&) = delete
build	Build DaddyBoard (HeliBoard fork)	2026-09-30T15:43:22.2332338Z C/C++:       |        ^
build	Build DaddyBoard (HeliBoard fork)	2026-09-30T15:43:22.2333695Z C/C++: /usr/local/lib/android/sdk/ndk/28.0.13004108/toolchains/llvm/prebuilt/linux-x86_64/sysroot/usr/include/c++/v1/__memory/allocator.h:173:24: note: in implicit copy constructor for 'latinime::NgramProperty' first required here
build	Build DaddyBoard (HeliBoard fork)	2026-09-30T15:43:22.2334983Z C/C++:   173 |     ::new ((void*)__p) _Up(std::forward<_Args>(__args)...);
build	Build DaddyBoard (HeliBoard fork)	2026-09-30T15:43:22.2335533Z C/C++:       |                        ^
build	Build DaddyBoard (HeliBoard fork)	2026-09-30T15:43:22.2337112Z C/C++: /usr/local/lib/android/sdk/ndk/28.0.13004108/toolchains/llvm/prebuilt/linux-x86_64/sysroot/usr/include/c++/v1/__memory/allocator_traits.h:320:9: note: in instantiation of function template specialization 'std::allocator<latinime::NgramProperty>::construct<latinime::NgramProperty, latinime::NgramProperty &>' requested here
build	Build DaddyBoard (HeliBoard fork)	2026-09-30T15:43:22.2338846Z C/C++:   320 |     __a.construct(__p, std::forward<_Args>(__args)...);
build	Build DaddyBoard (HeliBoard fork)	2026-09-30T15:43:22.2339415Z C/C++:       |         ^
build	Build DaddyBoard (HeliBoard fork)	2026-09-30T15:43:22.2341370Z C/C++: /usr/local/lib/android/sdk/ndk/28.0.13004108/toolchains/llvm/prebuilt/linux-x86_64/sysroot/usr/include/c++/v1/__memory/uninitialized_algorithms.h:551:31: note: in instantiation of function template specialization 'std::allocator_traits<std::allocator<latinime::NgramProperty>>::construct<latinime::NgramProperty, latinime::NgramProperty &, 0>' requested here
build	Build DaddyBoard (HeliBoard fork)	2026-09-30T15:43:22.2343453Z C/C++:   551 |     allocator_traits<_Alloc>::construct(__alloc, std::__to_address(__first2), *__first1);
build	Build DaddyBoard (HeliBoard fork)	2026-09-30T15:43:22.2344112Z C/C++:       |                               ^
build	Build DaddyBoard (HeliBoard fork)	2026-09-30T15:43:22.2346281Z C/C++: /usr/local/lib/android/sdk/ndk/28.0.13004108/toolchains/llvm/prebuilt/linux-x86_64/sysroot/usr/include/c++/v1/__memory/uninitialized_algorithms.h:594:33: note: in instantiation of function template specialization 'std::__uninitialized_allocator_copy_impl<std::allocator<latinime::NgramProperty>, latinime::NgramProperty *, latinime::NgramProperty *, latinime::NgramProperty *>' requested here
build	Build DaddyBoard (HeliBoard fork)	2026-09-30T15:43:22.2348476Z C/C++:   594 |   auto __result          = std::__uninitialized_allocator_copy_impl(
build	Build DaddyBoard (HeliBoard fork)	2026-09-30T15:43:22.2349146Z C/C++:       |                                 ^
build	Build DaddyBoard (HeliBoard fork)	2026-09-30T15:43:22.2351120Z C/C++: /usr/local/lib/android/sdk/ndk/28.0.13004108/toolchains/llvm/prebuilt/linux-x86_64/sysroot/usr/include/c++/v1/vector:1100:22: note: in instantiation of function template specialization 'std::__uninitialized_allocator_copy<std::allocator<latinime::NgramProperty>, latinime::NgramProperty *, latinime::NgramProperty *, latinime::NgramProperty *>' requested here
build	Build DaddyBoard (HeliBoard fork)	2026-09-30T15:43:22.2353258Z C/C++:  1100 |   __tx.__pos_ = std::__uninitialized_allocator_copy(__alloc(), __first, __last, __tx.__pos_);
build	Build DaddyBoard (HeliBoard fork)	2026-09-30T15:43:22.2353990Z C/C++:       |                      ^
build	Build DaddyBoard (HeliBoard fork)	2026-09-30T15:43:22.2355582Z C/C++: /usr/local/lib/android/sdk/ndk/28.0.13004108/toolchains/llvm/prebuilt/linux-x86_64/sysroot/usr/include/c++/v1/vector:761:7: note: in instantiation of function template specialization 'std::vector<latinime::NgramProperty>::__construct_at_end<latinime::NgramProperty *, latinime::NgramProperty *>' requested here
build	Build DaddyBoard (HeliBoard fork)	2026-09-30T15:43:22.2357323Z C/C++:   761 |       __construct_at_end(__first, __last, __n);
build	Build DaddyBoard (HeliBoard fork)	2026-09-30T15:43:22.2357848Z C/C++:       |       ^
build	Build DaddyBoard (HeliBoard fork)	2026-09-30T15:43:22.2359525Z C/C++: /usr/local/lib/android/sdk/ndk/28.0.13004108/toolchains/llvm/prebuilt/linux-x86_64/sysroot/usr/include/c++/v1/vector:1213:3: note: in instantiation of function template specialization 'std::vector<latinime::NgramProperty>::__init_with_size<latinime::NgramProperty *, latinime::NgramProperty *>' requested here
build	Build DaddyBoard (HeliBoard fork)	2026-09-30T15:43:22.2361470Z C/C++:  1213 |   __init_with_size(__x.__begin_, __x.__end_, __x.size());
build	Build DaddyBoard (HeliBoard fork)	2026-09-30T15:43:22.2362041Z C/C++:       |   ^
build	Build DaddyBoard (HeliBoard fork)	2026-09-30T15:43:22.2363249Z C/C++: /home/runner/work/daddyboard/daddyboard/daddyboard-main/app/src/main/jni/src/dictionary/property/word_property.h:39:15: note: in instantiation of member function 'std::vector<latinime::NgramProperty>::vector' requested here
build	Build DaddyBoard (HeliBoard fork)	2026-09-30T15:43:22.2411398Z C/C++:    39 |               mNgrams(ngrams) {}
build	Build DaddyBoard (HeliBoard fork)	2026-09-30T15:43:22.2471346Z C/C++:       |               ^
build	Build DaddyBoard (HeliBoard fork)	2026-09-30T15:43:22.2512305Z C/C++: /home/runner/work/daddyboard/daddyboard/daddyboard-main/app/src/main/jni/src/dictionary/structure/dictionary_structure_with_buffer_policy_factory.cpp:148:19: warning: variable length arrays in C++ are a Clang extension [-Wvla-cxx-extension]
build	Build DaddyBoard (HeliBoard fork)	2026-09-30T15:43:22.2541502Z C/C++:   148 |     char dictPath[dictDirPathBufSize];
build	Build DaddyBoard (HeliBoard fork)	2026-09-30T15:43:22.2572680Z C/C++:       |                   ^~~~~~~~~~~~~~~~~~
build	Build DaddyBoard (HeliBoard fork)	2026-09-30T15:43:22.2603461Z C/C++: /home/runner/work/daddyboard/daddyboard/daddyboard-main/app/src/main/jni/src/dictionary/structure/dictionary_structure_with_buffer_policy_factory.cpp:122:20: note: in instantiation of function template specialization 'latinime::DictionaryStructureWithBufferPolicyFactory::newPolicyForV4Dict<latinime::backward::v402::Ver4DictConstants, latinime::backward::v402::Ver4DictBuffers, std::unique_ptr<latinime::backward::v402::Ver4DictBuffers>, latinime::backward::v402::Ver4PatriciaTriePolicy>' requested here
build	Build DaddyBoard (HeliBoard fork)	2026-09-30T15:43:22.2605934Z C/C++:   122 |             return newPolicyForV4Dict<backward::v402::Ver4DictConstants,
build	Build DaddyBoard (HeliBoard fork)	2026-09-30T15:43:22.2606373Z C/C++:       |                    ^
build	Build DaddyBoard (HeliBoard fork)	2026-09-30T15:43:22.2607395Z C/C++: /home/runner/work/daddyboard/daddyboard/daddyboard-main/app/src/main/jni/src/dictionary/structure/dictionary_structure_with_buffer_policy_factory.cpp:148:19: note: initializer of 'dictDirPathBufSize' is not a constant expression
build	Build DaddyBoard (HeliBoard fork)	2026-09-30T15:43:22.2608484Z C/C++:   148 |     char dictPath[dictDirPathBufSize];
build	Build DaddyBoard (HeliBoard fork)	2026-09-30T15:43:22.2609222Z C/C++:       |                   ^
build	Build DaddyBoard (HeliBoard fork)	2026-09-30T15:43:22.2610157Z C/C++: /home/runner/work/daddyboard/daddyboard/daddyboard-main/app/src/main/jni/src/dictionary/structure/dictionary_structure_with_buffer_policy_factory.cpp:147:15: note: declared here
build	Build DaddyBoard (HeliBoard fork)	2026-09-30T15:43:22.2613935Z C/C++:   147 |     const int dictDirPathBufSize = strlen(headerFilePath) + 1 /* terminator */;
build	Build DaddyBoard (HeliBoard fork)	2026-09-30T15:43:22.2614488Z C/C++:       |               ^
build	Build DaddyBoard (HeliBoard fork)	2026-09-30T15:43:22.2615671Z C/C++: /home/runner/work/daddyboard/daddyboard/daddyboard-main/app/src/main/jni/src/dictionary/structure/dictionary_structure_with_buffer_policy_factory.cpp:148:19: warning: variable length arrays in C++ are a Clang extension [-Wvla-cxx-extension]
build	Build DaddyBoard (HeliBoard fork)	2026-09-30T15:43:22.2617019Z C/C++:   148 |     char dictPath[dictDirPathBufSize];
build	Build DaddyBoard (HeliBoard fork)	2026-09-30T15:43:22.2617395Z C/C++:       |                   ^~~~~~~~~~~~~~~~~~
build	Build DaddyBoard (HeliBoard fork)	2026-09-30T15:43:22.2619471Z C/C++: /home/runner/work/daddyboard/daddyboard/daddyboard-main/app/src/main/jni/src/dictionary/structure/dictionary_structure_with_buffer_policy_factory.cpp:130:20: note: in instantiation of function template specialization 'latinime::DictionaryStructureWithBufferPolicyFactory::newPolicyForV4Dict<latinime::Ver4DictConstants, latinime::Ver4DictBuffers, std::unique_ptr<latinime::Ver4DictBuffers>, latinime::Ver4PatriciaTriePolicy>' requested here
build	Build DaddyBoard (HeliBoard fork)	2026-09-30T15:43:22.2644393Z C/C++:   130 |             return newPolicyForV4Dict<Ver4DictConstants, Ver4DictBuffers,
build	Build DaddyBoard (HeliBoard fork)	2026-09-30T15:43:22.2644931Z C/C++:       |                    ^
build	Build DaddyBoard (HeliBoard fork)	2026-09-30T15:43:22.2646100Z C/C++: /home/runner/work/daddyboard/daddyboard/daddyboard-main/app/src/main/jni/src/dictionary/structure/dictionary_structure_with_buffer_policy_factory.cpp:148:19: note: initializer of 'dictDirPathBufSize' is not a constant expression
build	Build DaddyBoard (HeliBoard fork)	2026-09-30T15:43:22.2647333Z C/C++:   148 |     char dictPath[dictDirPathBufSize];
build	Build DaddyBoard (HeliBoard fork)	2026-09-30T15:43:22.2647720Z C/C++:       |                   ^
build	Build DaddyBoard (HeliBoard fork)	2026-09-30T15:43:22.2648693Z C/C++: /home/runner/work/daddyboard/daddyboard/daddyboard-main/app/src/main/jni/src/dictionary/structure/dictionary_structure_with_buffer_policy_factory.cpp:147:15: note: declared here
build	Build DaddyBoard (HeliBoard fork)	2026-09-30T15:43:22.2649901Z C/C++:   147 |     const int dictDirPathBufSize = strlen(headerFilePath) + 1 /* terminator */;
build	Build DaddyBoard (HeliBoard fork)	2026-09-30T15:43:22.2650665Z C/C++:       |               ^
build	Build DaddyBoard (HeliBoard fork)	2026-09-30T15:43:22.3881832Z C/C++: 13 warnings generated.
build	Build DaddyBoard (HeliBoard fork)	2026-09-30T15:43:22.8872560Z C/C++: In file included from /home/runner/work/daddyboard/daddyboard/daddyboard-main/app/src/main/jni/src/dictionary/structure/pt_common/bigram/bigram_list_read_write_utils.cpp:17:
build	Build DaddyBoard (HeliBoard fork)	2026-09-30T15:43:22.8912310Z C/C++: In file included from /home/runner/work/daddyboard/daddyboard/daddyboard-main/app/src/main/jni/src/dictionary/structure/pt_common/bigram/bigram_list_read_write_utils.h:24:
build	Build DaddyBoard (HeliBoard fork)	2026-09-30T15:43:22.8942573Z C/C++: /home/runner/work/daddyboard/daddyboard/daddyboard-main/app/src/main/jni/src/utils/byte_array_view.h:53:5: warning: definition of implicit copy constructor for 'ReadOnlyByteArrayView' is deprecated because it has a user-declared copy assignment operator [-Wdeprecated-copy]
build	Build DaddyBoard (HeliBoard fork)	2026-09-30T15:43:22.8944261Z C/C++:    53 |     DISALLOW_ASSIGNMENT_OPERATOR(ReadOnlyByteArrayView);
build	Build DaddyBoard (HeliBoard fork)	2026-09-30T15:43:22.8946682Z C/C++:       |     ^
build	Build DaddyBoard (HeliBoard fork)	2026-09-30T15:43:22.8953832Z C/C++: /home/runner/work/daddyboard/daddyboard/daddyboard-main/app/src/main/jni/src/defines.h:289:8: note: expanded from macro 'DISALLOW_ASSIGNMENT_OPERATOR'
build	Build DaddyBoard (HeliBoard fork)	2026-09-30T15:43:22.8954780Z C/C++:   289 |   void operator=(const TypeName&) = delete
build	Build DaddyBoard (HeliBoard fork)	2026-09-30T15:43:22.8981318Z C/C++:       |        ^
build	Build DaddyBoard (HeliBoard fork)	2026-09-30T15:43:22.8995117Z C/C++: /home/runner/work/daddyboard/daddyboard/daddyboard-main/app/src/main/jni/src/dictionary/structure/pt_common/bigram/bigram_list_read_write_utils.cpp:54:62: note: in implicit copy constructor for 'latinime::ReadOnlyByteArrayView' first required here
build	Build DaddyBoard (HeliBoard fork)	2026-09-30T15:43:22.8996879Z C/C++:    54 |     const int targetPos = getBigramAddressAndAdvancePosition(buffer, bigramFlags, bigramEntryPos);
build	Build DaddyBoard (HeliBoard fork)	2026-09-30T15:43:22.8998201Z C/C++:       |                                                              ^
build	Build DaddyBoard (HeliBoard fork)	2026-09-30T15:43:22.9869501Z C/C++: 1 warning generated.
build	Build DaddyBoard (HeliBoard fork)	2026-09-30T15:43:23.6872013Z C/C++: In file included from /home/runner/work/daddyboard/daddyboard/daddyboard-main/app/src/main/jni/src/dictionary/structure/pt_common/dynamic_pt_gc_event_listeners.cpp:17:
build	Build DaddyBoard (HeliBoard fork)	2026-09-30T15:43:23.6875981Z C/C++: In file included from /home/runner/work/daddyboard/daddyboard/daddyboard-main/app/src/main/jni/src/dictionary/structure/pt_common/dynamic_pt_gc_event_listeners.h:23:
build	Build DaddyBoard (HeliBoard fork)	2026-09-30T15:43:23.6877663Z C/C++: In file included from /home/runner/work/daddyboard/daddyboard/daddyboard-main/app/src/main/jni/src/dictionary/structure/pt_common/dynamic_pt_reading_helper.h:24:
build	Build DaddyBoard (HeliBoard fork)	2026-09-30T15:43:23.6902344Z C/C++: In file included from /home/runner/work/daddyboard/daddyboard/daddyboard-main/app/src/main/jni/src/dictionary/structure/pt_common/pt_node_params.h:27:
build	Build DaddyBoard (HeliBoard fork)	2026-09-30T15:43:23.6912475Z C/C++: /home/runner/work/daddyboard/daddyboard/daddyboard-main/app/src/main/jni/src/utils/int_array_view.h:160:5: warning: definition of implicit copy constructor for 'IntArrayView' is deprecated because it has a user-declared copy assignment operator [-Wdeprecated-copy]
build	Build DaddyBoard (HeliBoard fork)	2026-09-30T15:43:23.6925351Z C/C++:   160 |     DISALLOW_ASSIGNMENT_OPERATOR(IntArrayView);
build	Build DaddyBoard (HeliBoard fork)	2026-09-30T15:43:23.6925982Z C/C++:       |     ^
build	Build DaddyBoard (HeliBoard fork)	2026-09-30T15:43:23.6926924Z C/C++: /home/runner/work/daddyboard/daddyboard/daddyboard-main/app/src/main/jni/src/defines.h:289:8: note: expanded from macro 'DISALLOW_ASSIGNMENT_OPERATOR'
build	Build DaddyBoard (HeliBoard fork)	2026-09-30T15:43:23.6927990Z C/C++:   289 |   void operator=(const TypeName&) = delete
build	Build DaddyBoard (HeliBoard fork)	2026-09-30T15:43:23.6928533Z C/C++:       |        ^
build	Build DaddyBoard (HeliBoard fork)	2026-09-30T15:43:23.6929760Z C/C++: /usr/local/lib/android/sdk/ndk/28.0.13004108/toolchains/llvm/prebuilt/linux-x86_64/sysroot/usr/include/c++/v1/__memory/allocator.h:173:24: note: in implicit copy constructor for 'latinime::IntArrayView' first required here
build	Build DaddyBoard (HeliBoard fork)	2026-09-30T15:43:23.6931227Z C/C++:   173 |     ::new ((void*)__p) _Up(std::forward<_Args>(__args)...);
build	Build DaddyBoard (HeliBoard fork)	2026-09-30T15:43:23.6931808Z C/C++:       |                        ^
build	Build DaddyBoard (HeliBoard fork)	2026-09-30T15:43:23.6958911Z C/C++: /usr/local/lib/android/sdk/ndk/28.0.13004108/toolchains/llvm/prebuilt/linux-x86_64/sysroot/usr/include/c++/v1/__memory/allocator_traits.h:320:9: note: in instantiation of function template specialization 'std::allocator<latinime::IntArrayView>::construct<latinime::IntArrayView, latinime::IntArrayView>' requested here
build	Build DaddyBoard (HeliBoard fork)	2026-09-30T15:43:23.6986816Z C/C++:   320 |     __a.construct(__p, std::forward<_Args>(__args)...);
build	Build DaddyBoard (HeliBoard fork)	2026-09-30T15:43:23.6989922Z C/C++:       |         ^
build	Build DaddyBoard (HeliBoard fork)	2026-09-30T15:43:23.6991803Z C/C++: /usr/local/lib/android/sdk/ndk/28.0.13004108/toolchains/llvm/prebuilt/linux-x86_64/sysroot/usr/include/c++/v1/__memory/uninitialized_algorithms.h:639:33: note: in instantiation of function template specialization 'std::allocator_traits<std::allocator<latinime::IntArrayView>>::construct<latinime::IntArrayView, latinime::IntArrayView, 0>' requested here
build	Build DaddyBoard (HeliBoard fork)	2026-09-30T15:43:23.6993746Z C/C++:   639 |       allocator_traits<_Alloc>::construct(__alloc, __result, std::move(*__iter));
build	Build DaddyBoard (HeliBoard fork)	2026-09-30T15:43:23.6994463Z C/C++:       |                                 ^
build	Build DaddyBoard (HeliBoard fork)	2026-09-30T15:43:23.6995801Z C/C++: /usr/local/lib/android/sdk/ndk/28.0.13004108/toolchains/llvm/prebuilt/linux-x86_64/sysroot/usr/include/c++/v1/vector:1511:3: note: in instantiation of member function 'std::vector<latinime::IntArrayView>::__swap_out_circular_buffer' requested here
build	Build DaddyBoard (HeliBoard fork)	2026-09-30T15:43:23.6997450Z C/C++:  1511 |   __swap_out_circular_buffer(__v);
build	Build DaddyBoard (HeliBoard fork)	2026-09-30T15:43:23.6997940Z C/C++:       |   ^
build	Build DaddyBoard (HeliBoard fork)	2026-09-30T15:43:23.6999443Z C/C++: /usr/local/lib/android/sdk/ndk/28.0.13004108/toolchains/llvm/prebuilt/linux-x86_64/sysroot/usr/include/c++/v1/vector:1529:13: note: in instantiation of function template specialization 'std::vector<latinime::IntArrayView>::__emplace_back_slow_path<const int *const &, const unsigned long &>' requested here
build	Build DaddyBoard (HeliBoard fork)	2026-09-30T15:43:23.7001222Z C/C++:  1529 |     __end = __emplace_back_slow_path(std::forward<_Args>(__args)...);
build	Build DaddyBoard (HeliBoard fork)	2026-09-30T15:43:23.7002081Z C/C++:       |             ^
build	Build DaddyBoard (HeliBoard fork)	2026-09-30T15:43:23.7003442Z C/C++: /home/runner/work/daddyboard/daddyboard/daddyboard-main/app/src/main/jni/src/utils/int_array_view.h:142:20: note: in instantiation of function template specialization 'std::vector<latinime::IntArrayView>::emplace_back<const int *const &, const unsigned long &>' requested here
build	Build DaddyBoard (HeliBoard fork)	2026-09-30T15:43:23.7008144Z C/C++:   142 |             result.emplace_back(mPtr, mSize);
build	Build DaddyBoard (HeliBoard fork)	2026-09-30T15:43:23.7008696Z C/C++:       |                    ^
build	Build DaddyBoard (HeliBoard fork)	2026-09-30T15:43:23.7869421Z C/C++: 1 warning generated.
build	Build DaddyBoard (HeliBoard fork)	2026-09-30T15:43:24.1894458Z C/C++: /home/runner/work/daddyboard/daddyboard/daddyboard-main/app/src/main/jni/src/dictionary/structure/pt_common/dynamic_pt_reading_helper.cpp:182:27: warning: variable length arrays in C++ are a Clang extension [-Wvla-cxx-extension]
build	Build DaddyBoard (HeliBoard fork)	2026-09-30T15:43:24.1895873Z C/C++:   182 |     int reverseCodePoints[maxCodePointCount];
build	Build DaddyBoard (HeliBoard fork)	2026-09-30T15:43:24.1896319Z C/C++:       |                           ^~~~~~~~~~~~~~~~~
build	Build DaddyBoard (HeliBoard fork)	2026-09-30T15:43:24.1897557Z C/C++: /home/runner/work/daddyboard/daddyboard/daddyboard-main/app/src/main/jni/src/dictionary/structure/pt_common/dynamic_pt_reading_helper.cpp:182:27: note: function parameter 'maxCodePointCount' with unknown value cannot be used in a constant expression
build	Build DaddyBoard (HeliBoard fork)	2026-09-30T15:43:24.1899394Z C/C++: /home/runner/work/daddyboard/daddyboard/daddyboard-main/app/src/main/jni/src/dictionary/structure/pt_common/dynamic_pt_reading_helper.cpp:178:76: note: declared here
build	Build DaddyBoard (HeliBoard fork)	2026-09-30T15:43:24.1900599Z C/C++:   178 | int DynamicPtReadingHelper::getCodePointsAndReturnCodePointCount(const int maxCodePointCount,
build	Build DaddyBoard (HeliBoard fork)	2026-09-30T15:43:24.1901468Z C/C++:       |                                                                            ^
build	Build DaddyBoard (HeliBoard fork)	2026-09-30T15:43:24.1902641Z C/C++: /home/runner/work/daddyboard/daddyboard/daddyboard-main/app/src/main/jni/src/dictionary/structure/pt_common/dynamic_pt_reading_helper.cpp:217:26: warning: variable length arrays in C++ are a Clang extension [-Wvla-cxx-extension]
build	Build DaddyBoard (HeliBoard fork)	2026-09-30T15:43:24.1903829Z C/C++:   217 |     int searchCodePoints[length];
build	Build DaddyBoard (HeliBoard fork)	2026-09-30T15:43:24.1904204Z C/C++:       |                          ^~~~~~
build	Build DaddyBoard (HeliBoard fork)	2026-09-30T15:43:24.1905384Z C/C++: /home/runner/work/daddyboard/daddyboard/daddyboard-main/app/src/main/jni/src/dictionary/structure/pt_common/dynamic_pt_reading_helper.cpp:217:26: note: function parameter 'length' with unknown value cannot be used in a constant expression
build	Build DaddyBoard (HeliBoard fork)	2026-09-30T15:43:24.1907368Z C/C++: /home/runner/work/daddyboard/daddyboard/daddyboard-main/app/src/main/jni/src/dictionary/structure/pt_common/dynamic_pt_reading_helper.cpp:216:22: note: declared here
build	Build DaddyBoard (HeliBoard fork)	2026-09-30T15:43:24.1908372Z C/C++:   216 |         const size_t length, const bool forceLowerCaseSearch) {
build	Build DaddyBoard (HeliBoard fork)	2026-09-30T15:43:24.1908809Z C/C++:       |                      ^
build	Build DaddyBoard (HeliBoard fork)	2026-09-30T15:43:24.2871762Z C/C++: In file included from /home/runner/work/daddyboard/daddyboard/daddyboard-main/app/src/main/jni/src/dictionary/structure/pt_common/dynamic_pt_reading_helper.cpp:17:
build	Build DaddyBoard (HeliBoard fork)	2026-09-30T15:43:24.2896814Z C/C++: In file included from /home/runner/work/daddyboard/daddyboard/daddyboard-main/app/src/main/jni/src/dictionary/structure/pt_common/dynamic_pt_reading_helper.h:24:
build	Build DaddyBoard (HeliBoard fork)	2026-09-30T15:43:24.2922002Z C/C++: In file included from /home/runner/work/daddyboard/daddyboard/daddyboard-main/app/src/main/jni/src/dictionary/structure/pt_common/pt_node_params.h:27:
build	Build DaddyBoard (HeliBoard fork)	2026-09-30T15:43:24.2948117Z C/C++: /home/runner/work/daddyboard/daddyboard/daddyboard-main/app/src/main/jni/src/utils/int_array_view.h:160:5: warning: definition of implicit copy constructor for 'IntArrayView' is deprecated because it has a user-declared copy assignment operator [-Wdeprecated-copy]
build	Build DaddyBoard (HeliBoard fork)	2026-09-30T15:43:24.2949733Z C/C++:   160 |     DISALLOW_ASSIGNMENT_OPERATOR(IntArrayView);
build	Build DaddyBoard (HeliBoard fork)	2026-09-30T15:43:24.2950217Z C/C++:       |     ^
build	Build DaddyBoard (HeliBoard fork)	2026-09-30T15:43:24.2951267Z C/C++: /home/runner/work/daddyboard/daddyboard/daddyboard-main/app/src/main/jni/src/defines.h:289:8: note: expanded from macro 'DISALLOW_ASSIGNMENT_OPERATOR'
build	Build DaddyBoard (HeliBoard fork)	2026-09-30T15:43:24.2952533Z C/C++:   289 |   void operator=(const TypeName&) = delete
build	Build DaddyBoard (HeliBoard fork)	2026-09-30T15:43:24.2952988Z C/C++:       |        ^
build	Build DaddyBoard (HeliBoard fork)	2026-09-30T15:43:24.2954145Z C/C++: /usr/local/lib/android/sdk/ndk/28.0.13004108/toolchains/llvm/prebuilt/linux-x86_64/sysroot/usr/include/c++/v1/__memory/allocator.h:173:24: note: in implicit copy constructor for 'latinime::IntArrayView' first required here
build	Build DaddyBoard (HeliBoard fork)	2026-09-30T15:43:24.2955452Z C/C++:   173 |     ::new ((void*)__p) _Up(std::forward<_Args>(__args)...);
build	Build DaddyBoard (HeliBoard fork)	2026-09-30T15:43:24.2955973Z C/C++:       |                        ^
build	Build DaddyBoard (HeliBoard fork)	2026-09-30T15:43:24.2957602Z C/C++: /usr/local/lib/android/sdk/ndk/28.0.13004108/toolchains/llvm/prebuilt/linux-x86_64/sysroot/usr/include/c++/v1/__memory/allocator_traits.h:320:9: note: in instantiation of function template specialization 'std::allocator<latinime::IntArrayView>::construct<latinime::IntArrayView, latinime::IntArrayView>' requested here
build	Build DaddyBoard (HeliBoard fork)	2026-09-30T15:43:24.2959399Z C/C++:   320 |     __a.construct(__p, std::forward<_Args>(__args)...);
build	Build DaddyBoard (HeliBoard fork)	2026-09-30T15:43:24.2959947Z C/C++:       |         ^
build	Build DaddyBoard (HeliBoard fork)	2026-09-30T15:43:24.2961775Z C/C++: /usr/local/lib/android/sdk/ndk/28.0.13004108/toolchains/llvm/prebuilt/linux-x86_64/sysroot/usr/include/c++/v1/__memory/uninitialized_algorithms.h:639:33: note: in instantiation of function template specialization 'std::allocator_traits<std::allocator<latinime::IntArrayView>>::construct<latinime::IntArrayView, latinime::IntArrayView, 0>' requested here
build	Build DaddyBoard (HeliBoard fork)	2026-09-30T15:43:24.2963746Z C/C++:   639 |       allocator_traits<_Alloc>::construct(__alloc, __result, std::move(*__iter));
build	Build DaddyBoard (HeliBoard fork)	2026-09-30T15:43:24.2964368Z C/C++:       |                                 ^
build	Build DaddyBoard (HeliBoard fork)	2026-09-30T15:43:24.2965667Z C/C++: /usr/local/lib/android/sdk/ndk/28.0.13004108/toolchains/llvm/prebuilt/linux-x86_64/sysroot/usr/include/c++/v1/vector:1511:3: note: in instantiation of member function 'std::vector<latinime::IntArrayView>::__swap_out_circular_buffer' requested here
build	Build DaddyBoard (HeliBoard fork)	2026-09-30T15:43:24.2967002Z C/C++:  1511 |   __swap_out_circular_buffer(__v);
build	Build DaddyBoard (HeliBoard fork)	2026-09-30T15:43:24.2967423Z C/C++:       |   ^
build	Build DaddyBoard (HeliBoard fork)	2026-09-30T15:43:24.2968844Z C/C++: /usr/local/lib/android/sdk/ndk/28.0.13004108/toolchains/llvm/prebuilt/linux-x86_64/sysroot/usr/include/c++/v1/vector:1529:13: note: in instantiation of function template specialization 'std::vector<latinime::IntArrayView>::__emplace_back_slow_path<const int *const &, const unsigned long &>' requested here
build	Build DaddyBoard (HeliBoard fork)	2026-09-30T15:43:24.2970673Z C/C++:  1529 |     __end = __emplace_back_slow_path(std::forward<_Args>(__args)...);
build	Build DaddyBoard (HeliBoard fork)	2026-09-30T15:43:24.2971426Z C/C++:       |             ^
build	Build DaddyBoard (HeliBoard fork)	2026-09-30T15:43:24.2972764Z C/C++: /home/runner/work/daddyboard/daddyboard/daddyboard-main/app/src/main/jni/src/utils/int_array_view.h:142:20: note: in instantiation of function template specialization 'std::vector<latinime::IntArrayView>::emplace_back<const int *const &, const unsigned long &>' requested here
build	Build DaddyBoard (HeliBoard fork)	2026-09-30T15:43:24.2974195Z C/C++:   142 |             result.emplace_back(mPtr, mSize);
build	Build DaddyBoard (HeliBoard fork)	2026-09-30T15:43:24.2974645Z C/C++:       |                    ^
build	Build DaddyBoard (HeliBoard fork)	2026-09-30T15:43:24.2975027Z C/C++: 3 warnings generated.
build	Build DaddyBoard (HeliBoard fork)	2026-09-30T15:43:24.7871412Z C/C++: In file included from /home/runner/work/daddyboard/daddyboard/daddyboard-main/app/src/main/jni/src/dictionary/structure/pt_common/dynamic_pt_updating_helper.cpp:19:
build	Build DaddyBoard (HeliBoard fork)	2026-09-30T15:43:24.7873100Z C/C++: In file included from /home/runner/work/daddyboard/daddyboard/daddyboard-main/app/src/main/jni/src/dictionary/property/unigram_property.h:23:
build	Build DaddyBoard (HeliBoard fork)	2026-09-30T15:43:24.7875931Z C/C++: /home/runner/work/daddyboard/daddyboard/daddyboard-main/app/src/main/jni/src/dictionary/property/historical_info.h:52:5: warning: definition of implicit copy constructor for 'HistoricalInfo' is deprecated because it has a user-declared copy assignment operator [-Wdeprecated-copy]
build	Build DaddyBoard (HeliBoard fork)	2026-09-30T15:43:24.7877531Z C/C++:    52 |     DISALLOW_ASSIGNMENT_OPERATOR(HistoricalInfo);
build	Build DaddyBoard (HeliBoard fork)	2026-09-30T15:43:24.7878025Z C/C++:       |     ^
build	Build DaddyBoard (HeliBoard fork)	2026-09-30T15:43:24.7878833Z C/C++: /home/runner/work/daddyboard/daddyboard/daddyboard-main/app/src/main/jni/src/defines.h:289:8: note: expanded from macro 'DISALLOW_ASSIGNMENT_OPERATOR'
build	Build DaddyBoard (HeliBoard fork)	2026-09-30T15:43:24.7880204Z C/C++:   289 |   void operator=(const TypeName&) = delete
build	Build DaddyBoard (HeliBoard fork)	2026-09-30T15:43:24.7880654Z C/C++:       |        ^
build	Build DaddyBoard (HeliBoard fork)	2026-09-30T15:43:24.7881939Z C/C++: /home/runner/work/daddyboard/daddyboard/daddyboard-main/app/src/main/jni/src/dictionary/property/unigram_property.h:63:15: note: in implicit copy constructor for 'latinime::HistoricalInfo' first required here
build	Build DaddyBoard (HeliBoard fork)	2026-09-30T15:43:24.7883359Z C/C++:    63 |               mHistoricalInfo(historicalInfo), mShortcuts(std::move(shortcuts)) {}
build	Build DaddyBoard (HeliBoard fork)	2026-09-30T15:43:24.7883957Z C/C++:       |               ^
build	Build DaddyBoard (HeliBoard fork)	2026-09-30T15:43:24.8888674Z C/C++: In file included from /home/runner/work/daddyboard/daddyboard/daddyboard-main/app/src/main/jni/src/dictionary/structure/pt_common/dynamic_pt_updating_helper.cpp:17:
build	Build DaddyBoard (HeliBoard fork)	2026-09-30T15:43:24.8901630Z C/C++: In file included from /home/runner/work/daddyboard/daddyboard/daddyboard-main/app/src/main/jni/src/dictionary/structure/pt_common/dynamic_pt_updating_helper.h:21:
build	Build DaddyBoard (HeliBoard fork)	2026-09-30T15:43:24.8903235Z C/C++: In file included from /home/runner/work/daddyboard/daddyboard/daddyboard-main/app/src/main/jni/src/dictionary/structure/pt_common/pt_node_params.h:27:
build	Build DaddyBoard (HeliBoard fork)	2026-09-30T15:43:24.8905129Z C/C++: /home/runner/work/daddyboard/daddyboard/daddyboard-main/app/src/main/jni/src/utils/int_array_view.h:160:5: warning: definition of implicit copy constructor for 'IntArrayView' is deprecated because it has a user-declared copy assignment operator [-Wdeprecated-copy]
build	Build DaddyBoard (HeliBoard fork)	2026-09-30T15:43:24.8906643Z C/C++:   160 |     DISALLOW_ASSIGNMENT_OPERATOR(IntArrayView);
build	Build DaddyBoard (HeliBoard fork)	2026-09-30T15:43:24.8907141Z C/C++:       |     ^
build	Build DaddyBoard (HeliBoard fork)	2026-09-30T15:43:24.8907947Z C/C++: /home/runner/work/daddyboard/daddyboard/daddyboard-main/app/src/main/jni/src/defines.h:289:8: note: expanded from macro 'DISALLOW_ASSIGNMENT_OPERATOR'
build	Build DaddyBoard (HeliBoard fork)	2026-09-30T15:43:24.8908902Z C/C++:   289 |   void operator=(const TypeName&) = delete
build	Build DaddyBoard (HeliBoard fork)	2026-09-30T15:43:24.8909326Z C/C++:       |        ^
build	Build DaddyBoard (HeliBoard fork)	2026-09-30T15:43:24.8910738Z C/C++: /home/runner/work/daddyboard/daddyboard/daddyboard-main/app/src/main/jni/src/dictionary/structure/pt_common/dynamic_pt_updating_helper.cpp:99:41: note: in implicit copy constructor for 'latinime::IntArrayView' first required here
build	Build DaddyBoard (HeliBoard fork)	2026-09-30T15:43:24.8912646Z C/C++:    99 |     return mPtNodeWriter->addNgramEntry(prevWordIds, wordId, ngramProperty, outAddedNewEntry);
build	Build DaddyBoard (HeliBoard fork)	2026-09-30T15:43:24.8913965Z C/C++:       |                                         ^
build	Build DaddyBoard (HeliBoard fork)	2026-09-30T15:43:24.9902098Z C/C++: 2 warnings generated.
build	Build DaddyBoard (HeliBoard fork)	2026-09-30T15:43:25.5882551Z C/C++: In file included from /home/runner/work/daddyboard/daddyboard/daddyboard-main/app/src/main/jni/src/dictionary/structure/pt_common/shortcut/shortcut_list_reading_utils.cpp:17:
build	Build DaddyBoard (HeliBoard fork)	2026-09-30T15:43:25.5912130Z C/C++: In file included from /home/runner/work/daddyboard/daddyboard/daddyboard-main/app/src/main/jni/src/dictionary/structure/pt_common/shortcut/shortcut_list_reading_utils.h:23:
build	Build DaddyBoard (HeliBoard fork)	2026-09-30T15:43:25.5942673Z C/C++: /home/runner/work/daddyboard/daddyboard/daddyboard-main/app/src/main/jni/src/utils/byte_array_view.h:53:5: warning: definition of implicit copy constructor for 'ReadOnlyByteArrayView' is deprecated because it has a user-declared copy assignment operator [-Wdeprecated-copy]
build	Build DaddyBoard (HeliBoard fork)	2026-09-30T15:43:25.5961834Z C/C++:    53 |     DISALLOW_ASSIGNMENT_OPERATOR(ReadOnlyByteArrayView);
build	Build DaddyBoard (HeliBoard fork)	2026-09-30T15:43:25.5984789Z C/C++:       |     ^
build	Build DaddyBoard (HeliBoard fork)	2026-09-30T15:43:25.6002105Z C/C++: /home/runner/work/daddyboard/daddyboard/daddyboard-main/app/src/main/jni/src/defines.h:289:8: note: expanded from macro 'DISALLOW_ASSIGNMENT_OPERATOR'
build	Build DaddyBoard (HeliBoard fork)	2026-09-30T15:43:25.6145254Z C/C++:   289 |   void operator=(const TypeName&) = delete
build	Build DaddyBoard (HeliBoard fork)	2026-09-30T15:43:25.6145816Z C/C++:       |        ^
build	Build DaddyBoard (HeliBoard fork)	2026-09-30T15:43:25.6147041Z C/C++: /home/runner/work/daddyboard/daddyboard/daddyboard-main/app/src/main/jni/src/dictionary/structure/pt_common/shortcut/shortcut_list_reading_utils.h:52:75: note: in implicit copy constructor for 'latinime::ReadOnlyByteArrayView' first required here
build	Build DaddyBoard (HeliBoard fork)	2026-09-30T15:43:25.6148558Z C/C++:    52 |         const int shortcutListSize = getShortcutListSizeAndForwardPointer(buffer, pos);
build	Build DaddyBoard (HeliBoard fork)	2026-09-30T15:43:25.6149615Z C/C++:       |                                                                           ^
build	Build DaddyBoard (HeliBoard fork)	2026-09-30T15:43:25.6150021Z C/C++: 1 warning generated.
build	Build DaddyBoard (HeliBoard fork)	2026-09-30T15:43:26.1893227Z C/C++: In file included from /home/runner/work/daddyboard/daddyboard/daddyboard-main/app/src/main/jni/src/dictionary/structure/v2/patricia_trie_policy.cpp:17:
build	Build DaddyBoard (HeliBoard fork)	2026-09-30T15:43:26.1912122Z C/C++: In file included from /home/runner/work/daddyboard/daddyboard/daddyboard-main/app/src/main/jni/src/dictionary/structure/v2/patricia_trie_policy.h:24:
build	Build DaddyBoard (HeliBoard fork)	2026-09-30T15:43:26.1922488Z C/C++: In file included from /home/runner/work/daddyboard/daddyboard/daddyboard-main/app/src/main/jni/src/dictionary/header/header_policy.h:25:
build	Build DaddyBoard (HeliBoard fork)	2026-09-30T15:43:26.1950260Z C/C++: /home/runner/work/daddyboard/daddyboard/daddyboard-main/app/src/main/jni/src/dictionary/utils/entry_counters.h:44:5: warning: definition of implicit copy constructor for 'EntryCounts' is deprecated because it has a user-declared copy assignment operator [-Wdeprecated-copy]
build	Build DaddyBoard (HeliBoard fork)	2026-09-30T15:43:26.1971564Z C/C++:    44 |     DISALLOW_ASSIGNMENT_OPERATOR(EntryCounts);
build	Build DaddyBoard (HeliBoard fork)	2026-09-30T15:43:26.2001427Z C/C++:       |     ^
build	Build DaddyBoard (HeliBoard fork)	2026-09-30T15:43:26.2011961Z C/C++: /home/runner/work/daddyboard/daddyboard/daddyboard-main/app/src/main/jni/src/defines.h:289:8: note: expanded from macro 'DISALLOW_ASSIGNMENT_OPERATOR'
build	Build DaddyBoard (HeliBoard fork)	2026-09-30T15:43:26.2041395Z C/C++:   289 |   void operator=(const TypeName&) = delete
build	Build DaddyBoard (HeliBoard fork)	2026-09-30T15:43:26.2061415Z C/C++:       |        ^
build	Build DaddyBoard (HeliBoard fork)	2026-09-30T15:43:26.2072190Z C/C++: /home/runner/work/daddyboard/daddyboard/daddyboard-main/app/src/main/jni/src/dictionary/header/header_policy.h:92:15: note: in implicit copy constructor for 'latinime::EntryCounts' first required here
build	Build DaddyBoard (HeliBoard fork)	2026-09-30T15:43:26.2101425Z C/C++:    92 |               mNgramCounts(headerPolicy->mNgramCounts),
build	Build DaddyBoard (HeliBoard fork)	2026-09-30T15:43:26.2121409Z C/C++:       |               ^
build	Build DaddyBoard (HeliBoard fork)	2026-09-30T15:43:26.2151963Z C/C++: In file included from /home/runner/work/daddyboard/daddyboard/daddyboard-main/app/src/main/jni/src/dictionary/structure/v2/patricia_trie_policy.cpp:17:
build	Build DaddyBoard (HeliBoard fork)	2026-09-30T15:43:26.2161743Z C/C++: In file included from /home/runner/work/daddyboard/daddyboard/daddyboard-main/app/src/main/jni/src/dictionary/structure/v2/patricia_trie_policy.h:25:
build	Build DaddyBoard (HeliBoard fork)	2026-09-30T15:43:26.2191793Z C/C++: In file included from /home/runner/work/daddyboard/daddyboard/daddyboard-main/app/src/main/jni/src/dictionary/interface/dictionary_structure_with_buffer_policy.h:23:
build	Build DaddyBoard (HeliBoard fork)	2026-09-30T15:43:26.2212461Z C/C++: /home/runner/work/daddyboard/daddyboard/daddyboard-main/app/src/main/jni/src/dictionary/property/historical_info.h:52:5: warning: definition of implicit copy constructor for 'HistoricalInfo' is deprecated because it has a user-declared copy assignment operator [-Wdeprecated-copy]
build	Build DaddyBoard (HeliBoard fork)	2026-09-30T15:43:26.2221389Z C/C++:    52 |     DISALLOW_ASSIGNMENT_OPERATOR(HistoricalInfo);
build	Build DaddyBoard (HeliBoard fork)	2026-09-30T15:43:26.2251283Z C/C++:       |     ^
build	Build DaddyBoard (HeliBoard fork)	2026-09-30T15:43:26.2273314Z C/C++: /home/runner/work/daddyboard/daddyboard/daddyboard-main/app/src/main/jni/src/defines.h:289:8: note: expanded from macro 'DISALLOW_ASSIGNMENT_OPERATOR'
build	Build DaddyBoard (HeliBoard fork)	2026-09-30T15:43:26.2301508Z C/C++:   289 |   void operator=(const TypeName&) = delete
build	Build DaddyBoard (HeliBoard fork)	2026-09-30T15:43:26.2311328Z C/C++:       |        ^
build	Build DaddyBoard (HeliBoard fork)	2026-09-30T15:43:26.2332178Z C/C++: /home/runner/work/daddyboard/daddyboard/daddyboard-main/app/src/main/jni/src/dictionary/property/ngram_property.h:33:42: note: in implicit copy constructor for 'latinime::HistoricalInfo' first required here
build	Build DaddyBoard (HeliBoard fork)	2026-09-30T15:43:26.2361577Z C/C++:    33 |               mProbability(probability), mHistoricalInfo(historicalInfo) {}
build	Build DaddyBoard (HeliBoard fork)	2026-09-30T15:43:26.2370767Z C/C++:       |                                          ^
build	Build DaddyBoard (HeliBoard fork)	2026-09-30T15:43:26.2402052Z C/C++: In file included from /home/runner/work/daddyboard/daddyboard/daddyboard-main/app/src/main/jni/src/dictionary/structure/v2/patricia_trie_policy.cpp:17:
build	Build DaddyBoard (HeliBoard fork)	2026-09-30T15:43:26.2431843Z C/C++: In file included from /home/runner/work/daddyboard/daddyboard/daddyboard-main/app/src/main/jni/src/dictionary/structure/v2/patricia_trie_policy.h:25:
build	Build DaddyBoard (HeliBoard fork)	2026-09-30T15:43:26.2451933Z C/C++: In file included from /home/runner/work/daddyboard/daddyboard/daddyboard-main/app/src/main/jni/src/dictionary/interface/dictionary_structure_with_buffer_policy.h:25:
build	Build DaddyBoard (HeliBoard fork)	2026-09-30T15:43:26.2461741Z C/C++: In file included from /home/runner/work/daddyboard/daddyboard/daddyboard-main/app/src/main/jni/src/dictionary/property/word_property.h:24:
build	Build DaddyBoard (HeliBoard fork)	2026-09-30T15:43:26.2492385Z C/C++: /home/runner/work/daddyboard/daddyboard/daddyboard-main/app/src/main/jni/src/dictionary/property/unigram_property.h:126:5: warning: definition of implicit copy constructor for 'UnigramProperty' is deprecated because it has a user-declared copy assignment operator [-Wdeprecated-copy]
build	Build DaddyBoard (HeliBoard fork)	2026-09-30T15:43:26.2511514Z C/C++:   126 |     DISALLOW_ASSIGNMENT_OPERATOR(UnigramProperty);
build	Build DaddyBoard (HeliBoard fork)	2026-09-30T15:43:26.2541386Z C/C++:       |     ^
build	Build DaddyBoard (HeliBoard fork)	2026-09-30T15:43:26.2545650Z C/C++: /home/runner/work/daddyboard/daddyboard/daddyboard-main/app/src/main/jni/src/defines.h:289:8: note: expanded from macro 'DISALLOW_ASSIGNMENT_OPERATOR'
build	Build DaddyBoard (HeliBoard fork)	2026-09-30T15:43:26.2581420Z C/C++:   289 |   void operator=(const TypeName&) = delete
build	Build DaddyBoard (HeliBoard fork)	2026-09-30T15:43:26.2601470Z C/C++:       |        ^
build	Build DaddyBoard (HeliBoard fork)	2026-09-30T15:43:26.2602531Z C/C++: /home/runner/work/daddyboard/daddyboard/daddyboard-main/app/src/main/jni/src/dictionary/property/word_property.h:38:51: note: in implicit copy constructor for 'latinime::UnigramProperty' first required here
build	Build DaddyBoard (HeliBoard fork)	2026-09-30T15:43:26.2603815Z C/C++:    38 |             : mCodePoints(std::move(codePoints)), mUnigramProperty(unigramProperty),
build	Build DaddyBoard (HeliBoard fork)	2026-09-30T15:43:26.2604360Z C/C++:       |                                                   ^
build	Build DaddyBoard (HeliBoard fork)	2026-09-30T15:43:26.2605193Z C/C++: In file included from /home/runner/work/daddyboard/daddyboard/daddyboard-main/app/src/main/jni/src/dictionary/structure/v2/patricia_trie_policy.cpp:17:
build	Build DaddyBoard (HeliBoard fork)	2026-09-30T15:43:26.2631835Z C/C++: In file included from /home/runner/work/daddyboard/daddyboard/daddyboard-main/app/src/main/jni/src/dictionary/structure/v2/patricia_trie_policy.h:24:
build	Build DaddyBoard (HeliBoard fork)	2026-09-30T15:43:26.2633131Z C/C++: In file included from /home/runner/work/daddyboard/daddyboard/daddyboard-main/app/src/main/jni/src/dictionary/header/header_policy.h:23:
build	Build DaddyBoard (HeliBoard fork)	2026-09-30T15:43:26.2671902Z C/C++: In file included from /home/runner/work/daddyboard/daddyboard/daddyboard-main/app/src/main/jni/src/dictionary/header/header_read_write_utils.h:24:
build	Build DaddyBoard (HeliBoard fork)	2026-09-30T15:43:26.2691808Z C/C++: In file included from /home/runner/work/daddyboard/daddyboard/daddyboard-main/app/src/main/jni/src/dictionary/utils/format_utils.h:23:
build	Build DaddyBoard (HeliBoard fork)	2026-09-30T15:43:26.2722409Z C/C++: /home/runner/work/daddyboard/daddyboard/daddyboard-main/app/src/main/jni/src/utils/byte_array_view.h:53:5: warning: definition of implicit copy constructor for 'ReadOnlyByteArrayView' is deprecated because it has a user-declared copy assignment operator [-Wdeprecated-copy]
build	Build DaddyBoard (HeliBoard fork)	2026-09-30T15:43:26.2751506Z C/C++:    53 |     DISALLOW_ASSIGNMENT_OPERATOR(ReadOnlyByteArrayView);
build	Build DaddyBoard (HeliBoard fork)	2026-09-30T15:43:26.2811469Z C/C++:       |     ^
build	Build DaddyBoard (HeliBoard fork)	2026-09-30T15:43:26.2852014Z C/C++: /home/runner/work/daddyboard/daddyboard/daddyboard-main/app/src/main/jni/src/defines.h:289:8: note: expanded from macro 'DISALLOW_ASSIGNMENT_OPERATOR'
build	Build DaddyBoard (HeliBoard fork)	2026-09-30T15:43:26.2881472Z C/C++:   289 |   void operator=(const TypeName&) = delete
build	Build DaddyBoard (HeliBoard fork)	2026-09-30T15:43:26.2911351Z C/C++:       |        ^
build	Build DaddyBoard (HeliBoard fork)	2026-09-30T15:43:26.2972307Z C/C++: /home/runner/work/daddyboard/daddyboard/daddyboard-main/app/src/main/jni/src/dictionary/structure/v2/bigram/bigram_list_policy.h:31:60: note: in implicit copy constructor for 'latinime::ReadOnlyByteArrayView' first required here
build	Build DaddyBoard (HeliBoard fork)	2026-09-30T15:43:26.3001563Z C/C++:    31 |     BigramListPolicy(const ReadOnlyByteArrayView buffer) : mBuffer(buffer) {}
build	Build DaddyBoard (HeliBoard fork)	2026-09-30T15:43:26.3031407Z C/C++:       |                                                            ^
build	Build DaddyBoard (HeliBoard fork)	2026-09-30T15:43:26.3032393Z C/C++: In file included from /home/runner/work/daddyboard/daddyboard/daddyboard-main/app/src/main/jni/src/dictionary/structure/v2/patricia_trie_policy.cpp:17:
build	Build DaddyBoard (HeliBoard fork)	2026-09-30T15:43:26.3033872Z C/C++: In file included from /home/runner/work/daddyboard/daddyboard/daddyboard-main/app/src/main/jni/src/dictionary/structure/v2/patricia_trie_policy.h:25:
build	Build DaddyBoard (HeliBoard fork)	2026-09-30T15:43:26.3035766Z C/C++: In file included from /home/runner/work/daddyboard/daddyboard/daddyboard-main/app/src/main/jni/src/dictionary/interface/dictionary_structure_with_buffer_policy.h:25:
build	Build DaddyBoard (HeliBoard fork)	2026-09-30T15:43:26.3037096Z C/C++: In file included from /home/runner/work/daddyboard/daddyboard/daddyboard-main/app/src/main/jni/src/dictionary/property/word_property.h:23:
build	Build DaddyBoard (HeliBoard fork)	2026-09-30T15:43:26.3038302Z C/C++: In file included from /home/runner/work/daddyboard/daddyboard/daddyboard-main/app/src/main/jni/src/dictionary/property/ngram_property.h:24:
build	Build DaddyBoard (HeliBoard fork)	2026-09-30T15:43:26.3039484Z C/C++: In file included from /home/runner/work/daddyboard/daddyboard/daddyboard-main/app/src/main/jni/src/dictionary/property/ngram_context.h:23:
build	Build DaddyBoard (HeliBoard fork)	2026-09-30T15:43:26.3041407Z C/C++: /home/runner/work/daddyboard/daddyboard/daddyboard-main/app/src/main/jni/src/utils/int_array_view.h:160:5: warning: definition of implicit copy constructor for 'IntArrayView' is deprecated because it has a user-declared copy assignment operator [-Wdeprecated-copy]
build	Build DaddyBoard (HeliBoard fork)	2026-09-30T15:43:26.3042803Z C/C++:   160 |     DISALLOW_ASSIGNMENT_OPERATOR(IntArrayView);
build	Build DaddyBoard (HeliBoard fork)	2026-09-30T15:43:26.3043209Z C/C++:       |     ^
build	Build DaddyBoard (HeliBoard fork)	2026-09-30T15:43:26.3069616Z C/C++: /home/runner/work/daddyboard/daddyboard/daddyboard-main/app/src/main/jni/src/defines.h:289:8: note: expanded from macro 'DISALLOW_ASSIGNMENT_OPERATOR'
build	Build DaddyBoard (HeliBoard fork)	2026-09-30T15:43:26.3101374Z C/C++:   289 |   void operator=(const TypeName&) = delete
build	Build DaddyBoard (HeliBoard fork)	2026-09-30T15:43:26.3131339Z C/C++:       |        ^
build	Build DaddyBoard (HeliBoard fork)	2026-09-30T15:43:26.3162093Z C/C++: /home/runner/work/daddyboard/daddyboard/daddyboard-main/app/src/main/jni/src/suggest/core/dicnode/dic_node.h:110:53: note: in implicit copy constructor for 'latinime::IntArrayView' first required here
build	Build DaddyBoard (HeliBoard fork)	2026-09-30T15:43:26.3191476Z C/C++:   110 |         mDicNodeProperties.init(rootPtNodeArrayPos, prevWordIds);
build	Build DaddyBoard (HeliBoard fork)	2026-09-30T15:43:26.3221325Z C/C++:       |                                                     ^
build	Build DaddyBoard (HeliBoard fork)	2026-09-30T15:43:26.3247782Z C/C++: In file included from /home/runner/work/daddyboard/daddyboard/daddyboard-main/app/src/main/jni/src/dictionary/structure/v2/patricia_trie_policy.cpp:27:
build	Build DaddyBoard (HeliBoard fork)	2026-09-30T15:43:26.3271731Z C/C++: In file included from /home/runner/work/daddyboard/daddyboard/daddyboard-main/app/src/main/jni/src/dictionary/utils/multi_bigram_map.h:27:
build	Build DaddyBoard (HeliBoard fork)	2026-09-30T15:43:26.3302304Z C/C++: /home/runner/work/daddyboard/daddyboard/daddyboard-main/app/src/main/jni/src/dictionary/utils/bloom_filter.h:47:5: warning: definition of implicit copy constructor for 'BloomFilter' is deprecated because it has a user-declared copy assignment operator [-Wdeprecated-copy]
build	Build DaddyBoard (HeliBoard fork)	2026-09-30T15:43:26.3331414Z C/C++:    47 |     DISALLOW_ASSIGNMENT_OPERATOR(BloomFilter);
build	Build DaddyBoard (HeliBoard fork)	2026-09-30T15:43:26.3361389Z C/C++:       |     ^
build	Build DaddyBoard (HeliBoard fork)	2026-09-30T15:43:26.3391898Z C/C++: /home/runner/work/daddyboard/daddyboard/daddyboard-main/app/src/main/jni/src/defines.h:289:8: note: expanded from macro 'DISALLOW_ASSIGNMENT_OPERATOR'
build	Build DaddyBoard (HeliBoard fork)	2026-09-30T15:43:26.3421462Z C/C++:   289 |   void operator=(const TypeName&) = delete
build	Build DaddyBoard (HeliBoard fork)	2026-09-30T15:43:26.3448953Z C/C++:       |        ^
build	Build DaddyBoard (HeliBoard fork)	2026-09-30T15:43:26.3472144Z C/C++: /home/runner/work/daddyboard/daddyboard/daddyboard-main/app/src/main/jni/src/dictionary/utils/multi_bigram_map.h:57:53: note: in implicit copy constructor for 'latinime::BloomFilter' first required here
build	Build DaddyBoard (HeliBoard fork)	2026-09-30T15:43:26.3501566Z C/C++:    57 |                 : mBigramMap(bigramMap.mBigramMap), mBloomFilter(bigramMap.mBloomFilter) {}
build	Build DaddyBoard (HeliBoard fork)	2026-09-30T15:43:26.3502185Z C/C++:       |                                                     ^
build	Build DaddyBoard (HeliBoard fork)	2026-09-30T15:43:26.3892375Z C/C++: In file included from /home/runner/work/daddyboard/daddyboard/daddyboard-main/app/src/main/jni/src/dictionary/structure/v2/patricia_trie_policy.cpp:17:
build	Build DaddyBoard (HeliBoard fork)	2026-09-30T15:43:26.3921968Z C/C++: In file included from /home/runner/work/daddyboard/daddyboard/daddyboard-main/app/src/main/jni/src/dictionary/structure/v2/patricia_trie_policy.h:25:
build	Build DaddyBoard (HeliBoard fork)	2026-09-30T15:43:26.3951929Z C/C++: In file included from /home/runner/work/daddyboard/daddyboard/daddyboard-main/app/src/main/jni/src/dictionary/interface/dictionary_structure_with_buffer_policy.h:25:
build	Build DaddyBoard (HeliBoard fork)	2026-09-30T15:43:26.3977226Z C/C++: In file included from /home/runner/work/daddyboard/daddyboard/daddyboard-main/app/src/main/jni/src/dictionary/property/word_property.h:23:
build	Build DaddyBoard (HeliBoard fork)	2026-09-30T15:43:26.4002424Z C/C++: /home/runner/work/daddyboard/daddyboard/daddyboard-main/app/src/main/jni/src/dictionary/property/ngram_property.h:54:5: warning: definition of implicit copy constructor for 'NgramProperty' is deprecated because it has a user-declared copy assignment operator [-Wdeprecated-copy]
build	Build DaddyBoard (HeliBoard fork)	2026-09-30T15:43:26.4031399Z C/C++:    54 |     DISALLOW_ASSIGNMENT_OPERATOR(NgramProperty);
build	Build DaddyBoard (HeliBoard fork)	2026-09-30T15:43:26.4054735Z C/C++:       |     ^
build	Build DaddyBoard (HeliBoard fork)	2026-09-30T15:43:26.4081966Z C/C++: /home/runner/work/daddyboard/daddyboard/daddyboard-main/app/src/main/jni/src/defines.h:289:8: note: expanded from macro 'DISALLOW_ASSIGNMENT_OPERATOR'
build	Build DaddyBoard (HeliBoard fork)	2026-09-30T15:43:26.4101453Z C/C++:   289 |   void operator=(const TypeName&) = delete
build	Build DaddyBoard (HeliBoard fork)	2026-09-30T15:43:26.4131498Z C/C++:       |        ^
build	Build DaddyBoard (HeliBoard fork)	2026-09-30T15:43:26.4152258Z C/C++: /usr/local/lib/android/sdk/ndk/28.0.13004108/toolchains/llvm/prebuilt/linux-x86_64/sysroot/usr/include/c++/v1/__memory/allocator.h:173:24: note: in implicit copy constructor for 'latinime::NgramProperty' first required here
build	Build DaddyBoard (HeliBoard fork)	2026-09-30T15:43:26.4155439Z C/C++:   173 |     ::new ((void*)__p) _Up(std::forward<_Args>(__args)...);
build	Build DaddyBoard (HeliBoard fork)	2026-09-30T15:43:26.4181320Z C/C++:       |                        ^
build	Build DaddyBoard (HeliBoard fork)	2026-09-30T15:43:26.4211155Z C/C++: /usr/local/lib/android/sdk/ndk/28.0.13004108/toolchains/llvm/prebuilt/linux-x86_64/sysroot/usr/include/c++/v1/__memory/allocator_traits.h:320:9: note: in instantiation of function template specialization 'std::allocator<latinime::NgramProperty>::construct<latinime::NgramProperty, latinime::NgramProperty &>' requested here
build	Build DaddyBoard (HeliBoard fork)	2026-09-30T15:43:26.4241613Z C/C++:   320 |     __a.construct(__p, std::forward<_Args>(__args)...);
build	Build DaddyBoard (HeliBoard fork)	2026-09-30T15:43:26.4256307Z C/C++:       |         ^
build	Build DaddyBoard (HeliBoard fork)	2026-09-30T15:43:26.4262808Z C/C++: /usr/local/lib/android/sdk/ndk/28.0.13004108/toolchains/llvm/prebuilt/linux-x86_64/sysroot/usr/include/c++/v1/__memory/uninitialized_algorithms.h:551:31: note: in instantiation of function template specialization 'std::allocator_traits<std::allocator<latinime::NgramProperty>>::construct<latinime::NgramProperty, latinime::NgramProperty &, 0>' requested here
build	Build DaddyBoard (HeliBoard fork)	2026-09-30T15:43:26.4265257Z C/C++:   551 |     allocator_traits<_Alloc>::construct(__alloc, std::__to_address(__first2), *__first1);
build	Build DaddyBoard (HeliBoard fork)	2026-09-30T15:43:26.4265854Z C/C++:       |                               ^
build	Build DaddyBoard (HeliBoard fork)	2026-09-30T15:43:26.4267699Z C/C++: /usr/local/lib/android/sdk/ndk/28.0.13004108/toolchains/llvm/prebuilt/linux-x86_64/sysroot/usr/include/c++/v1/__memory/uninitialized_algorithms.h:594:33: note: in instantiation of function template specialization 'std::__uninitialized_allocator_copy_impl<std::allocator<latinime::NgramProperty>, latinime::NgramProperty *, latinime::NgramProperty *, latinime::NgramProperty *>' requested here
build	Build DaddyBoard (HeliBoard fork)	2026-09-30T15:43:26.4269733Z C/C++:   594 |   auto __result          = std::__uninitialized_allocator_copy_impl(
build	Build DaddyBoard (HeliBoard fork)	2026-09-30T15:43:26.4270220Z C/C++:       |                                 ^
build	Build DaddyBoard (HeliBoard fork)	2026-09-30T15:43:26.4280127Z C/C++: /usr/local/lib/android/sdk/ndk/28.0.13004108/toolchains/llvm/prebuilt/linux-x86_64/sysroot/usr/include/c++/v1/vector:1100:22: note: in instantiation of function template specialization 'std::__uninitialized_allocator_copy<std::allocator<latinime::NgramProperty>, latinime::NgramProperty *, latinime::NgramProperty *, latinime::NgramProperty *>' requested here
build	Build DaddyBoard (HeliBoard fork)	2026-09-30T15:43:26.4282365Z C/C++:  1100 |   __tx.__pos_ = std::__uninitialized_allocator_copy(__alloc(), __first, __last, __tx.__pos_);
build	Build DaddyBoard (HeliBoard fork)	2026-09-30T15:43:26.4282971Z C/C++:       |                      ^
build	Build DaddyBoard (HeliBoard fork)	2026-09-30T15:43:26.4284483Z C/C++: /usr/local/lib/android/sdk/ndk/28.0.13004108/toolchains/llvm/prebuilt/linux-x86_64/sysroot/usr/include/c++/v1/vector:761:7: note: in instantiation of function template specialization 'std::vector<latinime::NgramProperty>::__construct_at_end<latinime::NgramProperty *, latinime::NgramProperty *>' requested here
build	Build DaddyBoard (HeliBoard fork)	2026-09-30T15:43:26.4286288Z C/C++:   761 |       __construct_at_end(__first, __last, __n);
build	Build DaddyBoard (HeliBoard fork)	2026-09-30T15:43:26.4286682Z C/C++:       |       ^
build	Build DaddyBoard (HeliBoard fork)	2026-09-30T15:43:26.4288126Z C/C++: /usr/local/lib/android/sdk/ndk/28.0.13004108/toolchains/llvm/prebuilt/linux-x86_64/sysroot/usr/include/c++/v1/vector:1213:3: note: in instantiation of function template specialization 'std::vector<latinime::NgramProperty>::__init_with_size<latinime::NgramProperty *, latinime::NgramProperty *>' requested here
build	Build DaddyBoard (HeliBoard fork)	2026-09-30T15:43:26.4289745Z C/C++:  1213 |   __init_with_size(__x.__begin_, __x.__end_, __x.size());
build	Build DaddyBoard (HeliBoard fork)	2026-09-30T15:43:26.4290163Z C/C++:       |   ^
build	Build DaddyBoard (HeliBoard fork)	2026-09-30T15:43:26.4311511Z C/C++: /home/runner/work/daddyboard/daddyboard/daddyboard-main/app/src/main/jni/src/dictionary/property/word_property.h:39:15: note: in instantiation of member function 'std::vector<latinime::NgramProperty>::vector' requested here
build	Build DaddyBoard (HeliBoard fork)	2026-09-30T15:43:26.4312837Z C/C++:    39 |               mNgrams(ngrams) {}
build	Build DaddyBoard (HeliBoard fork)	2026-09-30T15:43:26.4313205Z C/C++:       |               ^
build	Build DaddyBoard (HeliBoard fork)	2026-09-30T15:43:26.6897857Z C/C++: 7 warnings generated.
build	Build DaddyBoard (HeliBoard fork)	2026-09-30T15:43:27.1872543Z C/C++: In file included from /home/runner/work/daddyboard/daddyboard/daddyboard-main/app/src/main/jni/src/dictionary/structure/v2/ver2_patricia_trie_node_reader.cpp:17:
build	Build DaddyBoard (HeliBoard fork)	2026-09-30T15:43:27.1914913Z C/C++: In file included from /home/runner/work/daddyboard/daddyboard/daddyboard-main/app/src/main/jni/src/dictionary/structure/v2/ver2_patricia_trie_node_reader.h:25:
build	Build DaddyBoard (HeliBoard fork)	2026-09-30T15:43:27.1942843Z C/C++: /home/runner/work/daddyboard/daddyboard/daddyboard-main/app/src/main/jni/src/utils/byte_array_view.h:53:5: warning: definition of implicit copy constructor for 'ReadOnlyByteArrayView' is deprecated because it has a user-declared copy assignment operator [-Wdeprecated-copy]
build	Build DaddyBoard (HeliBoard fork)	2026-09-30T15:43:27.1952827Z C/C++:    53 |     DISALLOW_ASSIGNMENT_OPERATOR(ReadOnlyByteArrayView);
build	Build DaddyBoard (HeliBoard fork)	2026-09-30T15:43:27.1972460Z C/C++:       |     ^
build	Build DaddyBoard (HeliBoard fork)	2026-09-30T15:43:27.1979755Z C/C++: /home/runner/work/daddyboard/daddyboard/daddyboard-main/app/src/main/jni/src/defines.h:289:8: note: expanded from macro 'DISALLOW_ASSIGNMENT_OPERATOR'
build	Build DaddyBoard (HeliBoard fork)	2026-09-30T15:43:27.1981064Z C/C++:   289 |   void operator=(const TypeName&) = delete
build	Build DaddyBoard (HeliBoard fork)	2026-09-30T15:43:27.1981875Z C/C++:       |        ^
build	Build DaddyBoard (HeliBoard fork)	2026-09-30T15:43:27.1983192Z C/C++: /home/runner/work/daddyboard/daddyboard/daddyboard-main/app/src/main/jni/src/dictionary/structure/v2/ver2_patricia_trie_node_reader.h:38:15: note: in implicit copy constructor for 'latinime::ReadOnlyByteArrayView' first required here
build	Build DaddyBoard (HeliBoard fork)	2026-09-30T15:43:27.1984800Z C/C++:    38 |             : mBuffer(buffer), mBigramPolicy(bigramPolicy), mShortcutPolicy(shortcutPolicy),
build	Build DaddyBoard (HeliBoard fork)	2026-09-30T15:43:27.1985522Z C/C++:       |               ^
build	Build DaddyBoard (HeliBoard fork)	2026-09-30T15:43:27.1986528Z C/C++: In file included from /home/runner/work/daddyboard/daddyboard/daddyboard-main/app/src/main/jni/src/dictionary/structure/v2/ver2_patricia_trie_node_reader.cpp:17:
build	Build DaddyBoard (HeliBoard fork)	2026-09-30T15:43:27.1988133Z C/C++: In file included from /home/runner/work/daddyboard/daddyboard/daddyboard-main/app/src/main/jni/src/dictionary/structure/v2/ver2_patricia_trie_node_reader.h:23:
build	Build DaddyBoard (HeliBoard fork)	2026-09-30T15:43:27.1989693Z C/C++: In file included from /home/runner/work/daddyboard/daddyboard/daddyboard-main/app/src/main/jni/src/dictionary/structure/pt_common/pt_node_params.h:27:
build	Build DaddyBoard (HeliBoard fork)	2026-09-30T15:43:27.1991798Z C/C++: /home/runner/work/daddyboard/daddyboard/daddyboard-main/app/src/main/jni/src/utils/int_array_view.h:160:5: warning: definition of implicit copy constructor for 'IntArrayView' is deprecated because it has a user-declared copy assignment operator [-Wdeprecated-copy]
build	Build DaddyBoard (HeliBoard fork)	2026-09-30T15:43:27.1993362Z C/C++:   160 |     DISALLOW_ASSIGNMENT_OPERATOR(IntArrayView);
build	Build DaddyBoard (HeliBoard fork)	2026-09-30T15:43:27.1993886Z C/C++:       |     ^
build	Build DaddyBoard (HeliBoard fork)	2026-09-30T15:43:27.1994776Z C/C++: /home/runner/work/daddyboard/daddyboard/daddyboard-main/app/src/main/jni/src/defines.h:289:8: note: expanded from macro 'DISALLOW_ASSIGNMENT_OPERATOR'
build	Build DaddyBoard (HeliBoard fork)	2026-09-30T15:43:27.1995976Z C/C++:   289 |   void operator=(const TypeName&) = delete
build	Build DaddyBoard (HeliBoard fork)	2026-09-30T15:43:27.1996480Z C/C++:       |        ^
build	Build DaddyBoard (HeliBoard fork)	2026-09-30T15:43:27.1997658Z C/C++: /usr/local/lib/android/sdk/ndk/28.0.13004108/toolchains/llvm/prebuilt/linux-x86_64/sysroot/usr/include/c++/v1/__memory/allocator.h:173:24: note: in implicit copy constructor for 'latinime::IntArrayView' first required here
build	Build DaddyBoard (HeliBoard fork)	2026-09-30T15:43:27.1999048Z C/C++:   173 |     ::new ((void*)__p) _Up(std::forward<_Args>(__args)...);
build	Build DaddyBoard (HeliBoard fork)	2026-09-30T15:43:27.1999593Z C/C++:       |                        ^
build	Build DaddyBoard (HeliBoard fork)	2026-09-30T15:43:27.2001529Z C/C++: /usr/local/lib/android/sdk/ndk/28.0.13004108/toolchains/llvm/prebuilt/linux-x86_64/sysroot/usr/include/c++/v1/__memory/allocator_traits.h:320:9: note: in instantiation of function template specialization 'std::allocator<latinime::IntArrayView>::construct<latinime::IntArrayView, latinime::IntArrayView>' requested here
build	Build DaddyBoard (HeliBoard fork)	2026-09-30T15:43:27.2003227Z C/C++:   320 |     __a.construct(__p, std::forward<_Args>(__args)...);
build	Build DaddyBoard (HeliBoard fork)	2026-09-30T15:43:27.2003759Z C/C++:       |         ^
build	Build DaddyBoard (HeliBoard fork)	2026-09-30T15:43:27.2005401Z C/C++: /usr/local/lib/android/sdk/ndk/28.0.13004108/toolchains/llvm/prebuilt/linux-x86_64/sysroot/usr/include/c++/v1/__memory/uninitialized_algorithms.h:639:33: note: in instantiation of function template specialization 'std::allocator_traits<std::allocator<latinime::IntArrayView>>::construct<latinime::IntArrayView, latinime::IntArrayView, 0>' requested here
build	Build DaddyBoard (HeliBoard fork)	2026-09-30T15:43:27.2007295Z C/C++:   639 |       allocator_traits<_Alloc>::construct(__alloc, __result, std::move(*__iter));
build	Build DaddyBoard (HeliBoard fork)	2026-09-30T15:43:27.2007922Z C/C++:       |                                 ^
build	Build DaddyBoard (HeliBoard fork)	2026-09-30T15:43:27.2009187Z C/C++: /usr/local/lib/android/sdk/ndk/28.0.13004108/toolchains/llvm/prebuilt/linux-x86_64/sysroot/usr/include/c++/v1/vector:1511:3: note: in instantiation of member function 'std::vector<latinime::IntArrayView>::__swap_out_circular_buffer' requested here
build	Build DaddyBoard (HeliBoard fork)	2026-09-30T15:43:27.2010520Z C/C++:  1511 |   __swap_out_circular_buffer(__v);
build	Build DaddyBoard (HeliBoard fork)	2026-09-30T15:43:27.2011111Z C/C++:       |   ^
build	Build DaddyBoard (HeliBoard fork)	2026-09-30T15:43:27.2012734Z C/C++: /usr/local/lib/android/sdk/ndk/28.0.13004108/toolchains/llvm/prebuilt/linux-x86_64/sysroot/usr/include/c++/v1/vector:1529:13: note: in instantiation of function template specialization 'std::vector<latinime::IntArrayView>::__emplace_back_slow_path<const int *const &, const unsigned long &>' requested here
build	Build DaddyBoard (HeliBoard fork)	2026-09-30T15:43:27.2014605Z C/C++:  1529 |     __end = __emplace_back_slow_path(std::forward<_Args>(__args)...);
build	Build DaddyBoard (HeliBoard fork)	2026-09-30T15:43:27.2015214Z C/C++:       |             ^
build	Build DaddyBoard (HeliBoard fork)	2026-09-30T15:43:27.2016615Z C/C++: /home/runner/work/daddyboard/daddyboard/daddyboard-main/app/src/main/jni/src/utils/int_array_view.h:142:20: note: in instantiation of function template specialization 'std::vector<latinime::IntArrayView>::emplace_back<const int *const &, const unsigned long &>' requested here
build	Build DaddyBoard (HeliBoard fork)	2026-09-30T15:43:27.2018909Z C/C++:   142 |             result.emplace_back(mPtr, mSize);
build	Build DaddyBoard (HeliBoard fork)	2026-09-30T15:43:27.2019751Z C/C++:       |                    ^
build	Build DaddyBoard (HeliBoard fork)	2026-09-30T15:43:27.2020205Z C/C++: 2 warnings generated.
build	Build DaddyBoard (HeliBoard fork)	2026-09-30T15:43:27.2894306Z C/C++: In file included from /home/runner/work/daddyboard/daddyboard/daddyboard-main/app/src/main/jni/src/dictionary/structure/v2/ver2_pt_node_array_reader.cpp:17:
build	Build DaddyBoard (HeliBoard fork)	2026-09-30T15:43:27.2922354Z C/C++: In file included from /home/runner/work/daddyboard/daddyboard/daddyboard-main/app/src/main/jni/src/dictionary/structure/v2/ver2_pt_node_array_reader.h:24:
build	Build DaddyBoard (HeliBoard fork)	2026-09-30T15:43:27.2942460Z C/C++: /home/runner/work/daddyboard/daddyboard/daddyboard-main/app/src/main/jni/src/utils/byte_array_view.h:53:5: warning: definition of implicit copy constructor for 'ReadOnlyByteArrayView' is deprecated because it has a user-declared copy assignment operator [-Wdeprecated-copy]
build	Build DaddyBoard (HeliBoard fork)	2026-09-30T15:43:27.2971475Z C/C++:    53 |     DISALLOW_ASSIGNMENT_OPERATOR(ReadOnlyByteArrayView);
build	Build DaddyBoard (HeliBoard fork)	2026-09-30T15:43:27.2981319Z C/C++:       |     ^
build	Build DaddyBoard (HeliBoard fork)	2026-09-30T15:43:27.3005287Z C/C++: /home/runner/work/daddyboard/daddyboard/daddyboard-main/app/src/main/jni/src/defines.h:289:8: note: expanded from macro 'DISALLOW_ASSIGNMENT_OPERATOR'
build	Build DaddyBoard (HeliBoard fork)	2026-09-30T15:43:27.3031486Z C/C++:   289 |   void operator=(const TypeName&) = delete
build	Build DaddyBoard (HeliBoard fork)	2026-09-30T15:43:27.3061371Z C/C++:       |        ^
build	Build DaddyBoard (HeliBoard fork)	2026-09-30T15:43:27.3062565Z C/C++: /home/runner/work/daddyboard/daddyboard/daddyboard-main/app/src/main/jni/src/dictionary/structure/v2/ver2_pt_node_array_reader.h:30:65: note: in implicit copy constructor for 'latinime::ReadOnlyByteArrayView' first required here
build	Build DaddyBoard (HeliBoard fork)	2026-09-30T15:43:27.3091734Z C/C++:    30 |     Ver2PtNodeArrayReader(const ReadOnlyByteArrayView buffer) : mBuffer(buffer) {};
build	Build DaddyBoard (HeliBoard fork)	2026-09-30T15:43:27.3121544Z C/C++:       |                                                                 ^
build	Build DaddyBoard (HeliBoard fork)	2026-09-30T15:43:27.3151384Z C/C++: 1 warning generated.
build	Build DaddyBoard (HeliBoard fork)	2026-09-30T15:43:27.8875607Z C/C++: In file included from /home/runner/work/daddyboard/daddyboard/daddyboard-main/app/src/main/jni/src/dictionary/structure/v4/ver4_dict_buffers.cpp:17:
build	Build DaddyBoard (HeliBoard fork)	2026-09-30T15:43:27.8922146Z C/C++: In file included from /home/runner/work/daddyboard/daddyboard/daddyboard-main/app/src/main/jni/src/dictionary/structure/v4/ver4_dict_buffers.h:24:
build	Build DaddyBoard (HeliBoard fork)	2026-09-30T15:43:27.8951939Z C/C++: In file included from /home/runner/work/daddyboard/daddyboard/daddyboard-main/app/src/main/jni/src/dictionary/header/header_policy.h:25:
build	Build DaddyBoard (HeliBoard fork)	2026-09-30T15:43:27.8982890Z C/C++: /home/runner/work/daddyboard/daddyboard/daddyboard-main/app/src/main/jni/src/dictionary/utils/entry_counters.h:44:5: warning: definition of implicit copy constructor for 'EntryCounts' is deprecated because it has a user-declared copy assignment operator [-Wdeprecated-copy]
build	Build DaddyBoard (HeliBoard fork)	2026-09-30T15:43:27.8984438Z C/C++:    44 |     DISALLOW_ASSIGNMENT_OPERATOR(EntryCounts);
build	Build DaddyBoard (HeliBoard fork)	2026-09-30T15:43:27.9001456Z C/C++:       |     ^
build	Build DaddyBoard (HeliBoard fork)	2026-09-30T15:43:27.9031996Z C/C++: /home/runner/work/daddyboard/daddyboard/daddyboard-main/app/src/main/jni/src/defines.h:289:8: note: expanded from macro 'DISALLOW_ASSIGNMENT_OPERATOR'
build	Build DaddyBoard (HeliBoard fork)	2026-09-30T15:43:27.9061580Z C/C++:   289 |   void operator=(const TypeName&) = delete
build	Build DaddyBoard (HeliBoard fork)	2026-09-30T15:43:27.9091506Z C/C++:       |        ^
build	Build DaddyBoard (HeliBoard fork)	2026-09-30T15:43:27.9092799Z C/C++: /home/runner/work/daddyboard/daddyboard/daddyboard-main/app/src/main/jni/src/dictionary/header/header_policy.h:92:15: note: in implicit copy constructor for 'latinime::EntryCounts' first required here
build	Build DaddyBoard (HeliBoard fork)	2026-09-30T15:43:27.9121645Z C/C++:    92 |               mNgramCounts(headerPolicy->mNgramCounts),
build	Build DaddyBoard (HeliBoard fork)	2026-09-30T15:43:27.9151503Z C/C++:       |               ^
build	Build DaddyBoard (HeliBoard fork)	2026-09-30T15:43:27.9161912Z C/C++: In file included from /home/runner/work/daddyboard/daddyboard/daddyboard-main/app/src/main/jni/src/dictionary/structure/v4/ver4_dict_buffers.cpp:17:
build	Build DaddyBoard (HeliBoard fork)	2026-09-30T15:43:27.9181996Z C/C++: In file included from /home/runner/work/daddyboard/daddyboard/daddyboard-main/app/src/main/jni/src/dictionary/structure/v4/ver4_dict_buffers.h:25:
build	Build DaddyBoard (HeliBoard fork)	2026-09-30T15:43:27.9211984Z C/C++: In file included from /home/runner/work/daddyboard/daddyboard/daddyboard-main/app/src/main/jni/src/dictionary/structure/v4/content/language_model_dict_content.h:26:
build	Build DaddyBoard (HeliBoard fork)	2026-09-30T15:43:27.9241952Z C/C++: In file included from /home/runner/work/daddyboard/daddyboard/daddyboard-main/app/src/main/jni/src/dictionary/structure/v4/content/probability_entry.h:24:
build	Build DaddyBoard (HeliBoard fork)	2026-09-30T15:43:27.9243885Z C/C++: /home/runner/work/daddyboard/daddyboard/daddyboard-main/app/src/main/jni/src/dictionary/property/historical_info.h:52:5: warning: definition of implicit copy constructor for 'HistoricalInfo' is deprecated because it has a user-declared copy assignment operator [-Wdeprecated-copy]
build	Build DaddyBoard (HeliBoard fork)	2026-09-30T15:43:27.9271550Z C/C++:    52 |     DISALLOW_ASSIGNMENT_OPERATOR(HistoricalInfo);
build	Build DaddyBoard (HeliBoard fork)	2026-09-30T15:43:27.9271986Z C/C++:       |     ^
build	Build DaddyBoard (HeliBoard fork)	2026-09-30T15:43:27.9272762Z C/C++: /home/runner/work/daddyboard/daddyboard/daddyboard-main/app/src/main/jni/src/defines.h:289:8: note: expanded from macro 'DISALLOW_ASSIGNMENT_OPERATOR'
build	Build DaddyBoard (HeliBoard fork)	2026-09-30T15:43:27.9273625Z C/C++:   289 |   void operator=(const TypeName&) = delete
build	Build DaddyBoard (HeliBoard fork)	2026-09-30T15:43:27.9273996Z C/C++:       |        ^
build	Build DaddyBoard (HeliBoard fork)	2026-09-30T15:43:27.9275017Z C/C++: /home/runner/work/daddyboard/daddyboard/daddyboard-main/app/src/main/jni/src/dictionary/property/ngram_property.h:33:42: note: in implicit copy constructor for 'latinime::HistoricalInfo' first required here
build	Build DaddyBoard (HeliBoard fork)	2026-09-30T15:43:27.9276662Z C/C++:    33 |               mProbability(probability), mHistoricalInfo(historicalInfo) {}
build	Build DaddyBoard (HeliBoard fork)	2026-09-30T15:43:27.9277181Z C/C++:       |                                          ^
build	Build DaddyBoard (HeliBoard fork)	2026-09-30T15:43:27.9278001Z C/C++: In file included from /home/runner/work/daddyboard/daddyboard/daddyboard-main/app/src/main/jni/src/dictionary/structure/v4/ver4_dict_buffers.cpp:17:
build	Build DaddyBoard (HeliBoard fork)	2026-09-30T15:43:27.9279204Z C/C++: In file included from /home/runner/work/daddyboard/daddyboard/daddyboard-main/app/src/main/jni/src/dictionary/structure/v4/ver4_dict_buffers.h:25:
build	Build DaddyBoard (HeliBoard fork)	2026-09-30T15:43:27.9280501Z C/C++: In file included from /home/runner/work/daddyboard/daddyboard/daddyboard-main/app/src/main/jni/src/dictionary/structure/v4/content/language_model_dict_content.h:30:
build	Build DaddyBoard (HeliBoard fork)	2026-09-30T15:43:27.9312684Z C/C++: /home/runner/work/daddyboard/daddyboard/daddyboard-main/app/src/main/jni/src/dictionary/utils/trie_map.h:129:9: warning: definition of implicit copy constructor for 'TrieMapIterator' is deprecated because it has a user-declared copy assignment operator [-Wdeprecated-copy]
build	Build DaddyBoard (HeliBoard fork)	2026-09-30T15:43:27.9314197Z C/C++:   129 |         DISALLOW_ASSIGNMENT_OPERATOR(TrieMapIterator);
build	Build DaddyBoard (HeliBoard fork)	2026-09-30T15:43:27.9314625Z C/C++:       |         ^
build	Build DaddyBoard (HeliBoard fork)	2026-09-30T15:43:27.9315402Z C/C++: /home/runner/work/daddyboard/daddyboard/daddyboard-main/app/src/main/jni/src/defines.h:289:8: note: expanded from macro 'DISALLOW_ASSIGNMENT_OPERATOR'
build	Build DaddyBoard (HeliBoard fork)	2026-09-30T15:43:27.9316291Z C/C++:   289 |   void operator=(const TypeName&) = delete
build	Build DaddyBoard (HeliBoard fork)	2026-09-30T15:43:27.9316666Z C/C++:       |        ^
build	Build DaddyBoard (HeliBoard fork)	2026-09-30T15:43:27.9317821Z C/C++: /home/runner/work/daddyboard/daddyboard/daddyboard-main/app/src/main/jni/src/dictionary/structure/v4/content/language_model_dict_content.h:67:19: note: in implicit copy constructor for 'latinime::TrieMap::TrieMapIterator' first required here
build	Build DaddyBoard (HeliBoard fork)	2026-09-30T15:43:27.9331582Z C/C++:    67 |                 : mTrieMapIterator(trieMapIterator), mHasHistoricalInfo(hasHistoricalInfo) {}
build	Build DaddyBoard (HeliBoard fork)	2026-09-30T15:43:27.9332137Z C/C++:       |                   ^
build	Build DaddyBoard (HeliBoard fork)	2026-09-30T15:43:27.9332924Z C/C++: In file included from /home/runner/work/daddyboard/daddyboard/daddyboard-main/app/src/main/jni/src/dictionary/structure/v4/ver4_dict_buffers.cpp:17:
build	Build DaddyBoard (HeliBoard fork)	2026-09-30T15:43:27.9334565Z C/C++: In file included from /home/runner/work/daddyboard/daddyboard/daddyboard-main/app/src/main/jni/src/dictionary/structure/v4/ver4_dict_buffers.h:25:
build	Build DaddyBoard (HeliBoard fork)	2026-09-30T15:43:27.9335876Z C/C++: In file included from /home/runner/work/daddyboard/daddyboard/daddyboard-main/app/src/main/jni/src/dictionary/structure/v4/content/language_model_dict_content.h:30:
build	Build DaddyBoard (HeliBoard fork)	2026-09-30T15:43:27.9337720Z C/C++: /home/runner/work/daddyboard/daddyboard/daddyboard-main/app/src/main/jni/src/dictionary/utils/trie_map.h:158:9: warning: definition of implicit copy constructor for 'TrieMapRange' is deprecated because it has a user-declared copy assignment operator [-Wdeprecated-copy]
build	Build DaddyBoard (HeliBoard fork)	2026-09-30T15:43:27.9339158Z C/C++:   158 |         DISALLOW_ASSIGNMENT_OPERATOR(TrieMapRange);
build	Build DaddyBoard (HeliBoard fork)	2026-09-30T15:43:27.9339533Z C/C++:       |         ^
build	Build DaddyBoard (HeliBoard fork)	2026-09-30T15:43:27.9340343Z C/C++: /home/runner/work/daddyboard/daddyboard/daddyboard-main/app/src/main/jni/src/defines.h:289:8: note: expanded from macro 'DISALLOW_ASSIGNMENT_OPERATOR'
build	Build DaddyBoard (HeliBoard fork)	2026-09-30T15:43:27.9341424Z C/C++:   289 |   void operator=(const TypeName&) = delete
build	Build DaddyBoard (HeliBoard fork)	2026-09-30T15:43:27.9341786Z C/C++:       |        ^
build	Build DaddyBoard (HeliBoard fork)	2026-09-30T15:43:27.9342898Z C/C++: /home/runner/work/daddyboard/daddyboard/daddyboard-main/app/src/main/jni/src/dictionary/structure/v4/content/language_model_dict_content.h:96:19: note: in implicit copy constructor for 'latinime::TrieMap::TrieMapRange' first required here
build	Build DaddyBoard (HeliBoard fork)	2026-09-30T15:43:27.9344298Z C/C++:    96 |                 : mTrieMapRange(trieMapRange), mHasHistoricalInfo(hasHistoricalInfo) {}
build	Build DaddyBoard (HeliBoard fork)	2026-09-30T15:43:27.9344842Z C/C++:       |                   ^
build	Build DaddyBoard (HeliBoard fork)	2026-09-30T15:43:27.9345569Z C/C++: In file included from /home/runner/work/daddyboard/daddyboard/daddyboard-main/app/src/main/jni/src/dictionary/structure/v4/ver4_dict_buffers.cpp:17:
build	Build DaddyBoard (HeliBoard fork)	2026-09-30T15:43:27.9347082Z C/C++: In file included from /home/runner/work/daddyboard/daddyboard/daddyboard-main/app/src/main/jni/src/dictionary/structure/v4/ver4_dict_buffers.h:25:
build	Build DaddyBoard (HeliBoard fork)	2026-09-30T15:43:27.9348442Z C/C++: In file included from /home/runner/work/daddyboard/daddyboard/daddyboard-main/app/src/main/jni/src/dictionary/structure/v4/content/language_model_dict_content.h:24:
build	Build DaddyBoard (HeliBoard fork)	2026-09-30T15:43:27.9350350Z C/C++: /home/runner/work/daddyboard/daddyboard/daddyboard-main/app/src/main/jni/src/dictionary/property/word_attributes.h:59:5: warning: definition of implicit copy constructor for 'WordAttributes' is deprecated because it has a user-declared copy assignment operator [-Wdeprecated-copy]
build	Build DaddyBoard (HeliBoard fork)	2026-09-30T15:43:27.9351925Z C/C++:    59 |     DISALLOW_ASSIGNMENT_OPERATOR(WordAttributes);
build	Build DaddyBoard (HeliBoard fork)	2026-09-30T15:43:27.9352305Z C/C++:       |     ^
build	Build DaddyBoard (HeliBoard fork)	2026-09-30T15:43:27.9353047Z C/C++: /home/runner/work/daddyboard/daddyboard/daddyboard-main/app/src/main/jni/src/defines.h:289:8: note: expanded from macro 'DISALLOW_ASSIGNMENT_OPERATOR'
build	Build DaddyBoard (HeliBoard fork)	2026-09-30T15:43:27.9353920Z C/C++:   289 |   void operator=(const TypeName&) = delete
build	Build DaddyBoard (HeliBoard fork)	2026-09-30T15:43:27.9354282Z C/C++:       |        ^
build	Build DaddyBoard (HeliBoard fork)	2026-09-30T15:43:27.9355326Z C/C++: /home/runner/work/daddyboard/daddyboard/daddyboard-main/app/src/main/jni/src/dictionary/structure/v4/content/language_model_dict_content.h:119:19: note: in implicit copy constructor for 'WordAttributes' first required here
build	Build DaddyBoard (HeliBoard fork)	2026-09-30T15:43:27.9356612Z C/C++:   119 |                   mWordAttributes(wordAttributes), mProbabilityEntry(probabilityEntry) {}
build	Build DaddyBoard (HeliBoard fork)	2026-09-30T15:43:27.9357080Z C/C++:       |                   ^
build	Build DaddyBoard (HeliBoard fork)	2026-09-30T15:43:27.9358089Z C/C++: /home/runner/work/daddyboard/daddyboard/daddyboard-main/app/src/main/jni/src/dictionary/structure/v4/ver4_dict_buffers.cpp:74:21: warning: variable length arrays in C++ are a Clang extension [-Wvla-cxx-extension]
build	Build DaddyBoard (HeliBoard fork)	2026-09-30T15:43:27.9359195Z C/C++:    74 |     char tmpDirPath[tmpDirPathBufSize];
build	Build DaddyBoard (HeliBoard fork)	2026-09-30T15:43:27.9359577Z C/C++:       |                     ^~~~~~~~~~~~~~~~~
build	Build DaddyBoard (HeliBoard fork)	2026-09-30T15:43:27.9360705Z C/C++: /home/runner/work/daddyboard/daddyboard/daddyboard-main/app/src/main/jni/src/dictionary/structure/v4/ver4_dict_buffers.cpp:74:21: note: initializer of 'tmpDirPathBufSize' is not a constant expression
build	Build DaddyBoard (HeliBoard fork)	2026-09-30T15:43:27.9393118Z C/C++: /home/runner/work/daddyboard/daddyboard/daddyboard-main/app/src/main/jni/src/dictionary/structure/v4/ver4_dict_buffers.cpp:72:15: note: declared here
build	Build DaddyBoard (HeliBoard fork)	2026-09-30T15:43:27.9411596Z C/C++:    72 |     const int tmpDirPathBufSize = FileUtils::getFilePathWithSuffixBufSize(dictDirPath,
build	Build DaddyBoard (HeliBoard fork)	2026-09-30T15:43:27.9441478Z C/C++:       |               ^
build	Build DaddyBoard (HeliBoard fork)	2026-09-30T15:43:27.9442688Z C/C++: /home/runner/work/daddyboard/daddyboard/daddyboard-main/app/src/main/jni/src/dictionary/structure/v4/ver4_dict_buffers.cpp:92:19: warning: variable length arrays in C++ are a Clang extension [-Wvla-cxx-extension]
build	Build DaddyBoard (HeliBoard fork)	2026-09-30T15:43:27.9471404Z C/C++:    92 |     char dictName[dictNameBufSize];
build	Build DaddyBoard (HeliBoard fork)	2026-09-30T15:43:27.9501493Z C/C++:       |                   ^~~~~~~~~~~~~~~
build	Build DaddyBoard (HeliBoard fork)	2026-09-30T15:43:27.9503659Z C/C++: /home/runner/work/daddyboard/daddyboard/daddyboard-main/app/src/main/jni/src/dictionary/structure/v4/ver4_dict_buffers.cpp:92:19: note: initializer of 'dictNameBufSize' is not a constant expression
build	Build DaddyBoard (HeliBoard fork)	2026-09-30T15:43:27.9531922Z C/C++: /home/runner/work/daddyboard/daddyboard/daddyboard-main/app/src/main/jni/src/dictionary/structure/v4/ver4_dict_buffers.cpp:91:15: note: declared here
build	Build DaddyBoard (HeliBoard fork)	2026-09-30T15:43:27.9551511Z C/C++:    91 |     const int dictNameBufSize = strlen(dictDirPath) + 1 /* terminator */;
build	Build DaddyBoard (HeliBoard fork)	2026-09-30T15:43:27.9581290Z C/C++:       |               ^
build	Build DaddyBoard (HeliBoard fork)	2026-09-30T15:43:27.9611898Z C/C++: /home/runner/work/daddyboard/daddyboard/daddyboard-main/app/src/main/jni/src/dictionary/structure/v4/ver4_dict_buffers.cpp:95:19: warning: variable length arrays in C++ are a Clang extension [-Wvla-cxx-extension]
build	Build DaddyBoard (HeliBoard fork)	2026-09-30T15:43:27.9621336Z C/C++:    95 |     char dictPath[dictPathBufSize];
build	Build DaddyBoard (HeliBoard fork)	2026-09-30T15:43:27.9641449Z C/C++:       |                   ^~~~~~~~~~~~~~~
build	Build DaddyBoard (HeliBoard fork)	2026-09-30T15:43:27.9661991Z C/C++: /home/runner/work/daddyboard/daddyboard/daddyboard-main/app/src/main/jni/src/dictionary/structure/v4/ver4_dict_buffers.cpp:95:19: note: initializer of 'dictPathBufSize' is not a constant expression
build	Build DaddyBoard (HeliBoard fork)	2026-09-30T15:43:27.9702145Z C/C++: /home/runner/work/daddyboard/daddyboard/daddyboard-main/app/src/main/jni/src/dictionary/structure/v4/ver4_dict_buffers.cpp:94:15: note: declared here
build	Build DaddyBoard (HeliBoard fork)	2026-09-30T15:43:27.9703351Z C/C++:    94 |     const int dictPathBufSize = FileUtils::getFilePathBufSize(tmpDirPath, dictName);
build	Build DaddyBoard (HeliBoard fork)	2026-09-30T15:43:27.9731395Z C/C++:       |               ^
build	Build DaddyBoard (HeliBoard fork)	2026-09-30T15:43:27.9761025Z C/C++: /home/runner/work/daddyboard/daddyboard/daddyboard-main/app/src/main/jni/src/dictionary/structure/v4/ver4_dict_buffers.cpp:109:23: warning: variable length arrays in C++ are a Clang extension [-Wvla-cxx-extension]
build	Build DaddyBoard (HeliBoard fork)	2026-09-30T15:43:27.9791577Z C/C++:   109 |     char bodyFilePath[bodyFilePathBufSize];
build	Build DaddyBoard (HeliBoard fork)	2026-09-30T15:43:27.9805386Z C/C++:       |                       ^~~~~~~~~~~~~~~~~~~
build	Build DaddyBoard (HeliBoard fork)	2026-09-30T15:43:27.9822256Z C/C++: /home/runner/work/daddyboard/daddyboard/daddyboard-main/app/src/main/jni/src/dictionary/structure/v4/ver4_dict_buffers.cpp:109:23: note: initializer of 'bodyFilePathBufSize' is not a constant expression
build	Build DaddyBoard (HeliBoard fork)	2026-09-30T15:43:27.9851903Z C/C++: /home/runner/work/daddyboard/daddyboard/daddyboard-main/app/src/main/jni/src/dictionary/structure/v4/ver4_dict_buffers.cpp:107:15: note: declared here
build	Build DaddyBoard (HeliBoard fork)	2026-09-30T15:43:27.9853073Z C/C++:   107 |     const int bodyFilePathBufSize = FileUtils::getFilePathWithSuffixBufSize(dictPath,
build	Build DaddyBoard (HeliBoard fork)	2026-09-30T15:43:27.9853651Z C/C++:       |               ^
build	Build DaddyBoard (HeliBoard fork)	2026-09-30T15:43:28.0872136Z C/C++: In file included from /home/runner/work/daddyboard/daddyboard/daddyboard-main/app/src/main/jni/src/dictionary/structure/v4/ver4_dict_buffers.cpp:17:
build	Build DaddyBoard (HeliBoard fork)	2026-09-30T15:43:28.0899541Z C/C++: In file included from /home/runner/work/daddyboard/daddyboard/daddyboard-main/app/src/main/jni/src/dictionary/structure/v4/ver4_dict_buffers.h:25:
build	Build DaddyBoard (HeliBoard fork)	2026-09-30T15:43:28.0932096Z C/C++: In file included from /home/runner/work/daddyboard/daddyboard/daddyboard-main/app/src/main/jni/src/dictionary/structure/v4/content/language_model_dict_content.h:26:
build	Build DaddyBoard (HeliBoard fork)	2026-09-30T15:43:28.0934240Z C/C++: In file included from /home/runner/work/daddyboard/daddyboard/daddyboard-main/app/src/main/jni/src/dictionary/structure/v4/content/probability_entry.h:25:
build	Build DaddyBoard (HeliBoard fork)	2026-09-30T15:43:28.0961968Z C/C++: In file included from /home/runner/work/daddyboard/daddyboard/daddyboard-main/app/src/main/jni/src/dictionary/property/ngram_property.h:24:
build	Build DaddyBoard (HeliBoard fork)	2026-09-30T15:43:28.0991914Z C/C++: In file included from /home/runner/work/daddyboard/daddyboard/daddyboard-main/app/src/main/jni/src/dictionary/property/ngram_context.h:23:
build	Build DaddyBoard (HeliBoard fork)	2026-09-30T15:43:28.1012526Z C/C++: /home/runner/work/daddyboard/daddyboard/daddyboard-main/app/src/main/jni/src/utils/int_array_view.h:160:5: warning: definition of implicit copy constructor for 'IntArrayView' is deprecated because it has a user-declared copy assignment operator [-Wdeprecated-copy]
build	Build DaddyBoard (HeliBoard fork)	2026-09-30T15:43:28.1027025Z C/C++:   160 |     DISALLOW_ASSIGNMENT_OPERATOR(IntArrayView);
build	Build DaddyBoard (HeliBoard fork)	2026-09-30T15:43:28.1051510Z C/C++:       |     ^
build	Build DaddyBoard (HeliBoard fork)	2026-09-30T15:43:28.1081967Z C/C++: /home/runner/work/daddyboard/daddyboard/daddyboard-main/app/src/main/jni/src/defines.h:289:8: note: expanded from macro 'DISALLOW_ASSIGNMENT_OPERATOR'
build	Build DaddyBoard (HeliBoard fork)	2026-09-30T15:43:28.1100654Z C/C++:   289 |   void operator=(const TypeName&) = delete
build	Build DaddyBoard (HeliBoard fork)	2026-09-30T15:43:28.1121368Z C/C++:       |        ^
build	Build DaddyBoard (HeliBoard fork)	2026-09-30T15:43:28.1142317Z C/C++: /usr/local/lib/android/sdk/ndk/28.0.13004108/toolchains/llvm/prebuilt/linux-x86_64/sysroot/usr/include/c++/v1/__memory/allocator.h:173:24: note: in implicit copy constructor for 'latinime::IntArrayView' first required here
build	Build DaddyBoard (HeliBoard fork)	2026-09-30T15:43:28.1171517Z C/C++:   173 |     ::new ((void*)__p) _Up(std::forward<_Args>(__args)...);
build	Build DaddyBoard (HeliBoard fork)	2026-09-30T15:43:28.1191511Z C/C++:       |                        ^
build	Build DaddyBoard (HeliBoard fork)	2026-09-30T15:43:28.1212483Z C/C++: /usr/local/lib/android/sdk/ndk/28.0.13004108/toolchains/llvm/prebuilt/linux-x86_64/sysroot/usr/include/c++/v1/__memory/allocator_traits.h:320:9: note: in instantiation of function template specialization 'std::allocator<latinime::IntArrayView>::construct<latinime::IntArrayView, latinime::IntArrayView>' requested here
build	Build DaddyBoard (HeliBoard fork)	2026-09-30T15:43:28.1231535Z C/C++:   320 |     __a.construct(__p, std::forward<_Args>(__args)...);
build	Build DaddyBoard (HeliBoard fork)	2026-09-30T15:43:28.1261369Z C/C++:       |         ^
build	Build DaddyBoard (HeliBoard fork)	2026-09-30T15:43:28.1282648Z C/C++: /usr/local/lib/android/sdk/ndk/28.0.13004108/toolchains/llvm/prebuilt/linux-x86_64/sysroot/usr/include/c++/v1/__memory/uninitialized_algorithms.h:639:33: note: in instantiation of function template specialization 'std::allocator_traits<std::allocator<latinime::IntArrayView>>::construct<latinime::IntArrayView, latinime::IntArrayView, 0>' requested here
build	Build DaddyBoard (HeliBoard fork)	2026-09-30T15:43:28.1291632Z C/C++:   639 |       allocator_traits<_Alloc>::construct(__alloc, __result, std::move(*__iter));
build	Build DaddyBoard (HeliBoard fork)	2026-09-30T15:43:28.1321427Z C/C++:       |                                 ^
build	Build DaddyBoard (HeliBoard fork)	2026-09-30T15:43:28.1352287Z C/C++: /usr/local/lib/android/sdk/ndk/28.0.13004108/toolchains/llvm/prebuilt/linux-x86_64/sysroot/usr/include/c++/v1/vector:1511:3: note: in instantiation of member function 'std::vector<latinime::IntArrayView>::__swap_out_circular_buffer' requested here
build	Build DaddyBoard (HeliBoard fork)	2026-09-30T15:43:28.1381535Z C/C++:  1511 |   __swap_out_circular_buffer(__v);
build	Build DaddyBoard (HeliBoard fork)	2026-09-30T15:43:28.1403159Z C/C++:       |   ^
build	Build DaddyBoard (HeliBoard fork)	2026-09-30T15:43:28.1432526Z C/C++: /usr/local/lib/android/sdk/ndk/28.0.13004108/toolchains/llvm/prebuilt/linux-x86_64/sysroot/usr/include/c++/v1/vector:1529:13: note: in instantiation of function template specialization 'std::vector<latinime::IntArrayView>::__emplace_back_slow_path<const int *const &, const unsigned long &>' requested here
build	Build DaddyBoard (HeliBoard fork)	2026-09-30T15:43:28.1461622Z C/C++:  1529 |     __end = __emplace_back_slow_path(std::forward<_Args>(__args)...);
build	Build DaddyBoard (HeliBoard fork)	2026-09-30T15:43:28.1471303Z C/C++:       |             ^
build	Build DaddyBoard (HeliBoard fork)	2026-09-30T15:43:28.1492556Z C/C++: /home/runner/work/daddyboard/daddyboard/daddyboard-main/app/src/main/jni/src/utils/int_array_view.h:142:20: note: in instantiation of function template specialization 'std::vector<latinime::IntArrayView>::emplace_back<const int *const &, const unsigned long &>' requested here
build	Build DaddyBoard (HeliBoard fork)	2026-09-30T15:43:28.1521501Z C/C++:   142 |             result.emplace_back(mPtr, mSize);
build	Build DaddyBoard (HeliBoard fork)	2026-09-30T15:43:28.1551405Z C/C++:       |                    ^
build	Build DaddyBoard (HeliBoard fork)	2026-09-30T15:43:28.1891925Z C/C++: 10 warnings generated.
build	Build DaddyBoard (HeliBoard fork)	2026-09-30T15:43:28.7882551Z C/C++: In file included from /home/runner/work/daddyboard/daddyboard/daddyboard-main/app/src/main/jni/src/dictionary/structure/v4/ver4_patricia_trie_node_reader.cpp:19:
build	Build DaddyBoard (HeliBoard fork)	2026-09-30T15:43:28.7891776Z C/C++: In file included from /home/runner/work/daddyboard/daddyboard/daddyboard-main/app/src/main/jni/src/dictionary/header/header_policy.h:25:
build	Build DaddyBoard (HeliBoard fork)	2026-09-30T15:43:28.7902403Z C/C++: /home/runner/work/daddyboard/daddyboard/daddyboard-main/app/src/main/jni/src/dictionary/utils/entry_counters.h:44:5: warning: definition of implicit copy constructor for 'EntryCounts' is deprecated because it has a user-declared copy assignment operator [-Wdeprecated-copy]
build	Build DaddyBoard (HeliBoard fork)	2026-09-30T15:43:28.7931373Z C/C++:    44 |     DISALLOW_ASSIGNMENT_OPERATOR(EntryCounts);
build	Build DaddyBoard (HeliBoard fork)	2026-09-30T15:43:28.7961319Z C/C++:       |     ^
build	Build DaddyBoard (HeliBoard fork)	2026-09-30T15:43:28.7991852Z C/C++: /home/runner/work/daddyboard/daddyboard/daddyboard-main/app/src/main/jni/src/defines.h:289:8: note: expanded from macro 'DISALLOW_ASSIGNMENT_OPERATOR'
build	Build DaddyBoard (HeliBoard fork)	2026-09-30T15:43:28.8021396Z C/C++:   289 |   void operator=(const TypeName&) = delete
build	Build DaddyBoard (HeliBoard fork)	2026-09-30T15:43:28.8051418Z C/C++:       |        ^
build	Build DaddyBoard (HeliBoard fork)	2026-09-30T15:43:28.8082096Z C/C++: /home/runner/work/daddyboard/daddyboard/daddyboard-main/app/src/main/jni/src/dictionary/header/header_policy.h:92:15: note: in implicit copy constructor for 'latinime::EntryCounts' first required here
build	Build DaddyBoard (HeliBoard fork)	2026-09-30T15:43:28.8091380Z C/C++:    92 |               mNgramCounts(headerPolicy->mNgramCounts),
build	Build DaddyBoard (HeliBoard fork)	2026-09-30T15:43:28.8111302Z C/C++:       |               ^
build	Build DaddyBoard (HeliBoard fork)	2026-09-30T15:43:28.8141893Z C/C++: In file included from /home/runner/work/daddyboard/daddyboard/daddyboard-main/app/src/main/jni/src/dictionary/structure/v4/ver4_patricia_trie_node_reader.cpp:22:
build	Build DaddyBoard (HeliBoard fork)	2026-09-30T15:43:28.8171940Z C/C++: In file included from /home/runner/work/daddyboard/daddyboard/daddyboard-main/app/src/main/jni/src/dictionary/structure/v4/content/language_model_dict_content.h:26:
build	Build DaddyBoard (HeliBoard fork)	2026-09-30T15:43:28.8201901Z C/C++: In file included from /home/runner/work/daddyboard/daddyboard/daddyboard-main/app/src/main/jni/src/dictionary/structure/v4/content/probability_entry.h:24:
build	Build DaddyBoard (HeliBoard fork)	2026-09-30T15:43:28.8212424Z C/C++: /home/runner/work/daddyboard/daddyboard/daddyboard-main/app/src/main/jni/src/dictionary/property/historical_info.h:52:5: warning: definition of implicit copy constructor for 'HistoricalInfo' is deprecated because it has a user-declared copy assignment operator [-Wdeprecated-copy]
build	Build DaddyBoard (HeliBoard fork)	2026-09-30T15:43:28.8241403Z C/C++:    52 |     DISALLOW_ASSIGNMENT_OPERATOR(HistoricalInfo);
build	Build DaddyBoard (HeliBoard fork)	2026-09-30T15:43:28.8271282Z C/C++:       |     ^
build	Build DaddyBoard (HeliBoard fork)	2026-09-30T15:43:28.8291830Z C/C++: /home/runner/work/daddyboard/daddyboard/daddyboard-main/app/src/main/jni/src/defines.h:289:8: note: expanded from macro 'DISALLOW_ASSIGNMENT_OPERATOR'
build	Build DaddyBoard (HeliBoard fork)	2026-09-30T15:43:28.8301370Z C/C++:   289 |   void operator=(const TypeName&) = delete
build	Build DaddyBoard (HeliBoard fork)	2026-09-30T15:43:28.8331303Z C/C++:       |        ^
build	Build DaddyBoard (HeliBoard fork)	2026-09-30T15:43:28.8362130Z C/C++: /home/runner/work/daddyboard/daddyboard/daddyboard-main/app/src/main/jni/src/dictionary/property/ngram_property.h:33:42: note: in implicit copy constructor for 'latinime::HistoricalInfo' first required here
build	Build DaddyBoard (HeliBoard fork)	2026-09-30T15:43:28.8391487Z C/C++:    33 |               mProbability(probability), mHistoricalInfo(historicalInfo) {}
build	Build DaddyBoard (HeliBoard fork)	2026-09-30T15:43:28.8421351Z C/C++:       |                                          ^
build	Build DaddyBoard (HeliBoard fork)	2026-09-30T15:43:28.8441945Z C/C++: In file included from /home/runner/work/daddyboard/daddyboard/daddyboard-main/app/src/main/jni/src/dictionary/structure/v4/ver4_patricia_trie_node_reader.cpp:22:
build	Build DaddyBoard (HeliBoard fork)	2026-09-30T15:43:28.8471946Z C/C++: In file included from /home/runner/work/daddyboard/daddyboard/daddyboard-main/app/src/main/jni/src/dictionary/structure/v4/content/language_model_dict_content.h:30:
build	Build DaddyBoard (HeliBoard fork)	2026-09-30T15:43:28.8502379Z C/C++: /home/runner/work/daddyboard/daddyboard/daddyboard-main/app/src/main/jni/src/dictionary/utils/trie_map.h:129:9: warning: definition of implicit copy constructor for 'TrieMapIterator' is deprecated because it has a user-declared copy assignment operator [-Wdeprecated-copy]
build	Build DaddyBoard (HeliBoard fork)	2026-09-30T15:43:28.8504261Z C/C++:   129 |         DISALLOW_ASSIGNMENT_OPERATOR(TrieMapIterator);
build	Build DaddyBoard (HeliBoard fork)	2026-09-30T15:43:28.8504698Z C/C++:       |         ^
build	Build DaddyBoard (HeliBoard fork)	2026-09-30T15:43:28.8505496Z C/C++: /home/runner/work/daddyboard/daddyboard/daddyboard-main/app/src/main/jni/src/defines.h:289:8: note: expanded from macro 'DISALLOW_ASSIGNMENT_OPERATOR'
build	Build DaddyBoard (HeliBoard fork)	2026-09-30T15:43:28.8506392Z C/C++:   289 |   void operator=(const TypeName&) = delete
build	Build DaddyBoard (HeliBoard fork)	2026-09-30T15:43:28.8506757Z C/C++:       |        ^
build	Build DaddyBoard (HeliBoard fork)	2026-09-30T15:43:28.8507954Z C/C++: /home/runner/work/daddyboard/daddyboard/daddyboard-main/app/src/main/jni/src/dictionary/structure/v4/content/language_model_dict_content.h:67:19: note: in implicit copy constructor for 'latinime::TrieMap::TrieMapIterator' first required here
build	Build DaddyBoard (HeliBoard fork)	2026-09-30T15:43:28.8509433Z C/C++:    67 |                 : mTrieMapIterator(trieMapIterator), mHasHistoricalInfo(hasHistoricalInfo) {}
build	Build DaddyBoard (HeliBoard fork)	2026-09-30T15:43:28.8509998Z C/C++:       |                   ^
build	Build DaddyBoard (HeliBoard fork)	2026-09-30T15:43:28.8511022Z C/C++: In file included from /home/runner/work/daddyboard/daddyboard/daddyboard-main/app/src/main/jni/src/dictionary/structure/v4/ver4_patricia_trie_node_reader.cpp:22:
build	Build DaddyBoard (HeliBoard fork)	2026-09-30T15:43:28.8541879Z C/C++: In file included from /home/runner/work/daddyboard/daddyboard/daddyboard-main/app/src/main/jni/src/dictionary/structure/v4/content/language_model_dict_content.h:30:
build	Build DaddyBoard (HeliBoard fork)	2026-09-30T15:43:28.8572288Z C/C++: /home/runner/work/daddyboard/daddyboard/daddyboard-main/app/src/main/jni/src/dictionary/utils/trie_map.h:158:9: warning: definition of implicit copy constructor for 'TrieMapRange' is deprecated because it has a user-declared copy assignment operator [-Wdeprecated-copy]
build	Build DaddyBoard (HeliBoard fork)	2026-09-30T15:43:28.8601402Z C/C++:   158 |         DISALLOW_ASSIGNMENT_OPERATOR(TrieMapRange);
build	Build DaddyBoard (HeliBoard fork)	2026-09-30T15:43:28.8631329Z C/C++:       |         ^
build	Build DaddyBoard (HeliBoard fork)	2026-09-30T15:43:28.8660481Z C/C++: /home/runner/work/daddyboard/daddyboard/daddyboard-main/app/src/main/jni/src/defines.h:289:8: note: expanded from macro 'DISALLOW_ASSIGNMENT_OPERATOR'
build	Build DaddyBoard (HeliBoard fork)	2026-09-30T15:43:28.8691405Z C/C++:   289 |   void operator=(const TypeName&) = delete
build	Build DaddyBoard (HeliBoard fork)	2026-09-30T15:43:28.8721277Z C/C++:       |        ^
build	Build DaddyBoard (HeliBoard fork)	2026-09-30T15:43:28.8752290Z C/C++: /home/runner/work/daddyboard/daddyboard/daddyboard-main/app/src/main/jni/src/dictionary/structure/v4/content/language_model_dict_content.h:96:19: note: in implicit copy constructor for 'latinime::TrieMap::TrieMapRange' first required here
build	Build DaddyBoard (HeliBoard fork)	2026-09-30T15:43:28.8781744Z C/C++:    96 |                 : mTrieMapRange(trieMapRange), mHasHistoricalInfo(hasHistoricalInfo) {}
build	Build DaddyBoard (HeliBoard fork)	2026-09-30T15:43:28.8802982Z C/C++:       |                   ^
build	Build DaddyBoard (HeliBoard fork)	2026-09-30T15:43:28.8841870Z C/C++: In file included from /home/runner/work/daddyboard/daddyboard/daddyboard-main/app/src/main/jni/src/dictionary/structure/v4/ver4_patricia_trie_node_reader.cpp:22:
build	Build DaddyBoard (HeliBoard fork)	2026-09-30T15:43:28.8871805Z C/C++: In file included from /home/runner/work/daddyboard/daddyboard/daddyboard-main/app/src/main/jni/src/dictionary/structure/v4/content/language_model_dict_content.h:24:
build	Build DaddyBoard (HeliBoard fork)	2026-09-30T15:43:28.8894980Z C/C++: /home/runner/work/daddyboard/daddyboard/daddyboard-main/app/src/main/jni/src/dictionary/property/word_attributes.h:59:5: warning: definition of implicit copy constructor for 'WordAttributes' is deprecated because it has a user-declared copy assignment operator [-Wdeprecated-copy]
build	Build DaddyBoard (HeliBoard fork)	2026-09-30T15:43:28.8912155Z C/C++:    59 |     DISALLOW_ASSIGNMENT_OPERATOR(WordAttributes);
build	Build DaddyBoard (HeliBoard fork)	2026-09-30T15:43:28.8912560Z C/C++:       |     ^
build	Build DaddyBoard (HeliBoard fork)	2026-09-30T15:43:28.8913244Z C/C++: /home/runner/work/daddyboard/daddyboard/daddyboard-main/app/src/main/jni/src/defines.h:289:8: note: expanded from macro 'DISALLOW_ASSIGNMENT_OPERATOR'
build	Build DaddyBoard (HeliBoard fork)	2026-09-30T15:43:28.8914121Z C/C++:   289 |   void operator=(const TypeName&) = delete
build	Build DaddyBoard (HeliBoard fork)	2026-09-30T15:43:28.8914468Z C/C++:       |        ^
build	Build DaddyBoard (HeliBoard fork)	2026-09-30T15:43:28.8915428Z C/C++: /home/runner/work/daddyboard/daddyboard/daddyboard-main/app/src/main/jni/src/dictionary/structure/v4/content/language_model_dict_content.h:119:19: note: in implicit copy constructor for 'WordAttributes' first required here
build	Build DaddyBoard (HeliBoard fork)	2026-09-30T15:43:28.8917051Z C/C++:   119 |                   mWordAttributes(wordAttributes), mProbabilityEntry(probabilityEntry) {}
build	Build DaddyBoard (HeliBoard fork)	2026-09-30T15:43:28.8917565Z C/C++:       |                   ^
build	Build DaddyBoard (HeliBoard fork)	2026-09-30T15:43:28.8918377Z C/C++: In file included from /home/runner/work/daddyboard/daddyboard/daddyboard-main/app/src/main/jni/src/dictionary/structure/v4/ver4_patricia_trie_node_reader.cpp:17:
build	Build DaddyBoard (HeliBoard fork)	2026-09-30T15:43:28.8919701Z C/C++: In file included from /home/runner/work/daddyboard/daddyboard/daddyboard-main/app/src/main/jni/src/dictionary/structure/v4/ver4_patricia_trie_node_reader.h:21:
build	Build DaddyBoard (HeliBoard fork)	2026-09-30T15:43:28.8921559Z C/C++: In file included from /home/runner/work/daddyboard/daddyboard/daddyboard-main/app/src/main/jni/src/dictionary/structure/pt_common/pt_node_params.h:27:
build	Build DaddyBoard (HeliBoard fork)	2026-09-30T15:43:28.8923219Z C/C++: /home/runner/work/daddyboard/daddyboard/daddyboard-main/app/src/main/jni/src/utils/int_array_view.h:160:5: warning: definition of implicit copy constructor for 'IntArrayView' is deprecated because it has a user-declared copy assignment operator [-Wdeprecated-copy]
build	Build DaddyBoard (HeliBoard fork)	2026-09-30T15:43:28.8924748Z C/C++:   160 |     DISALLOW_ASSIGNMENT_OPERATOR(IntArrayView);
build	Build DaddyBoard (HeliBoard fork)	2026-09-30T15:43:28.8925186Z C/C++:       |     ^
build	Build DaddyBoard (HeliBoard fork)	2026-09-30T15:43:28.8925961Z C/C++: /home/runner/work/daddyboard/daddyboard/daddyboard-main/app/src/main/jni/src/defines.h:289:8: note: expanded from macro 'DISALLOW_ASSIGNMENT_OPERATOR'
build	Build DaddyBoard (HeliBoard fork)	2026-09-30T15:43:28.8926849Z C/C++:   289 |   void operator=(const TypeName&) = delete
build	Build DaddyBoard (HeliBoard fork)	2026-09-30T15:43:28.8927275Z C/C++:       |        ^
build	Build DaddyBoard (HeliBoard fork)	2026-09-30T15:43:28.8928443Z C/C++: /usr/local/lib/android/sdk/ndk/28.0.13004108/toolchains/llvm/prebuilt/linux-x86_64/sysroot/usr/include/c++/v1/__memory/allocator.h:173:24: note: in implicit copy constructor for 'latinime::IntArrayView' first required here
build	Build DaddyBoard (HeliBoard fork)	2026-09-30T15:43:28.8930005Z C/C++:   173 |     ::new ((void*)__p) _Up(std::forward<_Args>(__args)...);
build	Build DaddyBoard (HeliBoard fork)	2026-09-30T15:43:28.8930506Z C/C++:       |                        ^
build	Build DaddyBoard (HeliBoard fork)	2026-09-30T15:43:28.8932145Z C/C++: /usr/local/lib/android/sdk/ndk/28.0.13004108/toolchains/llvm/prebuilt/linux-x86_64/sysroot/usr/include/c++/v1/__memory/allocator_traits.h:320:9: note: in instantiation of function template specialization 'std::allocator<latinime::IntArrayView>::construct<latinime::IntArrayView, latinime::IntArrayView>' requested here
build	Build DaddyBoard (HeliBoard fork)	2026-09-30T15:43:28.8933689Z C/C++:   320 |     __a.construct(__p, std::forward<_Args>(__args)...);
build	Build DaddyBoard (HeliBoard fork)	2026-09-30T15:43:28.8934161Z C/C++:       |         ^
build	Build DaddyBoard (HeliBoard fork)	2026-09-30T15:43:28.8935725Z C/C++: /usr/local/lib/android/sdk/ndk/28.0.13004108/toolchains/llvm/prebuilt/linux-x86_64/sysroot/usr/include/c++/v1/__memory/uninitialized_algorithms.h:639:33: note: in instantiation of function template specialization 'std::allocator_traits<std::allocator<latinime::IntArrayView>>::construct<latinime::IntArrayView, latinime::IntArrayView, 0>' requested here
build	Build DaddyBoard (HeliBoard fork)	2026-09-30T15:43:28.8937505Z C/C++:   639 |       allocator_traits<_Alloc>::construct(__alloc, __result, std::move(*__iter));
build	Build DaddyBoard (HeliBoard fork)	2026-09-30T15:43:28.8938067Z C/C++:       |                                 ^
build	Build DaddyBoard (HeliBoard fork)	2026-09-30T15:43:28.8939218Z C/C++: /usr/local/lib/android/sdk/ndk/28.0.13004108/toolchains/llvm/prebuilt/linux-x86_64/sysroot/usr/include/c++/v1/vector:1511:3: note: in instantiation of member function 'std::vector<latinime::IntArrayView>::__swap_out_circular_buffer' requested here
build	Build DaddyBoard (HeliBoard fork)	2026-09-30T15:43:28.8940475Z C/C++:  1511 |   __swap_out_circular_buffer(__v);
build	Build DaddyBoard (HeliBoard fork)	2026-09-30T15:43:28.8941056Z C/C++:       |   ^
build	Build DaddyBoard (HeliBoard fork)	2026-09-30T15:43:28.8942418Z C/C++: /usr/local/lib/android/sdk/ndk/28.0.13004108/toolchains/llvm/prebuilt/linux-x86_64/sysroot/usr/include/c++/v1/vector:1529:13: note: in instantiation of function template specialization 'std::vector<latinime::IntArrayView>::__emplace_back_slow_path<const int *const &, const unsigned long &>' requested here
build	Build DaddyBoard (HeliBoard fork)	2026-09-30T15:43:28.8944093Z C/C++:  1529 |     __end = __emplace_back_slow_path(std::forward<_Args>(__args)...);
build	Build DaddyBoard (HeliBoard fork)	2026-09-30T15:43:28.8944869Z C/C++:       |             ^
build	Build DaddyBoard (HeliBoard fork)	2026-09-30T15:43:28.8946221Z C/C++: /home/runner/work/daddyboard/daddyboard/daddyboard-main/app/src/main/jni/src/utils/int_array_view.h:142:20: note: in instantiation of function template specialization 'std::vector<latinime::IntArrayView>::emplace_back<const int *const &, const unsigned long &>' requested here
build	Build DaddyBoard (HeliBoard fork)	2026-09-30T15:43:28.8947670Z C/C++:   142 |             result.emplace_back(mPtr, mSize);
build	Build DaddyBoard (HeliBoard fork)	2026-09-30T15:43:28.8948139Z C/C++:       |                    ^
build	Build DaddyBoard (HeliBoard fork)	2026-09-30T15:43:28.9883177Z C/C++: 6 warnings generated.
build	Build DaddyBoard (HeliBoard fork)	2026-09-30T15:43:29.4872476Z C/C++: In file included from /home/runner/work/daddyboard/daddyboard/daddyboard-main/app/src/main/jni/src/dictionary/structure/v4/ver4_patricia_trie_node_writer.cpp:17:
build	Build DaddyBoard (HeliBoard fork)	2026-09-30T15:43:29.4892278Z C/C++: In file included from /home/runner/work/daddyboard/daddyboard/daddyboard-main/app/src/main/jni/src/dictionary/structure/v4/ver4_patricia_trie_node_writer.h:24:
build	Build DaddyBoard (HeliBoard fork)	2026-09-30T15:43:29.4901913Z C/C++: In file included from /home/runner/work/daddyboard/daddyboard/daddyboard-main/app/src/main/jni/src/dictionary/structure/v4/content/probability_entry.h:24:
build	Build DaddyBoard (HeliBoard fork)	2026-09-30T15:43:29.4952435Z C/C++: /home/runner/work/daddyboard/daddyboard/daddyboard-main/app/src/main/jni/src/dictionary/property/historical_info.h:52:5: warning: definition of implicit copy constructor for 'HistoricalInfo' is deprecated because it has a user-declared copy assignment operator [-Wdeprecated-copy]
build	Build DaddyBoard (HeliBoard fork)	2026-09-30T15:43:29.4954036Z C/C++:    52 |     DISALLOW_ASSIGNMENT_OPERATOR(HistoricalInfo);
build	Build DaddyBoard (HeliBoard fork)	2026-09-30T15:43:29.4981320Z C/C++:       |     ^
build	Build DaddyBoard (HeliBoard fork)	2026-09-30T15:43:29.4982126Z C/C++: /home/runner/work/daddyboard/daddyboard/daddyboard-main/app/src/main/jni/src/defines.h:289:8: note: expanded from macro 'DISALLOW_ASSIGNMENT_OPERATOR'
build	Build DaddyBoard (HeliBoard fork)	2026-09-30T15:43:29.4983493Z C/C++:   289 |   void operator=(const TypeName&) = delete
build	Build DaddyBoard (HeliBoard fork)	2026-09-30T15:43:29.4983853Z C/C++:       |        ^
build	Build DaddyBoard (HeliBoard fork)	2026-09-30T15:43:29.4984820Z C/C++: /home/runner/work/daddyboard/daddyboard/daddyboard-main/app/src/main/jni/src/dictionary/property/ngram_property.h:33:42: note: in implicit copy constructor for 'latinime::HistoricalInfo' first required here
build	Build DaddyBoard (HeliBoard fork)	2026-09-30T15:43:29.4985971Z C/C++:    33 |               mProbability(probability), mHistoricalInfo(historicalInfo) {}
build	Build DaddyBoard (HeliBoard fork)	2026-09-30T15:43:29.4986457Z C/C++:       |                                          ^
build	Build DaddyBoard (HeliBoard fork)	2026-09-30T15:43:29.5874608Z C/C++: In file included from /home/runner/work/daddyboard/daddyboard/daddyboard-main/app/src/main/jni/src/dictionary/structure/v4/ver4_patricia_trie_node_writer.cpp:19:
build	Build DaddyBoard (HeliBoard fork)	2026-09-30T15:43:29.5902240Z C/C++: In file included from /home/runner/work/daddyboard/daddyboard/daddyboard-main/app/src/main/jni/src/dictionary/header/header_policy.h:25:
build	Build DaddyBoard (HeliBoard fork)	2026-09-30T15:43:29.5922633Z C/C++: /home/runner/work/daddyboard/daddyboard/daddyboard-main/app/src/main/jni/src/dictionary/utils/entry_counters.h:44:5: warning: definition of implicit copy constructor for 'EntryCounts' is deprecated because it has a user-declared copy assignment operator [-Wdeprecated-copy]
build	Build DaddyBoard (HeliBoard fork)	2026-09-30T15:43:29.5961395Z C/C++:    44 |     DISALLOW_ASSIGNMENT_OPERATOR(EntryCounts);
build	Build DaddyBoard (HeliBoard fork)	2026-09-30T15:43:29.5961812Z C/C++:       |     ^
build	Build DaddyBoard (HeliBoard fork)	2026-09-30T15:43:29.5983807Z C/C++: /home/runner/work/daddyboard/daddyboard/daddyboard-main/app/src/main/jni/src/defines.h:289:8: note: expanded from macro 'DISALLOW_ASSIGNMENT_OPERATOR'
build	Build DaddyBoard (HeliBoard fork)	2026-09-30T15:43:29.6021587Z C/C++:   289 |   void operator=(const TypeName&) = delete
build	Build DaddyBoard (HeliBoard fork)	2026-09-30T15:43:29.6041327Z C/C++:       |        ^
build	Build DaddyBoard (HeliBoard fork)	2026-09-30T15:43:29.6052200Z C/C++: /home/runner/work/daddyboard/daddyboard/daddyboard-main/app/src/main/jni/src/dictionary/header/header_policy.h:92:15: note: in implicit copy constructor for 'latinime::EntryCounts' first required here
build	Build DaddyBoard (HeliBoard fork)	2026-09-30T15:43:29.6071395Z C/C++:    92 |               mNgramCounts(headerPolicy->mNgramCounts),
build	Build DaddyBoard (HeliBoard fork)	2026-09-30T15:43:29.6101305Z C/C++:       |               ^
build	Build DaddyBoard (HeliBoard fork)	2026-09-30T15:43:29.6131945Z C/C++: In file included from /home/runner/work/daddyboard/daddyboard/daddyboard-main/app/src/main/jni/src/dictionary/structure/v4/ver4_patricia_trie_node_writer.cpp:19:
build	Build DaddyBoard (HeliBoard fork)	2026-09-30T15:43:29.6141870Z C/C++: In file included from /home/runner/work/daddyboard/daddyboard/daddyboard-main/app/src/main/jni/src/dictionary/header/header_policy.h:23:
build	Build DaddyBoard (HeliBoard fork)	2026-09-30T15:43:29.6171945Z C/C++: In file included from /home/runner/work/daddyboard/daddyboard/daddyboard-main/app/src/main/jni/src/dictionary/header/header_read_write_utils.h:24:
build	Build DaddyBoard (HeliBoard fork)	2026-09-30T15:43:29.6201814Z C/C++: In file included from /home/runner/work/daddyboard/daddyboard/daddyboard-main/app/src/main/jni/src/dictionary/utils/format_utils.h:23:
build	Build DaddyBoard (HeliBoard fork)	2026-09-30T15:43:29.6203644Z C/C++: /home/runner/work/daddyboard/daddyboard/daddyboard-main/app/src/main/jni/src/utils/byte_array_view.h:53:5: warning: definition of implicit copy constructor for 'ReadOnlyByteArrayView' is deprecated because it has a user-declared copy assignment operator [-Wdeprecated-copy]
build	Build DaddyBoard (HeliBoard fork)	2026-09-30T15:43:29.6231566Z C/C++:    53 |     DISALLOW_ASSIGNMENT_OPERATOR(ReadOnlyByteArrayView);
build	Build DaddyBoard (HeliBoard fork)	2026-09-30T15:43:29.6261369Z C/C++:       |     ^
build	Build DaddyBoard (HeliBoard fork)	2026-09-30T15:43:29.6262217Z C/C++: /home/runner/work/daddyboard/daddyboard/daddyboard-main/app/src/main/jni/src/defines.h:289:8: note: expanded from macro 'DISALLOW_ASSIGNMENT_OPERATOR'
build	Build DaddyBoard (HeliBoard fork)	2026-09-30T15:43:29.6263109Z C/C++:   289 |   void operator=(const TypeName&) = delete
build	Build DaddyBoard (HeliBoard fork)	2026-09-30T15:43:29.6263481Z C/C++:       |        ^
build	Build DaddyBoard (HeliBoard fork)	2026-09-30T15:43:29.6264661Z C/C++: /home/runner/work/daddyboard/daddyboard/daddyboard-main/app/src/main/jni/src/dictionary/structure/pt_common/shortcut/shortcut_list_reading_utils.h:52:75: note: in implicit copy constructor for 'latinime::ReadOnlyByteArrayView' first required here
build	Build DaddyBoard (HeliBoard fork)	2026-09-30T15:43:29.6266185Z C/C++:    52 |         const int shortcutListSize = getShortcutListSizeAndForwardPointer(buffer, pos);
build	Build DaddyBoard (HeliBoard fork)	2026-09-30T15:43:29.6267298Z C/C++:       |                                                                           ^
build	Build DaddyBoard (HeliBoard fork)	2026-09-30T15:43:29.6268290Z C/C++: In file included from /home/runner/work/daddyboard/daddyboard/daddyboard-main/app/src/main/jni/src/dictionary/structure/v4/ver4_patricia_trie_node_writer.cpp:27:
build	Build DaddyBoard (HeliBoard fork)	2026-09-30T15:43:29.6269668Z C/C++: In file included from /home/runner/work/daddyboard/daddyboard/daddyboard-main/app/src/main/jni/src/dictionary/structure/v4/ver4_dict_buffers.h:25:
build	Build DaddyBoard (HeliBoard fork)	2026-09-30T15:43:29.6271246Z C/C++: In file included from /home/runner/work/daddyboard/daddyboard/daddyboard-main/app/src/main/jni/src/dictionary/structure/v4/content/language_model_dict_content.h:30:
build	Build DaddyBoard (HeliBoard fork)	2026-09-30T15:43:29.6273224Z C/C++: /home/runner/work/daddyboard/daddyboard/daddyboard-main/app/src/main/jni/src/dictionary/utils/trie_map.h:129:9: warning: definition of implicit copy constructor for 'TrieMapIterator' is deprecated because it has a user-declared copy assignment operator [-Wdeprecated-copy]
build	Build DaddyBoard (HeliBoard fork)	2026-09-30T15:43:29.6274680Z C/C++:   129 |         DISALLOW_ASSIGNMENT_OPERATOR(TrieMapIterator);
build	Build DaddyBoard (HeliBoard fork)	2026-09-30T15:43:29.6275083Z C/C++:       |         ^
build	Build DaddyBoard (HeliBoard fork)	2026-09-30T15:43:29.6275810Z C/C++: /home/runner/work/daddyboard/daddyboard/daddyboard-main/app/src/main/jni/src/defines.h:289:8: note: expanded from macro 'DISALLOW_ASSIGNMENT_OPERATOR'
build	Build DaddyBoard (HeliBoard fork)	2026-09-30T15:43:29.6276675Z C/C++:   289 |   void operator=(const TypeName&) = delete
build	Build DaddyBoard (HeliBoard fork)	2026-09-30T15:43:29.6277035Z C/C++:       |        ^
build	Build DaddyBoard (HeliBoard fork)	2026-09-30T15:43:29.6278226Z C/C++: /home/runner/work/daddyboard/daddyboard/daddyboard-main/app/src/main/jni/src/dictionary/structure/v4/content/language_model_dict_content.h:67:19: note: in implicit copy constructor for 'latinime::TrieMap::TrieMapIterator' first required here
build	Build DaddyBoard (HeliBoard fork)	2026-09-30T15:43:29.6279712Z C/C++:    67 |                 : mTrieMapIterator(trieMapIterator), mHasHistoricalInfo(hasHistoricalInfo) {}
build	Build DaddyBoard (HeliBoard fork)	2026-09-30T15:43:29.6280270Z C/C++:       |                   ^
build	Build DaddyBoard (HeliBoard fork)	2026-09-30T15:43:29.6281311Z C/C++: In file included from /home/runner/work/daddyboard/daddyboard/daddyboard-main/app/src/main/jni/src/dictionary/structure/v4/ver4_patricia_trie_node_writer.cpp:27:
build	Build DaddyBoard (HeliBoard fork)	2026-09-30T15:43:29.6282735Z C/C++: In file included from /home/runner/work/daddyboard/daddyboard/daddyboard-main/app/src/main/jni/src/dictionary/structure/v4/ver4_dict_buffers.h:25:
build	Build DaddyBoard (HeliBoard fork)	2026-09-30T15:43:29.6284369Z C/C++: In file included from /home/runner/work/daddyboard/daddyboard/daddyboard-main/app/src/main/jni/src/dictionary/structure/v4/content/language_model_dict_content.h:30:
build	Build DaddyBoard (HeliBoard fork)	2026-09-30T15:43:29.6312708Z C/C++: /home/runner/work/daddyboard/daddyboard/daddyboard-main/app/src/main/jni/src/dictionary/utils/trie_map.h:158:9: warning: definition of implicit copy constructor for 'TrieMapRange' is deprecated because it has a user-declared copy assignment operator [-Wdeprecated-copy]
build	Build DaddyBoard (HeliBoard fork)	2026-09-30T15:43:29.6314222Z C/C++:   158 |         DISALLOW_ASSIGNMENT_OPERATOR(TrieMapRange);
build	Build DaddyBoard (HeliBoard fork)	2026-09-30T15:43:29.6314630Z C/C++:       |         ^
build	Build DaddyBoard (HeliBoard fork)	2026-09-30T15:43:29.6315387Z C/C++: /home/runner/work/daddyboard/daddyboard/daddyboard-main/app/src/main/jni/src/defines.h:289:8: note: expanded from macro 'DISALLOW_ASSIGNMENT_OPERATOR'
build	Build DaddyBoard (HeliBoard fork)	2026-09-30T15:43:29.6316297Z C/C++:   289 |   void operator=(const TypeName&) = delete
build	Build DaddyBoard (HeliBoard fork)	2026-09-30T15:43:29.6316672Z C/C++:       |        ^
build	Build DaddyBoard (HeliBoard fork)	2026-09-30T15:43:29.6317754Z C/C++: /home/runner/work/daddyboard/daddyboard/daddyboard-main/app/src/main/jni/src/dictionary/structure/v4/content/language_model_dict_content.h:96:19: note: in implicit copy constructor for 'latinime::TrieMap::TrieMapRange' first required here
build	Build DaddyBoard (HeliBoard fork)	2026-09-30T15:43:29.6319115Z C/C++:    96 |                 : mTrieMapRange(trieMapRange), mHasHistoricalInfo(hasHistoricalInfo) {}
build	Build DaddyBoard (HeliBoard fork)	2026-09-30T15:43:29.6319650Z C/C++:       |                   ^
build	Build DaddyBoard (HeliBoard fork)	2026-09-30T15:43:29.6320527Z C/C++: In file included from /home/runner/work/daddyboard/daddyboard/daddyboard-main/app/src/main/jni/src/dictionary/structure/v4/ver4_patricia_trie_node_writer.cpp:27:
build	Build DaddyBoard (HeliBoard fork)	2026-09-30T15:43:29.6321988Z C/C++: In file included from /home/runner/work/daddyboard/daddyboard/daddyboard-main/app/src/main/jni/src/dictionary/structure/v4/ver4_dict_buffers.h:25:
build	Build DaddyBoard (HeliBoard fork)	2026-09-30T15:43:29.6323635Z C/C++: In file included from /home/runner/work/daddyboard/daddyboard/daddyboard-main/app/src/main/jni/src/dictionary/structure/v4/content/language_model_dict_content.h:24:
build	Build DaddyBoard (HeliBoard fork)	2026-09-30T15:43:29.6325664Z C/C++: /home/runner/work/daddyboard/daddyboard/daddyboard-main/app/src/main/jni/src/dictionary/property/word_attributes.h:59:5: warning: definition of implicit copy constructor for 'WordAttributes' is deprecated because it has a user-declared copy assignment operator [-Wdeprecated-copy]
build	Build DaddyBoard (HeliBoard fork)	2026-09-30T15:43:29.6327168Z C/C++:    59 |     DISALLOW_ASSIGNMENT_OPERATOR(WordAttributes);
build	Build DaddyBoard (HeliBoard fork)	2026-09-30T15:43:29.6327562Z C/C++:       |     ^
build	Build DaddyBoard (HeliBoard fork)	2026-09-30T15:43:29.6328297Z C/C++: /home/runner/work/daddyboard/daddyboard/daddyboard-main/app/src/main/jni/src/defines.h:289:8: note: expanded from macro 'DISALLOW_ASSIGNMENT_OPERATOR'
build	Build DaddyBoard (HeliBoard fork)	2026-09-30T15:43:29.6329173Z C/C++:   289 |   void operator=(const TypeName&) = delete
build	Build DaddyBoard (HeliBoard fork)	2026-09-30T15:43:29.6329556Z C/C++:       |        ^
build	Build DaddyBoard (HeliBoard fork)	2026-09-30T15:43:29.6330629Z C/C++: /home/runner/work/daddyboard/daddyboard/daddyboard-main/app/src/main/jni/src/dictionary/structure/v4/content/language_model_dict_content.h:119:19: note: in implicit copy constructor for 'WordAttributes' first required here
build	Build DaddyBoard (HeliBoard fork)	2026-09-30T15:43:29.6332157Z C/C++:   119 |                   mWordAttributes(wordAttributes), mProbabilityEntry(probabilityEntry) {}
build	Build DaddyBoard (HeliBoard fork)	2026-09-30T15:43:29.6332713Z C/C++:       |                   ^
build	Build DaddyBoard (HeliBoard fork)	2026-09-30T15:43:29.6333576Z C/C++: In file included from /home/runner/work/daddyboard/daddyboard/daddyboard-main/app/src/main/jni/src/dictionary/structure/v4/ver4_patricia_trie_node_writer.cpp:17:
build	Build DaddyBoard (HeliBoard fork)	2026-09-30T15:43:29.6334957Z C/C++: In file included from /home/runner/work/daddyboard/daddyboard/daddyboard-main/app/src/main/jni/src/dictionary/structure/v4/ver4_patricia_trie_node_writer.h:21:
build	Build DaddyBoard (HeliBoard fork)	2026-09-30T15:43:29.6336375Z C/C++: In file included from /home/runner/work/daddyboard/daddyboard/daddyboard-main/app/src/main/jni/src/dictionary/structure/pt_common/dynamic_pt_reading_helper.h:24:
build	Build DaddyBoard (HeliBoard fork)	2026-09-30T15:43:29.6337802Z C/C++: In file included from /home/runner/work/daddyboard/daddyboard/daddyboard-main/app/src/main/jni/src/dictionary/structure/pt_common/pt_node_params.h:27:
build	Build DaddyBoard (HeliBoard fork)	2026-09-30T15:43:29.6339851Z C/C++: /home/runner/work/daddyboard/daddyboard/daddyboard-main/app/src/main/jni/src/utils/int_array_view.h:160:5: warning: definition of implicit copy constructor for 'IntArrayView' is deprecated because it has a user-declared copy assignment operator [-Wdeprecated-copy]
build	Build DaddyBoard (HeliBoard fork)	2026-09-30T15:43:29.6371633Z C/C++:   160 |     DISALLOW_ASSIGNMENT_OPERATOR(IntArrayView);
build	Build DaddyBoard (HeliBoard fork)	2026-09-30T15:43:29.6372048Z C/C++:       |     ^
build	Build DaddyBoard (HeliBoard fork)	2026-09-30T15:43:29.6372806Z C/C++: /home/runner/work/daddyboard/daddyboard/daddyboard-main/app/src/main/jni/src/defines.h:289:8: note: expanded from macro 'DISALLOW_ASSIGNMENT_OPERATOR'
build	Build DaddyBoard (HeliBoard fork)	2026-09-30T15:43:29.6373716Z C/C++:   289 |   void operator=(const TypeName&) = delete
build	Build DaddyBoard (HeliBoard fork)	2026-09-30T15:43:29.6374094Z C/C++:       |        ^
build	Build DaddyBoard (HeliBoard fork)	2026-09-30T15:43:29.6375176Z C/C++: /home/runner/work/daddyboard/daddyboard/daddyboard-main/app/src/main/jni/src/dictionary/structure/v4/ver4_patricia_trie_node_writer.cpp:211:64: note: in implicit copy constructor for 'latinime::IntArrayView' first required here
build	Build DaddyBoard (HeliBoard fork)	2026-09-30T15:43:29.6376605Z C/C++:   211 |             languageModelDictContent->getNgramProbabilityEntry(prevWordIds, wordId);
build	Build DaddyBoard (HeliBoard fork)	2026-09-30T15:43:29.6377226Z C/C++:       |                                                                ^
build	Build DaddyBoard (HeliBoard fork)	2026-09-30T15:43:29.7888184Z C/C++: 7 warnings generated.
build	Build DaddyBoard (HeliBoard fork)	2026-09-30T15:43:30.3869812Z C/C++: In file included from /home/runner/work/daddyboard/daddyboard/daddyboard-main/app/src/main/jni/src/dictionary/structure/v4/ver4_patricia_trie_policy.cpp:17:
build	Build DaddyBoard (HeliBoard fork)	2026-09-30T15:43:30.3901255Z C/C++: In file included from /home/runner/work/daddyboard/daddyboard/daddyboard-main/app/src/main/jni/src/dictionary/structure/v4/ver4_patricia_trie_policy.h:23:
build	Build DaddyBoard (HeliBoard fork)	2026-09-30T15:43:30.3932066Z C/C++: In file included from /home/runner/work/daddyboard/daddyboard/daddyboard-main/app/src/main/jni/src/dictionary/header/header_policy.h:25:
build	Build DaddyBoard (HeliBoard fork)	2026-09-30T15:43:30.3934717Z C/C++: /home/runner/work/daddyboard/daddyboard/daddyboard-main/app/src/main/jni/src/dictionary/utils/entry_counters.h:44:5: warning: definition of implicit copy constructor for 'EntryCounts' is deprecated because it has a user-declared copy assignment operator [-Wdeprecated-copy]
build	Build DaddyBoard (HeliBoard fork)	2026-09-30T15:43:30.3956290Z C/C++:    44 |     DISALLOW_ASSIGNMENT_OPERATOR(EntryCounts);
build	Build DaddyBoard (HeliBoard fork)	2026-09-30T15:43:30.3970459Z C/C++:       |     ^
build	Build DaddyBoard (HeliBoard fork)	2026-09-30T15:43:30.3991161Z C/C++: /home/runner/work/daddyboard/daddyboard/daddyboard-main/app/src/main/jni/src/defines.h:289:8: note: expanded from macro 'DISALLOW_ASSIGNMENT_OPERATOR'
build	Build DaddyBoard (HeliBoard fork)	2026-09-30T15:43:30.4020091Z C/C++:   289 |   void operator=(const TypeName&) = delete
build	Build DaddyBoard (HeliBoard fork)	2026-09-30T15:43:30.4050353Z C/C++:       |        ^
build	Build DaddyBoard (HeliBoard fork)	2026-09-30T15:43:30.4051814Z C/C++: /home/runner/work/daddyboard/daddyboard/daddyboard-main/app/src/main/jni/src/dictionary/header/header_policy.h:92:15: note: in implicit copy constructor for 'latinime::EntryCounts' first required here
build	Build DaddyBoard (HeliBoard fork)	2026-09-30T15:43:30.4081459Z C/C++:    92 |               mNgramCounts(headerPolicy->mNgramCounts),
build	Build DaddyBoard (HeliBoard fork)	2026-09-30T15:43:30.4105490Z C/C++:       |               ^
build	Build DaddyBoard (HeliBoard fork)	2026-09-30T15:43:30.4131880Z C/C++: In file included from /home/runner/work/daddyboard/daddyboard/daddyboard-main/app/src/main/jni/src/dictionary/structure/v4/ver4_patricia_trie_policy.cpp:17:
build	Build DaddyBoard (HeliBoard fork)	2026-09-30T15:43:30.4161888Z C/C++: In file included from /home/runner/work/daddyboard/daddyboard/daddyboard-main/app/src/main/jni/src/dictionary/structure/v4/ver4_patricia_trie_policy.h:24:
build	Build DaddyBoard (HeliBoard fork)	2026-09-30T15:43:30.4163606Z C/C++: In file included from /home/runner/work/daddyboard/daddyboard/daddyboard-main/app/src/main/jni/src/dictionary/interface/dictionary_structure_with_buffer_policy.h:23:
build	Build DaddyBoard (HeliBoard fork)	2026-09-30T15:43:30.4192477Z C/C++: /home/runner/work/daddyboard/daddyboard/daddyboard-main/app/src/main/jni/src/dictionary/property/historical_info.h:52:5: warning: definition of implicit copy constructor for 'HistoricalInfo' is deprecated because it has a user-declared copy assignment operator [-Wdeprecated-copy]
build	Build DaddyBoard (HeliBoard fork)	2026-09-30T15:43:30.4221451Z C/C++:    52 |     DISALLOW_ASSIGNMENT_OPERATOR(HistoricalInfo);
build	Build DaddyBoard (HeliBoard fork)	2026-09-30T15:43:30.4251310Z C/C++:       |     ^
build	Build DaddyBoard (HeliBoard fork)	2026-09-30T15:43:30.4252642Z C/C++: /home/runner/work/daddyboard/daddyboard/daddyboard-main/app/src/main/jni/src/defines.h:289:8: note: expanded from macro 'DISALLOW_ASSIGNMENT_OPERATOR'
build	Build DaddyBoard (HeliBoard fork)	2026-09-30T15:43:30.4281526Z C/C++:   289 |   void operator=(const TypeName&) = delete
build	Build DaddyBoard (HeliBoard fork)	2026-09-30T15:43:30.4306874Z C/C++:       |        ^
build	Build DaddyBoard (HeliBoard fork)	2026-09-30T15:43:30.4308248Z C/C++: /home/runner/work/daddyboard/daddyboard/daddyboard-main/app/src/main/jni/src/dictionary/property/ngram_property.h:33:42: note: in implicit copy constructor for 'latinime::HistoricalInfo' first required here
build	Build DaddyBoard (HeliBoard fork)	2026-09-30T15:43:30.4331538Z C/C++:    33 |               mProbability(probability), mHistoricalInfo(historicalInfo) {}
build	Build DaddyBoard (HeliBoard fork)	2026-09-30T15:43:30.4361429Z C/C++:       |                                          ^
build	Build DaddyBoard (HeliBoard fork)	2026-09-30T15:43:30.4391909Z C/C++: In file included from /home/runner/work/daddyboard/daddyboard/daddyboard-main/app/src/main/jni/src/dictionary/structure/v4/ver4_patricia_trie_policy.cpp:17:
build	Build DaddyBoard (HeliBoard fork)	2026-09-30T15:43:30.4393356Z C/C++: In file included from /home/runner/work/daddyboard/daddyboard/daddyboard-main/app/src/main/jni/src/dictionary/structure/v4/ver4_patricia_trie_policy.h:24:
build	Build DaddyBoard (HeliBoard fork)	2026-09-30T15:43:30.4413666Z C/C++: In file included from /home/runner/work/daddyboard/daddyboard/daddyboard-main/app/src/main/jni/src/dictionary/interface/dictionary_structure_with_buffer_policy.h:25:
build	Build DaddyBoard (HeliBoard fork)	2026-09-30T15:43:30.4415395Z C/C++: In file included from /home/runner/work/daddyboard/daddyboard/daddyboard-main/app/src/main/jni/src/dictionary/property/word_property.h:24:
build	Build DaddyBoard (HeliBoard fork)	2026-09-30T15:43:30.4417421Z C/C++: /home/runner/work/daddyboard/daddyboard/daddyboard-main/app/src/main/jni/src/dictionary/property/unigram_property.h:126:5: warning: definition of implicit copy constructor for 'UnigramProperty' is deprecated because it has a user-declared copy assignment operator [-Wdeprecated-copy]
build	Build DaddyBoard (HeliBoard fork)	2026-09-30T15:43:30.4419424Z C/C++:   126 |     DISALLOW_ASSIGNMENT_OPERATOR(UnigramProperty);
build	Build DaddyBoard (HeliBoard fork)	2026-09-30T15:43:30.4419985Z C/C++:       |     ^
build	Build DaddyBoard (HeliBoard fork)	2026-09-30T15:43:30.4420856Z C/C++: /home/runner/work/daddyboard/daddyboard/daddyboard-main/app/src/main/jni/src/defines.h:289:8: note: expanded from macro 'DISALLOW_ASSIGNMENT_OPERATOR'
build	Build DaddyBoard (HeliBoard fork)	2026-09-30T15:43:30.4422079Z C/C++:   289 |   void operator=(const TypeName&) = delete
build	Build DaddyBoard (HeliBoard fork)	2026-09-30T15:43:30.4422604Z C/C++:       |        ^
build	Build DaddyBoard (HeliBoard fork)	2026-09-30T15:43:30.4423872Z C/C++: /home/runner/work/daddyboard/daddyboard/daddyboard-main/app/src/main/jni/src/dictionary/property/word_property.h:38:51: note: in implicit copy constructor for 'latinime::UnigramProperty' first required here
build	Build DaddyBoard (HeliBoard fork)	2026-09-30T15:43:30.4425260Z C/C++:    38 |             : mCodePoints(std::move(codePoints)), mUnigramProperty(unigramProperty),
build	Build DaddyBoard (HeliBoard fork)	2026-09-30T15:43:30.4425965Z C/C++:       |                                                   ^
build	Build DaddyBoard (HeliBoard fork)	2026-09-30T15:43:30.4426991Z C/C++: In file included from /home/runner/work/daddyboard/daddyboard/daddyboard-main/app/src/main/jni/src/dictionary/structure/v4/ver4_patricia_trie_policy.cpp:17:
build	Build DaddyBoard (HeliBoard fork)	2026-09-30T15:43:30.4428454Z C/C++: In file included from /home/runner/work/daddyboard/daddyboard/daddyboard-main/app/src/main/jni/src/dictionary/structure/v4/ver4_patricia_trie_policy.h:23:
build	Build DaddyBoard (HeliBoard fork)	2026-09-30T15:43:30.4429826Z C/C++: In file included from /home/runner/work/daddyboard/daddyboard/daddyboard-main/app/src/main/jni/src/dictionary/header/header_policy.h:23:
build	Build DaddyBoard (HeliBoard fork)	2026-09-30T15:43:30.4431362Z C/C++: In file included from /home/runner/work/daddyboard/daddyboard/daddyboard-main/app/src/main/jni/src/dictionary/header/header_read_write_utils.h:24:
build	Build DaddyBoard (HeliBoard fork)	2026-09-30T15:43:30.4432835Z C/C++: In file included from /home/runner/work/daddyboard/daddyboard/daddyboard-main/app/src/main/jni/src/dictionary/utils/format_utils.h:23:
build	Build DaddyBoard (HeliBoard fork)	2026-09-30T15:43:30.4434658Z C/C++: /home/runner/work/daddyboard/daddyboard/daddyboard-main/app/src/main/jni/src/utils/byte_array_view.h:53:5: warning: definition of implicit copy constructor for 'ReadOnlyByteArrayView' is deprecated because it has a user-declared copy assignment operator [-Wdeprecated-copy]
build	Build DaddyBoard (HeliBoard fork)	2026-09-30T15:43:30.4436281Z C/C++:    53 |     DISALLOW_ASSIGNMENT_OPERATOR(ReadOnlyByteArrayView);
build	Build DaddyBoard (HeliBoard fork)	2026-09-30T15:43:30.4437086Z C/C++:       |     ^
build	Build DaddyBoard (HeliBoard fork)	2026-09-30T15:43:30.4437892Z C/C++: /home/runner/work/daddyboard/daddyboard/daddyboard-main/app/src/main/jni/src/defines.h:289:8: note: expanded from macro 'DISALLOW_ASSIGNMENT_OPERATOR'
build	Build DaddyBoard (HeliBoard fork)	2026-09-30T15:43:30.4438891Z C/C++:   289 |   void operator=(const TypeName&) = delete
build	Build DaddyBoard (HeliBoard fork)	2026-09-30T15:43:30.4439377Z C/C++:       |        ^
build	Build DaddyBoard (HeliBoard fork)	2026-09-30T15:43:30.4440641Z C/C++: /home/runner/work/daddyboard/daddyboard/daddyboard-main/app/src/main/jni/src/dictionary/structure/pt_common/shortcut/shortcut_list_reading_utils.h:52:75: note: in implicit copy constructor for 'latinime::ReadOnlyByteArrayView' first required here
build	Build DaddyBoard (HeliBoard fork)	2026-09-30T15:43:30.4442380Z C/C++:    52 |         const int shortcutListSize = getShortcutListSizeAndForwardPointer(buffer, pos);
build	Build DaddyBoard (HeliBoard fork)	2026-09-30T15:43:30.4446240Z C/C++:       |                                                                           ^
build	Build DaddyBoard (HeliBoard fork)	2026-09-30T15:43:30.4469150Z C/C++: In file included from /home/runner/work/daddyboard/daddyboard/daddyboard-main/app/src/main/jni/src/dictionary/structure/v4/ver4_patricia_trie_policy.cpp:17:
build	Build DaddyBoard (HeliBoard fork)	2026-09-30T15:43:30.4511912Z C/C++: In file included from /home/runner/work/daddyboard/daddyboard/daddyboard-main/app/src/main/jni/src/dictionary/structure/v4/ver4_patricia_trie_policy.h:27:
build	Build DaddyBoard (HeliBoard fork)	2026-09-30T15:43:30.4521988Z C/C++: In file included from /home/runner/work/daddyboard/daddyboard/daddyboard-main/app/src/main/jni/src/dictionary/structure/v4/ver4_dict_buffers.h:25:
build	Build DaddyBoard (HeliBoard fork)	2026-09-30T15:43:30.4551973Z C/C++: In file included from /home/runner/work/daddyboard/daddyboard/daddyboard-main/app/src/main/jni/src/dictionary/structure/v4/content/language_model_dict_content.h:30:
build	Build DaddyBoard (HeliBoard fork)	2026-09-30T15:43:30.4582427Z C/C++: /home/runner/work/daddyboard/daddyboard/daddyboard-main/app/src/main/jni/src/dictionary/utils/trie_map.h:129:9: warning: definition of implicit copy constructor for 'TrieMapIterator' is deprecated because it has a user-declared copy assignment operator [-Wdeprecated-copy]
build	Build DaddyBoard (HeliBoard fork)	2026-09-30T15:43:30.4584413Z C/C++:   129 |         DISALLOW_ASSIGNMENT_OPERATOR(TrieMapIterator);
build	Build DaddyBoard (HeliBoard fork)	2026-09-30T15:43:30.4586120Z C/C++:       |         ^
build	Build DaddyBoard (HeliBoard fork)	2026-09-30T15:43:30.4587060Z C/C++: /home/runner/work/daddyboard/daddyboard/daddyboard-main/app/src/main/jni/src/defines.h:289:8: note: expanded from macro 'DISALLOW_ASSIGNMENT_OPERATOR'
build	Build DaddyBoard (HeliBoard fork)	2026-09-30T15:43:30.4588075Z C/C++:   289 |   void operator=(const TypeName&) = delete
build	Build DaddyBoard (HeliBoard fork)	2026-09-30T15:43:30.4588584Z C/C++:       |        ^
build	Build DaddyBoard (HeliBoard fork)	2026-09-30T15:43:30.4589880Z C/C++: /home/runner/work/daddyboard/daddyboard/daddyboard-main/app/src/main/jni/src/dictionary/structure/v4/content/language_model_dict_content.h:67:19: note: in implicit copy constructor for 'latinime::TrieMap::TrieMapIterator' first required here
build	Build DaddyBoard (HeliBoard fork)	2026-09-30T15:43:30.4591636Z C/C++:    67 |                 : mTrieMapIterator(trieMapIterator), mHasHistoricalInfo(hasHistoricalInfo) {}
build	Build DaddyBoard (HeliBoard fork)	2026-09-30T15:43:30.4592316Z C/C++:       |                   ^
build	Build DaddyBoard (HeliBoard fork)	2026-09-30T15:43:30.4593259Z C/C++: In file included from /home/runner/work/daddyboard/daddyboard/daddyboard-main/app/src/main/jni/src/dictionary/structure/v4/ver4_patricia_trie_policy.cpp:17:
build	Build DaddyBoard (HeliBoard fork)	2026-09-30T15:43:30.4594759Z C/C++: In file included from /home/runner/work/daddyboard/daddyboard/daddyboard-main/app/src/main/jni/src/dictionary/structure/v4/ver4_patricia_trie_policy.h:27:
build	Build DaddyBoard (HeliBoard fork)	2026-09-30T15:43:30.4596319Z C/C++: In file included from /home/runner/work/daddyboard/daddyboard/daddyboard-main/app/src/main/jni/src/dictionary/structure/v4/ver4_dict_buffers.h:25:
build	Build DaddyBoard (HeliBoard fork)	2026-09-30T15:43:30.4597815Z C/C++: In file included from /home/runner/work/daddyboard/daddyboard/daddyboard-main/app/src/main/jni/src/dictionary/structure/v4/content/language_model_dict_content.h:30:
build	Build DaddyBoard (HeliBoard fork)	2026-09-30T15:43:30.4599824Z C/C++: /home/runner/work/daddyboard/daddyboard/daddyboard-main/app/src/main/jni/src/dictionary/utils/trie_map.h:158:9: warning: definition of implicit copy constructor for 'TrieMapRange' is deprecated because it has a user-declared copy assignment operator [-Wdeprecated-copy]
build	Build DaddyBoard (HeliBoard fork)	2026-09-30T15:43:30.4601505Z C/C++:   158 |         DISALLOW_ASSIGNMENT_OPERATOR(TrieMapRange);
build	Build DaddyBoard (HeliBoard fork)	2026-09-30T15:43:30.4602255Z C/C++:       |         ^
build	Build DaddyBoard (HeliBoard fork)	2026-09-30T15:43:30.4603094Z C/C++: /home/runner/work/daddyboard/daddyboard/daddyboard-main/app/src/main/jni/src/defines.h:289:8: note: expanded from macro 'DISALLOW_ASSIGNMENT_OPERATOR'
build	Build DaddyBoard (HeliBoard fork)	2026-09-30T15:43:30.4604078Z C/C++:   289 |   void operator=(const TypeName&) = delete
build	Build DaddyBoard (HeliBoard fork)	2026-09-30T15:43:30.4604575Z C/C++:       |        ^
build	Build DaddyBoard (HeliBoard fork)	2026-09-30T15:43:30.4605817Z C/C++: /home/runner/work/daddyboard/daddyboard/daddyboard-main/app/src/main/jni/src/dictionary/structure/v4/content/language_model_dict_content.h:96:19: note: in implicit copy constructor for 'latinime::TrieMap::TrieMapRange' first required here
build	Build DaddyBoard (HeliBoard fork)	2026-09-30T15:43:30.4607357Z C/C++:    96 |                 : mTrieMapRange(trieMapRange), mHasHistoricalInfo(hasHistoricalInfo) {}
build	Build DaddyBoard (HeliBoard fork)	2026-09-30T15:43:30.4608022Z C/C++:       |                   ^
build	Build DaddyBoard (HeliBoard fork)	2026-09-30T15:43:30.4608963Z C/C++: In file included from /home/runner/work/daddyboard/daddyboard/daddyboard-main/app/src/main/jni/src/dictionary/structure/v4/ver4_patricia_trie_policy.cpp:17:
build	Build DaddyBoard (HeliBoard fork)	2026-09-30T15:43:30.4610466Z C/C++: In file included from /home/runner/work/daddyboard/daddyboard/daddyboard-main/app/src/main/jni/src/dictionary/structure/v4/ver4_patricia_trie_policy.h:24:
build	Build DaddyBoard (HeliBoard fork)	2026-09-30T15:43:30.4612122Z C/C++: In file included from /home/runner/work/daddyboard/daddyboard/daddyboard-main/app/src/main/jni/src/dictionary/interface/dictionary_structure_with_buffer_policy.h:24:
build	Build DaddyBoard (HeliBoard fork)	2026-09-30T15:43:30.4642499Z C/C++: /home/runner/work/daddyboard/daddyboard/daddyboard-main/app/src/main/jni/src/dictionary/property/word_attributes.h:59:5: warning: definition of implicit copy constructor for 'WordAttributes' is deprecated because it has a user-declared copy assignment operator [-Wdeprecated-copy]
build	Build DaddyBoard (HeliBoard fork)	2026-09-30T15:43:30.4645096Z C/C++:    59 |     DISALLOW_ASSIGNMENT_OPERATOR(WordAttributes);
build	Build DaddyBoard (HeliBoard fork)	2026-09-30T15:43:30.4645654Z C/C++:       |     ^
build	Build DaddyBoard (HeliBoard fork)	2026-09-30T15:43:30.4646549Z C/C++: /home/runner/work/daddyboard/daddyboard/daddyboard-main/app/src/main/jni/src/defines.h:289:8: note: expanded from macro 'DISALLOW_ASSIGNMENT_OPERATOR'
build	Build DaddyBoard (HeliBoard fork)	2026-09-30T15:43:30.4647566Z C/C++:   289 |   void operator=(const TypeName&) = delete
build	Build DaddyBoard (HeliBoard fork)	2026-09-30T15:43:30.4648055Z C/C++:       |        ^
build	Build DaddyBoard (HeliBoard fork)	2026-09-30T15:43:30.4649237Z C/C++: /home/runner/work/daddyboard/daddyboard/daddyboard-main/app/src/main/jni/src/dictionary/structure/v4/content/language_model_dict_content.h:119:19: note: in implicit copy constructor for 'WordAttributes' first required here
build	Build DaddyBoard (HeliBoard fork)	2026-09-30T15:43:30.4650675Z C/C++:   119 |                   mWordAttributes(wordAttributes), mProbabilityEntry(probabilityEntry) {}
build	Build DaddyBoard (HeliBoard fork)	2026-09-30T15:43:30.4681372Z C/C++:       |                   ^
build	Build DaddyBoard (HeliBoard fork)	2026-09-30T15:43:30.4882435Z C/C++: In file included from /home/runner/work/daddyboard/daddyboard/daddyboard-main/app/src/main/jni/src/dictionary/structure/v4/ver4_patricia_trie_policy.cpp:17:
build	Build DaddyBoard (HeliBoard fork)	2026-09-30T15:43:30.4932217Z C/C++: In file included from /home/runner/work/daddyboard/daddyboard/daddyboard-main/app/src/main/jni/src/dictionary/structure/v4/ver4_patricia_trie_policy.h:24:
build	Build DaddyBoard (HeliBoard fork)	2026-09-30T15:43:30.4934062Z C/C++: In file included from /home/runner/work/daddyboard/daddyboard/daddyboard-main/app/src/main/jni/src/dictionary/interface/dictionary_structure_with_buffer_policy.h:25:
build	Build DaddyBoard (HeliBoard fork)	2026-09-30T15:43:30.4944135Z C/C++: In file included from /home/runner/work/daddyboard/daddyboard/daddyboard-main/app/src/main/jni/src/dictionary/property/word_property.h:23:
build	Build DaddyBoard (HeliBoard fork)	2026-09-30T15:43:30.4946333Z C/C++: In file included from /home/runner/work/daddyboard/daddyboard/daddyboard-main/app/src/main/jni/src/dictionary/property/ngram_property.h:24:
build	Build DaddyBoard (HeliBoard fork)	2026-09-30T15:43:30.4947829Z C/C++: In file included from /home/runner/work/daddyboard/daddyboard/daddyboard-main/app/src/main/jni/src/dictionary/property/ngram_context.h:23:
build	Build DaddyBoard (HeliBoard fork)	2026-09-30T15:43:30.4949807Z C/C++: /home/runner/work/daddyboard/daddyboard/daddyboard-main/app/src/main/jni/src/utils/int_array_view.h:160:5: warning: definition of implicit copy constructor for 'IntArrayView' is deprecated because it has a user-declared copy assignment operator [-Wdeprecated-copy]
build	Build DaddyBoard (HeliBoard fork)	2026-09-30T15:43:30.4951902Z C/C++:   160 |     DISALLOW_ASSIGNMENT_OPERATOR(IntArrayView);
build	Build DaddyBoard (HeliBoard fork)	2026-09-30T15:43:30.4952434Z C/C++:       |     ^
build	Build DaddyBoard (HeliBoard fork)	2026-09-30T15:43:30.4953317Z C/C++: /home/runner/work/daddyboard/daddyboard/daddyboard-main/app/src/main/jni/src/defines.h:289:8: note: expanded from macro 'DISALLOW_ASSIGNMENT_OPERATOR'
build	Build DaddyBoard (HeliBoard fork)	2026-09-30T15:43:30.4954307Z C/C++:   289 |   void operator=(const TypeName&) = delete
build	Build DaddyBoard (HeliBoard fork)	2026-09-30T15:43:30.4954779Z C/C++:       |        ^
build	Build DaddyBoard (HeliBoard fork)	2026-09-30T15:43:30.4955814Z C/C++: /home/runner/work/daddyboard/daddyboard/daddyboard-main/app/src/main/jni/src/suggest/core/dicnode/dic_node.h:110:53: note: in implicit copy constructor for 'latinime::IntArrayView' first required here
build	Build DaddyBoard (HeliBoard fork)	2026-09-30T15:43:30.4957088Z C/C++:   110 |         mDicNodeProperties.init(rootPtNodeArrayPos, prevWordIds);
build	Build DaddyBoard (HeliBoard fork)	2026-09-30T15:43:30.4957706Z C/C++:       |                                                     ^
build	Build DaddyBoard (HeliBoard fork)	2026-09-30T15:43:30.4958663Z C/C++: In file included from /home/runner/work/daddyboard/daddyboard/daddyboard-main/app/src/main/jni/src/dictionary/structure/v4/ver4_patricia_trie_policy.cpp:32:
build	Build DaddyBoard (HeliBoard fork)	2026-09-30T15:43:30.4960088Z C/C++: In file included from /home/runner/work/daddyboard/daddyboard/daddyboard-main/app/src/main/jni/src/dictionary/utils/multi_bigram_map.h:27:
build	Build DaddyBoard (HeliBoard fork)	2026-09-30T15:43:30.4962090Z C/C++: /home/runner/work/daddyboard/daddyboard/daddyboard-main/app/src/main/jni/src/dictionary/utils/bloom_filter.h:47:5: warning: definition of implicit copy constructor for 'BloomFilter' is deprecated because it has a user-declared copy assignment operator [-Wdeprecated-copy]
build	Build DaddyBoard (HeliBoard fork)	2026-09-30T15:43:30.4963619Z C/C++:    47 |     DISALLOW_ASSIGNMENT_OPERATOR(BloomFilter);
build	Build DaddyBoard (HeliBoard fork)	2026-09-30T15:43:30.4964308Z C/C++:       |     ^
build	Build DaddyBoard (HeliBoard fork)	2026-09-30T15:43:30.4965162Z C/C++: /home/runner/work/daddyboard/daddyboard/daddyboard-main/app/src/main/jni/src/defines.h:289:8: note: expanded from macro 'DISALLOW_ASSIGNMENT_OPERATOR'
build	Build DaddyBoard (HeliBoard fork)	2026-09-30T15:43:30.4966141Z C/C++:   289 |   void operator=(const TypeName&) = delete
build	Build DaddyBoard (HeliBoard fork)	2026-09-30T15:43:30.4966672Z C/C++:       |        ^
build	Build DaddyBoard (HeliBoard fork)	2026-09-30T15:43:30.4967748Z C/C++: /home/runner/work/daddyboard/daddyboard/daddyboard-main/app/src/main/jni/src/dictionary/utils/multi_bigram_map.h:57:53: note: in implicit copy constructor for 'latinime::BloomFilter' first required here
build	Build DaddyBoard (HeliBoard fork)	2026-09-30T15:43:30.4969090Z C/C++:    57 |                 : mBigramMap(bigramMap.mBigramMap), mBloomFilter(bigramMap.mBloomFilter) {}
build	Build DaddyBoard (HeliBoard fork)	2026-09-30T15:43:30.4969817Z C/C++:       |                                                     ^
build	Build DaddyBoard (HeliBoard fork)	2026-09-30T15:43:30.6892327Z C/C++: In file included from /home/runner/work/daddyboard/daddyboard/daddyboard-main/app/src/main/jni/src/dictionary/structure/v4/ver4_patricia_trie_policy.cpp:17:
build	Build DaddyBoard (HeliBoard fork)	2026-09-30T15:43:30.6932065Z C/C++: In file included from /home/runner/work/daddyboard/daddyboard/daddyboard-main/app/src/main/jni/src/dictionary/structure/v4/ver4_patricia_trie_policy.h:24:
build	Build DaddyBoard (HeliBoard fork)	2026-09-30T15:43:30.6967511Z C/C++: In file included from /home/runner/work/daddyboard/daddyboard/daddyboard-main/app/src/main/jni/src/dictionary/interface/dictionary_structure_with_buffer_policy.h:25:
build	Build DaddyBoard (HeliBoard fork)	2026-09-30T15:43:30.7005390Z C/C++: In file included from /home/runner/work/daddyboard/daddyboard/daddyboard-main/app/src/main/jni/src/dictionary/property/word_property.h:23:
build	Build DaddyBoard (HeliBoard fork)	2026-09-30T15:43:30.7007430Z C/C++: /home/runner/work/daddyboard/daddyboard/daddyboard-main/app/src/main/jni/src/dictionary/property/ngram_property.h:54:5: warning: definition of implicit copy constructor for 'NgramProperty' is deprecated because it has a user-declared copy assignment operator [-Wdeprecated-copy]
build	Build DaddyBoard (HeliBoard fork)	2026-09-30T15:43:30.7009213Z C/C++:    54 |     DISALLOW_ASSIGNMENT_OPERATOR(NgramProperty);
build	Build DaddyBoard (HeliBoard fork)	2026-09-30T15:43:30.7009777Z C/C++:       |     ^
build	Build DaddyBoard (HeliBoard fork)	2026-09-30T15:43:30.7010727Z C/C++: /home/runner/work/daddyboard/daddyboard/daddyboard-main/app/src/main/jni/src/defines.h:289:8: note: expanded from macro 'DISALLOW_ASSIGNMENT_OPERATOR'
build	Build DaddyBoard (HeliBoard fork)	2026-09-30T15:43:30.7011947Z C/C++:   289 |   void operator=(const TypeName&) = delete
build	Build DaddyBoard (HeliBoard fork)	2026-09-30T15:43:30.7013006Z C/C++:       |        ^
build	Build DaddyBoard (HeliBoard fork)	2026-09-30T15:43:30.7014238Z C/C++: /usr/local/lib/android/sdk/ndk/28.0.13004108/toolchains/llvm/prebuilt/linux-x86_64/sysroot/usr/include/c++/v1/__memory/allocator.h:173:24: note: in implicit copy constructor for 'latinime::NgramProperty' first required here
build	Build DaddyBoard (HeliBoard fork)	2026-09-30T15:43:30.7015682Z C/C++:   173 |     ::new ((void*)__p) _Up(std::forward<_Args>(__args)...);
build	Build DaddyBoard (HeliBoard fork)	2026-09-30T15:43:30.7016331Z C/C++:       |                        ^
build	Build DaddyBoard (HeliBoard fork)	2026-09-30T15:43:30.7017829Z C/C++: /usr/local/lib/android/sdk/ndk/28.0.13004108/toolchains/llvm/prebuilt/linux-x86_64/sysroot/usr/include/c++/v1/__memory/allocator_traits.h:320:9: note: in instantiation of function template specialization 'std::allocator<latinime::NgramProperty>::construct<latinime::NgramProperty, latinime::NgramProperty &>' requested here
build	Build DaddyBoard (HeliBoard fork)	2026-09-30T15:43:30.7019442Z C/C++:   320 |     __a.construct(__p, std::forward<_Args>(__args)...);
build	Build DaddyBoard (HeliBoard fork)	2026-09-30T15:43:30.7019850Z C/C++:       |         ^
build	Build DaddyBoard (HeliBoard fork)	2026-09-30T15:43:30.7021801Z C/C++: /usr/local/lib/android/sdk/ndk/28.0.13004108/toolchains/llvm/prebuilt/linux-x86_64/sysroot/usr/include/c++/v1/__memory/uninitialized_algorithms.h:551:31: note: in instantiation of function template specialization 'std::allocator_traits<std::allocator<latinime::NgramProperty>>::construct<latinime::NgramProperty, latinime::NgramProperty &, 0>' requested here
build	Build DaddyBoard (HeliBoard fork)	2026-09-30T15:43:30.7023842Z C/C++:   551 |     allocator_traits<_Alloc>::construct(__alloc, std::__to_address(__first2), *__first1);
build	Build DaddyBoard (HeliBoard fork)	2026-09-30T15:43:30.7024398Z C/C++:       |                               ^
build	Build DaddyBoard (HeliBoard fork)	2026-09-30T15:43:30.7045492Z C/C++: /usr/local/lib/android/sdk/ndk/28.0.13004108/toolchains/llvm/prebuilt/linux-x86_64/sysroot/usr/include/c++/v1/__memory/uninitialized_algorithms.h:594:33: note: in instantiation of function template specialization 'std::__uninitialized_allocator_copy_impl<std::allocator<latinime::NgramProperty>, latinime::NgramProperty *, latinime::NgramProperty *, latinime::NgramProperty *>' requested here
build	Build DaddyBoard (HeliBoard fork)	2026-09-30T15:43:30.7047781Z C/C++:   594 |   auto __result          = std::__uninitialized_allocator_copy_impl(
build	Build DaddyBoard (HeliBoard fork)	2026-09-30T15:43:30.7048267Z C/C++:       |                                 ^
build	Build DaddyBoard (HeliBoard fork)	2026-09-30T15:43:30.7049929Z C/C++: /usr/local/lib/android/sdk/ndk/28.0.13004108/toolchains/llvm/prebuilt/linux-x86_64/sysroot/usr/include/c++/v1/vector:1100:22: note: in instantiation of function template specialization 'std::__uninitialized_allocator_copy<std::allocator<latinime::NgramProperty>, latinime::NgramProperty *, latinime::NgramProperty *, latinime::NgramProperty *>' requested here
build	Build DaddyBoard (HeliBoard fork)	2026-09-30T15:43:30.7052083Z C/C++:  1100 |   __tx.__pos_ = std::__uninitialized_allocator_copy(__alloc(), __first, __last, __tx.__pos_);
build	Build DaddyBoard (HeliBoard fork)	2026-09-30T15:43:30.7052662Z C/C++:       |                      ^
build	Build DaddyBoard (HeliBoard fork)	2026-09-30T15:43:30.7054065Z C/C++: /usr/local/lib/android/sdk/ndk/28.0.13004108/toolchains/llvm/prebuilt/linux-x86_64/sysroot/usr/include/c++/v1/vector:761:7: note: in instantiation of function template specialization 'std::vector<latinime::NgramProperty>::__construct_at_end<latinime::NgramProperty *, latinime::NgramProperty *>' requested here
build	Build DaddyBoard (HeliBoard fork)	2026-09-30T15:43:30.7055559Z C/C++:   761 |       __construct_at_end(__first, __last, __n);
build	Build DaddyBoard (HeliBoard fork)	2026-09-30T15:43:30.7055929Z C/C++:       |       ^
build	Build DaddyBoard (HeliBoard fork)	2026-09-30T15:43:30.7057323Z C/C++: /usr/local/lib/android/sdk/ndk/28.0.13004108/toolchains/llvm/prebuilt/linux-x86_64/sysroot/usr/include/c++/v1/vector:1213:3: note: in instantiation of function template specialization 'std::vector<latinime::NgramProperty>::__init_with_size<latinime::NgramProperty *, latinime::NgramProperty *>' requested here
build	Build DaddyBoard (HeliBoard fork)	2026-09-30T15:43:30.7058818Z C/C++:  1213 |   __init_with_size(__x.__begin_, __x.__end_, __x.size());
build	Build DaddyBoard (HeliBoard fork)	2026-09-30T15:43:30.7059225Z C/C++:       |   ^
build	Build DaddyBoard (HeliBoard fork)	2026-09-30T15:43:30.7081401Z C/C++: /home/runner/work/daddyboard/daddyboard/daddyboard-main/app/src/main/jni/src/dictionary/property/word_property.h:39:15: note: in instantiation of member function 'std::vector<latinime::NgramProperty>::vector' requested here
build	Build DaddyBoard (HeliBoard fork)	2026-09-30T15:43:30.7082640Z C/C++:    39 |               mNgrams(ngrams) {}
build	Build DaddyBoard (HeliBoard fork)	2026-09-30T15:43:30.7083259Z C/C++:       |               ^
build	Build DaddyBoard (HeliBoard fork)	2026-09-30T15:43:30.9871982Z C/C++: 10 warnings generated.
build	Build DaddyBoard (HeliBoard fork)	2026-09-30T15:43:31.6871157Z C/C++: In file included from /home/runner/work/daddyboard/daddyboard/daddyboard-main/app/src/main/jni/src/dictionary/structure/v4/ver4_patricia_trie_writing_helper.cpp:17:
build	Build DaddyBoard (HeliBoard fork)	2026-09-30T15:43:31.6872711Z C/C++: In file included from /home/runner/work/daddyboard/daddyboard/daddyboard-main/app/src/main/jni/src/dictionary/structure/v4/ver4_patricia_trie_writing_helper.h:23:
build	Build DaddyBoard (HeliBoard fork)	2026-09-30T15:43:31.6881324Z C/C++: /home/runner/work/daddyboard/daddyboard/daddyboard-main/app/src/main/jni/src/dictionary/utils/entry_counters.h:44:5: warning: definition of implicit copy constructor for 'EntryCounts' is deprecated because it has a user-declared copy assignment operator [-Wdeprecated-copy]
build	Build DaddyBoard (HeliBoard fork)	2026-09-30T15:43:31.6883031Z C/C++:    44 |     DISALLOW_ASSIGNMENT_OPERATOR(EntryCounts);
build	Build DaddyBoard (HeliBoard fork)	2026-09-30T15:43:31.6883588Z C/C++:       |     ^
build	Build DaddyBoard (HeliBoard fork)	2026-09-30T15:43:31.6884518Z C/C++: /home/runner/work/daddyboard/daddyboard/daddyboard-main/app/src/main/jni/src/defines.h:289:8: note: expanded from macro 'DISALLOW_ASSIGNMENT_OPERATOR'
build	Build DaddyBoard (HeliBoard fork)	2026-09-30T15:43:31.6885519Z C/C++:   289 |   void operator=(const TypeName&) = delete
build	Build DaddyBoard (HeliBoard fork)	2026-09-30T15:43:31.6886063Z C/C++:       |        ^
build	Build DaddyBoard (HeliBoard fork)	2026-09-30T15:43:31.6887220Z C/C++: /home/runner/work/daddyboard/daddyboard/daddyboard-main/app/src/main/jni/src/dictionary/header/header_policy.h:92:15: note: in implicit copy constructor for 'latinime::EntryCounts' first required here
build	Build DaddyBoard (HeliBoard fork)	2026-09-30T15:43:31.6888440Z C/C++:    92 |               mNgramCounts(headerPolicy->mNgramCounts),
build	Build DaddyBoard (HeliBoard fork)	2026-09-30T15:43:31.6888972Z C/C++:       |               ^
build	Build DaddyBoard (HeliBoard fork)	2026-09-30T15:43:31.6890199Z C/C++: In file included from /home/runner/work/daddyboard/daddyboard/daddyboard-main/app/src/main/jni/src/dictionary/structure/v4/ver4_patricia_trie_writing_helper.cpp:17:
build	Build DaddyBoard (HeliBoard fork)	2026-09-30T15:43:31.6891961Z C/C++: In file included from /home/runner/work/daddyboard/daddyboard/daddyboard-main/app/src/main/jni/src/dictionary/structure/v4/ver4_patricia_trie_writing_helper.h:21:
build	Build DaddyBoard (HeliBoard fork)	2026-09-30T15:43:31.6893615Z C/C++: In file included from /home/runner/work/daddyboard/daddyboard/daddyboard-main/app/src/main/jni/src/dictionary/structure/pt_common/dynamic_pt_gc_event_listeners.h:25:
build	Build DaddyBoard (HeliBoard fork)	2026-09-30T15:43:31.6895109Z C/C++: In file included from /home/runner/work/daddyboard/daddyboard/daddyboard-main/app/src/main/jni/src/dictionary/utils/buffer_with_extendable_buffer.h:26:
build	Build DaddyBoard (HeliBoard fork)	2026-09-30T15:43:31.6897019Z C/C++: /home/runner/work/daddyboard/daddyboard/daddyboard-main/app/src/main/jni/src/utils/byte_array_view.h:53:5: warning: definition of implicit copy constructor for 'ReadOnlyByteArrayView' is deprecated because it has a user-declared copy assignment operator [-Wdeprecated-copy]
build	Build DaddyBoard (HeliBoard fork)	2026-09-30T15:43:31.6898648Z C/C++:    53 |     DISALLOW_ASSIGNMENT_OPERATOR(ReadOnlyByteArrayView);
build	Build DaddyBoard (HeliBoard fork)	2026-09-30T15:43:31.6899255Z C/C++:       |     ^
build	Build DaddyBoard (HeliBoard fork)	2026-09-30T15:43:31.6900148Z C/C++: /home/runner/work/daddyboard/daddyboard/daddyboard-main/app/src/main/jni/src/defines.h:289:8: note: expanded from macro 'DISALLOW_ASSIGNMENT_OPERATOR'
build	Build DaddyBoard (HeliBoard fork)	2026-09-30T15:43:31.6901396Z C/C++:   289 |   void operator=(const TypeName&) = delete
build	Build DaddyBoard (HeliBoard fork)	2026-09-30T15:43:31.6901920Z C/C++:       |        ^
build	Build DaddyBoard (HeliBoard fork)	2026-09-30T15:43:31.7902950Z C/C++: /home/runner/work/daddyboard/daddyboard/daddyboard-main/app/src/main/jni/src/dictionary/structure/pt_common/shortcut/shortcut_list_reading_utils.h:52:75: note: in implicit copy constructor for 'latinime::ReadOnlyByteArrayView' first required here
build	Build DaddyBoard (HeliBoard fork)	2026-09-30T15:43:31.7905047Z C/C++:    52 |         const int shortcutListSize = getShortcutListSizeAndForwardPointer(buffer, pos);
build	Build DaddyBoard (HeliBoard fork)	2026-09-30T15:43:31.7925531Z C/C++:       |                                                                           ^
build	Build DaddyBoard (HeliBoard fork)	2026-09-30T15:43:31.7926778Z C/C++: In file included from /home/runner/work/daddyboard/daddyboard/daddyboard-main/app/src/main/jni/src/dictionary/structure/v4/ver4_patricia_trie_writing_helper.cpp:24:
build	Build DaddyBoard (HeliBoard fork)	2026-09-30T15:43:31.7928346Z C/C++: In file included from /home/runner/work/daddyboard/daddyboard/daddyboard-main/app/src/main/jni/src/dictionary/structure/v4/ver4_dict_buffers.h:25:
build	Build DaddyBoard (HeliBoard fork)	2026-09-30T15:43:31.7930379Z C/C++: In file included from /home/runner/work/daddyboard/daddyboard/daddyboard-main/app/src/main/jni/src/dictionary/structure/v4/content/language_model_dict_content.h:26:
build	Build DaddyBoard (HeliBoard fork)	2026-09-30T15:43:31.7967006Z C/C++: In file included from /home/runner/work/daddyboard/daddyboard/daddyboard-main/app/src/main/jni/src/dictionary/structure/v4/content/probability_entry.h:24:
build	Build DaddyBoard (HeliBoard fork)	2026-09-30T15:43:31.7978012Z C/C++: /home/runner/work/daddyboard/daddyboard/daddyboard-main/app/src/main/jni/src/dictionary/property/historical_info.h:52:5: warning: definition of implicit copy constructor for 'HistoricalInfo' is deprecated because it has a user-declared copy assignment operator [-Wdeprecated-copy]
build	Build DaddyBoard (HeliBoard fork)	2026-09-30T15:43:31.8017857Z C/C++:    52 |     DISALLOW_ASSIGNMENT_OPERATOR(HistoricalInfo);
build	Build DaddyBoard (HeliBoard fork)	2026-09-30T15:43:31.8019638Z C/C++:       |     ^
build	Build DaddyBoard (HeliBoard fork)	2026-09-30T15:43:31.8084496Z C/C++: /home/runner/work/daddyboard/daddyboard/daddyboard-main/app/src/main/jni/src/defines.h:289:8: note: expanded from macro 'DISALLOW_ASSIGNMENT_OPERATOR'
build	Build DaddyBoard (HeliBoard fork)	2026-09-30T15:43:31.8133433Z C/C++:   289 |   void operator=(const TypeName&) = delete
build	Build DaddyBoard (HeliBoard fork)	2026-09-30T15:43:31.8163784Z C/C++:       |        ^
build	Build DaddyBoard (HeliBoard fork)	2026-09-30T15:43:31.8192124Z C/C++: /home/runner/work/daddyboard/daddyboard/daddyboard-main/app/src/main/jni/src/dictionary/property/ngram_property.h:33:42: note: in implicit copy constructor for 'latinime::HistoricalInfo' first required here
build	Build DaddyBoard (HeliBoard fork)	2026-09-30T15:43:31.8201591Z C/C++:    33 |               mProbability(probability), mHistoricalInfo(historicalInfo) {}
build	Build DaddyBoard (HeliBoard fork)	2026-09-30T15:43:31.8214068Z C/C++:       |                                          ^
build	Build DaddyBoard (HeliBoard fork)	2026-09-30T15:43:31.8241955Z C/C++: In file included from /home/runner/work/daddyboard/daddyboard/daddyboard-main/app/src/main/jni/src/dictionary/structure/v4/ver4_patricia_trie_writing_helper.cpp:24:
build	Build DaddyBoard (HeliBoard fork)	2026-09-30T15:43:31.8271899Z C/C++: In file included from /home/runner/work/daddyboard/daddyboard/daddyboard-main/app/src/main/jni/src/dictionary/structure/v4/ver4_dict_buffers.h:25:
build	Build DaddyBoard (HeliBoard fork)	2026-09-30T15:43:31.8281958Z C/C++: In file included from /home/runner/work/daddyboard/daddyboard/daddyboard-main/app/src/main/jni/src/dictionary/structure/v4/content/language_model_dict_content.h:30:
build	Build DaddyBoard (HeliBoard fork)	2026-09-30T15:43:31.8294416Z C/C++: /home/runner/work/daddyboard/daddyboard/daddyboard-main/app/src/main/jni/src/dictionary/utils/trie_map.h:129:9: warning: definition of implicit copy constructor for 'TrieMapIterator' is deprecated because it has a user-declared copy assignment operator [-Wdeprecated-copy]
build	Build DaddyBoard (HeliBoard fork)	2026-09-30T15:43:31.8296039Z C/C++:   129 |         DISALLOW_ASSIGNMENT_OPERATOR(TrieMapIterator);
build	Build DaddyBoard (HeliBoard fork)	2026-09-30T15:43:31.8296551Z C/C++:       |         ^
build	Build DaddyBoard (HeliBoard fork)	2026-09-30T15:43:31.8297464Z C/C++: /home/runner/work/daddyboard/daddyboard/daddyboard-main/app/src/main/jni/src/defines.h:289:8: note: expanded from macro 'DISALLOW_ASSIGNMENT_OPERATOR'
build	Build DaddyBoard (HeliBoard fork)	2026-09-30T15:43:31.8298474Z C/C++:   289 |   void operator=(const TypeName&) = delete
build	Build DaddyBoard (HeliBoard fork)	2026-09-30T15:43:31.8298943Z C/C++:       |        ^
build	Build DaddyBoard (HeliBoard fork)	2026-09-30T15:43:31.8300253Z C/C++: /home/runner/work/daddyboard/daddyboard/daddyboard-main/app/src/main/jni/src/dictionary/structure/v4/content/language_model_dict_content.h:67:19: note: in implicit copy constructor for 'latinime::TrieMap::TrieMapIterator' first required here
build	Build DaddyBoard (HeliBoard fork)	2026-09-30T15:43:31.8302017Z C/C++:    67 |                 : mTrieMapIterator(trieMapIterator), mHasHistoricalInfo(hasHistoricalInfo) {}
build	Build DaddyBoard (HeliBoard fork)	2026-09-30T15:43:31.8302687Z C/C++:       |                   ^
build	Build DaddyBoard (HeliBoard fork)	2026-09-30T15:43:31.8303699Z C/C++: In file included from /home/runner/work/daddyboard/daddyboard/daddyboard-main/app/src/main/jni/src/dictionary/structure/v4/ver4_patricia_trie_writing_helper.cpp:24:
build	Build DaddyBoard (HeliBoard fork)	2026-09-30T15:43:31.8305187Z C/C++: In file included from /home/runner/work/daddyboard/daddyboard/daddyboard-main/app/src/main/jni/src/dictionary/structure/v4/ver4_dict_buffers.h:25:
build	Build DaddyBoard (HeliBoard fork)	2026-09-30T15:43:31.8306657Z C/C++: In file included from /home/runner/work/daddyboard/daddyboard/daddyboard-main/app/src/main/jni/src/dictionary/structure/v4/content/language_model_dict_content.h:30:
build	Build DaddyBoard (HeliBoard fork)	2026-09-30T15:43:31.8309073Z C/C++: /home/runner/work/daddyboard/daddyboard/daddyboard-main/app/src/main/jni/src/dictionary/utils/trie_map.h:158:9: warning: definition of implicit copy constructor for 'TrieMapRange' is deprecated because it has a user-declared copy assignment operator [-Wdeprecated-copy]
build	Build DaddyBoard (HeliBoard fork)	2026-09-30T15:43:31.8310683Z C/C++:   158 |         DISALLOW_ASSIGNMENT_OPERATOR(TrieMapRange);
build	Build DaddyBoard (HeliBoard fork)	2026-09-30T15:43:31.8311332Z C/C++:       |         ^
build	Build DaddyBoard (HeliBoard fork)	2026-09-30T15:43:31.8341876Z C/C++: /home/runner/work/daddyboard/daddyboard/daddyboard-main/app/src/main/jni/src/defines.h:289:8: note: expanded from macro 'DISALLOW_ASSIGNMENT_OPERATOR'
build	Build DaddyBoard (HeliBoard fork)	2026-09-30T15:43:31.8342793Z C/C++:   289 |   void operator=(const TypeName&) = delete
build	Build DaddyBoard (HeliBoard fork)	2026-09-30T15:43:31.8371598Z C/C++:       |        ^
build	Build DaddyBoard (HeliBoard fork)	2026-09-30T15:43:31.8402249Z C/C++: /home/runner/work/daddyboard/daddyboard/daddyboard-main/app/src/main/jni/src/dictionary/structure/v4/content/language_model_dict_content.h:96:19: note: in implicit copy constructor for 'latinime::TrieMap::TrieMapRange' first required here
build	Build DaddyBoard (HeliBoard fork)	2026-09-30T15:43:31.8403717Z C/C++:    96 |                 : mTrieMapRange(trieMapRange), mHasHistoricalInfo(hasHistoricalInfo) {}
build	Build DaddyBoard (HeliBoard fork)	2026-09-30T15:43:31.8404278Z C/C++:       |                   ^
build	Build DaddyBoard (HeliBoard fork)	2026-09-30T15:43:31.8405171Z C/C++: In file included from /home/runner/work/daddyboard/daddyboard/daddyboard-main/app/src/main/jni/src/dictionary/structure/v4/ver4_patricia_trie_writing_helper.cpp:24:
build	Build DaddyBoard (HeliBoard fork)	2026-09-30T15:43:31.8406511Z C/C++: In file included from /home/runner/work/daddyboard/daddyboard/daddyboard-main/app/src/main/jni/src/dictionary/structure/v4/ver4_dict_buffers.h:25:
build	Build DaddyBoard (HeliBoard fork)	2026-09-30T15:43:31.8408182Z C/C++: In file included from /home/runner/work/daddyboard/daddyboard/daddyboard-main/app/src/main/jni/src/dictionary/structure/v4/content/language_model_dict_content.h:24:
build	Build DaddyBoard (HeliBoard fork)	2026-09-30T15:43:31.8410068Z C/C++: /home/runner/work/daddyboard/daddyboard/daddyboard-main/app/src/main/jni/src/dictionary/property/word_attributes.h:59:5: warning: definition of implicit copy constructor for 'WordAttributes' is deprecated because it has a user-declared copy assignment operator [-Wdeprecated-copy]
build	Build DaddyBoard (HeliBoard fork)	2026-09-30T15:43:31.8411712Z C/C++:    59 |     DISALLOW_ASSIGNMENT_OPERATOR(WordAttributes);
build	Build DaddyBoard (HeliBoard fork)	2026-09-30T15:43:31.8412125Z C/C++:       |     ^
build	Build DaddyBoard (HeliBoard fork)	2026-09-30T15:43:31.8412901Z C/C++: /home/runner/work/daddyboard/daddyboard/daddyboard-main/app/src/main/jni/src/defines.h:289:8: note: expanded from macro 'DISALLOW_ASSIGNMENT_OPERATOR'
build	Build DaddyBoard (HeliBoard fork)	2026-09-30T15:43:31.8413791Z C/C++:   289 |   void operator=(const TypeName&) = delete
build	Build DaddyBoard (HeliBoard fork)	2026-09-30T15:43:31.8414170Z C/C++:       |        ^
build	Build DaddyBoard (HeliBoard fork)	2026-09-30T15:43:31.8415247Z C/C++: /home/runner/work/daddyboard/daddyboard/daddyboard-main/app/src/main/jni/src/dictionary/structure/v4/content/language_model_dict_content.h:119:19: note: in implicit copy constructor for 'WordAttributes' first required here
build	Build DaddyBoard (HeliBoard fork)	2026-09-30T15:43:31.8416645Z C/C++:   119 |                   mWordAttributes(wordAttributes), mProbabilityEntry(probabilityEntry) {}
build	Build DaddyBoard (HeliBoard fork)	2026-09-30T15:43:31.8417203Z C/C++:       |                   ^
build	Build DaddyBoard (HeliBoard fork)	2026-09-30T15:43:31.8922598Z C/C++: In file included from /home/runner/work/daddyboard/daddyboard/daddyboard-main/app/src/main/jni/src/dictionary/structure/v4/ver4_patricia_trie_writing_helper.cpp:17:
build	Build DaddyBoard (HeliBoard fork)	2026-09-30T15:43:31.8952225Z C/C++: In file included from /home/runner/work/daddyboard/daddyboard/daddyboard-main/app/src/main/jni/src/dictionary/structure/v4/ver4_patricia_trie_writing_helper.h:21:
build	Build DaddyBoard (HeliBoard fork)	2026-09-30T15:43:31.8953861Z C/C++: In file included from /home/runner/work/daddyboard/daddyboard/daddyboard-main/app/src/main/jni/src/dictionary/structure/pt_common/dynamic_pt_gc_event_listeners.h:23:
build	Build DaddyBoard (HeliBoard fork)	2026-09-30T15:43:31.8955414Z C/C++: In file included from /home/runner/work/daddyboard/daddyboard/daddyboard-main/app/src/main/jni/src/dictionary/structure/pt_common/dynamic_pt_reading_helper.h:24:
build	Build DaddyBoard (HeliBoard fork)	2026-09-30T15:43:31.8956776Z C/C++: In file included from /home/runner/work/daddyboard/daddyboard/daddyboard-main/app/src/main/jni/src/dictionary/structure/pt_common/pt_node_params.h:27:
build	Build DaddyBoard (HeliBoard fork)	2026-09-30T15:43:31.8959095Z C/C++: /home/runner/work/daddyboard/daddyboard/daddyboard-main/app/src/main/jni/src/utils/int_array_view.h:160:5: warning: definition of implicit copy constructor for 'IntArrayView' is deprecated because it has a user-declared copy assignment operator [-Wdeprecated-copy]
build	Build DaddyBoard (HeliBoard fork)	2026-09-30T15:43:31.8960561Z C/C++:   160 |     DISALLOW_ASSIGNMENT_OPERATOR(IntArrayView);
build	Build DaddyBoard (HeliBoard fork)	2026-09-30T15:43:31.8961105Z C/C++:       |     ^
build	Build DaddyBoard (HeliBoard fork)	2026-09-30T15:43:31.8961904Z C/C++: /home/runner/work/daddyboard/daddyboard/daddyboard-main/app/src/main/jni/src/defines.h:289:8: note: expanded from macro 'DISALLOW_ASSIGNMENT_OPERATOR'
build	Build DaddyBoard (HeliBoard fork)	2026-09-30T15:43:31.8962811Z C/C++:   289 |   void operator=(const TypeName&) = delete
build	Build DaddyBoard (HeliBoard fork)	2026-09-30T15:43:31.8963180Z C/C++:       |        ^
build	Build DaddyBoard (HeliBoard fork)	2026-09-30T15:43:31.8964246Z C/C++: /usr/local/lib/android/sdk/ndk/28.0.13004108/toolchains/llvm/prebuilt/linux-x86_64/sysroot/usr/include/c++/v1/__memory/allocator.h:173:24: note: in implicit copy constructor for 'latinime::IntArrayView' first required here
build	Build DaddyBoard (HeliBoard fork)	2026-09-30T15:43:31.8965437Z C/C++:   173 |     ::new ((void*)__p) _Up(std::forward<_Args>(__args)...);
build	Build DaddyBoard (HeliBoard fork)	2026-09-30T15:43:31.8965858Z C/C++:       |                        ^
build	Build DaddyBoard (HeliBoard fork)	2026-09-30T15:43:31.8967415Z C/C++: /usr/local/lib/android/sdk/ndk/28.0.13004108/toolchains/llvm/prebuilt/linux-x86_64/sysroot/usr/include/c++/v1/__memory/allocator_traits.h:320:9: note: in instantiation of function template specialization 'std::allocator<latinime::IntArrayView>::construct<latinime::IntArrayView, latinime::IntArrayView>' requested here
build	Build DaddyBoard (HeliBoard fork)	2026-09-30T15:43:31.8969070Z C/C++:   320 |     __a.construct(__p, std::forward<_Args>(__args)...);
build	Build DaddyBoard (HeliBoard fork)	2026-09-30T15:43:31.8969644Z C/C++:       |         ^
build	Build DaddyBoard (HeliBoard fork)	2026-09-30T15:43:31.8971445Z C/C++: /usr/local/lib/android/sdk/ndk/28.0.13004108/toolchains/llvm/prebuilt/linux-x86_64/sysroot/usr/include/c++/v1/__memory/uninitialized_algorithms.h:639:33: note: in instantiation of function template specialization 'std::allocator_traits<std::allocator<latinime::IntArrayView>>::construct<latinime::IntArrayView, latinime::IntArrayView, 0>' requested here
build	Build DaddyBoard (HeliBoard fork)	2026-09-30T15:43:31.8973358Z C/C++:   639 |       allocator_traits<_Alloc>::construct(__alloc, __result, std::move(*__iter));
build	Build DaddyBoard (HeliBoard fork)	2026-09-30T15:43:31.8973900Z C/C++:       |                                 ^
build	Build DaddyBoard (HeliBoard fork)	2026-09-30T15:43:31.8975202Z C/C++: /usr/local/lib/android/sdk/ndk/28.0.13004108/toolchains/llvm/prebuilt/linux-x86_64/sysroot/usr/include/c++/v1/vector:1511:3: note: in instantiation of member function 'std::vector<latinime::IntArrayView>::__swap_out_circular_buffer' requested here
build	Build DaddyBoard (HeliBoard fork)	2026-09-30T15:43:31.8976473Z C/C++:  1511 |   __swap_out_circular_buffer(__v);
build	Build DaddyBoard (HeliBoard fork)	2026-09-30T15:43:31.8976833Z C/C++:       |   ^
build	Build DaddyBoard (HeliBoard fork)	2026-09-30T15:43:31.8978217Z C/C++: /usr/local/lib/android/sdk/ndk/28.0.13004108/toolchains/llvm/prebuilt/linux-x86_64/sysroot/usr/include/c++/v1/vector:1529:13: note: in instantiation of function template specialization 'std::vector<latinime::IntArrayView>::__emplace_back_slow_path<const int *const &, const unsigned long &>' requested here
build	Build DaddyBoard (HeliBoard fork)	2026-09-30T15:43:31.8979809Z C/C++:  1529 |     __end = __emplace_back_slow_path(std::forward<_Args>(__args)...);
build	Build DaddyBoard (HeliBoard fork)	2026-09-30T15:43:31.8980274Z C/C++:       |             ^
build	Build DaddyBoard (HeliBoard fork)	2026-09-30T15:43:31.9011883Z C/C++: /home/runner/work/daddyboard/daddyboard/daddyboard-main/app/src/main/jni/src/utils/int_array_view.h:142:20: note: in instantiation of function template specialization 'std::vector<latinime::IntArrayView>::emplace_back<const int *const &, const unsigned long &>' requested here
build	Build DaddyBoard (HeliBoard fork)	2026-09-30T15:43:31.9013406Z C/C++:   142 |             result.emplace_back(mPtr, mSize);
build	Build DaddyBoard (HeliBoard fork)	2026-09-30T15:43:31.9013811Z C/C++:       |                    ^
build	Build DaddyBoard (HeliBoard fork)	2026-09-30T15:43:31.9901990Z C/C++: 7 warnings generated.
build	Build DaddyBoard (HeliBoard fork)	2026-09-30T15:43:33.4869903Z C/C++: In file included from /home/runner/work/daddyboard/daddyboard/daddyboard-main/app/src/main/jni/src/dictionary/structure/v4/content/language_model_dict_content.cpp:17:
build	Build DaddyBoard (HeliBoard fork)	2026-09-30T15:43:33.4902192Z C/C++: In file included from /home/runner/work/daddyboard/daddyboard/daddyboard-main/app/src/main/jni/src/dictionary/structure/v4/content/language_model_dict_content.h:26:
build	Build DaddyBoard (HeliBoard fork)	2026-09-30T15:43:33.4921995Z C/C++: In file included from /home/runner/work/daddyboard/daddyboard/daddyboard-main/app/src/main/jni/src/dictionary/structure/v4/content/probability_entry.h:24:
build	Build DaddyBoard (HeliBoard fork)	2026-09-30T15:43:33.4952599Z C/C++: /home/runner/work/daddyboard/daddyboard/daddyboard-main/app/src/main/jni/src/dictionary/property/historical_info.h:52:5: warning: definition of implicit copy constructor for 'HistoricalInfo' is deprecated because it has a user-declared copy assignment operator [-Wdeprecated-copy]
build	Build DaddyBoard (HeliBoard fork)	2026-09-30T15:43:33.4981431Z C/C++:    52 |     DISALLOW_ASSIGNMENT_OPERATOR(HistoricalInfo);
build	Build DaddyBoard (HeliBoard fork)	2026-09-30T15:43:33.5011306Z C/C++:       |     ^
build	Build DaddyBoard (HeliBoard fork)	2026-09-30T15:43:33.5041984Z C/C++: /home/runner/work/daddyboard/daddyboard/daddyboard-main/app/src/main/jni/src/defines.h:289:8: note: expanded from macro 'DISALLOW_ASSIGNMENT_OPERATOR'
build	Build DaddyBoard (HeliBoard fork)	2026-09-30T15:43:33.5071290Z C/C++:   289 |   void operator=(const TypeName&) = delete
build	Build DaddyBoard (HeliBoard fork)	2026-09-30T15:43:33.5101324Z C/C++:       |        ^
build	Build DaddyBoard (HeliBoard fork)	2026-09-30T15:43:33.5132263Z C/C++: /home/runner/work/daddyboard/daddyboard/daddyboard-main/app/src/main/jni/src/dictionary/property/ngram_property.h:33:42: note: in implicit copy constructor for 'latinime::HistoricalInfo' first required here
build	Build DaddyBoard (HeliBoard fork)	2026-09-30T15:43:33.5147266Z C/C++:    33 |               mProbability(probability), mHistoricalInfo(historicalInfo) {}
build	Build DaddyBoard (HeliBoard fork)	2026-09-30T15:43:33.5191422Z C/C++:       |                                          ^
build	Build DaddyBoard (HeliBoard fork)	2026-09-30T15:43:33.5221926Z C/C++: In file included from /home/runner/work/daddyboard/daddyboard/daddyboard-main/app/src/main/jni/src/dictionary/structure/v4/content/language_model_dict_content.cpp:17:
build	Build DaddyBoard (HeliBoard fork)	2026-09-30T15:43:33.5232561Z C/C++: In file included from /home/runner/work/daddyboard/daddyboard/daddyboard-main/app/src/main/jni/src/dictionary/structure/v4/content/language_model_dict_content.h:30:
build	Build DaddyBoard (HeliBoard fork)	2026-09-30T15:43:33.5252286Z C/C++: /home/runner/work/daddyboard/daddyboard/daddyboard-main/app/src/main/jni/src/dictionary/utils/trie_map.h:129:9: warning: definition of implicit copy constructor for 'TrieMapIterator' is deprecated because it has a user-declared copy assignment operator [-Wdeprecated-copy]
build	Build DaddyBoard (HeliBoard fork)	2026-09-30T15:43:33.5281385Z C/C++:   129 |         DISALLOW_ASSIGNMENT_OPERATOR(TrieMapIterator);
build	Build DaddyBoard (HeliBoard fork)	2026-09-30T15:43:33.5311317Z C/C++:       |         ^
build	Build DaddyBoard (HeliBoard fork)	2026-09-30T15:43:33.5341876Z C/C++: /home/runner/work/daddyboard/daddyboard/daddyboard-main/app/src/main/jni/src/defines.h:289:8: note: expanded from macro 'DISALLOW_ASSIGNMENT_OPERATOR'
build	Build DaddyBoard (HeliBoard fork)	2026-09-30T15:43:33.5371329Z C/C++:   289 |   void operator=(const TypeName&) = delete
build	Build DaddyBoard (HeliBoard fork)	2026-09-30T15:43:33.5371777Z C/C++:       |        ^
build	Build DaddyBoard (HeliBoard fork)	2026-09-30T15:43:33.5422594Z C/C++: /home/runner/work/daddyboard/daddyboard/daddyboard-main/app/src/main/jni/src/dictionary/structure/v4/content/language_model_dict_content.h:67:19: note: in implicit copy constructor for 'latinime::TrieMap::TrieMapIterator' first required here
build	Build DaddyBoard (HeliBoard fork)	2026-09-30T15:43:33.5451486Z C/C++:    67 |                 : mTrieMapIterator(trieMapIterator), mHasHistoricalInfo(hasHistoricalInfo) {}
build	Build DaddyBoard (HeliBoard fork)	2026-09-30T15:43:33.5461312Z C/C++:       |                   ^
build	Build DaddyBoard (HeliBoard fork)	2026-09-30T15:43:33.5462260Z C/C++: In file included from /home/runner/work/daddyboard/daddyboard/daddyboard-main/app/src/main/jni/src/dictionary/structure/v4/content/language_model_dict_content.cpp:17:
build	Build DaddyBoard (HeliBoard fork)	2026-09-30T15:43:33.5463747Z C/C++: In file included from /home/runner/work/daddyboard/daddyboard/daddyboard-main/app/src/main/jni/src/dictionary/structure/v4/content/language_model_dict_content.h:30:
build	Build DaddyBoard (HeliBoard fork)	2026-09-30T15:43:33.5465690Z C/C++: /home/runner/work/daddyboard/daddyboard/daddyboard-main/app/src/main/jni/src/dictionary/utils/trie_map.h:158:9: warning: definition of implicit copy constructor for 'TrieMapRange' is deprecated because it has a user-declared copy assignment operator [-Wdeprecated-copy]
build	Build DaddyBoard (HeliBoard fork)	2026-09-30T15:43:33.5467134Z C/C++:   158 |         DISALLOW_ASSIGNMENT_OPERATOR(TrieMapRange);
build	Build DaddyBoard (HeliBoard fork)	2026-09-30T15:43:33.5467524Z C/C++:       |         ^
build	Build DaddyBoard (HeliBoard fork)	2026-09-30T15:43:33.5468701Z C/C++: /home/runner/work/daddyboard/daddyboard/daddyboard-main/app/src/main/jni/src/defines.h:289:8: note: expanded from macro 'DISALLOW_ASSIGNMENT_OPERATOR'
build	Build DaddyBoard (HeliBoard fork)	2026-09-30T15:43:33.5469523Z C/C++:   289 |   void operator=(const TypeName&) = delete
build	Build DaddyBoard (HeliBoard fork)	2026-09-30T15:43:33.5469865Z C/C++:       |        ^
build	Build DaddyBoard (HeliBoard fork)	2026-09-30T15:43:33.5471080Z C/C++: /home/runner/work/daddyboard/daddyboard/daddyboard-main/app/src/main/jni/src/dictionary/structure/v4/content/language_model_dict_content.h:96:19: note: in implicit copy constructor for 'latinime::TrieMap::TrieMapRange' first required here
build	Build DaddyBoard (HeliBoard fork)	2026-09-30T15:43:33.5472416Z C/C++:    96 |                 : mTrieMapRange(trieMapRange), mHasHistoricalInfo(hasHistoricalInfo) {}
build	Build DaddyBoard (HeliBoard fork)	2026-09-30T15:43:33.5472914Z C/C++:       |                   ^
build	Build DaddyBoard (HeliBoard fork)	2026-09-30T15:43:33.5473776Z C/C++: In file included from /home/runner/work/daddyboard/daddyboard/daddyboard-main/app/src/main/jni/src/dictionary/structure/v4/content/language_model_dict_content.cpp:17:
build	Build DaddyBoard (HeliBoard fork)	2026-09-30T15:43:33.5501938Z C/C++: In file included from /home/runner/work/daddyboard/daddyboard/daddyboard-main/app/src/main/jni/src/dictionary/structure/v4/content/language_model_dict_content.h:24:
build	Build DaddyBoard (HeliBoard fork)	2026-09-30T15:43:33.5532277Z C/C++: /home/runner/work/daddyboard/daddyboard/daddyboard-main/app/src/main/jni/src/dictionary/property/word_attributes.h:59:5: warning: definition of implicit copy constructor for 'WordAttributes' is deprecated because it has a user-declared copy assignment operator [-Wdeprecated-copy]
build	Build DaddyBoard (HeliBoard fork)	2026-09-30T15:43:33.5561451Z C/C++:    59 |     DISALLOW_ASSIGNMENT_OPERATOR(WordAttributes);
build	Build DaddyBoard (HeliBoard fork)	2026-09-30T15:43:33.5583549Z C/C++:       |     ^
build	Build DaddyBoard (HeliBoard fork)	2026-09-30T15:43:33.5617182Z C/C++: /home/runner/work/daddyboard/daddyboard/daddyboard-main/app/src/main/jni/src/defines.h:289:8: note: expanded from macro 'DISALLOW_ASSIGNMENT_OPERATOR'
build	Build DaddyBoard (HeliBoard fork)	2026-09-30T15:43:33.5641515Z C/C++:   289 |   void operator=(const TypeName&) = delete
build	Build DaddyBoard (HeliBoard fork)	2026-09-30T15:43:33.5679041Z C/C++:       |        ^
build	Build DaddyBoard (HeliBoard fork)	2026-09-30T15:43:33.5702451Z C/C++: /home/runner/work/daddyboard/daddyboard/daddyboard-main/app/src/main/jni/src/dictionary/structure/v4/content/language_model_dict_content.h:119:19: note: in implicit copy constructor for 'WordAttributes' first required here
build	Build DaddyBoard (HeliBoard fork)	2026-09-30T15:43:33.5732535Z C/C++:   119 |                   mWordAttributes(wordAttributes), mProbabilityEntry(probabilityEntry) {}
build	Build DaddyBoard (HeliBoard fork)	2026-09-30T15:43:33.5752333Z C/C++:       |                   ^
build	Build DaddyBoard (HeliBoard fork)	2026-09-30T15:43:33.5784344Z C/C++: In file included from /home/runner/work/daddyboard/daddyboard/daddyboard-main/app/src/main/jni/src/dictionary/structure/v4/content/language_model_dict_content.cpp:17:
build	Build DaddyBoard (HeliBoard fork)	2026-09-30T15:43:33.5806893Z C/C++: In file included from /home/runner/work/daddyboard/daddyboard/daddyboard-main/app/src/main/jni/src/dictionary/structure/v4/content/language_model_dict_content.h:26:
build	Build DaddyBoard (HeliBoard fork)	2026-09-30T15:43:33.5821919Z C/C++: In file included from /home/runner/work/daddyboard/daddyboard/daddyboard-main/app/src/main/jni/src/dictionary/structure/v4/content/probability_entry.h:25:
build	Build DaddyBoard (HeliBoard fork)	2026-09-30T15:43:33.5823302Z C/C++: In file included from /home/runner/work/daddyboard/daddyboard/daddyboard-main/app/src/main/jni/src/dictionary/property/ngram_property.h:24:
build	Build DaddyBoard (HeliBoard fork)	2026-09-30T15:43:33.5824519Z C/C++: In file included from /home/runner/work/daddyboard/daddyboard/daddyboard-main/app/src/main/jni/src/dictionary/property/ngram_context.h:23:
build	Build DaddyBoard (HeliBoard fork)	2026-09-30T15:43:33.5826001Z C/C++: /home/runner/work/daddyboard/daddyboard/daddyboard-main/app/src/main/jni/src/utils/int_array_view.h:160:5: warning: definition of implicit copy constructor for 'IntArrayView' is deprecated because it has a user-declared copy assignment operator [-Wdeprecated-copy]
build	Build DaddyBoard (HeliBoard fork)	2026-09-30T15:43:33.5826903Z C/C++:   160 |     DISALLOW_ASSIGNMENT_OPERATOR(IntArrayView);
build	Build DaddyBoard (HeliBoard fork)	2026-09-30T15:43:33.5827168Z C/C++:       |     ^
build	Build DaddyBoard (HeliBoard fork)	2026-09-30T15:43:33.5827650Z C/C++: /home/runner/work/daddyboard/daddyboard/daddyboard-main/app/src/main/jni/src/defines.h:289:8: note: expanded from macro 'DISALLOW_ASSIGNMENT_OPERATOR'
build	Build DaddyBoard (HeliBoard fork)	2026-09-30T15:43:33.5828188Z C/C++:   289 |   void operator=(const TypeName&) = delete
build	Build DaddyBoard (HeliBoard fork)	2026-09-30T15:43:33.5828823Z C/C++:       |        ^
build	Build DaddyBoard (HeliBoard fork)	2026-09-30T15:43:33.5829535Z C/C++: /home/runner/work/daddyboard/daddyboard/daddyboard-main/app/src/main/jni/src/dictionary/structure/v4/content/language_model_dict_content.cpp:119:54: note: in implicit copy constructor for 'latinime::IntArrayView' first required here
build	Build DaddyBoard (HeliBoard fork)	2026-09-30T15:43:33.5830341Z C/C++:   119 |     const int bitmapEntryIndex = getBitmapEntryIndex(prevWordIds);
build	Build DaddyBoard (HeliBoard fork)	2026-09-30T15:43:33.5830661Z C/C++:       |                                                      ^
build	Build DaddyBoard (HeliBoard fork)	2026-09-30T15:43:33.6869848Z C/C++: In file included from /home/runner/work/daddyboard/daddyboard/daddyboard-main/app/src/main/jni/src/dictionary/structure/v4/content/language_model_dict_content.cpp:17:
build	Build DaddyBoard (HeliBoard fork)	2026-09-30T15:43:33.6903131Z C/C++: /home/runner/work/daddyboard/daddyboard/daddyboard-main/app/src/main/jni/src/dictionary/structure/v4/content/language_model_dict_content.h:127:9: warning: definition of implicit copy constructor for 'DumppedFullEntryInfo' is deprecated because it has a user-declared copy assignment operator [-Wdeprecated-copy]
build	Build DaddyBoard (HeliBoard fork)	2026-09-30T15:43:33.6931708Z C/C++:   127 |         DISALLOW_ASSIGNMENT_OPERATOR(DumppedFullEntryInfo);
build	Build DaddyBoard (HeliBoard fork)	2026-09-30T15:43:33.6932431Z C/C++:       |         ^
build	Build DaddyBoard (HeliBoard fork)	2026-09-30T15:43:33.6962381Z C/C++: /home/runner/work/daddyboard/daddyboard/daddyboard-main/app/src/main/jni/src/defines.h:289:8: note: expanded from macro 'DISALLOW_ASSIGNMENT_OPERATOR'
build	Build DaddyBoard (HeliBoard fork)	2026-09-30T15:43:33.6971441Z C/C++:   289 |   void operator=(const TypeName&) = delete
build	Build DaddyBoard (HeliBoard fork)	2026-09-30T15:43:33.7001522Z C/C++:       |        ^
build	Build DaddyBoard (HeliBoard fork)	2026-09-30T15:43:33.7026991Z C/C++: /usr/local/lib/android/sdk/ndk/28.0.13004108/toolchains/llvm/prebuilt/linux-x86_64/sysroot/usr/include/c++/v1/__memory/allocator.h:173:24: note: in implicit copy constructor for 'latinime::LanguageModelDictContent::DumppedFullEntryInfo' first required here
build	Build DaddyBoard (HeliBoard fork)	2026-09-30T15:43:33.7051282Z C/C++:   173 |     ::new ((void*)__p) _Up(std::forward<_Args>(__args)...);
build	Build DaddyBoard (HeliBoard fork)	2026-09-30T15:43:33.7081493Z C/C++:       |                        ^
build	Build DaddyBoard (HeliBoard fork)	2026-09-30T15:43:33.7093258Z C/C++: /usr/local/lib/android/sdk/ndk/28.0.13004108/toolchains/llvm/prebuilt/linux-x86_64/sysroot/usr/include/c++/v1/__memory/allocator_traits.h:320:9: note: in instantiation of function template specialization 'std::allocator<latinime::LanguageModelDictContent::DumppedFullEntryInfo>::construct<latinime::LanguageModelDictContent::DumppedFullEntryInfo, latinime::LanguageModelDictContent::DumppedFullEntryInfo>' requested here
build	Build DaddyBoard (HeliBoard fork)	2026-09-30T15:43:33.7111624Z C/C++:   320 |     __a.construct(__p, std::forward<_Args>(__args)...);
build	Build DaddyBoard (HeliBoard fork)	2026-09-30T15:43:33.7141428Z C/C++:       |         ^
build	Build DaddyBoard (HeliBoard fork)	2026-09-30T15:43:33.7165511Z C/C++: /usr/local/lib/android/sdk/ndk/28.0.13004108/toolchains/llvm/prebuilt/linux-x86_64/sysroot/usr/include/c++/v1/__memory/uninitialized_algorithms.h:639:33: note: in instantiation of function template specialization 'std::allocator_traits<std::allocator<latinime::LanguageModelDictContent::DumppedFullEntryInfo>>::construct<latinime::LanguageModelDictContent::DumppedFullEntryInfo, latinime::LanguageModelDictContent::DumppedFullEntryInfo, 0>' requested here
build	Build DaddyBoard (HeliBoard fork)	2026-09-30T15:43:33.7191683Z C/C++:   639 |       allocator_traits<_Alloc>::construct(__alloc, __result, std::move(*__iter));
build	Build DaddyBoard (HeliBoard fork)	2026-09-30T15:43:33.7211363Z C/C++:       |                                 ^
build	Build DaddyBoard (HeliBoard fork)	2026-09-30T15:43:33.7222599Z C/C++: /usr/local/lib/android/sdk/ndk/28.0.13004108/toolchains/llvm/prebuilt/linux-x86_64/sysroot/usr/include/c++/v1/vector:1511:3: note: in instantiation of member function 'std::vector<latinime::LanguageModelDictContent::DumppedFullEntryInfo>::__swap_out_circular_buffer' requested here
build	Build DaddyBoard (HeliBoard fork)	2026-09-30T15:43:33.7248701Z C/C++:  1511 |   __swap_out_circular_buffer(__v);
build	Build DaddyBoard (HeliBoard fork)	2026-09-30T15:43:33.7271367Z C/C++:       |   ^
build	Build DaddyBoard (HeliBoard fork)	2026-09-30T15:43:33.7273111Z C/C++: /usr/local/lib/android/sdk/ndk/28.0.13004108/toolchains/llvm/prebuilt/linux-x86_64/sysroot/usr/include/c++/v1/vector:1529:13: note: in instantiation of function template specialization 'std::vector<latinime::LanguageModelDictContent::DumppedFullEntryInfo>::__emplace_back_slow_path<std::vector<int> &, const int &, const WordAttributes &, const latinime::ProbabilityEntry &>' requested here
build	Build DaddyBoard (HeliBoard fork)	2026-09-30T15:43:33.7275465Z C/C++:  1529 |     __end = __emplace_back_slow_path(std::forward<_Args>(__args)...);
build	Build DaddyBoard (HeliBoard fork)	2026-09-30T15:43:33.7275928Z C/C++:       |             ^
build	Build DaddyBoard (HeliBoard fork)	2026-09-30T15:43:33.7277749Z C/C++: /home/runner/work/daddyboard/daddyboard/daddyboard-main/app/src/main/jni/src/dictionary/structure/v4/content/language_model_dict_content.cpp:186:38: note: in instantiation of function template specialization 'std::vector<latinime::LanguageModelDictContent::DumppedFullEntryInfo>::emplace_back<std::vector<int> &, const int &, const WordAttributes &, const latinime::ProbabilityEntry &>' requested here
build	Build DaddyBoard (HeliBoard fork)	2026-09-30T15:43:33.7279621Z C/C++:   186 |             outBummpedFullEntryInfo->emplace_back(*prevWordIds, wordId,
build	Build DaddyBoard (HeliBoard fork)	2026-09-30T15:43:33.7280094Z C/C++:       |                                      ^
build	Build DaddyBoard (HeliBoard fork)	2026-09-30T15:43:33.9869213Z C/C++: 6 warnings generated.
build	Build DaddyBoard (HeliBoard fork)	2026-09-30T15:43:36.6873135Z C/C++: /home/runner/work/daddyboard/daddyboard/daddyboard-main/app/src/main/jni/src/dictionary/structure/v4/content/terminal_position_lookup_table.cpp:74:9: warning: variable 'removedEntryCount' set but not used [-Wunused-but-set-variable]
build	Build DaddyBoard (HeliBoard fork)	2026-09-30T15:43:36.6874572Z C/C++:    74 |     int removedEntryCount = 0;
build	Build DaddyBoard (HeliBoard fork)	2026-09-30T15:43:36.6874924Z C/C++:       |         ^
build	Build DaddyBoard (HeliBoard fork)	2026-09-30T15:43:36.7892334Z C/C++: 1 warning generated.
build	Build DaddyBoard (HeliBoard fork)	2026-09-30T15:43:38.0897828Z C/C++: In file included from /home/runner/work/daddyboard/daddyboard/daddyboard-main/app/src/main/jni/src/dictionary/utils/dict_file_writing_utils.cpp:25:
build	Build DaddyBoard (HeliBoard fork)	2026-09-30T15:43:38.0922241Z C/C++: In file included from /home/runner/work/daddyboard/daddyboard/daddyboard-main/app/src/main/jni/src/dictionary/header/header_policy.h:25:
build	Build DaddyBoard (HeliBoard fork)	2026-09-30T15:43:38.0952629Z C/C++: /home/runner/work/daddyboard/daddyboard/daddyboard-main/app/src/main/jni/src/dictionary/utils/entry_counters.h:44:5: warning: definition of implicit copy constructor for 'EntryCounts' is deprecated because it has a user-declared copy assignment operator [-Wdeprecated-copy]
build	Build DaddyBoard (HeliBoard fork)	2026-09-30T15:43:38.0981572Z C/C++:    44 |     DISALLOW_ASSIGNMENT_OPERATOR(EntryCounts);
build	Build DaddyBoard (HeliBoard fork)	2026-09-30T15:43:38.0982395Z C/C++:       |     ^
build	Build DaddyBoard (HeliBoard fork)	2026-09-30T15:43:38.1012160Z C/C++: /home/runner/work/daddyboard/daddyboard/daddyboard-main/app/src/main/jni/src/defines.h:289:8: note: expanded from macro 'DISALLOW_ASSIGNMENT_OPERATOR'
build	Build DaddyBoard (HeliBoard fork)	2026-09-30T15:43:38.1041629Z C/C++:   289 |   void operator=(const TypeName&) = delete
build	Build DaddyBoard (HeliBoard fork)	2026-09-30T15:43:38.1050688Z C/C++:       |        ^
build	Build DaddyBoard (HeliBoard fork)	2026-09-30T15:43:38.1072317Z C/C++: /home/runner/work/daddyboard/daddyboard/daddyboard-main/app/src/main/jni/src/dictionary/header/header_policy.h:92:15: note: in implicit copy constructor for 'latinime::EntryCounts' first required here
build	Build DaddyBoard (HeliBoard fork)	2026-09-30T15:43:38.1101630Z C/C++:    92 |               mNgramCounts(headerPolicy->mNgramCounts),
build	Build DaddyBoard (HeliBoard fork)	2026-09-30T15:43:38.1131496Z C/C++:       |               ^
build	Build DaddyBoard (HeliBoard fork)	2026-09-30T15:43:38.1141844Z C/C++: In file included from /home/runner/work/daddyboard/daddyboard/daddyboard-main/app/src/main/jni/src/dictionary/utils/dict_file_writing_utils.cpp:26:
build	Build DaddyBoard (HeliBoard fork)	2026-09-30T15:43:38.1162111Z C/C++: In file included from /home/runner/work/daddyboard/daddyboard/daddyboard-main/app/src/main/jni/src/dictionary/structure/backward/v402/ver4_dict_buffers.h:31:
build	Build DaddyBoard (HeliBoard fork)	2026-09-30T15:43:38.1192163Z C/C++: In file included from /home/runner/work/daddyboard/daddyboard/daddyboard-main/app/src/main/jni/src/dictionary/structure/backward/v402/content/bigram_dict_content.h:28:
build	Build DaddyBoard (HeliBoard fork)	2026-09-30T15:43:38.1222132Z C/C++: In file included from /home/runner/work/daddyboard/daddyboard/daddyboard-main/app/src/main/jni/src/dictionary/structure/backward/v402/content/bigram_entry.h:28:
build	Build DaddyBoard (HeliBoard fork)	2026-09-30T15:43:38.1232248Z C/C++: /home/runner/work/daddyboard/daddyboard/daddyboard-main/app/src/main/jni/src/dictionary/property/historical_info.h:52:5: warning: definition of implicit copy constructor for 'HistoricalInfo' is deprecated because it has a user-declared copy assignment operator [-Wdeprecated-copy]
build	Build DaddyBoard (HeliBoard fork)	2026-09-30T15:43:38.1236048Z C/C++:    52 |     DISALLOW_ASSIGNMENT_OPERATOR(HistoricalInfo);
build	Build DaddyBoard (HeliBoard fork)	2026-09-30T15:43:38.1236851Z C/C++:       |     ^
build	Build DaddyBoard (HeliBoard fork)	2026-09-30T15:43:38.1237778Z C/C++: /home/runner/work/daddyboard/daddyboard/daddyboard-main/app/src/main/jni/src/defines.h:289:8: note: expanded from macro 'DISALLOW_ASSIGNMENT_OPERATOR'
build	Build DaddyBoard (HeliBoard fork)	2026-09-30T15:43:38.1238868Z C/C++:   289 |   void operator=(const TypeName&) = delete
build	Build DaddyBoard (HeliBoard fork)	2026-09-30T15:43:38.1239397Z C/C++:       |        ^
build	Build DaddyBoard (HeliBoard fork)	2026-09-30T15:43:38.1240652Z C/C++: /home/runner/work/daddyboard/daddyboard/daddyboard-main/app/src/main/jni/src/dictionary/structure/backward/v402/content/bigram_entry.h:49:61: note: in implicit copy constructor for 'latinime::HistoricalInfo' first required here
build	Build DaddyBoard (HeliBoard fork)	2026-09-30T15:43:38.1242412Z C/C++:    49 |             : mHasNext(hasNext), mProbability(probability), mHistoricalInfo(*historicalInfo),
build	Build DaddyBoard (HeliBoard fork)	2026-09-30T15:43:38.1243190Z C/C++:       |                                                             ^
build	Build DaddyBoard (HeliBoard fork)	2026-09-30T15:43:38.1244238Z C/C++: In file included from /home/runner/work/daddyboard/daddyboard/daddyboard-main/app/src/main/jni/src/dictionary/utils/dict_file_writing_utils.cpp:28:
build	Build DaddyBoard (HeliBoard fork)	2026-09-30T15:43:38.1245703Z C/C++: In file included from /home/runner/work/daddyboard/daddyboard/daddyboard-main/app/src/main/jni/src/dictionary/structure/v4/ver4_dict_buffers.h:25:
build	Build DaddyBoard (HeliBoard fork)	2026-09-30T15:43:38.1247295Z C/C++: In file included from /home/runner/work/daddyboard/daddyboard/daddyboard-main/app/src/main/jni/src/dictionary/structure/v4/content/language_model_dict_content.h:30:
build	Build DaddyBoard (HeliBoard fork)	2026-09-30T15:43:38.1249380Z C/C++: /home/runner/work/daddyboard/daddyboard/daddyboard-main/app/src/main/jni/src/dictionary/utils/trie_map.h:129:9: warning: definition of implicit copy constructor for 'TrieMapIterator' is deprecated because it has a user-declared copy assignment operator [-Wdeprecated-copy]
build	Build DaddyBoard (HeliBoard fork)	2026-09-30T15:43:38.1253070Z C/C++:   129 |         DISALLOW_ASSIGNMENT_OPERATOR(TrieMapIterator);
build	Build DaddyBoard (HeliBoard fork)	2026-09-30T15:43:38.1253688Z C/C++:       |         ^
build	Build DaddyBoard (HeliBoard fork)	2026-09-30T15:43:38.1254583Z C/C++: /home/runner/work/daddyboard/daddyboard/daddyboard-main/app/src/main/jni/src/defines.h:289:8: note: expanded from macro 'DISALLOW_ASSIGNMENT_OPERATOR'
build	Build DaddyBoard (HeliBoard fork)	2026-09-30T15:43:38.1255646Z C/C++:   289 |   void operator=(const TypeName&) = delete
build	Build DaddyBoard (HeliBoard fork)	2026-09-30T15:43:38.1256169Z C/C++:       |        ^
build	Build DaddyBoard (HeliBoard fork)	2026-09-30T15:43:38.1257596Z C/C++: /home/runner/work/daddyboard/daddyboard/daddyboard-main/app/src/main/jni/src/dictionary/structure/v4/content/language_model_dict_content.h:67:19: note: in implicit copy constructor for 'latinime::TrieMap::TrieMapIterator' first required here
build	Build DaddyBoard (HeliBoard fork)	2026-09-30T15:43:38.1259259Z C/C++:    67 |                 : mTrieMapIterator(trieMapIterator), mHasHistoricalInfo(hasHistoricalInfo) {}
build	Build DaddyBoard (HeliBoard fork)	2026-09-30T15:43:38.1259986Z C/C++:       |                   ^
build	Build DaddyBoard (HeliBoard fork)	2026-09-30T15:43:38.1261057Z C/C++: In file included from /home/runner/work/daddyboard/daddyboard/daddyboard-main/app/src/main/jni/src/dictionary/utils/dict_file_writing_utils.cpp:28:
build	Build DaddyBoard (HeliBoard fork)	2026-09-30T15:43:38.1262513Z C/C++: In file included from /home/runner/work/daddyboard/daddyboard/daddyboard-main/app/src/main/jni/src/dictionary/structure/v4/ver4_dict_buffers.h:25:
build	Build DaddyBoard (HeliBoard fork)	2026-09-30T15:43:38.1264004Z C/C++: In file included from /home/runner/work/daddyboard/daddyboard/daddyboard-main/app/src/main/jni/src/dictionary/structure/v4/content/language_model_dict_content.h:30:
build	Build DaddyBoard (HeliBoard fork)	2026-09-30T15:43:38.1266006Z C/C++: /home/runner/work/daddyboard/daddyboard/daddyboard-main/app/src/main/jni/src/dictionary/utils/trie_map.h:158:9: warning: definition of implicit copy constructor for 'TrieMapRange' is deprecated because it has a user-declared copy assignment operator [-Wdeprecated-copy]
build	Build DaddyBoard (HeliBoard fork)	2026-09-30T15:43:38.1267522Z C/C++:   158 |         DISALLOW_ASSIGNMENT_OPERATOR(TrieMapRange);
build	Build DaddyBoard (HeliBoard fork)	2026-09-30T15:43:38.1268061Z C/C++:       |         ^
build	Build DaddyBoard (HeliBoard fork)	2026-09-30T15:43:38.1268915Z C/C++: /home/runner/work/daddyboard/daddyboard/daddyboard-main/app/src/main/jni/src/defines.h:289:8: note: expanded from macro 'DISALLOW_ASSIGNMENT_OPERATOR'
build	Build DaddyBoard (HeliBoard fork)	2026-09-30T15:43:38.1269882Z C/C++:   289 |   void operator=(const TypeName&) = delete
build	Build DaddyBoard (HeliBoard fork)	2026-09-30T15:43:38.1270669Z C/C++:       |        ^
build	Build DaddyBoard (HeliBoard fork)	2026-09-30T15:43:38.1272079Z C/C++: /home/runner/work/daddyboard/daddyboard/daddyboard-main/app/src/main/jni/src/dictionary/structure/v4/content/language_model_dict_content.h:96:19: note: in implicit copy constructor for 'latinime::TrieMap::TrieMapRange' first required here
build	Build DaddyBoard (HeliBoard fork)	2026-09-30T15:43:38.1273408Z C/C++:    96 |                 : mTrieMapRange(trieMapRange), mHasHistoricalInfo(hasHistoricalInfo) {}
build	Build DaddyBoard (HeliBoard fork)	2026-09-30T15:43:38.1273893Z C/C++:       |                   ^
build	Build DaddyBoard (HeliBoard fork)	2026-09-30T15:43:38.1274615Z C/C++: In file included from /home/runner/work/daddyboard/daddyboard/daddyboard-main/app/src/main/jni/src/dictionary/utils/dict_file_writing_utils.cpp:28:
build	Build DaddyBoard (HeliBoard fork)	2026-09-30T15:43:38.1275748Z C/C++: In file included from /home/runner/work/daddyboard/daddyboard/daddyboard-main/app/src/main/jni/src/dictionary/structure/v4/ver4_dict_buffers.h:25:
build	Build DaddyBoard (HeliBoard fork)	2026-09-30T15:43:38.1276961Z C/C++: In file included from /home/runner/work/daddyboard/daddyboard/daddyboard-main/app/src/main/jni/src/dictionary/structure/v4/content/language_model_dict_content.h:24:
build	Build DaddyBoard (HeliBoard fork)	2026-09-30T15:43:38.1278756Z C/C++: /home/runner/work/daddyboard/daddyboard/daddyboard-main/app/src/main/jni/src/dictionary/property/word_attributes.h:59:5: warning: definition of implicit copy constructor for 'WordAttributes' is deprecated because it has a user-declared copy assignment operator [-Wdeprecated-copy]
build	Build DaddyBoard (HeliBoard fork)	2026-09-30T15:43:38.1279988Z C/C++:    59 |     DISALLOW_ASSIGNMENT_OPERATOR(WordAttributes);
build	Build DaddyBoard (HeliBoard fork)	2026-09-30T15:43:38.1280328Z C/C++:       |     ^
build	Build DaddyBoard (HeliBoard fork)	2026-09-30T15:43:38.1281117Z C/C++: /home/runner/work/daddyboard/daddyboard/daddyboard-main/app/src/main/jni/src/defines.h:289:8: note: expanded from macro 'DISALLOW_ASSIGNMENT_OPERATOR'
build	Build DaddyBoard (HeliBoard fork)	2026-09-30T15:43:38.1282096Z C/C++:   289 |   void operator=(const TypeName&) = delete
build	Build DaddyBoard (HeliBoard fork)	2026-09-30T15:43:38.1282411Z C/C++:       |        ^
build	Build DaddyBoard (HeliBoard fork)	2026-09-30T15:43:38.1283293Z C/C++: /home/runner/work/daddyboard/daddyboard/daddyboard-main/app/src/main/jni/src/dictionary/structure/v4/content/language_model_dict_content.h:119:19: note: in implicit copy constructor for 'WordAttributes' first required here
build	Build DaddyBoard (HeliBoard fork)	2026-09-30T15:43:38.1284470Z C/C++:   119 |                   mWordAttributes(wordAttributes), mProbabilityEntry(probabilityEntry) {}
build	Build DaddyBoard (HeliBoard fork)	2026-09-30T15:43:38.1284963Z C/C++:       |                   ^
build	Build DaddyBoard (HeliBoard fork)	2026-09-30T15:43:38.1285885Z C/C++: /home/runner/work/daddyboard/daddyboard/daddyboard-main/app/src/main/jni/src/dictionary/utils/dict_file_writing_utils.cpp:85:19: warning: variable length arrays in C++ are a Clang extension [-Wvla-cxx-extension]
build	Build DaddyBoard (HeliBoard fork)	2026-09-30T15:43:38.1286827Z C/C++:    85 |     char filePath[filePathBufSize];
build	Build DaddyBoard (HeliBoard fork)	2026-09-30T15:43:38.1287120Z C/C++:       |                   ^~~~~~~~~~~~~~~
build	Build DaddyBoard (HeliBoard fork)	2026-09-30T15:43:38.1287920Z C/C++: /home/runner/work/daddyboard/daddyboard/daddyboard-main/app/src/main/jni/src/dictionary/utils/dict_file_writing_utils.cpp:85:19: note: initializer of 'filePathBufSize' is not a constant expression
build	Build DaddyBoard (HeliBoard fork)	2026-09-30T15:43:38.1289076Z C/C++: /home/runner/work/daddyboard/daddyboard/daddyboard-main/app/src/main/jni/src/dictionary/utils/dict_file_writing_utils.cpp:84:15: note: declared here
build	Build DaddyBoard (HeliBoard fork)	2026-09-30T15:43:38.1289934Z C/C++:    84 |     const int filePathBufSize = FileUtils::getFilePathWithSuffixBufSize(basePath, suffix);
build	Build DaddyBoard (HeliBoard fork)	2026-09-30T15:43:38.1290380Z C/C++:       |               ^
build	Build DaddyBoard (HeliBoard fork)	2026-09-30T15:43:38.1872101Z C/C++: In file included from /home/runner/work/daddyboard/daddyboard/daddyboard-main/app/src/main/jni/src/dictionary/utils/dict_file_writing_utils.cpp:28:
build	Build DaddyBoard (HeliBoard fork)	2026-09-30T15:43:38.1892936Z C/C++: In file included from /home/runner/work/daddyboard/daddyboard/daddyboard-main/app/src/main/jni/src/dictionary/structure/v4/ver4_dict_buffers.h:25:
build	Build DaddyBoard (HeliBoard fork)	2026-09-30T15:43:38.1922262Z C/C++: In file included from /home/runner/work/daddyboard/daddyboard/daddyboard-main/app/src/main/jni/src/dictionary/structure/v4/content/language_model_dict_content.h:26:
build	Build DaddyBoard (HeliBoard fork)	2026-09-30T15:43:38.1944075Z C/C++: In file included from /home/runner/work/daddyboard/daddyboard/daddyboard-main/app/src/main/jni/src/dictionary/structure/v4/content/probability_entry.h:25:
build	Build DaddyBoard (HeliBoard fork)	2026-09-30T15:43:38.1981957Z C/C++: In file included from /home/runner/work/daddyboard/daddyboard/daddyboard-main/app/src/main/jni/src/dictionary/property/ngram_property.h:24:
build	Build DaddyBoard (HeliBoard fork)	2026-09-30T15:43:38.2011933Z C/C++: In file included from /home/runner/work/daddyboard/daddyboard/daddyboard-main/app/src/main/jni/src/dictionary/property/ngram_context.h:23:
build	Build DaddyBoard (HeliBoard fork)	2026-09-30T15:43:38.2042369Z C/C++: /home/runner/work/daddyboard/daddyboard/daddyboard-main/app/src/main/jni/src/utils/int_array_view.h:160:5: warning: definition of implicit copy constructor for 'IntArrayView' is deprecated because it has a user-declared copy assignment operator [-Wdeprecated-copy]
build	Build DaddyBoard (HeliBoard fork)	2026-09-30T15:43:38.2055401Z C/C++:   160 |     DISALLOW_ASSIGNMENT_OPERATOR(IntArrayView);
build	Build DaddyBoard (HeliBoard fork)	2026-09-30T15:43:38.2081349Z C/C++:       |     ^
build	Build DaddyBoard (HeliBoard fork)	2026-09-30T15:43:38.2082165Z C/C++: /home/runner/work/daddyboard/daddyboard/daddyboard-main/app/src/main/jni/src/defines.h:289:8: note: expanded from macro 'DISALLOW_ASSIGNMENT_OPERATOR'
build	Build DaddyBoard (HeliBoard fork)	2026-09-30T15:43:38.2083060Z C/C++:   289 |   void operator=(const TypeName&) = delete
build	Build DaddyBoard (HeliBoard fork)	2026-09-30T15:43:38.2083431Z C/C++:       |        ^
build	Build DaddyBoard (HeliBoard fork)	2026-09-30T15:43:38.2084437Z C/C++: /usr/local/lib/android/sdk/ndk/28.0.13004108/toolchains/llvm/prebuilt/linux-x86_64/sysroot/usr/include/c++/v1/__memory/allocator.h:173:24: note: in implicit copy constructor for 'latinime::IntArrayView' first required here
build	Build DaddyBoard (HeliBoard fork)	2026-09-30T15:43:38.2085613Z C/C++:   173 |     ::new ((void*)__p) _Up(std::forward<_Args>(__args)...);
build	Build DaddyBoard (HeliBoard fork)	2026-09-30T15:43:38.2086020Z C/C++:       |                        ^
build	Build DaddyBoard (HeliBoard fork)	2026-09-30T15:43:38.2087428Z C/C++: /usr/local/lib/android/sdk/ndk/28.0.13004108/toolchains/llvm/prebuilt/linux-x86_64/sysroot/usr/include/c++/v1/__memory/allocator_traits.h:320:9: note: in instantiation of function template specialization 'std::allocator<latinime::IntArrayView>::construct<latinime::IntArrayView, latinime::IntArrayView>' requested here
build	Build DaddyBoard (HeliBoard fork)	2026-09-30T15:43:38.2089525Z C/C++:   320 |     __a.construct(__p, std::forward<_Args>(__args)...);
build	Build DaddyBoard (HeliBoard fork)	2026-09-30T15:43:38.2089950Z C/C++:       |         ^
build	Build DaddyBoard (HeliBoard fork)	2026-09-30T15:43:38.2091641Z C/C++: /usr/local/lib/android/sdk/ndk/28.0.13004108/toolchains/llvm/prebuilt/linux-x86_64/sysroot/usr/include/c++/v1/__memory/uninitialized_algorithms.h:639:33: note: in instantiation of function template specialization 'std::allocator_traits<std::allocator<latinime::IntArrayView>>::construct<latinime::IntArrayView, latinime::IntArrayView, 0>' requested here
build	Build DaddyBoard (HeliBoard fork)	2026-09-30T15:43:38.2093397Z C/C++:   639 |       allocator_traits<_Alloc>::construct(__alloc, __result, std::move(*__iter));
build	Build DaddyBoard (HeliBoard fork)	2026-09-30T15:43:38.2093891Z C/C++:       |                                 ^
build	Build DaddyBoard (HeliBoard fork)	2026-09-30T15:43:38.2095060Z C/C++: /usr/local/lib/android/sdk/ndk/28.0.13004108/toolchains/llvm/prebuilt/linux-x86_64/sysroot/usr/include/c++/v1/vector:1511:3: note: in instantiation of member function 'std::vector<latinime::IntArrayView>::__swap_out_circular_buffer' requested here
build	Build DaddyBoard (HeliBoard fork)	2026-09-30T15:43:38.2096241Z C/C++:  1511 |   __swap_out_circular_buffer(__v);
build	Build DaddyBoard (HeliBoard fork)	2026-09-30T15:43:38.2096573Z C/C++:       |   ^
build	Build DaddyBoard (HeliBoard fork)	2026-09-30T15:43:38.2097887Z C/C++: /usr/local/lib/android/sdk/ndk/28.0.13004108/toolchains/llvm/prebuilt/linux-x86_64/sysroot/usr/include/c++/v1/vector:1529:13: note: in instantiation of function template specialization 'std::vector<latinime::IntArrayView>::__emplace_back_slow_path<const int *const &, const unsigned long &>' requested here
build	Build DaddyBoard (HeliBoard fork)	2026-09-30T15:43:38.2099433Z C/C++:  1529 |     __end = __emplace_back_slow_path(std::forward<_Args>(__args)...);
build	Build DaddyBoard (HeliBoard fork)	2026-09-30T15:43:38.2099878Z C/C++:       |             ^
build	Build DaddyBoard (HeliBoard fork)	2026-09-30T15:43:38.2101283Z C/C++: /home/runner/work/daddyboard/daddyboard/daddyboard-main/app/src/main/jni/src/utils/int_array_view.h:142:20: note: in instantiation of function template specialization 'std::vector<latinime::IntArrayView>::emplace_back<const int *const &, const unsigned long &>' requested here
build	Build DaddyBoard (HeliBoard fork)	2026-09-30T15:43:38.2102647Z C/C++:   142 |             result.emplace_back(mPtr, mSize);
build	Build DaddyBoard (HeliBoard fork)	2026-09-30T15:43:38.2131380Z C/C++:       |                    ^
build	Build DaddyBoard (HeliBoard fork)	2026-09-30T15:43:38.3869202Z C/C++: 7 warnings generated.
build	Build DaddyBoard (HeliBoard fork)	2026-09-30T15:43:38.3892264Z C/C++: /home/runner/work/daddyboard/daddyboard/daddyboard-main/app/src/main/jni/src/dictionary/utils/file_utils.cpp:75:23: warning: variable length arrays in C++ are a Clang extension [-Wvla-cxx-extension]
build	Build DaddyBoard (HeliBoard fork)	2026-09-30T15:43:38.3911646Z C/C++:    75 |         char filePath[filePathBufSize];
build	Build DaddyBoard (HeliBoard fork)	2026-09-30T15:43:38.3941758Z C/C++:       |                       ^~~~~~~~~~~~~~~
build	Build DaddyBoard (HeliBoard fork)	2026-09-30T15:43:38.3986259Z C/C++: /home/runner/work/daddyboard/daddyboard/daddyboard-main/app/src/main/jni/src/dictionary/utils/file_utils.cpp:75:23: note: initializer of 'filePathBufSize' is not a constant expression
build	Build DaddyBoard (HeliBoard fork)	2026-09-30T15:43:38.3988915Z C/C++: /home/runner/work/daddyboard/daddyboard/daddyboard-main/app/src/main/jni/src/dictionary/utils/file_utils.cpp:74:19: note: declared here
build	Build DaddyBoard (HeliBoard fork)	2026-09-30T15:43:38.3990008Z C/C++:    74 |         const int filePathBufSize = getFilePathBufSize(dirPath, dirent->d_name);
build	Build DaddyBoard (HeliBoard fork)	2026-09-30T15:43:38.3990608Z C/C++:       |                   ^
build	Build DaddyBoard (HeliBoard fork)	2026-09-30T15:43:38.4872670Z C/C++: /home/runner/work/daddyboard/daddyboard/daddyboard-main/app/src/main/jni/src/dictionary/utils/file_utils.cpp:159:22: warning: variable length arrays in C++ are a Clang extension [-Wvla-cxx-extension]
build	Build DaddyBoard (HeliBoard fork)	2026-09-30T15:43:38.4911813Z C/C++:   159 |     char filePathBuf[filePathBufSize];
build	Build DaddyBoard (HeliBoard fork)	2026-09-30T15:43:38.4930311Z C/C++:       |                      ^~~~~~~~~~~~~~~
build	Build DaddyBoard (HeliBoard fork)	2026-09-30T15:43:38.4962170Z C/C++: /home/runner/work/daddyboard/daddyboard/daddyboard-main/app/src/main/jni/src/dictionary/utils/file_utils.cpp:159:22: note: initializer of 'filePathBufSize' is not a constant expression
build	Build DaddyBoard (HeliBoard fork)	2026-09-30T15:43:38.4991871Z C/C++: /home/runner/work/daddyboard/daddyboard/daddyboard-main/app/src/main/jni/src/dictionary/utils/file_utils.cpp:158:15: note: declared here
build	Build DaddyBoard (HeliBoard fork)	2026-09-30T15:43:38.5001639Z C/C++:   158 |     const int filePathBufSize = strlen(filePath) + 1 /* terminator */;
build	Build DaddyBoard (HeliBoard fork)	2026-09-30T15:43:38.5021307Z C/C++:       |               ^
build	Build DaddyBoard (HeliBoard fork)	2026-09-30T15:43:38.5051329Z C/C++: 2 warnings generated.
build	Build DaddyBoard (HeliBoard fork)	2026-09-30T15:43:39.0869773Z C/C++: In file included from /home/runner/work/daddyboard/daddyboard/daddyboard-main/app/src/main/jni/src/dictionary/utils/forgetting_curve_utils.cpp:17:
build	Build DaddyBoard (HeliBoard fork)	2026-09-30T15:43:39.0871538Z C/C++: In file included from /home/runner/work/daddyboard/daddyboard/daddyboard-main/app/src/main/jni/src/dictionary/utils/forgetting_curve_utils.h:24:
build	Build DaddyBoard (HeliBoard fork)	2026-09-30T15:43:39.0873670Z C/C++: /home/runner/work/daddyboard/daddyboard/daddyboard-main/app/src/main/jni/src/dictionary/utils/entry_counters.h:44:5: warning: definition of implicit copy constructor for 'EntryCounts' is deprecated because it has a user-declared copy assignment operator [-Wdeprecated-copy]
build	Build DaddyBoard (HeliBoard fork)	2026-09-30T15:43:39.0875249Z C/C++:    44 |     DISALLOW_ASSIGNMENT_OPERATOR(EntryCounts);
build	Build DaddyBoard (HeliBoard fork)	2026-09-30T15:43:39.0875782Z C/C++:       |     ^
build	Build DaddyBoard (HeliBoard fork)	2026-09-30T15:43:39.0876654Z C/C++: /home/runner/work/daddyboard/daddyboard/daddyboard-main/app/src/main/jni/src/defines.h:289:8: note: expanded from macro 'DISALLOW_ASSIGNMENT_OPERATOR'
build	Build DaddyBoard (HeliBoard fork)	2026-09-30T15:43:39.0877647Z C/C++:   289 |   void operator=(const TypeName&) = delete
build	Build DaddyBoard (HeliBoard fork)	2026-09-30T15:43:39.0878137Z C/C++:       |        ^
build	Build DaddyBoard (HeliBoard fork)	2026-09-30T15:43:39.0879216Z C/C++: /home/runner/work/daddyboard/daddyboard/daddyboard-main/app/src/main/jni/src/dictionary/header/header_policy.h:92:15: note: in implicit copy constructor for 'latinime::EntryCounts' first required here
build	Build DaddyBoard (HeliBoard fork)	2026-09-30T15:43:39.0880453Z C/C++:    92 |               mNgramCounts(headerPolicy->mNgramCounts),
build	Build DaddyBoard (HeliBoard fork)	2026-09-30T15:43:39.0881086Z C/C++:       |               ^
build	Build DaddyBoard (HeliBoard fork)	2026-09-30T15:43:39.0881978Z C/C++: In file included from /home/runner/work/daddyboard/daddyboard/daddyboard-main/app/src/main/jni/src/dictionary/utils/forgetting_curve_utils.cpp:17:
build	Build DaddyBoard (HeliBoard fork)	2026-09-30T15:43:39.0883402Z C/C++: In file included from /home/runner/work/daddyboard/daddyboard/daddyboard-main/app/src/main/jni/src/dictionary/utils/forgetting_curve_utils.h:23:
build	Build DaddyBoard (HeliBoard fork)	2026-09-30T15:43:39.0885392Z C/C++: /home/runner/work/daddyboard/daddyboard/daddyboard-main/app/src/main/jni/src/dictionary/property/historical_info.h:52:5: warning: definition of implicit copy constructor for 'HistoricalInfo' is deprecated because it has a user-declared copy assignment operator [-Wdeprecated-copy]
build	Build DaddyBoard (HeliBoard fork)	2026-09-30T15:43:39.0887460Z C/C++:    52 |     DISALLOW_ASSIGNMENT_OPERATOR(HistoricalInfo);
build	Build DaddyBoard (HeliBoard fork)	2026-09-30T15:43:39.0887974Z C/C++:       |     ^
build	Build DaddyBoard (HeliBoard fork)	2026-09-30T15:43:39.0888842Z C/C++: /home/runner/work/daddyboard/daddyboard/daddyboard-main/app/src/main/jni/src/defines.h:289:8: note: expanded from macro 'DISALLOW_ASSIGNMENT_OPERATOR'
build	Build DaddyBoard (HeliBoard fork)	2026-09-30T15:43:39.0889822Z C/C++:   289 |   void operator=(const TypeName&) = delete
build	Build DaddyBoard (HeliBoard fork)	2026-09-30T15:43:39.0890307Z C/C++:       |        ^
build	Build DaddyBoard (HeliBoard fork)	2026-09-30T15:43:39.0891689Z C/C++: /home/runner/work/daddyboard/daddyboard/daddyboard-main/app/src/main/jni/src/dictionary/utils/forgetting_curve_utils.cpp:115:16: note: in implicit copy constructor for 'latinime::HistoricalInfo' first required here
build	Build DaddyBoard (HeliBoard fork)	2026-09-30T15:43:39.0893029Z C/C++:   115 |         return *originalHistoricalInfo;
build	Build DaddyBoard (HeliBoard fork)	2026-09-30T15:43:39.0893506Z C/C++:       |                ^
build	Build DaddyBoard (HeliBoard fork)	2026-09-30T15:43:39.2869308Z C/C++: 2 warnings generated.
build	Build DaddyBoard (HeliBoard fork)	2026-09-30T15:43:40.2871565Z C/C++: In file included from /home/runner/work/daddyboard/daddyboard/daddyboard-main/app/src/main/jni/src/dictionary/utils/multi_bigram_map.cpp:17:
build	Build DaddyBoard (HeliBoard fork)	2026-09-30T15:43:40.2892016Z C/C++: In file included from /home/runner/work/daddyboard/daddyboard/daddyboard-main/app/src/main/jni/src/dictionary/utils/multi_bigram_map.h:24:
build	Build DaddyBoard (HeliBoard fork)	2026-09-30T15:43:40.2909791Z C/C++: In file included from /home/runner/work/daddyboard/daddyboard/daddyboard-main/app/src/main/jni/src/dictionary/interface/dictionary_structure_with_buffer_policy.h:23:
build	Build DaddyBoard (HeliBoard fork)	2026-09-30T15:43:40.2952634Z C/C++: /home/runner/work/daddyboard/daddyboard/daddyboard-main/app/src/main/jni/src/dictionary/property/historical_info.h:52:5: warning: definition of implicit copy constructor for 'HistoricalInfo' is deprecated because it has a user-declared copy assignment operator [-Wdeprecated-copy]
build	Build DaddyBoard (HeliBoard fork)	2026-09-30T15:43:40.2961522Z C/C++:    52 |     DISALLOW_ASSIGNMENT_OPERATOR(HistoricalInfo);
build	Build DaddyBoard (HeliBoard fork)	2026-09-30T15:43:40.2991391Z C/C++:       |     ^
build	Build DaddyBoard (HeliBoard fork)	2026-09-30T15:43:40.2992261Z C/C++: /home/runner/work/daddyboard/daddyboard/daddyboard-main/app/src/main/jni/src/defines.h:289:8: note: expanded from macro 'DISALLOW_ASSIGNMENT_OPERATOR'
build	Build DaddyBoard (HeliBoard fork)	2026-09-30T15:43:40.2993181Z C/C++:   289 |   void operator=(const TypeName&) = delete
build	Build DaddyBoard (HeliBoard fork)	2026-09-30T15:43:40.2993555Z C/C++:       |        ^
build	Build DaddyBoard (HeliBoard fork)	2026-09-30T15:43:40.2994603Z C/C++: /home/runner/work/daddyboard/daddyboard/daddyboard-main/app/src/main/jni/src/dictionary/property/ngram_property.h:33:42: note: in implicit copy constructor for 'latinime::HistoricalInfo' first required here
build	Build DaddyBoard (HeliBoard fork)	2026-09-30T15:43:40.2995848Z C/C++:    33 |               mProbability(probability), mHistoricalInfo(historicalInfo) {}
build	Build DaddyBoard (HeliBoard fork)	2026-09-30T15:43:40.2996392Z C/C++:       |                                          ^
build	Build DaddyBoard (HeliBoard fork)	2026-09-30T15:43:40.2997191Z C/C++: In file included from /home/runner/work/daddyboard/daddyboard/daddyboard-main/app/src/main/jni/src/dictionary/utils/multi_bigram_map.cpp:17:
build	Build DaddyBoard (HeliBoard fork)	2026-09-30T15:43:40.2998428Z C/C++: In file included from /home/runner/work/daddyboard/daddyboard/daddyboard-main/app/src/main/jni/src/dictionary/utils/multi_bigram_map.h:24:
build	Build DaddyBoard (HeliBoard fork)	2026-09-30T15:43:40.2999876Z C/C++: In file included from /home/runner/work/daddyboard/daddyboard/daddyboard-main/app/src/main/jni/src/dictionary/interface/dictionary_structure_with_buffer_policy.h:25:
build	Build DaddyBoard (HeliBoard fork)	2026-09-30T15:43:40.3001405Z C/C++: In file included from /home/runner/work/daddyboard/daddyboard/daddyboard-main/app/src/main/jni/src/dictionary/property/word_property.h:24:
build	Build DaddyBoard (HeliBoard fork)	2026-09-30T15:43:40.3003374Z C/C++: /home/runner/work/daddyboard/daddyboard/daddyboard-main/app/src/main/jni/src/dictionary/property/unigram_property.h:126:5: warning: definition of implicit copy constructor for 'UnigramProperty' is deprecated because it has a user-declared copy assignment operator [-Wdeprecated-copy]
build	Build DaddyBoard (HeliBoard fork)	2026-09-30T15:43:40.3004916Z C/C++:   126 |     DISALLOW_ASSIGNMENT_OPERATOR(UnigramProperty);
build	Build DaddyBoard (HeliBoard fork)	2026-09-30T15:43:40.3005257Z C/C++:       |     ^
build	Build DaddyBoard (HeliBoard fork)	2026-09-30T15:43:40.3006394Z C/C++: /home/runner/work/daddyboard/daddyboard/daddyboard-main/app/src/main/jni/src/defines.h:289:8: note: expanded from macro 'DISALLOW_ASSIGNMENT_OPERATOR'
build	Build DaddyBoard (HeliBoard fork)	2026-09-30T15:43:40.3007311Z C/C++:   289 |   void operator=(const TypeName&) = delete
build	Build DaddyBoard (HeliBoard fork)	2026-09-30T15:43:40.3007689Z C/C++:       |        ^
build	Build DaddyBoard (HeliBoard fork)	2026-09-30T15:43:40.3008754Z C/C++: /home/runner/work/daddyboard/daddyboard/daddyboard-main/app/src/main/jni/src/dictionary/property/word_property.h:38:51: note: in implicit copy constructor for 'latinime::UnigramProperty' first required here
build	Build DaddyBoard (HeliBoard fork)	2026-09-30T15:43:40.3010438Z C/C++:    38 |             : mCodePoints(std::move(codePoints)), mUnigramProperty(unigramProperty),
build	Build DaddyBoard (HeliBoard fork)	2026-09-30T15:43:40.3011121Z C/C++:       |                                                   ^
build	Build DaddyBoard (HeliBoard fork)	2026-09-30T15:43:40.3011975Z C/C++: In file included from /home/runner/work/daddyboard/daddyboard/daddyboard-main/app/src/main/jni/src/dictionary/utils/multi_bigram_map.cpp:17:
build	Build DaddyBoard (HeliBoard fork)	2026-09-30T15:43:40.3013253Z C/C++: In file included from /home/runner/work/daddyboard/daddyboard/daddyboard-main/app/src/main/jni/src/dictionary/utils/multi_bigram_map.h:27:
build	Build DaddyBoard (HeliBoard fork)	2026-09-30T15:43:40.3015114Z C/C++: /home/runner/work/daddyboard/daddyboard/daddyboard-main/app/src/main/jni/src/dictionary/utils/bloom_filter.h:47:5: warning: definition of implicit copy constructor for 'BloomFilter' is deprecated because it has a user-declared copy assignment operator [-Wdeprecated-copy]
build	Build DaddyBoard (HeliBoard fork)	2026-09-30T15:43:40.3016594Z C/C++:    47 |     DISALLOW_ASSIGNMENT_OPERATOR(BloomFilter);
build	Build DaddyBoard (HeliBoard fork)	2026-09-30T15:43:40.3016986Z C/C++:       |     ^
build	Build DaddyBoard (HeliBoard fork)	2026-09-30T15:43:40.3017755Z C/C++: /home/runner/work/daddyboard/daddyboard/daddyboard-main/app/src/main/jni/src/defines.h:289:8: note: expanded from macro 'DISALLOW_ASSIGNMENT_OPERATOR'
build	Build DaddyBoard (HeliBoard fork)	2026-09-30T15:43:40.3018838Z C/C++:   289 |   void operator=(const TypeName&) = delete
build	Build DaddyBoard (HeliBoard fork)	2026-09-30T15:43:40.3019215Z C/C++:       |        ^
build	Build DaddyBoard (HeliBoard fork)	2026-09-30T15:43:40.3020246Z C/C++: /home/runner/work/daddyboard/daddyboard/daddyboard-main/app/src/main/jni/src/dictionary/utils/multi_bigram_map.h:57:53: note: in implicit copy constructor for 'latinime::BloomFilter' first required here
build	Build DaddyBoard (HeliBoard fork)	2026-09-30T15:43:40.3025395Z C/C++:    57 |                 : mBigramMap(bigramMap.mBigramMap), mBloomFilter(bigramMap.mBloomFilter) {}
build	Build DaddyBoard (HeliBoard fork)	2026-09-30T15:43:40.3026033Z C/C++:       |                                                     ^
build	Build DaddyBoard (HeliBoard fork)	2026-09-30T15:43:40.3026898Z C/C++: In file included from /home/runner/work/daddyboard/daddyboard/daddyboard-main/app/src/main/jni/src/dictionary/utils/multi_bigram_map.cpp:17:
build	Build DaddyBoard (HeliBoard fork)	2026-09-30T15:43:40.3028176Z C/C++: In file included from /home/runner/work/daddyboard/daddyboard/daddyboard-main/app/src/main/jni/src/dictionary/utils/multi_bigram_map.h:24:
build	Build DaddyBoard (HeliBoard fork)	2026-09-30T15:43:40.3082049Z C/C++: In file included from /home/runner/work/daddyboard/daddyboard/daddyboard-main/app/src/main/jni/src/dictionary/interface/dictionary_structure_with_buffer_policy.h:25:
build	Build DaddyBoard (HeliBoard fork)	2026-09-30T15:43:40.3111287Z C/C++: In file included from /home/runner/work/daddyboard/daddyboard/daddyboard-main/app/src/main/jni/src/dictionary/property/word_property.h:23:
build	Build DaddyBoard (HeliBoard fork)	2026-09-30T15:43:40.3141736Z C/C++: In file included from /home/runner/work/daddyboard/daddyboard/daddyboard-main/app/src/main/jni/src/dictionary/property/ngram_property.h:24:
build	Build DaddyBoard (HeliBoard fork)	2026-09-30T15:43:40.3143037Z C/C++: In file included from /home/runner/work/daddyboard/daddyboard/daddyboard-main/app/src/main/jni/src/dictionary/property/ngram_context.h:23:
build	Build DaddyBoard (HeliBoard fork)	2026-09-30T15:43:40.3172280Z C/C++: /home/runner/work/daddyboard/daddyboard/daddyboard-main/app/src/main/jni/src/utils/int_array_view.h:160:5: warning: definition of implicit copy constructor for 'IntArrayView' is deprecated because it has a user-declared copy assignment operator [-Wdeprecated-copy]
build	Build DaddyBoard (HeliBoard fork)	2026-09-30T15:43:40.3201377Z C/C++:   160 |     DISALLOW_ASSIGNMENT_OPERATOR(IntArrayView);
build	Build DaddyBoard (HeliBoard fork)	2026-09-30T15:43:40.3231363Z C/C++:       |     ^
build	Build DaddyBoard (HeliBoard fork)	2026-09-30T15:43:40.3291892Z C/C++: /home/runner/work/daddyboard/daddyboard/daddyboard-main/app/src/main/jni/src/defines.h:289:8: note: expanded from macro 'DISALLOW_ASSIGNMENT_OPERATOR'
build	Build DaddyBoard (HeliBoard fork)	2026-09-30T15:43:40.3321379Z C/C++:   289 |   void operator=(const TypeName&) = delete
build	Build DaddyBoard (HeliBoard fork)	2026-09-30T15:43:40.3340127Z C/C++:       |        ^
build	Build DaddyBoard (HeliBoard fork)	2026-09-30T15:43:40.3382127Z C/C++: /home/runner/work/daddyboard/daddyboard/daddyboard-main/app/src/main/jni/src/dictionary/utils/multi_bigram_map.cpp:49:44: note: in implicit copy constructor for 'latinime::IntArrayView' first required here
build	Build DaddyBoard (HeliBoard fork)	2026-09-30T15:43:40.3411472Z C/C++:    49 |         addBigramsForWord(structurePolicy, prevWordIds);
build	Build DaddyBoard (HeliBoard fork)	2026-09-30T15:43:40.3441039Z C/C++:       |                                            ^
build	Build DaddyBoard (HeliBoard fork)	2026-09-30T15:43:40.3870203Z C/C++: In file included from /home/runner/work/daddyboard/daddyboard/daddyboard-main/app/src/main/jni/src/dictionary/utils/multi_bigram_map.cpp:17:
build	Build DaddyBoard (HeliBoard fork)	2026-09-30T15:43:40.3905272Z C/C++: In file included from /home/runner/work/daddyboard/daddyboard/daddyboard-main/app/src/main/jni/src/dictionary/utils/multi_bigram_map.h:24:
build	Build DaddyBoard (HeliBoard fork)	2026-09-30T15:43:40.3932168Z C/C++: In file included from /home/runner/work/daddyboard/daddyboard/daddyboard-main/app/src/main/jni/src/dictionary/interface/dictionary_structure_with_buffer_policy.h:25:
build	Build DaddyBoard (HeliBoard fork)	2026-09-30T15:43:40.4872968Z C/C++: In file included from /home/runner/work/daddyboard/daddyboard/daddyboard-main/app/src/main/jni/src/dictionary/property/word_property.h:23:
build	Build DaddyBoard (HeliBoard fork)	2026-09-30T15:43:40.4922810Z C/C++: /home/runner/work/daddyboard/daddyboard/daddyboard-main/app/src/main/jni/src/dictionary/property/ngram_property.h:54:5: warning: definition of implicit copy constructor for 'NgramProperty' is deprecated because it has a user-declared copy assignment operator [-Wdeprecated-copy]
build	Build DaddyBoard (HeliBoard fork)	2026-09-30T15:43:40.4981611Z C/C++:    54 |     DISALLOW_ASSIGNMENT_OPERATOR(NgramProperty);
build	Build DaddyBoard (HeliBoard fork)	2026-09-30T15:43:40.5041572Z C/C++:       |     ^
build	Build DaddyBoard (HeliBoard fork)	2026-09-30T15:43:40.5043045Z C/C++: /home/runner/work/daddyboard/daddyboard/daddyboard-main/app/src/main/jni/src/defines.h:289:8: note: expanded from macro 'DISALLOW_ASSIGNMENT_OPERATOR'
build	Build DaddyBoard (HeliBoard fork)	2026-09-30T15:43:40.5043993Z C/C++:   289 |   void operator=(const TypeName&) = delete
build	Build DaddyBoard (HeliBoard fork)	2026-09-30T15:43:40.5044405Z C/C++:       |        ^
build	Build DaddyBoard (HeliBoard fork)	2026-09-30T15:43:40.5045535Z C/C++: /usr/local/lib/android/sdk/ndk/28.0.13004108/toolchains/llvm/prebuilt/linux-x86_64/sysroot/usr/include/c++/v1/__memory/allocator.h:173:24: note: in implicit copy constructor for 'latinime::NgramProperty' first required here
build	Build DaddyBoard (HeliBoard fork)	2026-09-30T15:43:40.5046802Z C/C++:   173 |     ::new ((void*)__p) _Up(std::forward<_Args>(__args)...);
build	Build DaddyBoard (HeliBoard fork)	2026-09-30T15:43:40.5047250Z C/C++:       |                        ^
build	Build DaddyBoard (HeliBoard fork)	2026-09-30T15:43:40.5048865Z C/C++: /usr/local/lib/android/sdk/ndk/28.0.13004108/toolchains/llvm/prebuilt/linux-x86_64/sysroot/usr/include/c++/v1/__memory/allocator_traits.h:320:9: note: in instantiation of function template specialization 'std::allocator<latinime::NgramProperty>::construct<latinime::NgramProperty, latinime::NgramProperty &>' requested here
build	Build DaddyBoard (HeliBoard fork)	2026-09-30T15:43:40.5050594Z C/C++:   320 |     __a.construct(__p, std::forward<_Args>(__args)...);
build	Build DaddyBoard (HeliBoard fork)	2026-09-30T15:43:40.5051162Z C/C++:       |         ^
build	Build DaddyBoard (HeliBoard fork)	2026-09-30T15:43:40.5052896Z C/C++: /usr/local/lib/android/sdk/ndk/28.0.13004108/toolchains/llvm/prebuilt/linux-x86_64/sysroot/usr/include/c++/v1/__memory/uninitialized_algorithms.h:551:31: note: in instantiation of function template specialization 'std::allocator_traits<std::allocator<latinime::NgramProperty>>::construct<latinime::NgramProperty, latinime::NgramProperty &, 0>' requested here
build	Build DaddyBoard (HeliBoard fork)	2026-09-30T15:43:40.5054898Z C/C++:   551 |     allocator_traits<_Alloc>::construct(__alloc, std::__to_address(__first2), *__first1);
build	Build DaddyBoard (HeliBoard fork)	2026-09-30T15:43:40.5055480Z C/C++:       |                               ^
build	Build DaddyBoard (HeliBoard fork)	2026-09-30T15:43:40.5057923Z C/C++: /usr/local/lib/android/sdk/ndk/28.0.13004108/toolchains/llvm/prebuilt/linux-x86_64/sysroot/usr/include/c++/v1/__memory/uninitialized_algorithms.h:594:33: note: in instantiation of function template specialization 'std::__uninitialized_allocator_copy_impl<std::allocator<latinime::NgramProperty>, latinime::NgramProperty *, latinime::NgramProperty *, latinime::NgramProperty *>' requested here
build	Build DaddyBoard (HeliBoard fork)	2026-09-30T15:43:40.5091564Z C/C++:   594 |   auto __result          = std::__uninitialized_allocator_copy_impl(
build	Build DaddyBoard (HeliBoard fork)	2026-09-30T15:43:40.5121524Z C/C++:       |                                 ^
build	Build DaddyBoard (HeliBoard fork)	2026-09-30T15:43:40.5132787Z C/C++: /usr/local/lib/android/sdk/ndk/28.0.13004108/toolchains/llvm/prebuilt/linux-x86_64/sysroot/usr/include/c++/v1/vector:1100:22: note: in instantiation of function template specialization 'std::__uninitialized_allocator_copy<std::allocator<latinime::NgramProperty>, latinime::NgramProperty *, latinime::NgramProperty *, latinime::NgramProperty *>' requested here
build	Build DaddyBoard (HeliBoard fork)	2026-09-30T15:43:40.5161768Z C/C++:  1100 |   __tx.__pos_ = std::__uninitialized_allocator_copy(__alloc(), __first, __last, __tx.__pos_);
build	Build DaddyBoard (HeliBoard fork)	2026-09-30T15:43:40.5191489Z C/C++:       |                      ^
build	Build DaddyBoard (HeliBoard fork)	2026-09-30T15:43:40.5208838Z C/C++: /usr/local/lib/android/sdk/ndk/28.0.13004108/toolchains/llvm/prebuilt/linux-x86_64/sysroot/usr/include/c++/v1/vector:761:7: note: in instantiation of function template specialization 'std::vector<latinime::NgramProperty>::__construct_at_end<latinime::NgramProperty *, latinime::NgramProperty *>' requested here
build	Build DaddyBoard (HeliBoard fork)	2026-09-30T15:43:40.5221583Z C/C++:   761 |       __construct_at_end(__first, __last, __n);
build	Build DaddyBoard (HeliBoard fork)	2026-09-30T15:43:40.5241525Z C/C++:       |       ^
build	Build DaddyBoard (HeliBoard fork)	2026-09-30T15:43:40.5302607Z C/C++: /usr/local/lib/android/sdk/ndk/28.0.13004108/toolchains/llvm/prebuilt/linux-x86_64/sysroot/usr/include/c++/v1/vector:1213:3: note: in instantiation of function template specialization 'std::vector<latinime::NgramProperty>::__init_with_size<latinime::NgramProperty *, latinime::NgramProperty *>' requested here
build	Build DaddyBoard (HeliBoard fork)	2026-09-30T15:43:40.5331504Z C/C++:  1213 |   __init_with_size(__x.__begin_, __x.__end_, __x.size());
build	Build DaddyBoard (HeliBoard fork)	2026-09-30T15:43:40.5358769Z C/C++:       |   ^
build	Build DaddyBoard (HeliBoard fork)	2026-09-30T15:43:40.5411695Z C/C++: /home/runner/work/daddyboard/daddyboard/daddyboard-main/app/src/main/jni/src/dictionary/property/word_property.h:39:15: note: in instantiation of member function 'std::vector<latinime::NgramProperty>::vector' requested here
build	Build DaddyBoard (HeliBoard fork)	2026-09-30T15:43:40.5441492Z C/C++:    39 |               mNgrams(ngrams) {}
build	Build DaddyBoard (HeliBoard fork)	2026-09-30T15:43:40.5459602Z C/C++:       |               ^
build	Build DaddyBoard (HeliBoard fork)	2026-09-30T15:43:40.6869449Z C/C++: 5 warnings generated.
build	Build DaddyBoard (HeliBoard fork)	2026-09-30T15:43:42.0882628Z C/C++: /home/runner/work/daddyboard/daddyboard/daddyboard-main/app/src/main/jni/src/dictionary/utils/trie_map.cpp:56:9: warning: variable 'unusedRegionSize' set but not used [-Wunused-but-set-variable]
build	Build DaddyBoard (HeliBoard fork)	2026-09-30T15:43:42.0898927Z C/C++:    56 |     int unusedRegionSize = 0;
build	Build DaddyBoard (HeliBoard fork)	2026-09-30T15:43:42.0901513Z C/C++:       |         ^
build	Build DaddyBoard (HeliBoard fork)	2026-09-30T15:43:42.1885440Z C/C++: 1 warning generated.
build	Build DaddyBoard (HeliBoard fork)	2026-09-30T15:43:42.7872406Z C/C++: In file included from /home/runner/work/daddyboard/daddyboard/daddyboard-main/app/src/main/jni/src/suggest/core/suggest.cpp:19:
build	Build DaddyBoard (HeliBoard fork)	2026-09-30T15:43:42.7906987Z C/C++: In file included from /home/runner/work/daddyboard/daddyboard/daddyboard-main/app/src/main/jni/src/dictionary/interface/dictionary_structure_with_buffer_policy.h:23:
build	Build DaddyBoard (HeliBoard fork)	2026-09-30T15:43:42.7972703Z C/C++: /home/runner/work/daddyboard/daddyboard/daddyboard-main/app/src/main/jni/src/dictionary/property/historical_info.h:52:5: warning: definition of implicit copy constructor for 'HistoricalInfo' is deprecated because it has a user-declared copy assignment operator [-Wdeprecated-copy]
build	Build DaddyBoard (HeliBoard fork)	2026-09-30T15:43:42.8001613Z C/C++:    52 |     DISALLOW_ASSIGNMENT_OPERATOR(HistoricalInfo);
build	Build DaddyBoard (HeliBoard fork)	2026-09-30T15:43:42.8031542Z C/C++:       |     ^
build	Build DaddyBoard (HeliBoard fork)	2026-09-30T15:43:42.8074818Z C/C++: /home/runner/work/daddyboard/daddyboard/daddyboard-main/app/src/main/jni/src/defines.h:289:8: note: expanded from macro 'DISALLOW_ASSIGNMENT_OPERATOR'
build	Build DaddyBoard (HeliBoard fork)	2026-09-30T15:43:42.8131597Z C/C++:   289 |   void operator=(const TypeName&) = delete
build	Build DaddyBoard (HeliBoard fork)	2026-09-30T15:43:42.8161410Z C/C++:       |        ^
build	Build DaddyBoard (HeliBoard fork)	2026-09-30T15:43:42.8212432Z C/C++: /home/runner/work/daddyboard/daddyboard/daddyboard-main/app/src/main/jni/src/dictionary/property/ngram_property.h:33:42: note: in implicit copy constructor for 'latinime::HistoricalInfo' first required here
build	Build DaddyBoard (HeliBoard fork)	2026-09-30T15:43:42.8253298Z C/C++:    33 |               mProbability(probability), mHistoricalInfo(historicalInfo) {}
build	Build DaddyBoard (HeliBoard fork)	2026-09-30T15:43:42.8291578Z C/C++:       |                                          ^
build	Build DaddyBoard (HeliBoard fork)	2026-09-30T15:43:42.8372114Z C/C++: In file included from /home/runner/work/daddyboard/daddyboard/daddyboard-main/app/src/main/jni/src/suggest/core/suggest.cpp:19:
build	Build DaddyBoard (HeliBoard fork)	2026-09-30T15:43:42.8407617Z C/C++: In file included from /home/runner/work/daddyboard/daddyboard/daddyboard-main/app/src/main/jni/src/dictionary/interface/dictionary_structure_with_buffer_policy.h:25:
build	Build DaddyBoard (HeliBoard fork)	2026-09-30T15:43:42.8481843Z C/C++: In file included from /home/runner/work/daddyboard/daddyboard/daddyboard-main/app/src/main/jni/src/dictionary/property/word_property.h:24:
build	Build DaddyBoard (HeliBoard fork)	2026-09-30T15:43:42.8552729Z C/C++: /home/runner/work/daddyboard/daddyboard/daddyboard-main/app/src/main/jni/src/dictionary/property/unigram_property.h:126:5: warning: definition of implicit copy constructor for 'UnigramProperty' is deprecated because it has a user-declared copy assignment operator [-Wdeprecated-copy]
build	Build DaddyBoard (HeliBoard fork)	2026-09-30T15:43:42.8581625Z C/C++:   126 |     DISALLOW_ASSIGNMENT_OPERATOR(UnigramProperty);
build	Build DaddyBoard (HeliBoard fork)	2026-09-30T15:43:42.8611465Z C/C++:       |     ^
build	Build DaddyBoard (HeliBoard fork)	2026-09-30T15:43:42.8634848Z C/C++: /home/runner/work/daddyboard/daddyboard/daddyboard-main/app/src/main/jni/src/defines.h:289:8: note: expanded from macro 'DISALLOW_ASSIGNMENT_OPERATOR'
build	Build DaddyBoard (HeliBoard fork)	2026-09-30T15:43:42.8661515Z C/C++:   289 |   void operator=(const TypeName&) = delete
build	Build DaddyBoard (HeliBoard fork)	2026-09-30T15:43:42.8691433Z C/C++:       |        ^
build	Build DaddyBoard (HeliBoard fork)	2026-09-30T15:43:42.8721463Z C/C++: /home/runner/work/daddyboard/daddyboard/daddyboard-main/app/src/main/jni/src/dictionary/property/word_property.h:38:51: note: in implicit copy constructor for 'latinime::UnigramProperty' first required here
build	Build DaddyBoard (HeliBoard fork)	2026-09-30T15:43:42.8751642Z C/C++:    38 |             : mCodePoints(std::move(codePoints)), mUnigramProperty(unigramProperty),
build	Build DaddyBoard (HeliBoard fork)	2026-09-30T15:43:42.8781464Z C/C++:       |                                                   ^
build	Build DaddyBoard (HeliBoard fork)	2026-09-30T15:43:42.8872013Z C/C++: In file included from /home/runner/work/daddyboard/daddyboard/daddyboard-main/app/src/main/jni/src/suggest/core/suggest.cpp:19:
build	Build DaddyBoard (HeliBoard fork)	2026-09-30T15:43:42.8902075Z C/C++: In file included from /home/runner/work/daddyboard/daddyboard/daddyboard-main/app/src/main/jni/src/dictionary/interface/dictionary_structure_with_buffer_policy.h:25:
build	Build DaddyBoard (HeliBoard fork)	2026-09-30T15:43:42.8931926Z C/C++: In file included from /home/runner/work/daddyboard/daddyboard/daddyboard-main/app/src/main/jni/src/dictionary/property/word_property.h:23:
build	Build DaddyBoard (HeliBoard fork)	2026-09-30T15:43:42.8982035Z C/C++: In file included from /home/runner/work/daddyboard/daddyboard/daddyboard-main/app/src/main/jni/src/dictionary/property/ngram_property.h:24:
build	Build DaddyBoard (HeliBoard fork)	2026-09-30T15:43:42.9011915Z C/C++: In file included from /home/runner/work/daddyboard/daddyboard/daddyboard-main/app/src/main/jni/src/dictionary/property/ngram_context.h:23:
build	Build DaddyBoard (HeliBoard fork)	2026-09-30T15:43:42.9042380Z C/C++: /home/runner/work/daddyboard/daddyboard/daddyboard-main/app/src/main/jni/src/utils/int_array_view.h:160:5: warning: definition of implicit copy constructor for 'IntArrayView' is deprecated because it has a user-declared copy assignment operator [-Wdeprecated-copy]
build	Build DaddyBoard (HeliBoard fork)	2026-09-30T15:43:42.9071576Z C/C++:   160 |     DISALLOW_ASSIGNMENT_OPERATOR(IntArrayView);
build	Build DaddyBoard (HeliBoard fork)	2026-09-30T15:43:42.9101779Z C/C++:       |     ^
build	Build DaddyBoard (HeliBoard fork)	2026-09-30T15:43:42.9131977Z C/C++: /home/runner/work/daddyboard/daddyboard/daddyboard-main/app/src/main/jni/src/defines.h:289:8: note: expanded from macro 'DISALLOW_ASSIGNMENT_OPERATOR'
build	Build DaddyBoard (HeliBoard fork)	2026-09-30T15:43:42.9161598Z C/C++:   289 |   void operator=(const TypeName&) = delete
build	Build DaddyBoard (HeliBoard fork)	2026-09-30T15:43:42.9191446Z C/C++:       |        ^
build	Build DaddyBoard (HeliBoard fork)	2026-09-30T15:43:42.9192526Z C/C++: /home/runner/work/daddyboard/daddyboard/daddyboard-main/app/src/main/jni/src/suggest/core/dicnode/dic_node.h:110:53: note: in implicit copy constructor for 'latinime::IntArrayView' first required here
build	Build DaddyBoard (HeliBoard fork)	2026-09-30T15:43:42.9193685Z C/C++:   110 |         mDicNodeProperties.init(rootPtNodeArrayPos, prevWordIds);
build	Build DaddyBoard (HeliBoard fork)	2026-09-30T15:43:42.9194176Z C/C++:       |                                                     ^
build	Build DaddyBoard (HeliBoard fork)	2026-09-30T15:43:43.0882580Z C/C++: In file included from /home/runner/work/daddyboard/daddyboard/daddyboard-main/app/src/main/jni/src/suggest/core/suggest.cpp:26:
build	Build DaddyBoard (HeliBoard fork)	2026-09-30T15:43:43.0890766Z C/C++: In file included from /home/runner/work/daddyboard/daddyboard/daddyboard-main/app/src/main/jni/src/suggest/core/layout/proximity_info.h:25:
build	Build DaddyBoard (HeliBoard fork)	2026-09-30T15:43:43.0912059Z C/C++: /home/runner/work/daddyboard/daddyboard/daddyboard-main/app/src/main/jni/src/suggest/core/layout/proximity_info_utils.h:75:25: warning: variable 'proximityChar' set but not used [-Wunused-but-set-variable]
build	Build DaddyBoard (HeliBoard fork)	2026-09-30T15:43:43.0961427Z C/C++:    75 |                     int proximityChar =
build	Build DaddyBoard (HeliBoard fork)	2026-09-30T15:43:43.1011856Z C/C++:       |                         ^
build	Build DaddyBoard (HeliBoard fork)	2026-09-30T15:43:43.1032072Z C/C++: In file included from /home/runner/work/daddyboard/daddyboard/daddyboard-main/app/src/main/jni/src/suggest/core/suggest.cpp:30:
build	Build DaddyBoard (HeliBoard fork)	2026-09-30T15:43:43.1061985Z C/C++: In file included from /home/runner/work/daddyboard/daddyboard/daddyboard-main/app/src/main/jni/src/suggest/core/session/dic_traverse_session.h:23:
build	Build DaddyBoard (HeliBoard fork)	2026-09-30T15:43:43.1091880Z C/C++: In file included from /home/runner/work/daddyboard/daddyboard/daddyboard-main/app/src/main/jni/src/dictionary/utils/multi_bigram_map.h:27:
build	Build DaddyBoard (HeliBoard fork)	2026-09-30T15:43:43.1093930Z C/C++: /home/runner/work/daddyboard/daddyboard/daddyboard-main/app/src/main/jni/src/dictionary/utils/bloom_filter.h:47:5: warning: definition of implicit copy constructor for 'BloomFilter' is deprecated because it has a user-declared copy assignment operator [-Wdeprecated-copy]
build	Build DaddyBoard (HeliBoard fork)	2026-09-30T15:43:43.1121378Z C/C++:    47 |     DISALLOW_ASSIGNMENT_OPERATOR(BloomFilter);
build	Build DaddyBoard (HeliBoard fork)	2026-09-30T15:43:43.1151331Z C/C++:       |     ^
build	Build DaddyBoard (HeliBoard fork)	2026-09-30T15:43:43.1181821Z C/C++: /home/runner/work/daddyboard/daddyboard/daddyboard-main/app/src/main/jni/src/defines.h:289:8: note: expanded from macro 'DISALLOW_ASSIGNMENT_OPERATOR'
build	Build DaddyBoard (HeliBoard fork)	2026-09-30T15:43:43.1183251Z C/C++:   289 |   void operator=(const TypeName&) = delete
build	Build DaddyBoard (HeliBoard fork)	2026-09-30T15:43:43.1211312Z C/C++:       |        ^
build	Build DaddyBoard (HeliBoard fork)	2026-09-30T15:43:43.1242273Z C/C++: /home/runner/work/daddyboard/daddyboard/daddyboard-main/app/src/main/jni/src/dictionary/utils/multi_bigram_map.h:57:53: note: in implicit copy constructor for 'latinime::BloomFilter' first required here
build	Build DaddyBoard (HeliBoard fork)	2026-09-30T15:43:43.1271572Z C/C++:    57 |                 : mBigramMap(bigramMap.mBigramMap), mBloomFilter(bigramMap.mBloomFilter) {}
build	Build DaddyBoard (HeliBoard fork)	2026-09-30T15:43:43.1272323Z C/C++:       |                                                     ^
build	Build DaddyBoard (HeliBoard fork)	2026-09-30T15:43:43.1301759Z C/C++: In file included from /home/runner/work/daddyboard/daddyboard/daddyboard-main/app/src/main/jni/src/suggest/core/suggest.cpp:19:
build	Build DaddyBoard (HeliBoard fork)	2026-09-30T15:43:43.1331916Z C/C++: In file included from /home/runner/work/daddyboard/daddyboard/daddyboard-main/app/src/main/jni/src/dictionary/interface/dictionary_structure_with_buffer_policy.h:24:
build	Build DaddyBoard (HeliBoard fork)	2026-09-30T15:43:43.1343210Z C/C++: /home/runner/work/daddyboard/daddyboard/daddyboard-main/app/src/main/jni/src/dictionary/property/word_attributes.h:59:5: warning: definition of implicit copy constructor for 'WordAttributes' is deprecated because it has a user-declared copy assignment operator [-Wdeprecated-copy]
build	Build DaddyBoard (HeliBoard fork)	2026-09-30T15:43:43.1412528Z C/C++:    59 |     DISALLOW_ASSIGNMENT_OPERATOR(WordAttributes);
build	Build DaddyBoard (HeliBoard fork)	2026-09-30T15:43:43.1471547Z C/C++:       |     ^
build	Build DaddyBoard (HeliBoard fork)	2026-09-30T15:43:43.1501981Z C/C++: /home/runner/work/daddyboard/daddyboard/daddyboard-main/app/src/main/jni/src/defines.h:289:8: note: expanded from macro 'DISALLOW_ASSIGNMENT_OPERATOR'
build	Build DaddyBoard (HeliBoard fork)	2026-09-30T15:43:43.1531499Z C/C++:   289 |   void operator=(const TypeName&) = delete
build	Build DaddyBoard (HeliBoard fork)	2026-09-30T15:43:43.1543645Z C/C++:       |        ^
build	Build DaddyBoard (HeliBoard fork)	2026-09-30T15:43:43.1561948Z C/C++: /home/runner/work/daddyboard/daddyboard/daddyboard-main/app/src/main/jni/src/suggest/core/suggest.cpp:420:22: note: in implicit copy constructor for 'WordAttributes' first required here
build	Build DaddyBoard (HeliBoard fork)	2026-09-30T15:43:43.1621676Z C/C++:   420 |             dicNode, wordAttributes, false /* isLastWord */)) {
build	Build DaddyBoard (HeliBoard fork)	2026-09-30T15:43:43.1644493Z C/C++:       |                      ^
build	Build DaddyBoard (HeliBoard fork)	2026-09-30T15:43:43.1872153Z C/C++: In file included from /home/runner/work/daddyboard/daddyboard/daddyboard-main/app/src/main/jni/src/suggest/core/suggest.cpp:19:
build	Build DaddyBoard (HeliBoard fork)	2026-09-30T15:43:43.1913915Z C/C++: In file included from /home/runner/work/daddyboard/daddyboard/daddyboard-main/app/src/main/jni/src/dictionary/interface/dictionary_structure_with_buffer_policy.h:25:
build	Build DaddyBoard (HeliBoard fork)	2026-09-30T15:43:43.1931298Z C/C++: In file included from /home/runner/work/daddyboard/daddyboard/daddyboard-main/app/src/main/jni/src/dictionary/property/word_property.h:23:
build	Build DaddyBoard (HeliBoard fork)	2026-09-30T15:43:43.1933661Z C/C++: /home/runner/work/daddyboard/daddyboard/daddyboard-main/app/src/main/jni/src/dictionary/property/ngram_property.h:54:5: warning: definition of implicit copy constructor for 'NgramProperty' is deprecated because it has a user-declared copy assignment operator [-Wdeprecated-copy]
build	Build DaddyBoard (HeliBoard fork)	2026-09-30T15:43:43.1938985Z C/C++:    54 |     DISALLOW_ASSIGNMENT_OPERATOR(NgramProperty);
build	Build DaddyBoard (HeliBoard fork)	2026-09-30T15:43:43.1939529Z C/C++:       |     ^
build	Build DaddyBoard (HeliBoard fork)	2026-09-30T15:43:43.1940438Z C/C++: /home/runner/work/daddyboard/daddyboard/daddyboard-main/app/src/main/jni/src/defines.h:289:8: note: expanded from macro 'DISALLOW_ASSIGNMENT_OPERATOR'
build	Build DaddyBoard (HeliBoard fork)	2026-09-30T15:43:43.1941582Z C/C++:   289 |   void operator=(const TypeName&) = delete
build	Build DaddyBoard (HeliBoard fork)	2026-09-30T15:43:43.1942065Z C/C++:       |        ^
build	Build DaddyBoard (HeliBoard fork)	2026-09-30T15:43:43.1943212Z C/C++: /usr/local/lib/android/sdk/ndk/28.0.13004108/toolchains/llvm/prebuilt/linux-x86_64/sysroot/usr/include/c++/v1/__memory/allocator.h:173:24: note: in implicit copy constructor for 'latinime::NgramProperty' first required here
build	Build DaddyBoard (HeliBoard fork)	2026-09-30T15:43:43.1944494Z C/C++:   173 |     ::new ((void*)__p) _Up(std::forward<_Args>(__args)...);
build	Build DaddyBoard (HeliBoard fork)	2026-09-30T15:43:43.1945030Z C/C++:       |                        ^
build	Build DaddyBoard (HeliBoard fork)	2026-09-30T15:43:43.1946645Z C/C++: /usr/local/lib/android/sdk/ndk/28.0.13004108/toolchains/llvm/prebuilt/linux-x86_64/sysroot/usr/include/c++/v1/__memory/allocator_traits.h:320:9: note: in instantiation of function template specialization 'std::allocator<latinime::NgramProperty>::construct<latinime::NgramProperty, latinime::NgramProperty &>' requested here
build	Build DaddyBoard (HeliBoard fork)	2026-09-30T15:43:43.1948756Z C/C++:   320 |     __a.construct(__p, std::forward<_Args>(__args)...);
build	Build DaddyBoard (HeliBoard fork)	2026-09-30T15:43:43.1949279Z C/C++:       |         ^
build	Build DaddyBoard (HeliBoard fork)	2026-09-30T15:43:43.1951068Z C/C++: /usr/local/lib/android/sdk/ndk/28.0.13004108/toolchains/llvm/prebuilt/linux-x86_64/sysroot/usr/include/c++/v1/__memory/uninitialized_algorithms.h:551:31: note: in instantiation of function template specialization 'std::allocator_traits<std::allocator<latinime::NgramProperty>>::construct<latinime::NgramProperty, latinime::NgramProperty &, 0>' requested here
build	Build DaddyBoard (HeliBoard fork)	2026-09-30T15:43:43.1953108Z C/C++:   551 |     allocator_traits<_Alloc>::construct(__alloc, std::__to_address(__first2), *__first1);
build	Build DaddyBoard (HeliBoard fork)	2026-09-30T15:43:43.1953792Z C/C++:       |                               ^
build	Build DaddyBoard (HeliBoard fork)	2026-09-30T15:43:43.1955713Z C/C++: /usr/local/lib/android/sdk/ndk/28.0.13004108/toolchains/llvm/prebuilt/linux-x86_64/sysroot/usr/include/c++/v1/__memory/uninitialized_algorithms.h:594:33: note: in instantiation of function template specialization 'std::__uninitialized_allocator_copy_impl<std::allocator<latinime::NgramProperty>, latinime::NgramProperty *, latinime::NgramProperty *, latinime::NgramProperty *>' requested here
build	Build DaddyBoard (HeliBoard fork)	2026-09-30T15:43:43.1957763Z C/C++:   594 |   auto __result          = std::__uninitialized_allocator_copy_impl(
build	Build DaddyBoard (HeliBoard fork)	2026-09-30T15:43:43.1958345Z C/C++:       |                                 ^
build	Build DaddyBoard (HeliBoard fork)	2026-09-30T15:43:43.1960107Z C/C++: /usr/local/lib/android/sdk/ndk/28.0.13004108/toolchains/llvm/prebuilt/linux-x86_64/sysroot/usr/include/c++/v1/vector:1100:22: note: in instantiation of function template specialization 'std::__uninitialized_allocator_copy<std::allocator<latinime::NgramProperty>, latinime::NgramProperty *, latinime::NgramProperty *, latinime::NgramProperty *>' requested here
build	Build DaddyBoard (HeliBoard fork)	2026-09-30T15:43:43.1962272Z C/C++:  1100 |   __tx.__pos_ = std::__uninitialized_allocator_copy(__alloc(), __first, __last, __tx.__pos_);
build	Build DaddyBoard (HeliBoard fork)	2026-09-30T15:43:43.1962960Z C/C++:       |                      ^
build	Build DaddyBoard (HeliBoard fork)	2026-09-30T15:43:43.1964508Z C/C++: /usr/local/lib/android/sdk/ndk/28.0.13004108/toolchains/llvm/prebuilt/linux-x86_64/sysroot/usr/include/c++/v1/vector:761:7: note: in instantiation of function template specialization 'std::vector<latinime::NgramProperty>::__construct_at_end<latinime::NgramProperty *, latinime::NgramProperty *>' requested here
build	Build DaddyBoard (HeliBoard fork)	2026-09-30T15:43:43.1966328Z C/C++:   761 |       __construct_at_end(__first, __last, __n);
build	Build DaddyBoard (HeliBoard fork)	2026-09-30T15:43:43.1966819Z C/C++:       |       ^
build	Build DaddyBoard (HeliBoard fork)	2026-09-30T15:43:43.1968327Z C/C++: /usr/local/lib/android/sdk/ndk/28.0.13004108/toolchains/llvm/prebuilt/linux-x86_64/sysroot/usr/include/c++/v1/vector:1213:3: note: in instantiation of function template specialization 'std::vector<latinime::NgramProperty>::__init_with_size<latinime::NgramProperty *, latinime::NgramProperty *>' requested here
build	Build DaddyBoard (HeliBoard fork)	2026-09-30T15:43:43.1969958Z C/C++:  1213 |   __init_with_size(__x.__begin_, __x.__end_, __x.size());
build	Build DaddyBoard (HeliBoard fork)	2026-09-30T15:43:43.1970487Z C/C++:       |   ^
build	Build DaddyBoard (HeliBoard fork)	2026-09-30T15:43:43.1971808Z C/C++: /home/runner/work/daddyboard/daddyboard/daddyboard-main/app/src/main/jni/src/dictionary/property/word_property.h:39:15: note: in instantiation of member function 'std::vector<latinime::NgramProperty>::vector' requested here
build	Build DaddyBoard (HeliBoard fork)	2026-09-30T15:43:43.1973042Z C/C++:    39 |               mNgrams(ngrams) {}
build	Build DaddyBoard (HeliBoard fork)	2026-09-30T15:43:43.1973486Z C/C++:       |               ^
build	Build DaddyBoard (HeliBoard fork)	2026-09-30T15:43:43.6869284Z C/C++: 7 warnings generated.
build	Build DaddyBoard (HeliBoard fork)	2026-09-30T15:43:44.2872482Z C/C++: In file included from /home/runner/work/daddyboard/daddyboard/daddyboard-main/app/src/main/jni/src/suggest/core/dicnode/dic_node.cpp:17:
build	Build DaddyBoard (HeliBoard fork)	2026-09-30T15:43:44.2896168Z C/C++: In file included from /home/runner/work/daddyboard/daddyboard/daddyboard-main/app/src/main/jni/src/suggest/core/dicnode/dic_node.h:22:
build	Build DaddyBoard (HeliBoard fork)	2026-09-30T15:43:44.2922044Z C/C++: In file included from /home/runner/work/daddyboard/daddyboard/daddyboard-main/app/src/main/jni/src/suggest/core/dicnode/dic_node_utils.h:21:
build	Build DaddyBoard (HeliBoard fork)	2026-09-30T15:43:44.2952799Z C/C++: /home/runner/work/daddyboard/daddyboard/daddyboard-main/app/src/main/jni/src/utils/int_array_view.h:160:5: warning: definition of implicit copy constructor for 'IntArrayView' is deprecated because it has a user-declared copy assignment operator [-Wdeprecated-copy]
build	Build DaddyBoard (HeliBoard fork)	2026-09-30T15:43:44.2981651Z C/C++:   160 |     DISALLOW_ASSIGNMENT_OPERATOR(IntArrayView);
build	Build DaddyBoard (HeliBoard fork)	2026-09-30T15:43:44.2982119Z C/C++:       |     ^
build	Build DaddyBoard (HeliBoard fork)	2026-09-30T15:43:44.2982927Z C/C++: /home/runner/work/daddyboard/daddyboard/daddyboard-main/app/src/main/jni/src/defines.h:289:8: note: expanded from macro 'DISALLOW_ASSIGNMENT_OPERATOR'
build	Build DaddyBoard (HeliBoard fork)	2026-09-30T15:43:44.2983737Z C/C++:   289 |   void operator=(const TypeName&) = delete
build	Build DaddyBoard (HeliBoard fork)	2026-09-30T15:43:44.2984078Z C/C++:       |        ^
build	Build DaddyBoard (HeliBoard fork)	2026-09-30T15:43:44.2984975Z C/C++: /home/runner/work/daddyboard/daddyboard/daddyboard-main/app/src/main/jni/src/suggest/core/dicnode/dic_node.h:110:53: note: in implicit copy constructor for 'latinime::IntArrayView' first required here
build	Build DaddyBoard (HeliBoard fork)	2026-09-30T15:43:44.2986204Z C/C++:   110 |         mDicNodeProperties.init(rootPtNodeArrayPos, prevWordIds);
build	Build DaddyBoard (HeliBoard fork)	2026-09-30T15:43:44.2986696Z C/C++:       |                                                     ^
build	Build DaddyBoard (HeliBoard fork)	2026-09-30T15:43:44.3875829Z C/C++: 1 warning generated.
build	Build DaddyBoard (HeliBoard fork)	2026-09-30T15:43:44.8871497Z C/C++: In file included from /home/runner/work/daddyboard/daddyboard/daddyboard-main/app/src/main/jni/src/suggest/core/dicnode/dic_node_utils.cpp:19:
build	Build DaddyBoard (HeliBoard fork)	2026-09-30T15:43:44.8902003Z C/C++: In file included from /home/runner/work/daddyboard/daddyboard/daddyboard-main/app/src/main/jni/src/dictionary/interface/dictionary_structure_with_buffer_policy.h:23:
build	Build DaddyBoard (HeliBoard fork)	2026-09-30T15:43:44.8921364Z C/C++: /home/runner/work/daddyboard/daddyboard/daddyboard-main/app/src/main/jni/src/dictionary/property/historical_info.h:52:5: warning: definition of implicit copy constructor for 'HistoricalInfo' is deprecated because it has a user-declared copy assignment operator [-Wdeprecated-copy]
build	Build DaddyBoard (HeliBoard fork)	2026-09-30T15:43:44.8941656Z C/C++:    52 |     DISALLOW_ASSIGNMENT_OPERATOR(HistoricalInfo);
build	Build DaddyBoard (HeliBoard fork)	2026-09-30T15:43:44.8991400Z C/C++:       |     ^
build	Build DaddyBoard (HeliBoard fork)	2026-09-30T15:43:44.9021684Z C/C++: /home/runner/work/daddyboard/daddyboard/daddyboard-main/app/src/main/jni/src/defines.h:289:8: note: expanded from macro 'DISALLOW_ASSIGNMENT_OPERATOR'
build	Build DaddyBoard (HeliBoard fork)	2026-09-30T15:43:44.9051443Z C/C++:   289 |   void operator=(const TypeName&) = delete
build	Build DaddyBoard (HeliBoard fork)	2026-09-30T15:43:44.9081442Z C/C++:       |        ^
build	Build DaddyBoard (HeliBoard fork)	2026-09-30T15:43:44.9112209Z C/C++: /home/runner/work/daddyboard/daddyboard/daddyboard-main/app/src/main/jni/src/dictionary/property/ngram_property.h:33:42: note: in implicit copy constructor for 'latinime::HistoricalInfo' first required here
build	Build DaddyBoard (HeliBoard fork)	2026-09-30T15:43:44.9141498Z C/C++:    33 |               mProbability(probability), mHistoricalInfo(historicalInfo) {}
build	Build DaddyBoard (HeliBoard fork)	2026-09-30T15:43:44.9170855Z C/C++:       |                                          ^
build	Build DaddyBoard (HeliBoard fork)	2026-09-30T15:43:44.9191989Z C/C++: In file included from /home/runner/work/daddyboard/daddyboard/daddyboard-main/app/src/main/jni/src/suggest/core/dicnode/dic_node_utils.cpp:19:
build	Build DaddyBoard (HeliBoard fork)	2026-09-30T15:43:44.9231986Z C/C++: In file included from /home/runner/work/daddyboard/daddyboard/daddyboard-main/app/src/main/jni/src/dictionary/interface/dictionary_structure_with_buffer_policy.h:25:
build	Build DaddyBoard (HeliBoard fork)	2026-09-30T15:43:44.9246183Z C/C++: In file included from /home/runner/work/daddyboard/daddyboard/daddyboard-main/app/src/main/jni/src/dictionary/property/word_property.h:24:
build	Build DaddyBoard (HeliBoard fork)	2026-09-30T15:43:44.9262386Z C/C++: /home/runner/work/daddyboard/daddyboard/daddyboard-main/app/src/main/jni/src/dictionary/property/unigram_property.h:126:5: warning: definition of implicit copy constructor for 'UnigramProperty' is deprecated because it has a user-declared copy assignment operator [-Wdeprecated-copy]
build	Build DaddyBoard (HeliBoard fork)	2026-09-30T15:43:44.9271419Z C/C++:   126 |     DISALLOW_ASSIGNMENT_OPERATOR(UnigramProperty);
build	Build DaddyBoard (HeliBoard fork)	2026-09-30T15:43:44.9321350Z C/C++:       |     ^
build	Build DaddyBoard (HeliBoard fork)	2026-09-30T15:43:44.9331995Z C/C++: /home/runner/work/daddyboard/daddyboard/daddyboard-main/app/src/main/jni/src/defines.h:289:8: note: expanded from macro 'DISALLOW_ASSIGNMENT_OPERATOR'
build	Build DaddyBoard (HeliBoard fork)	2026-09-30T15:43:44.9358440Z C/C++:   289 |   void operator=(const TypeName&) = delete
build	Build DaddyBoard (HeliBoard fork)	2026-09-30T15:43:44.9381386Z C/C++:       |        ^
build	Build DaddyBoard (HeliBoard fork)	2026-09-30T15:43:44.9382490Z C/C++: /home/runner/work/daddyboard/daddyboard/daddyboard-main/app/src/main/jni/src/dictionary/property/word_property.h:38:51: note: in implicit copy constructor for 'latinime::UnigramProperty' first required here
build	Build DaddyBoard (HeliBoard fork)	2026-09-30T15:43:44.9383738Z C/C++:    38 |             : mCodePoints(std::move(codePoints)), mUnigramProperty(unigramProperty),
build	Build DaddyBoard (HeliBoard fork)	2026-09-30T15:43:44.9384302Z C/C++:       |                                                   ^
build	Build DaddyBoard (HeliBoard fork)	2026-09-30T15:43:44.9882333Z C/C++: In file included from /home/runner/work/daddyboard/daddyboard/daddyboard-main/app/src/main/jni/src/suggest/core/dicnode/dic_node_utils.cpp:17:
build	Build DaddyBoard (HeliBoard fork)	2026-09-30T15:43:44.9883638Z C/C++: In file included from /home/runner/work/daddyboard/daddyboard/daddyboard-main/app/src/main/jni/src/suggest/core/dicnode/dic_node_utils.h:21:
build	Build DaddyBoard (HeliBoard fork)	2026-09-30T15:43:44.9885341Z C/C++: /home/runner/work/daddyboard/daddyboard/daddyboard-main/app/src/main/jni/src/utils/int_array_view.h:160:5: warning: definition of implicit copy constructor for 'IntArrayView' is deprecated because it has a user-declared copy assignment operator [-Wdeprecated-copy]
build	Build DaddyBoard (HeliBoard fork)	2026-09-30T15:43:44.9886628Z C/C++:   160 |     DISALLOW_ASSIGNMENT_OPERATOR(IntArrayView);
build	Build DaddyBoard (HeliBoard fork)	2026-09-30T15:43:44.9887006Z C/C++:       |     ^
build	Build DaddyBoard (HeliBoard fork)	2026-09-30T15:43:44.9887720Z C/C++: /home/runner/work/daddyboard/daddyboard/daddyboard-main/app/src/main/jni/src/defines.h:289:8: note: expanded from macro 'DISALLOW_ASSIGNMENT_OPERATOR'
build	Build DaddyBoard (HeliBoard fork)	2026-09-30T15:43:44.9888539Z C/C++:   289 |   void operator=(const TypeName&) = delete
build	Build DaddyBoard (HeliBoard fork)	2026-09-30T15:43:44.9888880Z C/C++:       |        ^
build	Build DaddyBoard (HeliBoard fork)	2026-09-30T15:43:44.9889774Z C/C++: /home/runner/work/daddyboard/daddyboard/daddyboard-main/app/src/main/jni/src/suggest/core/dicnode/dic_node.h:110:53: note: in implicit copy constructor for 'latinime::IntArrayView' first required here
build	Build DaddyBoard (HeliBoard fork)	2026-09-30T15:43:44.9891082Z C/C++:   110 |         mDicNodeProperties.init(rootPtNodeArrayPos, prevWordIds);
build	Build DaddyBoard (HeliBoard fork)	2026-09-30T15:43:44.9891581Z C/C++:       |                                                     ^
build	Build DaddyBoard (HeliBoard fork)	2026-09-30T15:43:45.0872277Z C/C++: In file included from /home/runner/work/daddyboard/daddyboard/daddyboard-main/app/src/main/jni/src/suggest/core/dicnode/dic_node_utils.cpp:19:
build	Build DaddyBoard (HeliBoard fork)	2026-09-30T15:43:45.0925658Z C/C++: In file included from /home/runner/work/daddyboard/daddyboard/daddyboard-main/app/src/main/jni/src/dictionary/interface/dictionary_structure_with_buffer_policy.h:25:
build	Build DaddyBoard (HeliBoard fork)	2026-09-30T15:43:45.0952008Z C/C++: In file included from /home/runner/work/daddyboard/daddyboard/daddyboard-main/app/src/main/jni/src/dictionary/property/word_property.h:23:
build	Build DaddyBoard (HeliBoard fork)	2026-09-30T15:43:45.0973477Z C/C++: /home/runner/work/daddyboard/daddyboard/daddyboard-main/app/src/main/jni/src/dictionary/property/ngram_property.h:54:5: warning: definition of implicit copy constructor for 'NgramProperty' is deprecated because it has a user-declared copy assignment operator [-Wdeprecated-copy]
build	Build DaddyBoard (HeliBoard fork)	2026-09-30T15:43:45.1001234Z C/C++:    54 |     DISALLOW_ASSIGNMENT_OPERATOR(NgramProperty);
build	Build DaddyBoard (HeliBoard fork)	2026-09-30T15:43:45.1021363Z C/C++:       |     ^
build	Build DaddyBoard (HeliBoard fork)	2026-09-30T15:43:45.1051920Z C/C++: /home/runner/work/daddyboard/daddyboard/daddyboard-main/app/src/main/jni/src/defines.h:289:8: note: expanded from macro 'DISALLOW_ASSIGNMENT_OPERATOR'
build	Build DaddyBoard (HeliBoard fork)	2026-09-30T15:43:45.1052845Z C/C++:   289 |   void operator=(const TypeName&) = delete
build	Build DaddyBoard (HeliBoard fork)	2026-09-30T15:43:45.1053217Z C/C++:       |        ^
build	Build DaddyBoard (HeliBoard fork)	2026-09-30T15:43:45.1054245Z C/C++: /usr/local/lib/android/sdk/ndk/28.0.13004108/toolchains/llvm/prebuilt/linux-x86_64/sysroot/usr/include/c++/v1/__memory/allocator.h:173:24: note: in implicit copy constructor for 'latinime::NgramProperty' first required here
build	Build DaddyBoard (HeliBoard fork)	2026-09-30T15:43:45.1055401Z C/C++:   173 |     ::new ((void*)__p) _Up(std::forward<_Args>(__args)...);
build	Build DaddyBoard (HeliBoard fork)	2026-09-30T15:43:45.1055820Z C/C++:       |                        ^
build	Build DaddyBoard (HeliBoard fork)	2026-09-30T15:43:45.1057843Z C/C++: /usr/local/lib/android/sdk/ndk/28.0.13004108/toolchains/llvm/prebuilt/linux-x86_64/sysroot/usr/include/c++/v1/__memory/allocator_traits.h:320:9: note: in instantiation of function template specialization 'std::allocator<latinime::NgramProperty>::construct<latinime::NgramProperty, latinime::NgramProperty &>' requested here
build	Build DaddyBoard (HeliBoard fork)	2026-09-30T15:43:45.1059401Z C/C++:   320 |     __a.construct(__p, std::forward<_Args>(__args)...);
build	Build DaddyBoard (HeliBoard fork)	2026-09-30T15:43:45.1059803Z C/C++:       |         ^
build	Build DaddyBoard (HeliBoard fork)	2026-09-30T15:43:45.1061497Z C/C++: /usr/local/lib/android/sdk/ndk/28.0.13004108/toolchains/llvm/prebuilt/linux-x86_64/sysroot/usr/include/c++/v1/__memory/uninitialized_algorithms.h:551:31: note: in instantiation of function template specialization 'std::allocator_traits<std::allocator<latinime::NgramProperty>>::construct<latinime::NgramProperty, latinime::NgramProperty &, 0>' requested here
build	Build DaddyBoard (HeliBoard fork)	2026-09-30T15:43:45.1063283Z C/C++:   551 |     allocator_traits<_Alloc>::construct(__alloc, std::__to_address(__first2), *__first1);
build	Build DaddyBoard (HeliBoard fork)	2026-09-30T15:43:45.1063843Z C/C++:       |                               ^
build	Build DaddyBoard (HeliBoard fork)	2026-09-30T15:43:45.1065579Z C/C++: /usr/local/lib/android/sdk/ndk/28.0.13004108/toolchains/llvm/prebuilt/linux-x86_64/sysroot/usr/include/c++/v1/__memory/uninitialized_algorithms.h:594:33: note: in instantiation of function template specialization 'std::__uninitialized_allocator_copy_impl<std::allocator<latinime::NgramProperty>, latinime::NgramProperty *, latinime::NgramProperty *, latinime::NgramProperty *>' requested here
build	Build DaddyBoard (HeliBoard fork)	2026-09-30T15:43:45.1067461Z C/C++:   594 |   auto __result          = std::__uninitialized_allocator_copy_impl(
build	Build DaddyBoard (HeliBoard fork)	2026-09-30T15:43:45.1067933Z C/C++:       |                                 ^
build	Build DaddyBoard (HeliBoard fork)	2026-09-30T15:43:45.1069514Z C/C++: /usr/local/lib/android/sdk/ndk/28.0.13004108/toolchains/llvm/prebuilt/linux-x86_64/sysroot/usr/include/c++/v1/vector:1100:22: note: in instantiation of function template specialization 'std::__uninitialized_allocator_copy<std::allocator<latinime::NgramProperty>, latinime::NgramProperty *, latinime::NgramProperty *, latinime::NgramProperty *>' requested here
build	Build DaddyBoard (HeliBoard fork)	2026-09-30T15:43:45.1071518Z C/C++:  1100 |   __tx.__pos_ = std::__uninitialized_allocator_copy(__alloc(), __first, __last, __tx.__pos_);
build	Build DaddyBoard (HeliBoard fork)	2026-09-30T15:43:45.1072070Z C/C++:       |                      ^
build	Build DaddyBoard (HeliBoard fork)	2026-09-30T15:43:45.1073745Z C/C++: /usr/local/lib/android/sdk/ndk/28.0.13004108/toolchains/llvm/prebuilt/linux-x86_64/sysroot/usr/include/c++/v1/vector:761:7: note: in instantiation of function template specialization 'std::vector<latinime::NgramProperty>::__construct_at_end<latinime::NgramProperty *, latinime::NgramProperty *>' requested here
build	Build DaddyBoard (HeliBoard fork)	2026-09-30T15:43:45.1101472Z C/C++:   761 |       __construct_at_end(__first, __last, __n);
build	Build DaddyBoard (HeliBoard fork)	2026-09-30T15:43:45.1126458Z C/C++:       |       ^
build	Build DaddyBoard (HeliBoard fork)	2026-09-30T15:43:45.1152628Z C/C++: /usr/local/lib/android/sdk/ndk/28.0.13004108/toolchains/llvm/prebuilt/linux-x86_64/sysroot/usr/include/c++/v1/vector:1213:3: note: in instantiation of function template specialization 'std::vector<latinime::NgramProperty>::__init_with_size<latinime::NgramProperty *, latinime::NgramProperty *>' requested here
build	Build DaddyBoard (HeliBoard fork)	2026-09-30T15:43:45.1174150Z C/C++:  1213 |   __init_with_size(__x.__begin_, __x.__end_, __x.size());
build	Build DaddyBoard (HeliBoard fork)	2026-09-30T15:43:45.1191307Z C/C++:       |   ^
build	Build DaddyBoard (HeliBoard fork)	2026-09-30T15:43:45.1242287Z C/C++: /home/runner/work/daddyboard/daddyboard/daddyboard-main/app/src/main/jni/src/dictionary/property/word_property.h:39:15: note: in instantiation of member function 'std::vector<latinime::NgramProperty>::vector' requested here
build	Build DaddyBoard (HeliBoard fork)	2026-09-30T15:43:45.1271424Z C/C++:    39 |               mNgrams(ngrams) {}
build	Build DaddyBoard (HeliBoard fork)	2026-09-30T15:43:45.1301366Z C/C++:       |               ^
build	Build DaddyBoard (HeliBoard fork)	2026-09-30T15:43:45.1880410Z C/C++: 4 warnings generated.
build	Build DaddyBoard (HeliBoard fork)	2026-09-30T15:43:45.8871219Z C/C++: In file included from /home/runner/work/daddyboard/daddyboard/daddyboard-main/app/src/main/jni/src/suggest/core/dicnode/dic_nodes_cache.cpp:20:
build	Build DaddyBoard (HeliBoard fork)	2026-09-30T15:43:45.8912443Z C/C++: In file included from /home/runner/work/daddyboard/daddyboard/daddyboard-main/app/src/main/jni/src/suggest/core/dicnode/dic_node_priority_queue.h:25:
build	Build DaddyBoard (HeliBoard fork)	2026-09-30T15:43:45.8914669Z C/C++: In file included from /home/runner/work/daddyboard/daddyboard/daddyboard-main/app/src/main/jni/src/suggest/core/dicnode/dic_node.h:22:
build	Build DaddyBoard (HeliBoard fork)	2026-09-30T15:43:45.8942119Z C/C++: In file included from /home/runner/work/daddyboard/daddyboard/daddyboard-main/app/src/main/jni/src/suggest/core/dicnode/dic_node_utils.h:21:
build	Build DaddyBoard (HeliBoard fork)	2026-09-30T15:43:45.8972629Z C/C++: /home/runner/work/daddyboard/daddyboard/daddyboard-main/app/src/main/jni/src/utils/int_array_view.h:160:5: warning: definition of implicit copy constructor for 'IntArrayView' is deprecated because it has a user-declared copy assignment operator [-Wdeprecated-copy]
build	Build DaddyBoard (HeliBoard fork)	2026-09-30T15:43:45.8981507Z C/C++:   160 |     DISALLOW_ASSIGNMENT_OPERATOR(IntArrayView);
build	Build DaddyBoard (HeliBoard fork)	2026-09-30T15:43:45.9001545Z C/C++:       |     ^
build	Build DaddyBoard (HeliBoard fork)	2026-09-30T15:43:45.9032134Z C/C++: /home/runner/work/daddyboard/daddyboard/daddyboard-main/app/src/main/jni/src/defines.h:289:8: note: expanded from macro 'DISALLOW_ASSIGNMENT_OPERATOR'
build	Build DaddyBoard (HeliBoard fork)	2026-09-30T15:43:45.9061631Z C/C++:   289 |   void operator=(const TypeName&) = delete
build	Build DaddyBoard (HeliBoard fork)	2026-09-30T15:43:45.9091432Z C/C++:       |        ^
build	Build DaddyBoard (HeliBoard fork)	2026-09-30T15:43:45.9092522Z C/C++: /home/runner/work/daddyboard/daddyboard/daddyboard-main/app/src/main/jni/src/suggest/core/dicnode/dic_node.h:110:53: note: in implicit copy constructor for 'latinime::IntArrayView' first required here
build	Build DaddyBoard (HeliBoard fork)	2026-09-30T15:43:45.9121928Z C/C++:   110 |         mDicNodeProperties.init(rootPtNodeArrayPos, prevWordIds);
build	Build DaddyBoard (HeliBoard fork)	2026-09-30T15:43:45.9140290Z C/C++:       |                                                     ^
build	Build DaddyBoard (HeliBoard fork)	2026-09-30T15:43:46.0881977Z C/C++: 1 warning generated.
build	Build DaddyBoard (HeliBoard fork)	2026-09-30T15:43:46.4870202Z 
build	Build DaddyBoard (HeliBoard fork)	2026-09-30T15:43:46.4881700Z > Task :app:compileDebugKotlin
build	Build DaddyBoard (HeliBoard fork)	2026-09-30T15:43:53.2876475Z e: file:///home/runner/work/daddyboard/daddyboard/daddyboard-main/app/src/main/java/helium314/keyboard/latin/gif/GifAdapter.kt:119:72 Unresolved reference 'R'.
build	Build DaddyBoard (HeliBoard fork)	2026-09-30T15:43:53.2932120Z e: file:///home/runner/work/daddyboard/daddyboard/daddyboard-main/app/src/main/java/helium314/keyboard/latin/gif/GifAdapter.kt:136:72 Unresolved reference 'R'.
build	Build DaddyBoard (HeliBoard fork)	2026-09-30T15:43:53.2992210Z e: file:///home/runner/work/daddyboard/daddyboard/daddyboard-main/app/src/main/java/helium314/keyboard/latin/gif/GifAdapter.kt:137:41 Unresolved reference 'layoutParams'.
build	Build DaddyBoard (HeliBoard fork)	2026-09-30T15:43:53.3044493Z e: file:///home/runner/work/daddyboard/daddyboard/daddyboard-main/app/src/main/java/helium314/keyboard/latin/gif/GifAdapter.kt:160:79 Unresolved reference 'R'.
build	Build DaddyBoard (HeliBoard fork)	2026-09-30T15:43:53.3072635Z e: file:///home/runner/work/daddyboard/daddyboard/daddyboard-main/app/src/main/java/helium314/keyboard/latin/gif/GifAdapter.kt:161:65 Unresolved reference 'R'.
build	Build DaddyBoard (HeliBoard fork)	2026-09-30T15:43:53.3132983Z e: file:///home/runner/work/daddyboard/daddyboard/daddyboard-main/app/src/main/java/helium314/keyboard/latin/gif/GifAdapter.kt:162:67 Unresolved reference 'R'.
build	Build DaddyBoard (HeliBoard fork)	2026-09-30T15:43:53.3172041Z e: file:///home/runner/work/daddyboard/daddyboard/daddyboard-main/app/src/main/java/helium314/keyboard/latin/gif/GifHistoryAdapter.kt:46:22 Unresolved reference 'R'.
build	Build DaddyBoard (HeliBoard fork)	2026-09-30T15:43:53.3191982Z e: file:///home/runner/work/daddyboard/daddyboard/daddyboard-main/app/src/main/java/helium314/keyboard/latin/gif/GifHistoryAdapter.kt:57:73 Unresolved reference 'R'.
build	Build DaddyBoard (HeliBoard fork)	2026-09-30T15:43:53.3221930Z e: file:///home/runner/work/daddyboard/daddyboard/daddyboard-main/app/src/main/java/helium314/keyboard/latin/gif/GifHistoryAdapter.kt:58:71 Unresolved reference 'R'.
build	Build DaddyBoard (HeliBoard fork)	2026-09-30T15:43:53.3223640Z e: file:///home/runner/work/daddyboard/daddyboard/daddyboard-main/app/src/main/java/helium314/keyboard/latin/gif/GifSearcher.kt:35:60 Argument type mismatch: actual type is 'Float', but 'Int' was expected.
build	Build DaddyBoard (HeliBoard fork)	2026-09-30T15:43:53.3225402Z e: file:///home/runner/work/daddyboard/daddyboard/daddyboard-main/app/src/main/java/helium314/keyboard/latin/gif/GifSearcher.kt:35:73 Argument type mismatch: actual type is 'String', but 'Int' was expected.
build	Build DaddyBoard (HeliBoard fork)	2026-09-30T15:43:53.3226929Z e: file:///home/runner/work/daddyboard/daddyboard/daddyboard-main/app/src/main/java/helium314/keyboard/latin/gif/SearchHistoryAdapter.kt:41:22 Unresolved reference 'R'.
build	Build DaddyBoard (HeliBoard fork)	2026-09-30T15:43:53.3228849Z e: file:///home/runner/work/daddyboard/daddyboard/daddyboard-main/app/src/main/java/helium314/keyboard/latin/gif/SearchHistoryAdapter.kt:53:65 Unresolved reference 'R'.
build	Build DaddyBoard (HeliBoard fork)	2026-09-30T15:43:53.3230375Z e: file:///home/runner/work/daddyboard/daddyboard/daddyboard-main/app/src/main/java/helium314/keyboard/latin/gif/SearchHistoryAdapter.kt:54:72 Unresolved reference 'R'.
build	Build DaddyBoard (HeliBoard fork)	2026-09-30T15:43:53.3869149Z 
build	Build DaddyBoard (HeliBoard fork)	2026-09-30T15:43:53.3869928Z > Task :app:compileDebugKotlin FAILED
build	Build DaddyBoard (HeliBoard fork)	2026-09-30T15:43:53.3870262Z 
build	Build DaddyBoard (HeliBoard fork)	2026-09-30T15:43:53.3870408Z > Task :app:buildNdkBuildDebug[arm64-v8a]
build	Build DaddyBoard (HeliBoard fork)	2026-09-30T15:43:53.3871379Z C/C++: In file included from /home/runner/work/daddyboard/daddyboard/daddyboard-main/app/src/main/jni/src/suggest/core/dictionary/dictionary.cpp:19:
build	Build DaddyBoard (HeliBoard fork)	2026-09-30T15:43:53.3872641Z C/C++: In file included from /home/runner/work/daddyboard/daddyboard/daddyboard-main/app/src/main/jni/src/suggest/core/dictionary/dictionary.h:25:
build	Build DaddyBoard (HeliBoard fork)	2026-09-30T15:43:53.3873996Z C/C++: In file included from /home/runner/work/daddyboard/daddyboard/daddyboard-main/app/src/main/jni/src/dictionary/interface/dictionary_structure_with_buffer_policy.h:23:
build	Build DaddyBoard (HeliBoard fork)	2026-09-30T15:43:53.3875917Z C/C++: /home/runner/work/daddyboard/daddyboard/daddyboard-main/app/src/main/jni/src/dictionary/property/historical_info.h:52:5: warning: definition of implicit copy constructor for 'HistoricalInfo' is deprecated because it has a user-declared copy assignment operator [-Wdeprecated-copy]
build	Build DaddyBoard (HeliBoard fork)	2026-09-30T15:43:53.3877382Z C/C++:    52 |     DISALLOW_ASSIGNMENT_OPERATOR(HistoricalInfo);
build	Build DaddyBoard (HeliBoard fork)	2026-09-30T15:43:53.3877769Z C/C++:       |     ^
build	Build DaddyBoard (HeliBoard fork)	2026-09-30T15:43:53.3878502Z C/C++: /home/runner/work/daddyboard/daddyboard/daddyboard-main/app/src/main/jni/src/defines.h:289:8: note: expanded from macro 'DISALLOW_ASSIGNMENT_OPERATOR'
build	Build DaddyBoard (HeliBoard fork)	2026-09-30T15:43:53.3879352Z C/C++:   289 |   void operator=(const TypeName&) = delete
build	Build DaddyBoard (HeliBoard fork)	2026-09-30T15:43:53.3879711Z C/C++:       |        ^
build	Build DaddyBoard (HeliBoard fork)	2026-09-30T15:43:53.3880728Z C/C++: /home/runner/work/daddyboard/daddyboard/daddyboard-main/app/src/main/jni/src/dictionary/property/ngram_property.h:33:42: note: in implicit copy constructor for 'latinime::HistoricalInfo' first required here
build	Build DaddyBoard (HeliBoard fork)	2026-09-30T15:43:53.3882060Z C/C++:    33 |               mProbability(probability), mHistoricalInfo(historicalInfo) {}
build	Build DaddyBoard (HeliBoard fork)	2026-09-30T15:43:53.3882900Z C/C++:       |                                          ^
build	Build DaddyBoard (HeliBoard fork)	2026-09-30T15:43:53.3883691Z C/C++: In file included from /home/runner/work/daddyboard/daddyboard/daddyboard-main/app/src/main/jni/src/suggest/core/dictionary/dictionary.cpp:19:
build	Build DaddyBoard (HeliBoard fork)	2026-09-30T15:43:53.3884928Z C/C++: In file included from /home/runner/work/daddyboard/daddyboard/daddyboard-main/app/src/main/jni/src/suggest/core/dictionary/dictionary.h:25:
build	Build DaddyBoard (HeliBoard fork)	2026-09-30T15:43:53.3886249Z C/C++: In file included from /home/runner/work/daddyboard/daddyboard/daddyboard-main/app/src/main/jni/src/dictionary/interface/dictionary_structure_with_buffer_policy.h:25:
build	Build DaddyBoard (HeliBoard fork)	2026-09-30T15:43:53.3887563Z C/C++: In file included from /home/runner/work/daddyboard/daddyboard/daddyboard-main/app/src/main/jni/src/dictionary/property/word_property.h:24:
build	Build DaddyBoard (HeliBoard fork)	2026-09-30T15:43:53.3889384Z C/C++: /home/runner/work/daddyboard/daddyboard/daddyboard-main/app/src/main/jni/src/dictionary/property/unigram_property.h:126:5: warning: definition of implicit copy constructor for 'UnigramProperty' is deprecated because it has a user-declared copy assignment operator [-Wdeprecated-copy]
build	Build DaddyBoard (HeliBoard fork)	2026-09-30T15:43:53.3890854Z C/C++:   126 |     DISALLOW_ASSIGNMENT_OPERATOR(UnigramProperty);
build	Build DaddyBoard (HeliBoard fork)	2026-09-30T15:43:53.3891388Z C/C++:       |     ^
build	Build DaddyBoard (HeliBoard fork)	2026-09-30T15:43:53.3892115Z C/C++: /home/runner/work/daddyboard/daddyboard/daddyboard-main/app/src/main/jni/src/defines.h:289:8: note: expanded from macro 'DISALLOW_ASSIGNMENT_OPERATOR'
build	Build DaddyBoard (HeliBoard fork)	2026-09-30T15:43:53.3892917Z C/C++:   289 |   void operator=(const TypeName&) = delete
build	Build DaddyBoard (HeliBoard fork)	2026-09-30T15:43:53.3893267Z C/C++:       |        ^
build	Build DaddyBoard (HeliBoard fork)	2026-09-30T15:43:53.3894248Z C/C++: /home/runner/work/daddyboard/daddyboard/daddyboard-main/app/src/main/jni/src/dictionary/property/word_property.h:38:51: note: in implicit copy constructor for 'latinime::UnigramProperty' first required here
build	Build DaddyBoard (HeliBoard fork)	2026-09-30T15:43:53.3895642Z C/C++:    38 |             : mCodePoints(std::move(codePoints)), mUnigramProperty(unigramProperty),
build	Build DaddyBoard (HeliBoard fork)	2026-09-30T15:43:53.3896171Z C/C++:       |                                                   ^
build	Build DaddyBoard (HeliBoard fork)	2026-09-30T15:43:53.3896920Z C/C++: In file included from /home/runner/work/daddyboard/daddyboard/daddyboard-main/app/src/main/jni/src/suggest/core/dictionary/dictionary.cpp:26:
build	Build DaddyBoard (HeliBoard fork)	2026-09-30T15:43:53.3897692Z C/C++: In file included from /home/runner/work/daddyboard/daddyboard/daddyboard-main/app/src/main/jni/src/suggest/core/session/dic_traverse_session.h:23:
build	Build DaddyBoard (HeliBoard fork)	2026-09-30T15:43:53.3898467Z C/C++: In file included from /home/runner/work/daddyboard/daddyboard/daddyboard-main/app/src/main/jni/src/dictionary/utils/multi_bigram_map.h:27:
build	Build DaddyBoard (HeliBoard fork)	2026-09-30T15:43:53.3899525Z C/C++: /home/runner/work/daddyboard/daddyboard/daddyboard-main/app/src/main/jni/src/dictionary/utils/bloom_filter.h:47:5: warning: definition of implicit copy constructor for 'BloomFilter' is deprecated because it has a user-declared copy assignment operator [-Wdeprecated-copy]
build	Build DaddyBoard (HeliBoard fork)	2026-09-30T15:43:53.3900403Z C/C++:    47 |     DISALLOW_ASSIGNMENT_OPERATOR(BloomFilter);
build	Build DaddyBoard (HeliBoard fork)	2026-09-30T15:43:53.3900647Z C/C++:       |     ^
build	Build DaddyBoard (HeliBoard fork)	2026-09-30T15:43:53.3901322Z C/C++: /home/runner/work/daddyboard/daddyboard/daddyboard-main/app/src/main/jni/src/defines.h:289:8: note: expanded from macro 'DISALLOW_ASSIGNMENT_OPERATOR'
build	Build DaddyBoard (HeliBoard fork)	2026-09-30T15:43:53.3901885Z C/C++:   289 |   void operator=(const TypeName&) = delete
build	Build DaddyBoard (HeliBoard fork)	2026-09-30T15:43:53.3902131Z C/C++:       |        ^
build	Build DaddyBoard (HeliBoard fork)	2026-09-30T15:43:53.3902736Z C/C++: /home/runner/work/daddyboard/daddyboard/daddyboard-main/app/src/main/jni/src/dictionary/utils/multi_bigram_map.h:57:53: note: in implicit copy constructor for 'latinime::BloomFilter' first required here
build	Build DaddyBoard (HeliBoard fork)	2026-09-30T15:43:53.3903491Z C/C++:    57 |                 : mBigramMap(bigramMap.mBigramMap), mBloomFilter(bigramMap.mBloomFilter) {}
build	Build DaddyBoard (HeliBoard fork)	2026-09-30T15:43:53.3903857Z C/C++:       |                                                     ^
build	Build DaddyBoard (HeliBoard fork)	2026-09-30T15:43:53.3904365Z C/C++: In file included from /home/runner/work/daddyboard/daddyboard/daddyboard-main/app/src/main/jni/src/suggest/core/dictionary/dictionary.cpp:19:
build	Build DaddyBoard (HeliBoard fork)	2026-09-30T15:43:53.3905111Z C/C++: In file included from /home/runner/work/daddyboard/daddyboard/daddyboard-main/app/src/main/jni/src/suggest/core/dictionary/dictionary.h:25:
build	Build DaddyBoard (HeliBoard fork)	2026-09-30T15:43:53.3906030Z C/C++: In file included from /home/runner/work/daddyboard/daddyboard/daddyboard-main/app/src/main/jni/src/dictionary/interface/dictionary_structure_with_buffer_policy.h:25:
build	Build DaddyBoard (HeliBoard fork)	2026-09-30T15:43:53.3906821Z C/C++: In file included from /home/runner/work/daddyboard/daddyboard/daddyboard-main/app/src/main/jni/src/dictionary/property/word_property.h:23:
build	Build DaddyBoard (HeliBoard fork)	2026-09-30T15:43:53.3907532Z C/C++: In file included from /home/runner/work/daddyboard/daddyboard/daddyboard-main/app/src/main/jni/src/dictionary/property/ngram_property.h:24:
build	Build DaddyBoard (HeliBoard fork)	2026-09-30T15:43:53.3908285Z C/C++: In file included from /home/runner/work/daddyboard/daddyboard/daddyboard-main/app/src/main/jni/src/dictionary/property/ngram_context.h:23:
build	Build DaddyBoard (HeliBoard fork)	2026-09-30T15:43:53.3909329Z C/C++: /home/runner/work/daddyboard/daddyboard/daddyboard-main/app/src/main/jni/src/utils/int_array_view.h:160:5: warning: definition of implicit copy constructor for 'IntArrayView' is deprecated because it has a user-declared copy assignment operator [-Wdeprecated-copy]
build	Build DaddyBoard (HeliBoard fork)	2026-09-30T15:43:53.3910135Z C/C++:   160 |     DISALLOW_ASSIGNMENT_OPERATOR(IntArrayView);
build	Build DaddyBoard (HeliBoard fork)	2026-09-30T15:43:53.3910378Z C/C++:       |     ^
build	Build DaddyBoard (HeliBoard fork)	2026-09-30T15:43:53.3910832Z C/C++: /home/runner/work/daddyboard/daddyboard/daddyboard-main/app/src/main/jni/src/defines.h:289:8: note: expanded from macro 'DISALLOW_ASSIGNMENT_OPERATOR'
build	Build DaddyBoard (HeliBoard fork)	2026-09-30T15:43:53.3911520Z C/C++:   289 |   void operator=(const TypeName&) = delete
build	Build DaddyBoard (HeliBoard fork)	2026-09-30T15:43:53.3911750Z C/C++:       |        ^
build	Build DaddyBoard (HeliBoard fork)	2026-09-30T15:43:53.3912334Z C/C++: /home/runner/work/daddyboard/daddyboard/daddyboard-main/app/src/main/jni/src/suggest/core/dicnode/dic_node.h:110:53: note: in implicit copy constructor for 'latinime::IntArrayView' first required here
build	Build DaddyBoard (HeliBoard fork)	2026-09-30T15:43:53.3913140Z C/C++:   110 |         mDicNodeProperties.init(rootPtNodeArrayPos, prevWordIds);
build	Build DaddyBoard (HeliBoard fork)	2026-09-30T15:43:53.3913453Z C/C++:       |                                                     ^
build	Build DaddyBoard (HeliBoard fork)	2026-09-30T15:43:53.3913950Z C/C++: In file included from /home/runner/work/daddyboard/daddyboard/daddyboard-main/app/src/main/jni/src/suggest/core/dictionary/dictionary.cpp:30:
build	Build DaddyBoard (HeliBoard fork)	2026-09-30T15:43:53.3914742Z C/C++: In file included from /home/runner/work/daddyboard/daddyboard/daddyboard-main/app/src/main/jni/src/suggest/policyimpl/typing/typing_suggest_policy_factory.h:21:
build	Build DaddyBoard (HeliBoard fork)	2026-09-30T15:43:53.3915552Z C/C++: In file included from /home/runner/work/daddyboard/daddyboard/daddyboard-main/app/src/main/jni/src/suggest/policyimpl/typing/typing_suggest_policy.h:23:
build	Build DaddyBoard (HeliBoard fork)	2026-09-30T15:43:53.3916370Z C/C++: In file included from /home/runner/work/daddyboard/daddyboard/daddyboard-main/app/src/main/jni/src/suggest/policyimpl/typing/typing_traversal.h:26:
build	Build DaddyBoard (HeliBoard fork)	2026-09-30T15:43:53.3917300Z C/C++: /home/runner/work/daddyboard/daddyboard/daddyboard-main/app/src/main/jni/src/suggest/core/layout/proximity_info_utils.h:75:25: warning: variable 'proximityChar' set but not used [-Wunused-but-set-variable]
build	Build DaddyBoard (HeliBoard fork)	2026-09-30T15:43:53.3917957Z C/C++:    75 |                     int proximityChar =
build	Build DaddyBoard (HeliBoard fork)	2026-09-30T15:43:53.3918184Z C/C++:       |                         ^
build	Build DaddyBoard (HeliBoard fork)	2026-09-30T15:43:53.3918645Z C/C++: In file included from /home/runner/work/daddyboard/daddyboard/daddyboard-main/app/src/main/jni/src/suggest/core/dictionary/dictionary.cpp:19:
build	Build DaddyBoard (HeliBoard fork)	2026-09-30T15:43:53.3919363Z C/C++: In file included from /home/runner/work/daddyboard/daddyboard/daddyboard-main/app/src/main/jni/src/suggest/core/dictionary/dictionary.h:25:
build	Build DaddyBoard (HeliBoard fork)	2026-09-30T15:43:53.3920167Z C/C++: In file included from /home/runner/work/daddyboard/daddyboard/daddyboard-main/app/src/main/jni/src/dictionary/interface/dictionary_structure_with_buffer_policy.h:25:
build	Build DaddyBoard (HeliBoard fork)	2026-09-30T15:43:53.3921151Z C/C++: In file included from /home/runner/work/daddyboard/daddyboard/daddyboard-main/app/src/main/jni/src/dictionary/property/word_property.h:23:
build	Build DaddyBoard (HeliBoard fork)	2026-09-30T15:43:53.3922237Z C/C++: /home/runner/work/daddyboard/daddyboard/daddyboard-main/app/src/main/jni/src/dictionary/property/ngram_property.h:54:5: warning: definition of implicit copy constructor for 'NgramProperty' is deprecated because it has a user-declared copy assignment operator [-Wdeprecated-copy]
build	Build DaddyBoard (HeliBoard fork)	2026-09-30T15:43:53.3923213Z C/C++:    54 |     DISALLOW_ASSIGNMENT_OPERATOR(NgramProperty);
build	Build DaddyBoard (HeliBoard fork)	2026-09-30T15:43:53.3923457Z C/C++:       |     ^
build	Build DaddyBoard (HeliBoard fork)	2026-09-30T15:43:53.3923911Z C/C++: /home/runner/work/daddyboard/daddyboard/daddyboard-main/app/src/main/jni/src/defines.h:289:8: note: expanded from macro 'DISALLOW_ASSIGNMENT_OPERATOR'
build	Build DaddyBoard (HeliBoard fork)	2026-09-30T15:43:53.3924434Z C/C++:   289 |   void operator=(const TypeName&) = delete
build	Build DaddyBoard (HeliBoard fork)	2026-09-30T15:43:53.3924664Z C/C++:       |        ^
build	Build DaddyBoard (HeliBoard fork)	2026-09-30T15:43:53.3925298Z C/C++: /usr/local/lib/android/sdk/ndk/28.0.13004108/toolchains/llvm/prebuilt/linux-x86_64/sysroot/usr/include/c++/v1/__memory/allocator.h:173:24: note: in implicit copy constructor for 'latinime::NgramProperty' first required here
build	Build DaddyBoard (HeliBoard fork)	2026-09-30T15:43:53.3926004Z C/C++:   173 |     ::new ((void*)__p) _Up(std::forward<_Args>(__args)...);
build	Build DaddyBoard (HeliBoard fork)	2026-09-30T15:43:53.3926273Z C/C++:       |                        ^
build	Build DaddyBoard (HeliBoard fork)	2026-09-30T15:43:53.3927173Z C/C++: /usr/local/lib/android/sdk/ndk/28.0.13004108/toolchains/llvm/prebuilt/linux-x86_64/sysroot/usr/include/c++/v1/__memory/allocator_traits.h:320:9: note: in instantiation of function template specialization 'std::allocator<latinime::NgramProperty>::construct<latinime::NgramProperty, latinime::NgramProperty &>' requested here
build	Build DaddyBoard (HeliBoard fork)	2026-09-30T15:43:53.3928121Z C/C++:   320 |     __a.construct(__p, std::forward<_Args>(__args)...);
build	Build DaddyBoard (HeliBoard fork)	2026-09-30T15:43:53.3928374Z C/C++:       |         ^
build	Build DaddyBoard (HeliBoard fork)	2026-09-30T15:43:53.3929331Z C/C++: /usr/local/lib/android/sdk/ndk/28.0.13004108/toolchains/llvm/prebuilt/linux-x86_64/sysroot/usr/include/c++/v1/__memory/uninitialized_algorithms.h:551:31: note: in instantiation of function template specialization 'std::allocator_traits<std::allocator<latinime::NgramProperty>>::construct<latinime::NgramProperty, latinime::NgramProperty &, 0>' requested here
build	Build DaddyBoard (HeliBoard fork)	2026-09-30T15:43:53.3930554Z C/C++:   551 |     allocator_traits<_Alloc>::construct(__alloc, std::__to_address(__first2), *__first1);
build	Build DaddyBoard (HeliBoard fork)	2026-09-30T15:43:53.3931052Z C/C++:       |                               ^
build	Build DaddyBoard (HeliBoard fork)	2026-09-30T15:43:53.3932164Z C/C++: /usr/local/lib/android/sdk/ndk/28.0.13004108/toolchains/llvm/prebuilt/linux-x86_64/sysroot/usr/include/c++/v1/__memory/uninitialized_algorithms.h:594:33: note: in instantiation of function template specialization 'std::__uninitialized_allocator_copy_impl<std::allocator<latinime::NgramProperty>, latinime::NgramProperty *, latinime::NgramProperty *, latinime::NgramProperty *>' requested here
build	Build DaddyBoard (HeliBoard fork)	2026-09-30T15:43:53.3933306Z C/C++:   594 |   auto __result          = std::__uninitialized_allocator_copy_impl(
build	Build DaddyBoard (HeliBoard fork)	2026-09-30T15:43:53.3933601Z C/C++:       |                                 ^
build	Build DaddyBoard (HeliBoard fork)	2026-09-30T15:43:53.3934597Z C/C++: /usr/local/lib/android/sdk/ndk/28.0.13004108/toolchains/llvm/prebuilt/linux-x86_64/sysroot/usr/include/c++/v1/vector:1100:22: note: in instantiation of function template specialization 'std::__uninitialized_allocator_copy<std::allocator<latinime::NgramProperty>, latinime::NgramProperty *, latinime::NgramProperty *, latinime::NgramProperty *>' requested here
build	Build DaddyBoard (HeliBoard fork)	2026-09-30T15:43:53.3935723Z C/C++:  1100 |   __tx.__pos_ = std::__uninitialized_allocator_copy(__alloc(), __first, __last, __tx.__pos_);
build	Build DaddyBoard (HeliBoard fork)	2026-09-30T15:43:53.3936082Z C/C++:       |                      ^
build	Build DaddyBoard (HeliBoard fork)	2026-09-30T15:43:53.3936943Z C/C++: /usr/local/lib/android/sdk/ndk/28.0.13004108/toolchains/llvm/prebuilt/linux-x86_64/sysroot/usr/include/c++/v1/vector:761:7: note: in instantiation of function template specialization 'std::vector<latinime::NgramProperty>::__construct_at_end<latinime::NgramProperty *, latinime::NgramProperty *>' requested here
build	Build DaddyBoard (HeliBoard fork)	2026-09-30T15:43:53.3937834Z C/C++:   761 |       __construct_at_end(__first, __last, __n);
build	Build DaddyBoard (HeliBoard fork)	2026-09-30T15:43:53.3938069Z C/C++:       |       ^
build	Build DaddyBoard (HeliBoard fork)	2026-09-30T15:43:53.3938889Z C/C++: /usr/local/lib/android/sdk/ndk/28.0.13004108/toolchains/llvm/prebuilt/linux-x86_64/sysroot/usr/include/c++/v1/vector:1213:3: note: in instantiation of function template specialization 'std::vector<latinime::NgramProperty>::__init_with_size<latinime::NgramProperty *, latinime::NgramProperty *>' requested here
build	Build DaddyBoard (HeliBoard fork)	2026-09-30T15:43:53.3939908Z C/C++:  1213 |   __init_with_size(__x.__begin_, __x.__end_, __x.size());
build	Build DaddyBoard (HeliBoard fork)	2026-09-30T15:43:53.3940165Z C/C++:       |   ^
build	Build DaddyBoard (HeliBoard fork)	2026-09-30T15:43:53.3940810Z C/C++: /home/runner/work/daddyboard/daddyboard/daddyboard-main/app/src/main/jni/src/dictionary/property/word_property.h:39:15: note: in instantiation of member function 'std::vector<latinime::NgramProperty>::vector' requested here
build	Build DaddyBoard (HeliBoard fork)	2026-09-30T15:43:53.3941614Z C/C++:    39 |               mNgrams(ngrams) {}
build	Build DaddyBoard (HeliBoard fork)	2026-09-30T15:43:53.3941828Z C/C++:       |               ^
build	Build DaddyBoard (HeliBoard fork)	2026-09-30T15:43:53.3942015Z C/C++: 6 warnings generated.
build	Build DaddyBoard (HeliBoard fork)	2026-09-30T15:43:53.3942489Z C/C++: In file included from /home/runner/work/daddyboard/daddyboard/daddyboard-main/app/src/main/jni/src/suggest/core/dictionary/dictionary_utils.cpp:19:
build	Build DaddyBoard (HeliBoard fork)	2026-09-30T15:43:53.3943310Z C/C++: In file included from /home/runner/work/daddyboard/daddyboard/daddyboard-main/app/src/main/jni/src/dictionary/interface/dictionary_structure_with_buffer_policy.h:23:
build	Build DaddyBoard (HeliBoard fork)	2026-09-30T15:43:53.3944481Z C/C++: /home/runner/work/daddyboard/daddyboard/daddyboard-main/app/src/main/jni/src/dictionary/property/historical_info.h:52:5: warning: definition of implicit copy constructor for 'HistoricalInfo' is deprecated because it has a user-declared copy assignment operator [-Wdeprecated-copy]
build	Build DaddyBoard (HeliBoard fork)	2026-09-30T15:43:53.3945337Z C/C++:    52 |     DISALLOW_ASSIGNMENT_OPERATOR(HistoricalInfo);
build	Build DaddyBoard (HeliBoard fork)	2026-09-30T15:43:53.3945576Z C/C++:       |     ^
build	Build DaddyBoard (HeliBoard fork)	2026-09-30T15:43:53.3946026Z C/C++: /home/runner/work/daddyboard/daddyboard/daddyboard-main/app/src/main/jni/src/defines.h:289:8: note: expanded from macro 'DISALLOW_ASSIGNMENT_OPERATOR'
build	Build DaddyBoard (HeliBoard fork)	2026-09-30T15:43:53.3946683Z C/C++:   289 |   void operator=(const TypeName&) = delete
build	Build DaddyBoard (HeliBoard fork)	2026-09-30T15:43:53.3946915Z C/C++:       |        ^
build	Build DaddyBoard (HeliBoard fork)	2026-09-30T15:43:53.3947518Z C/C++: /home/runner/work/daddyboard/daddyboard/daddyboard-main/app/src/main/jni/src/dictionary/property/ngram_property.h:33:42: note: in implicit copy constructor for 'latinime::HistoricalInfo' first required here
build	Build DaddyBoard (HeliBoard fork)	2026-09-30T15:43:53.3948240Z C/C++:    33 |               mProbability(probability), mHistoricalInfo(historicalInfo) {}
build	Build DaddyBoard (HeliBoard fork)	2026-09-30T15:43:53.3948552Z C/C++:       |                                          ^
build	Build DaddyBoard (HeliBoard fork)	2026-09-30T15:43:53.3949051Z C/C++: In file included from /home/runner/work/daddyboard/daddyboard/daddyboard-main/app/src/main/jni/src/suggest/core/dictionary/dictionary_utils.cpp:19:
build	Build DaddyBoard (HeliBoard fork)	2026-09-30T15:43:53.3949857Z C/C++: In file included from /home/runner/work/daddyboard/daddyboard/daddyboard-main/app/src/main/jni/src/dictionary/interface/dictionary_structure_with_buffer_policy.h:25:
build	Build DaddyBoard (HeliBoard fork)	2026-09-30T15:43:53.3950643Z C/C++: In file included from /home/runner/work/daddyboard/daddyboard/daddyboard-main/app/src/main/jni/src/dictionary/property/word_property.h:24:
build	Build DaddyBoard (HeliBoard fork)	2026-09-30T15:43:53.3951825Z C/C++: /home/runner/work/daddyboard/daddyboard/daddyboard-main/app/src/main/jni/src/dictionary/property/unigram_property.h:126:5: warning: definition of implicit copy constructor for 'UnigramProperty' is deprecated because it has a user-declared copy assignment operator [-Wdeprecated-copy]
build	Build DaddyBoard (HeliBoard fork)	2026-09-30T15:43:53.3952711Z C/C++:   126 |     DISALLOW_ASSIGNMENT_OPERATOR(UnigramProperty);
build	Build DaddyBoard (HeliBoard fork)	2026-09-30T15:43:53.3952961Z C/C++:       |     ^
build	Build DaddyBoard (HeliBoard fork)	2026-09-30T15:43:53.3953408Z C/C++: /home/runner/work/daddyboard/daddyboard/daddyboard-main/app/src/main/jni/src/defines.h:289:8: note: expanded from macro 'DISALLOW_ASSIGNMENT_OPERATOR'
build	Build DaddyBoard (HeliBoard fork)	2026-09-30T15:43:53.3953914Z C/C++:   289 |   void operator=(const TypeName&) = delete
build	Build DaddyBoard (HeliBoard fork)	2026-09-30T15:43:53.3954135Z C/C++:       |        ^
build	Build DaddyBoard (HeliBoard fork)	2026-09-30T15:43:53.3954728Z C/C++: /home/runner/work/daddyboard/daddyboard/daddyboard-main/app/src/main/jni/src/dictionary/property/word_property.h:38:51: note: in implicit copy constructor for 'latinime::UnigramProperty' first required here
build	Build DaddyBoard (HeliBoard fork)	2026-09-30T15:43:53.3955473Z C/C++:    38 |             : mCodePoints(std::move(codePoints)), mUnigramProperty(unigramProperty),
build	Build DaddyBoard (HeliBoard fork)	2026-09-30T15:43:53.3955939Z C/C++:       |                                                   ^
build	Build DaddyBoard (HeliBoard fork)	2026-09-30T15:43:53.3956642Z C/C++: In file included from /home/runner/work/daddyboard/daddyboard/daddyboard-main/app/src/main/jni/src/suggest/core/dictionary/dictionary_utils.cpp:17:
build	Build DaddyBoard (HeliBoard fork)	2026-09-30T15:43:53.3957421Z C/C++: In file included from /home/runner/work/daddyboard/daddyboard/daddyboard-main/app/src/main/jni/src/suggest/core/dictionary/dictionary_utils.h:23:
build	Build DaddyBoard (HeliBoard fork)	2026-09-30T15:43:53.3958467Z C/C++: /home/runner/work/daddyboard/daddyboard/daddyboard-main/app/src/main/jni/src/utils/int_array_view.h:160:5: warning: definition of implicit copy constructor for 'IntArrayView' is deprecated because it has a user-declared copy assignment operator [-Wdeprecated-copy]
build	Build DaddyBoard (HeliBoard fork)	2026-09-30T15:43:53.3959281Z C/C++:   160 |     DISALLOW_ASSIGNMENT_OPERATOR(IntArrayView);
build	Build DaddyBoard (HeliBoard fork)	2026-09-30T15:43:53.3959523Z C/C++:       |     ^
build	Build DaddyBoard (HeliBoard fork)	2026-09-30T15:43:53.3959967Z C/C++: /home/runner/work/daddyboard/daddyboard/daddyboard-main/app/src/main/jni/src/defines.h:289:8: note: expanded from macro 'DISALLOW_ASSIGNMENT_OPERATOR'
build	Build DaddyBoard (HeliBoard fork)	2026-09-30T15:43:53.3960481Z C/C++:   289 |   void operator=(const TypeName&) = delete
build	Build DaddyBoard (HeliBoard fork)	2026-09-30T15:43:53.3960711Z C/C++:       |        ^
build	Build DaddyBoard (HeliBoard fork)	2026-09-30T15:43:53.3961377Z C/C++: /home/runner/work/daddyboard/daddyboard/daddyboard-main/app/src/main/jni/src/suggest/core/dicnode/dic_node.h:110:53: note: in implicit copy constructor for 'latinime::IntArrayView' first required here
build	Build DaddyBoard (HeliBoard fork)	2026-09-30T15:43:53.3962065Z C/C++:   110 |         mDicNodeProperties.init(rootPtNodeArrayPos, prevWordIds);
build	Build DaddyBoard (HeliBoard fork)	2026-09-30T15:43:53.3962376Z C/C++:       |                                                     ^
build	Build DaddyBoard (HeliBoard fork)	2026-09-30T15:43:53.3962880Z C/C++: In file included from /home/runner/work/daddyboard/daddyboard/daddyboard-main/app/src/main/jni/src/suggest/core/dictionary/dictionary_utils.cpp:19:
build	Build DaddyBoard (HeliBoard fork)	2026-09-30T15:43:53.3963816Z C/C++: In file included from /home/runner/work/daddyboard/daddyboard/daddyboard-main/app/src/main/jni/src/dictionary/interface/dictionary_structure_with_buffer_policy.h:25:
build	Build DaddyBoard (HeliBoard fork)	2026-09-30T15:43:53.3964602Z C/C++: In file included from /home/runner/work/daddyboard/daddyboard/daddyboard-main/app/src/main/jni/src/dictionary/property/word_property.h:23:
build	Build DaddyBoard (HeliBoard fork)	2026-09-30T15:43:53.3965662Z C/C++: /home/runner/work/daddyboard/daddyboard/daddyboard-main/app/src/main/jni/src/dictionary/property/ngram_property.h:54:5: warning: definition of implicit copy constructor for 'NgramProperty' is deprecated because it has a user-declared copy assignment operator [-Wdeprecated-copy]
build	Build DaddyBoard (HeliBoard fork)	2026-09-30T15:43:53.3966504Z C/C++:    54 |     DISALLOW_ASSIGNMENT_OPERATOR(NgramProperty);
build	Build DaddyBoard (HeliBoard fork)	2026-09-30T15:43:53.3966878Z C/C++:       |     ^
build	Build DaddyBoard (HeliBoard fork)	2026-09-30T15:43:53.3967355Z C/C++: /home/runner/work/daddyboard/daddyboard/daddyboard-main/app/src/main/jni/src/defines.h:289:8: note: expanded from macro 'DISALLOW_ASSIGNMENT_OPERATOR'
build	Build DaddyBoard (HeliBoard fork)	2026-09-30T15:43:53.3967871Z C/C++:   289 |   void operator=(const TypeName&) = delete
build	Build DaddyBoard (HeliBoard fork)	2026-09-30T15:43:53.3968098Z C/C++:       |        ^
build	Build DaddyBoard (HeliBoard fork)	2026-09-30T15:43:53.3968723Z C/C++: /usr/local/lib/android/sdk/ndk/28.0.13004108/toolchains/llvm/prebuilt/linux-x86_64/sysroot/usr/include/c++/v1/__memory/allocator.h:173:24: note: in implicit copy constructor for 'latinime::NgramProperty' first required here
build	Build DaddyBoard (HeliBoard fork)	2026-09-30T15:43:53.3969427Z C/C++:   173 |     ::new ((void*)__p) _Up(std::forward<_Args>(__args)...);
build	Build DaddyBoard (HeliBoard fork)	2026-09-30T15:43:53.3969684Z C/C++:       |                        ^
build	Build DaddyBoard (HeliBoard fork)	2026-09-30T15:43:53.3970587Z C/C++: /usr/local/lib/android/sdk/ndk/28.0.13004108/toolchains/llvm/prebuilt/linux-x86_64/sysroot/usr/include/c++/v1/__memory/allocator_traits.h:320:9: note: in instantiation of function template specialization 'std::allocator<latinime::NgramProperty>::construct<latinime::NgramProperty, latinime::NgramProperty &>' requested here
build	Build DaddyBoard (HeliBoard fork)	2026-09-30T15:43:53.3971641Z C/C++:   320 |     __a.construct(__p, std::forward<_Args>(__args)...);
build	Build DaddyBoard (HeliBoard fork)	2026-09-30T15:43:53.3971899Z C/C++:       |         ^
build	Build DaddyBoard (HeliBoard fork)	2026-09-30T15:43:53.3972858Z C/C++: /usr/local/lib/android/sdk/ndk/28.0.13004108/toolchains/llvm/prebuilt/linux-x86_64/sysroot/usr/include/c++/v1/__memory/uninitialized_algorithms.h:551:31: note: in instantiation of function template specialization 'std::allocator_traits<std::allocator<latinime::NgramProperty>>::construct<latinime::NgramProperty, latinime::NgramProperty &, 0>' requested here
build	Build DaddyBoard (HeliBoard fork)	2026-09-30T15:43:53.3974099Z C/C++:   551 |     allocator_traits<_Alloc>::construct(__alloc, std::__to_address(__first2), *__first1);
build	Build DaddyBoard (HeliBoard fork)	2026-09-30T15:43:53.3974436Z C/C++:       |                               ^
build	Build DaddyBoard (HeliBoard fork)	2026-09-30T15:43:53.3975507Z C/C++: /usr/local/lib/android/sdk/ndk/28.0.13004108/toolchains/llvm/prebuilt/linux-x86_64/sysroot/usr/include/c++/v1/__memory/uninitialized_algorithms.h:594:33: note: in instantiation of function template specialization 'std::__uninitialized_allocator_copy_impl<std::allocator<latinime::NgramProperty>, latinime::NgramProperty *, latinime::NgramProperty *, latinime::NgramProperty *>' requested here
build	Build DaddyBoard (HeliBoard fork)	2026-09-30T15:43:53.3976637Z C/C++:   594 |   auto __result          = std::__uninitialized_allocator_copy_impl(
build	Build DaddyBoard (HeliBoard fork)	2026-09-30T15:43:53.3976928Z C/C++:       |                                 ^
build	Build DaddyBoard (HeliBoard fork)	2026-09-30T15:43:53.3977913Z C/C++: /usr/local/lib/android/sdk/ndk/28.0.13004108/toolchains/llvm/prebuilt/linux-x86_64/sysroot/usr/include/c++/v1/vector:1100:22: note: in instantiation of function template specialization 'std::__uninitialized_allocator_copy<std::allocator<latinime::NgramProperty>, latinime::NgramProperty *, latinime::NgramProperty *, latinime::NgramProperty *>' requested here
build	Build DaddyBoard (HeliBoard fork)	2026-09-30T15:43:53.3979025Z C/C++:  1100 |   __tx.__pos_ = std::__uninitialized_allocator_copy(__alloc(), __first, __last, __tx.__pos_);
build	Build DaddyBoard (HeliBoard fork)	2026-09-30T15:43:53.3979364Z C/C++:       |                      ^
build	Build DaddyBoard (HeliBoard fork)	2026-09-30T15:43:53.3980207Z C/C++: /usr/local/lib/android/sdk/ndk/28.0.13004108/toolchains/llvm/prebuilt/linux-x86_64/sysroot/usr/include/c++/v1/vector:761:7: note: in instantiation of function template specialization 'std::vector<latinime::NgramProperty>::__construct_at_end<latinime::NgramProperty *, latinime::NgramProperty *>' requested here
build	Build DaddyBoard (HeliBoard fork)	2026-09-30T15:43:53.3981355Z C/C++:   761 |       __construct_at_end(__first, __last, __n);
build	Build DaddyBoard (HeliBoard fork)	2026-09-30T15:43:53.3981606Z C/C++:       |       ^
build	Build DaddyBoard (HeliBoard fork)	2026-09-30T15:43:53.3982420Z C/C++: /usr/local/lib/android/sdk/ndk/28.0.13004108/toolchains/llvm/prebuilt/linux-x86_64/sysroot/usr/include/c++/v1/vector:1213:3: note: in instantiation of function template specialization 'std::vector<latinime::NgramProperty>::__init_with_size<latinime::NgramProperty *, latinime::NgramProperty *>' requested here
build	Build DaddyBoard (HeliBoard fork)	2026-09-30T15:43:53.3983325Z C/C++:  1213 |   __init_with_size(__x.__begin_, __x.__end_, __x.size());
build	Build DaddyBoard (HeliBoard fork)	2026-09-30T15:43:53.3983575Z C/C++:       |   ^
build	Build DaddyBoard (HeliBoard fork)	2026-09-30T15:43:53.3984205Z C/C++: /home/runner/work/daddyboard/daddyboard/daddyboard-main/app/src/main/jni/src/dictionary/property/word_property.h:39:15: note: in instantiation of member function 'std::vector<latinime::NgramProperty>::vector' requested here
build	Build DaddyBoard (HeliBoard fork)	2026-09-30T15:43:53.3984887Z C/C++:    39 |               mNgrams(ngrams) {}
build	Build DaddyBoard (HeliBoard fork)	2026-09-30T15:43:53.3985098Z C/C++:       |               ^
build	Build DaddyBoard (HeliBoard fork)	2026-09-30T15:43:53.3985287Z C/C++: 4 warnings generated.
build	Build DaddyBoard (HeliBoard fork)	2026-09-30T15:43:53.3985740Z C/C++: In file included from /home/runner/work/daddyboard/daddyboard/daddyboard-main/app/src/main/jni/src/suggest/core/layout/proximity_info.cpp:19:
build	Build DaddyBoard (HeliBoard fork)	2026-09-30T15:43:53.3986500Z C/C++: In file included from /home/runner/work/daddyboard/daddyboard/daddyboard-main/app/src/main/jni/src/suggest/core/layout/proximity_info.h:25:
build	Build DaddyBoard (HeliBoard fork)	2026-09-30T15:43:53.3987401Z C/C++: /home/runner/work/daddyboard/daddyboard/daddyboard-main/app/src/main/jni/src/suggest/core/layout/proximity_info_utils.h:75:25: warning: variable 'proximityChar' set but not used [-Wunused-but-set-variable]
build	Build DaddyBoard (HeliBoard fork)	2026-09-30T15:43:53.3988050Z C/C++:    75 |                     int proximityChar =
build	Build DaddyBoard (HeliBoard fork)	2026-09-30T15:43:53.3988302Z C/C++:       |                         ^
build	Build DaddyBoard (HeliBoard fork)	2026-09-30T15:43:53.3988501Z C/C++: 1 warning generated.
build	Build DaddyBoard (HeliBoard fork)	2026-09-30T15:43:53.3988961Z C/C++: In file included from /home/runner/work/daddyboard/daddyboard/daddyboard-main/app/src/main/jni/src/suggest/core/layout/proximity_info_state.cpp:29:
build	Build DaddyBoard (HeliBoard fork)	2026-09-30T15:43:53.3989815Z C/C++: In file included from /home/runner/work/daddyboard/daddyboard/daddyboard-main/app/src/main/jni/src/suggest/core/layout/proximity_info.h:25:
build	Build DaddyBoard (HeliBoard fork)	2026-09-30T15:43:53.3990694Z C/C++: /home/runner/work/daddyboard/daddyboard/daddyboard-main/app/src/main/jni/src/suggest/core/layout/proximity_info_utils.h:75:25: warning: variable 'proximityChar' set but not used [-Wunused-but-set-variable]
build	Build DaddyBoard (HeliBoard fork)	2026-09-30T15:43:53.3991456Z C/C++:    75 |                     int proximityChar =
build	Build DaddyBoard (HeliBoard fork)	2026-09-30T15:43:53.3991681Z C/C++:       |                         ^
build	Build DaddyBoard (HeliBoard fork)	2026-09-30T15:43:53.3991881Z C/C++: 1 warning generated.
build	Build DaddyBoard (HeliBoard fork)	2026-09-30T15:43:53.3992368Z C/C++: In file included from /home/runner/work/daddyboard/daddyboard/daddyboard-main/app/src/main/jni/src/suggest/core/layout/proximity_info_state_utils.cpp:29:
build	Build DaddyBoard (HeliBoard fork)	2026-09-30T15:43:53.3993131Z C/C++: In file included from /home/runner/work/daddyboard/daddyboard/daddyboard-main/app/src/main/jni/src/suggest/core/layout/proximity_info.h:25:
build	Build DaddyBoard (HeliBoard fork)	2026-09-30T15:43:53.3994025Z C/C++: /home/runner/work/daddyboard/daddyboard/daddyboard-main/app/src/main/jni/src/suggest/core/layout/proximity_info_utils.h:75:25: warning: variable 'proximityChar' set but not used [-Wunused-but-set-variable]
build	Build DaddyBoard (HeliBoard fork)	2026-09-30T15:43:53.3994663Z C/C++:    75 |                     int proximityChar =
build	Build DaddyBoard (HeliBoard fork)	2026-09-30T15:43:53.3994880Z C/C++:       |                         ^
build	Build DaddyBoard (HeliBoard fork)	2026-09-30T15:43:53.3995501Z C/C++: /home/runner/work/daddyboard/daddyboard/daddyboard-main/app/src/main/jni/src/suggest/core/layout/proximity_info_state_utils.cpp:493:9: warning: variable 'tempTime' set but not used [-Wunused-but-set-variable]
build	Build DaddyBoard (HeliBoard fork)	2026-09-30T15:43:53.3996131Z C/C++:   493 |     int tempTime = 0;
build	Build DaddyBoard (HeliBoard fork)	2026-09-30T15:43:53.3996425Z C/C++:       |         ^
build	Build DaddyBoard (HeliBoard fork)	2026-09-30T15:43:53.3996597Z C/C++: 2 warnings generated.
build	Build DaddyBoard (HeliBoard fork)	2026-09-30T15:43:53.3997041Z C/C++: In file included from /home/runner/work/daddyboard/daddyboard/daddyboard-main/app/src/main/jni/src/suggest/core/policy/weighting.cpp:20:
build	Build DaddyBoard (HeliBoard fork)	2026-09-30T15:43:53.3997744Z C/C++: In file included from /home/runner/work/daddyboard/daddyboard/daddyboard-main/app/src/main/jni/src/suggest/core/dicnode/dic_node.h:22:
build	Build DaddyBoard (HeliBoard fork)	2026-09-30T15:43:53.3998443Z C/C++: In file included from /home/runner/work/daddyboard/daddyboard/daddyboard-main/app/src/main/jni/src/suggest/core/dicnode/dic_node_utils.h:21:
build	Build DaddyBoard (HeliBoard fork)	2026-09-30T15:43:53.3999462Z C/C++: /home/runner/work/daddyboard/daddyboard/daddyboard-main/app/src/main/jni/src/utils/int_array_view.h:160:5: warning: definition of implicit copy constructor for 'IntArrayView' is deprecated because it has a user-declared copy assignment operator [-Wdeprecated-copy]
build	Build DaddyBoard (HeliBoard fork)	2026-09-30T15:43:53.4000256Z C/C++:   160 |     DISALLOW_ASSIGNMENT_OPERATOR(IntArrayView);
build	Build DaddyBoard (HeliBoard fork)	2026-09-30T15:43:53.4000501Z C/C++:       |     ^
build	Build DaddyBoard (HeliBoard fork)	2026-09-30T15:43:53.4001034Z C/C++: /home/runner/work/daddyboard/daddyboard/daddyboard-main/app/src/main/jni/src/defines.h:289:8: note: expanded from macro 'DISALLOW_ASSIGNMENT_OPERATOR'
build	Build DaddyBoard (HeliBoard fork)	2026-09-30T15:43:53.4001548Z C/C++:   289 |   void operator=(const TypeName&) = delete
build	Build DaddyBoard (HeliBoard fork)	2026-09-30T15:43:53.4001801Z C/C++:       |        ^
build	Build DaddyBoard (HeliBoard fork)	2026-09-30T15:43:53.4002388Z C/C++: /home/runner/work/daddyboard/daddyboard/daddyboard-main/app/src/main/jni/src/suggest/core/dicnode/dic_node.h:110:53: note: in implicit copy constructor for 'latinime::IntArrayView' first required here
build	Build DaddyBoard (HeliBoard fork)	2026-09-30T15:43:53.4003074Z C/C++:   110 |         mDicNodeProperties.init(rootPtNodeArrayPos, prevWordIds);
build	Build DaddyBoard (HeliBoard fork)	2026-09-30T15:43:53.4003385Z C/C++:       |                                                     ^
build	Build DaddyBoard (HeliBoard fork)	2026-09-30T15:43:53.4003862Z C/C++: In file included from /home/runner/work/daddyboard/daddyboard/daddyboard-main/app/src/main/jni/src/suggest/core/policy/weighting.cpp:24:
build	Build DaddyBoard (HeliBoard fork)	2026-09-30T15:43:53.4004593Z C/C++: In file included from /home/runner/work/daddyboard/daddyboard/daddyboard-main/app/src/main/jni/src/suggest/core/session/dic_traverse_session.h:23:
build	Build DaddyBoard (HeliBoard fork)	2026-09-30T15:43:53.4005325Z C/C++: In file included from /home/runner/work/daddyboard/daddyboard/daddyboard-main/app/src/main/jni/src/dictionary/utils/multi_bigram_map.h:24:
build	Build DaddyBoard (HeliBoard fork)	2026-09-30T15:43:53.4006234Z C/C++: In file included from /home/runner/work/daddyboard/daddyboard/daddyboard-main/app/src/main/jni/src/dictionary/interface/dictionary_structure_with_buffer_policy.h:23:
build	Build DaddyBoard (HeliBoard fork)	2026-09-30T15:43:53.4007381Z C/C++: /home/runner/work/daddyboard/daddyboard/daddyboard-main/app/src/main/jni/src/dictionary/property/historical_info.h:52:5: warning: definition of implicit copy constructor for 'HistoricalInfo' is deprecated because it has a user-declared copy assignment operator [-Wdeprecated-copy]
build	Build DaddyBoard (HeliBoard fork)	2026-09-30T15:43:53.4008263Z C/C++:    52 |     DISALLOW_ASSIGNMENT_OPERATOR(HistoricalInfo);
build	Build DaddyBoard (HeliBoard fork)	2026-09-30T15:43:53.4008509Z C/C++:       |     ^
build	Build DaddyBoard (HeliBoard fork)	2026-09-30T15:43:53.4008959Z C/C++: /home/runner/work/daddyboard/daddyboard/daddyboard-main/app/src/main/jni/src/defines.h:289:8: note: expanded from macro 'DISALLOW_ASSIGNMENT_OPERATOR'
build	Build DaddyBoard (HeliBoard fork)	2026-09-30T15:43:53.4009480Z C/C++:   289 |   void operator=(const TypeName&) = delete
build	Build DaddyBoard (HeliBoard fork)	2026-09-30T15:43:53.4009706Z C/C++:       |        ^
build	Build DaddyBoard (HeliBoard fork)	2026-09-30T15:43:53.4010307Z C/C++: /home/runner/work/daddyboard/daddyboard/daddyboard-main/app/src/main/jni/src/dictionary/property/ngram_property.h:33:42: note: in implicit copy constructor for 'latinime::HistoricalInfo' first required here
build	Build DaddyBoard (HeliBoard fork)	2026-09-30T15:43:53.4011110Z C/C++:    33 |               mProbability(probability), mHistoricalInfo(historicalInfo) {}
build	Build DaddyBoard (HeliBoard fork)	2026-09-30T15:43:53.4011423Z C/C++:       |                                          ^
build	Build DaddyBoard (HeliBoard fork)	2026-09-30T15:43:53.4011895Z C/C++: In file included from /home/runner/work/daddyboard/daddyboard/daddyboard-main/app/src/main/jni/src/suggest/core/policy/weighting.cpp:24:
build	Build DaddyBoard (HeliBoard fork)	2026-09-30T15:43:53.4012623Z C/C++: In file included from /home/runner/work/daddyboard/daddyboard/daddyboard-main/app/src/main/jni/src/suggest/core/session/dic_traverse_session.h:23:
build	Build DaddyBoard (HeliBoard fork)	2026-09-30T15:43:53.4013464Z C/C++: In file included from /home/runner/work/daddyboard/daddyboard/daddyboard-main/app/src/main/jni/src/dictionary/utils/multi_bigram_map.h:24:
build	Build DaddyBoard (HeliBoard fork)	2026-09-30T15:43:53.4014245Z C/C++: In file included from /home/runner/work/daddyboard/daddyboard/daddyboard-main/app/src/main/jni/src/dictionary/interface/dictionary_structure_with_buffer_policy.h:25:
build	Build DaddyBoard (HeliBoard fork)	2026-09-30T15:43:53.4015028Z C/C++: In file included from /home/runner/work/daddyboard/daddyboard/daddyboard-main/app/src/main/jni/src/dictionary/property/word_property.h:24:
build	Build DaddyBoard (HeliBoard fork)	2026-09-30T15:43:53.4016099Z C/C++: /home/runner/work/daddyboard/daddyboard/daddyboard-main/app/src/main/jni/src/dictionary/property/unigram_property.h:126:5: warning: definition of implicit copy constructor for 'UnigramProperty' is deprecated because it has a user-declared copy assignment operator [-Wdeprecated-copy]
build	Build DaddyBoard (HeliBoard fork)	2026-09-30T15:43:53.4016970Z C/C++:   126 |     DISALLOW_ASSIGNMENT_OPERATOR(UnigramProperty);
build	Build DaddyBoard (HeliBoard fork)	2026-09-30T15:43:53.4017218Z C/C++:       |     ^
build	Build DaddyBoard (HeliBoard fork)	2026-09-30T15:43:53.4017659Z C/C++: /home/runner/work/daddyboard/daddyboard/daddyboard-main/app/src/main/jni/src/defines.h:289:8: note: expanded from macro 'DISALLOW_ASSIGNMENT_OPERATOR'
build	Build DaddyBoard (HeliBoard fork)	2026-09-30T15:43:53.4018167Z C/C++:   289 |   void operator=(const TypeName&) = delete
build	Build DaddyBoard (HeliBoard fork)	2026-09-30T15:43:53.4018393Z C/C++:       |        ^
build	Build DaddyBoard (HeliBoard fork)	2026-09-30T15:43:53.4018986Z C/C++: /home/runner/work/daddyboard/daddyboard/daddyboard-main/app/src/main/jni/src/dictionary/property/word_property.h:38:51: note: in implicit copy constructor for 'latinime::UnigramProperty' first required here
build	Build DaddyBoard (HeliBoard fork)	2026-09-30T15:43:53.4019723Z C/C++:    38 |             : mCodePoints(std::move(codePoints)), mUnigramProperty(unigramProperty),
build	Build DaddyBoard (HeliBoard fork)	2026-09-30T15:43:53.4020058Z C/C++:       |                                                   ^
build	Build DaddyBoard (HeliBoard fork)	2026-09-30T15:43:53.4020529Z C/C++: In file included from /home/runner/work/daddyboard/daddyboard/daddyboard-main/app/src/main/jni/src/suggest/core/policy/weighting.cpp:24:
build	Build DaddyBoard (HeliBoard fork)	2026-09-30T15:43:53.4021467Z C/C++: In file included from /home/runner/work/daddyboard/daddyboard/daddyboard-main/app/src/main/jni/src/suggest/core/session/dic_traverse_session.h:23:
build	Build DaddyBoard (HeliBoard fork)	2026-09-30T15:43:53.4022202Z C/C++: In file included from /home/runner/work/daddyboard/daddyboard/daddyboard-main/app/src/main/jni/src/dictionary/utils/multi_bigram_map.h:27:
build	Build DaddyBoard (HeliBoard fork)	2026-09-30T15:43:53.4023403Z C/C++: /home/runner/work/daddyboard/daddyboard/daddyboard-main/app/src/main/jni/src/dictionary/utils/bloom_filter.h:47:5: warning: definition of implicit copy constructor for 'BloomFilter' is deprecated because it has a user-declared copy assignment operator [-Wdeprecated-copy]
build	Build DaddyBoard (HeliBoard fork)	2026-09-30T15:43:53.4024227Z C/C++:    47 |     DISALLOW_ASSIGNMENT_OPERATOR(BloomFilter);
build	Build DaddyBoard (HeliBoard fork)	2026-09-30T15:43:53.4024460Z C/C++:       |     ^
build	Build DaddyBoard (HeliBoard fork)	2026-09-30T15:43:53.4024902Z C/C++: /home/runner/work/daddyboard/daddyboard/daddyboard-main/app/src/main/jni/src/defines.h:289:8: note: expanded from macro 'DISALLOW_ASSIGNMENT_OPERATOR'
build	Build DaddyBoard (HeliBoard fork)	2026-09-30T15:43:53.4025415Z C/C++:   289 |   void operator=(const TypeName&) = delete
build	Build DaddyBoard (HeliBoard fork)	2026-09-30T15:43:53.4025638Z C/C++:       |        ^
build	Build DaddyBoard (HeliBoard fork)	2026-09-30T15:43:53.4026214Z C/C++: /home/runner/work/daddyboard/daddyboard/daddyboard-main/app/src/main/jni/src/dictionary/utils/multi_bigram_map.h:57:53: note: in implicit copy constructor for 'latinime::BloomFilter' first required here
build	Build DaddyBoard (HeliBoard fork)	2026-09-30T15:43:53.4026953Z C/C++:    57 |                 : mBigramMap(bigramMap.mBigramMap), mBloomFilter(bigramMap.mBloomFilter) {}
build	Build DaddyBoard (HeliBoard fork)	2026-09-30T15:43:53.4027313Z C/C++:       |                                                     ^
build	Build DaddyBoard (HeliBoard fork)	2026-09-30T15:43:53.4027797Z C/C++: In file included from /home/runner/work/daddyboard/daddyboard/daddyboard-main/app/src/main/jni/src/suggest/core/policy/weighting.cpp:24:
build	Build DaddyBoard (HeliBoard fork)	2026-09-30T15:43:53.4028530Z C/C++: In file included from /home/runner/work/daddyboard/daddyboard/daddyboard-main/app/src/main/jni/src/suggest/core/session/dic_traverse_session.h:23:
build	Build DaddyBoard (HeliBoard fork)	2026-09-30T15:43:53.4029255Z C/C++: In file included from /home/runner/work/daddyboard/daddyboard/daddyboard-main/app/src/main/jni/src/dictionary/utils/multi_bigram_map.h:24:
build	Build DaddyBoard (HeliBoard fork)	2026-09-30T15:43:53.4030152Z C/C++: In file included from /home/runner/work/daddyboard/daddyboard/daddyboard-main/app/src/main/jni/src/dictionary/interface/dictionary_structure_with_buffer_policy.h:25:
build	Build DaddyBoard (HeliBoard fork)	2026-09-30T15:43:53.4031037Z C/C++: In file included from /home/runner/work/daddyboard/daddyboard/daddyboard-main/app/src/main/jni/src/dictionary/property/word_property.h:23:
build	Build DaddyBoard (HeliBoard fork)	2026-09-30T15:43:53.4032197Z C/C++: /home/runner/work/daddyboard/daddyboard/daddyboard-main/app/src/main/jni/src/dictionary/property/ngram_property.h:54:5: warning: definition of implicit copy constructor for 'NgramProperty' is deprecated because it has a user-declared copy assignment operator [-Wdeprecated-copy]
build	Build DaddyBoard (HeliBoard fork)	2026-09-30T15:43:53.4033055Z C/C++:    54 |     DISALLOW_ASSIGNMENT_OPERATOR(NgramProperty);
build	Build DaddyBoard (HeliBoard fork)	2026-09-30T15:43:53.4033441Z C/C++:       |     ^
build	Build DaddyBoard (HeliBoard fork)	2026-09-30T15:43:53.4033891Z C/C++: /home/runner/work/daddyboard/daddyboard/daddyboard-main/app/src/main/jni/src/defines.h:289:8: note: expanded from macro 'DISALLOW_ASSIGNMENT_OPERATOR'
build	Build DaddyBoard (HeliBoard fork)	2026-09-30T15:43:53.4034415Z C/C++:   289 |   void operator=(const TypeName&) = delete
build	Build DaddyBoard (HeliBoard fork)	2026-09-30T15:43:53.4034649Z C/C++:       |        ^
build	Build DaddyBoard (HeliBoard fork)	2026-09-30T15:43:53.4035279Z C/C++: /usr/local/lib/android/sdk/ndk/28.0.13004108/toolchains/llvm/prebuilt/linux-x86_64/sysroot/usr/include/c++/v1/__memory/allocator.h:173:24: note: in implicit copy constructor for 'latinime::NgramProperty' first required here
build	Build DaddyBoard (HeliBoard fork)	2026-09-30T15:43:53.4035981Z C/C++:   173 |     ::new ((void*)__p) _Up(std::forward<_Args>(__args)...);
build	Build DaddyBoard (HeliBoard fork)	2026-09-30T15:43:53.4036244Z C/C++:       |                        ^
build	Build DaddyBoard (HeliBoard fork)	2026-09-30T15:43:53.4037142Z C/C++: /usr/local/lib/android/sdk/ndk/28.0.13004108/toolchains/llvm/prebuilt/linux-x86_64/sysroot/usr/include/c++/v1/__memory/allocator_traits.h:320:9: note: in instantiation of function template specialization 'std::allocator<latinime::NgramProperty>::construct<latinime::NgramProperty, latinime::NgramProperty &>' requested here
build	Build DaddyBoard (HeliBoard fork)	2026-09-30T15:43:53.4038091Z C/C++:   320 |     __a.construct(__p, std::forward<_Args>(__args)...);
build	Build DaddyBoard (HeliBoard fork)	2026-09-30T15:43:53.4038340Z C/C++:       |         ^
build	Build DaddyBoard (HeliBoard fork)	2026-09-30T15:43:53.4039300Z C/C++: /usr/local/lib/android/sdk/ndk/28.0.13004108/toolchains/llvm/prebuilt/linux-x86_64/sysroot/usr/include/c++/v1/__memory/uninitialized_algorithms.h:551:31: note: in instantiation of function template specialization 'std::allocator_traits<std::allocator<latinime::NgramProperty>>::construct<latinime::NgramProperty, latinime::NgramProperty &, 0>' requested here
build	Build DaddyBoard (HeliBoard fork)	2026-09-30T15:43:53.4040751Z C/C++:   551 |     allocator_traits<_Alloc>::construct(__alloc, std::__to_address(__first2), *__first1);
build	Build DaddyBoard (HeliBoard fork)	2026-09-30T15:43:53.4041174Z C/C++:       |                               ^
build	Build DaddyBoard (HeliBoard fork)	2026-09-30T15:43:53.4042252Z C/C++: /usr/local/lib/android/sdk/ndk/28.0.13004108/toolchains/llvm/prebuilt/linux-x86_64/sysroot/usr/include/c++/v1/__memory/uninitialized_algorithms.h:594:33: note: in instantiation of function template specialization 'std::__uninitialized_allocator_copy_impl<std::allocator<latinime::NgramProperty>, latinime::NgramProperty *, latinime::NgramProperty *, latinime::NgramProperty *>' requested here
build	Build DaddyBoard (HeliBoard fork)	2026-09-30T15:43:53.4043397Z C/C++:   594 |   auto __result          = std::__uninitialized_allocator_copy_impl(
build	Build DaddyBoard (HeliBoard fork)	2026-09-30T15:43:53.4043689Z C/C++:       |                                 ^
build	Build DaddyBoard (HeliBoard fork)	2026-09-30T15:43:53.4044669Z C/C++: /usr/local/lib/android/sdk/ndk/28.0.13004108/toolchains/llvm/prebuilt/linux-x86_64/sysroot/usr/include/c++/v1/vector:1100:22: note: in instantiation of function template specialization 'std::__uninitialized_allocator_copy<std::allocator<latinime::NgramProperty>, latinime::NgramProperty *, latinime::NgramProperty *, latinime::NgramProperty *>' requested here
build	Build DaddyBoard (HeliBoard fork)	2026-09-30T15:43:53.4045772Z C/C++:  1100 |   __tx.__pos_ = std::__uninitialized_allocator_copy(__alloc(), __first, __last, __tx.__pos_);
build	Build DaddyBoard (HeliBoard fork)	2026-09-30T15:43:53.4046110Z C/C++:       |                      ^
build	Build DaddyBoard (HeliBoard fork)	2026-09-30T15:43:53.4046956Z C/C++: /usr/local/lib/android/sdk/ndk/28.0.13004108/toolchains/llvm/prebuilt/linux-x86_64/sysroot/usr/include/c++/v1/vector:761:7: note: in instantiation of function template specialization 'std::vector<latinime::NgramProperty>::__construct_at_end<latinime::NgramProperty *, latinime::NgramProperty *>' requested here
build	Build DaddyBoard (HeliBoard fork)	2026-09-30T15:43:53.4047992Z C/C++:   761 |       __construct_at_end(__first, __last, __n);
build	Build DaddyBoard (HeliBoard fork)	2026-09-30T15:43:53.4048231Z C/C++:       |       ^
build	Build DaddyBoard (HeliBoard fork)	2026-09-30T15:43:53.4049065Z C/C++: /usr/local/lib/android/sdk/ndk/28.0.13004108/toolchains/llvm/prebuilt/linux-x86_64/sysroot/usr/include/c++/v1/vector:1213:3: note: in instantiation of function template specialization 'std::vector<latinime::NgramProperty>::__init_with_size<latinime::NgramProperty *, latinime::NgramProperty *>' requested here
build	Build DaddyBoard (HeliBoard fork)	2026-09-30T15:43:53.4049967Z C/C++:  1213 |   __init_with_size(__x.__begin_, __x.__end_, __x.size());
build	Build DaddyBoard (HeliBoard fork)	2026-09-30T15:43:53.4050221Z C/C++:       |   ^
build	Build DaddyBoard (HeliBoard fork)	2026-09-30T15:43:53.4050858Z C/C++: /home/runner/work/daddyboard/daddyboard/daddyboard-main/app/src/main/jni/src/dictionary/property/word_property.h:39:15: note: in instantiation of member function 'std::vector<latinime::NgramProperty>::vector' requested here
build	Build DaddyBoard (HeliBoard fork)	2026-09-30T15:43:53.4051675Z C/C++:    39 |               mNgrams(ngrams) {}
build	Build DaddyBoard (HeliBoard fork)	2026-09-30T15:43:53.4051888Z C/C++:       |               ^
build	Build DaddyBoard (HeliBoard fork)	2026-09-30T15:43:53.4052077Z C/C++: 5 warnings generated.
build	Build DaddyBoard (HeliBoard fork)	2026-09-30T15:43:53.7870111Z C/C++: In file included from /home/runner/work/daddyboard/daddyboard/daddyboard-main/app/src/main/jni/src/suggest/core/session/dic_traverse_session.cpp:17:
build	Build DaddyBoard (HeliBoard fork)	2026-09-30T15:43:53.7872111Z C/C++: In file included from /home/runner/work/daddyboard/daddyboard/daddyboard-main/app/src/main/jni/src/suggest/core/session/dic_traverse_session.h:23:
build	Build DaddyBoard (HeliBoard fork)	2026-09-30T15:43:53.7873481Z C/C++: In file included from /home/runner/work/daddyboard/daddyboard/daddyboard-main/app/src/main/jni/src/dictionary/utils/multi_bigram_map.h:24:
build	Build DaddyBoard (HeliBoard fork)	2026-09-30T15:43:53.7874878Z C/C++: In file included from /home/runner/work/daddyboard/daddyboard/daddyboard-main/app/src/main/jni/src/dictionary/interface/dictionary_structure_with_buffer_policy.h:23:
build	Build DaddyBoard (HeliBoard fork)	2026-09-30T15:43:53.7876921Z C/C++: /home/runner/work/daddyboard/daddyboard/daddyboard-main/app/src/main/jni/src/dictionary/property/historical_info.h:52:5: warning: definition of implicit copy constructor for 'HistoricalInfo' is deprecated because it has a user-declared copy assignment operator [-Wdeprecated-copy]
build	Build DaddyBoard (HeliBoard fork)	2026-09-30T15:43:53.7878953Z C/C++:    52 |     DISALLOW_ASSIGNMENT_OPERATOR(HistoricalInfo);
build	Build DaddyBoard (HeliBoard fork)	2026-09-30T15:43:53.7879355Z C/C++:       |     ^
build	Build DaddyBoard (HeliBoard fork)	2026-09-30T15:43:53.7880143Z C/C++: /home/runner/work/daddyboard/daddyboard/daddyboard-main/app/src/main/jni/src/defines.h:289:8: note: expanded from macro 'DISALLOW_ASSIGNMENT_OPERATOR'
build	Build DaddyBoard (HeliBoard fork)	2026-09-30T15:43:53.7881160Z C/C++:   289 |   void operator=(const TypeName&) = delete
build	Build DaddyBoard (HeliBoard fork)	2026-09-30T15:43:53.7881527Z C/C++:       |        ^
build	Build DaddyBoard (HeliBoard fork)	2026-09-30T15:43:53.7882560Z C/C++: /home/runner/work/daddyboard/daddyboard/daddyboard-main/app/src/main/jni/src/dictionary/property/ngram_property.h:33:42: note: in implicit copy constructor for 'latinime::HistoricalInfo' first required here
build	Build DaddyBoard (HeliBoard fork)	2026-09-30T15:43:53.7883817Z C/C++:    33 |               mProbability(probability), mHistoricalInfo(historicalInfo) {}
build	Build DaddyBoard (HeliBoard fork)	2026-09-30T15:43:53.7884341Z C/C++:       |                                          ^
build	Build DaddyBoard (HeliBoard fork)	2026-09-30T15:43:53.7885209Z C/C++: In file included from /home/runner/work/daddyboard/daddyboard/daddyboard-main/app/src/main/jni/src/suggest/core/session/dic_traverse_session.cpp:17:
build	Build DaddyBoard (HeliBoard fork)	2026-09-30T15:43:53.7886606Z C/C++: In file included from /home/runner/work/daddyboard/daddyboard/daddyboard-main/app/src/main/jni/src/suggest/core/session/dic_traverse_session.h:23:
build	Build DaddyBoard (HeliBoard fork)	2026-09-30T15:43:53.7887927Z C/C++: In file included from /home/runner/work/daddyboard/daddyboard/daddyboard-main/app/src/main/jni/src/dictionary/utils/multi_bigram_map.h:24:
build	Build DaddyBoard (HeliBoard fork)	2026-09-30T15:43:53.7889320Z C/C++: In file included from /home/runner/work/daddyboard/daddyboard/daddyboard-main/app/src/main/jni/src/dictionary/interface/dictionary_structure_with_buffer_policy.h:25:
build	Build DaddyBoard (HeliBoard fork)	2026-09-30T15:43:53.7890997Z C/C++: In file included from /home/runner/work/daddyboard/daddyboard/daddyboard-main/app/src/main/jni/src/dictionary/property/word_property.h:24:
build	Build DaddyBoard (HeliBoard fork)	2026-09-30T15:43:53.7892916Z C/C++: /home/runner/work/daddyboard/daddyboard/daddyboard-main/app/src/main/jni/src/dictionary/property/unigram_property.h:126:5: warning: definition of implicit copy constructor for 'UnigramProperty' is deprecated because it has a user-declared copy assignment operator [-Wdeprecated-copy]
build	Build DaddyBoard (HeliBoard fork)	2026-09-30T15:43:53.7894470Z C/C++:   126 |     DISALLOW_ASSIGNMENT_OPERATOR(UnigramProperty);
build	Build DaddyBoard (HeliBoard fork)	2026-09-30T15:43:53.7894883Z C/C++:       |     ^
build	Build DaddyBoard (HeliBoard fork)	2026-09-30T15:43:53.7895647Z C/C++: /home/runner/work/daddyboard/daddyboard/daddyboard-main/app/src/main/jni/src/defines.h:289:8: note: expanded from macro 'DISALLOW_ASSIGNMENT_OPERATOR'
build	Build DaddyBoard (HeliBoard fork)	2026-09-30T15:43:53.7896564Z C/C++:   289 |   void operator=(const TypeName&) = delete
build	Build DaddyBoard (HeliBoard fork)	2026-09-30T15:43:53.7896949Z C/C++:       |        ^
build	Build DaddyBoard (HeliBoard fork)	2026-09-30T15:43:53.7898004Z C/C++: /home/runner/work/daddyboard/daddyboard/daddyboard-main/app/src/main/jni/src/dictionary/property/word_property.h:38:51: note: in implicit copy constructor for 'latinime::UnigramProperty' first required here
build	Build DaddyBoard (HeliBoard fork)	2026-09-30T15:43:53.7899433Z C/C++:    38 |             : mCodePoints(std::move(codePoints)), mUnigramProperty(unigramProperty),
build	Build DaddyBoard (HeliBoard fork)	2026-09-30T15:43:53.7900030Z C/C++:       |                                                   ^
build	Build DaddyBoard (HeliBoard fork)	2026-09-30T15:43:53.7901021Z C/C++: In file included from /home/runner/work/daddyboard/daddyboard/daddyboard-main/app/src/main/jni/src/suggest/core/session/dic_traverse_session.cpp:17:
build	Build DaddyBoard (HeliBoard fork)	2026-09-30T15:43:53.7902401Z C/C++: In file included from /home/runner/work/daddyboard/daddyboard/daddyboard-main/app/src/main/jni/src/suggest/core/session/dic_traverse_session.h:23:
build	Build DaddyBoard (HeliBoard fork)	2026-09-30T15:43:53.7903705Z C/C++: In file included from /home/runner/work/daddyboard/daddyboard/daddyboard-main/app/src/main/jni/src/dictionary/utils/multi_bigram_map.h:27:
build	Build DaddyBoard (HeliBoard fork)	2026-09-30T15:43:53.7905645Z C/C++: /home/runner/work/daddyboard/daddyboard/daddyboard-main/app/src/main/jni/src/dictionary/utils/bloom_filter.h:47:5: warning: definition of implicit copy constructor for 'BloomFilter' is deprecated because it has a user-declared copy assignment operator [-Wdeprecated-copy]
build	Build DaddyBoard (HeliBoard fork)	2026-09-30T15:43:53.7907140Z C/C++:    47 |     DISALLOW_ASSIGNMENT_OPERATOR(BloomFilter);
build	Build DaddyBoard (HeliBoard fork)	2026-09-30T15:43:53.7907665Z C/C++:       |     ^
build	Build DaddyBoard (HeliBoard fork)	2026-09-30T15:43:53.7908453Z C/C++: /home/runner/work/daddyboard/daddyboard/daddyboard-main/app/src/main/jni/src/defines.h:289:8: note: expanded from macro 'DISALLOW_ASSIGNMENT_OPERATOR'
build	Build DaddyBoard (HeliBoard fork)	2026-09-30T15:43:53.7909361Z C/C++:   289 |   void operator=(const TypeName&) = delete
build	Build DaddyBoard (HeliBoard fork)	2026-09-30T15:43:53.7909741Z C/C++:       |        ^
build	Build DaddyBoard (HeliBoard fork)	2026-09-30T15:43:53.7910755Z C/C++: /home/runner/work/daddyboard/daddyboard/daddyboard-main/app/src/main/jni/src/dictionary/utils/multi_bigram_map.h:57:53: note: in implicit copy constructor for 'latinime::BloomFilter' first required here
build	Build DaddyBoard (HeliBoard fork)	2026-09-30T15:43:53.7912193Z C/C++:    57 |                 : mBigramMap(bigramMap.mBigramMap), mBloomFilter(bigramMap.mBloomFilter) {}
build	Build DaddyBoard (HeliBoard fork)	2026-09-30T15:43:53.7912803Z C/C++:       |                                                     ^
build	Build DaddyBoard (HeliBoard fork)	2026-09-30T15:43:53.8870021Z C/C++: In file included from /home/runner/work/daddyboard/daddyboard/daddyboard-main/app/src/main/jni/src/suggest/core/session/dic_traverse_session.cpp:17:
build	Build DaddyBoard (HeliBoard fork)	2026-09-30T15:43:53.8871178Z C/C++: In file included from /home/runner/work/daddyboard/daddyboard/daddyboard-main/app/src/main/jni/src/suggest/core/session/dic_traverse_session.h:23:
build	Build DaddyBoard (HeliBoard fork)	2026-09-30T15:43:53.8871979Z C/C++: In file included from /home/runner/work/daddyboard/daddyboard/daddyboard-main/app/src/main/jni/src/dictionary/utils/multi_bigram_map.h:24:
build	Build DaddyBoard (HeliBoard fork)	2026-09-30T15:43:53.8872801Z C/C++: In file included from /home/runner/work/daddyboard/daddyboard/daddyboard-main/app/src/main/jni/src/dictionary/interface/dictionary_structure_with_buffer_policy.h:25:
build	Build DaddyBoard (HeliBoard fork)	2026-09-30T15:43:53.8873622Z C/C++: In file included from /home/runner/work/daddyboard/daddyboard/daddyboard-main/app/src/main/jni/src/dictionary/property/word_property.h:23:
build	Build DaddyBoard (HeliBoard fork)	2026-09-30T15:43:53.8874750Z C/C++: In file included from /home/runner/work/daddyboard/daddyboard/daddyboard-main/app/src/main/jni/src/dictionary/property/ngram_property.h:24:
build	Build DaddyBoard (HeliBoard fork)	2026-09-30T15:43:53.8875467Z C/C++: In file included from /home/runner/work/daddyboard/daddyboard/daddyboard-main/app/src/main/jni/src/dictionary/property/ngram_context.h:23:
build	Build DaddyBoard (HeliBoard fork)	2026-09-30T15:43:53.8876528Z C/C++: /home/runner/work/daddyboard/daddyboard/daddyboard-main/app/src/main/jni/src/utils/int_array_view.h:160:5: warning: definition of implicit copy constructor for 'IntArrayView' is deprecated because it has a user-declared copy assignment operator [-Wdeprecated-copy]
build	Build DaddyBoard (HeliBoard fork)	2026-09-30T15:43:53.8877366Z C/C++:   160 |     DISALLOW_ASSIGNMENT_OPERATOR(IntArrayView);
build	Build DaddyBoard (HeliBoard fork)	2026-09-30T15:43:53.8877611Z C/C++:       |     ^
build	Build DaddyBoard (HeliBoard fork)	2026-09-30T15:43:53.8878091Z C/C++: /home/runner/work/daddyboard/daddyboard/daddyboard-main/app/src/main/jni/src/defines.h:289:8: note: expanded from macro 'DISALLOW_ASSIGNMENT_OPERATOR'
build	Build DaddyBoard (HeliBoard fork)	2026-09-30T15:43:53.8878618Z C/C++:   289 |   void operator=(const TypeName&) = delete
build	Build DaddyBoard (HeliBoard fork)	2026-09-30T15:43:53.8878849Z C/C++:       |        ^
build	Build DaddyBoard (HeliBoard fork)	2026-09-30T15:43:53.8879452Z C/C++: /home/runner/work/daddyboard/daddyboard/daddyboard-main/app/src/main/jni/src/suggest/core/dicnode/dic_node.h:110:53: note: in implicit copy constructor for 'latinime::IntArrayView' first required here
build	Build DaddyBoard (HeliBoard fork)	2026-09-30T15:43:53.8880144Z C/C++:   110 |         mDicNodeProperties.init(rootPtNodeArrayPos, prevWordIds);
build	Build DaddyBoard (HeliBoard fork)	2026-09-30T15:43:53.8880459Z C/C++:       |                                                     ^
build	Build DaddyBoard (HeliBoard fork)	2026-09-30T15:43:53.9869809Z C/C++: In file included from /home/runner/work/daddyboard/daddyboard/daddyboard-main/app/src/main/jni/src/suggest/core/session/dic_traverse_session.cpp:17:
build	Build DaddyBoard (HeliBoard fork)	2026-09-30T15:43:53.9871233Z C/C++: In file included from /home/runner/work/daddyboard/daddyboard/daddyboard-main/app/src/main/jni/src/suggest/core/session/dic_traverse_session.h:23:
build	Build DaddyBoard (HeliBoard fork)	2026-09-30T15:43:53.9872042Z C/C++: In file included from /home/runner/work/daddyboard/daddyboard/daddyboard-main/app/src/main/jni/src/dictionary/utils/multi_bigram_map.h:24:
build	Build DaddyBoard (HeliBoard fork)	2026-09-30T15:43:53.9872891Z C/C++: In file included from /home/runner/work/daddyboard/daddyboard/daddyboard-main/app/src/main/jni/src/dictionary/interface/dictionary_structure_with_buffer_policy.h:25:
build	Build DaddyBoard (HeliBoard fork)	2026-09-30T15:43:53.9874085Z C/C++: In file included from /home/runner/work/daddyboard/daddyboard/daddyboard-main/app/src/main/jni/src/dictionary/property/word_property.h:23:
build	Build DaddyBoard (HeliBoard fork)	2026-09-30T15:43:53.9875207Z C/C++: /home/runner/work/daddyboard/daddyboard/daddyboard-main/app/src/main/jni/src/dictionary/property/ngram_property.h:54:5: warning: definition of implicit copy constructor for 'NgramProperty' is deprecated because it has a user-declared copy assignment operator [-Wdeprecated-copy]
build	Build DaddyBoard (HeliBoard fork)	2026-09-30T15:43:53.9876088Z C/C++:    54 |     DISALLOW_ASSIGNMENT_OPERATOR(NgramProperty);
build	Build DaddyBoard (HeliBoard fork)	2026-09-30T15:43:53.9876335Z C/C++:       |     ^
build	Build DaddyBoard (HeliBoard fork)	2026-09-30T15:43:53.9876802Z C/C++: /home/runner/work/daddyboard/daddyboard/daddyboard-main/app/src/main/jni/src/defines.h:289:8: note: expanded from macro 'DISALLOW_ASSIGNMENT_OPERATOR'
build	Build DaddyBoard (HeliBoard fork)	2026-09-30T15:43:53.9877343Z C/C++:   289 |   void operator=(const TypeName&) = delete
build	Build DaddyBoard (HeliBoard fork)	2026-09-30T15:43:53.9877590Z C/C++:       |        ^
build	Build DaddyBoard (HeliBoard fork)	2026-09-30T15:43:53.9878267Z C/C++: /usr/local/lib/android/sdk/ndk/28.0.13004108/toolchains/llvm/prebuilt/linux-x86_64/sysroot/usr/include/c++/v1/__memory/allocator.h:173:24: note: in implicit copy constructor for 'latinime::NgramProperty' first required here
build	Build DaddyBoard (HeliBoard fork)	2026-09-30T15:43:53.9879002Z C/C++:   173 |     ::new ((void*)__p) _Up(std::forward<_Args>(__args)...);
build	Build DaddyBoard (HeliBoard fork)	2026-09-30T15:43:53.9879266Z C/C++:       |                        ^
build	Build DaddyBoard (HeliBoard fork)	2026-09-30T15:43:53.9880188Z C/C++: /usr/local/lib/android/sdk/ndk/28.0.13004108/toolchains/llvm/prebuilt/linux-x86_64/sysroot/usr/include/c++/v1/__memory/allocator_traits.h:320:9: note: in instantiation of function template specialization 'std::allocator<latinime::NgramProperty>::construct<latinime::NgramProperty, latinime::NgramProperty &>' requested here
build	Build DaddyBoard (HeliBoard fork)	2026-09-30T15:43:53.9881404Z C/C++:   320 |     __a.construct(__p, std::forward<_Args>(__args)...);
build	Build DaddyBoard (HeliBoard fork)	2026-09-30T15:43:53.9881661Z C/C++:       |         ^
build	Build DaddyBoard (HeliBoard fork)	2026-09-30T15:43:53.9882625Z C/C++: /usr/local/lib/android/sdk/ndk/28.0.13004108/toolchains/llvm/prebuilt/linux-x86_64/sysroot/usr/include/c++/v1/__memory/uninitialized_algorithms.h:551:31: note: in instantiation of function template specialization 'std::allocator_traits<std::allocator<latinime::NgramProperty>>::construct<latinime::NgramProperty, latinime::NgramProperty &, 0>' requested here
build	Build DaddyBoard (HeliBoard fork)	2026-09-30T15:43:53.9883745Z C/C++:   551 |     allocator_traits<_Alloc>::construct(__alloc, std::__to_address(__first2), *__first1);
build	Build DaddyBoard (HeliBoard fork)	2026-09-30T15:43:53.9884088Z C/C++:       |                               ^
build	Build DaddyBoard (HeliBoard fork)	2026-09-30T15:43:53.9885176Z C/C++: /usr/local/lib/android/sdk/ndk/28.0.13004108/toolchains/llvm/prebuilt/linux-x86_64/sysroot/usr/include/c++/v1/__memory/uninitialized_algorithms.h:594:33: note: in instantiation of function template specialization 'std::__uninitialized_allocator_copy_impl<std::allocator<latinime::NgramProperty>, latinime::NgramProperty *, latinime::NgramProperty *, latinime::NgramProperty *>' requested here
build	Build DaddyBoard (HeliBoard fork)	2026-09-30T15:43:53.9886325Z C/C++:   594 |   auto __result          = std::__uninitialized_allocator_copy_impl(
build	Build DaddyBoard (HeliBoard fork)	2026-09-30T15:43:53.9886622Z C/C++:       |                                 ^
build	Build DaddyBoard (HeliBoard fork)	2026-09-30T15:43:53.9887610Z C/C++: /usr/local/lib/android/sdk/ndk/28.0.13004108/toolchains/llvm/prebuilt/linux-x86_64/sysroot/usr/include/c++/v1/vector:1100:22: note: in instantiation of function template specialization 'std::__uninitialized_allocator_copy<std::allocator<latinime::NgramProperty>, latinime::NgramProperty *, latinime::NgramProperty *, latinime::NgramProperty *>' requested here
build	Build DaddyBoard (HeliBoard fork)	2026-09-30T15:43:53.9888716Z C/C++:  1100 |   __tx.__pos_ = std::__uninitialized_allocator_copy(__alloc(), __first, __last, __tx.__pos_);
build	Build DaddyBoard (HeliBoard fork)	2026-09-30T15:43:53.9889054Z C/C++:       |                      ^
build	Build DaddyBoard (HeliBoard fork)	2026-09-30T15:43:53.9889903Z C/C++: /usr/local/lib/android/sdk/ndk/28.0.13004108/toolchains/llvm/prebuilt/linux-x86_64/sysroot/usr/include/c++/v1/vector:761:7: note: in instantiation of function template specialization 'std::vector<latinime::NgramProperty>::__construct_at_end<latinime::NgramProperty *, latinime::NgramProperty *>' requested here
build	Build DaddyBoard (HeliBoard fork)	2026-09-30T15:43:53.9891021Z C/C++:   761 |       __construct_at_end(__first, __last, __n);
build	Build DaddyBoard (HeliBoard fork)	2026-09-30T15:43:53.9891262Z C/C++:       |       ^
build	Build DaddyBoard (HeliBoard fork)	2026-09-30T15:43:53.9892088Z C/C++: /usr/local/lib/android/sdk/ndk/28.0.13004108/toolchains/llvm/prebuilt/linux-x86_64/sysroot/usr/include/c++/v1/vector:1213:3: note: in instantiation of function template specialization 'std::vector<latinime::NgramProperty>::__init_with_size<latinime::NgramProperty *, latinime::NgramProperty *>' requested here
build	Build DaddyBoard (HeliBoard fork)	2026-09-30T15:43:53.9892990Z C/C++:  1213 |   __init_with_size(__x.__begin_, __x.__end_, __x.size());
build	Build DaddyBoard (HeliBoard fork)	2026-09-30T15:43:53.9893243Z C/C++:       |   ^
build	Build DaddyBoard (HeliBoard fork)	2026-09-30T15:43:53.9893882Z C/C++: /home/runner/work/daddyboard/daddyboard/daddyboard-main/app/src/main/jni/src/dictionary/property/word_property.h:39:15: note: in instantiation of member function 'std::vector<latinime::NgramProperty>::vector' requested here
build	Build DaddyBoard (HeliBoard fork)	2026-09-30T15:43:53.9894569Z C/C++:    39 |               mNgrams(ngrams) {}
build	Build DaddyBoard (HeliBoard fork)	2026-09-30T15:43:53.9894783Z C/C++:       |               ^
build	Build DaddyBoard (HeliBoard fork)	2026-09-30T15:43:54.1872284Z C/C++: 5 warnings generated.
build	Build DaddyBoard (HeliBoard fork)	2026-09-30T15:43:54.5869928Z C/C++: In file included from /home/runner/work/daddyboard/daddyboard/daddyboard-main/app/src/main/jni/src/suggest/core/result/suggestion_results.cpp:17:
build	Build DaddyBoard (HeliBoard fork)	2026-09-30T15:43:54.5871410Z C/C++: In file included from /home/runner/work/daddyboard/daddyboard/daddyboard-main/app/src/main/jni/src/suggest/core/result/suggestion_results.h:25:
build	Build DaddyBoard (HeliBoard fork)	2026-09-30T15:43:54.5872573Z C/C++: In file included from /home/runner/work/daddyboard/daddyboard/daddyboard-main/app/src/main/jni/src/suggest/core/result/suggested_word.h:23:
build	Build DaddyBoard (HeliBoard fork)	2026-09-30T15:43:54.5873747Z C/C++: In file included from /home/runner/work/daddyboard/daddyboard/daddyboard-main/app/src/main/jni/src/suggest/core/dictionary/dictionary.h:25:
build	Build DaddyBoard (HeliBoard fork)	2026-09-30T15:43:54.5875379Z C/C++: In file included from /home/runner/work/daddyboard/daddyboard/daddyboard-main/app/src/main/jni/src/dictionary/interface/dictionary_structure_with_buffer_policy.h:23:
build	Build DaddyBoard (HeliBoard fork)	2026-09-30T15:43:54.5877251Z C/C++: /home/runner/work/daddyboard/daddyboard/daddyboard-main/app/src/main/jni/src/dictionary/property/historical_info.h:52:5: warning: definition of implicit copy constructor for 'HistoricalInfo' is deprecated because it has a user-declared copy assignment operator [-Wdeprecated-copy]
build	Build DaddyBoard (HeliBoard fork)	2026-09-30T15:43:54.5878719Z C/C++:    52 |     DISALLOW_ASSIGNMENT_OPERATOR(HistoricalInfo);
build	Build DaddyBoard (HeliBoard fork)	2026-09-30T15:43:54.5879119Z C/C++:       |     ^
build	Build DaddyBoard (HeliBoard fork)	2026-09-30T15:43:54.5879879Z C/C++: /home/runner/work/daddyboard/daddyboard/daddyboard-main/app/src/main/jni/src/defines.h:289:8: note: expanded from macro 'DISALLOW_ASSIGNMENT_OPERATOR'
build	Build DaddyBoard (HeliBoard fork)	2026-09-30T15:43:54.5880751Z C/C++:   289 |   void operator=(const TypeName&) = delete
build	Build DaddyBoard (HeliBoard fork)	2026-09-30T15:43:54.5881285Z C/C++:       |        ^
build	Build DaddyBoard (HeliBoard fork)	2026-09-30T15:43:54.5882309Z C/C++: /home/runner/work/daddyboard/daddyboard/daddyboard-main/app/src/main/jni/src/dictionary/property/ngram_property.h:33:42: note: in implicit copy constructor for 'latinime::HistoricalInfo' first required here
build	Build DaddyBoard (HeliBoard fork)	2026-09-30T15:43:54.5883540Z C/C++:    33 |               mProbability(probability), mHistoricalInfo(historicalInfo) {}
build	Build DaddyBoard (HeliBoard fork)	2026-09-30T15:43:54.5884058Z C/C++:       |                                          ^
build	Build DaddyBoard (HeliBoard fork)	2026-09-30T15:43:54.5884888Z C/C++: In file included from /home/runner/work/daddyboard/daddyboard/daddyboard-main/app/src/main/jni/src/suggest/core/result/suggestion_results.cpp:17:
build	Build DaddyBoard (HeliBoard fork)	2026-09-30T15:43:54.5886132Z C/C++: In file included from /home/runner/work/daddyboard/daddyboard/daddyboard-main/app/src/main/jni/src/suggest/core/result/suggestion_results.h:25:
build	Build DaddyBoard (HeliBoard fork)	2026-09-30T15:43:54.5887345Z C/C++: In file included from /home/runner/work/daddyboard/daddyboard/daddyboard-main/app/src/main/jni/src/suggest/core/result/suggested_word.h:23:
build	Build DaddyBoard (HeliBoard fork)	2026-09-30T15:43:54.5888579Z C/C++: In file included from /home/runner/work/daddyboard/daddyboard/daddyboard-main/app/src/main/jni/src/suggest/core/dictionary/dictionary.h:25:
build	Build DaddyBoard (HeliBoard fork)	2026-09-30T15:43:54.5889919Z C/C++: In file included from /home/runner/work/daddyboard/daddyboard/daddyboard-main/app/src/main/jni/src/dictionary/interface/dictionary_structure_with_buffer_policy.h:25:
build	Build DaddyBoard (HeliBoard fork)	2026-09-30T15:43:54.5891717Z C/C++: In file included from /home/runner/work/daddyboard/daddyboard/daddyboard-main/app/src/main/jni/src/dictionary/property/word_property.h:24:
build	Build DaddyBoard (HeliBoard fork)	2026-09-30T15:43:54.5893619Z C/C++: /home/runner/work/daddyboard/daddyboard/daddyboard-main/app/src/main/jni/src/dictionary/property/unigram_property.h:126:5: warning: definition of implicit copy constructor for 'UnigramProperty' is deprecated because it has a user-declared copy assignment operator [-Wdeprecated-copy]
build	Build DaddyBoard (HeliBoard fork)	2026-09-30T15:43:54.5895158Z C/C++:   126 |     DISALLOW_ASSIGNMENT_OPERATOR(UnigramProperty);
build	Build DaddyBoard (HeliBoard fork)	2026-09-30T15:43:54.5895573Z C/C++:       |     ^
build	Build DaddyBoard (HeliBoard fork)	2026-09-30T15:43:54.5896355Z C/C++: /home/runner/work/daddyboard/daddyboard/daddyboard-main/app/src/main/jni/src/defines.h:289:8: note: expanded from macro 'DISALLOW_ASSIGNMENT_OPERATOR'
build	Build DaddyBoard (HeliBoard fork)	2026-09-30T15:43:54.5897245Z C/C++:   289 |   void operator=(const TypeName&) = delete
build	Build DaddyBoard (HeliBoard fork)	2026-09-30T15:43:54.5897622Z C/C++:       |        ^
build	Build DaddyBoard (HeliBoard fork)	2026-09-30T15:43:54.5898631Z C/C++: /home/runner/work/daddyboard/daddyboard/daddyboard-main/app/src/main/jni/src/dictionary/property/word_property.h:38:51: note: in implicit copy constructor for 'latinime::UnigramProperty' first required here
build	Build DaddyBoard (HeliBoard fork)	2026-09-30T15:43:54.5899884Z C/C++:    38 |             : mCodePoints(std::move(codePoints)), mUnigramProperty(unigramProperty),
build	Build DaddyBoard (HeliBoard fork)	2026-09-30T15:43:54.5900421Z C/C++:       |                                                   ^
build	Build DaddyBoard (HeliBoard fork)	2026-09-30T15:43:54.5901171Z C/C++: In file included from /home/runner/work/daddyboard/daddyboard/daddyboard-main/app/src/main/jni/src/suggest/core/result/suggestion_results.cpp:19:
build	Build DaddyBoard (HeliBoard fork)	2026-09-30T15:43:54.5902086Z C/C++: /home/runner/work/daddyboard/daddyboard/daddyboard-main/app/src/main/jni/src/utils/jni_data_utils.h:52:27: warning: variable length arrays in C++ are a Clang extension [-Wvla-cxx-extension]
build	Build DaddyBoard (HeliBoard fork)	2026-09-30T15:43:54.5902931Z C/C++:    52 |             char keyChars[keyUtf8Length + 1];
build	Build DaddyBoard (HeliBoard fork)	2026-09-30T15:43:54.5903188Z C/C++:       |                           ^~~~~~~~~~~~~~~~~
build	Build DaddyBoard (HeliBoard fork)	2026-09-30T15:43:54.5903745Z C/C++: /home/runner/work/daddyboard/daddyboard/daddyboard-main/app/src/main/jni/src/utils/jni_data_utils.h:52:27: note: initializer of 'keyUtf8Length' is not a constant expression
build	Build DaddyBoard (HeliBoard fork)	2026-09-30T15:43:54.5904523Z C/C++: /home/runner/work/daddyboard/daddyboard/daddyboard-main/app/src/main/jni/src/utils/jni_data_utils.h:51:25: note: declared here
build	Build DaddyBoard (HeliBoard fork)	2026-09-30T15:43:54.5905045Z C/C++:    51 |             const jsize keyUtf8Length = env->GetStringUTFLength(keyString);
build	Build DaddyBoard (HeliBoard fork)	2026-09-30T15:43:54.5905340Z C/C++:       |                         ^
build	Build DaddyBoard (HeliBoard fork)	2026-09-30T15:43:54.5905915Z C/C++: /home/runner/work/daddyboard/daddyboard/daddyboard-main/app/src/main/jni/src/utils/jni_data_utils.h:62:29: warning: variable length arrays in C++ are a Clang extension [-Wvla-cxx-extension]
build	Build DaddyBoard (HeliBoard fork)	2026-09-30T15:43:54.5906557Z C/C++:    62 |             char valueChars[valueUtf8Length + 1];
build	Build DaddyBoard (HeliBoard fork)	2026-09-30T15:43:54.5906823Z C/C++:       |                             ^~~~~~~~~~~~~~~~~~~
build	Build DaddyBoard (HeliBoard fork)	2026-09-30T15:43:54.5907400Z C/C++: /home/runner/work/daddyboard/daddyboard/daddyboard-main/app/src/main/jni/src/utils/jni_data_utils.h:62:29: note: initializer of 'valueUtf8Length' is not a constant expression
build	Build DaddyBoard (HeliBoard fork)	2026-09-30T15:43:54.5908170Z C/C++: /home/runner/work/daddyboard/daddyboard/daddyboard-main/app/src/main/jni/src/utils/jni_data_utils.h:61:25: note: declared here
build	Build DaddyBoard (HeliBoard fork)	2026-09-30T15:43:54.5908697Z C/C++:    61 |             const jsize valueUtf8Length = env->GetStringUTFLength(valueString);
build	Build DaddyBoard (HeliBoard fork)	2026-09-30T15:43:54.5909008Z C/C++:       |                         ^
build	Build DaddyBoard (HeliBoard fork)	2026-09-30T15:43:54.5909577Z C/C++: /home/runner/work/daddyboard/daddyboard/daddyboard-main/app/src/main/jni/src/utils/jni_data_utils.h:77:29: warning: variable length arrays in C++ are a Clang extension [-Wvla-cxx-extension]
build	Build DaddyBoard (HeliBoard fork)	2026-09-30T15:43:54.5910190Z C/C++:    77 |         int outputCodePonts[codePointBufSize];
build	Build DaddyBoard (HeliBoard fork)	2026-09-30T15:43:54.5910447Z C/C++:       |                             ^~~~~~~~~~~~~~~~
build	Build DaddyBoard (HeliBoard fork)	2026-09-30T15:43:54.5911170Z C/C++: /home/runner/work/daddyboard/daddyboard/daddyboard-main/app/src/main/jni/src/utils/jni_data_utils.h:77:29: note: initializer of 'codePointBufSize' is not a constant expression
build	Build DaddyBoard (HeliBoard fork)	2026-09-30T15:43:54.5912076Z C/C++: /home/runner/work/daddyboard/daddyboard/daddyboard-main/app/src/main/jni/src/utils/jni_data_utils.h:76:19: note: declared here
build	Build DaddyBoard (HeliBoard fork)	2026-09-30T15:43:54.5912598Z C/C++:    76 |         const int codePointBufSize = std::min(maxLength, codePointCount);
build	Build DaddyBoard (HeliBoard fork)	2026-09-30T15:43:54.5912899Z C/C++:       |                   ^
build	Build DaddyBoard (HeliBoard fork)	2026-09-30T15:43:54.5913503Z C/C++: /home/runner/work/daddyboard/daddyboard/daddyboard-main/app/src/main/jni/src/suggest/core/result/suggestion_results.cpp:100:9: warning: variable 'index' set but not used [-Wunused-but-set-variable]
build	Build DaddyBoard (HeliBoard fork)	2026-09-30T15:43:54.5914116Z C/C++:   100 |     int index = 0;
build	Build DaddyBoard (HeliBoard fork)	2026-09-30T15:43:54.5914309Z C/C++:       |         ^
build	Build DaddyBoard (HeliBoard fork)	2026-09-30T15:43:54.5914761Z C/C++: In file included from /home/runner/work/daddyboard/daddyboard/daddyboard-main/app/src/main/jni/src/suggest/core/result/suggestion_results.cpp:17:
build	Build DaddyBoard (HeliBoard fork)	2026-09-30T15:43:54.5915506Z C/C++: In file included from /home/runner/work/daddyboard/daddyboard/daddyboard-main/app/src/main/jni/src/suggest/core/result/suggestion_results.h:25:
build	Build DaddyBoard (HeliBoard fork)	2026-09-30T15:43:54.5916222Z C/C++: In file included from /home/runner/work/daddyboard/daddyboard/daddyboard-main/app/src/main/jni/src/suggest/core/result/suggested_word.h:23:
build	Build DaddyBoard (HeliBoard fork)	2026-09-30T15:43:54.5916956Z C/C++: In file included from /home/runner/work/daddyboard/daddyboard/daddyboard-main/app/src/main/jni/src/suggest/core/dictionary/dictionary.h:25:
build	Build DaddyBoard (HeliBoard fork)	2026-09-30T15:43:54.5917739Z C/C++: In file included from /home/runner/work/daddyboard/daddyboard/daddyboard-main/app/src/main/jni/src/dictionary/interface/dictionary_structure_with_buffer_policy.h:25:
build	Build DaddyBoard (HeliBoard fork)	2026-09-30T15:43:54.5918628Z C/C++: In file included from /home/runner/work/daddyboard/daddyboard/daddyboard-main/app/src/main/jni/src/dictionary/property/word_property.h:23:
build	Build DaddyBoard (HeliBoard fork)	2026-09-30T15:43:54.5919332Z C/C++: In file included from /home/runner/work/daddyboard/daddyboard/daddyboard-main/app/src/main/jni/src/dictionary/property/ngram_property.h:24:
build	Build DaddyBoard (HeliBoard fork)	2026-09-30T15:43:54.5920039Z C/C++: In file included from /home/runner/work/daddyboard/daddyboard/daddyboard-main/app/src/main/jni/src/dictionary/property/ngram_context.h:23:
build	Build DaddyBoard (HeliBoard fork)	2026-09-30T15:43:54.5921226Z C/C++: /home/runner/work/daddyboard/daddyboard/daddyboard-main/app/src/main/jni/src/utils/int_array_view.h:160:5: warning: definition of implicit copy constructor for 'IntArrayView' is deprecated because it has a user-declared copy assignment operator [-Wdeprecated-copy]
build	Build DaddyBoard (HeliBoard fork)	2026-09-30T15:43:54.5922028Z C/C++:   160 |     DISALLOW_ASSIGNMENT_OPERATOR(IntArrayView);
build	Build DaddyBoard (HeliBoard fork)	2026-09-30T15:43:54.5922268Z C/C++:       |     ^
build	Build DaddyBoard (HeliBoard fork)	2026-09-30T15:43:54.5922725Z C/C++: /home/runner/work/daddyboard/daddyboard/daddyboard-main/app/src/main/jni/src/defines.h:289:8: note: expanded from macro 'DISALLOW_ASSIGNMENT_OPERATOR'
build	Build DaddyBoard (HeliBoard fork)	2026-09-30T15:43:54.5923243Z C/C++:   289 |   void operator=(const TypeName&) = delete
build	Build DaddyBoard (HeliBoard fork)	2026-09-30T15:43:54.5923469Z C/C++:       |        ^
build	Build DaddyBoard (HeliBoard fork)	2026-09-30T15:43:54.5924099Z C/C++: /usr/local/lib/android/sdk/ndk/28.0.13004108/toolchains/llvm/prebuilt/linux-x86_64/sysroot/usr/include/c++/v1/__memory/allocator.h:173:24: note: in implicit copy constructor for 'latinime::IntArrayView' first required here
build	Build DaddyBoard (HeliBoard fork)	2026-09-30T15:43:54.5924820Z C/C++:   173 |     ::new ((void*)__p) _Up(std::forward<_Args>(__args)...);
build	Build DaddyBoard (HeliBoard fork)	2026-09-30T15:43:54.5925081Z C/C++:       |                        ^
build	Build DaddyBoard (HeliBoard fork)	2026-09-30T15:43:54.5925963Z C/C++: /usr/local/lib/android/sdk/ndk/28.0.13004108/toolchains/llvm/prebuilt/linux-x86_64/sysroot/usr/include/c++/v1/__memory/allocator_traits.h:320:9: note: in instantiation of function template specialization 'std::allocator<latinime::IntArrayView>::construct<latinime::IntArrayView, latinime::IntArrayView>' requested here
build	Build DaddyBoard (HeliBoard fork)	2026-09-30T15:43:54.5926894Z C/C++:   320 |     __a.construct(__p, std::forward<_Args>(__args)...);
build	Build DaddyBoard (HeliBoard fork)	2026-09-30T15:43:54.5927144Z C/C++:       |         ^
build	Build DaddyBoard (HeliBoard fork)	2026-09-30T15:43:54.5928082Z C/C++: /usr/local/lib/android/sdk/ndk/28.0.13004108/toolchains/llvm/prebuilt/linux-x86_64/sysroot/usr/include/c++/v1/__memory/uninitialized_algorithms.h:639:33: note: in instantiation of function template specialization 'std::allocator_traits<std::allocator<latinime::IntArrayView>>::construct<latinime::IntArrayView, latinime::IntArrayView, 0>' requested here
build	Build DaddyBoard (HeliBoard fork)	2026-09-30T15:43:54.5929301Z C/C++:   639 |       allocator_traits<_Alloc>::construct(__alloc, __result, std::move(*__iter));
build	Build DaddyBoard (HeliBoard fork)	2026-09-30T15:43:54.5929623Z C/C++:       |                                 ^
build	Build DaddyBoard (HeliBoard fork)	2026-09-30T15:43:54.5930327Z C/C++: /usr/local/lib/android/sdk/ndk/28.0.13004108/toolchains/llvm/prebuilt/linux-x86_64/sysroot/usr/include/c++/v1/vector:1511:3: note: in instantiation of member function 'std::vector<latinime::IntArrayView>::__swap_out_circular_buffer' requested here
build	Build DaddyBoard (HeliBoard fork)	2026-09-30T15:43:54.5931116Z C/C++:  1511 |   __swap_out_circular_buffer(__v);
build	Build DaddyBoard (HeliBoard fork)	2026-09-30T15:43:54.5931332Z C/C++:       |   ^
build	Build DaddyBoard (HeliBoard fork)	2026-09-30T15:43:54.5932134Z C/C++: /usr/local/lib/android/sdk/ndk/28.0.13004108/toolchains/llvm/prebuilt/linux-x86_64/sysroot/usr/include/c++/v1/vector:1529:13: note: in instantiation of function template specialization 'std::vector<latinime::IntArrayView>::__emplace_back_slow_path<const int *const &, const unsigned long &>' requested here
build	Build DaddyBoard (HeliBoard fork)	2026-09-30T15:43:54.5933048Z C/C++:  1529 |     __end = __emplace_back_slow_path(std::forward<_Args>(__args)...);
build	Build DaddyBoard (HeliBoard fork)	2026-09-30T15:43:54.5933330Z C/C++:       |             ^
build	Build DaddyBoard (HeliBoard fork)	2026-09-30T15:43:54.5934093Z C/C++: /home/runner/work/daddyboard/daddyboard/daddyboard-main/app/src/main/jni/src/utils/int_array_view.h:142:20: note: in instantiation of function template specialization 'std::vector<latinime::IntArrayView>::emplace_back<const int *const &, const unsigned long &>' requested here
build	Build DaddyBoard (HeliBoard fork)	2026-09-30T15:43:54.5935014Z C/C++:   142 |             result.emplace_back(mPtr, mSize);
build	Build DaddyBoard (HeliBoard fork)	2026-09-30T15:43:54.5935248Z C/C++:       |                    ^
build	Build DaddyBoard (HeliBoard fork)	2026-09-30T15:43:54.5935719Z C/C++: In file included from /home/runner/work/daddyboard/daddyboard/daddyboard-main/app/src/main/jni/src/suggest/core/result/suggestion_results.cpp:17:
build	Build DaddyBoard (HeliBoard fork)	2026-09-30T15:43:54.5936465Z C/C++: In file included from /home/runner/work/daddyboard/daddyboard/daddyboard-main/app/src/main/jni/src/suggest/core/result/suggestion_results.h:25:
build	Build DaddyBoard (HeliBoard fork)	2026-09-30T15:43:54.5937185Z C/C++: In file included from /home/runner/work/daddyboard/daddyboard/daddyboard-main/app/src/main/jni/src/suggest/core/result/suggested_word.h:23:
build	Build DaddyBoard (HeliBoard fork)	2026-09-30T15:43:54.5937888Z C/C++: In file included from /home/runner/work/daddyboard/daddyboard/daddyboard-main/app/src/main/jni/src/suggest/core/dictionary/dictionary.h:25:
build	Build DaddyBoard (HeliBoard fork)	2026-09-30T15:43:54.5938664Z C/C++: In file included from /home/runner/work/daddyboard/daddyboard/daddyboard-main/app/src/main/jni/src/dictionary/interface/dictionary_structure_with_buffer_policy.h:25:
build	Build DaddyBoard (HeliBoard fork)	2026-09-30T15:43:54.5939445Z C/C++: In file included from /home/runner/work/daddyboard/daddyboard/daddyboard-main/app/src/main/jni/src/dictionary/property/word_property.h:23:
build	Build DaddyBoard (HeliBoard fork)	2026-09-30T15:43:54.5940511Z C/C++: /home/runner/work/daddyboard/daddyboard/daddyboard-main/app/src/main/jni/src/dictionary/property/ngram_property.h:54:5: warning: definition of implicit copy constructor for 'NgramProperty' is deprecated because it has a user-declared copy assignment operator [-Wdeprecated-copy]
build	Build DaddyBoard (HeliBoard fork)	2026-09-30T15:43:54.5941454Z C/C++:    54 |     DISALLOW_ASSIGNMENT_OPERATOR(NgramProperty);
build	Build DaddyBoard (HeliBoard fork)	2026-09-30T15:43:54.5941713Z C/C++:       |     ^
build	Build DaddyBoard (HeliBoard fork)	2026-09-30T15:43:54.5942179Z C/C++: /home/runner/work/daddyboard/daddyboard/daddyboard-main/app/src/main/jni/src/defines.h:289:8: note: expanded from macro 'DISALLOW_ASSIGNMENT_OPERATOR'
build	Build DaddyBoard (HeliBoard fork)	2026-09-30T15:43:54.5942703Z C/C++:   289 |   void operator=(const TypeName&) = delete
build	Build DaddyBoard (HeliBoard fork)	2026-09-30T15:43:54.5942934Z C/C++:       |        ^
build	Build DaddyBoard (HeliBoard fork)	2026-09-30T15:43:54.5943790Z C/C++: /usr/local/lib/android/sdk/ndk/28.0.13004108/toolchains/llvm/prebuilt/linux-x86_64/sysroot/usr/include/c++/v1/__memory/allocator.h:173:24: note: in implicit copy constructor for 'latinime::NgramProperty' first required here
build	Build DaddyBoard (HeliBoard fork)	2026-09-30T15:43:54.5944881Z C/C++:   173 |     ::new ((void*)__p) _Up(std::forward<_Args>(__args)...);
build	Build DaddyBoard (HeliBoard fork)	2026-09-30T15:43:54.5945425Z C/C++:       |                        ^
build	Build DaddyBoard (HeliBoard fork)	2026-09-30T15:43:54.5946557Z C/C++: /usr/local/lib/android/sdk/ndk/28.0.13004108/toolchains/llvm/prebuilt/linux-x86_64/sysroot/usr/include/c++/v1/__memory/allocator_traits.h:320:9: note: in instantiation of function template specialization 'std::allocator<latinime::NgramProperty>::construct<latinime::NgramProperty, latinime::NgramProperty &>' requested here
build	Build DaddyBoard (HeliBoard fork)	2026-09-30T15:43:54.5947505Z C/C++:   320 |     __a.construct(__p, std::forward<_Args>(__args)...);
build	Build DaddyBoard (HeliBoard fork)	2026-09-30T15:43:54.5947758Z C/C++:       |         ^
build	Build DaddyBoard (HeliBoard fork)	2026-09-30T15:43:54.5948720Z C/C++: /usr/local/lib/android/sdk/ndk/28.0.13004108/toolchains/llvm/prebuilt/linux-x86_64/sysroot/usr/include/c++/v1/__memory/uninitialized_algorithms.h:551:31: note: in instantiation of function template specialization 'std::allocator_traits<std::allocator<latinime::NgramProperty>>::construct<latinime::NgramProperty, latinime::NgramProperty &, 0>' requested here
build	Build DaddyBoard (HeliBoard fork)	2026-09-30T15:43:54.5949838Z C/C++:   551 |     allocator_traits<_Alloc>::construct(__alloc, std::__to_address(__first2), *__first1);
build	Build DaddyBoard (HeliBoard fork)	2026-09-30T15:43:54.5950179Z C/C++:       |                               ^
build	Build DaddyBoard (HeliBoard fork)	2026-09-30T15:43:54.5951435Z C/C++: /usr/local/lib/android/sdk/ndk/28.0.13004108/toolchains/llvm/prebuilt/linux-x86_64/sysroot/usr/include/c++/v1/__memory/uninitialized_algorithms.h:594:33: note: in instantiation of function template specialization 'std::__uninitialized_allocator_copy_impl<std::allocator<latinime::NgramProperty>, latinime::NgramProperty *, latinime::NgramProperty *, latinime::NgramProperty *>' requested here
build	Build DaddyBoard (HeliBoard fork)	2026-09-30T15:43:54.5952580Z C/C++:   594 |   auto __result          = std::__uninitialized_allocator_copy_impl(
build	Build DaddyBoard (HeliBoard fork)	2026-09-30T15:43:54.5953173Z C/C++:       |                                 ^
build	Build DaddyBoard (HeliBoard fork)	2026-09-30T15:43:54.5954165Z C/C++: /usr/local/lib/android/sdk/ndk/28.0.13004108/toolchains/llvm/prebuilt/linux-x86_64/sysroot/usr/include/c++/v1/vector:1100:22: note: in instantiation of function template specialization 'std::__uninitialized_allocator_copy<std::allocator<latinime::NgramProperty>, latinime::NgramProperty *, latinime::NgramProperty *, latinime::NgramProperty *>' requested here
build	Build DaddyBoard (HeliBoard fork)	2026-09-30T15:43:54.5955288Z C/C++:  1100 |   __tx.__pos_ = std::__uninitialized_allocator_copy(__alloc(), __first, __last, __tx.__pos_);
build	Build DaddyBoard (HeliBoard fork)	2026-09-30T15:43:54.5955631Z C/C++:       |                      ^
build	Build DaddyBoard (HeliBoard fork)	2026-09-30T15:43:54.5956481Z C/C++: /usr/local/lib/android/sdk/ndk/28.0.13004108/toolchains/llvm/prebuilt/linux-x86_64/sysroot/usr/include/c++/v1/vector:761:7: note: in instantiation of function template specialization 'std::vector<latinime::NgramProperty>::__construct_at_end<latinime::NgramProperty *, latinime::NgramProperty *>' requested here
build	Build DaddyBoard (HeliBoard fork)	2026-09-30T15:43:54.5957377Z C/C++:   761 |       __construct_at_end(__first, __last, __n);
build	Build DaddyBoard (HeliBoard fork)	2026-09-30T15:43:54.5957611Z C/C++:       |       ^
build	Build DaddyBoard (HeliBoard fork)	2026-09-30T15:43:54.5958425Z C/C++: /usr/local/lib/android/sdk/ndk/28.0.13004108/toolchains/llvm/prebuilt/linux-x86_64/sysroot/usr/include/c++/v1/vector:1213:3: note: in instantiation of function template specialization 'std::vector<latinime::NgramProperty>::__init_with_size<latinime::NgramProperty *, latinime::NgramProperty *>' requested here
build	Build DaddyBoard (HeliBoard fork)	2026-09-30T15:43:54.5959327Z C/C++:  1213 |   __init_with_size(__x.__begin_, __x.__end_, __x.size());
build	Build DaddyBoard (HeliBoard fork)	2026-09-30T15:43:54.5959577Z C/C++:       |   ^
build	Build DaddyBoard (HeliBoard fork)	2026-09-30T15:43:54.5960231Z C/C++: /home/runner/work/daddyboard/daddyboard/daddyboard-main/app/src/main/jni/src/dictionary/property/word_property.h:39:15: note: in instantiation of member function 'std::vector<latinime::NgramProperty>::vector' requested here
build	Build DaddyBoard (HeliBoard fork)	2026-09-30T15:43:54.5961052Z C/C++:    39 |               mNgrams(ngrams) {}
build	Build DaddyBoard (HeliBoard fork)	2026-09-30T15:43:54.5961287Z C/C++:       |               ^
build	Build DaddyBoard (HeliBoard fork)	2026-09-30T15:43:54.6869835Z C/C++: In file included from /home/runner/work/daddyboard/daddyboard/daddyboard-main/app/src/main/jni/src/suggest/core/result/suggestion_results.cpp:17:
build	Build DaddyBoard (HeliBoard fork)	2026-09-30T15:43:54.6870728Z C/C++: In file included from /home/runner/work/daddyboard/daddyboard/daddyboard-main/app/src/main/jni/src/suggest/core/result/suggestion_results.h:25:
build	Build DaddyBoard (HeliBoard fork)	2026-09-30T15:43:54.6872233Z C/C++: /home/runner/work/daddyboard/daddyboard/daddyboard-main/app/src/main/jni/src/suggest/core/result/suggested_word.h:39:9: warning: definition of implicit copy constructor for 'Comparator' is deprecated because it has a user-declared copy assignment operator [-Wdeprecated-copy]
build	Build DaddyBoard (HeliBoard fork)	2026-09-30T15:43:54.6873114Z C/C++:    39 |         DISALLOW_ASSIGNMENT_OPERATOR(Comparator);
build	Build DaddyBoard (HeliBoard fork)	2026-09-30T15:43:54.6873363Z C/C++:       |         ^
build	Build DaddyBoard (HeliBoard fork)	2026-09-30T15:43:54.6873834Z C/C++: /home/runner/work/daddyboard/daddyboard/daddyboard-main/app/src/main/jni/src/defines.h:289:8: note: expanded from macro 'DISALLOW_ASSIGNMENT_OPERATOR'
build	Build DaddyBoard (HeliBoard fork)	2026-09-30T15:43:54.6874368Z C/C++:   289 |   void operator=(const TypeName&) = delete
build	Build DaddyBoard (HeliBoard fork)	2026-09-30T15:43:54.6874605Z C/C++:       |        ^
build	Build DaddyBoard (HeliBoard fork)	2026-09-30T15:43:54.6875240Z C/C++: /usr/local/lib/android/sdk/ndk/28.0.13004108/toolchains/llvm/prebuilt/linux-x86_64/sysroot/usr/include/c++/v1/queue:920:37: note: in implicit copy constructor for 'latinime::SuggestedWord::Comparator' first required here
build	Build DaddyBoard (HeliBoard fork)	2026-09-30T15:43:54.6875913Z C/C++:   920 |   std::pop_heap(c.begin(), c.end(), comp);
build	Build DaddyBoard (HeliBoard fork)	2026-09-30T15:43:54.6876165Z C/C++:       |                                     ^
build	Build DaddyBoard (HeliBoard fork)	2026-09-30T15:43:54.6877091Z C/C++: /home/runner/work/daddyboard/daddyboard/daddyboard-main/app/src/main/jni/src/suggest/core/result/suggestion_results.cpp:44:25: note: in instantiation of member function 'std::priority_queue<latinime::SuggestedWord, std::vector<latinime::SuggestedWord>, latinime::SuggestedWord::Comparator>::pop' requested here
build	Build DaddyBoard (HeliBoard fork)	2026-09-30T15:43:54.6878006Z C/C++:    44 |         mSuggestedWords.pop();
build	Build DaddyBoard (HeliBoard fork)	2026-09-30T15:43:54.6878354Z C/C++:       |                         ^
build	Build DaddyBoard (HeliBoard fork)	2026-09-30T15:43:54.7869187Z C/C++: 9 warnings generated.
build	Build DaddyBoard (HeliBoard fork)	2026-09-30T15:43:55.0869663Z C/C++: In file included from /home/runner/work/daddyboard/daddyboard/daddyboard-main/app/src/main/jni/src/suggest/core/result/suggestions_output_utils.cpp:23:
build	Build DaddyBoard (HeliBoard fork)	2026-09-30T15:43:55.0870608Z C/C++: In file included from /home/runner/work/daddyboard/daddyboard/daddyboard-main/app/src/main/jni/src/suggest/core/dicnode/dic_node.h:22:
build	Build DaddyBoard (HeliBoard fork)	2026-09-30T15:43:55.0871544Z C/C++: In file included from /home/runner/work/daddyboard/daddyboard/daddyboard-main/app/src/main/jni/src/suggest/core/dicnode/dic_node_utils.h:21:
build	Build DaddyBoard (HeliBoard fork)	2026-09-30T15:43:55.0872621Z C/C++: /home/runner/work/daddyboard/daddyboard/daddyboard-main/app/src/main/jni/src/utils/int_array_view.h:160:5: warning: definition of implicit copy constructor for 'IntArrayView' is deprecated because it has a user-declared copy assignment operator [-Wdeprecated-copy]
build	Build DaddyBoard (HeliBoard fork)	2026-09-30T15:43:55.0873485Z C/C++:   160 |     DISALLOW_ASSIGNMENT_OPERATOR(IntArrayView);
build	Build DaddyBoard (HeliBoard fork)	2026-09-30T15:43:55.0873743Z C/C++:       |     ^
build	Build DaddyBoard (HeliBoard fork)	2026-09-30T15:43:55.0874208Z C/C++: /home/runner/work/daddyboard/daddyboard/daddyboard-main/app/src/main/jni/src/defines.h:289:8: note: expanded from macro 'DISALLOW_ASSIGNMENT_OPERATOR'
build	Build DaddyBoard (HeliBoard fork)	2026-09-30T15:43:55.0874749Z C/C++:   289 |   void operator=(const TypeName&) = delete
build	Build DaddyBoard (HeliBoard fork)	2026-09-30T15:43:55.0874988Z C/C++:       |        ^
build	Build DaddyBoard (HeliBoard fork)	2026-09-30T15:43:55.0875597Z C/C++: /home/runner/work/daddyboard/daddyboard/daddyboard-main/app/src/main/jni/src/suggest/core/dicnode/dic_node.h:110:53: note: in implicit copy constructor for 'latinime::IntArrayView' first required here
build	Build DaddyBoard (HeliBoard fork)	2026-09-30T15:43:55.0876321Z C/C++:   110 |         mDicNodeProperties.init(rootPtNodeArrayPos, prevWordIds);
build	Build DaddyBoard (HeliBoard fork)	2026-09-30T15:43:55.0876648Z C/C++:       |                                                     ^
build	Build DaddyBoard (HeliBoard fork)	2026-09-30T15:43:55.1870220Z C/C++: In file included from /home/runner/work/daddyboard/daddyboard/daddyboard-main/app/src/main/jni/src/suggest/core/result/suggestions_output_utils.cpp:27:
build	Build DaddyBoard (HeliBoard fork)	2026-09-30T15:43:55.1871812Z C/C++: In file included from /home/runner/work/daddyboard/daddyboard/daddyboard-main/app/src/main/jni/src/suggest/core/result/suggestion_results.h:25:
build	Build DaddyBoard (HeliBoard fork)	2026-09-30T15:43:55.1873025Z C/C++: In file included from /home/runner/work/daddyboard/daddyboard/daddyboard-main/app/src/main/jni/src/suggest/core/result/suggested_word.h:23:
build	Build DaddyBoard (HeliBoard fork)	2026-09-30T15:43:55.1874607Z C/C++: In file included from /home/runner/work/daddyboard/daddyboard/daddyboard-main/app/src/main/jni/src/suggest/core/dictionary/dictionary.h:25:
build	Build DaddyBoard (HeliBoard fork)	2026-09-30T15:43:55.1875818Z C/C++: In file included from /home/runner/work/daddyboard/daddyboard/daddyboard-main/app/src/main/jni/src/dictionary/interface/dictionary_structure_with_buffer_policy.h:23:
build	Build DaddyBoard (HeliBoard fork)	2026-09-30T15:43:55.1877408Z C/C++: /home/runner/work/daddyboard/daddyboard/daddyboard-main/app/src/main/jni/src/dictionary/property/historical_info.h:52:5: warning: definition of implicit copy constructor for 'HistoricalInfo' is deprecated because it has a user-declared copy assignment operator [-Wdeprecated-copy]
build	Build DaddyBoard (HeliBoard fork)	2026-09-30T15:43:55.1878383Z C/C++:    52 |     DISALLOW_ASSIGNMENT_OPERATOR(HistoricalInfo);
build	Build DaddyBoard (HeliBoard fork)	2026-09-30T15:43:55.1878637Z C/C++:       |     ^
build	Build DaddyBoard (HeliBoard fork)	2026-09-30T15:43:55.1879110Z C/C++: /home/runner/work/daddyboard/daddyboard/daddyboard-main/app/src/main/jni/src/defines.h:289:8: note: expanded from macro 'DISALLOW_ASSIGNMENT_OPERATOR'
build	Build DaddyBoard (HeliBoard fork)	2026-09-30T15:43:55.1879651Z C/C++:   289 |   void operator=(const TypeName&) = delete
build	Build DaddyBoard (HeliBoard fork)	2026-09-30T15:43:55.1879887Z C/C++:       |        ^
build	Build DaddyBoard (HeliBoard fork)	2026-09-30T15:43:55.1880544Z C/C++: /home/runner/work/daddyboard/daddyboard/daddyboard-main/app/src/main/jni/src/dictionary/property/ngram_property.h:33:42: note: in implicit copy constructor for 'latinime::HistoricalInfo' first required here
build	Build DaddyBoard (HeliBoard fork)	2026-09-30T15:43:55.1881622Z C/C++:    33 |               mProbability(probability), mHistoricalInfo(historicalInfo) {}
build	Build DaddyBoard (HeliBoard fork)	2026-09-30T15:43:55.1882117Z C/C++:       |                                          ^
build	Build DaddyBoard (HeliBoard fork)	2026-09-30T15:43:55.1882925Z C/C++: In file included from /home/runner/work/daddyboard/daddyboard/daddyboard-main/app/src/main/jni/src/suggest/core/result/suggestions_output_utils.cpp:27:
build	Build DaddyBoard (HeliBoard fork)	2026-09-30T15:43:55.1884097Z C/C++: In file included from /home/runner/work/daddyboard/daddyboard/daddyboard-main/app/src/main/jni/src/suggest/core/result/suggestion_results.h:25:
build	Build DaddyBoard (HeliBoard fork)	2026-09-30T15:43:55.1884833Z C/C++: In file included from /home/runner/work/daddyboard/daddyboard/daddyboard-main/app/src/main/jni/src/suggest/core/result/suggested_word.h:23:
build	Build DaddyBoard (HeliBoard fork)	2026-09-30T15:43:55.1885568Z C/C++: In file included from /home/runner/work/daddyboard/daddyboard/daddyboard-main/app/src/main/jni/src/suggest/core/dictionary/dictionary.h:25:
build	Build DaddyBoard (HeliBoard fork)	2026-09-30T15:43:55.1886359Z C/C++: In file included from /home/runner/work/daddyboard/daddyboard/daddyboard-main/app/src/main/jni/src/dictionary/interface/dictionary_structure_with_buffer_policy.h:25:
build	Build DaddyBoard (HeliBoard fork)	2026-09-30T15:43:55.1887145Z C/C++: In file included from /home/runner/work/daddyboard/daddyboard/daddyboard-main/app/src/main/jni/src/dictionary/property/word_property.h:24:
build	Build DaddyBoard (HeliBoard fork)	2026-09-30T15:43:55.1888246Z C/C++: /home/runner/work/daddyboard/daddyboard/daddyboard-main/app/src/main/jni/src/dictionary/property/unigram_property.h:126:5: warning: definition of implicit copy constructor for 'UnigramProperty' is deprecated because it has a user-declared copy assignment operator [-Wdeprecated-copy]
build	Build DaddyBoard (HeliBoard fork)	2026-09-30T15:43:55.1889125Z C/C++:   126 |     DISALLOW_ASSIGNMENT_OPERATOR(UnigramProperty);
build	Build DaddyBoard (HeliBoard fork)	2026-09-30T15:43:55.1889379Z C/C++:       |     ^
build	Build DaddyBoard (HeliBoard fork)	2026-09-30T15:43:55.1889834Z C/C++: /home/runner/work/daddyboard/daddyboard/daddyboard-main/app/src/main/jni/src/defines.h:289:8: note: expanded from macro 'DISALLOW_ASSIGNMENT_OPERATOR'
build	Build DaddyBoard (HeliBoard fork)	2026-09-30T15:43:55.1890352Z C/C++:   289 |   void operator=(const TypeName&) = delete
build	Build DaddyBoard (HeliBoard fork)	2026-09-30T15:43:55.1890583Z C/C++:       |        ^
build	Build DaddyBoard (HeliBoard fork)	2026-09-30T15:43:55.1891367Z C/C++: /home/runner/work/daddyboard/daddyboard/daddyboard-main/app/src/main/jni/src/dictionary/property/word_property.h:38:51: note: in implicit copy constructor for 'latinime::UnigramProperty' first required here
build	Build DaddyBoard (HeliBoard fork)	2026-09-30T15:43:55.1892123Z C/C++:    38 |             : mCodePoints(std::move(codePoints)), mUnigramProperty(unigramProperty),
build	Build DaddyBoard (HeliBoard fork)	2026-09-30T15:43:55.1892477Z C/C++:       |                                                   ^
build	Build DaddyBoard (HeliBoard fork)	2026-09-30T15:43:55.1893017Z C/C++: In file included from /home/runner/work/daddyboard/daddyboard/daddyboard-main/app/src/main/jni/src/suggest/core/result/suggestions_output_utils.cpp:28:
build	Build DaddyBoard (HeliBoard fork)	2026-09-30T15:43:55.1893959Z C/C++: In file included from /home/runner/work/daddyboard/daddyboard/daddyboard-main/app/src/main/jni/src/suggest/core/session/dic_traverse_session.h:23:
build	Build DaddyBoard (HeliBoard fork)	2026-09-30T15:43:55.1894687Z C/C++: In file included from /home/runner/work/daddyboard/daddyboard/daddyboard-main/app/src/main/jni/src/dictionary/utils/multi_bigram_map.h:27:
build	Build DaddyBoard (HeliBoard fork)	2026-09-30T15:43:55.1895737Z C/C++: /home/runner/work/daddyboard/daddyboard/daddyboard-main/app/src/main/jni/src/dictionary/utils/bloom_filter.h:47:5: warning: definition of implicit copy constructor for 'BloomFilter' is deprecated because it has a user-declared copy assignment operator [-Wdeprecated-copy]
build	Build DaddyBoard (HeliBoard fork)	2026-09-30T15:43:55.1896567Z C/C++:    47 |     DISALLOW_ASSIGNMENT_OPERATOR(BloomFilter);
build	Build DaddyBoard (HeliBoard fork)	2026-09-30T15:43:55.1896803Z C/C++:       |     ^
build	Build DaddyBoard (HeliBoard fork)	2026-09-30T15:43:55.1897252Z C/C++: /home/runner/work/daddyboard/daddyboard/daddyboard-main/app/src/main/jni/src/defines.h:289:8: note: expanded from macro 'DISALLOW_ASSIGNMENT_OPERATOR'
build	Build DaddyBoard (HeliBoard fork)	2026-09-30T15:43:55.1897771Z C/C++:   289 |   void operator=(const TypeName&) = delete
build	Build DaddyBoard (HeliBoard fork)	2026-09-30T15:43:55.1897998Z C/C++:       |        ^
build	Build DaddyBoard (HeliBoard fork)	2026-09-30T15:43:55.1898706Z C/C++: /home/runner/work/daddyboard/daddyboard/daddyboard-main/app/src/main/jni/src/dictionary/utils/multi_bigram_map.h:57:53: note: in implicit copy constructor for 'latinime::BloomFilter' first required here
build	Build DaddyBoard (HeliBoard fork)	2026-09-30T15:43:55.1899515Z C/C++:    57 |                 : mBigramMap(bigramMap.mBigramMap), mBloomFilter(bigramMap.mBloomFilter) {}
build	Build DaddyBoard (HeliBoard fork)	2026-09-30T15:43:55.1899876Z C/C++:       |                                                     ^
build	Build DaddyBoard (HeliBoard fork)	2026-09-30T15:43:55.1900523Z C/C++: In file included from /home/runner/work/daddyboard/daddyboard/daddyboard-main/app/src/main/jni/src/suggest/core/result/suggestions_output_utils.cpp:17:
build	Build DaddyBoard (HeliBoard fork)	2026-09-30T15:43:55.1901496Z C/C++: In file included from /home/runner/work/daddyboard/daddyboard/daddyboard-main/app/src/main/jni/src/suggest/core/result/suggestions_output_utils.h:21:
build	Build DaddyBoard (HeliBoard fork)	2026-09-30T15:43:55.1902603Z C/C++: /home/runner/work/daddyboard/daddyboard/daddyboard-main/app/src/main/jni/src/dictionary/property/word_attributes.h:59:5: warning: definition of implicit copy constructor for 'WordAttributes' is deprecated because it has a user-declared copy assignment operator [-Wdeprecated-copy]
build	Build DaddyBoard (HeliBoard fork)	2026-09-30T15:43:55.1903450Z C/C++:    59 |     DISALLOW_ASSIGNMENT_OPERATOR(WordAttributes);
build	Build DaddyBoard (HeliBoard fork)	2026-09-30T15:43:55.1903690Z C/C++:       |     ^
build	Build DaddyBoard (HeliBoard fork)	2026-09-30T15:43:55.1904139Z C/C++: /home/runner/work/daddyboard/daddyboard/daddyboard-main/app/src/main/jni/src/defines.h:289:8: note: expanded from macro 'DISALLOW_ASSIGNMENT_OPERATOR'
build	Build DaddyBoard (HeliBoard fork)	2026-09-30T15:43:55.1904662Z C/C++:   289 |   void operator=(const TypeName&) = delete
build	Build DaddyBoard (HeliBoard fork)	2026-09-30T15:43:55.1904890Z C/C++:       |        ^
build	Build DaddyBoard (HeliBoard fork)	2026-09-30T15:43:55.1905488Z C/C++: /home/runner/work/daddyboard/daddyboard/daddyboard-main/app/src/main/jni/src/suggest/core/result/suggestions_output_utils.cpp:161:30: note: in implicit copy constructor for 'WordAttributes' first required here
build	Build DaddyBoard (HeliBoard fork)	2026-09-30T15:43:55.1906194Z C/C++:   161 |             terminalDicNode, wordAttributes, true /* isLastWord */);
build	Build DaddyBoard (HeliBoard fork)	2026-09-30T15:43:55.1906483Z C/C++:       |                              ^
build	Build DaddyBoard (HeliBoard fork)	2026-09-30T15:43:55.2870152Z C/C++: In file included from /home/runner/work/daddyboard/daddyboard/daddyboard-main/app/src/main/jni/src/suggest/core/result/suggestions_output_utils.cpp:27:
build	Build DaddyBoard (HeliBoard fork)	2026-09-30T15:43:55.2871703Z C/C++: In file included from /home/runner/work/daddyboard/daddyboard/daddyboard-main/app/src/main/jni/src/suggest/core/result/suggestion_results.h:25:
build	Build DaddyBoard (HeliBoard fork)	2026-09-30T15:43:55.2872923Z C/C++: In file included from /home/runner/work/daddyboard/daddyboard/daddyboard-main/app/src/main/jni/src/suggest/core/result/suggested_word.h:23:
build	Build DaddyBoard (HeliBoard fork)	2026-09-30T15:43:55.2874153Z C/C++: In file included from /home/runner/work/daddyboard/daddyboard/daddyboard-main/app/src/main/jni/src/suggest/core/dictionary/dictionary.h:25:
build	Build DaddyBoard (HeliBoard fork)	2026-09-30T15:43:55.2875469Z C/C++: In file included from /home/runner/work/daddyboard/daddyboard/daddyboard-main/app/src/main/jni/src/dictionary/interface/dictionary_structure_with_buffer_policy.h:25:
build	Build DaddyBoard (HeliBoard fork)	2026-09-30T15:43:55.2884745Z C/C++: In file included from /home/runner/work/daddyboard/daddyboard/daddyboard-main/app/src/main/jni/src/dictionary/property/word_property.h:23:
build	Build DaddyBoard (HeliBoard fork)	2026-09-30T15:43:55.2886564Z C/C++: /home/runner/work/daddyboard/daddyboard/daddyboard-main/app/src/main/jni/src/dictionary/property/ngram_property.h:54:5: warning: definition of implicit copy constructor for 'NgramProperty' is deprecated because it has a user-declared copy assignment operator [-Wdeprecated-copy]
build	Build DaddyBoard (HeliBoard fork)	2026-09-30T15:43:55.2888024Z C/C++:    54 |     DISALLOW_ASSIGNMENT_OPERATOR(NgramProperty);
build	Build DaddyBoard (HeliBoard fork)	2026-09-30T15:43:55.2888440Z C/C++:       |     ^
build	Build DaddyBoard (HeliBoard fork)	2026-09-30T15:43:55.2889182Z C/C++: /home/runner/work/daddyboard/daddyboard/daddyboard-main/app/src/main/jni/src/defines.h:289:8: note: expanded from macro 'DISALLOW_ASSIGNMENT_OPERATOR'
build	Build DaddyBoard (HeliBoard fork)	2026-09-30T15:43:55.2890059Z C/C++:   289 |   void operator=(const TypeName&) = delete
build	Build DaddyBoard (HeliBoard fork)	2026-09-30T15:43:55.2890440Z C/C++:       |        ^
build	Build DaddyBoard (HeliBoard fork)	2026-09-30T15:43:55.2891645Z C/C++: /usr/local/lib/android/sdk/ndk/28.0.13004108/toolchains/llvm/prebuilt/linux-x86_64/sysroot/usr/include/c++/v1/__memory/allocator.h:173:24: note: in implicit copy constructor for 'latinime::NgramProperty' first required here
build	Build DaddyBoard (HeliBoard fork)	2026-09-30T15:43:55.2892837Z C/C++:   173 |     ::new ((void*)__p) _Up(std::forward<_Args>(__args)...);
build	Build DaddyBoard (HeliBoard fork)	2026-09-30T15:43:55.2893264Z C/C++:       |                        ^
build	Build DaddyBoard (HeliBoard fork)	2026-09-30T15:43:55.2894750Z C/C++: /usr/local/lib/android/sdk/ndk/28.0.13004108/toolchains/llvm/prebuilt/linux-x86_64/sysroot/usr/include/c++/v1/__memory/allocator_traits.h:320:9: note: in instantiation of function template specialization 'std::allocator<latinime::NgramProperty>::construct<latinime::NgramProperty, latinime::NgramProperty &>' requested here
build	Build DaddyBoard (HeliBoard fork)	2026-09-30T15:43:55.2896628Z C/C++:   320 |     __a.construct(__p, std::forward<_Args>(__args)...);
build	Build DaddyBoard (HeliBoard fork)	2026-09-30T15:43:55.2897050Z C/C++:       |         ^
build	Build DaddyBoard (HeliBoard fork)	2026-09-30T15:43:55.2898650Z C/C++: /usr/local/lib/android/sdk/ndk/28.0.13004108/toolchains/llvm/prebuilt/linux-x86_64/sysroot/usr/include/c++/v1/__memory/uninitialized_algorithms.h:551:31: note: in instantiation of function template specialization 'std::allocator_traits<std::allocator<latinime::NgramProperty>>::construct<latinime::NgramProperty, latinime::NgramProperty &, 0>' requested here
build	Build DaddyBoard (HeliBoard fork)	2026-09-30T15:43:55.2900560Z C/C++:   551 |     allocator_traits<_Alloc>::construct(__alloc, std::__to_address(__first2), *__first1);
build	Build DaddyBoard (HeliBoard fork)	2026-09-30T15:43:55.2901373Z C/C++:       |                               ^
build	Build DaddyBoard (HeliBoard fork)	2026-09-30T15:43:55.2903184Z C/C++: /usr/local/lib/android/sdk/ndk/28.0.13004108/toolchains/llvm/prebuilt/linux-x86_64/sysroot/usr/include/c++/v1/__memory/uninitialized_algorithms.h:594:33: note: in instantiation of function template specialization 'std::__uninitialized_allocator_copy_impl<std::allocator<latinime::NgramProperty>, latinime::NgramProperty *, latinime::NgramProperty *, latinime::NgramProperty *>' requested here
build	Build DaddyBoard (HeliBoard fork)	2026-09-30T15:43:55.2905230Z C/C++:   594 |   auto __result          = std::__uninitialized_allocator_copy_impl(
build	Build DaddyBoard (HeliBoard fork)	2026-09-30T15:43:55.2905723Z C/C++:       |                                 ^
build	Build DaddyBoard (HeliBoard fork)	2026-09-30T15:43:55.2907430Z C/C++: /usr/local/lib/android/sdk/ndk/28.0.13004108/toolchains/llvm/prebuilt/linux-x86_64/sysroot/usr/include/c++/v1/vector:1100:22: note: in instantiation of function template specialization 'std::__uninitialized_allocator_copy<std::allocator<latinime::NgramProperty>, latinime::NgramProperty *, latinime::NgramProperty *, latinime::NgramProperty *>' requested here
build	Build DaddyBoard (HeliBoard fork)	2026-09-30T15:43:55.2909372Z C/C++:  1100 |   __tx.__pos_ = std::__uninitialized_allocator_copy(__alloc(), __first, __last, __tx.__pos_);
build	Build DaddyBoard (HeliBoard fork)	2026-09-30T15:43:55.2909944Z C/C++:       |                      ^
build	Build DaddyBoard (HeliBoard fork)	2026-09-30T15:43:55.2911579Z C/C++: /usr/local/lib/android/sdk/ndk/28.0.13004108/toolchains/llvm/prebuilt/linux-x86_64/sysroot/usr/include/c++/v1/vector:761:7: note: in instantiation of function template specialization 'std::vector<latinime::NgramProperty>::__construct_at_end<latinime::NgramProperty *, latinime::NgramProperty *>' requested here
build	Build DaddyBoard (HeliBoard fork)	2026-09-30T15:43:55.2913359Z C/C++:   761 |       __construct_at_end(__first, __last, __n);
build	Build DaddyBoard (HeliBoard fork)	2026-09-30T15:43:55.2913756Z C/C++:       |       ^
build	Build DaddyBoard (HeliBoard fork)	2026-09-30T15:43:55.2915165Z C/C++: /usr/local/lib/android/sdk/ndk/28.0.13004108/toolchains/llvm/prebuilt/linux-x86_64/sysroot/usr/include/c++/v1/vector:1213:3: note: in instantiation of function template specialization 'std::vector<latinime::NgramProperty>::__init_with_size<latinime::NgramProperty *, latinime::NgramProperty *>' requested here
build	Build DaddyBoard (HeliBoard fork)	2026-09-30T15:43:55.2916696Z C/C++:  1213 |   __init_with_size(__x.__begin_, __x.__end_, __x.size());
build	Build DaddyBoard (HeliBoard fork)	2026-09-30T15:43:55.2917117Z C/C++:       |   ^
build	Build DaddyBoard (HeliBoard fork)	2026-09-30T15:43:55.2918154Z C/C++: /home/runner/work/daddyboard/daddyboard/daddyboard-main/app/src/main/jni/src/dictionary/property/word_property.h:39:15: note: in instantiation of member function 'std::vector<latinime::NgramProperty>::vector' requested here
build	Build DaddyBoard (HeliBoard fork)	2026-09-30T15:43:55.2919268Z C/C++:    39 |               mNgrams(ngrams) {}
build	Build DaddyBoard (HeliBoard fork)	2026-09-30T15:43:55.2919597Z C/C++:       |               ^
build	Build DaddyBoard (HeliBoard fork)	2026-09-30T15:43:55.4869414Z C/C++: 6 warnings generated.
build	Build DaddyBoard (HeliBoard fork)	2026-09-30T15:43:55.7869673Z C/C++: In file included from /home/runner/work/daddyboard/daddyboard/daddyboard-main/app/src/main/jni/src/suggest/policyimpl/typing/typing_scoring.cpp:17:
build	Build DaddyBoard (HeliBoard fork)	2026-09-30T15:43:55.7871235Z C/C++: In file included from /home/runner/work/daddyboard/daddyboard/daddyboard-main/app/src/main/jni/src/suggest/policyimpl/typing/typing_scoring.h:23:
build	Build DaddyBoard (HeliBoard fork)	2026-09-30T15:43:55.7872502Z C/C++: In file included from /home/runner/work/daddyboard/daddyboard/daddyboard-main/app/src/main/jni/src/suggest/core/session/dic_traverse_session.h:23:
build	Build DaddyBoard (HeliBoard fork)	2026-09-30T15:43:55.7874149Z C/C++: In file included from /home/runner/work/daddyboard/daddyboard/daddyboard-main/app/src/main/jni/src/dictionary/utils/multi_bigram_map.h:24:
build	Build DaddyBoard (HeliBoard fork)	2026-09-30T15:43:55.7875308Z C/C++: In file included from /home/runner/work/daddyboard/daddyboard/daddyboard-main/app/src/main/jni/src/dictionary/interface/dictionary_structure_with_buffer_policy.h:23:
build	Build DaddyBoard (HeliBoard fork)	2026-09-30T15:43:55.7876515Z C/C++: /home/runner/work/daddyboard/daddyboard/daddyboard-main/app/src/main/jni/src/dictionary/property/historical_info.h:52:5: warning: definition of implicit copy constructor for 'HistoricalInfo' is deprecated because it has a user-declared copy assignment operator [-Wdeprecated-copy]
build	Build DaddyBoard (HeliBoard fork)	2026-09-30T15:43:55.7877462Z C/C++:    52 |     DISALLOW_ASSIGNMENT_OPERATOR(HistoricalInfo);
build	Build DaddyBoard (HeliBoard fork)	2026-09-30T15:43:55.7877712Z C/C++:       |     ^
build	Build DaddyBoard (HeliBoard fork)	2026-09-30T15:43:55.7878178Z C/C++: /home/runner/work/daddyboard/daddyboard/daddyboard-main/app/src/main/jni/src/defines.h:289:8: note: expanded from macro 'DISALLOW_ASSIGNMENT_OPERATOR'
build	Build DaddyBoard (HeliBoard fork)	2026-09-30T15:43:55.7878733Z C/C++:   289 |   void operator=(const TypeName&) = delete
build	Build DaddyBoard (HeliBoard fork)	2026-09-30T15:43:55.7878972Z C/C++:       |        ^
build	Build DaddyBoard (HeliBoard fork)	2026-09-30T15:43:55.7879604Z C/C++: /home/runner/work/daddyboard/daddyboard/daddyboard-main/app/src/main/jni/src/dictionary/property/ngram_property.h:33:42: note: in implicit copy constructor for 'latinime::HistoricalInfo' first required here
build	Build DaddyBoard (HeliBoard fork)	2026-09-30T15:43:55.7880339Z C/C++:    33 |               mProbability(probability), mHistoricalInfo(historicalInfo) {}
build	Build DaddyBoard (HeliBoard fork)	2026-09-30T15:43:55.7880668Z C/C++:       |                                          ^
build	Build DaddyBoard (HeliBoard fork)	2026-09-30T15:43:55.7881291Z C/C++: In file included from /home/runner/work/daddyboard/daddyboard/daddyboard-main/app/src/main/jni/src/suggest/policyimpl/typing/typing_scoring.cpp:17:
build	Build DaddyBoard (HeliBoard fork)	2026-09-30T15:43:55.7882066Z C/C++: In file included from /home/runner/work/daddyboard/daddyboard/daddyboard-main/app/src/main/jni/src/suggest/policyimpl/typing/typing_scoring.h:23:
build	Build DaddyBoard (HeliBoard fork)	2026-09-30T15:43:55.7882843Z C/C++: In file included from /home/runner/work/daddyboard/daddyboard/daddyboard-main/app/src/main/jni/src/suggest/core/session/dic_traverse_session.h:23:
build	Build DaddyBoard (HeliBoard fork)	2026-09-30T15:43:55.7883619Z C/C++: In file included from /home/runner/work/daddyboard/daddyboard/daddyboard-main/app/src/main/jni/src/dictionary/utils/multi_bigram_map.h:24:
build	Build DaddyBoard (HeliBoard fork)	2026-09-30T15:43:55.7884559Z C/C++: In file included from /home/runner/work/daddyboard/daddyboard/daddyboard-main/app/src/main/jni/src/dictionary/interface/dictionary_structure_with_buffer_policy.h:25:
build	Build DaddyBoard (HeliBoard fork)	2026-09-30T15:43:55.7885562Z C/C++: In file included from /home/runner/work/daddyboard/daddyboard/daddyboard-main/app/src/main/jni/src/dictionary/property/word_property.h:24:
build	Build DaddyBoard (HeliBoard fork)	2026-09-30T15:43:55.7886684Z C/C++: /home/runner/work/daddyboard/daddyboard/daddyboard-main/app/src/main/jni/src/dictionary/property/unigram_property.h:126:5: warning: definition of implicit copy constructor for 'UnigramProperty' is deprecated because it has a user-declared copy assignment operator [-Wdeprecated-copy]
build	Build DaddyBoard (HeliBoard fork)	2026-09-30T15:43:55.7887567Z C/C++:   126 |     DISALLOW_ASSIGNMENT_OPERATOR(UnigramProperty);
build	Build DaddyBoard (HeliBoard fork)	2026-09-30T15:43:55.7887820Z C/C++:       |     ^
build	Build DaddyBoard (HeliBoard fork)	2026-09-30T15:43:55.7888285Z C/C++: /home/runner/work/daddyboard/daddyboard/daddyboard-main/app/src/main/jni/src/defines.h:289:8: note: expanded from macro 'DISALLOW_ASSIGNMENT_OPERATOR'
build	Build DaddyBoard (HeliBoard fork)	2026-09-30T15:43:55.7888809Z C/C++:   289 |   void operator=(const TypeName&) = delete
build	Build DaddyBoard (HeliBoard fork)	2026-09-30T15:43:55.7889042Z C/C++:       |        ^
build	Build DaddyBoard (HeliBoard fork)	2026-09-30T15:43:55.7889654Z C/C++: /home/runner/work/daddyboard/daddyboard/daddyboard-main/app/src/main/jni/src/dictionary/property/word_property.h:38:51: note: in implicit copy constructor for 'latinime::UnigramProperty' first required here
build	Build DaddyBoard (HeliBoard fork)	2026-09-30T15:43:55.7890393Z C/C++:    38 |             : mCodePoints(std::move(codePoints)), mUnigramProperty(unigramProperty),
build	Build DaddyBoard (HeliBoard fork)	2026-09-30T15:43:55.7890731Z C/C++:       |                                                   ^
build	Build DaddyBoard (HeliBoard fork)	2026-09-30T15:43:55.8869989Z C/C++: In file included from /home/runner/work/daddyboard/daddyboard/daddyboard-main/app/src/main/jni/src/suggest/policyimpl/typing/typing_scoring.cpp:17:
build	Build DaddyBoard (HeliBoard fork)	2026-09-30T15:43:55.8878774Z C/C++: In file included from /home/runner/work/daddyboard/daddyboard/daddyboard-main/app/src/main/jni/src/suggest/policyimpl/typing/typing_scoring.h:23:
build	Build DaddyBoard (HeliBoard fork)	2026-09-30T15:43:55.8880004Z C/C++: In file included from /home/runner/work/daddyboard/daddyboard/daddyboard-main/app/src/main/jni/src/suggest/core/session/dic_traverse_session.h:23:
build	Build DaddyBoard (HeliBoard fork)	2026-09-30T15:43:55.8881410Z C/C++: In file included from /home/runner/work/daddyboard/daddyboard/daddyboard-main/app/src/main/jni/src/dictionary/utils/multi_bigram_map.h:27:
build	Build DaddyBoard (HeliBoard fork)	2026-09-30T15:43:55.8883177Z C/C++: /home/runner/work/daddyboard/daddyboard/daddyboard-main/app/src/main/jni/src/dictionary/utils/bloom_filter.h:47:5: warning: definition of implicit copy constructor for 'BloomFilter' is deprecated because it has a user-declared copy assignment operator [-Wdeprecated-copy]
build	Build DaddyBoard (HeliBoard fork)	2026-09-30T15:43:55.8884609Z C/C++:    47 |     DISALLOW_ASSIGNMENT_OPERATOR(BloomFilter);
build	Build DaddyBoard (HeliBoard fork)	2026-09-30T15:43:55.8885007Z C/C++:       |     ^
build	Build DaddyBoard (HeliBoard fork)	2026-09-30T15:43:55.8885783Z C/C++: /home/runner/work/daddyboard/daddyboard/daddyboard-main/app/src/main/jni/src/defines.h:289:8: note: expanded from macro 'DISALLOW_ASSIGNMENT_OPERATOR'
build	Build DaddyBoard (HeliBoard fork)	2026-09-30T15:43:55.8886666Z C/C++:   289 |   void operator=(const TypeName&) = delete
build	Build DaddyBoard (HeliBoard fork)	2026-09-30T15:43:55.8887043Z C/C++:       |        ^
build	Build DaddyBoard (HeliBoard fork)	2026-09-30T15:43:55.8888041Z C/C++: /home/runner/work/daddyboard/daddyboard/daddyboard-main/app/src/main/jni/src/dictionary/utils/multi_bigram_map.h:57:53: note: in implicit copy constructor for 'latinime::BloomFilter' first required here
build	Build DaddyBoard (HeliBoard fork)	2026-09-30T15:43:55.8889189Z C/C++:    57 |                 : mBigramMap(bigramMap.mBigramMap), mBloomFilter(bigramMap.mBloomFilter) {}
build	Build DaddyBoard (HeliBoard fork)	2026-09-30T15:43:55.8889743Z C/C++:       |                                                     ^
build	Build DaddyBoard (HeliBoard fork)	2026-09-30T15:43:55.8890344Z C/C++: In file included from /home/runner/work/daddyboard/daddyboard/daddyboard-main/app/src/main/jni/src/suggest/policyimpl/typing/typing_scoring.cpp:17:
build	Build DaddyBoard (HeliBoard fork)	2026-09-30T15:43:55.8891261Z C/C++: In file included from /home/runner/work/daddyboard/daddyboard/daddyboard-main/app/src/main/jni/src/suggest/policyimpl/typing/typing_scoring.h:23:
build	Build DaddyBoard (HeliBoard fork)	2026-09-30T15:43:55.8892038Z C/C++: In file included from /home/runner/work/daddyboard/daddyboard/daddyboard-main/app/src/main/jni/src/suggest/core/session/dic_traverse_session.h:23:
build	Build DaddyBoard (HeliBoard fork)	2026-09-30T15:43:55.8892973Z C/C++: In file included from /home/runner/work/daddyboard/daddyboard/daddyboard-main/app/src/main/jni/src/dictionary/utils/multi_bigram_map.h:24:
build	Build DaddyBoard (HeliBoard fork)	2026-09-30T15:43:55.8893796Z C/C++: In file included from /home/runner/work/daddyboard/daddyboard/daddyboard-main/app/src/main/jni/src/dictionary/interface/dictionary_structure_with_buffer_policy.h:25:
build	Build DaddyBoard (HeliBoard fork)	2026-09-30T15:43:55.8894835Z C/C++: In file included from /home/runner/work/daddyboard/daddyboard/daddyboard-main/app/src/main/jni/src/dictionary/property/word_property.h:23:
build	Build DaddyBoard (HeliBoard fork)	2026-09-30T15:43:55.8895575Z C/C++: In file included from /home/runner/work/daddyboard/daddyboard/daddyboard-main/app/src/main/jni/src/dictionary/property/ngram_property.h:24:
build	Build DaddyBoard (HeliBoard fork)	2026-09-30T15:43:55.8896295Z C/C++: In file included from /home/runner/work/daddyboard/daddyboard/daddyboard-main/app/src/main/jni/src/dictionary/property/ngram_context.h:23:
build	Build DaddyBoard (HeliBoard fork)	2026-09-30T15:43:55.8897337Z C/C++: /home/runner/work/daddyboard/daddyboard/daddyboard-main/app/src/main/jni/src/utils/int_array_view.h:160:5: warning: definition of implicit copy constructor for 'IntArrayView' is deprecated because it has a user-declared copy assignment operator [-Wdeprecated-copy]
build	Build DaddyBoard (HeliBoard fork)	2026-09-30T15:43:55.8898149Z C/C++:   160 |     DISALLOW_ASSIGNMENT_OPERATOR(IntArrayView);
build	Build DaddyBoard (HeliBoard fork)	2026-09-30T15:43:55.8898394Z C/C++:       |     ^
build	Build DaddyBoard (HeliBoard fork)	2026-09-30T15:43:55.8898849Z C/C++: /home/runner/work/daddyboard/daddyboard/daddyboard-main/app/src/main/jni/src/defines.h:289:8: note: expanded from macro 'DISALLOW_ASSIGNMENT_OPERATOR'
build	Build DaddyBoard (HeliBoard fork)	2026-09-30T15:43:55.8899367Z C/C++:   289 |   void operator=(const TypeName&) = delete
build	Build DaddyBoard (HeliBoard fork)	2026-09-30T15:43:55.8899848Z C/C++:       |        ^
build	Build DaddyBoard (HeliBoard fork)	2026-09-30T15:43:55.8900430Z C/C++: /home/runner/work/daddyboard/daddyboard/daddyboard-main/app/src/main/jni/src/suggest/core/dicnode/dic_node.h:110:53: note: in implicit copy constructor for 'latinime::IntArrayView' first required here
build	Build DaddyBoard (HeliBoard fork)	2026-09-30T15:43:55.8901231Z C/C++:   110 |         mDicNodeProperties.init(rootPtNodeArrayPos, prevWordIds);
build	Build DaddyBoard (HeliBoard fork)	2026-09-30T15:43:55.8901554Z C/C++:       |                                                     ^
build	Build DaddyBoard (HeliBoard fork)	2026-09-30T15:43:55.9869838Z C/C++: In file included from /home/runner/work/daddyboard/daddyboard/daddyboard-main/app/src/main/jni/src/suggest/policyimpl/typing/typing_scoring.cpp:17:
build	Build DaddyBoard (HeliBoard fork)	2026-09-30T15:43:55.9871358Z C/C++: In file included from /home/runner/work/daddyboard/daddyboard/daddyboard-main/app/src/main/jni/src/suggest/policyimpl/typing/typing_scoring.h:23:
build	Build DaddyBoard (HeliBoard fork)	2026-09-30T15:43:55.9872612Z C/C++: In file included from /home/runner/work/daddyboard/daddyboard/daddyboard-main/app/src/main/jni/src/suggest/core/session/dic_traverse_session.h:23:
build	Build DaddyBoard (HeliBoard fork)	2026-09-30T15:43:55.9873911Z C/C++: In file included from /home/runner/work/daddyboard/daddyboard/daddyboard-main/app/src/main/jni/src/dictionary/utils/multi_bigram_map.h:24:
build	Build DaddyBoard (HeliBoard fork)	2026-09-30T15:43:55.9875213Z C/C++: In file included from /home/runner/work/daddyboard/daddyboard/daddyboard-main/app/src/main/jni/src/dictionary/interface/dictionary_structure_with_buffer_policy.h:25:
build	Build DaddyBoard (HeliBoard fork)	2026-09-30T15:43:55.9876311Z C/C++: In file included from /home/runner/work/daddyboard/daddyboard/daddyboard-main/app/src/main/jni/src/dictionary/property/word_property.h:23:
build	Build DaddyBoard (HeliBoard fork)	2026-09-30T15:43:55.9877735Z C/C++: /home/runner/work/daddyboard/daddyboard/daddyboard-main/app/src/main/jni/src/dictionary/property/ngram_property.h:54:5: warning: definition of implicit copy constructor for 'NgramProperty' is deprecated because it has a user-declared copy assignment operator [-Wdeprecated-copy]
build	Build DaddyBoard (HeliBoard fork)	2026-09-30T15:43:55.9878679Z C/C++:    54 |     DISALLOW_ASSIGNMENT_OPERATOR(NgramProperty);
build	Build DaddyBoard (HeliBoard fork)	2026-09-30T15:43:55.9878932Z C/C++:       |     ^
build	Build DaddyBoard (HeliBoard fork)	2026-09-30T15:43:55.9879418Z C/C++: /home/runner/work/daddyboard/daddyboard/daddyboard-main/app/src/main/jni/src/defines.h:289:8: note: expanded from macro 'DISALLOW_ASSIGNMENT_OPERATOR'
build	Build DaddyBoard (HeliBoard fork)	2026-09-30T15:43:55.9879957Z C/C++:   289 |   void operator=(const TypeName&) = delete
build	Build DaddyBoard (HeliBoard fork)	2026-09-30T15:43:55.9880186Z C/C++:       |        ^
build	Build DaddyBoard (HeliBoard fork)	2026-09-30T15:43:55.9881305Z C/C++: /usr/local/lib/android/sdk/ndk/28.0.13004108/toolchains/llvm/prebuilt/linux-x86_64/sysroot/usr/include/c++/v1/__memory/allocator.h:173:24: note: in implicit copy constructor for 'latinime::NgramProperty' first required here
build	Build DaddyBoard (HeliBoard fork)	2026-09-30T15:43:55.9882020Z C/C++:   173 |     ::new ((void*)__p) _Up(std::forward<_Args>(__args)...);
build	Build DaddyBoard (HeliBoard fork)	2026-09-30T15:43:55.9882283Z C/C++:       |                        ^
build	Build DaddyBoard (HeliBoard fork)	2026-09-30T15:43:55.9883186Z C/C++: /usr/local/lib/android/sdk/ndk/28.0.13004108/toolchains/llvm/prebuilt/linux-x86_64/sysroot/usr/include/c++/v1/__memory/allocator_traits.h:320:9: note: in instantiation of function template specialization 'std::allocator<latinime::NgramProperty>::construct<latinime::NgramProperty, latinime::NgramProperty &>' requested here
build	Build DaddyBoard (HeliBoard fork)	2026-09-30T15:43:55.9884140Z C/C++:   320 |     __a.construct(__p, std::forward<_Args>(__args)...);
build	Build DaddyBoard (HeliBoard fork)	2026-09-30T15:43:55.9884393Z C/C++:       |         ^
build	Build DaddyBoard (HeliBoard fork)	2026-09-30T15:43:55.9885373Z C/C++: /usr/local/lib/android/sdk/ndk/28.0.13004108/toolchains/llvm/prebuilt/linux-x86_64/sysroot/usr/include/c++/v1/__memory/uninitialized_algorithms.h:551:31: note: in instantiation of function template specialization 'std::allocator_traits<std::allocator<latinime::NgramProperty>>::construct<latinime::NgramProperty, latinime::NgramProperty &, 0>' requested here
build	Build DaddyBoard (HeliBoard fork)	2026-09-30T15:43:55.9886543Z C/C++:   551 |     allocator_traits<_Alloc>::construct(__alloc, std::__to_address(__first2), *__first1);
build	Build DaddyBoard (HeliBoard fork)	2026-09-30T15:43:55.9886890Z C/C++:       |                               ^
build	Build DaddyBoard (HeliBoard fork)	2026-09-30T15:43:55.9887975Z C/C++: /usr/local/lib/android/sdk/ndk/28.0.13004108/toolchains/llvm/prebuilt/linux-x86_64/sysroot/usr/include/c++/v1/__memory/uninitialized_algorithms.h:594:33: note: in instantiation of function template specialization 'std::__uninitialized_allocator_copy_impl<std::allocator<latinime::NgramProperty>, latinime::NgramProperty *, latinime::NgramProperty *, latinime::NgramProperty *>' requested here
build	Build DaddyBoard (HeliBoard fork)	2026-09-30T15:43:55.9889256Z C/C++:   594 |   auto __result          = std::__uninitialized_allocator_copy_impl(
build	Build DaddyBoard (HeliBoard fork)	2026-09-30T15:43:55.9889554Z C/C++:       |                                 ^
build	Build DaddyBoard (HeliBoard fork)	2026-09-30T15:43:55.9890544Z C/C++: /usr/local/lib/android/sdk/ndk/28.0.13004108/toolchains/llvm/prebuilt/linux-x86_64/sysroot/usr/include/c++/v1/vector:1100:22: note: in instantiation of function template specialization 'std::__uninitialized_allocator_copy<std::allocator<latinime::NgramProperty>, latinime::NgramProperty *, latinime::NgramProperty *, latinime::NgramProperty *>' requested here
build	Build DaddyBoard (HeliBoard fork)	2026-09-30T15:43:55.9891897Z C/C++:  1100 |   __tx.__pos_ = std::__uninitialized_allocator_copy(__alloc(), __first, __last, __tx.__pos_);
build	Build DaddyBoard (HeliBoard fork)	2026-09-30T15:43:55.9892250Z C/C++:       |                      ^
build	Build DaddyBoard (HeliBoard fork)	2026-09-30T15:43:55.9893134Z C/C++: /usr/local/lib/android/sdk/ndk/28.0.13004108/toolchains/llvm/prebuilt/linux-x86_64/sysroot/usr/include/c++/v1/vector:761:7: note: in instantiation of function template specialization 'std::vector<latinime::NgramProperty>::__construct_at_end<latinime::NgramProperty *, latinime::NgramProperty *>' requested here
build	Build DaddyBoard (HeliBoard fork)	2026-09-30T15:43:55.9894030Z C/C++:   761 |       __construct_at_end(__first, __last, __n);
build	Build DaddyBoard (HeliBoard fork)	2026-09-30T15:43:55.9894271Z C/C++:       |       ^
build	Build DaddyBoard (HeliBoard fork)	2026-09-30T15:43:55.9895090Z C/C++: /usr/local/lib/android/sdk/ndk/28.0.13004108/toolchains/llvm/prebuilt/linux-x86_64/sysroot/usr/include/c++/v1/vector:1213:3: note: in instantiation of function template specialization 'std::vector<latinime::NgramProperty>::__init_with_size<latinime::NgramProperty *, latinime::NgramProperty *>' requested here
build	Build DaddyBoard (HeliBoard fork)	2026-09-30T15:43:55.9895988Z C/C++:  1213 |   __init_with_size(__x.__begin_, __x.__end_, __x.size());
build	Build DaddyBoard (HeliBoard fork)	2026-09-30T15:43:55.9896245Z C/C++:       |   ^
build	Build DaddyBoard (HeliBoard fork)	2026-09-30T15:43:55.9896890Z C/C++: /home/runner/work/daddyboard/daddyboard/daddyboard-main/app/src/main/jni/src/dictionary/property/word_property.h:39:15: note: in instantiation of member function 'std::vector<latinime::NgramProperty>::vector' requested here
build	Build DaddyBoard (HeliBoard fork)	2026-09-30T15:43:55.9897569Z C/C++:    39 |               mNgrams(ngrams) {}
build	Build DaddyBoard (HeliBoard fork)	2026-09-30T15:43:55.9897898Z C/C++:       |               ^
build	Build DaddyBoard (HeliBoard fork)	2026-09-30T15:43:56.0869088Z C/C++: 5 warnings generated.
build	Build DaddyBoard (HeliBoard fork)	2026-09-30T15:43:56.4869889Z C/C++: In file included from /home/runner/work/daddyboard/daddyboard/daddyboard-main/app/src/main/jni/src/suggest/policyimpl/typing/typing_suggest_policy.cpp:17:
build	Build DaddyBoard (HeliBoard fork)	2026-09-30T15:43:56.4871873Z C/C++: In file included from /home/runner/work/daddyboard/daddyboard/daddyboard-main/app/src/main/jni/src/suggest/policyimpl/typing/typing_suggest_policy.h:22:
build	Build DaddyBoard (HeliBoard fork)	2026-09-30T15:43:56.4873224Z C/C++: In file included from /home/runner/work/daddyboard/daddyboard/daddyboard-main/app/src/main/jni/src/suggest/policyimpl/typing/typing_scoring.h:23:
build	Build DaddyBoard (HeliBoard fork)	2026-09-30T15:43:56.4874474Z C/C++: In file included from /home/runner/work/daddyboard/daddyboard/daddyboard-main/app/src/main/jni/src/suggest/core/session/dic_traverse_session.h:23:
build	Build DaddyBoard (HeliBoard fork)	2026-09-30T15:43:56.4875671Z C/C++: In file included from /home/runner/work/daddyboard/daddyboard/daddyboard-main/app/src/main/jni/src/dictionary/utils/multi_bigram_map.h:24:
build	Build DaddyBoard (HeliBoard fork)	2026-09-30T15:43:56.4876951Z C/C++: In file included from /home/runner/work/daddyboard/daddyboard/daddyboard-main/app/src/main/jni/src/dictionary/interface/dictionary_structure_with_buffer_policy.h:23:
build	Build DaddyBoard (HeliBoard fork)	2026-09-30T15:43:56.4878834Z C/C++: /home/runner/work/daddyboard/daddyboard/daddyboard-main/app/src/main/jni/src/dictionary/property/historical_info.h:52:5: warning: definition of implicit copy constructor for 'HistoricalInfo' is deprecated because it has a user-declared copy assignment operator [-Wdeprecated-copy]
build	Build DaddyBoard (HeliBoard fork)	2026-09-30T15:43:56.4880281Z C/C++:    52 |     DISALLOW_ASSIGNMENT_OPERATOR(HistoricalInfo);
build	Build DaddyBoard (HeliBoard fork)	2026-09-30T15:43:56.4880676Z C/C++:       |     ^
build	Build DaddyBoard (HeliBoard fork)	2026-09-30T15:43:56.4881610Z C/C++: /home/runner/work/daddyboard/daddyboard/daddyboard-main/app/src/main/jni/src/defines.h:289:8: note: expanded from macro 'DISALLOW_ASSIGNMENT_OPERATOR'
build	Build DaddyBoard (HeliBoard fork)	2026-09-30T15:43:56.4882763Z C/C++:   289 |   void operator=(const TypeName&) = delete
build	Build DaddyBoard (HeliBoard fork)	2026-09-30T15:43:56.4883129Z C/C++:       |        ^
build	Build DaddyBoard (HeliBoard fork)	2026-09-30T15:43:56.4884136Z C/C++: /home/runner/work/daddyboard/daddyboard/daddyboard-main/app/src/main/jni/src/dictionary/property/ngram_property.h:33:42: note: in implicit copy constructor for 'latinime::HistoricalInfo' first required here
build	Build DaddyBoard (HeliBoard fork)	2026-09-30T15:43:56.4885303Z C/C++:    33 |               mProbability(probability), mHistoricalInfo(historicalInfo) {}
build	Build DaddyBoard (HeliBoard fork)	2026-09-30T15:43:56.4885803Z C/C++:       |                                          ^
build	Build DaddyBoard (HeliBoard fork)	2026-09-30T15:43:56.4886627Z C/C++: In file included from /home/runner/work/daddyboard/daddyboard/daddyboard-main/app/src/main/jni/src/suggest/policyimpl/typing/typing_suggest_policy.cpp:17:
build	Build DaddyBoard (HeliBoard fork)	2026-09-30T15:43:56.4887917Z C/C++: In file included from /home/runner/work/daddyboard/daddyboard/daddyboard-main/app/src/main/jni/src/suggest/policyimpl/typing/typing_suggest_policy.h:22:
build	Build DaddyBoard (HeliBoard fork)	2026-09-30T15:43:56.4889177Z C/C++: In file included from /home/runner/work/daddyboard/daddyboard/daddyboard-main/app/src/main/jni/src/suggest/policyimpl/typing/typing_scoring.h:23:
build	Build DaddyBoard (HeliBoard fork)	2026-09-30T15:43:56.4890407Z C/C++: In file included from /home/runner/work/daddyboard/daddyboard/daddyboard-main/app/src/main/jni/src/suggest/core/session/dic_traverse_session.h:23:
build	Build DaddyBoard (HeliBoard fork)	2026-09-30T15:43:56.4891811Z C/C++: In file included from /home/runner/work/daddyboard/daddyboard/daddyboard-main/app/src/main/jni/src/dictionary/utils/multi_bigram_map.h:24:
build	Build DaddyBoard (HeliBoard fork)	2026-09-30T15:43:56.4893108Z C/C++: In file included from /home/runner/work/daddyboard/daddyboard/daddyboard-main/app/src/main/jni/src/dictionary/interface/dictionary_structure_with_buffer_policy.h:25:
build	Build DaddyBoard (HeliBoard fork)	2026-09-30T15:43:56.4894418Z C/C++: In file included from /home/runner/work/daddyboard/daddyboard/daddyboard-main/app/src/main/jni/src/dictionary/property/word_property.h:24:
build	Build DaddyBoard (HeliBoard fork)	2026-09-30T15:43:56.4896142Z C/C++: /home/runner/work/daddyboard/daddyboard/daddyboard-main/app/src/main/jni/src/dictionary/property/unigram_property.h:126:5: warning: definition of implicit copy constructor for 'UnigramProperty' is deprecated because it has a user-declared copy assignment operator [-Wdeprecated-copy]
build	Build DaddyBoard (HeliBoard fork)	2026-09-30T15:43:56.4897708Z C/C++:   126 |     DISALLOW_ASSIGNMENT_OPERATOR(UnigramProperty);
build	Build DaddyBoard (HeliBoard fork)	2026-09-30T15:43:56.4898053Z C/C++:       |     ^
build	Build DaddyBoard (HeliBoard fork)	2026-09-30T15:43:56.4898709Z C/C++: /home/runner/work/daddyboard/daddyboard/daddyboard-main/app/src/main/jni/src/defines.h:289:8: note: expanded from macro 'DISALLOW_ASSIGNMENT_OPERATOR'
build	Build DaddyBoard (HeliBoard fork)	2026-09-30T15:43:56.4899466Z C/C++:   289 |   void operator=(const TypeName&) = delete
build	Build DaddyBoard (HeliBoard fork)	2026-09-30T15:43:56.4899777Z C/C++:       |        ^
build	Build DaddyBoard (HeliBoard fork)	2026-09-30T15:43:56.4900686Z C/C++: /home/runner/work/daddyboard/daddyboard/daddyboard-main/app/src/main/jni/src/dictionary/property/word_property.h:38:51: note: in implicit copy constructor for 'latinime::UnigramProperty' first required here
build	Build DaddyBoard (HeliBoard fork)	2026-09-30T15:43:56.4901969Z C/C++:    38 |             : mCodePoints(std::move(codePoints)), mUnigramProperty(unigramProperty),
build	Build DaddyBoard (HeliBoard fork)	2026-09-30T15:43:56.4902454Z C/C++:       |                                                   ^
build	Build DaddyBoard (HeliBoard fork)	2026-09-30T15:43:56.4903238Z C/C++: In file included from /home/runner/work/daddyboard/daddyboard/daddyboard-main/app/src/main/jni/src/suggest/policyimpl/typing/typing_suggest_policy.cpp:17:
build	Build DaddyBoard (HeliBoard fork)	2026-09-30T15:43:56.4904443Z C/C++: In file included from /home/runner/work/daddyboard/daddyboard/daddyboard-main/app/src/main/jni/src/suggest/policyimpl/typing/typing_suggest_policy.h:22:
build	Build DaddyBoard (HeliBoard fork)	2026-09-30T15:43:56.4905609Z C/C++: In file included from /home/runner/work/daddyboard/daddyboard/daddyboard-main/app/src/main/jni/src/suggest/policyimpl/typing/typing_scoring.h:23:
build	Build DaddyBoard (HeliBoard fork)	2026-09-30T15:43:56.4906754Z C/C++: In file included from /home/runner/work/daddyboard/daddyboard/daddyboard-main/app/src/main/jni/src/suggest/core/session/dic_traverse_session.h:23:
build	Build DaddyBoard (HeliBoard fork)	2026-09-30T15:43:56.4908006Z C/C++: In file included from /home/runner/work/daddyboard/daddyboard/daddyboard-main/app/src/main/jni/src/dictionary/utils/multi_bigram_map.h:27:
build	Build DaddyBoard (HeliBoard fork)	2026-09-30T15:43:56.4909835Z C/C++: /home/runner/work/daddyboard/daddyboard/daddyboard-main/app/src/main/jni/src/dictionary/utils/bloom_filter.h:47:5: warning: definition of implicit copy constructor for 'BloomFilter' is deprecated because it has a user-declared copy assignment operator [-Wdeprecated-copy]
build	Build DaddyBoard (HeliBoard fork)	2026-09-30T15:43:56.4911206Z C/C++:    47 |     DISALLOW_ASSIGNMENT_OPERATOR(BloomFilter);
build	Build DaddyBoard (HeliBoard fork)	2026-09-30T15:43:56.4911539Z C/C++:       |     ^
build	Build DaddyBoard (HeliBoard fork)	2026-09-30T15:43:56.4912201Z C/C++: /home/runner/work/daddyboard/daddyboard/daddyboard-main/app/src/main/jni/src/defines.h:289:8: note: expanded from macro 'DISALLOW_ASSIGNMENT_OPERATOR'
build	Build DaddyBoard (HeliBoard fork)	2026-09-30T15:43:56.4912969Z C/C++:   289 |   void operator=(const TypeName&) = delete
build	Build DaddyBoard (HeliBoard fork)	2026-09-30T15:43:56.4913280Z C/C++:       |        ^
build	Build DaddyBoard (HeliBoard fork)	2026-09-30T15:43:56.4914187Z C/C++: /home/runner/work/daddyboard/daddyboard/daddyboard-main/app/src/main/jni/src/dictionary/utils/multi_bigram_map.h:57:53: note: in implicit copy constructor for 'latinime::BloomFilter' first required here
build	Build DaddyBoard (HeliBoard fork)	2026-09-30T15:43:56.4915393Z C/C++:    57 |                 : mBigramMap(bigramMap.mBigramMap), mBloomFilter(bigramMap.mBloomFilter) {}
build	Build DaddyBoard (HeliBoard fork)	2026-09-30T15:43:56.4915941Z C/C++:       |                                                     ^
build	Build DaddyBoard (HeliBoard fork)	2026-09-30T15:43:56.4916709Z C/C++: In file included from /home/runner/work/daddyboard/daddyboard/daddyboard-main/app/src/main/jni/src/suggest/policyimpl/typing/typing_suggest_policy.cpp:17:
build	Build DaddyBoard (HeliBoard fork)	2026-09-30T15:43:56.4917872Z C/C++: In file included from /home/runner/work/daddyboard/daddyboard/daddyboard-main/app/src/main/jni/src/suggest/policyimpl/typing/typing_suggest_policy.h:22:
build	Build DaddyBoard (HeliBoard fork)	2026-09-30T15:43:56.4919004Z C/C++: In file included from /home/runner/work/daddyboard/daddyboard/daddyboard-main/app/src/main/jni/src/suggest/policyimpl/typing/typing_scoring.h:23:
build	Build DaddyBoard (HeliBoard fork)	2026-09-30T15:43:56.4920093Z C/C++: In file included from /home/runner/work/daddyboard/daddyboard/daddyboard-main/app/src/main/jni/src/suggest/core/session/dic_traverse_session.h:23:
build	Build DaddyBoard (HeliBoard fork)	2026-09-30T15:43:56.4921315Z C/C++: In file included from /home/runner/work/daddyboard/daddyboard/daddyboard-main/app/src/main/jni/src/dictionary/utils/multi_bigram_map.h:24:
build	Build DaddyBoard (HeliBoard fork)	2026-09-30T15:43:56.4922492Z C/C++: In file included from /home/runner/work/daddyboard/daddyboard/daddyboard-main/app/src/main/jni/src/dictionary/interface/dictionary_structure_with_buffer_policy.h:25:
build	Build DaddyBoard (HeliBoard fork)	2026-09-30T15:43:56.4923834Z C/C++: In file included from /home/runner/work/daddyboard/daddyboard/daddyboard-main/app/src/main/jni/src/dictionary/property/word_property.h:23:
build	Build DaddyBoard (HeliBoard fork)	2026-09-30T15:43:56.4924883Z C/C++: In file included from /home/runner/work/daddyboard/daddyboard/daddyboard-main/app/src/main/jni/src/dictionary/property/ngram_property.h:24:
build	Build DaddyBoard (HeliBoard fork)	2026-09-30T15:43:56.4925927Z C/C++: In file included from /home/runner/work/daddyboard/daddyboard/daddyboard-main/app/src/main/jni/src/dictionary/property/ngram_context.h:23:
build	Build DaddyBoard (HeliBoard fork)	2026-09-30T15:43:56.4927496Z C/C++: /home/runner/work/daddyboard/daddyboard/daddyboard-main/app/src/main/jni/src/utils/int_array_view.h:160:5: warning: definition of implicit copy constructor for 'IntArrayView' is deprecated because it has a user-declared copy assignment operator [-Wdeprecated-copy]
build	Build DaddyBoard (HeliBoard fork)	2026-09-30T15:43:56.4928686Z C/C++:   160 |     DISALLOW_ASSIGNMENT_OPERATOR(IntArrayView);
build	Build DaddyBoard (HeliBoard fork)	2026-09-30T15:43:56.4929023Z C/C++:       |     ^
build	Build DaddyBoard (HeliBoard fork)	2026-09-30T15:43:56.4929668Z C/C++: /home/runner/work/daddyboard/daddyboard/daddyboard-main/app/src/main/jni/src/defines.h:289:8: note: expanded from macro 'DISALLOW_ASSIGNMENT_OPERATOR'
build	Build DaddyBoard (HeliBoard fork)	2026-09-30T15:43:56.4930425Z C/C++:   289 |   void operator=(const TypeName&) = delete
build	Build DaddyBoard (HeliBoard fork)	2026-09-30T15:43:56.4930738Z C/C++:       |        ^
build	Build DaddyBoard (HeliBoard fork)	2026-09-30T15:43:56.4931740Z C/C++: /home/runner/work/daddyboard/daddyboard/daddyboard-main/app/src/main/jni/src/suggest/core/dicnode/dic_node.h:110:53: note: in implicit copy constructor for 'latinime::IntArrayView' first required here
build	Build DaddyBoard (HeliBoard fork)	2026-09-30T15:43:56.4932839Z C/C++:   110 |         mDicNodeProperties.init(rootPtNodeArrayPos, prevWordIds);
build	Build DaddyBoard (HeliBoard fork)	2026-09-30T15:43:56.4933493Z C/C++:       |                                                     ^
build	Build DaddyBoard (HeliBoard fork)	2026-09-30T15:43:56.5869838Z C/C++: In file included from /home/runner/work/daddyboard/daddyboard/daddyboard-main/app/src/main/jni/src/suggest/policyimpl/typing/typing_suggest_policy.cpp:17:
build	Build DaddyBoard (HeliBoard fork)	2026-09-30T15:43:56.5871561Z C/C++: In file included from /home/runner/work/daddyboard/daddyboard/daddyboard-main/app/src/main/jni/src/suggest/policyimpl/typing/typing_suggest_policy.h:23:
build	Build DaddyBoard (HeliBoard fork)	2026-09-30T15:43:56.5872887Z C/C++: In file included from /home/runner/work/daddyboard/daddyboard/daddyboard-main/app/src/main/jni/src/suggest/policyimpl/typing/typing_traversal.h:26:
build	Build DaddyBoard (HeliBoard fork)	2026-09-30T15:43:56.5874418Z C/C++: /home/runner/work/daddyboard/daddyboard/daddyboard-main/app/src/main/jni/src/suggest/core/layout/proximity_info_utils.h:75:25: warning: variable 'proximityChar' set but not used [-Wunused-but-set-variable]
build	Build DaddyBoard (HeliBoard fork)	2026-09-30T15:43:56.5875529Z C/C++:    75 |                     int proximityChar =
build	Build DaddyBoard (HeliBoard fork)	2026-09-30T15:43:56.5875925Z C/C++:       |                         ^
build	Build DaddyBoard (HeliBoard fork)	2026-09-30T15:43:56.5876769Z C/C++: In file included from /home/runner/work/daddyboard/daddyboard/daddyboard-main/app/src/main/jni/src/suggest/policyimpl/typing/typing_suggest_policy.cpp:17:
build	Build DaddyBoard (HeliBoard fork)	2026-09-30T15:43:56.5878096Z C/C++: In file included from /home/runner/work/daddyboard/daddyboard/daddyboard-main/app/src/main/jni/src/suggest/policyimpl/typing/typing_suggest_policy.h:22:
build	Build DaddyBoard (HeliBoard fork)	2026-09-30T15:43:56.5879389Z C/C++: In file included from /home/runner/work/daddyboard/daddyboard/daddyboard-main/app/src/main/jni/src/suggest/policyimpl/typing/typing_scoring.h:23:
build	Build DaddyBoard (HeliBoard fork)	2026-09-30T15:43:56.5880613Z C/C++: In file included from /home/runner/work/daddyboard/daddyboard/daddyboard-main/app/src/main/jni/src/suggest/core/session/dic_traverse_session.h:23:
build	Build DaddyBoard (HeliBoard fork)	2026-09-30T15:43:56.5882032Z C/C++: In file included from /home/runner/work/daddyboard/daddyboard/daddyboard-main/app/src/main/jni/src/dictionary/utils/multi_bigram_map.h:24:
build	Build DaddyBoard (HeliBoard fork)	2026-09-30T15:43:56.5883241Z C/C++: In file included from /home/runner/work/daddyboard/daddyboard/daddyboard-main/app/src/main/jni/src/dictionary/interface/dictionary_structure_with_buffer_policy.h:25:
build	Build DaddyBoard (HeliBoard fork)	2026-09-30T15:43:56.5884423Z C/C++: In file included from /home/runner/work/daddyboard/daddyboard/daddyboard-main/app/src/main/jni/src/dictionary/property/word_property.h:23:
build	Build DaddyBoard (HeliBoard fork)	2026-09-30T15:43:56.5886296Z C/C++: /home/runner/work/daddyboard/daddyboard/daddyboard-main/app/src/main/jni/src/dictionary/property/ngram_property.h:54:5: warning: definition of implicit copy constructor for 'NgramProperty' is deprecated because it has a user-declared copy assignment operator [-Wdeprecated-copy]
build	Build DaddyBoard (HeliBoard fork)	2026-09-30T15:43:56.5887722Z C/C++:    54 |     DISALLOW_ASSIGNMENT_OPERATOR(NgramProperty);
build	Build DaddyBoard (HeliBoard fork)	2026-09-30T15:43:56.5888115Z C/C++:       |     ^
build	Build DaddyBoard (HeliBoard fork)	2026-09-30T15:43:56.5888856Z C/C++: /home/runner/work/daddyboard/daddyboard/daddyboard-main/app/src/main/jni/src/defines.h:289:8: note: expanded from macro 'DISALLOW_ASSIGNMENT_OPERATOR'
build	Build DaddyBoard (HeliBoard fork)	2026-09-30T15:43:56.5889718Z C/C++:   289 |   void operator=(const TypeName&) = delete
build	Build DaddyBoard (HeliBoard fork)	2026-09-30T15:43:56.5890102Z C/C++:       |        ^
build	Build DaddyBoard (HeliBoard fork)	2026-09-30T15:43:56.5891331Z C/C++: /usr/local/lib/android/sdk/ndk/28.0.13004108/toolchains/llvm/prebuilt/linux-x86_64/sysroot/usr/include/c++/v1/__memory/allocator.h:173:24: note: in implicit copy constructor for 'latinime::NgramProperty' first required here
build	Build DaddyBoard (HeliBoard fork)	2026-09-30T15:43:56.5892557Z C/C++:   173 |     ::new ((void*)__p) _Up(std::forward<_Args>(__args)...);
build	Build DaddyBoard (HeliBoard fork)	2026-09-30T15:43:56.5892978Z C/C++:       |                        ^
build	Build DaddyBoard (HeliBoard fork)	2026-09-30T15:43:56.5894464Z C/C++: /usr/local/lib/android/sdk/ndk/28.0.13004108/toolchains/llvm/prebuilt/linux-x86_64/sysroot/usr/include/c++/v1/__memory/allocator_traits.h:320:9: note: in instantiation of function template specialization 'std::allocator<latinime::NgramProperty>::construct<latinime::NgramProperty, latinime::NgramProperty &>' requested here
build	Build DaddyBoard (HeliBoard fork)	2026-09-30T15:43:56.5896089Z C/C++:   320 |     __a.construct(__p, std::forward<_Args>(__args)...);
build	Build DaddyBoard (HeliBoard fork)	2026-09-30T15:43:56.5896713Z C/C++:       |         ^
build	Build DaddyBoard (HeliBoard fork)	2026-09-30T15:43:56.5898299Z C/C++: /usr/local/lib/android/sdk/ndk/28.0.13004108/toolchains/llvm/prebuilt/linux-x86_64/sysroot/usr/include/c++/v1/__memory/uninitialized_algorithms.h:551:31: note: in instantiation of function template specialization 'std::allocator_traits<std::allocator<latinime::NgramProperty>>::construct<latinime::NgramProperty, latinime::NgramProperty &, 0>' requested here
build	Build DaddyBoard (HeliBoard fork)	2026-09-30T15:43:56.5900136Z C/C++:   551 |     allocator_traits<_Alloc>::construct(__alloc, std::__to_address(__first2), *__first1);
build	Build DaddyBoard (HeliBoard fork)	2026-09-30T15:43:56.5900683Z C/C++:       |                               ^
build	Build DaddyBoard (HeliBoard fork)	2026-09-30T15:43:56.5902588Z C/C++: /usr/local/lib/android/sdk/ndk/28.0.13004108/toolchains/llvm/prebuilt/linux-x86_64/sysroot/usr/include/c++/v1/__memory/uninitialized_algorithms.h:594:33: note: in instantiation of function template specialization 'std::__uninitialized_allocator_copy_impl<std::allocator<latinime::NgramProperty>, latinime::NgramProperty *, latinime::NgramProperty *, latinime::NgramProperty *>' requested here
build	Build DaddyBoard (HeliBoard fork)	2026-09-30T15:43:56.5904539Z C/C++:   594 |   auto __result          = std::__uninitialized_allocator_copy_impl(
build	Build DaddyBoard (HeliBoard fork)	2026-09-30T15:43:56.5905017Z C/C++:       |                                 ^
build	Build DaddyBoard (HeliBoard fork)	2026-09-30T15:43:56.5906669Z C/C++: /usr/local/lib/android/sdk/ndk/28.0.13004108/toolchains/llvm/prebuilt/linux-x86_64/sysroot/usr/include/c++/v1/vector:1100:22: note: in instantiation of function template specialization 'std::__uninitialized_allocator_copy<std::allocator<latinime::NgramProperty>, latinime::NgramProperty *, latinime::NgramProperty *, latinime::NgramProperty *>' requested here
build	Build DaddyBoard (HeliBoard fork)	2026-09-30T15:43:56.5908566Z C/C++:  1100 |   __tx.__pos_ = std::__uninitialized_allocator_copy(__alloc(), __first, __last, __tx.__pos_);
build	Build DaddyBoard (HeliBoard fork)	2026-09-30T15:43:56.5909134Z C/C++:       |                      ^
build	Build DaddyBoard (HeliBoard fork)	2026-09-30T15:43:56.5910540Z C/C++: /usr/local/lib/android/sdk/ndk/28.0.13004108/toolchains/llvm/prebuilt/linux-x86_64/sysroot/usr/include/c++/v1/vector:761:7: note: in instantiation of function template specialization 'std::vector<latinime::NgramProperty>::__construct_at_end<latinime::NgramProperty *, latinime::NgramProperty *>' requested here
build	Build DaddyBoard (HeliBoard fork)	2026-09-30T15:43:56.5912262Z C/C++:   761 |       __construct_at_end(__first, __last, __n);
build	Build DaddyBoard (HeliBoard fork)	2026-09-30T15:43:56.5912621Z C/C++:       |       ^
build	Build DaddyBoard (HeliBoard fork)	2026-09-30T15:43:56.5914196Z C/C++: /usr/local/lib/android/sdk/ndk/28.0.13004108/toolchains/llvm/prebuilt/linux-x86_64/sysroot/usr/include/c++/v1/vector:1213:3: note: in instantiation of function template specialization 'std::vector<latinime::NgramProperty>::__init_with_size<latinime::NgramProperty *, latinime::NgramProperty *>' requested here
build	Build DaddyBoard (HeliBoard fork)	2026-09-30T15:43:56.5915711Z C/C++:  1213 |   __init_with_size(__x.__begin_, __x.__end_, __x.size());
build	Build DaddyBoard (HeliBoard fork)	2026-09-30T15:43:56.5916121Z C/C++:       |   ^
build	Build DaddyBoard (HeliBoard fork)	2026-09-30T15:43:56.5917151Z C/C++: /home/runner/work/daddyboard/daddyboard/daddyboard-main/app/src/main/jni/src/dictionary/property/word_property.h:39:15: note: in instantiation of member function 'std::vector<latinime::NgramProperty>::vector' requested here
build	Build DaddyBoard (HeliBoard fork)	2026-09-30T15:43:56.5918316Z C/C++:    39 |               mNgrams(ngrams) {}
build	Build DaddyBoard (HeliBoard fork)	2026-09-30T15:43:56.5918657Z C/C++:       |               ^
build	Build DaddyBoard (HeliBoard fork)	2026-09-30T15:43:56.6869134Z C/C++: 6 warnings generated.
build	Build DaddyBoard (HeliBoard fork)	2026-09-30T15:43:57.0869824Z C/C++: In file included from /home/runner/work/daddyboard/daddyboard/daddyboard-main/app/src/main/jni/src/suggest/policyimpl/typing/typing_traversal.cpp:17:
build	Build DaddyBoard (HeliBoard fork)	2026-09-30T15:43:57.0871694Z C/C++: In file included from /home/runner/work/daddyboard/daddyboard/daddyboard-main/app/src/main/jni/src/suggest/policyimpl/typing/typing_traversal.h:23:
build	Build DaddyBoard (HeliBoard fork)	2026-09-30T15:43:57.0873215Z C/C++: In file included from /home/runner/work/daddyboard/daddyboard/daddyboard-main/app/src/main/jni/src/suggest/core/dicnode/dic_node.h:22:
build	Build DaddyBoard (HeliBoard fork)	2026-09-30T15:43:57.0874631Z C/C++: In file included from /home/runner/work/daddyboard/daddyboard/daddyboard-main/app/src/main/jni/src/suggest/core/dicnode/dic_node_utils.h:21:
build	Build DaddyBoard (HeliBoard fork)	2026-09-30T15:43:57.0876584Z C/C++: /home/runner/work/daddyboard/daddyboard/daddyboard-main/app/src/main/jni/src/utils/int_array_view.h:160:5: warning: definition of implicit copy constructor for 'IntArrayView' is deprecated because it has a user-declared copy assignment operator [-Wdeprecated-copy]
build	Build DaddyBoard (HeliBoard fork)	2026-09-30T15:43:57.0878530Z C/C++:   160 |     DISALLOW_ASSIGNMENT_OPERATOR(IntArrayView);
build	Build DaddyBoard (HeliBoard fork)	2026-09-30T15:43:57.0879093Z C/C++:       |     ^
build	Build DaddyBoard (HeliBoard fork)	2026-09-30T15:43:57.0879983Z C/C++: /home/runner/work/daddyboard/daddyboard/daddyboard-main/app/src/main/jni/src/defines.h:289:8: note: expanded from macro 'DISALLOW_ASSIGNMENT_OPERATOR'
build	Build DaddyBoard (HeliBoard fork)	2026-09-30T15:43:57.0881148Z C/C++:   289 |   void operator=(const TypeName&) = delete
build	Build DaddyBoard (HeliBoard fork)	2026-09-30T15:43:57.0881690Z C/C++:       |        ^
build	Build DaddyBoard (HeliBoard fork)	2026-09-30T15:43:57.0882814Z C/C++: /home/runner/work/daddyboard/daddyboard/daddyboard-main/app/src/main/jni/src/suggest/core/dicnode/dic_node.h:110:53: note: in implicit copy constructor for 'latinime::IntArrayView' first required here
build	Build DaddyBoard (HeliBoard fork)	2026-09-30T15:43:57.0884141Z C/C++:   110 |         mDicNodeProperties.init(rootPtNodeArrayPos, prevWordIds);
build	Build DaddyBoard (HeliBoard fork)	2026-09-30T15:43:57.0884795Z C/C++:       |                                                     ^
build	Build DaddyBoard (HeliBoard fork)	2026-09-30T15:43:57.0885744Z C/C++: In file included from /home/runner/work/daddyboard/daddyboard/daddyboard-main/app/src/main/jni/src/suggest/policyimpl/typing/typing_traversal.cpp:17:
build	Build DaddyBoard (HeliBoard fork)	2026-09-30T15:43:57.0887219Z C/C++: In file included from /home/runner/work/daddyboard/daddyboard/daddyboard-main/app/src/main/jni/src/suggest/policyimpl/typing/typing_traversal.h:26:
build	Build DaddyBoard (HeliBoard fork)	2026-09-30T15:43:57.0888910Z C/C++: /home/runner/work/daddyboard/daddyboard/daddyboard-main/app/src/main/jni/src/suggest/core/layout/proximity_info_utils.h:75:25: warning: variable 'proximityChar' set but not used [-Wunused-but-set-variable]
build	Build DaddyBoard (HeliBoard fork)	2026-09-30T15:43:57.0890203Z C/C++:    75 |                     int proximityChar =
build	Build DaddyBoard (HeliBoard fork)	2026-09-30T15:43:57.0890722Z C/C++:       |                         ^
build	Build DaddyBoard (HeliBoard fork)	2026-09-30T15:43:57.0891893Z C/C++: In file included from /home/runner/work/daddyboard/daddyboard/daddyboard-main/app/src/main/jni/src/suggest/policyimpl/typing/typing_traversal.cpp:17:
build	Build DaddyBoard (HeliBoard fork)	2026-09-30T15:43:57.0893359Z C/C++: In file included from /home/runner/work/daddyboard/daddyboard/daddyboard-main/app/src/main/jni/src/suggest/policyimpl/typing/typing_traversal.h:28:
build	Build DaddyBoard (HeliBoard fork)	2026-09-30T15:43:57.0894773Z C/C++: In file included from /home/runner/work/daddyboard/daddyboard/daddyboard-main/app/src/main/jni/src/suggest/core/session/dic_traverse_session.h:23:
build	Build DaddyBoard (HeliBoard fork)	2026-09-30T15:43:57.0896417Z C/C++: In file included from /home/runner/work/daddyboard/daddyboard/daddyboard-main/app/src/main/jni/src/dictionary/utils/multi_bigram_map.h:24:
build	Build DaddyBoard (HeliBoard fork)	2026-09-30T15:43:57.0897875Z C/C++: In file included from /home/runner/work/daddyboard/daddyboard/daddyboard-main/app/src/main/jni/src/dictionary/interface/dictionary_structure_with_buffer_policy.h:23:
build	Build DaddyBoard (HeliBoard fork)	2026-09-30T15:43:57.0899895Z C/C++: /home/runner/work/daddyboard/daddyboard/daddyboard-main/app/src/main/jni/src/dictionary/property/historical_info.h:52:5: warning: definition of implicit copy constructor for 'HistoricalInfo' is deprecated because it has a user-declared copy assignment operator [-Wdeprecated-copy]
build	Build DaddyBoard (HeliBoard fork)	2026-09-30T15:43:57.0901769Z C/C++:    52 |     DISALLOW_ASSIGNMENT_OPERATOR(HistoricalInfo);
build	Build DaddyBoard (HeliBoard fork)	2026-09-30T15:43:57.0902329Z C/C++:       |     ^
build	Build DaddyBoard (HeliBoard fork)	2026-09-30T15:43:57.0903222Z C/C++: /home/runner/work/daddyboard/daddyboard/daddyboard-main/app/src/main/jni/src/defines.h:289:8: note: expanded from macro 'DISALLOW_ASSIGNMENT_OPERATOR'
build	Build DaddyBoard (HeliBoard fork)	2026-09-30T15:43:57.0904281Z C/C++:   289 |   void operator=(const TypeName&) = delete
build	Build DaddyBoard (HeliBoard fork)	2026-09-30T15:43:57.0904802Z C/C++:       |        ^
build	Build DaddyBoard (HeliBoard fork)	2026-09-30T15:43:57.0905952Z C/C++: /home/runner/work/daddyboard/daddyboard/daddyboard-main/app/src/main/jni/src/dictionary/property/ngram_property.h:33:42: note: in implicit copy constructor for 'latinime::HistoricalInfo' first required here
build	Build DaddyBoard (HeliBoard fork)	2026-09-30T15:43:57.0907329Z C/C++:    33 |               mProbability(probability), mHistoricalInfo(historicalInfo) {}
build	Build DaddyBoard (HeliBoard fork)	2026-09-30T15:43:57.0908023Z C/C++:       |                                          ^
build	Build DaddyBoard (HeliBoard fork)	2026-09-30T15:43:57.0909366Z C/C++: In file included from /home/runner/work/daddyboard/daddyboard/daddyboard-main/app/src/main/jni/src/suggest/policyimpl/typing/typing_traversal.cpp:17:
build	Build DaddyBoard (HeliBoard fork)	2026-09-30T15:43:57.0910857Z C/C++: In file included from /home/runner/work/daddyboard/daddyboard/daddyboard-main/app/src/main/jni/src/suggest/policyimpl/typing/typing_traversal.h:28:
build	Build DaddyBoard (HeliBoard fork)	2026-09-30T15:43:57.0912558Z C/C++: In file included from /home/runner/work/daddyboard/daddyboard/daddyboard-main/app/src/main/jni/src/suggest/core/session/dic_traverse_session.h:23:
build	Build DaddyBoard (HeliBoard fork)	2026-09-30T15:43:57.0914028Z C/C++: In file included from /home/runner/work/daddyboard/daddyboard/daddyboard-main/app/src/main/jni/src/dictionary/utils/multi_bigram_map.h:24:
build	Build DaddyBoard (HeliBoard fork)	2026-09-30T15:43:57.0915563Z C/C++: In file included from /home/runner/work/daddyboard/daddyboard/daddyboard-main/app/src/main/jni/src/dictionary/interface/dictionary_structure_with_buffer_policy.h:25:
build	Build DaddyBoard (HeliBoard fork)	2026-09-30T15:43:57.0917037Z C/C++: In file included from /home/runner/work/daddyboard/daddyboard/daddyboard-main/app/src/main/jni/src/dictionary/property/word_property.h:24:
build	Build DaddyBoard (HeliBoard fork)	2026-09-30T15:43:57.0919052Z C/C++: /home/runner/work/daddyboard/daddyboard/daddyboard-main/app/src/main/jni/src/dictionary/property/unigram_property.h:126:5: warning: definition of implicit copy constructor for 'UnigramProperty' is deprecated because it has a user-declared copy assignment operator [-Wdeprecated-copy]
build	Build DaddyBoard (HeliBoard fork)	2026-09-30T15:43:57.0920745Z C/C++:   126 |     DISALLOW_ASSIGNMENT_OPERATOR(UnigramProperty);
build	Build DaddyBoard (HeliBoard fork)	2026-09-30T15:43:57.0921490Z C/C++:       |     ^
build	Build DaddyBoard (HeliBoard fork)	2026-09-30T15:43:57.0922397Z C/C++: /home/runner/work/daddyboard/daddyboard/daddyboard-main/app/src/main/jni/src/defines.h:289:8: note: expanded from macro 'DISALLOW_ASSIGNMENT_OPERATOR'
build	Build DaddyBoard (HeliBoard fork)	2026-09-30T15:43:57.0923428Z C/C++:   289 |   void operator=(const TypeName&) = delete
build	Build DaddyBoard (HeliBoard fork)	2026-09-30T15:43:57.0923933Z C/C++:       |        ^
build	Build DaddyBoard (HeliBoard fork)	2026-09-30T15:43:57.0925060Z C/C++: /home/runner/work/daddyboard/daddyboard/daddyboard-main/app/src/main/jni/src/dictionary/property/word_property.h:38:51: note: in implicit copy constructor for 'latinime::UnigramProperty' first required here
build	Build DaddyBoard (HeliBoard fork)	2026-09-30T15:43:57.0926477Z C/C++:    38 |             : mCodePoints(std::move(codePoints)), mUnigramProperty(unigramProperty),
build	Build DaddyBoard (HeliBoard fork)	2026-09-30T15:43:57.0927189Z C/C++:       |                                                   ^
build	Build DaddyBoard (HeliBoard fork)	2026-09-30T15:43:57.0928416Z C/C++: In file included from /home/runner/work/daddyboard/daddyboard/daddyboard-main/app/src/main/jni/src/suggest/policyimpl/typing/typing_traversal.cpp:17:
build	Build DaddyBoard (HeliBoard fork)	2026-09-30T15:43:57.0929790Z C/C++: In file included from /home/runner/work/daddyboard/daddyboard/daddyboard-main/app/src/main/jni/src/suggest/policyimpl/typing/typing_traversal.h:28:
build	Build DaddyBoard (HeliBoard fork)	2026-09-30T15:43:57.0931345Z C/C++: In file included from /home/runner/work/daddyboard/daddyboard/daddyboard-main/app/src/main/jni/src/suggest/core/session/dic_traverse_session.h:23:
build	Build DaddyBoard (HeliBoard fork)	2026-09-30T15:43:57.0932685Z C/C++: In file included from /home/runner/work/daddyboard/daddyboard/daddyboard-main/app/src/main/jni/src/dictionary/utils/multi_bigram_map.h:27:
build	Build DaddyBoard (HeliBoard fork)	2026-09-30T15:43:57.0934621Z C/C++: /home/runner/work/daddyboard/daddyboard/daddyboard-main/app/src/main/jni/src/dictionary/utils/bloom_filter.h:47:5: warning: definition of implicit copy constructor for 'BloomFilter' is deprecated because it has a user-declared copy assignment operator [-Wdeprecated-copy]
build	Build DaddyBoard (HeliBoard fork)	2026-09-30T15:43:57.0936227Z C/C++:    47 |     DISALLOW_ASSIGNMENT_OPERATOR(BloomFilter);
build	Build DaddyBoard (HeliBoard fork)	2026-09-30T15:43:57.0936773Z C/C++:       |     ^
build	Build DaddyBoard (HeliBoard fork)	2026-09-30T15:43:57.0937639Z C/C++: /home/runner/work/daddyboard/daddyboard/daddyboard-main/app/src/main/jni/src/defines.h:289:8: note: expanded from macro 'DISALLOW_ASSIGNMENT_OPERATOR'
build	Build DaddyBoard (HeliBoard fork)	2026-09-30T15:43:57.0938632Z C/C++:   289 |   void operator=(const TypeName&) = delete
build	Build DaddyBoard (HeliBoard fork)	2026-09-30T15:43:57.0939119Z C/C++:       |        ^
build	Build DaddyBoard (HeliBoard fork)	2026-09-30T15:43:57.0940205Z C/C++: /home/runner/work/daddyboard/daddyboard/daddyboard-main/app/src/main/jni/src/dictionary/utils/multi_bigram_map.h:57:53: note: in implicit copy constructor for 'latinime::BloomFilter' first required here
build	Build DaddyBoard (HeliBoard fork)	2026-09-30T15:43:57.0942030Z C/C++:    57 |                 : mBigramMap(bigramMap.mBigramMap), mBloomFilter(bigramMap.mBloomFilter) {}
build	Build DaddyBoard (HeliBoard fork)	2026-09-30T15:43:57.0942763Z C/C++:       |                                                     ^
build	Build DaddyBoard (HeliBoard fork)	2026-09-30T15:43:57.2869797Z C/C++: In file included from /home/runner/work/daddyboard/daddyboard/daddyboard-main/app/src/main/jni/src/suggest/policyimpl/typing/typing_traversal.cpp:17:
build	Build DaddyBoard (HeliBoard fork)	2026-09-30T15:43:57.2871369Z C/C++: In file included from /home/runner/work/daddyboard/daddyboard/daddyboard-main/app/src/main/jni/src/suggest/policyimpl/typing/typing_traversal.h:28:
build	Build DaddyBoard (HeliBoard fork)	2026-09-30T15:43:57.2872395Z C/C++: In file included from /home/runner/work/daddyboard/daddyboard/daddyboard-main/app/src/main/jni/src/suggest/core/session/dic_traverse_session.h:23:
build	Build DaddyBoard (HeliBoard fork)	2026-09-30T15:43:57.2873137Z C/C++: In file included from /home/runner/work/daddyboard/daddyboard/daddyboard-main/app/src/main/jni/src/dictionary/utils/multi_bigram_map.h:24:
build	Build DaddyBoard (HeliBoard fork)	2026-09-30T15:43:57.2873948Z C/C++: In file included from /home/runner/work/daddyboard/daddyboard/daddyboard-main/app/src/main/jni/src/dictionary/interface/dictionary_structure_with_buffer_policy.h:25:
build	Build DaddyBoard (HeliBoard fork)	2026-09-30T15:43:57.2874772Z C/C++: In file included from /home/runner/work/daddyboard/daddyboard/daddyboard-main/app/src/main/jni/src/dictionary/property/word_property.h:23:
build	Build DaddyBoard (HeliBoard fork)	2026-09-30T15:43:57.2875881Z C/C++: /home/runner/work/daddyboard/daddyboard/daddyboard-main/app/src/main/jni/src/dictionary/property/ngram_property.h:54:5: warning: definition of implicit copy constructor for 'NgramProperty' is deprecated because it has a user-declared copy assignment operator [-Wdeprecated-copy]
build	Build DaddyBoard (HeliBoard fork)	2026-09-30T15:43:57.2876789Z C/C++:    54 |     DISALLOW_ASSIGNMENT_OPERATOR(NgramProperty);
build	Build DaddyBoard (HeliBoard fork)	2026-09-30T15:43:57.2877036Z C/C++:       |     ^
build	Build DaddyBoard (HeliBoard fork)	2026-09-30T15:43:57.2877521Z C/C++: /home/runner/work/daddyboard/daddyboard/daddyboard-main/app/src/main/jni/src/defines.h:289:8: note: expanded from macro 'DISALLOW_ASSIGNMENT_OPERATOR'
build	Build DaddyBoard (HeliBoard fork)	2026-09-30T15:43:57.2878047Z C/C++:   289 |   void operator=(const TypeName&) = delete
build	Build DaddyBoard (HeliBoard fork)	2026-09-30T15:43:57.2878289Z C/C++:       |        ^
build	Build DaddyBoard (HeliBoard fork)	2026-09-30T15:43:57.2878961Z C/C++: /usr/local/lib/android/sdk/ndk/28.0.13004108/toolchains/llvm/prebuilt/linux-x86_64/sysroot/usr/include/c++/v1/__memory/allocator.h:173:24: note: in implicit copy constructor for 'latinime::NgramProperty' first required here
build	Build DaddyBoard (HeliBoard fork)	2026-09-30T15:43:57.2880001Z C/C++:   173 |     ::new ((void*)__p) _Up(std::forward<_Args>(__args)...);
build	Build DaddyBoard (HeliBoard fork)	2026-09-30T15:43:57.2880268Z C/C++:       |                        ^
build	Build DaddyBoard (HeliBoard fork)	2026-09-30T15:43:57.2881294Z C/C++: /usr/local/lib/android/sdk/ndk/28.0.13004108/toolchains/llvm/prebuilt/linux-x86_64/sysroot/usr/include/c++/v1/__memory/allocator_traits.h:320:9: note: in instantiation of function template specialization 'std::allocator<latinime::NgramProperty>::construct<latinime::NgramProperty, latinime::NgramProperty &>' requested here
build	Build DaddyBoard (HeliBoard fork)	2026-09-30T15:43:57.2882243Z C/C++:   320 |     __a.construct(__p, std::forward<_Args>(__args)...);
build	Build DaddyBoard (HeliBoard fork)	2026-09-30T15:43:57.2882496Z C/C++:       |         ^
build	Build DaddyBoard (HeliBoard fork)	2026-09-30T15:43:57.2883462Z C/C++: /usr/local/lib/android/sdk/ndk/28.0.13004108/toolchains/llvm/prebuilt/linux-x86_64/sysroot/usr/include/c++/v1/__memory/uninitialized_algorithms.h:551:31: note: in instantiation of function template specialization 'std::allocator_traits<std::allocator<latinime::NgramProperty>>::construct<latinime::NgramProperty, latinime::NgramProperty &, 0>' requested here
build	Build DaddyBoard (HeliBoard fork)	2026-09-30T15:43:57.2884579Z C/C++:   551 |     allocator_traits<_Alloc>::construct(__alloc, std::__to_address(__first2), *__first1);
build	Build DaddyBoard (HeliBoard fork)	2026-09-30T15:43:57.2884918Z C/C++:       |                               ^
build	Build DaddyBoard (HeliBoard fork)	2026-09-30T15:43:57.2885991Z C/C++: /usr/local/lib/android/sdk/ndk/28.0.13004108/toolchains/llvm/prebuilt/linux-x86_64/sysroot/usr/include/c++/v1/__memory/uninitialized_algorithms.h:594:33: note: in instantiation of function template specialization 'std::__uninitialized_allocator_copy_impl<std::allocator<latinime::NgramProperty>, latinime::NgramProperty *, latinime::NgramProperty *, latinime::NgramProperty *>' requested here
build	Build DaddyBoard (HeliBoard fork)	2026-09-30T15:43:57.2887277Z C/C++:   594 |   auto __result          = std::__uninitialized_allocator_copy_impl(
build	Build DaddyBoard (HeliBoard fork)	2026-09-30T15:43:57.2887563Z C/C++:       |                                 ^
build	Build DaddyBoard (HeliBoard fork)	2026-09-30T15:43:57.2888546Z C/C++: /usr/local/lib/android/sdk/ndk/28.0.13004108/toolchains/llvm/prebuilt/linux-x86_64/sysroot/usr/include/c++/v1/vector:1100:22: note: in instantiation of function template specialization 'std::__uninitialized_allocator_copy<std::allocator<latinime::NgramProperty>, latinime::NgramProperty *, latinime::NgramProperty *, latinime::NgramProperty *>' requested here
build	Build DaddyBoard (HeliBoard fork)	2026-09-30T15:43:57.2889662Z C/C++:  1100 |   __tx.__pos_ = std::__uninitialized_allocator_copy(__alloc(), __first, __last, __tx.__pos_);
build	Build DaddyBoard (HeliBoard fork)	2026-09-30T15:43:57.2890000Z C/C++:       |                      ^
build	Build DaddyBoard (HeliBoard fork)	2026-09-30T15:43:57.2890849Z C/C++: /usr/local/lib/android/sdk/ndk/28.0.13004108/toolchains/llvm/prebuilt/linux-x86_64/sysroot/usr/include/c++/v1/vector:761:7: note: in instantiation of function template specialization 'std::vector<latinime::NgramProperty>::__construct_at_end<latinime::NgramProperty *, latinime::NgramProperty *>' requested here
build	Build DaddyBoard (HeliBoard fork)	2026-09-30T15:43:57.2891835Z C/C++:   761 |       __construct_at_end(__first, __last, __n);
build	Build DaddyBoard (HeliBoard fork)	2026-09-30T15:43:57.2892081Z C/C++:       |       ^
build	Build DaddyBoard (HeliBoard fork)	2026-09-30T15:43:57.2892899Z C/C++: /usr/local/lib/android/sdk/ndk/28.0.13004108/toolchains/llvm/prebuilt/linux-x86_64/sysroot/usr/include/c++/v1/vector:1213:3: note: in instantiation of function template specialization 'std::vector<latinime::NgramProperty>::__init_with_size<latinime::NgramProperty *, latinime::NgramProperty *>' requested here
build	Build DaddyBoard (HeliBoard fork)	2026-09-30T15:43:57.2893802Z C/C++:  1213 |   __init_with_size(__x.__begin_, __x.__end_, __x.size());
build	Build DaddyBoard (HeliBoard fork)	2026-09-30T15:43:57.2894058Z C/C++:       |   ^
build	Build DaddyBoard (HeliBoard fork)	2026-09-30T15:43:57.2894695Z C/C++: /home/runner/work/daddyboard/daddyboard/daddyboard-main/app/src/main/jni/src/dictionary/property/word_property.h:39:15: note: in instantiation of member function 'std::vector<latinime::NgramProperty>::vector' requested here
build	Build DaddyBoard (HeliBoard fork)	2026-09-30T15:43:57.2895378Z C/C++:    39 |               mNgrams(ngrams) {}
build	Build DaddyBoard (HeliBoard fork)	2026-09-30T15:43:57.2895590Z C/C++:       |               ^
build	Build DaddyBoard (HeliBoard fork)	2026-09-30T15:43:57.3869293Z C/C++: 6 warnings generated.
build	Build DaddyBoard (HeliBoard fork)	2026-09-30T15:43:57.6869788Z C/C++: In file included from /home/runner/work/daddyboard/daddyboard/daddyboard-main/app/src/main/jni/src/suggest/policyimpl/typing/typing_weighting.cpp:17:
build	Build DaddyBoard (HeliBoard fork)	2026-09-30T15:43:57.6871552Z C/C++: In file included from /home/runner/work/daddyboard/daddyboard/daddyboard-main/app/src/main/jni/src/suggest/policyimpl/typing/typing_weighting.h:25:
build	Build DaddyBoard (HeliBoard fork)	2026-09-30T15:43:57.6872359Z C/C++: In file included from /home/runner/work/daddyboard/daddyboard/daddyboard-main/app/src/main/jni/src/suggest/core/session/dic_traverse_session.h:23:
build	Build DaddyBoard (HeliBoard fork)	2026-09-30T15:43:57.6873143Z C/C++: In file included from /home/runner/work/daddyboard/daddyboard/daddyboard-main/app/src/main/jni/src/dictionary/utils/multi_bigram_map.h:24:
build	Build DaddyBoard (HeliBoard fork)	2026-09-30T15:43:57.6873943Z C/C++: In file included from /home/runner/work/daddyboard/daddyboard/daddyboard-main/app/src/main/jni/src/dictionary/interface/dictionary_structure_with_buffer_policy.h:23:
build	Build DaddyBoard (HeliBoard fork)	2026-09-30T15:43:57.6875158Z C/C++: /home/runner/work/daddyboard/daddyboard/daddyboard-main/app/src/main/jni/src/dictionary/property/historical_info.h:52:5: warning: definition of implicit copy constructor for 'HistoricalInfo' is deprecated because it has a user-declared copy assignment operator [-Wdeprecated-copy]
build	Build DaddyBoard (HeliBoard fork)	2026-09-30T15:43:57.6876055Z C/C++:    52 |     DISALLOW_ASSIGNMENT_OPERATOR(HistoricalInfo);
build	Build DaddyBoard (HeliBoard fork)	2026-09-30T15:43:57.6876303Z C/C++:       |     ^
build	Build DaddyBoard (HeliBoard fork)	2026-09-30T15:43:57.6876767Z C/C++: /home/runner/work/daddyboard/daddyboard/daddyboard-main/app/src/main/jni/src/defines.h:289:8: note: expanded from macro 'DISALLOW_ASSIGNMENT_OPERATOR'
build	Build DaddyBoard (HeliBoard fork)	2026-09-30T15:43:57.6877291Z C/C++:   289 |   void operator=(const TypeName&) = delete
build	Build DaddyBoard (HeliBoard fork)	2026-09-30T15:43:57.6877526Z C/C++:       |        ^
build	Build DaddyBoard (HeliBoard fork)	2026-09-30T15:43:57.6878153Z C/C++: /home/runner/work/daddyboard/daddyboard/daddyboard-main/app/src/main/jni/src/dictionary/property/ngram_property.h:33:42: note: in implicit copy constructor for 'latinime::HistoricalInfo' first required here
build	Build DaddyBoard (HeliBoard fork)	2026-09-30T15:43:57.6879048Z C/C++:    33 |               mProbability(probability), mHistoricalInfo(historicalInfo) {}
build	Build DaddyBoard (HeliBoard fork)	2026-09-30T15:43:57.6879373Z C/C++:       |                                          ^
build	Build DaddyBoard (HeliBoard fork)	2026-09-30T15:43:57.6879907Z C/C++: In file included from /home/runner/work/daddyboard/daddyboard/daddyboard-main/app/src/main/jni/src/suggest/policyimpl/typing/typing_weighting.cpp:17:
build	Build DaddyBoard (HeliBoard fork)	2026-09-30T15:43:57.6880690Z C/C++: In file included from /home/runner/work/daddyboard/daddyboard/daddyboard-main/app/src/main/jni/src/suggest/policyimpl/typing/typing_weighting.h:25:
build	Build DaddyBoard (HeliBoard fork)	2026-09-30T15:43:57.6892152Z C/C++: In file included from /home/runner/work/daddyboard/daddyboard/daddyboard-main/app/src/main/jni/src/suggest/core/session/dic_traverse_session.h:23:
build	Build DaddyBoard (HeliBoard fork)	2026-09-30T15:43:57.6893175Z C/C++: In file included from /home/runner/work/daddyboard/daddyboard/daddyboard-main/app/src/main/jni/src/dictionary/utils/multi_bigram_map.h:24:
build	Build DaddyBoard (HeliBoard fork)	2026-09-30T15:43:57.6894201Z C/C++: In file included from /home/runner/work/daddyboard/daddyboard/daddyboard-main/app/src/main/jni/src/dictionary/interface/dictionary_structure_with_buffer_policy.h:25:
build	Build DaddyBoard (HeliBoard fork)	2026-09-30T15:43:57.6895229Z C/C++: In file included from /home/runner/work/daddyboard/daddyboard/daddyboard-main/app/src/main/jni/src/dictionary/property/word_property.h:24:
build	Build DaddyBoard (HeliBoard fork)	2026-09-30T15:43:57.6896551Z C/C++: /home/runner/work/daddyboard/daddyboard/daddyboard-main/app/src/main/jni/src/dictionary/property/unigram_property.h:126:5: warning: definition of implicit copy constructor for 'UnigramProperty' is deprecated because it has a user-declared copy assignment operator [-Wdeprecated-copy]
build	Build DaddyBoard (HeliBoard fork)	2026-09-30T15:43:57.6897562Z C/C++:   126 |     DISALLOW_ASSIGNMENT_OPERATOR(UnigramProperty);
build	Build DaddyBoard (HeliBoard fork)	2026-09-30T15:43:57.6897974Z C/C++:       |     ^
build	Build DaddyBoard (HeliBoard fork)	2026-09-30T15:43:57.6898709Z C/C++: /home/runner/work/daddyboard/daddyboard/daddyboard-main/app/src/main/jni/src/defines.h:289:8: note: expanded from macro 'DISALLOW_ASSIGNMENT_OPERATOR'
build	Build DaddyBoard (HeliBoard fork)	2026-09-30T15:43:57.6899570Z C/C++:   289 |   void operator=(const TypeName&) = delete
build	Build DaddyBoard (HeliBoard fork)	2026-09-30T15:43:57.6899930Z C/C++:       |        ^
build	Build DaddyBoard (HeliBoard fork)	2026-09-30T15:43:57.6901024Z C/C++: /home/runner/work/daddyboard/daddyboard/daddyboard-main/app/src/main/jni/src/dictionary/property/word_property.h:38:51: note: in implicit copy constructor for 'latinime::UnigramProperty' first required here
build	Build DaddyBoard (HeliBoard fork)	2026-09-30T15:43:57.6902329Z C/C++:    38 |             : mCodePoints(std::move(codePoints)), mUnigramProperty(unigramProperty),
build	Build DaddyBoard (HeliBoard fork)	2026-09-30T15:43:57.6902679Z C/C++:       |                                                   ^
build	Build DaddyBoard (HeliBoard fork)	2026-09-30T15:43:57.6903209Z C/C++: In file included from /home/runner/work/daddyboard/daddyboard/daddyboard-main/app/src/main/jni/src/suggest/policyimpl/typing/typing_weighting.cpp:17:
build	Build DaddyBoard (HeliBoard fork)	2026-09-30T15:43:57.6904036Z C/C++: In file included from /home/runner/work/daddyboard/daddyboard/daddyboard-main/app/src/main/jni/src/suggest/policyimpl/typing/typing_weighting.h:25:
build	Build DaddyBoard (HeliBoard fork)	2026-09-30T15:43:57.6905038Z C/C++: In file included from /home/runner/work/daddyboard/daddyboard/daddyboard-main/app/src/main/jni/src/suggest/core/session/dic_traverse_session.h:23:
build	Build DaddyBoard (HeliBoard fork)	2026-09-30T15:43:57.6905787Z C/C++: In file included from /home/runner/work/daddyboard/daddyboard/daddyboard-main/app/src/main/jni/src/dictionary/utils/multi_bigram_map.h:27:
build	Build DaddyBoard (HeliBoard fork)	2026-09-30T15:43:57.6906876Z C/C++: /home/runner/work/daddyboard/daddyboard/daddyboard-main/app/src/main/jni/src/dictionary/utils/bloom_filter.h:47:5: warning: definition of implicit copy constructor for 'BloomFilter' is deprecated because it has a user-declared copy assignment operator [-Wdeprecated-copy]
build	Build DaddyBoard (HeliBoard fork)	2026-09-30T15:43:57.6907706Z C/C++:    47 |     DISALLOW_ASSIGNMENT_OPERATOR(BloomFilter);
build	Build DaddyBoard (HeliBoard fork)	2026-09-30T15:43:57.6907942Z C/C++:       |     ^
build	Build DaddyBoard (HeliBoard fork)	2026-09-30T15:43:57.6908397Z C/C++: /home/runner/work/daddyboard/daddyboard/daddyboard-main/app/src/main/jni/src/defines.h:289:8: note: expanded from macro 'DISALLOW_ASSIGNMENT_OPERATOR'
build	Build DaddyBoard (HeliBoard fork)	2026-09-30T15:43:57.6908919Z C/C++:   289 |   void operator=(const TypeName&) = delete
build	Build DaddyBoard (HeliBoard fork)	2026-09-30T15:43:57.6909290Z C/C++:       |        ^
build	Build DaddyBoard (HeliBoard fork)	2026-09-30T15:43:57.6909884Z C/C++: /home/runner/work/daddyboard/daddyboard/daddyboard-main/app/src/main/jni/src/dictionary/utils/multi_bigram_map.h:57:53: note: in implicit copy constructor for 'latinime::BloomFilter' first required here
build	Build DaddyBoard (HeliBoard fork)	2026-09-30T15:43:57.6910632Z C/C++:    57 |                 : mBigramMap(bigramMap.mBigramMap), mBloomFilter(bigramMap.mBloomFilter) {}
build	Build DaddyBoard (HeliBoard fork)	2026-09-30T15:43:57.6911169Z C/C++:       |                                                     ^
build	Build DaddyBoard (HeliBoard fork)	2026-09-30T15:43:57.7870104Z C/C++: In file included from /home/runner/work/daddyboard/daddyboard/daddyboard-main/app/src/main/jni/src/suggest/policyimpl/typing/typing_weighting.cpp:17:
build	Build DaddyBoard (HeliBoard fork)	2026-09-30T15:43:57.7871212Z C/C++: In file included from /home/runner/work/daddyboard/daddyboard/daddyboard-main/app/src/main/jni/src/suggest/policyimpl/typing/typing_weighting.h:21:
build	Build DaddyBoard (HeliBoard fork)	2026-09-30T15:43:57.7872415Z C/C++: In file included from /home/runner/work/daddyboard/daddyboard/daddyboard-main/app/src/main/jni/src/suggest/core/dicnode/dic_node_utils.h:21:
build	Build DaddyBoard (HeliBoard fork)	2026-09-30T15:43:57.7873678Z C/C++: /home/runner/work/daddyboard/daddyboard/daddyboard-main/app/src/main/jni/src/utils/int_array_view.h:160:5: warning: definition of implicit copy constructor for 'IntArrayView' is deprecated because it has a user-declared copy assignment operator [-Wdeprecated-copy]
build	Build DaddyBoard (HeliBoard fork)	2026-09-30T15:43:57.7874542Z C/C++:   160 |     DISALLOW_ASSIGNMENT_OPERATOR(IntArrayView);
build	Build DaddyBoard (HeliBoard fork)	2026-09-30T15:43:57.7874802Z C/C++:       |     ^
build	Build DaddyBoard (HeliBoard fork)	2026-09-30T15:43:57.7875286Z C/C++: /home/runner/work/daddyboard/daddyboard/daddyboard-main/app/src/main/jni/src/defines.h:289:8: note: expanded from macro 'DISALLOW_ASSIGNMENT_OPERATOR'
build	Build DaddyBoard (HeliBoard fork)	2026-09-30T15:43:57.7875815Z C/C++:   289 |   void operator=(const TypeName&) = delete
build	Build DaddyBoard (HeliBoard fork)	2026-09-30T15:43:57.7876049Z C/C++:       |        ^
build	Build DaddyBoard (HeliBoard fork)	2026-09-30T15:43:57.7876666Z C/C++: /home/runner/work/daddyboard/daddyboard/daddyboard-main/app/src/main/jni/src/suggest/core/dicnode/dic_node.h:110:53: note: in implicit copy constructor for 'latinime::IntArrayView' first required here
build	Build DaddyBoard (HeliBoard fork)	2026-09-30T15:43:57.7877376Z C/C++:   110 |         mDicNodeProperties.init(rootPtNodeArrayPos, prevWordIds);
build	Build DaddyBoard (HeliBoard fork)	2026-09-30T15:43:57.7877691Z C/C++:       |                                                     ^
build	Build DaddyBoard (HeliBoard fork)	2026-09-30T15:43:57.7878220Z C/C++: In file included from /home/runner/work/daddyboard/daddyboard/daddyboard-main/app/src/main/jni/src/suggest/policyimpl/typing/typing_weighting.cpp:20:
build	Build DaddyBoard (HeliBoard fork)	2026-09-30T15:43:57.7879290Z C/C++: In file included from /home/runner/work/daddyboard/daddyboard/daddyboard-main/app/src/main/jni/src/suggest/core/layout/proximity_info.h:25:
build	Build DaddyBoard (HeliBoard fork)	2026-09-30T15:43:57.7880190Z C/C++: /home/runner/work/daddyboard/daddyboard/daddyboard-main/app/src/main/jni/src/suggest/core/layout/proximity_info_utils.h:75:25: warning: variable 'proximityChar' set but not used [-Wunused-but-set-variable]
build	Build DaddyBoard (HeliBoard fork)	2026-09-30T15:43:57.7880859Z C/C++:    75 |                     int proximityChar =
build	Build DaddyBoard (HeliBoard fork)	2026-09-30T15:43:57.7881202Z C/C++:       |                         ^
build	Build DaddyBoard (HeliBoard fork)	2026-09-30T15:43:57.8869942Z C/C++: In file included from /home/runner/work/daddyboard/daddyboard/daddyboard-main/app/src/main/jni/src/suggest/policyimpl/typing/typing_weighting.cpp:17:
build	Build DaddyBoard (HeliBoard fork)	2026-09-30T15:43:57.8871502Z C/C++: In file included from /home/runner/work/daddyboard/daddyboard/daddyboard-main/app/src/main/jni/src/suggest/policyimpl/typing/typing_weighting.h:25:
build	Build DaddyBoard (HeliBoard fork)	2026-09-30T15:43:57.8872832Z C/C++: In file included from /home/runner/work/daddyboard/daddyboard/daddyboard-main/app/src/main/jni/src/suggest/core/session/dic_traverse_session.h:23:
build	Build DaddyBoard (HeliBoard fork)	2026-09-30T15:43:57.8874026Z C/C++: In file included from /home/runner/work/daddyboard/daddyboard/daddyboard-main/app/src/main/jni/src/dictionary/utils/multi_bigram_map.h:24:
build	Build DaddyBoard (HeliBoard fork)	2026-09-30T15:43:57.8875330Z C/C++: In file included from /home/runner/work/daddyboard/daddyboard/daddyboard-main/app/src/main/jni/src/dictionary/interface/dictionary_structure_with_buffer_policy.h:25:
build	Build DaddyBoard (HeliBoard fork)	2026-09-30T15:43:57.8876441Z C/C++: In file included from /home/runner/work/daddyboard/daddyboard/daddyboard-main/app/src/main/jni/src/dictionary/property/word_property.h:23:
build	Build DaddyBoard (HeliBoard fork)	2026-09-30T15:43:57.8878036Z C/C++: /home/runner/work/daddyboard/daddyboard/daddyboard-main/app/src/main/jni/src/dictionary/property/ngram_property.h:54:5: warning: definition of implicit copy constructor for 'NgramProperty' is deprecated because it has a user-declared copy assignment operator [-Wdeprecated-copy]
build	Build DaddyBoard (HeliBoard fork)	2026-09-30T15:43:57.8878967Z C/C++:    54 |     DISALLOW_ASSIGNMENT_OPERATOR(NgramProperty);
build	Build DaddyBoard (HeliBoard fork)	2026-09-30T15:43:57.8879216Z C/C++:       |     ^
build	Build DaddyBoard (HeliBoard fork)	2026-09-30T15:43:57.8879686Z C/C++: /home/runner/work/daddyboard/daddyboard/daddyboard-main/app/src/main/jni/src/defines.h:289:8: note: expanded from macro 'DISALLOW_ASSIGNMENT_OPERATOR'
build	Build DaddyBoard (HeliBoard fork)	2026-09-30T15:43:57.8880216Z C/C++:   289 |   void operator=(const TypeName&) = delete
build	Build DaddyBoard (HeliBoard fork)	2026-09-30T15:43:57.8880454Z C/C++:       |        ^
build	Build DaddyBoard (HeliBoard fork)	2026-09-30T15:43:57.8881316Z C/C++: /usr/local/lib/android/sdk/ndk/28.0.13004108/toolchains/llvm/prebuilt/linux-x86_64/sysroot/usr/include/c++/v1/__memory/allocator.h:173:24: note: in implicit copy constructor for 'latinime::NgramProperty' first required here
build	Build DaddyBoard (HeliBoard fork)	2026-09-30T15:43:57.8882034Z C/C++:   173 |     ::new ((void*)__p) _Up(std::forward<_Args>(__args)...);
build	Build DaddyBoard (HeliBoard fork)	2026-09-30T15:43:57.8882300Z C/C++:       |                        ^
build	Build DaddyBoard (HeliBoard fork)	2026-09-30T15:43:57.8883207Z C/C++: /usr/local/lib/android/sdk/ndk/28.0.13004108/toolchains/llvm/prebuilt/linux-x86_64/sysroot/usr/include/c++/v1/__memory/allocator_traits.h:320:9: note: in instantiation of function template specialization 'std::allocator<latinime::NgramProperty>::construct<latinime::NgramProperty, latinime::NgramProperty &>' requested here
build	Build DaddyBoard (HeliBoard fork)	2026-09-30T15:43:57.8884156Z C/C++:   320 |     __a.construct(__p, std::forward<_Args>(__args)...);
build	Build DaddyBoard (HeliBoard fork)	2026-09-30T15:43:57.8884414Z C/C++:       |         ^
build	Build DaddyBoard (HeliBoard fork)	2026-09-30T15:43:57.8885375Z C/C++: /usr/local/lib/android/sdk/ndk/28.0.13004108/toolchains/llvm/prebuilt/linux-x86_64/sysroot/usr/include/c++/v1/__memory/uninitialized_algorithms.h:551:31: note: in instantiation of function template specialization 'std::allocator_traits<std::allocator<latinime::NgramProperty>>::construct<latinime::NgramProperty, latinime::NgramProperty &, 0>' requested here
build	Build DaddyBoard (HeliBoard fork)	2026-09-30T15:43:57.8886499Z C/C++:   551 |     allocator_traits<_Alloc>::construct(__alloc, std::__to_address(__first2), *__first1);
build	Build DaddyBoard (HeliBoard fork)	2026-09-30T15:43:57.8887154Z C/C++:       |                               ^
build	Build DaddyBoard (HeliBoard fork)	2026-09-30T15:43:57.8888229Z C/C++: /usr/local/lib/android/sdk/ndk/28.0.13004108/toolchains/llvm/prebuilt/linux-x86_64/sysroot/usr/include/c++/v1/__memory/uninitialized_algorithms.h:594:33: note: in instantiation of function template specialization 'std::__uninitialized_allocator_copy_impl<std::allocator<latinime::NgramProperty>, latinime::NgramProperty *, latinime::NgramProperty *, latinime::NgramProperty *>' requested here
build	Build DaddyBoard (HeliBoard fork)	2026-09-30T15:43:57.8889370Z C/C++:   594 |   auto __result          = std::__uninitialized_allocator_copy_impl(
build	Build DaddyBoard (HeliBoard fork)	2026-09-30T15:43:57.8889659Z C/C++:       |                                 ^
build	Build DaddyBoard (HeliBoard fork)	2026-09-30T15:43:57.8890642Z C/C++: /usr/local/lib/android/sdk/ndk/28.0.13004108/toolchains/llvm/prebuilt/linux-x86_64/sysroot/usr/include/c++/v1/vector:1100:22: note: in instantiation of function template specialization 'std::__uninitialized_allocator_copy<std::allocator<latinime::NgramProperty>, latinime::NgramProperty *, latinime::NgramProperty *, latinime::NgramProperty *>' requested here
build	Build DaddyBoard (HeliBoard fork)	2026-09-30T15:43:57.8891873Z C/C++:  1100 |   __tx.__pos_ = std::__uninitialized_allocator_copy(__alloc(), __first, __last, __tx.__pos_);
build	Build DaddyBoard (HeliBoard fork)	2026-09-30T15:43:57.8892227Z C/C++:       |                      ^
build	Build DaddyBoard (HeliBoard fork)	2026-09-30T15:43:57.8893085Z C/C++: /usr/local/lib/android/sdk/ndk/28.0.13004108/toolchains/llvm/prebuilt/linux-x86_64/sysroot/usr/include/c++/v1/vector:761:7: note: in instantiation of function template specialization 'std::vector<latinime::NgramProperty>::__construct_at_end<latinime::NgramProperty *, latinime::NgramProperty *>' requested here
build	Build DaddyBoard (HeliBoard fork)	2026-09-30T15:43:57.8893981Z C/C++:   761 |       __construct_at_end(__first, __last, __n);
build	Build DaddyBoard (HeliBoard fork)	2026-09-30T15:43:57.8894314Z C/C++:       |       ^
build	Build DaddyBoard (HeliBoard fork)	2026-09-30T15:43:57.8895132Z C/C++: /usr/local/lib/android/sdk/ndk/28.0.13004108/toolchains/llvm/prebuilt/linux-x86_64/sysroot/usr/include/c++/v1/vector:1213:3: note: in instantiation of function template specialization 'std::vector<latinime::NgramProperty>::__init_with_size<latinime::NgramProperty *, latinime::NgramProperty *>' requested here
build	Build DaddyBoard (HeliBoard fork)	2026-09-30T15:43:57.8896038Z C/C++:  1213 |   __init_with_size(__x.__begin_, __x.__end_, __x.size());
build	Build DaddyBoard (HeliBoard fork)	2026-09-30T15:43:57.8896292Z C/C++:       |   ^
build	Build DaddyBoard (HeliBoard fork)	2026-09-30T15:43:57.8896930Z C/C++: /home/runner/work/daddyboard/daddyboard/daddyboard-main/app/src/main/jni/src/dictionary/property/word_property.h:39:15: note: in instantiation of member function 'std::vector<latinime::NgramProperty>::vector' requested here
build	Build DaddyBoard (HeliBoard fork)	2026-09-30T15:43:57.8897614Z C/C++:    39 |               mNgrams(ngrams) {}
build	Build DaddyBoard (HeliBoard fork)	2026-09-30T15:43:57.8897825Z C/C++:       |               ^
build	Build DaddyBoard (HeliBoard fork)	2026-09-30T15:43:57.9868847Z C/C++: 6 warnings generated.
build	Build DaddyBoard (HeliBoard fork)	2026-09-30T15:43:58.1869851Z C/C++: In file included from /home/runner/work/daddyboard/daddyboard/daddyboard-main/app/src/main/jni/src/utils/autocorrection_threshold_utils.cpp:23:
build	Build DaddyBoard (HeliBoard fork)	2026-09-30T15:43:58.1871215Z C/C++: /home/runner/work/daddyboard/daddyboard/daddyboard-main/app/src/main/jni/src/suggest/policyimpl/utils/edit_distance.h:33:18: warning: variable length arrays in C++ are a Clang extension [-Wvla-cxx-extension]
build	Build DaddyBoard (HeliBoard fork)	2026-09-30T15:43:58.1871964Z C/C++:    33 |         float dp[(beforeLength + 1) * (afterLength + 1)];
build	Build DaddyBoard (HeliBoard fork)	2026-09-30T15:43:58.1872256Z C/C++:       |                  ^~~~~~~~~~~~~~~~~~~~~~~~~~~~~~~~~~~~~~
build	Build DaddyBoard (HeliBoard fork)	2026-09-30T15:43:58.1872880Z C/C++: /home/runner/work/daddyboard/daddyboard/daddyboard-main/app/src/main/jni/src/suggest/policyimpl/utils/edit_distance.h:33:19: note: initializer of 'beforeLength' is not a constant expression
build	Build DaddyBoard (HeliBoard fork)	2026-09-30T15:43:58.1873508Z C/C++:    33 |         float dp[(beforeLength + 1) * (afterLength + 1)];
build	Build DaddyBoard (HeliBoard fork)	2026-09-30T15:43:58.1873783Z C/C++:       |                   ^
build	Build DaddyBoard (HeliBoard fork)	2026-09-30T15:43:58.1874260Z C/C++: /home/runner/work/daddyboard/daddyboard/daddyboard-main/app/src/main/jni/src/suggest/policyimpl/utils/edit_distance.h:31:19: note: declared here
build	Build DaddyBoard (HeliBoard fork)	2026-09-30T15:43:58.1874830Z C/C++:    31 |         const int beforeLength = policy->getString0Length();
build	Build DaddyBoard (HeliBoard fork)	2026-09-30T15:43:58.1875102Z C/C++:       |                   ^
build	Build DaddyBoard (HeliBoard fork)	2026-09-30T15:43:58.3869523Z C/C++: 1 warning generated.
build	Build DaddyBoard (HeliBoard fork)	2026-09-30T15:43:59.0869739Z C/C++: In file included from /home/runner/work/daddyboard/daddyboard/daddyboard-main/app/src/main/jni/src/utils/jni_data_utils.cpp:17:
build	Build DaddyBoard (HeliBoard fork)	2026-09-30T15:43:59.0871131Z C/C++: In file included from /home/runner/work/daddyboard/daddyboard/daddyboard-main/app/src/main/jni/src/utils/jni_data_utils.h:26:
build	Build DaddyBoard (HeliBoard fork)	2026-09-30T15:43:59.0872301Z C/C++: In file included from /home/runner/work/daddyboard/daddyboard/daddyboard-main/app/src/main/jni/src/dictionary/property/word_property.h:23:
build	Build DaddyBoard (HeliBoard fork)	2026-09-30T15:43:59.0873492Z C/C++: In file included from /home/runner/work/daddyboard/daddyboard/daddyboard-main/app/src/main/jni/src/dictionary/property/ngram_property.h:23:
build	Build DaddyBoard (HeliBoard fork)	2026-09-30T15:43:59.0875312Z C/C++: /home/runner/work/daddyboard/daddyboard/daddyboard-main/app/src/main/jni/src/dictionary/property/historical_info.h:52:5: warning: definition of implicit copy constructor for 'HistoricalInfo' is deprecated because it has a user-declared copy assignment operator [-Wdeprecated-copy]
build	Build DaddyBoard (HeliBoard fork)	2026-09-30T15:43:59.0876449Z C/C++:    52 |     DISALLOW_ASSIGNMENT_OPERATOR(HistoricalInfo);
build	Build DaddyBoard (HeliBoard fork)	2026-09-30T15:43:59.0876733Z C/C++:       |     ^
build	Build DaddyBoard (HeliBoard fork)	2026-09-30T15:43:59.0877453Z C/C++: /home/runner/work/daddyboard/daddyboard/daddyboard-main/app/src/main/jni/src/defines.h:289:8: note: expanded from macro 'DISALLOW_ASSIGNMENT_OPERATOR'
build	Build DaddyBoard (HeliBoard fork)	2026-09-30T15:43:59.0878286Z C/C++:   289 |   void operator=(const TypeName&) = delete
build	Build DaddyBoard (HeliBoard fork)	2026-09-30T15:43:59.0878536Z C/C++:       |        ^
build	Build DaddyBoard (HeliBoard fork)	2026-09-30T15:43:59.0879181Z C/C++: /home/runner/work/daddyboard/daddyboard/daddyboard-main/app/src/main/jni/src/dictionary/property/ngram_property.h:33:42: note: in implicit copy constructor for 'latinime::HistoricalInfo' first required here
build	Build DaddyBoard (HeliBoard fork)	2026-09-30T15:43:59.0880176Z C/C++:    33 |               mProbability(probability), mHistoricalInfo(historicalInfo) {}
build	Build DaddyBoard (HeliBoard fork)	2026-09-30T15:43:59.0880513Z C/C++:       |                                          ^
build	Build DaddyBoard (HeliBoard fork)	2026-09-30T15:43:59.0881102Z C/C++: In file included from /home/runner/work/daddyboard/daddyboard/daddyboard-main/app/src/main/jni/src/utils/jni_data_utils.cpp:17:
build	Build DaddyBoard (HeliBoard fork)	2026-09-30T15:43:59.0881759Z C/C++: In file included from /home/runner/work/daddyboard/daddyboard/daddyboard-main/app/src/main/jni/src/utils/jni_data_utils.h:26:
build	Build DaddyBoard (HeliBoard fork)	2026-09-30T15:43:59.0882444Z C/C++: In file included from /home/runner/work/daddyboard/daddyboard/daddyboard-main/app/src/main/jni/src/dictionary/property/word_property.h:24:
build	Build DaddyBoard (HeliBoard fork)	2026-09-30T15:43:59.0883578Z C/C++: /home/runner/work/daddyboard/daddyboard/daddyboard-main/app/src/main/jni/src/dictionary/property/unigram_property.h:126:5: warning: definition of implicit copy constructor for 'UnigramProperty' is deprecated because it has a user-declared copy assignment operator [-Wdeprecated-copy]
build	Build DaddyBoard (HeliBoard fork)	2026-09-30T15:43:59.0884459Z C/C++:   126 |     DISALLOW_ASSIGNMENT_OPERATOR(UnigramProperty);
build	Build DaddyBoard (HeliBoard fork)	2026-09-30T15:43:59.0884715Z C/C++:       |     ^
build	Build DaddyBoard (HeliBoard fork)	2026-09-30T15:43:59.0885171Z C/C++: /home/runner/work/daddyboard/daddyboard/daddyboard-main/app/src/main/jni/src/defines.h:289:8: note: expanded from macro 'DISALLOW_ASSIGNMENT_OPERATOR'
build	Build DaddyBoard (HeliBoard fork)	2026-09-30T15:43:59.0885746Z C/C++:   289 |   void operator=(const TypeName&) = delete
build	Build DaddyBoard (HeliBoard fork)	2026-09-30T15:43:59.0885990Z C/C++:       |        ^
build	Build DaddyBoard (HeliBoard fork)	2026-09-30T15:43:59.0886610Z C/C++: /home/runner/work/daddyboard/daddyboard/daddyboard-main/app/src/main/jni/src/dictionary/property/word_property.h:38:51: note: in implicit copy constructor for 'latinime::UnigramProperty' first required here
build	Build DaddyBoard (HeliBoard fork)	2026-09-30T15:43:59.0887353Z C/C++:    38 |             : mCodePoints(std::move(codePoints)), mUnigramProperty(unigramProperty),
build	Build DaddyBoard (HeliBoard fork)	2026-09-30T15:43:59.0887694Z C/C++:       |                                                   ^
build	Build DaddyBoard (HeliBoard fork)	2026-09-30T15:43:59.1869885Z C/C++: In file included from /home/runner/work/daddyboard/daddyboard/daddyboard-main/app/src/main/jni/src/utils/jni_data_utils.cpp:17:
build	Build DaddyBoard (HeliBoard fork)	2026-09-30T15:43:59.1871527Z C/C++: /home/runner/work/daddyboard/daddyboard/daddyboard-main/app/src/main/jni/src/utils/jni_data_utils.h:52:27: warning: variable length arrays in C++ are a Clang extension [-Wvla-cxx-extension]
build	Build DaddyBoard (HeliBoard fork)	2026-09-30T15:43:59.1872850Z C/C++:    52 |             char keyChars[keyUtf8Length + 1];
build	Build DaddyBoard (HeliBoard fork)	2026-09-30T15:43:59.1873231Z C/C++:       |                           ^~~~~~~~~~~~~~~~~
build	Build DaddyBoard (HeliBoard fork)	2026-09-30T15:43:59.1874142Z C/C++: /home/runner/work/daddyboard/daddyboard/daddyboard-main/app/src/main/jni/src/utils/jni_data_utils.h:52:27: note: initializer of 'keyUtf8Length' is not a constant expression
build	Build DaddyBoard (HeliBoard fork)	2026-09-30T15:43:59.1875378Z C/C++: /home/runner/work/daddyboard/daddyboard/daddyboard-main/app/src/main/jni/src/utils/jni_data_utils.h:51:25: note: declared here
build	Build DaddyBoard (HeliBoard fork)	2026-09-30T15:43:59.1876203Z C/C++:    51 |             const jsize keyUtf8Length = env->GetStringUTFLength(keyString);
build	Build DaddyBoard (HeliBoard fork)	2026-09-30T15:43:59.1876648Z C/C++:       |                         ^
build	Build DaddyBoard (HeliBoard fork)	2026-09-30T15:43:59.1877442Z C/C++: /home/runner/work/daddyboard/daddyboard/daddyboard-main/app/src/main/jni/src/utils/jni_data_utils.h:62:29: warning: variable length arrays in C++ are a Clang extension [-Wvla-cxx-extension]
build	Build DaddyBoard (HeliBoard fork)	2026-09-30T15:43:59.1878309Z C/C++:    62 |             char valueChars[valueUtf8Length + 1];
build	Build DaddyBoard (HeliBoard fork)	2026-09-30T15:43:59.1878689Z C/C++:       |                             ^~~~~~~~~~~~~~~~~~~
build	Build DaddyBoard (HeliBoard fork)	2026-09-30T15:43:59.1879531Z C/C++: /home/runner/work/daddyboard/daddyboard/daddyboard-main/app/src/main/jni/src/utils/jni_data_utils.h:62:29: note: initializer of 'valueUtf8Length' is not a constant expression
build	Build DaddyBoard (HeliBoard fork)	2026-09-30T15:43:59.1880740Z C/C++: /home/runner/work/daddyboard/daddyboard/daddyboard-main/app/src/main/jni/src/utils/jni_data_utils.h:61:25: note: declared here
build	Build DaddyBoard (HeliBoard fork)	2026-09-30T15:43:59.1881740Z C/C++:    61 |             const jsize valueUtf8Length = env->GetStringUTFLength(valueString);
build	Build DaddyBoard (HeliBoard fork)	2026-09-30T15:43:59.1882243Z C/C++:       |                         ^
build	Build DaddyBoard (HeliBoard fork)	2026-09-30T15:43:59.1883414Z C/C++: /home/runner/work/daddyboard/daddyboard/daddyboard-main/app/src/main/jni/src/utils/jni_data_utils.h:77:29: warning: variable length arrays in C++ are a Clang extension [-Wvla-cxx-extension]
build	Build DaddyBoard (HeliBoard fork)	2026-09-30T15:43:59.1884367Z C/C++:    77 |         int outputCodePonts[codePointBufSize];
build	Build DaddyBoard (HeliBoard fork)	2026-09-30T15:43:59.1884780Z C/C++:       |                             ^~~~~~~~~~~~~~~~
build	Build DaddyBoard (HeliBoard fork)	2026-09-30T15:43:59.1885679Z C/C++: /home/runner/work/daddyboard/daddyboard/daddyboard-main/app/src/main/jni/src/utils/jni_data_utils.h:77:29: note: initializer of 'codePointBufSize' is not a constant expression
build	Build DaddyBoard (HeliBoard fork)	2026-09-30T15:43:59.1886946Z C/C++: /home/runner/work/daddyboard/daddyboard/daddyboard-main/app/src/main/jni/src/utils/jni_data_utils.h:76:19: note: declared here
build	Build DaddyBoard (HeliBoard fork)	2026-09-30T15:43:59.1887826Z C/C++:    76 |         const int codePointBufSize = std::min(maxLength, codePointCount);
build	Build DaddyBoard (HeliBoard fork)	2026-09-30T15:43:59.1888283Z C/C++:       |                   ^
build	Build DaddyBoard (HeliBoard fork)	2026-09-30T15:43:59.1888972Z C/C++: In file included from /home/runner/work/daddyboard/daddyboard/daddyboard-main/app/src/main/jni/src/utils/jni_data_utils.cpp:17:
build	Build DaddyBoard (HeliBoard fork)	2026-09-30T15:43:59.1890079Z C/C++: In file included from /home/runner/work/daddyboard/daddyboard/daddyboard-main/app/src/main/jni/src/utils/jni_data_utils.h:25:
build	Build DaddyBoard (HeliBoard fork)	2026-09-30T15:43:59.1891397Z C/C++: In file included from /home/runner/work/daddyboard/daddyboard/daddyboard-main/app/src/main/jni/src/dictionary/property/ngram_context.h:23:
build	Build DaddyBoard (HeliBoard fork)	2026-09-30T15:43:59.1893136Z C/C++: /home/runner/work/daddyboard/daddyboard/daddyboard-main/app/src/main/jni/src/utils/int_array_view.h:160:5: warning: definition of implicit copy constructor for 'IntArrayView' is deprecated because it has a user-declared copy assignment operator [-Wdeprecated-copy]
build	Build DaddyBoard (HeliBoard fork)	2026-09-30T15:43:59.1894517Z C/C++:   160 |     DISALLOW_ASSIGNMENT_OPERATOR(IntArrayView);
build	Build DaddyBoard (HeliBoard fork)	2026-09-30T15:43:59.1894914Z C/C++:       |     ^
build	Build DaddyBoard (HeliBoard fork)	2026-09-30T15:43:59.1895670Z C/C++: /home/runner/work/daddyboard/daddyboard/daddyboard-main/app/src/main/jni/src/defines.h:289:8: note: expanded from macro 'DISALLOW_ASSIGNMENT_OPERATOR'
build	Build DaddyBoard (HeliBoard fork)	2026-09-30T15:43:59.1896567Z C/C++:   289 |   void operator=(const TypeName&) = delete
build	Build DaddyBoard (HeliBoard fork)	2026-09-30T15:43:59.1896920Z C/C++:       |        ^
build	Build DaddyBoard (HeliBoard fork)	2026-09-30T15:43:59.1897974Z C/C++: /usr/local/lib/android/sdk/ndk/28.0.13004108/toolchains/llvm/prebuilt/linux-x86_64/sysroot/usr/include/c++/v1/__memory/allocator.h:173:24: note: in implicit copy constructor for 'latinime::IntArrayView' first required here
build	Build DaddyBoard (HeliBoard fork)	2026-09-30T15:43:59.1899344Z C/C++:   173 |     ::new ((void*)__p) _Up(std::forward<_Args>(__args)...);
build	Build DaddyBoard (HeliBoard fork)	2026-09-30T15:43:59.1899765Z C/C++:       |                        ^
build	Build DaddyBoard (HeliBoard fork)	2026-09-30T15:43:59.1901436Z C/C++: /usr/local/lib/android/sdk/ndk/28.0.13004108/toolchains/llvm/prebuilt/linux-x86_64/sysroot/usr/include/c++/v1/__memory/allocator_traits.h:320:9: note: in instantiation of function template specialization 'std::allocator<latinime::IntArrayView>::construct<latinime::IntArrayView, latinime::IntArrayView>' requested here
build	Build DaddyBoard (HeliBoard fork)	2026-09-30T15:43:59.1903052Z C/C++:   320 |     __a.construct(__p, std::forward<_Args>(__args)...);
build	Build DaddyBoard (HeliBoard fork)	2026-09-30T15:43:59.1903471Z C/C++:       |         ^
build	Build DaddyBoard (HeliBoard fork)	2026-09-30T15:43:59.1905170Z C/C++: /usr/local/lib/android/sdk/ndk/28.0.13004108/toolchains/llvm/prebuilt/linux-x86_64/sysroot/usr/include/c++/v1/__memory/uninitialized_algorithms.h:639:33: note: in instantiation of function template specialization 'std::allocator_traits<std::allocator<latinime::IntArrayView>>::construct<latinime::IntArrayView, latinime::IntArrayView, 0>' requested here
build	Build DaddyBoard (HeliBoard fork)	2026-09-30T15:43:59.1907037Z C/C++:   639 |       allocator_traits<_Alloc>::construct(__alloc, __result, std::move(*__iter));
build	Build DaddyBoard (HeliBoard fork)	2026-09-30T15:43:59.1907578Z C/C++:       |                                 ^
build	Build DaddyBoard (HeliBoard fork)	2026-09-30T15:43:59.1908809Z C/C++: /usr/local/lib/android/sdk/ndk/28.0.13004108/toolchains/llvm/prebuilt/linux-x86_64/sysroot/usr/include/c++/v1/vector:1511:3: note: in instantiation of member function 'std::vector<latinime::IntArrayView>::__swap_out_circular_buffer' requested here
build	Build DaddyBoard (HeliBoard fork)	2026-09-30T15:43:59.1910023Z C/C++:  1511 |   __swap_out_circular_buffer(__v);
build	Build DaddyBoard (HeliBoard fork)	2026-09-30T15:43:59.1910610Z C/C++:       |   ^
build	Build DaddyBoard (HeliBoard fork)	2026-09-30T15:43:59.1912148Z C/C++: /usr/local/lib/android/sdk/ndk/28.0.13004108/toolchains/llvm/prebuilt/linux-x86_64/sysroot/usr/include/c++/v1/vector:1529:13: note: in instantiation of function template specialization 'std::vector<latinime::IntArrayView>::__emplace_back_slow_path<const int *const &, const unsigned long &>' requested here
build	Build DaddyBoard (HeliBoard fork)	2026-09-30T15:43:59.1913773Z C/C++:  1529 |     __end = __emplace_back_slow_path(std::forward<_Args>(__args)...);
build	Build DaddyBoard (HeliBoard fork)	2026-09-30T15:43:59.1914250Z C/C++:       |             ^
build	Build DaddyBoard (HeliBoard fork)	2026-09-30T15:43:59.1915573Z C/C++: /home/runner/work/daddyboard/daddyboard/daddyboard-main/app/src/main/jni/src/utils/int_array_view.h:142:20: note: in instantiation of function template specialization 'std::vector<latinime::IntArrayView>::emplace_back<const int *const &, const unsigned long &>' requested here
build	Build DaddyBoard (HeliBoard fork)	2026-09-30T15:43:59.1916978Z C/C++:   142 |             result.emplace_back(mPtr, mSize);
build	Build DaddyBoard (HeliBoard fork)	2026-09-30T15:43:59.1917374Z C/C++:       |                    ^
build	Build DaddyBoard (HeliBoard fork)	2026-09-30T15:43:59.1918089Z C/C++: In file included from /home/runner/work/daddyboard/daddyboard/daddyboard-main/app/src/main/jni/src/utils/jni_data_utils.cpp:17:
build	Build DaddyBoard (HeliBoard fork)	2026-09-30T15:43:59.1919159Z C/C++: In file included from /home/runner/work/daddyboard/daddyboard/daddyboard-main/app/src/main/jni/src/utils/jni_data_utils.h:26:
build	Build DaddyBoard (HeliBoard fork)	2026-09-30T15:43:59.1920317Z C/C++: In file included from /home/runner/work/daddyboard/daddyboard/daddyboard-main/app/src/main/jni/src/dictionary/property/word_property.h:23:
build	Build DaddyBoard (HeliBoard fork)	2026-09-30T15:43:59.1922178Z C/C++: /home/runner/work/daddyboard/daddyboard/daddyboard-main/app/src/main/jni/src/dictionary/property/ngram_property.h:54:5: warning: definition of implicit copy constructor for 'NgramProperty' is deprecated because it has a user-declared copy assignment operator [-Wdeprecated-copy]
build	Build DaddyBoard (HeliBoard fork)	2026-09-30T15:43:59.1923634Z C/C++:    54 |     DISALLOW_ASSIGNMENT_OPERATOR(NgramProperty);
build	Build DaddyBoard (HeliBoard fork)	2026-09-30T15:43:59.1924025Z C/C++:       |     ^
build	Build DaddyBoard (HeliBoard fork)	2026-09-30T15:43:59.1924764Z C/C++: /home/runner/work/daddyboard/daddyboard/daddyboard-main/app/src/main/jni/src/defines.h:289:8: note: expanded from macro 'DISALLOW_ASSIGNMENT_OPERATOR'
build	Build DaddyBoard (HeliBoard fork)	2026-09-30T15:43:59.1925769Z C/C++:   289 |   void operator=(const TypeName&) = delete
build	Build DaddyBoard (HeliBoard fork)	2026-09-30T15:43:59.1926121Z C/C++:       |        ^
build	Build DaddyBoard (HeliBoard fork)	2026-09-30T15:43:59.1927373Z C/C++: /usr/local/lib/android/sdk/ndk/28.0.13004108/toolchains/llvm/prebuilt/linux-x86_64/sysroot/usr/include/c++/v1/__memory/allocator.h:173:24: note: in implicit copy constructor for 'latinime::NgramProperty' first required here
build	Build DaddyBoard (HeliBoard fork)	2026-09-30T15:43:59.1928592Z C/C++:   173 |     ::new ((void*)__p) _Up(std::forward<_Args>(__args)...);
build	Build DaddyBoard (HeliBoard fork)	2026-09-30T15:43:59.1929008Z C/C++:       |                        ^
build	Build DaddyBoard (HeliBoard fork)	2026-09-30T15:43:59.1930602Z C/C++: /usr/local/lib/android/sdk/ndk/28.0.13004108/toolchains/llvm/prebuilt/linux-x86_64/sysroot/usr/include/c++/v1/__memory/allocator_traits.h:320:9: note: in instantiation of function template specialization 'std::allocator<latinime::NgramProperty>::construct<latinime::NgramProperty, latinime::NgramProperty &>' requested here
build	Build DaddyBoard (HeliBoard fork)	2026-09-30T15:43:59.1932408Z C/C++:   320 |     __a.construct(__p, std::forward<_Args>(__args)...);
build	Build DaddyBoard (HeliBoard fork)	2026-09-30T15:43:59.1932825Z C/C++:       |         ^
build	Build DaddyBoard (HeliBoard fork)	2026-09-30T15:43:59.1934515Z C/C++: /usr/local/lib/android/sdk/ndk/28.0.13004108/toolchains/llvm/prebuilt/linux-x86_64/sysroot/usr/include/c++/v1/__memory/uninitialized_algorithms.h:551:31: note: in instantiation of function template specialization 'std::allocator_traits<std::allocator<latinime::NgramProperty>>::construct<latinime::NgramProperty, latinime::NgramProperty &, 0>' requested here
build	Build DaddyBoard (HeliBoard fork)	2026-09-30T15:43:59.1936498Z C/C++:   551 |     allocator_traits<_Alloc>::construct(__alloc, std::__to_address(__first2), *__first1);
build	Build DaddyBoard (HeliBoard fork)	2026-09-30T15:43:59.1937069Z C/C++:       |                               ^
build	Build DaddyBoard (HeliBoard fork)	2026-09-30T15:43:59.1938979Z C/C++: /usr/local/lib/android/sdk/ndk/28.0.13004108/toolchains/llvm/prebuilt/linux-x86_64/sysroot/usr/include/c++/v1/__memory/uninitialized_algorithms.h:594:33: note: in instantiation of function template specialization 'std::__uninitialized_allocator_copy_impl<std::allocator<latinime::NgramProperty>, latinime::NgramProperty *, latinime::NgramProperty *, latinime::NgramProperty *>' requested here
build	Build DaddyBoard (HeliBoard fork)	2026-09-30T15:43:59.1941312Z C/C++:   594 |   auto __result          = std::__uninitialized_allocator_copy_impl(
build	Build DaddyBoard (HeliBoard fork)	2026-09-30T15:43:59.1941798Z C/C++:       |                                 ^
build	Build DaddyBoard (HeliBoard fork)	2026-09-30T15:43:59.1943576Z C/C++: /usr/local/lib/android/sdk/ndk/28.0.13004108/toolchains/llvm/prebuilt/linux-x86_64/sysroot/usr/include/c++/v1/vector:1100:22: note: in instantiation of function template specialization 'std::__uninitialized_allocator_copy<std::allocator<latinime::NgramProperty>, latinime::NgramProperty *, latinime::NgramProperty *, latinime::NgramProperty *>' requested here
build	Build DaddyBoard (HeliBoard fork)	2026-09-30T15:43:59.1945533Z C/C++:  1100 |   __tx.__pos_ = std::__uninitialized_allocator_copy(__alloc(), __first, __last, __tx.__pos_);
build	Build DaddyBoard (HeliBoard fork)	2026-09-30T15:43:59.1946100Z C/C++:       |                      ^
build	Build DaddyBoard (HeliBoard fork)	2026-09-30T15:43:59.1947602Z C/C++: /usr/local/lib/android/sdk/ndk/28.0.13004108/toolchains/llvm/prebuilt/linux-x86_64/sysroot/usr/include/c++/v1/vector:761:7: note: in instantiation of function template specialization 'std::vector<latinime::NgramProperty>::__construct_at_end<latinime::NgramProperty *, latinime::NgramProperty *>' requested here
build	Build DaddyBoard (HeliBoard fork)	2026-09-30T15:43:59.1949163Z C/C++:   761 |       __construct_at_end(__first, __last, __n);
build	Build DaddyBoard (HeliBoard fork)	2026-09-30T15:43:59.1949540Z C/C++:       |       ^
build	Build DaddyBoard (HeliBoard fork)	2026-09-30T15:43:59.1951089Z C/C++: /usr/local/lib/android/sdk/ndk/28.0.13004108/toolchains/llvm/prebuilt/linux-x86_64/sysroot/usr/include/c++/v1/vector:1213:3: note: in instantiation of function template specialization 'std::vector<latinime::NgramProperty>::__init_with_size<latinime::NgramProperty *, latinime::NgramProperty *>' requested here
build	Build DaddyBoard (HeliBoard fork)	2026-09-30T15:43:59.1952566Z C/C++:  1213 |   __init_with_size(__x.__begin_, __x.__end_, __x.size());
build	Build DaddyBoard (HeliBoard fork)	2026-09-30T15:43:59.1952969Z C/C++:       |   ^
build	Build DaddyBoard (HeliBoard fork)	2026-09-30T15:43:59.1954016Z C/C++: /home/runner/work/daddyboard/daddyboard/daddyboard-main/app/src/main/jni/src/dictionary/property/word_property.h:39:15: note: in instantiation of member function 'std::vector<latinime::NgramProperty>::vector' requested here
build	Build DaddyBoard (HeliBoard fork)	2026-09-30T15:43:59.1955230Z C/C++:    39 |               mNgrams(ngrams) {}
build	Build DaddyBoard (HeliBoard fork)	2026-09-30T15:43:59.1955742Z C/C++:       |               ^
build	Build DaddyBoard (HeliBoard fork)	2026-09-30T15:43:59.2869352Z C/C++: 7 warnings generated.
build	Build DaddyBoard (HeliBoard fork)	2026-09-30T15:43:59.2870282Z C/C++: /home/runner/work/daddyboard/daddyboard/daddyboard-main/app/src/main/jni/src/utils/log_utils.cpp:61:38: warning: variable length arrays in C++ are a Clang extension [-Wvla-cxx-extension]
build	Build DaddyBoard (HeliBoard fork)	2026-09-30T15:43:59.2871098Z C/C++:    61 |             char variableSizeCString[size];
build	Build DaddyBoard (HeliBoard fork)	2026-09-30T15:43:59.2871366Z C/C++:       |                                      ^~~~
build	Build DaddyBoard (HeliBoard fork)	2026-09-30T15:43:59.2871902Z C/C++: /home/runner/work/daddyboard/daddyboard/daddyboard-main/app/src/main/jni/src/utils/log_utils.cpp:61:38: note: initializer of 'size' is not a constant expression
build	Build DaddyBoard (HeliBoard fork)	2026-09-30T15:43:59.2872690Z C/C++: /home/runner/work/daddyboard/daddyboard/daddyboard-main/app/src/main/jni/src/utils/log_utils.cpp:51:19: note: declared here
build	Build DaddyBoard (HeliBoard fork)	2026-09-30T15:43:59.2873272Z C/C++:    51 |         const int size = vsnprintf(fixedSizeCString, DEFAULT_LINE_SIZE, format, argList) + 1;
build	Build DaddyBoard (HeliBoard fork)	2026-09-30T15:43:59.2873638Z C/C++:       |                   ^
build	Build DaddyBoard (HeliBoard fork)	2026-09-30T15:43:59.2873839Z C/C++: 1 warning generated.
build	Build DaddyBoard (HeliBoard fork)	2026-09-30T15:43:59.6869958Z C/C++: In file included from /home/runner/work/daddyboard/daddyboard/daddyboard-main/app/src/main/jni/src/dictionary/structure/backward/v402/ver4_dict_buffers.cpp:24:
build	Build DaddyBoard (HeliBoard fork)	2026-09-30T15:43:59.6871592Z C/C++: In file included from /home/runner/work/daddyboard/daddyboard/daddyboard-main/app/src/main/jni/src/dictionary/structure/backward/v402/ver4_dict_buffers.h:30:
build	Build DaddyBoard (HeliBoard fork)	2026-09-30T15:43:59.6872385Z C/C++: In file included from /home/runner/work/daddyboard/daddyboard/daddyboard-main/app/src/main/jni/src/dictionary/header/header_policy.h:25:
build	Build DaddyBoard (HeliBoard fork)	2026-09-30T15:43:59.6873512Z C/C++: /home/runner/work/daddyboard/daddyboard/daddyboard-main/app/src/main/jni/src/dictionary/utils/entry_counters.h:44:5: warning: definition of implicit copy constructor for 'EntryCounts' is deprecated because it has a user-declared copy assignment operator [-Wdeprecated-copy]
build	Build DaddyBoard (HeliBoard fork)	2026-09-30T15:43:59.6874740Z C/C++:    44 |     DISALLOW_ASSIGNMENT_OPERATOR(EntryCounts);
build	Build DaddyBoard (HeliBoard fork)	2026-09-30T15:43:59.6874995Z C/C++:       |     ^
build	Build DaddyBoard (HeliBoard fork)	2026-09-30T15:43:59.6875462Z C/C++: /home/runner/work/daddyboard/daddyboard/daddyboard-main/app/src/main/jni/src/defines.h:289:8: note: expanded from macro 'DISALLOW_ASSIGNMENT_OPERATOR'
build	Build DaddyBoard (HeliBoard fork)	2026-09-30T15:43:59.6875986Z C/C++:   289 |   void operator=(const TypeName&) = delete
build	Build DaddyBoard (HeliBoard fork)	2026-09-30T15:43:59.6876217Z C/C++:       |        ^
build	Build DaddyBoard (HeliBoard fork)	2026-09-30T15:43:59.6876832Z C/C++: /home/runner/work/daddyboard/daddyboard/daddyboard-main/app/src/main/jni/src/dictionary/header/header_policy.h:92:15: note: in implicit copy constructor for 'latinime::EntryCounts' first required here
build	Build DaddyBoard (HeliBoard fork)	2026-09-30T15:43:59.6877505Z C/C++:    92 |               mNgramCounts(headerPolicy->mNgramCounts),
build	Build DaddyBoard (HeliBoard fork)	2026-09-30T15:43:59.6877759Z C/C++:       |               ^
build	Build DaddyBoard (HeliBoard fork)	2026-09-30T15:43:59.6878260Z C/C++: In file included from /home/runner/work/daddyboard/daddyboard/daddyboard-main/app/src/main/jni/src/dictionary/structure/backward/v402/ver4_dict_buffers.cpp:24:
build	Build DaddyBoard (HeliBoard fork)	2026-09-30T15:43:59.6879078Z C/C++: In file included from /home/runner/work/daddyboard/daddyboard/daddyboard-main/app/src/main/jni/src/dictionary/structure/backward/v402/ver4_dict_buffers.h:31:
build	Build DaddyBoard (HeliBoard fork)	2026-09-30T15:43:59.6879906Z C/C++: In file included from /home/runner/work/daddyboard/daddyboard/daddyboard-main/app/src/main/jni/src/dictionary/structure/backward/v402/content/bigram_dict_content.h:28:
build	Build DaddyBoard (HeliBoard fork)	2026-09-30T15:43:59.6880786Z C/C++: In file included from /home/runner/work/daddyboard/daddyboard/daddyboard-main/app/src/main/jni/src/dictionary/structure/backward/v402/content/bigram_entry.h:28:
build	Build DaddyBoard (HeliBoard fork)	2026-09-30T15:43:59.6882741Z C/C++: /home/runner/work/daddyboard/daddyboard/daddyboard-main/app/src/main/jni/src/dictionary/property/historical_info.h:52:5: warning: definition of implicit copy constructor for 'HistoricalInfo' is deprecated because it has a user-declared copy assignment operator [-Wdeprecated-copy]
build	Build DaddyBoard (HeliBoard fork)	2026-09-30T15:43:59.6883808Z C/C++:    52 |     DISALLOW_ASSIGNMENT_OPERATOR(HistoricalInfo);
build	Build DaddyBoard (HeliBoard fork)	2026-09-30T15:43:59.6884204Z C/C++:       |     ^
build	Build DaddyBoard (HeliBoard fork)	2026-09-30T15:43:59.6884662Z C/C++: /home/runner/work/daddyboard/daddyboard/daddyboard-main/app/src/main/jni/src/defines.h:289:8: note: expanded from macro 'DISALLOW_ASSIGNMENT_OPERATOR'
build	Build DaddyBoard (HeliBoard fork)	2026-09-30T15:43:59.6885186Z C/C++:   289 |   void operator=(const TypeName&) = delete
build	Build DaddyBoard (HeliBoard fork)	2026-09-30T15:43:59.6885418Z C/C++:       |        ^
build	Build DaddyBoard (HeliBoard fork)	2026-09-30T15:43:59.6886083Z C/C++: /home/runner/work/daddyboard/daddyboard/daddyboard-main/app/src/main/jni/src/dictionary/structure/backward/v402/content/bigram_entry.h:49:61: note: in implicit copy constructor for 'latinime::HistoricalInfo' first required here
build	Build DaddyBoard (HeliBoard fork)	2026-09-30T15:43:59.6886894Z C/C++:    49 |             : mHasNext(hasNext), mProbability(probability), mHistoricalInfo(*historicalInfo),
build	Build DaddyBoard (HeliBoard fork)	2026-09-30T15:43:59.6887266Z C/C++:       |                                                             ^
build	Build DaddyBoard (HeliBoard fork)	2026-09-30T15:43:59.6887980Z C/C++: /home/runner/work/daddyboard/daddyboard/daddyboard-main/app/src/main/jni/src/dictionary/structure/backward/v402/ver4_dict_buffers.cpp:58:21: warning: variable length arrays in C++ are a Clang extension [-Wvla-cxx-extension]
build	Build DaddyBoard (HeliBoard fork)	2026-09-30T15:43:59.6888695Z C/C++:    58 |     char tmpDirPath[tmpDirPathBufSize];
build	Build DaddyBoard (HeliBoard fork)	2026-09-30T15:43:59.6888935Z C/C++:       |                     ^~~~~~~~~~~~~~~~~
build	Build DaddyBoard (HeliBoard fork)	2026-09-30T15:43:59.6889590Z C/C++: /home/runner/work/daddyboard/daddyboard/daddyboard-main/app/src/main/jni/src/dictionary/structure/backward/v402/ver4_dict_buffers.cpp:58:21: note: initializer of 'tmpDirPathBufSize' is not a constant expression
build	Build DaddyBoard (HeliBoard fork)	2026-09-30T15:43:59.6890542Z C/C++: /home/runner/work/daddyboard/daddyboard/daddyboard-main/app/src/main/jni/src/dictionary/structure/backward/v402/ver4_dict_buffers.cpp:56:15: note: declared here
build	Build DaddyBoard (HeliBoard fork)	2026-09-30T15:43:59.6891408Z C/C++:    56 |     const int tmpDirPathBufSize = FileUtils::getFilePathWithSuffixBufSize(dictDirPath,
build	Build DaddyBoard (HeliBoard fork)	2026-09-30T15:43:59.6891752Z C/C++:       |               ^
build	Build DaddyBoard (HeliBoard fork)	2026-09-30T15:43:59.6892399Z C/C++: /home/runner/work/daddyboard/daddyboard/daddyboard-main/app/src/main/jni/src/dictionary/structure/backward/v402/ver4_dict_buffers.cpp:76:19: warning: variable length arrays in C++ are a Clang extension [-Wvla-cxx-extension]
build	Build DaddyBoard (HeliBoard fork)	2026-09-30T15:43:59.6893093Z C/C++:    76 |     char dictName[dictNameBufSize];
build	Build DaddyBoard (HeliBoard fork)	2026-09-30T15:43:59.6893326Z C/C++:       |                   ^~~~~~~~~~~~~~~
build	Build DaddyBoard (HeliBoard fork)	2026-09-30T15:43:59.6893970Z C/C++: /home/runner/work/daddyboard/daddyboard/daddyboard-main/app/src/main/jni/src/dictionary/structure/backward/v402/ver4_dict_buffers.cpp:76:19: note: initializer of 'dictNameBufSize' is not a constant expression
build	Build DaddyBoard (HeliBoard fork)	2026-09-30T15:43:59.6894911Z C/C++: /home/runner/work/daddyboard/daddyboard/daddyboard-main/app/src/main/jni/src/dictionary/structure/backward/v402/ver4_dict_buffers.cpp:75:15: note: declared here
build	Build DaddyBoard (HeliBoard fork)	2026-09-30T15:43:59.6895529Z C/C++:    75 |     const int dictNameBufSize = strlen(dictDirPath) + 1 /* terminator */;
build	Build DaddyBoard (HeliBoard fork)	2026-09-30T15:43:59.6895830Z C/C++:       |               ^
build	Build DaddyBoard (HeliBoard fork)	2026-09-30T15:43:59.6896465Z C/C++: /home/runner/work/daddyboard/daddyboard/daddyboard-main/app/src/main/jni/src/dictionary/structure/backward/v402/ver4_dict_buffers.cpp:79:19: warning: variable length arrays in C++ are a Clang extension [-Wvla-cxx-extension]
build	Build DaddyBoard (HeliBoard fork)	2026-09-30T15:43:59.6897160Z C/C++:    79 |     char dictPath[dictPathBufSize];
build	Build DaddyBoard (HeliBoard fork)	2026-09-30T15:43:59.6897393Z C/C++:       |                   ^~~~~~~~~~~~~~~
build	Build DaddyBoard (HeliBoard fork)	2026-09-30T15:43:59.6898025Z C/C++: /home/runner/work/daddyboard/daddyboard/daddyboard-main/app/src/main/jni/src/dictionary/structure/backward/v402/ver4_dict_buffers.cpp:79:19: note: initializer of 'dictPathBufSize' is not a constant expression
build	Build DaddyBoard (HeliBoard fork)	2026-09-30T15:43:59.6898971Z C/C++: /home/runner/work/daddyboard/daddyboard/daddyboard-main/app/src/main/jni/src/dictionary/structure/backward/v402/ver4_dict_buffers.cpp:78:15: note: declared here
build	Build DaddyBoard (HeliBoard fork)	2026-09-30T15:43:59.6899623Z C/C++:    78 |     const int dictPathBufSize = FileUtils::getFilePathBufSize(tmpDirPath, dictName);
build	Build DaddyBoard (HeliBoard fork)	2026-09-30T15:43:59.6899952Z C/C++:       |               ^
build	Build DaddyBoard (HeliBoard fork)	2026-09-30T15:43:59.7869464Z C/C++: 5 warnings generated.
build	Build DaddyBoard (HeliBoard fork)	2026-09-30T15:44:00.1870339Z C/C++: In file included from /home/runner/work/daddyboard/daddyboard/daddyboard-main/app/src/main/jni/src/dictionary/structure/backward/v402/ver4_patricia_trie_node_reader.cpp:26:
build	Build DaddyBoard (HeliBoard fork)	2026-09-30T15:44:00.1871552Z C/C++: In file included from /home/runner/work/daddyboard/daddyboard/daddyboard-main/app/src/main/jni/src/dictionary/header/header_policy.h:25:
build	Build DaddyBoard (HeliBoard fork)	2026-09-30T15:44:00.1872654Z C/C++: /home/runner/work/daddyboard/daddyboard/daddyboard-main/app/src/main/jni/src/dictionary/utils/entry_counters.h:44:5: warning: definition of implicit copy constructor for 'EntryCounts' is deprecated because it has a user-declared copy assignment operator [-Wdeprecated-copy]
build	Build DaddyBoard (HeliBoard fork)	2026-09-30T15:44:00.1873534Z C/C++:    44 |     DISALLOW_ASSIGNMENT_OPERATOR(EntryCounts);
build	Build DaddyBoard (HeliBoard fork)	2026-09-30T15:44:00.1873822Z C/C++:       |     ^
build	Build DaddyBoard (HeliBoard fork)	2026-09-30T15:44:00.1874303Z C/C++: /home/runner/work/daddyboard/daddyboard/daddyboard-main/app/src/main/jni/src/defines.h:289:8: note: expanded from macro 'DISALLOW_ASSIGNMENT_OPERATOR'
build	Build DaddyBoard (HeliBoard fork)	2026-09-30T15:44:00.1880225Z C/C++:   289 |   void operator=(const TypeName&) = delete
build	Build DaddyBoard (HeliBoard fork)	2026-09-30T15:44:00.1880501Z C/C++:       |        ^
build	Build DaddyBoard (HeliBoard fork)	2026-09-30T15:44:00.1881256Z C/C++: /home/runner/work/daddyboard/daddyboard/daddyboard-main/app/src/main/jni/src/dictionary/header/header_policy.h:92:15: note: in implicit copy constructor for 'latinime::EntryCounts' first required here
build	Build DaddyBoard (HeliBoard fork)	2026-09-30T15:44:00.1881956Z C/C++:    92 |               mNgramCounts(headerPolicy->mNgramCounts),
build	Build DaddyBoard (HeliBoard fork)	2026-09-30T15:44:00.1882215Z C/C++:       |               ^
build	Build DaddyBoard (HeliBoard fork)	2026-09-30T15:44:00.1882776Z C/C++: In file included from /home/runner/work/daddyboard/daddyboard/daddyboard-main/app/src/main/jni/src/dictionary/structure/backward/v402/ver4_patricia_trie_node_reader.cpp:30:
build	Build DaddyBoard (HeliBoard fork)	2026-09-30T15:44:00.1883969Z C/C++: In file included from /home/runner/work/daddyboard/daddyboard/daddyboard-main/app/src/main/jni/src/dictionary/structure/backward/v402/content/probability_entry.h:28:
build	Build DaddyBoard (HeliBoard fork)	2026-09-30T15:44:00.1885128Z C/C++: /home/runner/work/daddyboard/daddyboard/daddyboard-main/app/src/main/jni/src/dictionary/property/historical_info.h:52:5: warning: definition of implicit copy constructor for 'HistoricalInfo' is deprecated because it has a user-declared copy assignment operator [-Wdeprecated-copy]
build	Build DaddyBoard (HeliBoard fork)	2026-09-30T15:44:00.1886002Z C/C++:    52 |     DISALLOW_ASSIGNMENT_OPERATOR(HistoricalInfo);
build	Build DaddyBoard (HeliBoard fork)	2026-09-30T15:44:00.1886253Z C/C++:       |     ^
build	Build DaddyBoard (HeliBoard fork)	2026-09-30T15:44:00.1886711Z C/C++: /home/runner/work/daddyboard/daddyboard/daddyboard-main/app/src/main/jni/src/defines.h:289:8: note: expanded from macro 'DISALLOW_ASSIGNMENT_OPERATOR'
build	Build DaddyBoard (HeliBoard fork)	2026-09-30T15:44:00.1887234Z C/C++:   289 |   void operator=(const TypeName&) = delete
build	Build DaddyBoard (HeliBoard fork)	2026-09-30T15:44:00.1887467Z C/C++:       |        ^
build	Build DaddyBoard (HeliBoard fork)	2026-09-30T15:44:00.1888157Z C/C++: /home/runner/work/daddyboard/daddyboard/daddyboard-main/app/src/main/jni/src/dictionary/structure/backward/v402/content/probability_entry.h:39:15: note: in implicit copy constructor for 'latinime::HistoricalInfo' first required here
build	Build DaddyBoard (HeliBoard fork)	2026-09-30T15:44:00.1888951Z C/C++:    39 |               mHistoricalInfo(probabilityEntry.mHistoricalInfo) {}
build	Build DaddyBoard (HeliBoard fork)	2026-09-30T15:44:00.1889237Z C/C++:       |               ^
build	Build DaddyBoard (HeliBoard fork)	2026-09-30T15:44:00.2869674Z C/C++: In file included from /home/runner/work/daddyboard/daddyboard/daddyboard-main/app/src/main/jni/src/dictionary/structure/backward/v402/ver4_patricia_trie_node_reader.cpp:24:
build	Build DaddyBoard (HeliBoard fork)	2026-09-30T15:44:00.2871148Z C/C++: In file included from /home/runner/work/daddyboard/daddyboard/daddyboard-main/app/src/main/jni/src/dictionary/structure/backward/v402/ver4_patricia_trie_node_reader.h:28:
build	Build DaddyBoard (HeliBoard fork)	2026-09-30T15:44:00.2872059Z C/C++: In file included from /home/runner/work/daddyboard/daddyboard/daddyboard-main/app/src/main/jni/src/dictionary/structure/pt_common/pt_node_params.h:27:
build	Build DaddyBoard (HeliBoard fork)	2026-09-30T15:44:00.2873182Z C/C++: /home/runner/work/daddyboard/daddyboard/daddyboard-main/app/src/main/jni/src/utils/int_array_view.h:160:5: warning: definition of implicit copy constructor for 'IntArrayView' is deprecated because it has a user-declared copy assignment operator [-Wdeprecated-copy]
build	Build DaddyBoard (HeliBoard fork)	2026-09-30T15:44:00.2874324Z C/C++:   160 |     DISALLOW_ASSIGNMENT_OPERATOR(IntArrayView);
build	Build DaddyBoard (HeliBoard fork)	2026-09-30T15:44:00.2874576Z C/C++:       |     ^
build	Build DaddyBoard (HeliBoard fork)	2026-09-30T15:44:00.2875056Z C/C++: /home/runner/work/daddyboard/daddyboard/daddyboard-main/app/src/main/jni/src/defines.h:289:8: note: expanded from macro 'DISALLOW_ASSIGNMENT_OPERATOR'
build	Build DaddyBoard (HeliBoard fork)	2026-09-30T15:44:00.2875582Z C/C++:   289 |   void operator=(const TypeName&) = delete
build	Build DaddyBoard (HeliBoard fork)	2026-09-30T15:44:00.2875815Z C/C++:       |        ^
build	Build DaddyBoard (HeliBoard fork)	2026-09-30T15:44:00.2876462Z C/C++: /usr/local/lib/android/sdk/ndk/28.0.13004108/toolchains/llvm/prebuilt/linux-x86_64/sysroot/usr/include/c++/v1/__memory/allocator.h:173:24: note: in implicit copy constructor for 'latinime::IntArrayView' first required here
build	Build DaddyBoard (HeliBoard fork)	2026-09-30T15:44:00.2877204Z C/C++:   173 |     ::new ((void*)__p) _Up(std::forward<_Args>(__args)...);
build	Build DaddyBoard (HeliBoard fork)	2026-09-30T15:44:00.2877472Z C/C++:       |                        ^
build	Build DaddyBoard (HeliBoard fork)	2026-09-30T15:44:00.2878366Z C/C++: /usr/local/lib/android/sdk/ndk/28.0.13004108/toolchains/llvm/prebuilt/linux-x86_64/sysroot/usr/include/c++/v1/__memory/allocator_traits.h:320:9: note: in instantiation of function template specialization 'std::allocator<latinime::IntArrayView>::construct<latinime::IntArrayView, latinime::IntArrayView>' requested here
build	Build DaddyBoard (HeliBoard fork)	2026-09-30T15:44:00.2879304Z C/C++:   320 |     __a.construct(__p, std::forward<_Args>(__args)...);
build	Build DaddyBoard (HeliBoard fork)	2026-09-30T15:44:00.2879559Z C/C++:       |         ^
build	Build DaddyBoard (HeliBoard fork)	2026-09-30T15:44:00.2880711Z C/C++: /usr/local/lib/android/sdk/ndk/28.0.13004108/toolchains/llvm/prebuilt/linux-x86_64/sysroot/usr/include/c++/v1/__memory/uninitialized_algorithms.h:639:33: note: in instantiation of function template specialization 'std::allocator_traits<std::allocator<latinime::IntArrayView>>::construct<latinime::IntArrayView, latinime::IntArrayView, 0>' requested here
build	Build DaddyBoard (HeliBoard fork)	2026-09-30T15:44:00.2882125Z C/C++:   639 |       allocator_traits<_Alloc>::construct(__alloc, __result, std::move(*__iter));
build	Build DaddyBoard (HeliBoard fork)	2026-09-30T15:44:00.2882454Z C/C++:       |                                 ^
build	Build DaddyBoard (HeliBoard fork)	2026-09-30T15:44:00.2883174Z C/C++: /usr/local/lib/android/sdk/ndk/28.0.13004108/toolchains/llvm/prebuilt/linux-x86_64/sysroot/usr/include/c++/v1/vector:1511:3: note: in instantiation of member function 'std::vector<latinime::IntArrayView>::__swap_out_circular_buffer' requested here
build	Build DaddyBoard (HeliBoard fork)	2026-09-30T15:44:00.2883906Z C/C++:  1511 |   __swap_out_circular_buffer(__v);
build	Build DaddyBoard (HeliBoard fork)	2026-09-30T15:44:00.2884125Z C/C++:       |   ^
build	Build DaddyBoard (HeliBoard fork)	2026-09-30T15:44:00.2884923Z C/C++: /usr/local/lib/android/sdk/ndk/28.0.13004108/toolchains/llvm/prebuilt/linux-x86_64/sysroot/usr/include/c++/v1/vector:1529:13: note: in instantiation of function template specialization 'std::vector<latinime::IntArrayView>::__emplace_back_slow_path<const int *const &, const unsigned long &>' requested here
build	Build DaddyBoard (HeliBoard fork)	2026-09-30T15:44:00.2885831Z C/C++:  1529 |     __end = __emplace_back_slow_path(std::forward<_Args>(__args)...);
build	Build DaddyBoard (HeliBoard fork)	2026-09-30T15:44:00.2886126Z C/C++:       |             ^
build	Build DaddyBoard (HeliBoard fork)	2026-09-30T15:44:00.2886900Z C/C++: /home/runner/work/daddyboard/daddyboard/daddyboard-main/app/src/main/jni/src/utils/int_array_view.h:142:20: note: in instantiation of function template specialization 'std::vector<latinime::IntArrayView>::emplace_back<const int *const &, const unsigned long &>' requested here
build	Build DaddyBoard (HeliBoard fork)	2026-09-30T15:44:00.2887712Z C/C++:   142 |             result.emplace_back(mPtr, mSize);
build	Build DaddyBoard (HeliBoard fork)	2026-09-30T15:44:00.2887948Z C/C++:       |                    ^
build	Build DaddyBoard (HeliBoard fork)	2026-09-30T15:44:00.2888143Z C/C++: 3 warnings generated.
build	Build DaddyBoard (HeliBoard fork)	2026-09-30T15:44:00.6870419Z C/C++: In file included from /home/runner/work/daddyboard/daddyboard/daddyboard-main/app/src/main/jni/src/dictionary/structure/backward/v402/ver4_patricia_trie_node_writer.cpp:24:
build	Build DaddyBoard (HeliBoard fork)	2026-09-30T15:44:00.6872212Z C/C++: In file included from /home/runner/work/daddyboard/daddyboard/daddyboard-main/app/src/main/jni/src/dictionary/structure/backward/v402/ver4_patricia_trie_node_writer.h:31:
build	Build DaddyBoard (HeliBoard fork)	2026-09-30T15:44:00.6873580Z C/C++: In file included from /home/runner/work/daddyboard/daddyboard/daddyboard-main/app/src/main/jni/src/dictionary/structure/backward/v402/content/probability_entry.h:28:
build	Build DaddyBoard (HeliBoard fork)	2026-09-30T15:44:00.6874758Z C/C++: /home/runner/work/daddyboard/daddyboard/daddyboard-main/app/src/main/jni/src/dictionary/property/historical_info.h:52:5: warning: definition of implicit copy constructor for 'HistoricalInfo' is deprecated because it has a user-declared copy assignment operator [-Wdeprecated-copy]
build	Build DaddyBoard (HeliBoard fork)	2026-09-30T15:44:00.6876199Z C/C++:    52 |     DISALLOW_ASSIGNMENT_OPERATOR(HistoricalInfo);
build	Build DaddyBoard (HeliBoard fork)	2026-09-30T15:44:00.6876456Z C/C++:       |     ^
build	Build DaddyBoard (HeliBoard fork)	2026-09-30T15:44:00.6876934Z C/C++: /home/runner/work/daddyboard/daddyboard/daddyboard-main/app/src/main/jni/src/defines.h:289:8: note: expanded from macro 'DISALLOW_ASSIGNMENT_OPERATOR'
build	Build DaddyBoard (HeliBoard fork)	2026-09-30T15:44:00.6877467Z C/C++:   289 |   void operator=(const TypeName&) = delete
build	Build DaddyBoard (HeliBoard fork)	2026-09-30T15:44:00.6877704Z C/C++:       |        ^
build	Build DaddyBoard (HeliBoard fork)	2026-09-30T15:44:00.6878408Z C/C++: /home/runner/work/daddyboard/daddyboard/daddyboard-main/app/src/main/jni/src/dictionary/structure/backward/v402/content/probability_entry.h:39:15: note: in implicit copy constructor for 'latinime::HistoricalInfo' first required here
build	Build DaddyBoard (HeliBoard fork)	2026-09-30T15:44:00.6879183Z C/C++:    39 |               mHistoricalInfo(probabilityEntry.mHistoricalInfo) {}
build	Build DaddyBoard (HeliBoard fork)	2026-09-30T15:44:00.6879475Z C/C++:       |               ^
build	Build DaddyBoard (HeliBoard fork)	2026-09-30T15:44:00.6880022Z C/C++: In file included from /home/runner/work/daddyboard/daddyboard/daddyboard-main/app/src/main/jni/src/dictionary/structure/backward/v402/ver4_patricia_trie_node_writer.cpp:26:
build	Build DaddyBoard (HeliBoard fork)	2026-09-30T15:44:00.6880849Z C/C++: In file included from /home/runner/work/daddyboard/daddyboard/daddyboard-main/app/src/main/jni/src/dictionary/header/header_policy.h:25:
build	Build DaddyBoard (HeliBoard fork)	2026-09-30T15:44:00.6882045Z C/C++: /home/runner/work/daddyboard/daddyboard/daddyboard-main/app/src/main/jni/src/dictionary/utils/entry_counters.h:44:5: warning: definition of implicit copy constructor for 'EntryCounts' is deprecated because it has a user-declared copy assignment operator [-Wdeprecated-copy]
build	Build DaddyBoard (HeliBoard fork)	2026-09-30T15:44:00.6883024Z C/C++:    44 |     DISALLOW_ASSIGNMENT_OPERATOR(EntryCounts);
build	Build DaddyBoard (HeliBoard fork)	2026-09-30T15:44:00.6883264Z C/C++:       |     ^
build	Build DaddyBoard (HeliBoard fork)	2026-09-30T15:44:00.6883714Z C/C++: /home/runner/work/daddyboard/daddyboard/daddyboard-main/app/src/main/jni/src/defines.h:289:8: note: expanded from macro 'DISALLOW_ASSIGNMENT_OPERATOR'
build	Build DaddyBoard (HeliBoard fork)	2026-09-30T15:44:00.6884230Z C/C++:   289 |   void operator=(const TypeName&) = delete
build	Build DaddyBoard (HeliBoard fork)	2026-09-30T15:44:00.6884457Z C/C++:       |        ^
build	Build DaddyBoard (HeliBoard fork)	2026-09-30T15:44:00.6885034Z C/C++: /home/runner/work/daddyboard/daddyboard/daddyboard-main/app/src/main/jni/src/dictionary/header/header_policy.h:92:15: note: in implicit copy constructor for 'latinime::EntryCounts' first required here
build	Build DaddyBoard (HeliBoard fork)	2026-09-30T15:44:00.6885677Z C/C++:    92 |               mNgramCounts(headerPolicy->mNgramCounts),
build	Build DaddyBoard (HeliBoard fork)	2026-09-30T15:44:00.6885928Z C/C++:       |               ^
build	Build DaddyBoard (HeliBoard fork)	2026-09-30T15:44:00.6886459Z C/C++: In file included from /home/runner/work/daddyboard/daddyboard/daddyboard-main/app/src/main/jni/src/dictionary/structure/backward/v402/ver4_patricia_trie_node_writer.cpp:26:
build	Build DaddyBoard (HeliBoard fork)	2026-09-30T15:44:00.6887260Z C/C++: In file included from /home/runner/work/daddyboard/daddyboard/daddyboard-main/app/src/main/jni/src/dictionary/header/header_policy.h:23:
build	Build DaddyBoard (HeliBoard fork)	2026-09-30T15:44:00.6887983Z C/C++: In file included from /home/runner/work/daddyboard/daddyboard/daddyboard-main/app/src/main/jni/src/dictionary/header/header_read_write_utils.h:24:
build	Build DaddyBoard (HeliBoard fork)	2026-09-30T15:44:00.6888696Z C/C++: In file included from /home/runner/work/daddyboard/daddyboard/daddyboard-main/app/src/main/jni/src/dictionary/utils/format_utils.h:23:
build	Build DaddyBoard (HeliBoard fork)	2026-09-30T15:44:00.6889735Z C/C++: /home/runner/work/daddyboard/daddyboard/daddyboard-main/app/src/main/jni/src/utils/byte_array_view.h:53:5: warning: definition of implicit copy constructor for 'ReadOnlyByteArrayView' is deprecated because it has a user-declared copy assignment operator [-Wdeprecated-copy]
build	Build DaddyBoard (HeliBoard fork)	2026-09-30T15:44:00.6890577Z C/C++:    53 |     DISALLOW_ASSIGNMENT_OPERATOR(ReadOnlyByteArrayView);
build	Build DaddyBoard (HeliBoard fork)	2026-09-30T15:44:00.6890832Z C/C++:       |     ^
build	Build DaddyBoard (HeliBoard fork)	2026-09-30T15:44:00.6891359Z C/C++: /home/runner/work/daddyboard/daddyboard/daddyboard-main/app/src/main/jni/src/defines.h:289:8: note: expanded from macro 'DISALLOW_ASSIGNMENT_OPERATOR'
build	Build DaddyBoard (HeliBoard fork)	2026-09-30T15:44:00.6891980Z C/C++:   289 |   void operator=(const TypeName&) = delete
build	Build DaddyBoard (HeliBoard fork)	2026-09-30T15:44:00.6892203Z C/C++:       |        ^
build	Build DaddyBoard (HeliBoard fork)	2026-09-30T15:44:00.6892899Z C/C++: /home/runner/work/daddyboard/daddyboard/daddyboard-main/app/src/main/jni/src/dictionary/structure/pt_common/shortcut/shortcut_list_reading_utils.h:52:75: note: in implicit copy constructor for 'latinime::ReadOnlyByteArrayView' first required here
build	Build DaddyBoard (HeliBoard fork)	2026-09-30T15:44:00.6893754Z C/C++:    52 |         const int shortcutListSize = getShortcutListSizeAndForwardPointer(buffer, pos);
build	Build DaddyBoard (HeliBoard fork)	2026-09-30T15:44:00.6894129Z C/C++:       |                                                                           ^
build	Build DaddyBoard (HeliBoard fork)	2026-09-30T15:44:00.7870294Z C/C++: In file included from /home/runner/work/daddyboard/daddyboard/daddyboard-main/app/src/main/jni/src/dictionary/structure/backward/v402/ver4_patricia_trie_node_writer.cpp:24:
build	Build DaddyBoard (HeliBoard fork)	2026-09-30T15:44:00.7872071Z C/C++: In file included from /home/runner/work/daddyboard/daddyboard/daddyboard-main/app/src/main/jni/src/dictionary/structure/backward/v402/ver4_patricia_trie_node_writer.h:28:
build	Build DaddyBoard (HeliBoard fork)	2026-09-30T15:44:00.7873562Z C/C++: In file included from /home/runner/work/daddyboard/daddyboard/daddyboard-main/app/src/main/jni/src/dictionary/structure/pt_common/dynamic_pt_reading_helper.h:24:
build	Build DaddyBoard (HeliBoard fork)	2026-09-30T15:44:00.7874569Z C/C++: In file included from /home/runner/work/daddyboard/daddyboard/daddyboard-main/app/src/main/jni/src/dictionary/structure/pt_common/pt_node_params.h:27:
build	Build DaddyBoard (HeliBoard fork)	2026-09-30T15:44:00.7875704Z C/C++: /home/runner/work/daddyboard/daddyboard/daddyboard-main/app/src/main/jni/src/utils/int_array_view.h:160:5: warning: definition of implicit copy constructor for 'IntArrayView' is deprecated because it has a user-declared copy assignment operator [-Wdeprecated-copy]
build	Build DaddyBoard (HeliBoard fork)	2026-09-30T15:44:00.7876925Z C/C++:   160 |     DISALLOW_ASSIGNMENT_OPERATOR(IntArrayView);
build	Build DaddyBoard (HeliBoard fork)	2026-09-30T15:44:00.7877174Z C/C++:       |     ^
build	Build DaddyBoard (HeliBoard fork)	2026-09-30T15:44:00.7877636Z C/C++: /home/runner/work/daddyboard/daddyboard/daddyboard-main/app/src/main/jni/src/defines.h:289:8: note: expanded from macro 'DISALLOW_ASSIGNMENT_OPERATOR'
build	Build DaddyBoard (HeliBoard fork)	2026-09-30T15:44:00.7878165Z C/C++:   289 |   void operator=(const TypeName&) = delete
build	Build DaddyBoard (HeliBoard fork)	2026-09-30T15:44:00.7878397Z C/C++:       |        ^
build	Build DaddyBoard (HeliBoard fork)	2026-09-30T15:44:00.7879044Z C/C++: /usr/local/lib/android/sdk/ndk/28.0.13004108/toolchains/llvm/prebuilt/linux-x86_64/sysroot/usr/include/c++/v1/__memory/allocator.h:173:24: note: in implicit copy constructor for 'latinime::IntArrayView' first required here
build	Build DaddyBoard (HeliBoard fork)	2026-09-30T15:44:00.7879767Z C/C++:   173 |     ::new ((void*)__p) _Up(std::forward<_Args>(__args)...);
build	Build DaddyBoard (HeliBoard fork)	2026-09-30T15:44:00.7880031Z C/C++:       |                        ^
build	Build DaddyBoard (HeliBoard fork)	2026-09-30T15:44:00.7881043Z C/C++: /usr/local/lib/android/sdk/ndk/28.0.13004108/toolchains/llvm/prebuilt/linux-x86_64/sysroot/usr/include/c++/v1/__memory/allocator_traits.h:320:9: note: in instantiation of function template specialization 'std::allocator<latinime::IntArrayView>::construct<latinime::IntArrayView, latinime::IntArrayView>' requested here
build	Build DaddyBoard (HeliBoard fork)	2026-09-30T15:44:00.7882031Z C/C++:   320 |     __a.construct(__p, std::forward<_Args>(__args)...);
build	Build DaddyBoard (HeliBoard fork)	2026-09-30T15:44:00.7882293Z C/C++:       |         ^
build	Build DaddyBoard (HeliBoard fork)	2026-09-30T15:44:00.7883248Z C/C++: /usr/local/lib/android/sdk/ndk/28.0.13004108/toolchains/llvm/prebuilt/linux-x86_64/sysroot/usr/include/c++/v1/__memory/uninitialized_algorithms.h:639:33: note: in instantiation of function template specialization 'std::allocator_traits<std::allocator<latinime::IntArrayView>>::construct<latinime::IntArrayView, latinime::IntArrayView, 0>' requested here
build	Build DaddyBoard (HeliBoard fork)	2026-09-30T15:44:00.7884324Z C/C++:   639 |       allocator_traits<_Alloc>::construct(__alloc, __result, std::move(*__iter));
build	Build DaddyBoard (HeliBoard fork)	2026-09-30T15:44:00.7884657Z C/C++:       |                                 ^
build	Build DaddyBoard (HeliBoard fork)	2026-09-30T15:44:00.7885375Z C/C++: /usr/local/lib/android/sdk/ndk/28.0.13004108/toolchains/llvm/prebuilt/linux-x86_64/sysroot/usr/include/c++/v1/vector:1511:3: note: in instantiation of member function 'std::vector<latinime::IntArrayView>::__swap_out_circular_buffer' requested here
build	Build DaddyBoard (HeliBoard fork)	2026-09-30T15:44:00.7886256Z C/C++:  1511 |   __swap_out_circular_buffer(__v);
build	Build DaddyBoard (HeliBoard fork)	2026-09-30T15:44:00.7886475Z C/C++:       |   ^
build	Build DaddyBoard (HeliBoard fork)	2026-09-30T15:44:00.7887294Z C/C++: /usr/local/lib/android/sdk/ndk/28.0.13004108/toolchains/llvm/prebuilt/linux-x86_64/sysroot/usr/include/c++/v1/vector:1529:13: note: in instantiation of function template specialization 'std::vector<latinime::IntArrayView>::__emplace_back_slow_path<const int *const &, const unsigned long &>' requested here
build	Build DaddyBoard (HeliBoard fork)	2026-09-30T15:44:00.7888207Z C/C++:  1529 |     __end = __emplace_back_slow_path(std::forward<_Args>(__args)...);
build	Build DaddyBoard (HeliBoard fork)	2026-09-30T15:44:00.7888493Z C/C++:       |             ^
build	Build DaddyBoard (HeliBoard fork)	2026-09-30T15:44:00.7889263Z C/C++: /home/runner/work/daddyboard/daddyboard/daddyboard-main/app/src/main/jni/src/utils/int_array_view.h:142:20: note: in instantiation of function template specialization 'std::vector<latinime::IntArrayView>::emplace_back<const int *const &, const unsigned long &>' requested here
build	Build DaddyBoard (HeliBoard fork)	2026-09-30T15:44:00.7890078Z C/C++:   142 |             result.emplace_back(mPtr, mSize);
build	Build DaddyBoard (HeliBoard fork)	2026-09-30T15:44:00.7890320Z C/C++:       |                    ^
build	Build DaddyBoard (HeliBoard fork)	2026-09-30T15:44:00.8869309Z C/C++: 4 warnings generated.
build	Build DaddyBoard (HeliBoard fork)	2026-09-30T15:44:01.2869911Z C/C++: In file included from /home/runner/work/daddyboard/daddyboard/daddyboard-main/app/src/main/jni/src/dictionary/structure/backward/v402/ver4_patricia_trie_policy.cpp:25:
build	Build DaddyBoard (HeliBoard fork)	2026-09-30T15:44:01.2871667Z C/C++: In file included from /home/runner/work/daddyboard/daddyboard/daddyboard-main/app/src/main/jni/src/dictionary/structure/backward/v402/ver4_patricia_trie_policy.h:31:
build	Build DaddyBoard (HeliBoard fork)	2026-09-30T15:44:01.2872954Z C/C++: In file included from /home/runner/work/daddyboard/daddyboard/daddyboard-main/app/src/main/jni/src/dictionary/header/header_policy.h:25:
build	Build DaddyBoard (HeliBoard fork)	2026-09-30T15:44:01.2874758Z C/C++: /home/runner/work/daddyboard/daddyboard/daddyboard-main/app/src/main/jni/src/dictionary/utils/entry_counters.h:44:5: warning: definition of implicit copy constructor for 'EntryCounts' is deprecated because it has a user-declared copy assignment operator [-Wdeprecated-copy]
build	Build DaddyBoard (HeliBoard fork)	2026-09-30T15:44:01.2875652Z C/C++:    44 |     DISALLOW_ASSIGNMENT_OPERATOR(EntryCounts);
build	Build DaddyBoard (HeliBoard fork)	2026-09-30T15:44:01.2875917Z C/C++:       |     ^
build	Build DaddyBoard (HeliBoard fork)	2026-09-30T15:44:01.2876394Z C/C++: /home/runner/work/daddyboard/daddyboard/daddyboard-main/app/src/main/jni/src/defines.h:289:8: note: expanded from macro 'DISALLOW_ASSIGNMENT_OPERATOR'
build	Build DaddyBoard (HeliBoard fork)	2026-09-30T15:44:01.2876919Z C/C++:   289 |   void operator=(const TypeName&) = delete
build	Build DaddyBoard (HeliBoard fork)	2026-09-30T15:44:01.2877152Z C/C++:       |        ^
build	Build DaddyBoard (HeliBoard fork)	2026-09-30T15:44:01.2877753Z C/C++: /home/runner/work/daddyboard/daddyboard/daddyboard-main/app/src/main/jni/src/dictionary/header/header_policy.h:92:15: note: in implicit copy constructor for 'latinime::EntryCounts' first required here
build	Build DaddyBoard (HeliBoard fork)	2026-09-30T15:44:01.2878406Z C/C++:    92 |               mNgramCounts(headerPolicy->mNgramCounts),
build	Build DaddyBoard (HeliBoard fork)	2026-09-30T15:44:01.2878657Z C/C++:       |               ^
build	Build DaddyBoard (HeliBoard fork)	2026-09-30T15:44:01.2879184Z C/C++: In file included from /home/runner/work/daddyboard/daddyboard/daddyboard-main/app/src/main/jni/src/dictionary/structure/backward/v402/ver4_patricia_trie_policy.cpp:25:
build	Build DaddyBoard (HeliBoard fork)	2026-09-30T15:44:01.2880093Z C/C++: In file included from /home/runner/work/daddyboard/daddyboard/daddyboard-main/app/src/main/jni/src/dictionary/structure/backward/v402/ver4_patricia_trie_policy.h:32:
build	Build DaddyBoard (HeliBoard fork)	2026-09-30T15:44:01.2881060Z C/C++: In file included from /home/runner/work/daddyboard/daddyboard/daddyboard-main/app/src/main/jni/src/dictionary/interface/dictionary_structure_with_buffer_policy.h:23:
build	Build DaddyBoard (HeliBoard fork)	2026-09-30T15:44:01.2882208Z C/C++: /home/runner/work/daddyboard/daddyboard/daddyboard-main/app/src/main/jni/src/dictionary/property/historical_info.h:52:5: warning: definition of implicit copy constructor for 'HistoricalInfo' is deprecated because it has a user-declared copy assignment operator [-Wdeprecated-copy]
build	Build DaddyBoard (HeliBoard fork)	2026-09-30T15:44:01.2883072Z C/C++:    52 |     DISALLOW_ASSIGNMENT_OPERATOR(HistoricalInfo);
build	Build DaddyBoard (HeliBoard fork)	2026-09-30T15:44:01.2883315Z C/C++:       |     ^
build	Build DaddyBoard (HeliBoard fork)	2026-09-30T15:44:01.2883770Z C/C++: /home/runner/work/daddyboard/daddyboard/daddyboard-main/app/src/main/jni/src/defines.h:289:8: note: expanded from macro 'DISALLOW_ASSIGNMENT_OPERATOR'
build	Build DaddyBoard (HeliBoard fork)	2026-09-30T15:44:01.2884435Z C/C++:   289 |   void operator=(const TypeName&) = delete
build	Build DaddyBoard (HeliBoard fork)	2026-09-30T15:44:01.2884666Z C/C++:       |        ^
build	Build DaddyBoard (HeliBoard fork)	2026-09-30T15:44:01.2885266Z C/C++: /home/runner/work/daddyboard/daddyboard/daddyboard-main/app/src/main/jni/src/dictionary/property/ngram_property.h:33:42: note: in implicit copy constructor for 'latinime::HistoricalInfo' first required here
build	Build DaddyBoard (HeliBoard fork)	2026-09-30T15:44:01.2885979Z C/C++:    33 |               mProbability(probability), mHistoricalInfo(historicalInfo) {}
build	Build DaddyBoard (HeliBoard fork)	2026-09-30T15:44:01.2886285Z C/C++:       |                                          ^
build	Build DaddyBoard (HeliBoard fork)	2026-09-30T15:44:01.2886828Z C/C++: In file included from /home/runner/work/daddyboard/daddyboard/daddyboard-main/app/src/main/jni/src/dictionary/structure/backward/v402/ver4_patricia_trie_policy.cpp:25:
build	Build DaddyBoard (HeliBoard fork)	2026-09-30T15:44:01.2887691Z C/C++: In file included from /home/runner/work/daddyboard/daddyboard/daddyboard-main/app/src/main/jni/src/dictionary/structure/backward/v402/ver4_patricia_trie_policy.h:32:
build	Build DaddyBoard (HeliBoard fork)	2026-09-30T15:44:01.2888552Z C/C++: In file included from /home/runner/work/daddyboard/daddyboard/daddyboard-main/app/src/main/jni/src/dictionary/interface/dictionary_structure_with_buffer_policy.h:25:
build	Build DaddyBoard (HeliBoard fork)	2026-09-30T15:44:01.2889342Z C/C++: In file included from /home/runner/work/daddyboard/daddyboard/daddyboard-main/app/src/main/jni/src/dictionary/property/word_property.h:24:
build	Build DaddyBoard (HeliBoard fork)	2026-09-30T15:44:01.2890424Z C/C++: /home/runner/work/daddyboard/daddyboard/daddyboard-main/app/src/main/jni/src/dictionary/property/unigram_property.h:126:5: warning: definition of implicit copy constructor for 'UnigramProperty' is deprecated because it has a user-declared copy assignment operator [-Wdeprecated-copy]
build	Build DaddyBoard (HeliBoard fork)	2026-09-30T15:44:01.2891494Z C/C++:   126 |     DISALLOW_ASSIGNMENT_OPERATOR(UnigramProperty);
build	Build DaddyBoard (HeliBoard fork)	2026-09-30T15:44:01.2891751Z C/C++:       |     ^
build	Build DaddyBoard (HeliBoard fork)	2026-09-30T15:44:01.2892196Z C/C++: /home/runner/work/daddyboard/daddyboard/daddyboard-main/app/src/main/jni/src/defines.h:289:8: note: expanded from macro 'DISALLOW_ASSIGNMENT_OPERATOR'
build	Build DaddyBoard (HeliBoard fork)	2026-09-30T15:44:01.2892711Z C/C++:   289 |   void operator=(const TypeName&) = delete
build	Build DaddyBoard (HeliBoard fork)	2026-09-30T15:44:01.2892935Z C/C++:       |        ^
build	Build DaddyBoard (HeliBoard fork)	2026-09-30T15:44:01.2893541Z C/C++: /home/runner/work/daddyboard/daddyboard/daddyboard-main/app/src/main/jni/src/dictionary/property/word_property.h:38:51: note: in implicit copy constructor for 'latinime::UnigramProperty' first required here
build	Build DaddyBoard (HeliBoard fork)	2026-09-30T15:44:01.2894295Z C/C++:    38 |             : mCodePoints(std::move(codePoints)), mUnigramProperty(unigramProperty),
build	Build DaddyBoard (HeliBoard fork)	2026-09-30T15:44:01.2894634Z C/C++:       |                                                   ^
build	Build DaddyBoard (HeliBoard fork)	2026-09-30T15:44:01.2895198Z C/C++: In file included from /home/runner/work/daddyboard/daddyboard/daddyboard-main/app/src/main/jni/src/dictionary/structure/backward/v402/ver4_patricia_trie_policy.cpp:25:
build	Build DaddyBoard (HeliBoard fork)	2026-09-30T15:44:01.2896060Z C/C++: In file included from /home/runner/work/daddyboard/daddyboard/daddyboard-main/app/src/main/jni/src/dictionary/structure/backward/v402/ver4_patricia_trie_policy.h:31:
build	Build DaddyBoard (HeliBoard fork)	2026-09-30T15:44:01.2896853Z C/C++: In file included from /home/runner/work/daddyboard/daddyboard/daddyboard-main/app/src/main/jni/src/dictionary/header/header_policy.h:23:
build	Build DaddyBoard (HeliBoard fork)	2026-09-30T15:44:01.2897601Z C/C++: In file included from /home/runner/work/daddyboard/daddyboard/daddyboard-main/app/src/main/jni/src/dictionary/header/header_read_write_utils.h:24:
build	Build DaddyBoard (HeliBoard fork)	2026-09-30T15:44:01.2898332Z C/C++: In file included from /home/runner/work/daddyboard/daddyboard/daddyboard-main/app/src/main/jni/src/dictionary/utils/format_utils.h:23:
build	Build DaddyBoard (HeliBoard fork)	2026-09-30T15:44:01.2899403Z C/C++: /home/runner/work/daddyboard/daddyboard/daddyboard-main/app/src/main/jni/src/utils/byte_array_view.h:53:5: warning: definition of implicit copy constructor for 'ReadOnlyByteArrayView' is deprecated because it has a user-declared copy assignment operator [-Wdeprecated-copy]
build	Build DaddyBoard (HeliBoard fork)	2026-09-30T15:44:01.2900254Z C/C++:    53 |     DISALLOW_ASSIGNMENT_OPERATOR(ReadOnlyByteArrayView);
build	Build DaddyBoard (HeliBoard fork)	2026-09-30T15:44:01.2900510Z C/C++:       |     ^
build	Build DaddyBoard (HeliBoard fork)	2026-09-30T15:44:01.2901145Z C/C++: /home/runner/work/daddyboard/daddyboard/daddyboard-main/app/src/main/jni/src/defines.h:289:8: note: expanded from macro 'DISALLOW_ASSIGNMENT_OPERATOR'
build	Build DaddyBoard (HeliBoard fork)	2026-09-30T15:44:01.2901665Z C/C++:   289 |   void operator=(const TypeName&) = delete
build	Build DaddyBoard (HeliBoard fork)	2026-09-30T15:44:01.2901893Z C/C++:       |        ^
build	Build DaddyBoard (HeliBoard fork)	2026-09-30T15:44:01.2902602Z C/C++: /home/runner/work/daddyboard/daddyboard/daddyboard-main/app/src/main/jni/src/dictionary/structure/pt_common/shortcut/shortcut_list_reading_utils.h:52:75: note: in implicit copy constructor for 'latinime::ReadOnlyByteArrayView' first required here
build	Build DaddyBoard (HeliBoard fork)	2026-09-30T15:44:01.2903470Z C/C++:    52 |         const int shortcutListSize = getShortcutListSizeAndForwardPointer(buffer, pos);
build	Build DaddyBoard (HeliBoard fork)	2026-09-30T15:44:01.2903852Z C/C++:       |                                                                           ^
build	Build DaddyBoard (HeliBoard fork)	2026-09-30T15:44:01.2904433Z C/C++: In file included from /home/runner/work/daddyboard/daddyboard/daddyboard-main/app/src/main/jni/src/dictionary/structure/backward/v402/ver4_patricia_trie_policy.cpp:25:
build	Build DaddyBoard (HeliBoard fork)	2026-09-30T15:44:01.2905296Z C/C++: In file included from /home/runner/work/daddyboard/daddyboard/daddyboard-main/app/src/main/jni/src/dictionary/structure/backward/v402/ver4_patricia_trie_policy.h:32:
build	Build DaddyBoard (HeliBoard fork)	2026-09-30T15:44:01.2906145Z C/C++: In file included from /home/runner/work/daddyboard/daddyboard/daddyboard-main/app/src/main/jni/src/dictionary/interface/dictionary_structure_with_buffer_policy.h:25:
build	Build DaddyBoard (HeliBoard fork)	2026-09-30T15:44:01.2906931Z C/C++: In file included from /home/runner/work/daddyboard/daddyboard/daddyboard-main/app/src/main/jni/src/dictionary/property/word_property.h:23:
build	Build DaddyBoard (HeliBoard fork)	2026-09-30T15:44:01.2907647Z C/C++: In file included from /home/runner/work/daddyboard/daddyboard/daddyboard-main/app/src/main/jni/src/dictionary/property/ngram_property.h:24:
build	Build DaddyBoard (HeliBoard fork)	2026-09-30T15:44:01.2908485Z C/C++: In file included from /home/runner/work/daddyboard/daddyboard/daddyboard-main/app/src/main/jni/src/dictionary/property/ngram_context.h:23:
build	Build DaddyBoard (HeliBoard fork)	2026-09-30T15:44:01.2909506Z C/C++: /home/runner/work/daddyboard/daddyboard/daddyboard-main/app/src/main/jni/src/utils/int_array_view.h:160:5: warning: definition of implicit copy constructor for 'IntArrayView' is deprecated because it has a user-declared copy assignment operator [-Wdeprecated-copy]
build	Build DaddyBoard (HeliBoard fork)	2026-09-30T15:44:01.2910309Z C/C++:   160 |     DISALLOW_ASSIGNMENT_OPERATOR(IntArrayView);
build	Build DaddyBoard (HeliBoard fork)	2026-09-30T15:44:01.2910550Z C/C++:       |     ^
build	Build DaddyBoard (HeliBoard fork)	2026-09-30T15:44:01.2911089Z C/C++: /home/runner/work/daddyboard/daddyboard/daddyboard-main/app/src/main/jni/src/defines.h:289:8: note: expanded from macro 'DISALLOW_ASSIGNMENT_OPERATOR'
build	Build DaddyBoard (HeliBoard fork)	2026-09-30T15:44:01.2911614Z C/C++:   289 |   void operator=(const TypeName&) = delete
build	Build DaddyBoard (HeliBoard fork)	2026-09-30T15:44:01.2911844Z C/C++:       |        ^
build	Build DaddyBoard (HeliBoard fork)	2026-09-30T15:44:01.2912429Z C/C++: /home/runner/work/daddyboard/daddyboard/daddyboard-main/app/src/main/jni/src/suggest/core/dicnode/dic_node.h:110:53: note: in implicit copy constructor for 'latinime::IntArrayView' first required here
build	Build DaddyBoard (HeliBoard fork)	2026-09-30T15:44:01.2913116Z C/C++:   110 |         mDicNodeProperties.init(rootPtNodeArrayPos, prevWordIds);
build	Build DaddyBoard (HeliBoard fork)	2026-09-30T15:44:01.2913431Z C/C++:       |                                                     ^
build	Build DaddyBoard (HeliBoard fork)	2026-09-30T15:44:01.2913996Z C/C++: In file included from /home/runner/work/daddyboard/daddyboard/daddyboard-main/app/src/main/jni/src/dictionary/structure/backward/v402/ver4_patricia_trie_policy.cpp:39:
build	Build DaddyBoard (HeliBoard fork)	2026-09-30T15:44:01.2914790Z C/C++: In file included from /home/runner/work/daddyboard/daddyboard/daddyboard-main/app/src/main/jni/src/dictionary/utils/multi_bigram_map.h:27:
build	Build DaddyBoard (HeliBoard fork)	2026-09-30T15:44:01.2915828Z C/C++: /home/runner/work/daddyboard/daddyboard/daddyboard-main/app/src/main/jni/src/dictionary/utils/bloom_filter.h:47:5: warning: definition of implicit copy constructor for 'BloomFilter' is deprecated because it has a user-declared copy assignment operator [-Wdeprecated-copy]
build	Build DaddyBoard (HeliBoard fork)	2026-09-30T15:44:01.2916659Z C/C++:    47 |     DISALLOW_ASSIGNMENT_OPERATOR(BloomFilter);
build	Build DaddyBoard (HeliBoard fork)	2026-09-30T15:44:01.2916897Z C/C++:       |     ^
build	Build DaddyBoard (HeliBoard fork)	2026-09-30T15:44:01.2917342Z C/C++: /home/runner/work/daddyboard/daddyboard/daddyboard-main/app/src/main/jni/src/defines.h:289:8: note: expanded from macro 'DISALLOW_ASSIGNMENT_OPERATOR'
build	Build DaddyBoard (HeliBoard fork)	2026-09-30T15:44:01.2917982Z C/C++:   289 |   void operator=(const TypeName&) = delete
build	Build DaddyBoard (HeliBoard fork)	2026-09-30T15:44:01.2918215Z C/C++:       |        ^
build	Build DaddyBoard (HeliBoard fork)	2026-09-30T15:44:01.2918796Z C/C++: /home/runner/work/daddyboard/daddyboard/daddyboard-main/app/src/main/jni/src/dictionary/utils/multi_bigram_map.h:57:53: note: in implicit copy constructor for 'latinime::BloomFilter' first required here
build	Build DaddyBoard (HeliBoard fork)	2026-09-30T15:44:01.2919535Z C/C++:    57 |                 : mBigramMap(bigramMap.mBigramMap), mBloomFilter(bigramMap.mBloomFilter) {}
build	Build DaddyBoard (HeliBoard fork)	2026-09-30T15:44:01.2919894Z C/C++:       |                                                     ^
build	Build DaddyBoard (HeliBoard fork)	2026-09-30T15:44:01.3869827Z C/C++: In file included from /home/runner/work/daddyboard/daddyboard/daddyboard-main/app/src/main/jni/src/dictionary/structure/backward/v402/ver4_patricia_trie_policy.cpp:25:
build	Build DaddyBoard (HeliBoard fork)	2026-09-30T15:44:01.3871469Z C/C++: In file included from /home/runner/work/daddyboard/daddyboard/daddyboard-main/app/src/main/jni/src/dictionary/structure/backward/v402/ver4_patricia_trie_policy.h:32:
build	Build DaddyBoard (HeliBoard fork)	2026-09-30T15:44:01.3873010Z C/C++: In file included from /home/runner/work/daddyboard/daddyboard/daddyboard-main/app/src/main/jni/src/dictionary/interface/dictionary_structure_with_buffer_policy.h:25:
build	Build DaddyBoard (HeliBoard fork)	2026-09-30T15:44:01.3874300Z C/C++: In file included from /home/runner/work/daddyboard/daddyboard/daddyboard-main/app/src/main/jni/src/dictionary/property/word_property.h:23:
build	Build DaddyBoard (HeliBoard fork)	2026-09-30T15:44:01.3875821Z C/C++: /home/runner/work/daddyboard/daddyboard/daddyboard-main/app/src/main/jni/src/dictionary/property/ngram_property.h:54:5: warning: definition of implicit copy constructor for 'NgramProperty' is deprecated because it has a user-declared copy assignment operator [-Wdeprecated-copy]
build	Build DaddyBoard (HeliBoard fork)	2026-09-30T15:44:01.3877074Z C/C++:    54 |     DISALLOW_ASSIGNMENT_OPERATOR(NgramProperty);
build	Build DaddyBoard (HeliBoard fork)	2026-09-30T15:44:01.3877328Z C/C++:       |     ^
build	Build DaddyBoard (HeliBoard fork)	2026-09-30T15:44:01.3877803Z C/C++: /home/runner/work/daddyboard/daddyboard/daddyboard-main/app/src/main/jni/src/defines.h:289:8: note: expanded from macro 'DISALLOW_ASSIGNMENT_OPERATOR'
build	Build DaddyBoard (HeliBoard fork)	2026-09-30T15:44:01.3878344Z C/C++:   289 |   void operator=(const TypeName&) = delete
build	Build DaddyBoard (HeliBoard fork)	2026-09-30T15:44:01.3878576Z C/C++:       |        ^
build	Build DaddyBoard (HeliBoard fork)	2026-09-30T15:44:01.3879228Z C/C++: /usr/local/lib/android/sdk/ndk/28.0.13004108/toolchains/llvm/prebuilt/linux-x86_64/sysroot/usr/include/c++/v1/__memory/allocator.h:173:24: note: in implicit copy constructor for 'latinime::NgramProperty' first required here
build	Build DaddyBoard (HeliBoard fork)	2026-09-30T15:44:01.3879922Z C/C++:   173 |     ::new ((void*)__p) _Up(std::forward<_Args>(__args)...);
build	Build DaddyBoard (HeliBoard fork)	2026-09-30T15:44:01.3880190Z C/C++:       |                        ^
build	Build DaddyBoard (HeliBoard fork)	2026-09-30T15:44:01.3881227Z C/C++: /usr/local/lib/android/sdk/ndk/28.0.13004108/toolchains/llvm/prebuilt/linux-x86_64/sysroot/usr/include/c++/v1/__memory/allocator_traits.h:320:9: note: in instantiation of function template specialization 'std::allocator<latinime::NgramProperty>::construct<latinime::NgramProperty, latinime::NgramProperty &>' requested here
build	Build DaddyBoard (HeliBoard fork)	2026-09-30T15:44:01.3882189Z C/C++:   320 |     __a.construct(__p, std::forward<_Args>(__args)...);
build	Build DaddyBoard (HeliBoard fork)	2026-09-30T15:44:01.3882441Z C/C++:       |         ^
build	Build DaddyBoard (HeliBoard fork)	2026-09-30T15:44:01.3883409Z C/C++: /usr/local/lib/android/sdk/ndk/28.0.13004108/toolchains/llvm/prebuilt/linux-x86_64/sysroot/usr/include/c++/v1/__memory/uninitialized_algorithms.h:551:31: note: in instantiation of function template specialization 'std::allocator_traits<std::allocator<latinime::NgramProperty>>::construct<latinime::NgramProperty, latinime::NgramProperty &, 0>' requested here
build	Build DaddyBoard (HeliBoard fork)	2026-09-30T15:44:01.3884535Z C/C++:   551 |     allocator_traits<_Alloc>::construct(__alloc, std::__to_address(__first2), *__first1);
build	Build DaddyBoard (HeliBoard fork)	2026-09-30T15:44:01.3884885Z C/C++:       |                               ^
build	Build DaddyBoard (HeliBoard fork)	2026-09-30T15:44:01.3885960Z C/C++: /usr/local/lib/android/sdk/ndk/28.0.13004108/toolchains/llvm/prebuilt/linux-x86_64/sysroot/usr/include/c++/v1/__memory/uninitialized_algorithms.h:594:33: note: in instantiation of function template specialization 'std::__uninitialized_allocator_copy_impl<std::allocator<latinime::NgramProperty>, latinime::NgramProperty *, latinime::NgramProperty *, latinime::NgramProperty *>' requested here
build	Build DaddyBoard (HeliBoard fork)	2026-09-30T15:44:01.3887272Z C/C++:   594 |   auto __result          = std::__uninitialized_allocator_copy_impl(
build	Build DaddyBoard (HeliBoard fork)	2026-09-30T15:44:01.3887567Z C/C++:       |                                 ^
build	Build DaddyBoard (HeliBoard fork)	2026-09-30T15:44:01.3888554Z C/C++: /usr/local/lib/android/sdk/ndk/28.0.13004108/toolchains/llvm/prebuilt/linux-x86_64/sysroot/usr/include/c++/v1/vector:1100:22: note: in instantiation of function template specialization 'std::__uninitialized_allocator_copy<std::allocator<latinime::NgramProperty>, latinime::NgramProperty *, latinime::NgramProperty *, latinime::NgramProperty *>' requested here
build	Build DaddyBoard (HeliBoard fork)	2026-09-30T15:44:01.3889691Z C/C++:  1100 |   __tx.__pos_ = std::__uninitialized_allocator_copy(__alloc(), __first, __last, __tx.__pos_);
build	Build DaddyBoard (HeliBoard fork)	2026-09-30T15:44:01.3890039Z C/C++:       |                      ^
build	Build DaddyBoard (HeliBoard fork)	2026-09-30T15:44:01.3890989Z C/C++: /usr/local/lib/android/sdk/ndk/28.0.13004108/toolchains/llvm/prebuilt/linux-x86_64/sysroot/usr/include/c++/v1/vector:761:7: note: in instantiation of function template specialization 'std::vector<latinime::NgramProperty>::__construct_at_end<latinime::NgramProperty *, latinime::NgramProperty *>' requested here
build	Build DaddyBoard (HeliBoard fork)	2026-09-30T15:44:01.3891939Z C/C++:   761 |       __construct_at_end(__first, __last, __n);
build	Build DaddyBoard (HeliBoard fork)	2026-09-30T15:44:01.3892185Z C/C++:       |       ^
build	Build DaddyBoard (HeliBoard fork)	2026-09-30T15:44:01.3893009Z C/C++: /usr/local/lib/android/sdk/ndk/28.0.13004108/toolchains/llvm/prebuilt/linux-x86_64/sysroot/usr/include/c++/v1/vector:1213:3: note: in instantiation of function template specialization 'std::vector<latinime::NgramProperty>::__init_with_size<latinime::NgramProperty *, latinime::NgramProperty *>' requested here
build	Build DaddyBoard (HeliBoard fork)	2026-09-30T15:44:01.3894052Z C/C++:  1213 |   __init_with_size(__x.__begin_, __x.__end_, __x.size());
build	Build DaddyBoard (HeliBoard fork)	2026-09-30T15:44:01.3894307Z C/C++:       |   ^
build	Build DaddyBoard (HeliBoard fork)	2026-09-30T15:44:01.3894955Z C/C++: /home/runner/work/daddyboard/daddyboard/daddyboard-main/app/src/main/jni/src/dictionary/property/word_property.h:39:15: note: in instantiation of member function 'std::vector<latinime::NgramProperty>::vector' requested here
build	Build DaddyBoard (HeliBoard fork)	2026-09-30T15:44:01.3895637Z C/C++:    39 |               mNgrams(ngrams) {}
build	Build DaddyBoard (HeliBoard fork)	2026-09-30T15:44:01.3895856Z C/C++:       |               ^
build	Build DaddyBoard (HeliBoard fork)	2026-09-30T15:44:01.6868962Z C/C++: 7 warnings generated.
build	Build DaddyBoard (HeliBoard fork)	2026-09-30T15:44:02.0869550Z C/C++: In file included from /home/runner/work/daddyboard/daddyboard/daddyboard-main/app/src/main/jni/src/dictionary/structure/backward/v402/ver4_patricia_trie_writing_helper.cpp:24:
build	Build DaddyBoard (HeliBoard fork)	2026-09-30T15:44:02.0871373Z C/C++: In file included from /home/runner/work/daddyboard/daddyboard/daddyboard-main/app/src/main/jni/src/dictionary/structure/backward/v402/ver4_patricia_trie_writing_helper.h:30:
build	Build DaddyBoard (HeliBoard fork)	2026-09-30T15:44:02.0873325Z C/C++: /home/runner/work/daddyboard/daddyboard/daddyboard-main/app/src/main/jni/src/dictionary/utils/entry_counters.h:44:5: warning: definition of implicit copy constructor for 'EntryCounts' is deprecated because it has a user-declared copy assignment operator [-Wdeprecated-copy]
build	Build DaddyBoard (HeliBoard fork)	2026-09-30T15:44:02.0874776Z C/C++:    44 |     DISALLOW_ASSIGNMENT_OPERATOR(EntryCounts);
build	Build DaddyBoard (HeliBoard fork)	2026-09-30T15:44:02.0875173Z C/C++:       |     ^
build	Build DaddyBoard (HeliBoard fork)	2026-09-30T15:44:02.0875908Z C/C++: /home/runner/work/daddyboard/daddyboard/daddyboard-main/app/src/main/jni/src/defines.h:289:8: note: expanded from macro 'DISALLOW_ASSIGNMENT_OPERATOR'
build	Build DaddyBoard (HeliBoard fork)	2026-09-30T15:44:02.0876768Z C/C++:   289 |   void operator=(const TypeName&) = delete
build	Build DaddyBoard (HeliBoard fork)	2026-09-30T15:44:02.0877143Z C/C++:       |        ^
build	Build DaddyBoard (HeliBoard fork)	2026-09-30T15:44:02.0878114Z C/C++: /home/runner/work/daddyboard/daddyboard/daddyboard-main/app/src/main/jni/src/dictionary/header/header_policy.h:92:15: note: in implicit copy constructor for 'latinime::EntryCounts' first required here
build	Build DaddyBoard (HeliBoard fork)	2026-09-30T15:44:02.0879212Z C/C++:    92 |               mNgramCounts(headerPolicy->mNgramCounts),
build	Build DaddyBoard (HeliBoard fork)	2026-09-30T15:44:02.0879616Z C/C++:       |               ^
build	Build DaddyBoard (HeliBoard fork)	2026-09-30T15:44:02.0880502Z C/C++: In file included from /home/runner/work/daddyboard/daddyboard/daddyboard-main/app/src/main/jni/src/dictionary/structure/backward/v402/ver4_patricia_trie_writing_helper.cpp:30:
build	Build DaddyBoard (HeliBoard fork)	2026-09-30T15:44:02.0882621Z C/C++: In file included from /home/runner/work/daddyboard/daddyboard/daddyboard-main/app/src/main/jni/src/dictionary/structure/backward/v402/bigram/ver4_bigram_list_policy.h:30:
build	Build DaddyBoard (HeliBoard fork)	2026-09-30T15:44:02.0884080Z C/C++: In file included from /home/runner/work/daddyboard/daddyboard/daddyboard-main/app/src/main/jni/src/dictionary/structure/backward/v402/content/bigram_entry.h:28:
build	Build DaddyBoard (HeliBoard fork)	2026-09-30T15:44:02.0885986Z C/C++: /home/runner/work/daddyboard/daddyboard/daddyboard-main/app/src/main/jni/src/dictionary/property/historical_info.h:52:5: warning: definition of implicit copy constructor for 'HistoricalInfo' is deprecated because it has a user-declared copy assignment operator [-Wdeprecated-copy]
build	Build DaddyBoard (HeliBoard fork)	2026-09-30T15:44:02.0887470Z C/C++:    52 |     DISALLOW_ASSIGNMENT_OPERATOR(HistoricalInfo);
build	Build DaddyBoard (HeliBoard fork)	2026-09-30T15:44:02.0887875Z C/C++:       |     ^
build	Build DaddyBoard (HeliBoard fork)	2026-09-30T15:44:02.0888613Z C/C++: /home/runner/work/daddyboard/daddyboard/daddyboard-main/app/src/main/jni/src/defines.h:289:8: note: expanded from macro 'DISALLOW_ASSIGNMENT_OPERATOR'
build	Build DaddyBoard (HeliBoard fork)	2026-09-30T15:44:02.0889467Z C/C++:   289 |   void operator=(const TypeName&) = delete
build	Build DaddyBoard (HeliBoard fork)	2026-09-30T15:44:02.0889834Z C/C++:       |        ^
build	Build DaddyBoard (HeliBoard fork)	2026-09-30T15:44:02.0891073Z C/C++: /home/runner/work/daddyboard/daddyboard/daddyboard-main/app/src/main/jni/src/dictionary/structure/backward/v402/content/bigram_entry.h:49:61: note: in implicit copy constructor for 'latinime::HistoricalInfo' first required here
build	Build DaddyBoard (HeliBoard fork)	2026-09-30T15:44:02.0892459Z C/C++:    49 |             : mHasNext(hasNext), mProbability(probability), mHistoricalInfo(*historicalInfo),
build	Build DaddyBoard (HeliBoard fork)	2026-09-30T15:44:02.0893324Z C/C++:       |                                                             ^
build	Build DaddyBoard (HeliBoard fork)	2026-09-30T15:44:02.0894308Z C/C++: In file included from /home/runner/work/daddyboard/daddyboard/daddyboard-main/app/src/main/jni/src/dictionary/structure/backward/v402/ver4_patricia_trie_writing_helper.cpp:24:
build	Build DaddyBoard (HeliBoard fork)	2026-09-30T15:44:02.0895810Z C/C++: In file included from /home/runner/work/daddyboard/daddyboard/daddyboard-main/app/src/main/jni/src/dictionary/structure/backward/v402/ver4_patricia_trie_writing_helper.h:28:
build	Build DaddyBoard (HeliBoard fork)	2026-09-30T15:44:02.0897286Z C/C++: In file included from /home/runner/work/daddyboard/daddyboard/daddyboard-main/app/src/main/jni/src/dictionary/structure/pt_common/dynamic_pt_gc_event_listeners.h:25:
build	Build DaddyBoard (HeliBoard fork)	2026-09-30T15:44:02.0898654Z C/C++: In file included from /home/runner/work/daddyboard/daddyboard/daddyboard-main/app/src/main/jni/src/dictionary/utils/buffer_with_extendable_buffer.h:26:
build	Build DaddyBoard (HeliBoard fork)	2026-09-30T15:44:02.0900482Z C/C++: /home/runner/work/daddyboard/daddyboard/daddyboard-main/app/src/main/jni/src/utils/byte_array_view.h:53:5: warning: definition of implicit copy constructor for 'ReadOnlyByteArrayView' is deprecated because it has a user-declared copy assignment operator [-Wdeprecated-copy]
build	Build DaddyBoard (HeliBoard fork)	2026-09-30T15:44:02.0902047Z C/C++:    53 |     DISALLOW_ASSIGNMENT_OPERATOR(ReadOnlyByteArrayView);
build	Build DaddyBoard (HeliBoard fork)	2026-09-30T15:44:02.0902466Z C/C++:       |     ^
build	Build DaddyBoard (HeliBoard fork)	2026-09-30T15:44:02.0903196Z C/C++: /home/runner/work/daddyboard/daddyboard/daddyboard-main/app/src/main/jni/src/defines.h:289:8: note: expanded from macro 'DISALLOW_ASSIGNMENT_OPERATOR'
build	Build DaddyBoard (HeliBoard fork)	2026-09-30T15:44:02.0904037Z C/C++:   289 |   void operator=(const TypeName&) = delete
build	Build DaddyBoard (HeliBoard fork)	2026-09-30T15:44:02.0904402Z C/C++:       |        ^
build	Build DaddyBoard (HeliBoard fork)	2026-09-30T15:44:02.0905578Z C/C++: /home/runner/work/daddyboard/daddyboard/daddyboard-main/app/src/main/jni/src/dictionary/structure/pt_common/shortcut/shortcut_list_reading_utils.h:52:75: note: in implicit copy constructor for 'latinime::ReadOnlyByteArrayView' first required here
build	Build DaddyBoard (HeliBoard fork)	2026-09-30T15:44:02.0907016Z C/C++:    52 |         const int shortcutListSize = getShortcutListSizeAndForwardPointer(buffer, pos);
build	Build DaddyBoard (HeliBoard fork)	2026-09-30T15:44:02.0907643Z C/C++:       |                                                                           ^
build	Build DaddyBoard (HeliBoard fork)	2026-09-30T15:44:02.0908637Z C/C++: In file included from /home/runner/work/daddyboard/daddyboard/daddyboard-main/app/src/main/jni/src/dictionary/structure/backward/v402/ver4_patricia_trie_writing_helper.cpp:24:
build	Build DaddyBoard (HeliBoard fork)	2026-09-30T15:44:02.0910338Z C/C++: In file included from /home/runner/work/daddyboard/daddyboard/daddyboard-main/app/src/main/jni/src/dictionary/structure/backward/v402/ver4_patricia_trie_writing_helper.h:28:
build	Build DaddyBoard (HeliBoard fork)	2026-09-30T15:44:02.0911960Z C/C++: In file included from /home/runner/work/daddyboard/daddyboard/daddyboard-main/app/src/main/jni/src/dictionary/structure/pt_common/dynamic_pt_gc_event_listeners.h:23:
build	Build DaddyBoard (HeliBoard fork)	2026-09-30T15:44:02.0913324Z C/C++: In file included from /home/runner/work/daddyboard/daddyboard/daddyboard-main/app/src/main/jni/src/dictionary/structure/pt_common/dynamic_pt_reading_helper.h:24:
build	Build DaddyBoard (HeliBoard fork)	2026-09-30T15:44:02.0914702Z C/C++: In file included from /home/runner/work/daddyboard/daddyboard/daddyboard-main/app/src/main/jni/src/dictionary/structure/pt_common/pt_node_params.h:27:
build	Build DaddyBoard (HeliBoard fork)	2026-09-30T15:44:02.0916454Z C/C++: /home/runner/work/daddyboard/daddyboard/daddyboard-main/app/src/main/jni/src/utils/int_array_view.h:160:5: warning: definition of implicit copy constructor for 'IntArrayView' is deprecated because it has a user-declared copy assignment operator [-Wdeprecated-copy]
build	Build DaddyBoard (HeliBoard fork)	2026-09-30T15:44:02.0917780Z C/C++:   160 |     DISALLOW_ASSIGNMENT_OPERATOR(IntArrayView);
build	Build DaddyBoard (HeliBoard fork)	2026-09-30T15:44:02.0918171Z C/C++:       |     ^
build	Build DaddyBoard (HeliBoard fork)	2026-09-30T15:44:02.1870371Z C/C++: /home/runner/work/daddyboard/daddyboard/daddyboard-main/app/src/main/jni/src/defines.h:289:8: note: expanded from macro 'DISALLOW_ASSIGNMENT_OPERATOR'
build	Build DaddyBoard (HeliBoard fork)	2026-09-30T15:44:02.1871654Z C/C++:   289 |   void operator=(const TypeName&) = delete
build	Build DaddyBoard (HeliBoard fork)	2026-09-30T15:44:02.1872036Z C/C++:       |        ^
build	Build DaddyBoard (HeliBoard fork)	2026-09-30T15:44:02.1873083Z C/C++: /usr/local/lib/android/sdk/ndk/28.0.13004108/toolchains/llvm/prebuilt/linux-x86_64/sysroot/usr/include/c++/v1/__memory/allocator.h:173:24: note: in implicit copy constructor for 'latinime::IntArrayView' first required here
build	Build DaddyBoard (HeliBoard fork)	2026-09-30T15:44:02.1874812Z C/C++:   173 |     ::new ((void*)__p) _Up(std::forward<_Args>(__args)...);
build	Build DaddyBoard (HeliBoard fork)	2026-09-30T15:44:02.1875246Z C/C++:       |                        ^
build	Build DaddyBoard (HeliBoard fork)	2026-09-30T15:44:02.1876727Z C/C++: /usr/local/lib/android/sdk/ndk/28.0.13004108/toolchains/llvm/prebuilt/linux-x86_64/sysroot/usr/include/c++/v1/__memory/allocator_traits.h:320:9: note: in instantiation of function template specialization 'std::allocator<latinime::IntArrayView>::construct<latinime::IntArrayView, latinime::IntArrayView>' requested here
build	Build DaddyBoard (HeliBoard fork)	2026-09-30T15:44:02.1878317Z C/C++:   320 |     __a.construct(__p, std::forward<_Args>(__args)...);
build	Build DaddyBoard (HeliBoard fork)	2026-09-30T15:44:02.1878729Z C/C++:       |         ^
build	Build DaddyBoard (HeliBoard fork)	2026-09-30T15:44:02.1880304Z C/C++: /usr/local/lib/android/sdk/ndk/28.0.13004108/toolchains/llvm/prebuilt/linux-x86_64/sysroot/usr/include/c++/v1/__memory/uninitialized_algorithms.h:639:33: note: in instantiation of function template specialization 'std::allocator_traits<std::allocator<latinime::IntArrayView>>::construct<latinime::IntArrayView, latinime::IntArrayView, 0>' requested here
build	Build DaddyBoard (HeliBoard fork)	2026-09-30T15:44:02.1882312Z C/C++:   639 |       allocator_traits<_Alloc>::construct(__alloc, __result, std::move(*__iter));
build	Build DaddyBoard (HeliBoard fork)	2026-09-30T15:44:02.1882867Z C/C++:       |                                 ^
build	Build DaddyBoard (HeliBoard fork)	2026-09-30T15:44:02.1884074Z C/C++: /usr/local/lib/android/sdk/ndk/28.0.13004108/toolchains/llvm/prebuilt/linux-x86_64/sysroot/usr/include/c++/v1/vector:1511:3: note: in instantiation of member function 'std::vector<latinime::IntArrayView>::__swap_out_circular_buffer' requested here
build	Build DaddyBoard (HeliBoard fork)	2026-09-30T15:44:02.1885316Z C/C++:  1511 |   __swap_out_circular_buffer(__v);
build	Build DaddyBoard (HeliBoard fork)	2026-09-30T15:44:02.1885670Z C/C++:       |   ^
build	Build DaddyBoard (HeliBoard fork)	2026-09-30T15:44:02.1887011Z C/C++: /usr/local/lib/android/sdk/ndk/28.0.13004108/toolchains/llvm/prebuilt/linux-x86_64/sysroot/usr/include/c++/v1/vector:1529:13: note: in instantiation of function template specialization 'std::vector<latinime::IntArrayView>::__emplace_back_slow_path<const int *const &, const unsigned long &>' requested here
build	Build DaddyBoard (HeliBoard fork)	2026-09-30T15:44:02.1888594Z C/C++:  1529 |     __end = __emplace_back_slow_path(std::forward<_Args>(__args)...);
build	Build DaddyBoard (HeliBoard fork)	2026-09-30T15:44:02.1889304Z C/C++:       |             ^
build	Build DaddyBoard (HeliBoard fork)	2026-09-30T15:44:02.1890591Z C/C++: /home/runner/work/daddyboard/daddyboard/daddyboard-main/app/src/main/jni/src/utils/int_array_view.h:142:20: note: in instantiation of function template specialization 'std::vector<latinime::IntArrayView>::emplace_back<const int *const &, const unsigned long &>' requested here
build	Build DaddyBoard (HeliBoard fork)	2026-09-30T15:44:02.1892228Z C/C++:   142 |             result.emplace_back(mPtr, mSize);
build	Build DaddyBoard (HeliBoard fork)	2026-09-30T15:44:02.1892616Z C/C++:       |                    ^
build	Build DaddyBoard (HeliBoard fork)	2026-09-30T15:44:02.1893536Z C/C++: In file included from /home/runner/work/daddyboard/daddyboard/daddyboard-main/app/src/main/jni/src/dictionary/structure/backward/v402/ver4_patricia_trie_writing_helper.cpp:24:
build	Build DaddyBoard (HeliBoard fork)	2026-09-30T15:44:02.1895731Z C/C++: /home/runner/work/daddyboard/daddyboard/daddyboard-main/app/src/main/jni/src/dictionary/structure/backward/v402/ver4_patricia_trie_writing_helper.h:122:9: warning: definition of implicit copy constructor for 'DictProbabilityComparator' is deprecated because it has a user-declared copy assignment operator [-Wdeprecated-copy]
build	Build DaddyBoard (HeliBoard fork)	2026-09-30T15:44:02.1897479Z C/C++:   122 |         DISALLOW_ASSIGNMENT_OPERATOR(DictProbabilityComparator);
build	Build DaddyBoard (HeliBoard fork)	2026-09-30T15:44:02.1897940Z C/C++:       |         ^
build	Build DaddyBoard (HeliBoard fork)	2026-09-30T15:44:02.1898689Z C/C++: /home/runner/work/daddyboard/daddyboard/daddyboard-main/app/src/main/jni/src/defines.h:289:8: note: expanded from macro 'DISALLOW_ASSIGNMENT_OPERATOR'
build	Build DaddyBoard (HeliBoard fork)	2026-09-30T15:44:02.1899559Z C/C++:   289 |   void operator=(const TypeName&) = delete
build	Build DaddyBoard (HeliBoard fork)	2026-09-30T15:44:02.1899926Z C/C++:       |        ^
build	Build DaddyBoard (HeliBoard fork)	2026-09-30T15:44:02.1901328Z C/C++: /usr/local/lib/android/sdk/ndk/28.0.13004108/toolchains/llvm/prebuilt/linux-x86_64/sysroot/usr/include/c++/v1/queue:906:38: note: in implicit copy constructor for 'latinime::backward::v402::Ver4PatriciaTrieWritingHelper::DictProbabilityComparator' first required here
build	Build DaddyBoard (HeliBoard fork)	2026-09-30T15:44:02.1902935Z C/C++:   906 |   std::push_heap(c.begin(), c.end(), comp);
build	Build DaddyBoard (HeliBoard fork)	2026-09-30T15:44:02.1903334Z C/C++:       |                                      ^
build	Build DaddyBoard (HeliBoard fork)	2026-09-30T15:44:02.1905642Z C/C++: /home/runner/work/daddyboard/daddyboard/daddyboard-main/app/src/main/jni/src/dictionary/structure/backward/v402/ver4_patricia_trie_writing_helper.cpp:221:23: note: in instantiation of member function 'std::priority_queue<latinime::backward::v402::Ver4PatriciaTrieWritingHelper::DictProbability, std::vector<latinime::backward::v402::Ver4PatriciaTrieWritingHelper::DictProbability>, latinime::backward::v402::Ver4PatriciaTrieWritingHelper::DictProbabilityComparator>::push' requested here
build	Build DaddyBoard (HeliBoard fork)	2026-09-30T15:44:02.1908115Z C/C++:   221 |         priorityQueue.push(DictProbability(terminalPos, probability,
build	Build DaddyBoard (HeliBoard fork)	2026-09-30T15:44:02.1908593Z C/C++:       |                       ^
build	Build DaddyBoard (HeliBoard fork)	2026-09-30T15:44:02.2868922Z C/C++: 5 warnings generated.
build	Build DaddyBoard (HeliBoard fork)	2026-09-30T15:44:02.6870319Z C/C++: In file included from /home/runner/work/daddyboard/daddyboard/daddyboard-main/app/src/main/jni/src/dictionary/structure/backward/v402/content/bigram_dict_content.cpp:24:
build	Build DaddyBoard (HeliBoard fork)	2026-09-30T15:44:02.6872246Z C/C++: In file included from /home/runner/work/daddyboard/daddyboard/daddyboard-main/app/src/main/jni/src/dictionary/structure/backward/v402/content/bigram_dict_content.h:28:
build	Build DaddyBoard (HeliBoard fork)	2026-09-30T15:44:02.6873754Z C/C++: In file included from /home/runner/work/daddyboard/daddyboard/daddyboard-main/app/src/main/jni/src/dictionary/structure/backward/v402/content/bigram_entry.h:28:
build	Build DaddyBoard (HeliBoard fork)	2026-09-30T15:44:02.6875664Z C/C++: /home/runner/work/daddyboard/daddyboard/daddyboard-main/app/src/main/jni/src/dictionary/property/historical_info.h:52:5: warning: definition of implicit copy constructor for 'HistoricalInfo' is deprecated because it has a user-declared copy assignment operator [-Wdeprecated-copy]
build	Build DaddyBoard (HeliBoard fork)	2026-09-30T15:44:02.6877147Z C/C++:    52 |     DISALLOW_ASSIGNMENT_OPERATOR(HistoricalInfo);
build	Build DaddyBoard (HeliBoard fork)	2026-09-30T15:44:02.6877567Z C/C++:       |     ^
build	Build DaddyBoard (HeliBoard fork)	2026-09-30T15:44:02.6878329Z C/C++: /home/runner/work/daddyboard/daddyboard/daddyboard-main/app/src/main/jni/src/defines.h:289:8: note: expanded from macro 'DISALLOW_ASSIGNMENT_OPERATOR'
build	Build DaddyBoard (HeliBoard fork)	2026-09-30T15:44:02.6879209Z C/C++:   289 |   void operator=(const TypeName&) = delete
build	Build DaddyBoard (HeliBoard fork)	2026-09-30T15:44:02.6880005Z C/C++:       |        ^
build	Build DaddyBoard (HeliBoard fork)	2026-09-30T15:44:02.6881279Z C/C++: /home/runner/work/daddyboard/daddyboard/daddyboard-main/app/src/main/jni/src/dictionary/structure/backward/v402/content/bigram_entry.h:49:61: note: in implicit copy constructor for 'latinime::HistoricalInfo' first required here
build	Build DaddyBoard (HeliBoard fork)	2026-09-30T15:44:02.6882671Z C/C++:    49 |             : mHasNext(hasNext), mProbability(probability), mHistoricalInfo(*historicalInfo),
build	Build DaddyBoard (HeliBoard fork)	2026-09-30T15:44:02.6883273Z C/C++:       |                                                             ^
build	Build DaddyBoard (HeliBoard fork)	2026-09-30T15:44:03.0869173Z C/C++: 1 warning generated.
build	Build DaddyBoard (HeliBoard fork)	2026-09-30T15:44:03.4870171Z C/C++: In file included from /home/runner/work/daddyboard/daddyboard/daddyboard-main/app/src/main/jni/src/dictionary/structure/backward/v402/content/probability_dict_content.cpp:26:
build	Build DaddyBoard (HeliBoard fork)	2026-09-30T15:44:03.4872063Z C/C++: In file included from /home/runner/work/daddyboard/daddyboard/daddyboard-main/app/src/main/jni/src/dictionary/structure/backward/v402/content/probability_entry.h:28:
build	Build DaddyBoard (HeliBoard fork)	2026-09-30T15:44:03.4874044Z C/C++: /home/runner/work/daddyboard/daddyboard/daddyboard-main/app/src/main/jni/src/dictionary/property/historical_info.h:52:5: warning: definition of implicit copy constructor for 'HistoricalInfo' is deprecated because it has a user-declared copy assignment operator [-Wdeprecated-copy]
build	Build DaddyBoard (HeliBoard fork)	2026-09-30T15:44:03.4875543Z C/C++:    52 |     DISALLOW_ASSIGNMENT_OPERATOR(HistoricalInfo);
build	Build DaddyBoard (HeliBoard fork)	2026-09-30T15:44:03.4875942Z C/C++:       |     ^
build	Build DaddyBoard (HeliBoard fork)	2026-09-30T15:44:03.4876685Z C/C++: /home/runner/work/daddyboard/daddyboard/daddyboard-main/app/src/main/jni/src/defines.h:289:8: note: expanded from macro 'DISALLOW_ASSIGNMENT_OPERATOR'
build	Build DaddyBoard (HeliBoard fork)	2026-09-30T15:44:03.4877987Z C/C++:   289 |   void operator=(const TypeName&) = delete
build	Build DaddyBoard (HeliBoard fork)	2026-09-30T15:44:03.4878353Z C/C++:       |        ^
build	Build DaddyBoard (HeliBoard fork)	2026-09-30T15:44:03.4879465Z C/C++: /home/runner/work/daddyboard/daddyboard/daddyboard-main/app/src/main/jni/src/dictionary/structure/backward/v402/content/probability_entry.h:39:15: note: in implicit copy constructor for 'latinime::HistoricalInfo' first required here
build	Build DaddyBoard (HeliBoard fork)	2026-09-30T15:44:03.4880751Z C/C++:    39 |               mHistoricalInfo(probabilityEntry.mHistoricalInfo) {}
build	Build DaddyBoard (HeliBoard fork)	2026-09-30T15:44:03.4881358Z C/C++:       |               ^
build	Build DaddyBoard (HeliBoard fork)	2026-09-30T15:44:03.5869320Z C/C++: 1 warning generated.
build	Build DaddyBoard (HeliBoard fork)	2026-09-30T15:44:04.8870760Z C/C++: /home/runner/work/daddyboard/daddyboard/daddyboard-main/app/src/main/jni/src/dictionary/structure/backward/v402/content/terminal_position_lookup_table.cpp:85:9: warning: variable 'removedEntryCount' set but not used [-Wunused-but-set-variable]
build	Build DaddyBoard (HeliBoard fork)	2026-09-30T15:44:04.8872436Z C/C++:    85 |     int removedEntryCount = 0;
build	Build DaddyBoard (HeliBoard fork)	2026-09-30T15:44:04.8872815Z C/C++:       |         ^
build	Build DaddyBoard (HeliBoard fork)	2026-09-30T15:44:04.9868916Z C/C++: 1 warning generated.
build	Build DaddyBoard (HeliBoard fork)	2026-09-30T15:44:04.9869952Z C/C++: In file included from /home/runner/work/daddyboard/daddyboard/daddyboard-main/app/src/main/jni/src/dictionary/structure/backward/v402/bigram/ver4_bigram_list_policy.cpp:25:
build	Build DaddyBoard (HeliBoard fork)	2026-09-30T15:44:04.9871613Z C/C++: In file included from /home/runner/work/daddyboard/daddyboard/daddyboard-main/app/src/main/jni/src/dictionary/structure/backward/v402/bigram/ver4_bigram_list_policy.h:30:
build	Build DaddyBoard (HeliBoard fork)	2026-09-30T15:44:04.9872662Z C/C++: In file included from /home/runner/work/daddyboard/daddyboard/daddyboard-main/app/src/main/jni/src/dictionary/structure/backward/v402/content/bigram_entry.h:28:
build	Build DaddyBoard (HeliBoard fork)	2026-09-30T15:44:04.9873878Z C/C++: /home/runner/work/daddyboard/daddyboard/daddyboard-main/app/src/main/jni/src/dictionary/property/historical_info.h:52:5: warning: definition of implicit copy constructor for 'HistoricalInfo' is deprecated because it has a user-declared copy assignment operator [-Wdeprecated-copy]
build	Build DaddyBoard (HeliBoard fork)	2026-09-30T15:44:04.9874800Z C/C++:    52 |     DISALLOW_ASSIGNMENT_OPERATOR(HistoricalInfo);
build	Build DaddyBoard (HeliBoard fork)	2026-09-30T15:44:04.9875062Z C/C++:       |     ^
build	Build DaddyBoard (HeliBoard fork)	2026-09-30T15:44:04.9875524Z C/C++: /home/runner/work/daddyboard/daddyboard/daddyboard-main/app/src/main/jni/src/defines.h:289:8: note: expanded from macro 'DISALLOW_ASSIGNMENT_OPERATOR'
build	Build DaddyBoard (HeliBoard fork)	2026-09-30T15:44:04.9876295Z C/C++:   289 |   void operator=(const TypeName&) = delete
build	Build DaddyBoard (HeliBoard fork)	2026-09-30T15:44:04.9876533Z C/C++:       |        ^
build	Build DaddyBoard (HeliBoard fork)	2026-09-30T15:44:04.9877220Z C/C++: /home/runner/work/daddyboard/daddyboard/daddyboard-main/app/src/main/jni/src/dictionary/structure/backward/v402/content/bigram_entry.h:49:61: note: in implicit copy constructor for 'latinime::HistoricalInfo' first required here
build	Build DaddyBoard (HeliBoard fork)	2026-09-30T15:44:04.9878051Z C/C++:    49 |             : mHasNext(hasNext), mProbability(probability), mHistoricalInfo(*historicalInfo),
build	Build DaddyBoard (HeliBoard fork)	2026-09-30T15:44:04.9878438Z C/C++:       |                                                             ^
build	Build DaddyBoard (HeliBoard fork)	2026-09-30T15:44:05.3870271Z C/C++: In file included from /home/runner/work/daddyboard/daddyboard/daddyboard-main/app/src/main/jni/src/dictionary/structure/backward/v402/bigram/ver4_bigram_list_policy.cpp:27:
build	Build DaddyBoard (HeliBoard fork)	2026-09-30T15:44:05.3871944Z C/C++: In file included from /home/runner/work/daddyboard/daddyboard/daddyboard-main/app/src/main/jni/src/dictionary/header/header_policy.h:25:
build	Build DaddyBoard (HeliBoard fork)	2026-09-30T15:44:05.3873725Z C/C++: /home/runner/work/daddyboard/daddyboard/daddyboard-main/app/src/main/jni/src/dictionary/utils/entry_counters.h:44:5: warning: definition of implicit copy constructor for 'EntryCounts' is deprecated because it has a user-declared copy assignment operator [-Wdeprecated-copy]
build	Build DaddyBoard (HeliBoard fork)	2026-09-30T15:44:05.3874924Z C/C++:    44 |     DISALLOW_ASSIGNMENT_OPERATOR(EntryCounts);
build	Build DaddyBoard (HeliBoard fork)	2026-09-30T15:44:05.3875187Z C/C++:       |     ^
build	Build DaddyBoard (HeliBoard fork)	2026-09-30T15:44:05.3875679Z C/C++: /home/runner/work/daddyboard/daddyboard/daddyboard-main/app/src/main/jni/src/defines.h:289:8: note: expanded from macro 'DISALLOW_ASSIGNMENT_OPERATOR'
build	Build DaddyBoard (HeliBoard fork)	2026-09-30T15:44:05.3876236Z C/C++:   289 |   void operator=(const TypeName&) = delete
build	Build DaddyBoard (HeliBoard fork)	2026-09-30T15:44:05.3876826Z C/C++:       |        ^
build	Build DaddyBoard (HeliBoard fork)	2026-09-30T15:44:05.3877437Z C/C++: /home/runner/work/daddyboard/daddyboard/daddyboard-main/app/src/main/jni/src/dictionary/header/header_policy.h:92:15: note: in implicit copy constructor for 'latinime::EntryCounts' first required here
build	Build DaddyBoard (HeliBoard fork)	2026-09-30T15:44:05.3878105Z C/C++:    92 |               mNgramCounts(headerPolicy->mNgramCounts),
build	Build DaddyBoard (HeliBoard fork)	2026-09-30T15:44:05.3878356Z C/C++:       |               ^
build	Build DaddyBoard (HeliBoard fork)	2026-09-30T15:44:05.4870079Z C/C++: In file included from /home/runner/work/daddyboard/daddyboard/daddyboard-main/app/src/main/jni/src/dictionary/structure/backward/v402/bigram/ver4_bigram_list_policy.cpp:28:
build	Build DaddyBoard (HeliBoard fork)	2026-09-30T15:44:05.4871824Z C/C++: In file included from /home/runner/work/daddyboard/daddyboard/daddyboard-main/app/src/main/jni/src/dictionary/property/ngram_property.h:24:
build	Build DaddyBoard (HeliBoard fork)	2026-09-30T15:44:05.4873043Z C/C++: In file included from /home/runner/work/daddyboard/daddyboard/daddyboard-main/app/src/main/jni/src/dictionary/property/ngram_context.h:23:
build	Build DaddyBoard (HeliBoard fork)	2026-09-30T15:44:05.4874921Z C/C++: /home/runner/work/daddyboard/daddyboard/daddyboard-main/app/src/main/jni/src/utils/int_array_view.h:160:5: warning: definition of implicit copy constructor for 'IntArrayView' is deprecated because it has a user-declared copy assignment operator [-Wdeprecated-copy]
build	Build DaddyBoard (HeliBoard fork)	2026-09-30T15:44:05.4876342Z C/C++:   160 |     DISALLOW_ASSIGNMENT_OPERATOR(IntArrayView);
build	Build DaddyBoard (HeliBoard fork)	2026-09-30T15:44:05.4876724Z C/C++:       |     ^
build	Build DaddyBoard (HeliBoard fork)	2026-09-30T15:44:05.4877442Z C/C++: /home/runner/work/daddyboard/daddyboard/daddyboard-main/app/src/main/jni/src/defines.h:289:8: note: expanded from macro 'DISALLOW_ASSIGNMENT_OPERATOR'
build	Build DaddyBoard (HeliBoard fork)	2026-09-30T15:44:05.4878272Z C/C++:   289 |   void operator=(const TypeName&) = delete
build	Build DaddyBoard (HeliBoard fork)	2026-09-30T15:44:05.4878639Z C/C++:       |        ^
build	Build DaddyBoard (HeliBoard fork)	2026-09-30T15:44:05.4879671Z C/C++: /usr/local/lib/android/sdk/ndk/28.0.13004108/toolchains/llvm/prebuilt/linux-x86_64/sysroot/usr/include/c++/v1/__memory/allocator.h:173:24: note: in implicit copy constructor for 'latinime::IntArrayView' first required here
build	Build DaddyBoard (HeliBoard fork)	2026-09-30T15:44:05.4880855Z C/C++:   173 |     ::new ((void*)__p) _Up(std::forward<_Args>(__args)...);
build	Build DaddyBoard (HeliBoard fork)	2026-09-30T15:44:05.4881381Z C/C++:       |                        ^
build	Build DaddyBoard (HeliBoard fork)	2026-09-30T15:44:05.4882832Z C/C++: /usr/local/lib/android/sdk/ndk/28.0.13004108/toolchains/llvm/prebuilt/linux-x86_64/sysroot/usr/include/c++/v1/__memory/allocator_traits.h:320:9: note: in instantiation of function template specialization 'std::allocator<latinime::IntArrayView>::construct<latinime::IntArrayView, latinime::IntArrayView>' requested here
build	Build DaddyBoard (HeliBoard fork)	2026-09-30T15:44:05.4884575Z C/C++:   320 |     __a.construct(__p, std::forward<_Args>(__args)...);
build	Build DaddyBoard (HeliBoard fork)	2026-09-30T15:44:05.4884968Z C/C++:       |         ^
build	Build DaddyBoard (HeliBoard fork)	2026-09-30T15:44:05.4886505Z C/C++: /usr/local/lib/android/sdk/ndk/28.0.13004108/toolchains/llvm/prebuilt/linux-x86_64/sysroot/usr/include/c++/v1/__memory/uninitialized_algorithms.h:639:33: note: in instantiation of function template specialization 'std::allocator_traits<std::allocator<latinime::IntArrayView>>::construct<latinime::IntArrayView, latinime::IntArrayView, 0>' requested here
build	Build DaddyBoard (HeliBoard fork)	2026-09-30T15:44:05.4888283Z C/C++:   639 |       allocator_traits<_Alloc>::construct(__alloc, __result, std::move(*__iter));
build	Build DaddyBoard (HeliBoard fork)	2026-09-30T15:44:05.4888792Z C/C++:       |                                 ^
build	Build DaddyBoard (HeliBoard fork)	2026-09-30T15:44:05.4889988Z C/C++: /usr/local/lib/android/sdk/ndk/28.0.13004108/toolchains/llvm/prebuilt/linux-x86_64/sysroot/usr/include/c++/v1/vector:1511:3: note: in instantiation of member function 'std::vector<latinime::IntArrayView>::__swap_out_circular_buffer' requested here
build	Build DaddyBoard (HeliBoard fork)	2026-09-30T15:44:05.4891322Z C/C++:  1511 |   __swap_out_circular_buffer(__v);
build	Build DaddyBoard (HeliBoard fork)	2026-09-30T15:44:05.4891669Z C/C++:       |   ^
build	Build DaddyBoard (HeliBoard fork)	2026-09-30T15:44:05.4893003Z C/C++: /usr/local/lib/android/sdk/ndk/28.0.13004108/toolchains/llvm/prebuilt/linux-x86_64/sysroot/usr/include/c++/v1/vector:1529:13: note: in instantiation of function template specialization 'std::vector<latinime::IntArrayView>::__emplace_back_slow_path<const int *const &, const unsigned long &>' requested here
build	Build DaddyBoard (HeliBoard fork)	2026-09-30T15:44:05.4894722Z C/C++:  1529 |     __end = __emplace_back_slow_path(std::forward<_Args>(__args)...);
build	Build DaddyBoard (HeliBoard fork)	2026-09-30T15:44:05.4895185Z C/C++:       |             ^
build	Build DaddyBoard (HeliBoard fork)	2026-09-30T15:44:05.4896462Z C/C++: /home/runner/work/daddyboard/daddyboard/daddyboard-main/app/src/main/jni/src/utils/int_array_view.h:142:20: note: in instantiation of function template specialization 'std::vector<latinime::IntArrayView>::emplace_back<const int *const &, const unsigned long &>' requested here
build	Build DaddyBoard (HeliBoard fork)	2026-09-30T15:44:05.4897854Z C/C++:   142 |             result.emplace_back(mPtr, mSize);
build	Build DaddyBoard (HeliBoard fork)	2026-09-30T15:44:05.4898227Z C/C++:       |                    ^
build	Build DaddyBoard (HeliBoard fork)	2026-09-30T15:44:05.4898527Z C/C++: 3 warnings generated.
build	Build DaddyBoard (HeliBoard fork)	2026-09-30T15:44:05.7869377Z 
build	Build DaddyBoard (HeliBoard fork)	2026-09-30T15:44:05.7874616Z 
build	Build DaddyBoard (HeliBoard fork)	2026-09-30T15:44:05.7891835Z FAILURE: Build completed with 2 failures.
build	Build DaddyBoard (HeliBoard fork)	2026-09-30T15:44:05.7892692Z [Incubating] Problems report is available at: file:///home/runner/work/daddyboard/daddyboard/daddyboard-main/build/reports/problems/problems-report.html
build	Build DaddyBoard (HeliBoard fork)	2026-09-30T15:44:05.7893347Z 
build	Build DaddyBoard (HeliBoard fork)	2026-09-30T15:44:05.7893660Z Deprecated Gradle features were used in this build, making it incompatible with Gradle 10.
build	Build DaddyBoard (HeliBoard fork)	2026-09-30T15:44:05.7894043Z 
build	Build DaddyBoard (HeliBoard fork)	2026-09-30T15:44:05.7894523Z You can use '--warning-mode all' to show the individual deprecation warnings and determine if they come from your own scripts or plugins.
build	Build DaddyBoard (HeliBoard fork)	2026-09-30T15:44:05.7895117Z 
build	Build DaddyBoard (HeliBoard fork)	2026-09-30T15:44:05.7895730Z For more on this, please refer to https://docs.gradle.org/9.7.1/userguide/command_line_interface.html#sec:command_line_warnings in the Gradle documentation.
build	Build DaddyBoard (HeliBoard fork)	2026-09-30T15:44:05.7896532Z 30 actionable tasks: 30 executed
build	Build DaddyBoard (HeliBoard fork)	2026-09-30T15:44:05.7896846Z Configuration cache entry stored.
build	Build DaddyBoard (HeliBoard fork)	2026-09-30T15:44:05.7910643Z 
build	Build DaddyBoard (HeliBoard fork)	2026-09-30T15:44:05.7911167Z 1: Task failed with an exception.
build	Build DaddyBoard (HeliBoard fork)	2026-09-30T15:44:05.7911708Z -----------
build	Build DaddyBoard (HeliBoard fork)	2026-09-30T15:44:05.7912118Z * What went wrong:
build	Build DaddyBoard (HeliBoard fork)	2026-09-30T15:44:05.7912741Z Execution failed for task ':app:processDebugResources' (registered by plugin 'com.android.internal.application').
build	Build DaddyBoard (HeliBoard fork)	2026-09-30T15:44:05.7913858Z > A failure occurred while executing com.android.build.gradle.internal.res.LinkApplicationAndroidResourcesTask$TaskAction
build	Build DaddyBoard (HeliBoard fork)	2026-09-30T15:44:05.7914656Z    > Android resource linking failed
build	Build DaddyBoard (HeliBoard fork)	2026-09-30T15:44:05.7915695Z      helium314.keyboard.latin.app-mergeDebugResources-40:/layout/gif_search_view.xml:52: error: resource attr/colorColorKeyText (aka helium314.keyboard.debug:attr/colorColorKeyText) not found.
build	Build DaddyBoard (HeliBoard fork)	2026-09-30T15:44:05.7917162Z      error: failed linking file resources.
build	Build DaddyBoard (HeliBoard fork)	2026-09-30T15:44:05.7917395Z 
build	Build DaddyBoard (HeliBoard fork)	2026-09-30T15:44:05.7917402Z 
build	Build DaddyBoard (HeliBoard fork)	2026-09-30T15:44:05.7917497Z * Try:
build	Build DaddyBoard (HeliBoard fork)	2026-09-30T15:44:05.7917798Z > Run with --stacktrace option to get the stack trace.
build	Build DaddyBoard (HeliBoard fork)	2026-09-30T15:44:05.7918261Z > Run with --info or --debug option to get more log output.
build	Build DaddyBoard (HeliBoard fork)	2026-09-30T15:44:05.7918812Z > Run with --scan to get full insights from a Build Scan (powered by Develocity).
build	Build DaddyBoard (HeliBoard fork)	2026-09-30T15:44:05.7919340Z > Get more help at https://help.gradle.org.
build	Build DaddyBoard (HeliBoard fork)	2026-09-30T15:44:05.7919739Z ==============================================================================
build	Build DaddyBoard (HeliBoard fork)	2026-09-30T15:44:05.7920030Z 
build	Build DaddyBoard (HeliBoard fork)	2026-09-30T15:44:05.7920154Z 2: Task failed with an exception.
build	Build DaddyBoard (HeliBoard fork)	2026-09-30T15:44:05.7920456Z -----------
build	Build DaddyBoard (HeliBoard fork)	2026-09-30T15:44:05.7920698Z * What went wrong:
build	Build DaddyBoard (HeliBoard fork)	2026-09-30T15:44:05.7921432Z Execution failed for task ':app:compileDebugKotlin' (registered by plugin 'com.android.internal.application').
build	Build DaddyBoard (HeliBoard fork)	2026-09-30T15:44:05.7922430Z > A failure occurred while executing org.jetbrains.kotlin.compilerRunner.btapi.BuildToolsApiCompilationWork
build	Build DaddyBoard (HeliBoard fork)	2026-09-30T15:44:05.7923138Z    > Compilation error. See log for more details
build	Build DaddyBoard (HeliBoard fork)	2026-09-30T15:44:05.7923387Z 
build	Build DaddyBoard (HeliBoard fork)	2026-09-30T15:44:05.7923480Z * Try:
build	Build DaddyBoard (HeliBoard fork)	2026-09-30T15:44:05.7923770Z > Run with --stacktrace option to get the stack trace.
build	Build DaddyBoard (HeliBoard fork)	2026-09-30T15:44:05.7924218Z > Run with --info or --debug option to get more log output.
build	Build DaddyBoard (HeliBoard fork)	2026-09-30T15:44:05.7924764Z > Run with --scan to get full insights from a Build Scan (powered by Develocity).
build	Build DaddyBoard (HeliBoard fork)	2026-09-30T15:44:05.7925274Z > Get more help at https://help.gradle.org.
build	Build DaddyBoard (HeliBoard fork)	2026-09-30T15:44:05.7925672Z ==============================================================================
build	Build DaddyBoard (HeliBoard fork)	2026-09-30T15:44:05.7926170Z 
build	Build DaddyBoard (HeliBoard fork)	2026-09-30T15:44:05.7926284Z BUILD FAILED in 3m 17s
build	Build DaddyBoard (HeliBoard fork)	2026-09-30T15:44:06.2516273Z ##[error]Process completed with exit code 1.
build	Post set up JDK 17	﻿2026-09-30T15:44:06.2621051Z Post job cleanup.
build	Post set up JDK 17	2026-09-30T15:44:06.3743793Z (node:2824) [DEP0040] DeprecationWarning: The `punycode` module is deprecated. Please use a userland alternative instead.
build	Post set up JDK 17	2026-09-30T15:44:06.3744722Z (Use `node --trace-deprecation ...` to show where the warning was created)
build	Post Run actions/checkout@v4	﻿2026-09-30T15:44:06.3926956Z Post job cleanup.
build	Post Run actions/checkout@v4	2026-09-30T15:44:06.4732991Z [command]/usr/bin/git version
build	Post Run actions/checkout@v4	2026-09-30T15:44:06.4776232Z git version 2.55.0
build	Post Run actions/checkout@v4	2026-09-30T15:44:06.4815499Z Temporarily overriding HOME='/home/runner/work/_temp/e76d38d7-4a3e-4fb6-9791-0f8adc70ff0b' before making global git config changes
build	Post Run actions/checkout@v4	2026-09-30T15:44:06.4816622Z Adding repository directory to the temporary git global config as a safe directory
build	Post Run actions/checkout@v4	2026-09-30T15:44:06.4820788Z [command]/usr/bin/git config --global --add safe.directory /home/runner/work/daddyboard/daddyboard
build	Post Run actions/checkout@v4	2026-09-30T15:44:06.4858801Z [command]/usr/bin/git config --local --name-only --get-regexp core\.sshCommand
build	Post Run actions/checkout@v4	2026-09-30T15:44:06.4894383Z [command]/usr/bin/git submodule foreach --recursive sh -c "git config --local --name-only --get-regexp 'core\.sshCommand' && git config --local --unset-all 'core.sshCommand' || :"
build	Post Run actions/checkout@v4	2026-09-30T15:44:06.5144082Z [command]/usr/bin/git config --local --name-only --get-regexp http\.https\:\/\/github\.com\/\.extraheader
build	Post Run actions/checkout@v4	2026-09-30T15:44:06.5172799Z http.https://github.com/.extraheader
build	Post Run actions/checkout@v4	2026-09-30T15:44:06.5198150Z [command]/usr/bin/git config --local --unset-all http.https://github.com/.extraheader
build	Post Run actions/checkout@v4	2026-09-30T15:44:06.5238564Z [command]/usr/bin/git submodule foreach --recursive sh -c "git config --local --name-only --get-regexp 'http\.https\:\/\/github\.com\/\.extraheader' && git config --local --unset-all 'http.https://github.com/.extraheader' || :"
build	Post Run actions/checkout@v4	2026-09-30T15:44:06.5511153Z [command]/usr/bin/git config --local --name-only --get-regexp ^includeIf\.gitdir:
build	Post Run actions/checkout@v4	2026-09-30T15:44:06.5551815Z [command]/usr/bin/git submodule foreach --recursive git config --local --show-origin --name-only --get-regexp remote.origin.url
build	Complete job	﻿2026-09-30T15:44:06.5938718Z Cleaning up orphan processes
build	Complete job	2026-09-30T15:44:06.6216314Z Terminate orphan process: pid (2116) (java)
build	Complete job	2026-09-30T15:44:06.6245646Z Terminate orphan process: pid (2518) (java)
build	Complete job	2026-09-30T15:44:06.6253071Z ##[warning]Node.js 20 is deprecated. The following actions target Node.js 20 but are being forced to run on Node.js 24: actions/checkout@v4, actions/setup-java@v4. For more information see: https://github.blog/changelog/2025-09-19-deprecation-of-node-20-on-github-actions-runners/
