build	Set up job	﻿2026-09-30T15:46:56.0760509Z Current runner version: '2.337.0'
build	Set up job	2026-09-30T15:46:56.0788580Z ##[group]Runner Image Provisioner
build	Set up job	2026-09-30T15:46:56.0789420Z Hosted Compute Agent
build	Set up job	2026-09-30T15:46:56.0789981Z Version: 20260901.588
build	Set up job	2026-09-30T15:46:56.0790565Z Commit: f88ec8081b781fac6c440065ac7ff9e710ce3d0b
build	Set up job	2026-09-30T15:46:56.0791226Z Build Date: 2026-09-01T19:56:44Z
build	Set up job	2026-09-30T15:46:56.0791922Z Worker ID: {5f70bcf5-0453-4228-b145-5d207022d865}
build	Set up job	2026-09-30T15:46:56.0792560Z Azure Region: westus3
build	Set up job	2026-09-30T15:46:56.0793081Z ##[endgroup]
build	Set up job	2026-09-30T15:46:56.0794862Z ##[group]Operating System
build	Set up job	2026-09-30T15:46:56.0795456Z Ubuntu
build	Set up job	2026-09-30T15:46:56.0795994Z 24.04.5
build	Set up job	2026-09-30T15:46:56.0796457Z LTS
build	Set up job	2026-09-30T15:46:56.0796899Z ##[endgroup]
build	Set up job	2026-09-30T15:46:56.0797437Z ##[group]Runner Image
build	Set up job	2026-09-30T15:46:56.0797975Z Image: ubuntu-24.04
build	Set up job	2026-09-30T15:46:56.0798550Z Version: 20260927.320.1
build	Set up job	2026-09-30T15:46:56.0799543Z Included Software: https://github.com/actions/runner-images/blob/ubuntu24/20260927.320/images/ubuntu/Ubuntu2404-Readme.md
build	Set up job	2026-09-30T15:46:56.0801142Z Image Release: https://github.com/actions/runner-images/releases/tag/ubuntu24%2F20260927.320
build	Set up job	2026-09-30T15:46:56.0802054Z ##[endgroup]
build	Set up job	2026-09-30T15:46:56.0803134Z ##[group]GITHUB_TOKEN Permissions
build	Set up job	2026-09-30T15:46:56.0805449Z Contents: read
build	Set up job	2026-09-30T15:46:56.0806321Z Metadata: read
build	Set up job	2026-09-30T15:46:56.0806839Z Packages: read
build	Set up job	2026-09-30T15:46:56.0807339Z ##[endgroup]
build	Set up job	2026-09-30T15:46:56.0809484Z Secret source: Actions
build	Set up job	2026-09-30T15:46:56.0810327Z Cache mode: write
build	Set up job	2026-09-30T15:46:56.0811013Z Prepare workflow directory
build	Set up job	2026-09-30T15:46:56.1181250Z Prepare all required actions
build	Set up job	2026-09-30T15:46:56.1231003Z Getting action download info
build	Set up job	2026-09-30T15:46:56.4749524Z Download action repository 'actions/checkout@v4' (SHA:11d5960a326750d5838078e36cf38b85af677262)
build	Set up job	2026-09-30T15:46:56.5730102Z Download action repository 'actions/setup-java@v4' (SHA:cf277c60eb25467037889841efdb72551f06f6c3)
build	Set up job	2026-09-30T15:46:57.7033315Z Download action repository 'actions/upload-artifact@v4' (SHA:ea165f8d65b6e75b540449e92b4886f43607fa02)
build	Set up job	2026-09-30T15:46:57.8976237Z Complete job name: build
build	Run actions/checkout@v4	﻿2026-09-30T15:46:57.9852513Z ##[group]Run actions/checkout@v4
build	Run actions/checkout@v4	2026-09-30T15:46:57.9853447Z with:
build	Run actions/checkout@v4	2026-09-30T15:46:57.9853954Z   repository: webdevUK/daddyboard
build	Run actions/checkout@v4	2026-09-30T15:46:57.9858084Z   token: ***
build	Run actions/checkout@v4	2026-09-30T15:46:57.9858558Z   ssh-strict: true
build	Run actions/checkout@v4	2026-09-30T15:46:57.9859040Z   ssh-user: git
build	Run actions/checkout@v4	2026-09-30T15:46:57.9859542Z   persist-credentials: true
build	Run actions/checkout@v4	2026-09-30T15:46:57.9860082Z   clean: true
build	Run actions/checkout@v4	2026-09-30T15:46:57.9860570Z   sparse-checkout-cone-mode: true
build	Run actions/checkout@v4	2026-09-30T15:46:57.9861141Z   fetch-depth: 1
build	Run actions/checkout@v4	2026-09-30T15:46:57.9861614Z   fetch-tags: false
build	Run actions/checkout@v4	2026-09-30T15:46:57.9862104Z   show-progress: true
build	Run actions/checkout@v4	2026-09-30T15:46:57.9862600Z   lfs: false
build	Run actions/checkout@v4	2026-09-30T15:46:57.9863074Z   submodules: false
build	Run actions/checkout@v4	2026-09-30T15:46:57.9863561Z   set-safe-directory: true
build	Run actions/checkout@v4	2026-09-30T15:46:57.9864124Z   allow-unsafe-pr-checkout: false
build	Run actions/checkout@v4	2026-09-30T15:46:57.9865319Z ##[endgroup]
build	Run actions/checkout@v4	2026-09-30T15:46:58.0939474Z Syncing repository: webdevUK/daddyboard
build	Run actions/checkout@v4	2026-09-30T15:46:58.0943196Z ##[group]Getting Git version info
build	Run actions/checkout@v4	2026-09-30T15:46:58.0945069Z Working directory is '/home/runner/work/daddyboard/daddyboard'
build	Run actions/checkout@v4	2026-09-30T15:46:58.0947606Z [command]/usr/bin/git version
build	Run actions/checkout@v4	2026-09-30T15:46:58.0983233Z git version 2.55.0
build	Run actions/checkout@v4	2026-09-30T15:46:58.1004546Z ##[endgroup]
build	Run actions/checkout@v4	2026-09-30T15:46:58.1019861Z Temporarily overriding HOME='/home/runner/work/_temp/5056a17d-a18e-49b2-8974-03397c04bc92' before making global git config changes
build	Run actions/checkout@v4	2026-09-30T15:46:58.1022752Z Adding repository directory to the temporary git global config as a safe directory
build	Run actions/checkout@v4	2026-09-30T15:46:58.1025221Z [command]/usr/bin/git config --global --add safe.directory /home/runner/work/daddyboard/daddyboard
build	Run actions/checkout@v4	2026-09-30T15:46:58.1075281Z Deleting the contents of '/home/runner/work/daddyboard/daddyboard'
build	Run actions/checkout@v4	2026-09-30T15:46:58.1084453Z ##[group]Initializing the repository
build	Run actions/checkout@v4	2026-09-30T15:46:58.1105781Z [command]/usr/bin/git init /home/runner/work/daddyboard/daddyboard
build	Run actions/checkout@v4	2026-09-30T15:46:58.1191216Z hint: Using 'master' as the name for the initial branch. This default branch name
build	Run actions/checkout@v4	2026-09-30T15:46:58.1193779Z hint: will change to "main" in Git 3.0. To configure the initial branch name
build	Run actions/checkout@v4	2026-09-30T15:46:58.1196035Z hint: to use in all of your new repositories, which will suppress this warning,
build	Run actions/checkout@v4	2026-09-30T15:46:58.1197961Z hint: call:
build	Run actions/checkout@v4	2026-09-30T15:46:58.1198915Z hint:
build	Run actions/checkout@v4	2026-09-30T15:46:58.1200121Z hint: 	git config --global init.defaultBranch <name>
build	Run actions/checkout@v4	2026-09-30T15:46:58.1201501Z hint:
build	Run actions/checkout@v4	2026-09-30T15:46:58.1202922Z hint: Names commonly chosen instead of 'master' are 'main', 'trunk' and
build	Run actions/checkout@v4	2026-09-30T15:46:58.1205189Z hint: 'development'. The just-created branch can be renamed via this command:
build	Run actions/checkout@v4	2026-09-30T15:46:58.1207217Z hint:
build	Run actions/checkout@v4	2026-09-30T15:46:58.1208664Z hint: 	git branch -m <name>
build	Run actions/checkout@v4	2026-09-30T15:46:58.1209953Z hint:
build	Run actions/checkout@v4	2026-09-30T15:46:58.1211484Z hint: Disable this message with "git config set advice.defaultBranchName false"
build	Run actions/checkout@v4	2026-09-30T15:46:58.1213842Z Initialized empty Git repository in /home/runner/work/daddyboard/daddyboard/.git/
build	Run actions/checkout@v4	2026-09-30T15:46:58.1218352Z [command]/usr/bin/git remote add origin https://github.com/webdevUK/daddyboard
build	Run actions/checkout@v4	2026-09-30T15:46:58.1269461Z ##[endgroup]
build	Run actions/checkout@v4	2026-09-30T15:46:58.1271390Z ##[group]Disabling automatic garbage collection
build	Run actions/checkout@v4	2026-09-30T15:46:58.1273646Z [command]/usr/bin/git config --local gc.auto 0
build	Run actions/checkout@v4	2026-09-30T15:46:58.1314969Z ##[endgroup]
build	Run actions/checkout@v4	2026-09-30T15:46:58.1316755Z ##[group]Setting up auth
build	Run actions/checkout@v4	2026-09-30T15:46:58.1325369Z [command]/usr/bin/git config --local --name-only --get-regexp core\.sshCommand
build	Run actions/checkout@v4	2026-09-30T15:46:58.1375826Z [command]/usr/bin/git submodule foreach --recursive sh -c "git config --local --name-only --get-regexp 'core\.sshCommand' && git config --local --unset-all 'core.sshCommand' || :"
build	Run actions/checkout@v4	2026-09-30T15:46:58.1789355Z [command]/usr/bin/git config --local --name-only --get-regexp http\.https\:\/\/github\.com\/\.extraheader
build	Run actions/checkout@v4	2026-09-30T15:46:58.1831764Z [command]/usr/bin/git submodule foreach --recursive sh -c "git config --local --name-only --get-regexp 'http\.https\:\/\/github\.com\/\.extraheader' && git config --local --unset-all 'http.https://github.com/.extraheader' || :"
build	Run actions/checkout@v4	2026-09-30T15:46:58.2063496Z [command]/usr/bin/git config --local --name-only --get-regexp ^includeIf\.gitdir:
build	Run actions/checkout@v4	2026-09-30T15:46:58.2085598Z [command]/usr/bin/git submodule foreach --recursive git config --local --show-origin --name-only --get-regexp remote.origin.url
build	Run actions/checkout@v4	2026-09-30T15:46:58.2266493Z [command]/usr/bin/git config --local http.https://github.com/.extraheader AUTHORIZATION: basic ***
build	Run actions/checkout@v4	2026-09-30T15:46:58.2298907Z ##[endgroup]
build	Run actions/checkout@v4	2026-09-30T15:46:58.2300612Z ##[group]Fetching the repository
build	Run actions/checkout@v4	2026-09-30T15:46:58.2309230Z [command]/usr/bin/git -c protocol.version=2 fetch --no-tags --prune --no-recurse-submodules --depth=1 origin +42221c2e12c319907ec02e3131068838d69b62ac:refs/remotes/origin/master
build	Run actions/checkout@v4	2026-09-30T15:47:00.0701471Z From https://github.com/webdevUK/daddyboard
build	Run actions/checkout@v4	2026-09-30T15:47:00.0704629Z  * [new ref]         42221c2e12c319907ec02e3131068838d69b62ac -> origin/master
build	Run actions/checkout@v4	2026-09-30T15:47:00.0710571Z ##[endgroup]
build	Run actions/checkout@v4	2026-09-30T15:47:00.0713682Z ##[group]Determining the checkout info
build	Run actions/checkout@v4	2026-09-30T15:47:00.0716979Z ##[endgroup]
build	Run actions/checkout@v4	2026-09-30T15:47:00.0719012Z [command]/usr/bin/git sparse-checkout disable
build	Run actions/checkout@v4	2026-09-30T15:47:00.0759757Z [command]/usr/bin/git config --local --unset-all extensions.worktreeConfig
build	Run actions/checkout@v4	2026-09-30T15:47:00.0787973Z ##[group]Checking out the ref
build	Run actions/checkout@v4	2026-09-30T15:47:00.0792166Z [command]/usr/bin/git checkout --progress --force -B master refs/remotes/origin/master
build	Run actions/checkout@v4	2026-09-30T15:47:00.3623036Z Reset branch 'master'
build	Run actions/checkout@v4	2026-09-30T15:47:00.3627401Z branch 'master' set up to track 'origin/master'.
build	Run actions/checkout@v4	2026-09-30T15:47:00.3638567Z ##[endgroup]
build	Run actions/checkout@v4	2026-09-30T15:47:00.3684736Z [command]/usr/bin/git log -1 --format=%H
build	Run actions/checkout@v4	2026-09-30T15:47:00.3709287Z 42221c2e12c319907ec02e3131068838d69b62ac
build	set up JDK 17	﻿2026-09-30T15:47:00.3986236Z ##[group]Run actions/setup-java@v4
build	set up JDK 17	2026-09-30T15:47:00.3986580Z with:
build	set up JDK 17	2026-09-30T15:47:00.3986783Z   java-version: 17
build	set up JDK 17	2026-09-30T15:47:00.3986996Z   distribution: temurin
build	set up JDK 17	2026-09-30T15:47:00.3987218Z   cache: gradle
build	set up JDK 17	2026-09-30T15:47:00.3987434Z   java-package: jdk
build	set up JDK 17	2026-09-30T15:47:00.3987794Z   check-latest: false
build	set up JDK 17	2026-09-30T15:47:00.3988022Z   server-id: github
build	set up JDK 17	2026-09-30T15:47:00.3988245Z   server-username: GITHUB_ACTOR
build	set up JDK 17	2026-09-30T15:47:00.3988500Z   server-password: GITHUB_TOKEN
build	set up JDK 17	2026-09-30T15:47:00.3988745Z   overwrite-settings: true
build	set up JDK 17	2026-09-30T15:47:00.3988987Z   job-status: success
build	set up JDK 17	2026-09-30T15:47:00.3991255Z   token: ***
build	set up JDK 17	2026-09-30T15:47:00.3991470Z ##[endgroup]
build	set up JDK 17	2026-09-30T15:47:00.5690063Z ##[warning]setup-java v4 is deprecated and will no longer receive updates. Please migrate to actions/setup-java@v5.
build	set up JDK 17	2026-09-30T15:47:00.5697578Z ##[group]Installed distributions
build	set up JDK 17	2026-09-30T15:47:00.5730934Z Resolved Java 17.0.20+1 from tool-cache
build	set up JDK 17	2026-09-30T15:47:00.5731536Z Setting Java 17.0.20+1 as the default
build	set up JDK 17	2026-09-30T15:47:00.5741200Z (node:2229) [DEP0040] DeprecationWarning: The `punycode` module is deprecated. Please use a userland alternative instead.
build	set up JDK 17	2026-09-30T15:47:00.5742398Z (Use `node --trace-deprecation ...` to show where the warning was created)
build	set up JDK 17	2026-09-30T15:47:00.5745542Z Creating toolchains.xml for JDK version 17 from temurin
build	set up JDK 17	2026-09-30T15:47:00.5815569Z Writing to /home/runner/.m2/toolchains.xml
build	set up JDK 17	2026-09-30T15:47:00.5816092Z 
build	set up JDK 17	2026-09-30T15:47:00.5816275Z Java configuration:
build	set up JDK 17	2026-09-30T15:47:00.5816648Z   Distribution: temurin
build	set up JDK 17	2026-09-30T15:47:00.5817020Z   Version: 17.0.20+1
build	set up JDK 17	2026-09-30T15:47:00.5817555Z   Path: /opt/hostedtoolcache/Java_Temurin-Hotspot_jdk/17.0.20-1/x64
build	set up JDK 17	2026-09-30T15:47:00.5818044Z 
build	set up JDK 17	2026-09-30T15:47:00.5818675Z ##[endgroup]
build	set up JDK 17	2026-09-30T15:47:00.5841969Z Creating settings.xml with server-id: github
build	set up JDK 17	2026-09-30T15:47:00.5842647Z Writing to /home/runner/.m2/settings.xml
build	set up JDK 17	2026-09-30T15:47:01.1070607Z gradle cache is not found
build	Build DaddyBoard (HeliBoard fork)	﻿2026-09-30T15:47:01.1208709Z ##[group]Run chmod +x gradlew
build	Build DaddyBoard (HeliBoard fork)	2026-09-30T15:47:01.1209111Z ^[[36;1mchmod +x gradlew^[[0m
build	Build DaddyBoard (HeliBoard fork)	2026-09-30T15:47:01.1209443Z ^[[36;1m./gradlew assembleDebug --build-cache^[[0m
build	Build DaddyBoard (HeliBoard fork)	2026-09-30T15:47:01.1409940Z shell: /usr/bin/bash -e {0}
build	Build DaddyBoard (HeliBoard fork)	2026-09-30T15:47:01.1410288Z env:
build	Build DaddyBoard (HeliBoard fork)	2026-09-30T15:47:01.1410617Z   JAVA_HOME: /opt/hostedtoolcache/Java_Temurin-Hotspot_jdk/17.0.20-1/x64
build	Build DaddyBoard (HeliBoard fork)	2026-09-30T15:47:01.1411117Z   JAVA_HOME_17_X64: /opt/hostedtoolcache/Java_Temurin-Hotspot_jdk/17.0.20-1/x64
build	Build DaddyBoard (HeliBoard fork)	2026-09-30T15:47:01.1411484Z ##[endgroup]
build	Build DaddyBoard (HeliBoard fork)	2026-09-30T15:47:01.3352148Z Fetching distribution.
build	Build DaddyBoard (HeliBoard fork)	2026-09-30T15:47:01.3353160Z Downloading https://services.gradle.org/distributions/gradle-9.7.1-bin.zip
build	Build DaddyBoard (HeliBoard fork)	2026-09-30T15:47:02.8471996Z ..............10%..............20%...............30%..............40%...............50%..............60%...............70%..............80%..............90%...............100%
build	Build DaddyBoard (HeliBoard fork)	2026-09-30T15:47:04.2700511Z 
build	Build DaddyBoard (HeliBoard fork)	2026-09-30T15:47:04.2705293Z Welcome to Gradle 9.7.1!
build	Build DaddyBoard (HeliBoard fork)	2026-09-30T15:47:04.2705686Z 
build	Build DaddyBoard (HeliBoard fork)	2026-09-30T15:47:04.2706102Z Here are the highlights of this release:
build	Build DaddyBoard (HeliBoard fork)	2026-09-30T15:47:04.2713310Z  - Isolated Projects graduates to incubating
build	Build DaddyBoard (HeliBoard fork)	2026-09-30T15:47:04.2714082Z  - Broader Configuration Cache compatibility
build	Build DaddyBoard (HeliBoard fork)	2026-09-30T15:47:04.2714906Z  - Resilient Sync helps you fix broken builds
build	Build DaddyBoard (HeliBoard fork)	2026-09-30T15:47:04.2715588Z  - More source locations in problem reports
build	Build DaddyBoard (HeliBoard fork)	2026-09-30T15:47:04.2716094Z 
build	Build DaddyBoard (HeliBoard fork)	2026-09-30T15:47:04.2716885Z For more details see https://docs.gradle.org/9.7.1/release-notes.html
build	Build DaddyBoard (HeliBoard fork)	2026-09-30T15:47:04.2717518Z 
build	Build DaddyBoard (HeliBoard fork)	2026-09-30T15:47:04.3709609Z Starting a Gradle Daemon (subsequent builds will be faster)
build	Build DaddyBoard (HeliBoard fork)	2026-09-30T15:47:06.5708714Z Calculating task graph as no cached configuration is available for tasks: assembleDebug
build	Build DaddyBoard (HeliBoard fork)	2026-09-30T15:47:49.0700619Z 
build	Build DaddyBoard (HeliBoard fork)	2026-09-30T15:47:49.0795148Z > Configure project :app
build	Build DaddyBoard (HeliBoard fork)	2026-09-30T15:47:49.0796353Z WARNING: BuildType 'debug' is both debuggable and has 'isMinifyEnabled' set to true.
build	Build DaddyBoard (HeliBoard fork)	2026-09-30T15:47:49.0815507Z All code optimizations and obfuscation are disabled for debuggable builds.
build	Build DaddyBoard (HeliBoard fork)	2026-09-30T15:47:51.5698806Z Checking the license for package NDK (Side by side) 28.0.13004108 in /usr/local/lib/android/sdk/licenses
build	Build DaddyBoard (HeliBoard fork)	2026-09-30T15:47:51.5700242Z License for package NDK (Side by side) 28.0.13004108 accepted.
build	Build DaddyBoard (HeliBoard fork)	2026-09-30T15:47:51.5701376Z Preparing "Install NDK (Side by side) 28.0.13004108 v.28.0.13004108".
build	Build DaddyBoard (HeliBoard fork)	2026-09-30T15:48:09.0695431Z "Install NDK (Side by side) 28.0.13004108 v.28.0.13004108" ready.
build	Build DaddyBoard (HeliBoard fork)	2026-09-30T15:48:09.0696645Z Installing NDK (Side by side) 28.0.13004108 in /usr/local/lib/android/sdk/ndk/28.0.13004108
build	Build DaddyBoard (HeliBoard fork)	2026-09-30T15:48:09.0697290Z "Install NDK (Side by side) 28.0.13004108 v.28.0.13004108" complete.
build	Build DaddyBoard (HeliBoard fork)	2026-09-30T15:48:09.2705551Z "Install NDK (Side by side) 28.0.13004108 v.28.0.13004108" finished.
build	Build DaddyBoard (HeliBoard fork)	2026-09-30T15:48:50.5704854Z 
build	Build DaddyBoard (HeliBoard fork)	2026-09-30T15:48:50.5705584Z > Task :app:preBuild UP-TO-DATE
build	Build DaddyBoard (HeliBoard fork)	2026-09-30T15:48:50.5706142Z > Task :app:generateDebugAssets UP-TO-DATE
build	Build DaddyBoard (HeliBoard fork)	2026-09-30T15:48:50.5706546Z > Task :app:preDebugBuild UP-TO-DATE
build	Build DaddyBoard (HeliBoard fork)	2026-09-30T15:48:50.5706897Z > Task :app:preDebugNoMinifyBuild UP-TO-DATE
build	Build DaddyBoard (HeliBoard fork)	2026-09-30T15:48:50.6705671Z > Task :app:mergeDebugNativeDebugMetadata NO-SOURCE
build	Build DaddyBoard (HeliBoard fork)	2026-09-30T15:48:50.7706466Z > Task :app:generateDebugBuildConfig
build	Build DaddyBoard (HeliBoard fork)	2026-09-30T15:48:50.7735308Z > Task :app:generateDebugResources
build	Build DaddyBoard (HeliBoard fork)	2026-09-30T15:48:50.8695282Z > Task :app:javaPreCompileDebug
build	Build DaddyBoard (HeliBoard fork)	2026-09-30T15:48:53.6715198Z > Task :app:packageDebugResources
build	Build DaddyBoard (HeliBoard fork)	2026-09-30T15:48:54.4697357Z > Task :app:processDebugNavigationResources
build	Build DaddyBoard (HeliBoard fork)	2026-09-30T15:48:54.5725640Z > Task :app:dataBindingMergeDependencyArtifactsDebug
build	Build DaddyBoard (HeliBoard fork)	2026-09-30T15:48:54.9715531Z > Task :app:mergeDebugAssets
build	Build DaddyBoard (HeliBoard fork)	2026-09-30T15:48:57.0705616Z > Task :app:parseDebugLocalResources
build	Build DaddyBoard (HeliBoard fork)	2026-09-30T15:48:57.2698241Z > Task :app:generateDebugRFile
build	Build DaddyBoard (HeliBoard fork)	2026-09-30T15:48:57.2705432Z > Task :app:extractProguardFiles
build	Build DaddyBoard (HeliBoard fork)	2026-09-30T15:48:57.5735688Z > Task :app:compressDebugAssets
build	Build DaddyBoard (HeliBoard fork)	2026-09-30T15:48:57.5795225Z > Task :app:mapDebugSourceSetPaths
build	Build DaddyBoard (HeliBoard fork)	2026-09-30T15:48:57.6735478Z > Task :app:checkDebugAarMetadata
build	Build DaddyBoard (HeliBoard fork)	2026-09-30T15:48:57.7712201Z > Task :app:createDebugCompatibleScreenManifests
build	Build DaddyBoard (HeliBoard fork)	2026-09-30T15:48:57.7735462Z > Task :app:extractDeepLinksDebug
build	Build DaddyBoard (HeliBoard fork)	2026-09-30T15:48:58.6724464Z > Task :app:processDebugMainManifest
build	Build DaddyBoard (HeliBoard fork)	2026-09-30T15:48:58.6815266Z > Task :app:compileDebugNavigationResources
build	Build DaddyBoard (HeliBoard fork)	2026-09-30T15:48:58.9694990Z > Task :app:processDebugManifest
build	Build DaddyBoard (HeliBoard fork)	2026-09-30T15:48:59.4705372Z > Task :app:processDebugManifestForPackage
build	Build DaddyBoard (HeliBoard fork)	2026-09-30T15:48:59.4735068Z > Task :app:mergeDebugJniLibFolders
build	Build DaddyBoard (HeliBoard fork)	2026-09-30T15:48:59.5710234Z > Task :app:checkDebugDuplicateClasses
build	Build DaddyBoard (HeliBoard fork)	2026-09-30T15:48:59.5742276Z > Task :app:writeDebugAppMetadata
build	Build DaddyBoard (HeliBoard fork)	2026-09-30T15:48:59.5768983Z > Task :app:configureNdkBuildDebug[arm64-v8a]
build	Build DaddyBoard (HeliBoard fork)	2026-09-30T15:48:59.5795506Z > Task :app:writeDebugSigningConfigVersions
build	Build DaddyBoard (HeliBoard fork)	2026-09-30T15:49:00.9695714Z > Task :app:validateSigningDebug
build	Build DaddyBoard (HeliBoard fork)	2026-09-30T15:49:00.9750093Z > Task :app:mergeDebugResources
build	Build DaddyBoard (HeliBoard fork)	2026-09-30T15:49:01.5695043Z 
build	Build DaddyBoard (HeliBoard fork)	2026-09-30T15:49:01.5785306Z > Task :app:buildNdkBuildDebug[arm64-v8a]
build	Build DaddyBoard (HeliBoard fork)	2026-09-30T15:49:01.5806000Z C/C++: In file included from /home/runner/work/daddyboard/daddyboard/daddyboard-main/app/src/main/jni/com_android_inputmethod_keyboard_ProximityInfo.cpp:24:
build	Build DaddyBoard (HeliBoard fork)	2026-09-30T15:49:01.5835686Z C/C++: In file included from /home/runner/work/daddyboard/daddyboard/daddyboard-main/app/src/main/jni/src/suggest/core/layout/proximity_info.h:25:
build	Build DaddyBoard (HeliBoard fork)	2026-09-30T15:49:01.5837744Z C/C++: /home/runner/work/daddyboard/daddyboard/daddyboard-main/app/src/main/jni/src/suggest/core/layout/proximity_info_utils.h:75:25: warning: variable 'proximityChar' set but not used [-Wunused-but-set-variable]
build	Build DaddyBoard (HeliBoard fork)	2026-09-30T15:49:01.5839159Z C/C++:    75 |                     int proximityChar =
build	Build DaddyBoard (HeliBoard fork)	2026-09-30T15:49:01.5839626Z C/C++:       |                         ^
build	Build DaddyBoard (HeliBoard fork)	2026-09-30T15:49:01.5840025Z C/C++: 1 warning generated.
build	Build DaddyBoard (HeliBoard fork)	2026-09-30T15:49:01.5841021Z C/C++: In file included from /home/runner/work/daddyboard/daddyboard/daddyboard-main/app/src/main/jni/com_android_inputmethod_latin_BinaryDictionary.cpp:25:
build	Build DaddyBoard (HeliBoard fork)	2026-09-30T15:49:01.5842666Z C/C++: In file included from /home/runner/work/daddyboard/daddyboard/daddyboard-main/app/src/main/jni/src/dictionary/property/unigram_property.h:23:
build	Build DaddyBoard (HeliBoard fork)	2026-09-30T15:49:01.5845311Z C/C++: /home/runner/work/daddyboard/daddyboard/daddyboard-main/app/src/main/jni/src/dictionary/property/historical_info.h:52:5: warning: definition of implicit copy constructor for 'HistoricalInfo' is deprecated because it has a user-declared copy assignment operator [-Wdeprecated-copy]
build	Build DaddyBoard (HeliBoard fork)	2026-09-30T15:49:01.5847755Z C/C++:    52 |     DISALLOW_ASSIGNMENT_OPERATOR(HistoricalInfo);
build	Build DaddyBoard (HeliBoard fork)	2026-09-30T15:49:01.5848259Z C/C++:       |     ^
build	Build DaddyBoard (HeliBoard fork)	2026-09-30T15:49:01.5849213Z C/C++: /home/runner/work/daddyboard/daddyboard/daddyboard-main/app/src/main/jni/src/defines.h:289:8: note: expanded from macro 'DISALLOW_ASSIGNMENT_OPERATOR'
build	Build DaddyBoard (HeliBoard fork)	2026-09-30T15:49:01.5850394Z C/C++:   289 |   void operator=(const TypeName&) = delete
build	Build DaddyBoard (HeliBoard fork)	2026-09-30T15:49:01.5850895Z C/C++:       |        ^
build	Build DaddyBoard (HeliBoard fork)	2026-09-30T15:49:01.5852445Z C/C++: /home/runner/work/daddyboard/daddyboard/daddyboard-main/app/src/main/jni/src/dictionary/property/unigram_property.h:63:15: note: in implicit copy constructor for 'latinime::HistoricalInfo' first required here
build	Build DaddyBoard (HeliBoard fork)	2026-09-30T15:49:01.5854113Z C/C++:    63 |               mHistoricalInfo(historicalInfo), mShortcuts(std::move(shortcuts)) {}
build	Build DaddyBoard (HeliBoard fork)	2026-09-30T15:49:01.5854985Z C/C++:       |               ^
build	Build DaddyBoard (HeliBoard fork)	2026-09-30T15:49:01.5856874Z C/C++: /home/runner/work/daddyboard/daddyboard/daddyboard-main/app/src/main/jni/src/dictionary/property/unigram_property.h:126:5: warning: definition of implicit copy constructor for 'UnigramProperty' is deprecated because it has a user-declared copy assignment operator [-Wdeprecated-copy]
build	Build DaddyBoard (HeliBoard fork)	2026-09-30T15:49:01.5858992Z C/C++:   126 |     DISALLOW_ASSIGNMENT_OPERATOR(UnigramProperty);
build	Build DaddyBoard (HeliBoard fork)	2026-09-30T15:49:01.5859670Z C/C++:       |     ^
build	Build DaddyBoard (HeliBoard fork)	2026-09-30T15:49:01.5860748Z C/C++: /home/runner/work/daddyboard/daddyboard/daddyboard-main/app/src/main/jni/src/defines.h:289:8: note: expanded from macro 'DISALLOW_ASSIGNMENT_OPERATOR'
build	Build DaddyBoard (HeliBoard fork)	2026-09-30T15:49:01.5925496Z C/C++:   289 |   void operator=(const TypeName&) = delete
build	Build DaddyBoard (HeliBoard fork)	2026-09-30T15:49:01.5926865Z C/C++:       |        ^
build	Build DaddyBoard (HeliBoard fork)	2026-09-30T15:49:01.5956318Z C/C++: /home/runner/work/daddyboard/daddyboard/daddyboard-main/app/src/main/jni/src/dictionary/property/word_property.h:38:51: note: in implicit copy constructor for 'latinime::UnigramProperty' first required here
build	Build DaddyBoard (HeliBoard fork)	2026-09-30T15:49:01.5985509Z C/C++:    38 |             : mCodePoints(std::move(codePoints)), mUnigramProperty(unigramProperty),
build	Build DaddyBoard (HeliBoard fork)	2026-09-30T15:49:01.5994987Z C/C++:       |                                                   ^
build	Build DaddyBoard (HeliBoard fork)	2026-09-30T15:49:01.6726130Z C/C++: In file included from /home/runner/work/daddyboard/daddyboard/daddyboard-main/app/src/main/jni/com_android_inputmethod_latin_BinaryDictionary.cpp:36:
build	Build DaddyBoard (HeliBoard fork)	2026-09-30T15:49:01.6756201Z C/C++: /home/runner/work/daddyboard/daddyboard/daddyboard-main/app/src/main/jni/src/utils/jni_data_utils.h:52:27: warning: variable length arrays in C++ are a Clang extension [-Wvla-cxx-extension]
build	Build DaddyBoard (HeliBoard fork)	2026-09-30T15:49:01.6785296Z C/C++:    52 |             char keyChars[keyUtf8Length + 1];
build	Build DaddyBoard (HeliBoard fork)	2026-09-30T15:49:01.6815146Z C/C++:       |                           ^~~~~~~~~~~~~~~~~
build	Build DaddyBoard (HeliBoard fork)	2026-09-30T15:49:01.6826195Z C/C++: /home/runner/work/daddyboard/daddyboard/daddyboard-main/app/src/main/jni/src/utils/jni_data_utils.h:52:27: note: initializer of 'keyUtf8Length' is not a constant expression
build	Build DaddyBoard (HeliBoard fork)	2026-09-30T15:49:01.6845421Z C/C++: /home/runner/work/daddyboard/daddyboard/daddyboard-main/app/src/main/jni/src/utils/jni_data_utils.h:51:25: note: declared here
build	Build DaddyBoard (HeliBoard fork)	2026-09-30T15:49:01.6875181Z C/C++:    51 |             const jsize keyUtf8Length = env->GetStringUTFLength(keyString);
build	Build DaddyBoard (HeliBoard fork)	2026-09-30T15:49:01.6904934Z C/C++:       |                         ^
build	Build DaddyBoard (HeliBoard fork)	2026-09-30T15:49:01.6935971Z C/C++: /home/runner/work/daddyboard/daddyboard/daddyboard-main/app/src/main/jni/src/utils/jni_data_utils.h:62:29: warning: variable length arrays in C++ are a Clang extension [-Wvla-cxx-extension]
build	Build DaddyBoard (HeliBoard fork)	2026-09-30T15:49:01.6945165Z C/C++:    62 |             char valueChars[valueUtf8Length + 1];
build	Build DaddyBoard (HeliBoard fork)	2026-09-30T15:49:01.6964943Z C/C++:       |                             ^~~~~~~~~~~~~~~~~~~
build	Build DaddyBoard (HeliBoard fork)	2026-09-30T15:49:01.6995819Z C/C++: /home/runner/work/daddyboard/daddyboard/daddyboard-main/app/src/main/jni/src/utils/jni_data_utils.h:62:29: note: initializer of 'valueUtf8Length' is not a constant expression
build	Build DaddyBoard (HeliBoard fork)	2026-09-30T15:49:01.7005616Z C/C++: /home/runner/work/daddyboard/daddyboard/daddyboard-main/app/src/main/jni/src/utils/jni_data_utils.h:61:25: note: declared here
build	Build DaddyBoard (HeliBoard fork)	2026-09-30T15:49:01.7035200Z C/C++:    61 |             const jsize valueUtf8Length = env->GetStringUTFLength(valueString);
build	Build DaddyBoard (HeliBoard fork)	2026-09-30T15:49:01.7065071Z C/C++:       |                         ^
build	Build DaddyBoard (HeliBoard fork)	2026-09-30T15:49:01.7067835Z C/C++: /home/runner/work/daddyboard/daddyboard/daddyboard-main/app/src/main/jni/src/utils/jni_data_utils.h:77:29: warning: variable length arrays in C++ are a Clang extension [-Wvla-cxx-extension]
build	Build DaddyBoard (HeliBoard fork)	2026-09-30T15:49:01.7096894Z C/C++:    77 |         int outputCodePonts[codePointBufSize];
build	Build DaddyBoard (HeliBoard fork)	2026-09-30T15:49:01.7122535Z C/C++:       |                             ^~~~~~~~~~~~~~~~
build	Build DaddyBoard (HeliBoard fork)	2026-09-30T15:49:01.7145830Z C/C++: /home/runner/work/daddyboard/daddyboard/daddyboard-main/app/src/main/jni/src/utils/jni_data_utils.h:77:29: note: initializer of 'codePointBufSize' is not a constant expression
build	Build DaddyBoard (HeliBoard fork)	2026-09-30T15:49:01.7175667Z C/C++: /home/runner/work/daddyboard/daddyboard/daddyboard-main/app/src/main/jni/src/utils/jni_data_utils.h:76:19: note: declared here
build	Build DaddyBoard (HeliBoard fork)	2026-09-30T15:49:01.7195261Z C/C++:    76 |         const int codePointBufSize = std::min(maxLength, codePointCount);
build	Build DaddyBoard (HeliBoard fork)	2026-09-30T15:49:01.7205096Z C/C++:       |                   ^
build	Build DaddyBoard (HeliBoard fork)	2026-09-30T15:49:01.7236179Z C/C++: /home/runner/work/daddyboard/daddyboard/daddyboard-main/app/src/main/jni/com_android_inputmethod_latin_BinaryDictionary.cpp:54:25: warning: variable length arrays in C++ are a Clang extension [-Wvla-cxx-extension]
build	Build DaddyBoard (HeliBoard fork)	2026-09-30T15:49:01.7245937Z C/C++:    54 |     char sourceDirChars[sourceDirUtf8Length + 1];
build	Build DaddyBoard (HeliBoard fork)	2026-09-30T15:49:01.7275081Z C/C++:       |                         ^~~~~~~~~~~~~~~~~~~~~~~
build	Build DaddyBoard (HeliBoard fork)	2026-09-30T15:49:01.7301958Z C/C++: /home/runner/work/daddyboard/daddyboard/daddyboard-main/app/src/main/jni/com_android_inputmethod_latin_BinaryDictionary.cpp:54:25: note: initializer of 'sourceDirUtf8Length' is not a constant expression
build	Build DaddyBoard (HeliBoard fork)	2026-09-30T15:49:01.7335863Z C/C++: /home/runner/work/daddyboard/daddyboard/daddyboard-main/app/src/main/jni/com_android_inputmethod_latin_BinaryDictionary.cpp:49:17: note: declared here
build	Build DaddyBoard (HeliBoard fork)	2026-09-30T15:49:01.7337423Z C/C++:    49 |     const jsize sourceDirUtf8Length = env->GetStringUTFLength(sourceDir);
build	Build DaddyBoard (HeliBoard fork)	2026-09-30T15:49:01.7338373Z C/C++:       |                 ^
build	Build DaddyBoard (HeliBoard fork)	2026-09-30T15:49:01.7366085Z C/C++: /home/runner/work/daddyboard/daddyboard/daddyboard-main/app/src/main/jni/com_android_inputmethod_latin_BinaryDictionary.cpp:75:22: warning: variable length arrays in C++ are a Clang extension [-Wvla-cxx-extension]
build	Build DaddyBoard (HeliBoard fork)	2026-09-30T15:49:01.7395291Z C/C++:    75 |     char localeChars[localeUtf8Length + 1];
build	Build DaddyBoard (HeliBoard fork)	2026-09-30T15:49:01.7425163Z C/C++:       |                      ^~~~~~~~~~~~~~~~~~~~
build	Build DaddyBoard (HeliBoard fork)	2026-09-30T15:49:01.7436160Z C/C++: /home/runner/work/daddyboard/daddyboard/daddyboard-main/app/src/main/jni/com_android_inputmethod_latin_BinaryDictionary.cpp:75:22: note: initializer of 'localeUtf8Length' is not a constant expression
build	Build DaddyBoard (HeliBoard fork)	2026-09-30T15:49:01.7455936Z C/C++: /home/runner/work/daddyboard/daddyboard/daddyboard-main/app/src/main/jni/com_android_inputmethod_latin_BinaryDictionary.cpp:74:17: note: declared here
build	Build DaddyBoard (HeliBoard fork)	2026-09-30T15:49:01.7485201Z C/C++:    74 |     const jsize localeUtf8Length = env->GetStringUTFLength(locale);
build	Build DaddyBoard (HeliBoard fork)	2026-09-30T15:49:01.7514977Z C/C++:       |                 ^
build	Build DaddyBoard (HeliBoard fork)	2026-09-30T15:49:01.7525916Z C/C++: /home/runner/work/daddyboard/daddyboard/daddyboard-main/app/src/main/jni/com_android_inputmethod_latin_BinaryDictionary.cpp:104:24: warning: variable length arrays in C++ are a Clang extension [-Wvla-cxx-extension]
build	Build DaddyBoard (HeliBoard fork)	2026-09-30T15:49:01.7545118Z C/C++:   104 |     char filePathChars[filePathUtf8Length + 1];
build	Build DaddyBoard (HeliBoard fork)	2026-09-30T15:49:01.7575045Z C/C++:       |                        ^~~~~~~~~~~~~~~~~~~~~~
build	Build DaddyBoard (HeliBoard fork)	2026-09-30T15:49:01.7595849Z C/C++: /home/runner/work/daddyboard/daddyboard/daddyboard-main/app/src/main/jni/com_android_inputmethod_latin_BinaryDictionary.cpp:104:24: note: initializer of 'filePathUtf8Length' is not a constant expression
build	Build DaddyBoard (HeliBoard fork)	2026-09-30T15:49:01.7625747Z C/C++: /home/runner/work/daddyboard/daddyboard/daddyboard-main/app/src/main/jni/com_android_inputmethod_latin_BinaryDictionary.cpp:103:17: note: declared here
build	Build DaddyBoard (HeliBoard fork)	2026-09-30T15:49:01.7635216Z C/C++:   103 |     const jsize filePathUtf8Length = env->GetStringUTFLength(filePath);
build	Build DaddyBoard (HeliBoard fork)	2026-09-30T15:49:01.7664924Z C/C++:       |                 ^
build	Build DaddyBoard (HeliBoard fork)	2026-09-30T15:49:01.7680916Z C/C++: /home/runner/work/daddyboard/daddyboard/daddyboard-main/app/src/main/jni/com_android_inputmethod_latin_BinaryDictionary.cpp:122:24: warning: variable length arrays in C++ are a Clang extension [-Wvla-cxx-extension]
build	Build DaddyBoard (HeliBoard fork)	2026-09-30T15:49:01.7696357Z C/C++:   122 |     char filePathChars[filePathUtf8Length + 1];
build	Build DaddyBoard (HeliBoard fork)	2026-09-30T15:49:01.7725347Z C/C++:       |                        ^~~~~~~~~~~~~~~~~~~~~~
build	Build DaddyBoard (HeliBoard fork)	2026-09-30T15:49:01.7727326Z C/C++: /home/runner/work/daddyboard/daddyboard/daddyboard-main/app/src/main/jni/com_android_inputmethod_latin_BinaryDictionary.cpp:122:24: note: initializer of 'filePathUtf8Length' is not a constant expression
build	Build DaddyBoard (HeliBoard fork)	2026-09-30T15:49:01.7753084Z C/C++: /home/runner/work/daddyboard/daddyboard/daddyboard-main/app/src/main/jni/com_android_inputmethod_latin_BinaryDictionary.cpp:121:17: note: declared here
build	Build DaddyBoard (HeliBoard fork)	2026-09-30T15:49:01.7780784Z C/C++:   121 |     const jsize filePathUtf8Length = env->GetStringUTFLength(filePath);
build	Build DaddyBoard (HeliBoard fork)	2026-09-30T15:49:01.7794635Z C/C++:       |                 ^
build	Build DaddyBoard (HeliBoard fork)	2026-09-30T15:49:01.7796504Z C/C++: /home/runner/work/daddyboard/daddyboard/daddyboard-main/app/src/main/jni/com_android_inputmethod_latin_BinaryDictionary.cpp:200:22: warning: variable length arrays in C++ are a Clang extension [-Wvla-cxx-extension]
build	Build DaddyBoard (HeliBoard fork)	2026-09-30T15:49:01.7798378Z C/C++:   200 |     int xCoordinates[inputSize];
build	Build DaddyBoard (HeliBoard fork)	2026-09-30T15:49:01.7834928Z C/C++:       |                      ^~~~~~~~~
build	Build DaddyBoard (HeliBoard fork)	2026-09-30T15:49:01.7866126Z C/C++: /home/runner/work/daddyboard/daddyboard/daddyboard-main/app/src/main/jni/com_android_inputmethod_latin_BinaryDictionary.cpp:200:22: note: function parameter 'inputSize' with unknown value cannot be used in a constant expression
build	Build DaddyBoard (HeliBoard fork)	2026-09-30T15:49:01.7891645Z C/C++: /home/runner/work/daddyboard/daddyboard/daddyboard-main/app/src/main/jni/com_android_inputmethod_latin_BinaryDictionary.cpp:181:46: note: declared here
build	Build DaddyBoard (HeliBoard fork)	2026-09-30T15:49:01.7895364Z C/C++:   181 |         jintArray inputCodePointsArray, jint inputSize, jintArray suggestOptions,
build	Build DaddyBoard (HeliBoard fork)	2026-09-30T15:49:01.7945191Z C/C++:       |                                              ^
build	Build DaddyBoard (HeliBoard fork)	2026-09-30T15:49:01.7947518Z C/C++: /home/runner/work/daddyboard/daddyboard/daddyboard-main/app/src/main/jni/com_android_inputmethod_latin_BinaryDictionary.cpp:201:22: warning: variable length arrays in C++ are a Clang extension [-Wvla-cxx-extension]
build	Build DaddyBoard (HeliBoard fork)	2026-09-30T15:49:01.7975132Z C/C++:   201 |     int yCoordinates[inputSize];
build	Build DaddyBoard (HeliBoard fork)	2026-09-30T15:49:01.7992923Z C/C++:       |                      ^~~~~~~~~
build	Build DaddyBoard (HeliBoard fork)	2026-09-30T15:49:01.8019268Z C/C++: /home/runner/work/daddyboard/daddyboard/daddyboard-main/app/src/main/jni/com_android_inputmethod_latin_BinaryDictionary.cpp:201:22: note: function parameter 'inputSize' with unknown value cannot be used in a constant expression
build	Build DaddyBoard (HeliBoard fork)	2026-09-30T15:49:01.8046071Z C/C++: /home/runner/work/daddyboard/daddyboard/daddyboard-main/app/src/main/jni/com_android_inputmethod_latin_BinaryDictionary.cpp:181:46: note: declared here
build	Build DaddyBoard (HeliBoard fork)	2026-09-30T15:49:01.8074838Z C/C++:   181 |         jintArray inputCodePointsArray, jint inputSize, jintArray suggestOptions,
build	Build DaddyBoard (HeliBoard fork)	2026-09-30T15:49:01.8102668Z C/C++:       |                                              ^
build	Build DaddyBoard (HeliBoard fork)	2026-09-30T15:49:01.8126244Z C/C++: /home/runner/work/daddyboard/daddyboard/daddyboard-main/app/src/main/jni/com_android_inputmethod_latin_BinaryDictionary.cpp:202:15: warning: variable length arrays in C++ are a Clang extension [-Wvla-cxx-extension]
build	Build DaddyBoard (HeliBoard fork)	2026-09-30T15:49:01.8152322Z C/C++:   202 |     int times[inputSize];
build	Build DaddyBoard (HeliBoard fork)	2026-09-30T15:49:01.8174905Z C/C++:       |               ^~~~~~~~~
build	Build DaddyBoard (HeliBoard fork)	2026-09-30T15:49:01.8203664Z C/C++: /home/runner/work/daddyboard/daddyboard/daddyboard-main/app/src/main/jni/com_android_inputmethod_latin_BinaryDictionary.cpp:202:15: note: function parameter 'inputSize' with unknown value cannot be used in a constant expression
build	Build DaddyBoard (HeliBoard fork)	2026-09-30T15:49:01.8225632Z C/C++: /home/runner/work/daddyboard/daddyboard/daddyboard-main/app/src/main/jni/com_android_inputmethod_latin_BinaryDictionary.cpp:181:46: note: declared here
build	Build DaddyBoard (HeliBoard fork)	2026-09-30T15:49:01.8249275Z C/C++:   181 |         jintArray inputCodePointsArray, jint inputSize, jintArray suggestOptions,
build	Build DaddyBoard (HeliBoard fork)	2026-09-30T15:49:01.8276190Z C/C++:       |                                              ^
build	Build DaddyBoard (HeliBoard fork)	2026-09-30T15:49:01.8301226Z C/C++: /home/runner/work/daddyboard/daddyboard/daddyboard-main/app/src/main/jni/com_android_inputmethod_latin_BinaryDictionary.cpp:203:20: warning: variable length arrays in C++ are a Clang extension [-Wvla-cxx-extension]
build	Build DaddyBoard (HeliBoard fork)	2026-09-30T15:49:01.8330306Z C/C++:   203 |     int pointerIds[inputSize];
build	Build DaddyBoard (HeliBoard fork)	2026-09-30T15:49:01.8352791Z C/C++:       |                    ^~~~~~~~~
build	Build DaddyBoard (HeliBoard fork)	2026-09-30T15:49:01.8390571Z C/C++: /home/runner/work/daddyboard/daddyboard/daddyboard-main/app/src/main/jni/com_android_inputmethod_latin_BinaryDictionary.cpp:203:20: note: function parameter 'inputSize' with unknown value cannot be used in a constant expression
build	Build DaddyBoard (HeliBoard fork)	2026-09-30T15:49:01.8415677Z C/C++: /home/runner/work/daddyboard/daddyboard/daddyboard-main/app/src/main/jni/com_android_inputmethod_latin_BinaryDictionary.cpp:181:46: note: declared here
build	Build DaddyBoard (HeliBoard fork)	2026-09-30T15:49:01.8455435Z C/C++:   181 |         jintArray inputCodePointsArray, jint inputSize, jintArray suggestOptions,
build	Build DaddyBoard (HeliBoard fork)	2026-09-30T15:49:01.8485124Z C/C++:       |                                              ^
build	Build DaddyBoard (HeliBoard fork)	2026-09-30T15:49:01.8506792Z C/C++: /home/runner/work/daddyboard/daddyboard/daddyboard-main/app/src/main/jni/com_android_inputmethod_latin_BinaryDictionary.cpp:205:25: warning: variable length arrays in C++ are a Clang extension [-Wvla-cxx-extension]
build	Build DaddyBoard (HeliBoard fork)	2026-09-30T15:49:01.8525048Z C/C++:   205 |     int inputCodePoints[inputCodePointsLength];
build	Build DaddyBoard (HeliBoard fork)	2026-09-30T15:49:01.8535124Z C/C++:       |                         ^~~~~~~~~~~~~~~~~~~~~
build	Build DaddyBoard (HeliBoard fork)	2026-09-30T15:49:01.8542781Z C/C++: /home/runner/work/daddyboard/daddyboard/daddyboard-main/app/src/main/jni/com_android_inputmethod_latin_BinaryDictionary.cpp:205:25: note: initializer of 'inputCodePointsLength' is not a constant expression
build	Build DaddyBoard (HeliBoard fork)	2026-09-30T15:49:01.8575867Z C/C++: /home/runner/work/daddyboard/daddyboard/daddyboard-main/app/src/main/jni/com_android_inputmethod_latin_BinaryDictionary.cpp:204:17: note: declared here
build	Build DaddyBoard (HeliBoard fork)	2026-09-30T15:49:01.8593999Z C/C++:   204 |     const jsize inputCodePointsLength = env->GetArrayLength(inputCodePointsArray);
build	Build DaddyBoard (HeliBoard fork)	2026-09-30T15:49:01.8614860Z C/C++:       |                 ^
build	Build DaddyBoard (HeliBoard fork)	2026-09-30T15:49:01.8644999Z C/C++: /home/runner/work/daddyboard/daddyboard/daddyboard-main/app/src/main/jni/com_android_inputmethod_latin_BinaryDictionary.cpp:213:17: warning: variable length arrays in C++ are a Clang extension [-Wvla-cxx-extension]
build	Build DaddyBoard (HeliBoard fork)	2026-09-30T15:49:01.8663631Z C/C++:   213 |     int options[numberOfOptions];
build	Build DaddyBoard (HeliBoard fork)	2026-09-30T15:49:01.8695000Z C/C++:       |                 ^~~~~~~~~~~~~~~
build	Build DaddyBoard (HeliBoard fork)	2026-09-30T15:49:01.8726231Z C/C++: /home/runner/work/daddyboard/daddyboard/daddyboard-main/app/src/main/jni/com_android_inputmethod_latin_BinaryDictionary.cpp:213:17: note: initializer of 'numberOfOptions' is not a constant expression
build	Build DaddyBoard (HeliBoard fork)	2026-09-30T15:49:01.8749244Z C/C++: /home/runner/work/daddyboard/daddyboard/daddyboard-main/app/src/main/jni/com_android_inputmethod_latin_BinaryDictionary.cpp:212:17: note: declared here
build	Build DaddyBoard (HeliBoard fork)	2026-09-30T15:49:01.8763175Z C/C++:   212 |     const jsize numberOfOptions = env->GetArrayLength(suggestOptions);
build	Build DaddyBoard (HeliBoard fork)	2026-09-30T15:49:01.8793683Z C/C++:       |                 ^
build	Build DaddyBoard (HeliBoard fork)	2026-09-30T15:49:01.8814836Z C/C++: /home/runner/work/daddyboard/daddyboard/daddyboard-main/app/src/main/jni/com_android_inputmethod_latin_BinaryDictionary.cpp:268:20: warning: variable length arrays in C++ are a Clang extension [-Wvla-cxx-extension]
build	Build DaddyBoard (HeliBoard fork)	2026-09-30T15:49:01.8844887Z C/C++:   268 |     int codePoints[codePointCount];
build	Build DaddyBoard (HeliBoard fork)	2026-09-30T15:49:01.8854862Z C/C++:       |                    ^~~~~~~~~~~~~~
build	Build DaddyBoard (HeliBoard fork)	2026-09-30T15:49:01.8887355Z C/C++: /home/runner/work/daddyboard/daddyboard/daddyboard-main/app/src/main/jni/com_android_inputmethod_latin_BinaryDictionary.cpp:268:20: note: initializer of 'codePointCount' is not a constant expression
build	Build DaddyBoard (HeliBoard fork)	2026-09-30T15:49:01.8914983Z C/C++: /home/runner/work/daddyboard/daddyboard/daddyboard-main/app/src/main/jni/com_android_inputmethod_latin_BinaryDictionary.cpp:267:17: note: declared here
build	Build DaddyBoard (HeliBoard fork)	2026-09-30T15:49:01.8930530Z C/C++:   267 |     const jsize codePointCount = env->GetArrayLength(word);
build	Build DaddyBoard (HeliBoard fork)	2026-09-30T15:49:01.8964853Z C/C++:       |                 ^
build	Build DaddyBoard (HeliBoard fork)	2026-09-30T15:49:01.8973568Z C/C++: /home/runner/work/daddyboard/daddyboard/daddyboard-main/app/src/main/jni/com_android_inputmethod_latin_BinaryDictionary.cpp:278:20: warning: variable length arrays in C++ are a Clang extension [-Wvla-cxx-extension]
build	Build DaddyBoard (HeliBoard fork)	2026-09-30T15:49:01.9000633Z C/C++:   278 |     int codePoints[codePointCount];
build	Build DaddyBoard (HeliBoard fork)	2026-09-30T15:49:01.9030933Z C/C++:       |                    ^~~~~~~~~~~~~~
build	Build DaddyBoard (HeliBoard fork)	2026-09-30T15:49:01.9065938Z C/C++: /home/runner/work/daddyboard/daddyboard/daddyboard-main/app/src/main/jni/com_android_inputmethod_latin_BinaryDictionary.cpp:278:20: note: initializer of 'codePointCount' is not a constant expression
build	Build DaddyBoard (HeliBoard fork)	2026-09-30T15:49:01.9068174Z C/C++: /home/runner/work/daddyboard/daddyboard/daddyboard-main/app/src/main/jni/com_android_inputmethod_latin_BinaryDictionary.cpp:277:17: note: declared here
build	Build DaddyBoard (HeliBoard fork)	2026-09-30T15:49:01.9095205Z C/C++:   277 |     const jsize codePointCount = env->GetArrayLength(word);
build	Build DaddyBoard (HeliBoard fork)	2026-09-30T15:49:01.9110825Z C/C++:       |                 ^
build	Build DaddyBoard (HeliBoard fork)	2026-09-30T15:49:01.9129249Z C/C++: /home/runner/work/daddyboard/daddyboard/daddyboard-main/app/src/main/jni/com_android_inputmethod_latin_BinaryDictionary.cpp:290:24: warning: variable length arrays in C++ are a Clang extension [-Wvla-cxx-extension]
build	Build DaddyBoard (HeliBoard fork)	2026-09-30T15:49:01.9151782Z C/C++:   290 |     int wordCodePoints[wordLength];
build	Build DaddyBoard (HeliBoard fork)	2026-09-30T15:49:01.9177458Z C/C++:       |                        ^~~~~~~~~~
build	Build DaddyBoard (HeliBoard fork)	2026-09-30T15:49:01.9205952Z C/C++: /home/runner/work/daddyboard/daddyboard/daddyboard-main/app/src/main/jni/com_android_inputmethod_latin_BinaryDictionary.cpp:290:24: note: initializer of 'wordLength' is not a constant expression
build	Build DaddyBoard (HeliBoard fork)	2026-09-30T15:49:01.9226238Z C/C++: /home/runner/work/daddyboard/daddyboard/daddyboard-main/app/src/main/jni/com_android_inputmethod_latin_BinaryDictionary.cpp:289:17: note: declared here
build	Build DaddyBoard (HeliBoard fork)	2026-09-30T15:49:01.9245104Z C/C++:   289 |     const jsize wordLength = env->GetArrayLength(word);
build	Build DaddyBoard (HeliBoard fork)	2026-09-30T15:49:01.9274897Z C/C++:       |                 ^
build	Build DaddyBoard (HeliBoard fork)	2026-09-30T15:49:01.9290593Z C/C++: /home/runner/work/daddyboard/daddyboard/daddyboard-main/app/src/main/jni/com_android_inputmethod_latin_BinaryDictionary.cpp:312:24: warning: variable length arrays in C++ are a Clang extension [-Wvla-cxx-extension]
build	Build DaddyBoard (HeliBoard fork)	2026-09-30T15:49:01.9315004Z C/C++:   312 |     int wordCodePoints[codePointBufSize];
build	Build DaddyBoard (HeliBoard fork)	2026-09-30T15:49:01.9339922Z C/C++:       |                        ^~~~~~~~~~~~~~~~
build	Build DaddyBoard (HeliBoard fork)	2026-09-30T15:49:01.9369952Z C/C++: /home/runner/work/daddyboard/daddyboard/daddyboard-main/app/src/main/jni/com_android_inputmethod_latin_BinaryDictionary.cpp:312:24: note: initializer of 'codePointBufSize' is not a constant expression
build	Build DaddyBoard (HeliBoard fork)	2026-09-30T15:49:01.9387346Z C/C++: /home/runner/work/daddyboard/daddyboard/daddyboard-main/app/src/main/jni/com_android_inputmethod_latin_BinaryDictionary.cpp:306:17: note: declared here
build	Build DaddyBoard (HeliBoard fork)	2026-09-30T15:49:01.9414785Z C/C++:   306 |     const jsize codePointBufSize = env->GetArrayLength(outCodePoints);
build	Build DaddyBoard (HeliBoard fork)	2026-09-30T15:49:01.9440736Z C/C++:       |                 ^
build	Build DaddyBoard (HeliBoard fork)	2026-09-30T15:49:01.9458880Z C/C++: /home/runner/work/daddyboard/daddyboard/daddyboard-main/app/src/main/jni/com_android_inputmethod_latin_BinaryDictionary.cpp:368:20: warning: variable length arrays in C++ are a Clang extension [-Wvla-cxx-extension]
build	Build DaddyBoard (HeliBoard fork)	2026-09-30T15:49:01.9478799Z C/C++:   368 |     int codePoints[codePointCount];
build	Build DaddyBoard (HeliBoard fork)	2026-09-30T15:49:01.9512827Z C/C++:       |                    ^~~~~~~~~~~~~~
build	Build DaddyBoard (HeliBoard fork)	2026-09-30T15:49:01.9529442Z C/C++: /home/runner/work/daddyboard/daddyboard/daddyboard-main/app/src/main/jni/com_android_inputmethod_latin_BinaryDictionary.cpp:368:20: note: read of non-const variable 'codePointCount' is not allowed in a constant expression
build	Build DaddyBoard (HeliBoard fork)	2026-09-30T15:49:01.9555657Z C/C++: /home/runner/work/daddyboard/daddyboard/daddyboard-main/app/src/main/jni/com_android_inputmethod_latin_BinaryDictionary.cpp:367:11: note: declared here
build	Build DaddyBoard (HeliBoard fork)	2026-09-30T15:49:01.9575197Z C/C++:   367 |     jsize codePointCount = env->GetArrayLength(word);
build	Build DaddyBoard (HeliBoard fork)	2026-09-30T15:49:01.9591660Z C/C++:       |           ^
build	Build DaddyBoard (HeliBoard fork)	2026-09-30T15:49:01.9621211Z C/C++: /home/runner/work/daddyboard/daddyboard/daddyboard-main/app/src/main/jni/com_android_inputmethod_latin_BinaryDictionary.cpp:393:20: warning: variable length arrays in C++ are a Clang extension [-Wvla-cxx-extension]
build	Build DaddyBoard (HeliBoard fork)	2026-09-30T15:49:01.9643322Z C/C++:   393 |     int codePoints[codePointCount];
build	Build DaddyBoard (HeliBoard fork)	2026-09-30T15:49:01.9667726Z C/C++:       |                    ^~~~~~~~~~~~~~
build	Build DaddyBoard (HeliBoard fork)	2026-09-30T15:49:01.9687410Z C/C++: /home/runner/work/daddyboard/daddyboard/daddyboard-main/app/src/main/jni/com_android_inputmethod_latin_BinaryDictionary.cpp:393:20: note: read of non-const variable 'codePointCount' is not allowed in a constant expression
build	Build DaddyBoard (HeliBoard fork)	2026-09-30T15:49:01.9724937Z C/C++: /home/runner/work/daddyboard/daddyboard/daddyboard-main/app/src/main/jni/com_android_inputmethod_latin_BinaryDictionary.cpp:392:11: note: declared here
build	Build DaddyBoard (HeliBoard fork)	2026-09-30T15:49:01.9739590Z C/C++:   392 |     jsize codePointCount = env->GetArrayLength(word);
build	Build DaddyBoard (HeliBoard fork)	2026-09-30T15:49:01.9762965Z C/C++:       |           ^
build	Build DaddyBoard (HeliBoard fork)	2026-09-30T15:49:01.9797750Z C/C++: /home/runner/work/daddyboard/daddyboard/daddyboard-main/app/src/main/jni/com_android_inputmethod_latin_BinaryDictionary.cpp:409:24: warning: variable length arrays in C++ are a Clang extension [-Wvla-cxx-extension]
build	Build DaddyBoard (HeliBoard fork)	2026-09-30T15:49:01.9813991Z C/C++:   409 |     int wordCodePoints[wordLength];
build	Build DaddyBoard (HeliBoard fork)	2026-09-30T15:49:01.9828747Z C/C++:       |                        ^~~~~~~~~~
build	Build DaddyBoard (HeliBoard fork)	2026-09-30T15:49:01.9865893Z C/C++: /home/runner/work/daddyboard/daddyboard/daddyboard-main/app/src/main/jni/com_android_inputmethod_latin_BinaryDictionary.cpp:409:24: note: read of non-const variable 'wordLength' is not allowed in a constant expression
build	Build DaddyBoard (HeliBoard fork)	2026-09-30T15:49:01.9888965Z C/C++: /home/runner/work/daddyboard/daddyboard/daddyboard-main/app/src/main/jni/com_android_inputmethod_latin_BinaryDictionary.cpp:408:11: note: declared here
build	Build DaddyBoard (HeliBoard fork)	2026-09-30T15:49:01.9901363Z C/C++:   408 |     jsize wordLength = env->GetArrayLength(word);
build	Build DaddyBoard (HeliBoard fork)	2026-09-30T15:49:01.9928626Z C/C++:       |           ^
build	Build DaddyBoard (HeliBoard fork)	2026-09-30T15:49:01.9941154Z C/C++: /home/runner/work/daddyboard/daddyboard/daddyboard-main/app/src/main/jni/com_android_inputmethod_latin_BinaryDictionary.cpp:429:24: warning: variable length arrays in C++ are a Clang extension [-Wvla-cxx-extension]
build	Build DaddyBoard (HeliBoard fork)	2026-09-30T15:49:01.9965590Z C/C++:   429 |     int wordCodePoints[codePointCount];
build	Build DaddyBoard (HeliBoard fork)	2026-09-30T15:49:01.9994996Z C/C++:       |                        ^~~~~~~~~~~~~~
build	Build DaddyBoard (HeliBoard fork)	2026-09-30T15:49:02.0022298Z C/C++: /home/runner/work/daddyboard/daddyboard/daddyboard-main/app/src/main/jni/com_android_inputmethod_latin_BinaryDictionary.cpp:429:24: note: read of non-const variable 'codePointCount' is not allowed in a constant expression
build	Build DaddyBoard (HeliBoard fork)	2026-09-30T15:49:02.0042558Z C/C++: /home/runner/work/daddyboard/daddyboard/daddyboard-main/app/src/main/jni/com_android_inputmethod_latin_BinaryDictionary.cpp:428:11: note: declared here
build	Build DaddyBoard (HeliBoard fork)	2026-09-30T15:49:02.0044172Z C/C++:   428 |     jsize codePointCount = env->GetArrayLength(word);
build	Build DaddyBoard (HeliBoard fork)	2026-09-30T15:49:02.0045102Z C/C++:       |           ^
build	Build DaddyBoard (HeliBoard fork)	2026-09-30T15:49:02.0046787Z C/C++: /home/runner/work/daddyboard/daddyboard/daddyboard-main/app/src/main/jni/com_android_inputmethod_latin_BinaryDictionary.cpp:447:24: warning: variable length arrays in C++ are a Clang extension [-Wvla-cxx-extension]
build	Build DaddyBoard (HeliBoard fork)	2026-09-30T15:49:02.0048568Z C/C++:   447 |     int wordCodePoints[codePointCount];
build	Build DaddyBoard (HeliBoard fork)	2026-09-30T15:49:02.0049262Z C/C++:       |                        ^~~~~~~~~~~~~~
build	Build DaddyBoard (HeliBoard fork)	2026-09-30T15:49:02.0051005Z C/C++: /home/runner/work/daddyboard/daddyboard/daddyboard-main/app/src/main/jni/com_android_inputmethod_latin_BinaryDictionary.cpp:447:24: note: read of non-const variable 'codePointCount' is not allowed in a constant expression
build	Build DaddyBoard (HeliBoard fork)	2026-09-30T15:49:02.0053426Z C/C++: /home/runner/work/daddyboard/daddyboard/daddyboard-main/app/src/main/jni/com_android_inputmethod_latin_BinaryDictionary.cpp:446:11: note: declared here
build	Build DaddyBoard (HeliBoard fork)	2026-09-30T15:49:02.0055525Z C/C++:   446 |     jsize codePointCount = env->GetArrayLength(word);
build	Build DaddyBoard (HeliBoard fork)	2026-09-30T15:49:02.0060277Z C/C++:       |           ^
build	Build DaddyBoard (HeliBoard fork)	2026-09-30T15:49:02.0061925Z C/C++: /home/runner/work/daddyboard/daddyboard/daddyboard-main/app/src/main/jni/com_android_inputmethod_latin_BinaryDictionary.cpp:484:28: warning: variable length arrays in C++ are a Clang extension [-Wvla-cxx-extension]
build	Build DaddyBoard (HeliBoard fork)	2026-09-30T15:49:02.0063680Z C/C++:   484 |         int wordCodePoints[wordLength];
build	Build DaddyBoard (HeliBoard fork)	2026-09-30T15:49:02.0064691Z C/C++:       |                            ^~~~~~~~~~
build	Build DaddyBoard (HeliBoard fork)	2026-09-30T15:49:02.0066438Z C/C++: /home/runner/work/daddyboard/daddyboard/daddyboard-main/app/src/main/jni/com_android_inputmethod_latin_BinaryDictionary.cpp:484:28: note: read of non-const variable 'wordLength' is not allowed in a constant expression
build	Build DaddyBoard (HeliBoard fork)	2026-09-30T15:49:02.0069095Z C/C++: /home/runner/work/daddyboard/daddyboard/daddyboard-main/app/src/main/jni/com_android_inputmethod_latin_BinaryDictionary.cpp:483:15: note: declared here
build	Build DaddyBoard (HeliBoard fork)	2026-09-30T15:49:02.0070579Z C/C++:   483 |         jsize wordLength = env->GetArrayLength(targetWord);
build	Build DaddyBoard (HeliBoard fork)	2026-09-30T15:49:02.0071322Z C/C++:       |               ^
build	Build DaddyBoard (HeliBoard fork)	2026-09-30T15:49:02.0073005Z C/C++: /home/runner/work/daddyboard/daddyboard/daddyboard-main/app/src/main/jni/com_android_inputmethod_latin_BinaryDictionary.cpp:518:21: warning: variable length arrays in C++ are a Clang extension [-Wvla-cxx-extension]
build	Build DaddyBoard (HeliBoard fork)	2026-09-30T15:49:02.0074970Z C/C++:   518 |     char queryChars[queryUtf8Length + 1];
build	Build DaddyBoard (HeliBoard fork)	2026-09-30T15:49:02.0077031Z C/C++:       |                     ^~~~~~~~~~~~~~~~~~~
build	Build DaddyBoard (HeliBoard fork)	2026-09-30T15:49:02.0078940Z C/C++: /home/runner/work/daddyboard/daddyboard/daddyboard-main/app/src/main/jni/com_android_inputmethod_latin_BinaryDictionary.cpp:518:21: note: initializer of 'queryUtf8Length' is not a constant expression
build	Build DaddyBoard (HeliBoard fork)	2026-09-30T15:49:02.0105725Z C/C++: /home/runner/work/daddyboard/daddyboard/daddyboard-main/app/src/main/jni/com_android_inputmethod_latin_BinaryDictionary.cpp:517:17: note: declared here
build	Build DaddyBoard (HeliBoard fork)	2026-09-30T15:49:02.0117619Z C/C++:   517 |     const jsize queryUtf8Length = env->GetStringUTFLength(query);
build	Build DaddyBoard (HeliBoard fork)	2026-09-30T15:49:02.0118477Z C/C++:       |                 ^
build	Build DaddyBoard (HeliBoard fork)	2026-09-30T15:49:02.0120103Z C/C++: /home/runner/work/daddyboard/daddyboard/daddyboard-main/app/src/main/jni/com_android_inputmethod_latin_BinaryDictionary.cpp:552:28: warning: variable length arrays in C++ are a Clang extension [-Wvla-cxx-extension]
build	Build DaddyBoard (HeliBoard fork)	2026-09-30T15:49:02.0121909Z C/C++:   552 |     char dictFilePathChars[filePathUtf8Length + 1];
build	Build DaddyBoard (HeliBoard fork)	2026-09-30T15:49:02.0122697Z C/C++:       |                            ^~~~~~~~~~~~~~~~~~~~~~
build	Build DaddyBoard (HeliBoard fork)	2026-09-30T15:49:02.0124302Z C/C++: /home/runner/work/daddyboard/daddyboard/daddyboard-main/app/src/main/jni/com_android_inputmethod_latin_BinaryDictionary.cpp:552:28: note: initializer of 'filePathUtf8Length' is not a constant expression
build	Build DaddyBoard (HeliBoard fork)	2026-09-30T15:49:02.0126886Z C/C++: /home/runner/work/daddyboard/daddyboard/daddyboard-main/app/src/main/jni/com_android_inputmethod_latin_BinaryDictionary.cpp:551:17: note: declared here
build	Build DaddyBoard (HeliBoard fork)	2026-09-30T15:49:02.0128202Z C/C++:   551 |     const jsize filePathUtf8Length = env->GetStringUTFLength(dictFilePath);
build	Build DaddyBoard (HeliBoard fork)	2026-09-30T15:49:02.0128917Z C/C++:       |                 ^
build	Build DaddyBoard (HeliBoard fork)	2026-09-30T15:49:02.0129321Z 
build	Build DaddyBoard (HeliBoard fork)	2026-09-30T15:49:02.0129667Z > Task :app:dataBindingGenBaseClassesDebug
build	Build DaddyBoard (HeliBoard fork)	2026-09-30T15:49:03.2705235Z > Task :app:processDebugResources
build	Build DaddyBoard (HeliBoard fork)	2026-09-30T15:49:03.5693841Z 
build	Build DaddyBoard (HeliBoard fork)	2026-09-30T15:49:03.5694812Z > Task :app:buildNdkBuildDebug[arm64-v8a]
build	Build DaddyBoard (HeliBoard fork)	2026-09-30T15:49:03.5696473Z C/C++: In file included from /home/runner/work/daddyboard/daddyboard/daddyboard-main/app/src/main/jni/com_android_inputmethod_latin_BinaryDictionary.cpp:26:
build	Build DaddyBoard (HeliBoard fork)	2026-09-30T15:49:03.5704270Z C/C++: In file included from /home/runner/work/daddyboard/daddyboard/daddyboard-main/app/src/main/jni/src/dictionary/property/ngram_context.h:23:
build	Build DaddyBoard (HeliBoard fork)	2026-09-30T15:49:03.5707349Z C/C++: /home/runner/work/daddyboard/daddyboard/daddyboard-main/app/src/main/jni/src/utils/int_array_view.h:160:5: warning: definition of implicit copy constructor for 'IntArrayView' is deprecated because it has a user-declared copy assignment operator [-Wdeprecated-copy]
build	Build DaddyBoard (HeliBoard fork)	2026-09-30T15:49:03.5709905Z C/C++:   160 |     DISALLOW_ASSIGNMENT_OPERATOR(IntArrayView);
build	Build DaddyBoard (HeliBoard fork)	2026-09-30T15:49:03.5710594Z C/C++:       |     ^
build	Build DaddyBoard (HeliBoard fork)	2026-09-30T15:49:03.5711798Z C/C++: /home/runner/work/daddyboard/daddyboard/daddyboard-main/app/src/main/jni/src/defines.h:289:8: note: expanded from macro 'DISALLOW_ASSIGNMENT_OPERATOR'
build	Build DaddyBoard (HeliBoard fork)	2026-09-30T15:49:03.5713150Z C/C++:   289 |   void operator=(const TypeName&) = delete
build	Build DaddyBoard (HeliBoard fork)	2026-09-30T15:49:03.5713790Z C/C++:       |        ^
build	Build DaddyBoard (HeliBoard fork)	2026-09-30T15:49:03.5715556Z C/C++: /usr/local/lib/android/sdk/ndk/28.0.13004108/toolchains/llvm/prebuilt/linux-x86_64/sysroot/usr/include/c++/v1/__memory/allocator.h:173:24: note: in implicit copy constructor for 'latinime::IntArrayView' first required here
build	Build DaddyBoard (HeliBoard fork)	2026-09-30T15:49:03.5717424Z C/C++:   173 |     ::new ((void*)__p) _Up(std::forward<_Args>(__args)...);
build	Build DaddyBoard (HeliBoard fork)	2026-09-30T15:49:03.5718144Z C/C++:       |                        ^
build	Build DaddyBoard (HeliBoard fork)	2026-09-30T15:49:03.5720452Z C/C++: /usr/local/lib/android/sdk/ndk/28.0.13004108/toolchains/llvm/prebuilt/linux-x86_64/sysroot/usr/include/c++/v1/__memory/allocator_traits.h:320:9: note: in instantiation of function template specialization 'std::allocator<latinime::IntArrayView>::construct<latinime::IntArrayView, latinime::IntArrayView>' requested here
build	Build DaddyBoard (HeliBoard fork)	2026-09-30T15:49:03.5722886Z C/C++:   320 |     __a.construct(__p, std::forward<_Args>(__args)...);
build	Build DaddyBoard (HeliBoard fork)	2026-09-30T15:49:03.5723575Z C/C++:       |         ^
build	Build DaddyBoard (HeliBoard fork)	2026-09-30T15:49:03.5727232Z C/C++: /usr/local/lib/android/sdk/ndk/28.0.13004108/toolchains/llvm/prebuilt/linux-x86_64/sysroot/usr/include/c++/v1/__memory/uninitialized_algorithms.h:639:33: note: in instantiation of function template specialization 'std::allocator_traits<std::allocator<latinime::IntArrayView>>::construct<latinime::IntArrayView, latinime::IntArrayView, 0>' requested here
build	Build DaddyBoard (HeliBoard fork)	2026-09-30T15:49:03.5756204Z C/C++:   639 |       allocator_traits<_Alloc>::construct(__alloc, __result, std::move(*__iter));
build	Build DaddyBoard (HeliBoard fork)	2026-09-30T15:49:03.5757198Z C/C++:       |                                 ^
build	Build DaddyBoard (HeliBoard fork)	2026-09-30T15:49:03.5759134Z C/C++: /usr/local/lib/android/sdk/ndk/28.0.13004108/toolchains/llvm/prebuilt/linux-x86_64/sysroot/usr/include/c++/v1/vector:1511:3: note: in instantiation of member function 'std::vector<latinime::IntArrayView>::__swap_out_circular_buffer' requested here
build	Build DaddyBoard (HeliBoard fork)	2026-09-30T15:49:03.5761088Z C/C++:  1511 |   __swap_out_circular_buffer(__v);
build	Build DaddyBoard (HeliBoard fork)	2026-09-30T15:49:03.5761716Z C/C++:       |   ^
build	Build DaddyBoard (HeliBoard fork)	2026-09-30T15:49:03.5763830Z C/C++: /usr/local/lib/android/sdk/ndk/28.0.13004108/toolchains/llvm/prebuilt/linux-x86_64/sysroot/usr/include/c++/v1/vector:1529:13: note: in instantiation of function template specialization 'std::vector<latinime::IntArrayView>::__emplace_back_slow_path<const int *const &, const unsigned long &>' requested here
build	Build DaddyBoard (HeliBoard fork)	2026-09-30T15:49:03.5766329Z C/C++:  1529 |     __end = __emplace_back_slow_path(std::forward<_Args>(__args)...);
build	Build DaddyBoard (HeliBoard fork)	2026-09-30T15:49:03.5767120Z C/C++:       |             ^
build	Build DaddyBoard (HeliBoard fork)	2026-09-30T15:49:03.5769129Z C/C++: /home/runner/work/daddyboard/daddyboard/daddyboard-main/app/src/main/jni/src/utils/int_array_view.h:142:20: note: in instantiation of function template specialization 'std::vector<latinime::IntArrayView>::emplace_back<const int *const &, const unsigned long &>' requested here
build	Build DaddyBoard (HeliBoard fork)	2026-09-30T15:49:03.5771241Z C/C++:   142 |             result.emplace_back(mPtr, mSize);
build	Build DaddyBoard (HeliBoard fork)	2026-09-30T15:49:03.5771903Z C/C++:       |                    ^
build	Build DaddyBoard (HeliBoard fork)	2026-09-30T15:49:03.5773168Z C/C++: In file included from /home/runner/work/daddyboard/daddyboard/daddyboard-main/app/src/main/jni/com_android_inputmethod_latin_BinaryDictionary.cpp:27:
build	Build DaddyBoard (HeliBoard fork)	2026-09-30T15:49:03.5775307Z C/C++: In file included from /home/runner/work/daddyboard/daddyboard/daddyboard-main/app/src/main/jni/src/dictionary/property/word_property.h:23:
build	Build DaddyBoard (HeliBoard fork)	2026-09-30T15:49:03.5786844Z C/C++: /home/runner/work/daddyboard/daddyboard/daddyboard-main/app/src/main/jni/src/dictionary/property/ngram_property.h:54:5: warning: definition of implicit copy constructor for 'NgramProperty' is deprecated because it has a user-declared copy assignment operator [-Wdeprecated-copy]
build	Build DaddyBoard (HeliBoard fork)	2026-09-30T15:49:03.5789097Z C/C++:    54 |     DISALLOW_ASSIGNMENT_OPERATOR(NgramProperty);
build	Build DaddyBoard (HeliBoard fork)	2026-09-30T15:49:03.5789706Z C/C++:       |     ^
build	Build DaddyBoard (HeliBoard fork)	2026-09-30T15:49:03.5790715Z C/C++: /home/runner/work/daddyboard/daddyboard/daddyboard-main/app/src/main/jni/src/defines.h:289:8: note: expanded from macro 'DISALLOW_ASSIGNMENT_OPERATOR'
build	Build DaddyBoard (HeliBoard fork)	2026-09-30T15:49:03.5791834Z C/C++:   289 |   void operator=(const TypeName&) = delete
build	Build DaddyBoard (HeliBoard fork)	2026-09-30T15:49:03.5792446Z C/C++:       |        ^
build	Build DaddyBoard (HeliBoard fork)	2026-09-30T15:49:03.5794103Z C/C++: /usr/local/lib/android/sdk/ndk/28.0.13004108/toolchains/llvm/prebuilt/linux-x86_64/sysroot/usr/include/c++/v1/__memory/allocator.h:173:24: note: in implicit copy constructor for 'latinime::NgramProperty' first required here
build	Build DaddyBoard (HeliBoard fork)	2026-09-30T15:49:03.5796103Z C/C++:   173 |     ::new ((void*)__p) _Up(std::forward<_Args>(__args)...);
build	Build DaddyBoard (HeliBoard fork)	2026-09-30T15:49:03.5796824Z C/C++:       |                        ^
build	Build DaddyBoard (HeliBoard fork)	2026-09-30T15:49:03.5799176Z C/C++: /usr/local/lib/android/sdk/ndk/28.0.13004108/toolchains/llvm/prebuilt/linux-x86_64/sysroot/usr/include/c++/v1/__memory/allocator_traits.h:320:9: note: in instantiation of function template specialization 'std::allocator<latinime::NgramProperty>::construct<latinime::NgramProperty, latinime::NgramProperty &>' requested here
build	Build DaddyBoard (HeliBoard fork)	2026-09-30T15:49:03.5801607Z C/C++:   320 |     __a.construct(__p, std::forward<_Args>(__args)...);
build	Build DaddyBoard (HeliBoard fork)	2026-09-30T15:49:03.5802301Z C/C++:       |         ^
build	Build DaddyBoard (HeliBoard fork)	2026-09-30T15:49:03.5804829Z C/C++: /usr/local/lib/android/sdk/ndk/28.0.13004108/toolchains/llvm/prebuilt/linux-x86_64/sysroot/usr/include/c++/v1/__memory/uninitialized_algorithms.h:551:31: note: in instantiation of function template specialization 'std::allocator_traits<std::allocator<latinime::NgramProperty>>::construct<latinime::NgramProperty, latinime::NgramProperty &, 0>' requested here
build	Build DaddyBoard (HeliBoard fork)	2026-09-30T15:49:03.5807949Z C/C++:   551 |     allocator_traits<_Alloc>::construct(__alloc, std::__to_address(__first2), *__first1);
build	Build DaddyBoard (HeliBoard fork)	2026-09-30T15:49:03.5808887Z C/C++:       |                               ^
build	Build DaddyBoard (HeliBoard fork)	2026-09-30T15:49:03.5811664Z C/C++: /usr/local/lib/android/sdk/ndk/28.0.13004108/toolchains/llvm/prebuilt/linux-x86_64/sysroot/usr/include/c++/v1/__memory/uninitialized_algorithms.h:594:33: note: in instantiation of function template specialization 'std::__uninitialized_allocator_copy_impl<std::allocator<latinime::NgramProperty>, latinime::NgramProperty *, latinime::NgramProperty *, latinime::NgramProperty *>' requested here
build	Build DaddyBoard (HeliBoard fork)	2026-09-30T15:49:03.5814635Z C/C++:   594 |   auto __result          = std::__uninitialized_allocator_copy_impl(
build	Build DaddyBoard (HeliBoard fork)	2026-09-30T15:49:03.5815443Z C/C++:       |                                 ^
build	Build DaddyBoard (HeliBoard fork)	2026-09-30T15:49:03.5818028Z C/C++: /usr/local/lib/android/sdk/ndk/28.0.13004108/toolchains/llvm/prebuilt/linux-x86_64/sysroot/usr/include/c++/v1/vector:1100:22: note: in instantiation of function template specialization 'std::__uninitialized_allocator_copy<std::allocator<latinime::NgramProperty>, latinime::NgramProperty *, latinime::NgramProperty *, latinime::NgramProperty *>' requested here
build	Build DaddyBoard (HeliBoard fork)	2026-09-30T15:49:03.5820879Z C/C++:  1100 |   __tx.__pos_ = std::__uninitialized_allocator_copy(__alloc(), __first, __last, __tx.__pos_);
build	Build DaddyBoard (HeliBoard fork)	2026-09-30T15:49:03.5821781Z C/C++:       |                      ^
build	Build DaddyBoard (HeliBoard fork)	2026-09-30T15:49:03.5823985Z C/C++: /usr/local/lib/android/sdk/ndk/28.0.13004108/toolchains/llvm/prebuilt/linux-x86_64/sysroot/usr/include/c++/v1/vector:761:7: note: in instantiation of function template specialization 'std::vector<latinime::NgramProperty>::__construct_at_end<latinime::NgramProperty *, latinime::NgramProperty *>' requested here
build	Build DaddyBoard (HeliBoard fork)	2026-09-30T15:49:03.5826414Z C/C++:   761 |       __construct_at_end(__first, __last, __n);
build	Build DaddyBoard (HeliBoard fork)	2026-09-30T15:49:03.5827103Z C/C++:       |       ^
build	Build DaddyBoard (HeliBoard fork)	2026-09-30T15:49:03.5829285Z C/C++: /usr/local/lib/android/sdk/ndk/28.0.13004108/toolchains/llvm/prebuilt/linux-x86_64/sysroot/usr/include/c++/v1/vector:1213:3: note: in instantiation of function template specialization 'std::vector<latinime::NgramProperty>::__init_with_size<latinime::NgramProperty *, latinime::NgramProperty *>' requested here
build	Build DaddyBoard (HeliBoard fork)	2026-09-30T15:49:03.5831840Z C/C++:  1213 |   __init_with_size(__x.__begin_, __x.__end_, __x.size());
build	Build DaddyBoard (HeliBoard fork)	2026-09-30T15:49:03.5832566Z C/C++:       |   ^
build	Build DaddyBoard (HeliBoard fork)	2026-09-30T15:49:03.5834234Z C/C++: /home/runner/work/daddyboard/daddyboard/daddyboard-main/app/src/main/jni/src/dictionary/property/word_property.h:39:15: note: in instantiation of member function 'std::vector<latinime::NgramProperty>::vector' requested here
build	Build DaddyBoard (HeliBoard fork)	2026-09-30T15:49:03.5836135Z C/C++:    39 |               mNgrams(ngrams) {}
build	Build DaddyBoard (HeliBoard fork)	2026-09-30T15:49:03.5836745Z C/C++:       |               ^
build	Build DaddyBoard (HeliBoard fork)	2026-09-30T15:49:03.5837300Z C/C++: 29 warnings generated.
build	Build DaddyBoard (HeliBoard fork)	2026-09-30T15:49:03.5838602Z C/C++: In file included from /home/runner/work/daddyboard/daddyboard/daddyboard-main/app/src/main/jni/com_android_inputmethod_latin_BinaryDictionaryUtils.cpp:27:
build	Build DaddyBoard (HeliBoard fork)	2026-09-30T15:49:03.5840518Z C/C++: In file included from /home/runner/work/daddyboard/daddyboard/daddyboard-main/app/src/main/jni/src/utils/jni_data_utils.h:26:
build	Build DaddyBoard (HeliBoard fork)	2026-09-30T15:49:03.5842316Z C/C++: In file included from /home/runner/work/daddyboard/daddyboard/daddyboard-main/app/src/main/jni/src/dictionary/property/word_property.h:23:
build	Build DaddyBoard (HeliBoard fork)	2026-09-30T15:49:03.5844211Z C/C++: In file included from /home/runner/work/daddyboard/daddyboard/daddyboard-main/app/src/main/jni/src/dictionary/property/ngram_property.h:23:
build	Build DaddyBoard (HeliBoard fork)	2026-09-30T15:49:03.5847042Z C/C++: /home/runner/work/daddyboard/daddyboard/daddyboard-main/app/src/main/jni/src/dictionary/property/historical_info.h:52:5: warning: definition of implicit copy constructor for 'HistoricalInfo' is deprecated because it has a user-declared copy assignment operator [-Wdeprecated-copy]
build	Build DaddyBoard (HeliBoard fork)	2026-09-30T15:49:03.5860316Z C/C++:    52 |     DISALLOW_ASSIGNMENT_OPERATOR(HistoricalInfo);
build	Build DaddyBoard (HeliBoard fork)	2026-09-30T15:49:03.5861170Z C/C++:       |     ^
build	Build DaddyBoard (HeliBoard fork)	2026-09-30T15:49:03.5862402Z C/C++: /home/runner/work/daddyboard/daddyboard/daddyboard-main/app/src/main/jni/src/defines.h:289:8: note: expanded from macro 'DISALLOW_ASSIGNMENT_OPERATOR'
build	Build DaddyBoard (HeliBoard fork)	2026-09-30T15:49:03.5863802Z C/C++:   289 |   void operator=(const TypeName&) = delete
build	Build DaddyBoard (HeliBoard fork)	2026-09-30T15:49:03.5864600Z C/C++:       |        ^
build	Build DaddyBoard (HeliBoard fork)	2026-09-30T15:49:03.5866316Z C/C++: /home/runner/work/daddyboard/daddyboard/daddyboard-main/app/src/main/jni/src/dictionary/property/ngram_property.h:33:42: note: in implicit copy constructor for 'latinime::HistoricalInfo' first required here
build	Build DaddyBoard (HeliBoard fork)	2026-09-30T15:49:03.5868261Z C/C++:    33 |               mProbability(probability), mHistoricalInfo(historicalInfo) {}
build	Build DaddyBoard (HeliBoard fork)	2026-09-30T15:49:03.5887469Z C/C++:       |                                          ^
build	Build DaddyBoard (HeliBoard fork)	2026-09-30T15:49:03.5889042Z C/C++: In file included from /home/runner/work/daddyboard/daddyboard/daddyboard-main/app/src/main/jni/com_android_inputmethod_latin_BinaryDictionaryUtils.cpp:27:
build	Build DaddyBoard (HeliBoard fork)	2026-09-30T15:49:03.5891005Z C/C++: In file included from /home/runner/work/daddyboard/daddyboard/daddyboard-main/app/src/main/jni/src/utils/jni_data_utils.h:26:
build	Build DaddyBoard (HeliBoard fork)	2026-09-30T15:49:03.5892804Z C/C++: In file included from /home/runner/work/daddyboard/daddyboard/daddyboard-main/app/src/main/jni/src/dictionary/property/word_property.h:24:
build	Build DaddyBoard (HeliBoard fork)	2026-09-30T15:49:03.5895751Z C/C++: /home/runner/work/daddyboard/daddyboard/daddyboard-main/app/src/main/jni/src/dictionary/property/unigram_property.h:126:5: warning: definition of implicit copy constructor for 'UnigramProperty' is deprecated because it has a user-declared copy assignment operator [-Wdeprecated-copy]
build	Build DaddyBoard (HeliBoard fork)	2026-09-30T15:49:03.5898004Z C/C++:   126 |     DISALLOW_ASSIGNMENT_OPERATOR(UnigramProperty);
build	Build DaddyBoard (HeliBoard fork)	2026-09-30T15:49:03.5898704Z C/C++:       |     ^
build	Build DaddyBoard (HeliBoard fork)	2026-09-30T15:49:03.5900022Z C/C++: /home/runner/work/daddyboard/daddyboard/daddyboard-main/app/src/main/jni/src/defines.h:289:8: note: expanded from macro 'DISALLOW_ASSIGNMENT_OPERATOR'
build	Build DaddyBoard (HeliBoard fork)	2026-09-30T15:49:03.5901413Z C/C++:   289 |   void operator=(const TypeName&) = delete
build	Build DaddyBoard (HeliBoard fork)	2026-09-30T15:49:03.5902069Z C/C++:       |        ^
build	Build DaddyBoard (HeliBoard fork)	2026-09-30T15:49:03.5903814Z C/C++: /home/runner/work/daddyboard/daddyboard/daddyboard-main/app/src/main/jni/src/dictionary/property/word_property.h:38:51: note: in implicit copy constructor for 'latinime::UnigramProperty' first required here
build	Build DaddyBoard (HeliBoard fork)	2026-09-30T15:49:03.5906111Z C/C++:    38 |             : mCodePoints(std::move(codePoints)), mUnigramProperty(unigramProperty),
build	Build DaddyBoard (HeliBoard fork)	2026-09-30T15:49:03.5907037Z C/C++:       |                                                   ^
build	Build DaddyBoard (HeliBoard fork)	2026-09-30T15:49:03.5908417Z C/C++: In file included from /home/runner/work/daddyboard/daddyboard/daddyboard-main/app/src/main/jni/com_android_inputmethod_latin_BinaryDictionaryUtils.cpp:27:
build	Build DaddyBoard (HeliBoard fork)	2026-09-30T15:49:03.5910694Z C/C++: /home/runner/work/daddyboard/daddyboard/daddyboard-main/app/src/main/jni/src/utils/jni_data_utils.h:52:27: warning: variable length arrays in C++ are a Clang extension [-Wvla-cxx-extension]
build	Build DaddyBoard (HeliBoard fork)	2026-09-30T15:49:03.5912279Z C/C++:    52 |             char keyChars[keyUtf8Length + 1];
build	Build DaddyBoard (HeliBoard fork)	2026-09-30T15:49:03.5912965Z C/C++:       |                           ^~~~~~~~~~~~~~~~~
build	Build DaddyBoard (HeliBoard fork)	2026-09-30T15:49:03.5914553Z C/C++: /home/runner/work/daddyboard/daddyboard/daddyboard-main/app/src/main/jni/src/utils/jni_data_utils.h:52:27: note: initializer of 'keyUtf8Length' is not a constant expression
build	Build DaddyBoard (HeliBoard fork)	2026-09-30T15:49:03.5916579Z C/C++: /home/runner/work/daddyboard/daddyboard/daddyboard-main/app/src/main/jni/src/utils/jni_data_utils.h:51:25: note: declared here
build	Build DaddyBoard (HeliBoard fork)	2026-09-30T15:49:03.5917954Z C/C++:    51 |             const jsize keyUtf8Length = env->GetStringUTFLength(keyString);
build	Build DaddyBoard (HeliBoard fork)	2026-09-30T15:49:03.5918777Z C/C++:       |                         ^
build	Build DaddyBoard (HeliBoard fork)	2026-09-30T15:49:03.5920263Z C/C++: /home/runner/work/daddyboard/daddyboard/daddyboard-main/app/src/main/jni/src/utils/jni_data_utils.h:62:29: warning: variable length arrays in C++ are a Clang extension [-Wvla-cxx-extension]
build	Build DaddyBoard (HeliBoard fork)	2026-09-30T15:49:03.5922034Z C/C++:    62 |             char valueChars[valueUtf8Length + 1];
build	Build DaddyBoard (HeliBoard fork)	2026-09-30T15:49:03.5922758Z C/C++:       |                             ^~~~~~~~~~~~~~~~~~~
build	Build DaddyBoard (HeliBoard fork)	2026-09-30T15:49:03.5925058Z C/C++: /home/runner/work/daddyboard/daddyboard/daddyboard-main/app/src/main/jni/src/utils/jni_data_utils.h:62:29: note: initializer of 'valueUtf8Length' is not a constant expression
build	Build DaddyBoard (HeliBoard fork)	2026-09-30T15:49:03.5927223Z C/C++: /home/runner/work/daddyboard/daddyboard/daddyboard-main/app/src/main/jni/src/utils/jni_data_utils.h:61:25: note: declared here
build	Build DaddyBoard (HeliBoard fork)	2026-09-30T15:49:03.5928615Z C/C++:    61 |             const jsize valueUtf8Length = env->GetStringUTFLength(valueString);
build	Build DaddyBoard (HeliBoard fork)	2026-09-30T15:49:03.5929463Z C/C++:       |                         ^
build	Build DaddyBoard (HeliBoard fork)	2026-09-30T15:49:03.5931149Z C/C++: /home/runner/work/daddyboard/daddyboard/daddyboard-main/app/src/main/jni/src/utils/jni_data_utils.h:77:29: warning: variable length arrays in C++ are a Clang extension [-Wvla-cxx-extension]
build	Build DaddyBoard (HeliBoard fork)	2026-09-30T15:49:03.5932765Z C/C++:    77 |         int outputCodePonts[codePointBufSize];
build	Build DaddyBoard (HeliBoard fork)	2026-09-30T15:49:03.5933485Z C/C++:       |                             ^~~~~~~~~~~~~~~~
build	Build DaddyBoard (HeliBoard fork)	2026-09-30T15:49:03.5934998Z C/C++: /home/runner/work/daddyboard/daddyboard/daddyboard-main/app/src/main/jni/src/utils/jni_data_utils.h:77:29: note: initializer of 'codePointBufSize' is not a constant expression
build	Build DaddyBoard (HeliBoard fork)	2026-09-30T15:49:03.5936999Z C/C++: /home/runner/work/daddyboard/daddyboard/daddyboard-main/app/src/main/jni/src/utils/jni_data_utils.h:76:19: note: declared here
build	Build DaddyBoard (HeliBoard fork)	2026-09-30T15:49:03.5938360Z C/C++:    76 |         const int codePointBufSize = std::min(maxLength, codePointCount);
build	Build DaddyBoard (HeliBoard fork)	2026-09-30T15:49:03.5939155Z C/C++:       |                   ^
build	Build DaddyBoard (HeliBoard fork)	2026-09-30T15:49:03.5941202Z C/C++: /home/runner/work/daddyboard/daddyboard/daddyboard-main/app/src/main/jni/com_android_inputmethod_latin_BinaryDictionaryUtils.cpp:36:24: warning: variable length arrays in C++ are a Clang extension [-Wvla-cxx-extension]
build	Build DaddyBoard (HeliBoard fork)	2026-09-30T15:49:03.5943137Z C/C++:    36 |     char filePathChars[filePathUtf8Length + 1];
build	Build DaddyBoard (HeliBoard fork)	2026-09-30T15:49:03.5943864Z C/C++:       |                        ^~~~~~~~~~~~~~~~~~~~~~
build	Build DaddyBoard (HeliBoard fork)	2026-09-30T15:49:03.5945664Z C/C++: /home/runner/work/daddyboard/daddyboard/daddyboard-main/app/src/main/jni/com_android_inputmethod_latin_BinaryDictionaryUtils.cpp:36:24: note: initializer of 'filePathUtf8Length' is not a constant expression
build	Build DaddyBoard (HeliBoard fork)	2026-09-30T15:49:03.5948549Z C/C++: /home/runner/work/daddyboard/daddyboard/daddyboard-main/app/src/main/jni/com_android_inputmethod_latin_BinaryDictionaryUtils.cpp:35:17: note: declared here
build	Build DaddyBoard (HeliBoard fork)	2026-09-30T15:49:03.5950497Z C/C++:    35 |     const jsize filePathUtf8Length = env->GetStringUTFLength(filePath);
build	Build DaddyBoard (HeliBoard fork)	2026-09-30T15:49:03.5951302Z C/C++:       |                 ^
build	Build DaddyBoard (HeliBoard fork)	2026-09-30T15:49:03.5952975Z C/C++: /home/runner/work/daddyboard/daddyboard/daddyboard-main/app/src/main/jni/com_android_inputmethod_latin_BinaryDictionaryUtils.cpp:41:22: warning: variable length arrays in C++ are a Clang extension [-Wvla-cxx-extension]
build	Build DaddyBoard (HeliBoard fork)	2026-09-30T15:49:03.5954837Z C/C++:    41 |     char localeChars[localeUtf8Length + 1];
build	Build DaddyBoard (HeliBoard fork)	2026-09-30T15:49:03.5955649Z C/C++:       |                      ^~~~~~~~~~~~~~~~~~~~
build	Build DaddyBoard (HeliBoard fork)	2026-09-30T15:49:03.5957319Z C/C++: /home/runner/work/daddyboard/daddyboard/daddyboard-main/app/src/main/jni/com_android_inputmethod_latin_BinaryDictionaryUtils.cpp:41:22: note: initializer of 'localeUtf8Length' is not a constant expression
build	Build DaddyBoard (HeliBoard fork)	2026-09-30T15:49:03.5959748Z C/C++: /home/runner/work/daddyboard/daddyboard/daddyboard-main/app/src/main/jni/com_android_inputmethod_latin_BinaryDictionaryUtils.cpp:40:17: note: declared here
build	Build DaddyBoard (HeliBoard fork)	2026-09-30T15:49:03.5961278Z C/C++:    40 |     const jsize localeUtf8Length = env->GetStringUTFLength(locale);
build	Build DaddyBoard (HeliBoard fork)	2026-09-30T15:49:03.5962055Z C/C++:       |                 ^
build	Build DaddyBoard (HeliBoard fork)	2026-09-30T15:49:03.5963716Z C/C++: /home/runner/work/daddyboard/daddyboard/daddyboard-main/app/src/main/jni/com_android_inputmethod_latin_BinaryDictionaryUtils.cpp:63:26: warning: variable length arrays in C++ are a Clang extension [-Wvla-cxx-extension]
build	Build DaddyBoard (HeliBoard fork)	2026-09-30T15:49:03.5965621Z C/C++:    63 |     int beforeCodePoints[beforeLength];
build	Build DaddyBoard (HeliBoard fork)	2026-09-30T15:49:03.5966551Z C/C++:       |                          ^~~~~~~~~~~~
build	Build DaddyBoard (HeliBoard fork)	2026-09-30T15:49:03.5968326Z C/C++: /home/runner/work/daddyboard/daddyboard/daddyboard-main/app/src/main/jni/com_android_inputmethod_latin_BinaryDictionaryUtils.cpp:63:26: note: read of non-const variable 'beforeLength' is not allowed in a constant expression
build	Build DaddyBoard (HeliBoard fork)	2026-09-30T15:49:03.5970809Z C/C++: /home/runner/work/daddyboard/daddyboard/daddyboard-main/app/src/main/jni/com_android_inputmethod_latin_BinaryDictionaryUtils.cpp:61:11: note: declared here
build	Build DaddyBoard (HeliBoard fork)	2026-09-30T15:49:03.5972288Z C/C++:    61 |     jsize beforeLength = env->GetArrayLength(before);
build	Build DaddyBoard (HeliBoard fork)	2026-09-30T15:49:03.5973001Z C/C++:       |           ^
build	Build DaddyBoard (HeliBoard fork)	2026-09-30T15:49:03.5974776Z C/C++: /home/runner/work/daddyboard/daddyboard/daddyboard-main/app/src/main/jni/com_android_inputmethod_latin_BinaryDictionaryUtils.cpp:64:25: warning: variable length arrays in C++ are a Clang extension [-Wvla-cxx-extension]
build	Build DaddyBoard (HeliBoard fork)	2026-09-30T15:49:03.5976594Z C/C++:    64 |     int afterCodePoints[afterLength];
build	Build DaddyBoard (HeliBoard fork)	2026-09-30T15:49:03.5977256Z C/C++:       |                         ^~~~~~~~~~~
build	Build DaddyBoard (HeliBoard fork)	2026-09-30T15:49:03.5979010Z C/C++: /home/runner/work/daddyboard/daddyboard/daddyboard-main/app/src/main/jni/com_android_inputmethod_latin_BinaryDictionaryUtils.cpp:64:25: note: read of non-const variable 'afterLength' is not allowed in a constant expression
build	Build DaddyBoard (HeliBoard fork)	2026-09-30T15:49:03.5981500Z C/C++: /home/runner/work/daddyboard/daddyboard/daddyboard-main/app/src/main/jni/com_android_inputmethod_latin_BinaryDictionaryUtils.cpp:62:11: note: declared here
build	Build DaddyBoard (HeliBoard fork)	2026-09-30T15:49:03.5982932Z C/C++:    62 |     jsize afterLength = env->GetArrayLength(after);
build	Build DaddyBoard (HeliBoard fork)	2026-09-30T15:49:03.5983610Z C/C++:       |           ^
build	Build DaddyBoard (HeliBoard fork)	2026-09-30T15:49:03.5985039Z C/C++: In file included from /home/runner/work/daddyboard/daddyboard/daddyboard-main/app/src/main/jni/com_android_inputmethod_latin_BinaryDictionaryUtils.cpp:27:
build	Build DaddyBoard (HeliBoard fork)	2026-09-30T15:49:03.5987291Z C/C++: In file included from /home/runner/work/daddyboard/daddyboard/daddyboard-main/app/src/main/jni/src/utils/jni_data_utils.h:25:
build	Build DaddyBoard (HeliBoard fork)	2026-09-30T15:49:03.5989074Z C/C++: In file included from /home/runner/work/daddyboard/daddyboard/daddyboard-main/app/src/main/jni/src/dictionary/property/ngram_context.h:23:
build	Build DaddyBoard (HeliBoard fork)	2026-09-30T15:49:03.5991715Z C/C++: /home/runner/work/daddyboard/daddyboard/daddyboard-main/app/src/main/jni/src/utils/int_array_view.h:160:5: warning: definition of implicit copy constructor for 'IntArrayView' is deprecated because it has a user-declared copy assignment operator [-Wdeprecated-copy]
build	Build DaddyBoard (HeliBoard fork)	2026-09-30T15:49:03.5994016Z C/C++:   160 |     DISALLOW_ASSIGNMENT_OPERATOR(IntArrayView);
build	Build DaddyBoard (HeliBoard fork)	2026-09-30T15:49:03.5994789Z C/C++:       |     ^
build	Build DaddyBoard (HeliBoard fork)	2026-09-30T15:49:03.5995967Z C/C++: /home/runner/work/daddyboard/daddyboard/daddyboard-main/app/src/main/jni/src/defines.h:289:8: note: expanded from macro 'DISALLOW_ASSIGNMENT_OPERATOR'
build	Build DaddyBoard (HeliBoard fork)	2026-09-30T15:49:03.5997338Z C/C++:   289 |   void operator=(const TypeName&) = delete
build	Build DaddyBoard (HeliBoard fork)	2026-09-30T15:49:03.5997988Z C/C++:       |        ^
build	Build DaddyBoard (HeliBoard fork)	2026-09-30T15:49:03.5999618Z C/C++: /usr/local/lib/android/sdk/ndk/28.0.13004108/toolchains/llvm/prebuilt/linux-x86_64/sysroot/usr/include/c++/v1/__memory/allocator.h:173:24: note: in implicit copy constructor for 'latinime::IntArrayView' first required here
build	Build DaddyBoard (HeliBoard fork)	2026-09-30T15:49:03.6001443Z C/C++:   173 |     ::new ((void*)__p) _Up(std::forward<_Args>(__args)...);
build	Build DaddyBoard (HeliBoard fork)	2026-09-30T15:49:03.6002153Z C/C++:       |                        ^
build	Build DaddyBoard (HeliBoard fork)	2026-09-30T15:49:03.6004530Z C/C++: /usr/local/lib/android/sdk/ndk/28.0.13004108/toolchains/llvm/prebuilt/linux-x86_64/sysroot/usr/include/c++/v1/__memory/allocator_traits.h:320:9: note: in instantiation of function template specialization 'std::allocator<latinime::IntArrayView>::construct<latinime::IntArrayView, latinime::IntArrayView>' requested here
build	Build DaddyBoard (HeliBoard fork)	2026-09-30T15:49:03.6006915Z C/C++:   320 |     __a.construct(__p, std::forward<_Args>(__args)...);
build	Build DaddyBoard (HeliBoard fork)	2026-09-30T15:49:03.6007610Z C/C++:       |         ^
build	Build DaddyBoard (HeliBoard fork)	2026-09-30T15:49:03.6010155Z C/C++: /usr/local/lib/android/sdk/ndk/28.0.13004108/toolchains/llvm/prebuilt/linux-x86_64/sysroot/usr/include/c++/v1/__memory/uninitialized_algorithms.h:639:33: note: in instantiation of function template specialization 'std::allocator_traits<std::allocator<latinime::IntArrayView>>::construct<latinime::IntArrayView, latinime::IntArrayView, 0>' requested here
build	Build DaddyBoard (HeliBoard fork)	2026-09-30T15:49:03.6013128Z C/C++:   639 |       allocator_traits<_Alloc>::construct(__alloc, __result, std::move(*__iter));
build	Build DaddyBoard (HeliBoard fork)	2026-09-30T15:49:03.6014009Z C/C++:       |                                 ^
build	Build DaddyBoard (HeliBoard fork)	2026-09-30T15:49:03.6015989Z C/C++: /usr/local/lib/android/sdk/ndk/28.0.13004108/toolchains/llvm/prebuilt/linux-x86_64/sysroot/usr/include/c++/v1/vector:1511:3: note: in instantiation of member function 'std::vector<latinime::IntArrayView>::__swap_out_circular_buffer' requested here
build	Build DaddyBoard (HeliBoard fork)	2026-09-30T15:49:03.6017854Z C/C++:  1511 |   __swap_out_circular_buffer(__v);
build	Build DaddyBoard (HeliBoard fork)	2026-09-30T15:49:03.6018464Z C/C++:       |   ^
build	Build DaddyBoard (HeliBoard fork)	2026-09-30T15:49:03.6020527Z C/C++: /usr/local/lib/android/sdk/ndk/28.0.13004108/toolchains/llvm/prebuilt/linux-x86_64/sysroot/usr/include/c++/v1/vector:1529:13: note: in instantiation of function template specialization 'std::vector<latinime::IntArrayView>::__emplace_back_slow_path<const int *const &, const unsigned long &>' requested here
build	Build DaddyBoard (HeliBoard fork)	2026-09-30T15:49:03.6022896Z C/C++:  1529 |     __end = __emplace_back_slow_path(std::forward<_Args>(__args)...);
build	Build DaddyBoard (HeliBoard fork)	2026-09-30T15:49:03.6023687Z C/C++:       |             ^
build	Build DaddyBoard (HeliBoard fork)	2026-09-30T15:49:03.6025734Z C/C++: /home/runner/work/daddyboard/daddyboard/daddyboard-main/app/src/main/jni/src/utils/int_array_view.h:142:20: note: in instantiation of function template specialization 'std::vector<latinime::IntArrayView>::emplace_back<const int *const &, const unsigned long &>' requested here
build	Build DaddyBoard (HeliBoard fork)	2026-09-30T15:49:03.6027843Z C/C++:   142 |             result.emplace_back(mPtr, mSize);
build	Build DaddyBoard (HeliBoard fork)	2026-09-30T15:49:03.6028498Z C/C++:       |                    ^
build	Build DaddyBoard (HeliBoard fork)	2026-09-30T15:49:03.6029793Z C/C++: In file included from /home/runner/work/daddyboard/daddyboard/daddyboard-main/app/src/main/jni/com_android_inputmethod_latin_BinaryDictionaryUtils.cpp:27:
build	Build DaddyBoard (HeliBoard fork)	2026-09-30T15:49:03.6031694Z C/C++: In file included from /home/runner/work/daddyboard/daddyboard/daddyboard-main/app/src/main/jni/src/utils/jni_data_utils.h:26:
build	Build DaddyBoard (HeliBoard fork)	2026-09-30T15:49:03.6033452Z C/C++: In file included from /home/runner/work/daddyboard/daddyboard/daddyboard-main/app/src/main/jni/src/dictionary/property/word_property.h:23:
build	Build DaddyBoard (HeliBoard fork)	2026-09-30T15:49:03.6036500Z C/C++: /home/runner/work/daddyboard/daddyboard/daddyboard-main/app/src/main/jni/src/dictionary/property/ngram_property.h:54:5: warning: definition of implicit copy constructor for 'NgramProperty' is deprecated because it has a user-declared copy assignment operator [-Wdeprecated-copy]
build	Build DaddyBoard (HeliBoard fork)	2026-09-30T15:49:03.6038692Z C/C++:    54 |     DISALLOW_ASSIGNMENT_OPERATOR(NgramProperty);
build	Build DaddyBoard (HeliBoard fork)	2026-09-30T15:49:03.6039382Z C/C++:       |     ^
build	Build DaddyBoard (HeliBoard fork)	2026-09-30T15:49:03.6040568Z C/C++: /home/runner/work/daddyboard/daddyboard/daddyboard-main/app/src/main/jni/src/defines.h:289:8: note: expanded from macro 'DISALLOW_ASSIGNMENT_OPERATOR'
build	Build DaddyBoard (HeliBoard fork)	2026-09-30T15:49:03.6041945Z C/C++:   289 |   void operator=(const TypeName&) = delete
build	Build DaddyBoard (HeliBoard fork)	2026-09-30T15:49:03.6042595Z C/C++:       |        ^
build	Build DaddyBoard (HeliBoard fork)	2026-09-30T15:49:03.6044233Z C/C++: /usr/local/lib/android/sdk/ndk/28.0.13004108/toolchains/llvm/prebuilt/linux-x86_64/sysroot/usr/include/c++/v1/__memory/allocator.h:173:24: note: in implicit copy constructor for 'latinime::NgramProperty' first required here
build	Build DaddyBoard (HeliBoard fork)	2026-09-30T15:49:03.6046158Z C/C++:   173 |     ::new ((void*)__p) _Up(std::forward<_Args>(__args)...);
build	Build DaddyBoard (HeliBoard fork)	2026-09-30T15:49:03.6046876Z C/C++:       |                        ^
build	Build DaddyBoard (HeliBoard fork)	2026-09-30T15:49:03.6049300Z C/C++: /usr/local/lib/android/sdk/ndk/28.0.13004108/toolchains/llvm/prebuilt/linux-x86_64/sysroot/usr/include/c++/v1/__memory/allocator_traits.h:320:9: note: in instantiation of function template specialization 'std::allocator<latinime::NgramProperty>::construct<latinime::NgramProperty, latinime::NgramProperty &>' requested here
build	Build DaddyBoard (HeliBoard fork)	2026-09-30T15:49:03.6051749Z C/C++:   320 |     __a.construct(__p, std::forward<_Args>(__args)...);
build	Build DaddyBoard (HeliBoard fork)	2026-09-30T15:49:03.6052829Z C/C++:       |         ^
build	Build DaddyBoard (HeliBoard fork)	2026-09-30T15:49:03.6055373Z C/C++: /usr/local/lib/android/sdk/ndk/28.0.13004108/toolchains/llvm/prebuilt/linux-x86_64/sysroot/usr/include/c++/v1/__memory/uninitialized_algorithms.h:551:31: note: in instantiation of function template specialization 'std::allocator_traits<std::allocator<latinime::NgramProperty>>::construct<latinime::NgramProperty, latinime::NgramProperty &, 0>' requested here
build	Build DaddyBoard (HeliBoard fork)	2026-09-30T15:49:03.6058195Z C/C++:   551 |     allocator_traits<_Alloc>::construct(__alloc, std::__to_address(__first2), *__first1);
build	Build DaddyBoard (HeliBoard fork)	2026-09-30T15:49:03.6059140Z C/C++:       |                               ^
build	Build DaddyBoard (HeliBoard fork)	2026-09-30T15:49:03.6061975Z C/C++: /usr/local/lib/android/sdk/ndk/28.0.13004108/toolchains/llvm/prebuilt/linux-x86_64/sysroot/usr/include/c++/v1/__memory/uninitialized_algorithms.h:594:33: note: in instantiation of function template specialization 'std::__uninitialized_allocator_copy_impl<std::allocator<latinime::NgramProperty>, latinime::NgramProperty *, latinime::NgramProperty *, latinime::NgramProperty *>' requested here
build	Build DaddyBoard (HeliBoard fork)	2026-09-30T15:49:03.6065022Z C/C++:   594 |   auto __result          = std::__uninitialized_allocator_copy_impl(
build	Build DaddyBoard (HeliBoard fork)	2026-09-30T15:49:03.6065824Z C/C++:       |                                 ^
build	Build DaddyBoard (HeliBoard fork)	2026-09-30T15:49:03.6068444Z C/C++: /usr/local/lib/android/sdk/ndk/28.0.13004108/toolchains/llvm/prebuilt/linux-x86_64/sysroot/usr/include/c++/v1/vector:1100:22: note: in instantiation of function template specialization 'std::__uninitialized_allocator_copy<std::allocator<latinime::NgramProperty>, latinime::NgramProperty *, latinime::NgramProperty *, latinime::NgramProperty *>' requested here
build	Build DaddyBoard (HeliBoard fork)	2026-09-30T15:49:03.6071329Z C/C++:  1100 |   __tx.__pos_ = std::__uninitialized_allocator_copy(__alloc(), __first, __last, __tx.__pos_);
build	Build DaddyBoard (HeliBoard fork)	2026-09-30T15:49:03.6072241Z C/C++:       |                      ^
build	Build DaddyBoard (HeliBoard fork)	2026-09-30T15:49:03.6074491Z C/C++: /usr/local/lib/android/sdk/ndk/28.0.13004108/toolchains/llvm/prebuilt/linux-x86_64/sysroot/usr/include/c++/v1/vector:761:7: note: in instantiation of function template specialization 'std::vector<latinime::NgramProperty>::__construct_at_end<latinime::NgramProperty *, latinime::NgramProperty *>' requested here
build	Build DaddyBoard (HeliBoard fork)	2026-09-30T15:49:03.6076738Z C/C++:   761 |       __construct_at_end(__first, __last, __n);
build	Build DaddyBoard (HeliBoard fork)	2026-09-30T15:49:03.6077267Z C/C++:       |       ^
build	Build DaddyBoard (HeliBoard fork)	2026-09-30T15:49:03.6079451Z C/C++: /usr/local/lib/android/sdk/ndk/28.0.13004108/toolchains/llvm/prebuilt/linux-x86_64/sysroot/usr/include/c++/v1/vector:1213:3: note: in instantiation of function template specialization 'std::vector<latinime::NgramProperty>::__init_with_size<latinime::NgramProperty *, latinime::NgramProperty *>' requested here
build	Build DaddyBoard (HeliBoard fork)	2026-09-30T15:49:03.6081656Z C/C++:  1213 |   __init_with_size(__x.__begin_, __x.__end_, __x.size());
build	Build DaddyBoard (HeliBoard fork)	2026-09-30T15:49:03.6082228Z C/C++:       |   ^
build	Build DaddyBoard (HeliBoard fork)	2026-09-30T15:49:03.6083744Z C/C++: /home/runner/work/daddyboard/daddyboard/daddyboard-main/app/src/main/jni/src/dictionary/property/word_property.h:39:15: note: in instantiation of member function 'std::vector<latinime::NgramProperty>::vector' requested here
build	Build DaddyBoard (HeliBoard fork)	2026-09-30T15:49:03.6085501Z C/C++:    39 |               mNgrams(ngrams) {}
build	Build DaddyBoard (HeliBoard fork)	2026-09-30T15:49:03.6085987Z C/C++:       |               ^
build	Build DaddyBoard (HeliBoard fork)	2026-09-30T15:49:03.6086400Z C/C++: 11 warnings generated.
build	Build DaddyBoard (HeliBoard fork)	2026-09-30T15:49:03.7695672Z C/C++: In file included from /home/runner/work/daddyboard/daddyboard/daddyboard-main/app/src/main/jni/com_android_inputmethod_latin_DicTraverseSession.cpp:25:
build	Build DaddyBoard (HeliBoard fork)	2026-09-30T15:49:03.7698041Z C/C++: In file included from /home/runner/work/daddyboard/daddyboard/daddyboard-main/app/src/main/jni/src/suggest/core/session/dic_traverse_session.h:23:
build	Build DaddyBoard (HeliBoard fork)	2026-09-30T15:49:03.7699984Z C/C++: In file included from /home/runner/work/daddyboard/daddyboard/daddyboard-main/app/src/main/jni/src/dictionary/utils/multi_bigram_map.h:24:
build	Build DaddyBoard (HeliBoard fork)	2026-09-30T15:49:03.7702089Z C/C++: In file included from /home/runner/work/daddyboard/daddyboard/daddyboard-main/app/src/main/jni/src/dictionary/interface/dictionary_structure_with_buffer_policy.h:23:
build	Build DaddyBoard (HeliBoard fork)	2026-09-30T15:49:03.7705239Z C/C++: /home/runner/work/daddyboard/daddyboard/daddyboard-main/app/src/main/jni/src/dictionary/property/historical_info.h:52:5: warning: definition of implicit copy constructor for 'HistoricalInfo' is deprecated because it has a user-declared copy assignment operator [-Wdeprecated-copy]
build	Build DaddyBoard (HeliBoard fork)	2026-09-30T15:49:03.7707902Z C/C++:    52 |     DISALLOW_ASSIGNMENT_OPERATOR(HistoricalInfo);
build	Build DaddyBoard (HeliBoard fork)	2026-09-30T15:49:03.7708607Z C/C++:       |     ^
build	Build DaddyBoard (HeliBoard fork)	2026-09-30T15:49:03.7709783Z C/C++: /home/runner/work/daddyboard/daddyboard/daddyboard-main/app/src/main/jni/src/defines.h:289:8: note: expanded from macro 'DISALLOW_ASSIGNMENT_OPERATOR'
build	Build DaddyBoard (HeliBoard fork)	2026-09-30T15:49:03.7711130Z C/C++:   289 |   void operator=(const TypeName&) = delete
build	Build DaddyBoard (HeliBoard fork)	2026-09-30T15:49:03.7711782Z C/C++:       |        ^
build	Build DaddyBoard (HeliBoard fork)	2026-09-30T15:49:03.7713385Z C/C++: /home/runner/work/daddyboard/daddyboard/daddyboard-main/app/src/main/jni/src/dictionary/property/ngram_property.h:33:42: note: in implicit copy constructor for 'latinime::HistoricalInfo' first required here
build	Build DaddyBoard (HeliBoard fork)	2026-09-30T15:49:03.7715350Z C/C++:    33 |               mProbability(probability), mHistoricalInfo(historicalInfo) {}
build	Build DaddyBoard (HeliBoard fork)	2026-09-30T15:49:03.7716218Z C/C++:       |                                          ^
build	Build DaddyBoard (HeliBoard fork)	2026-09-30T15:49:03.7717832Z C/C++: In file included from /home/runner/work/daddyboard/daddyboard/daddyboard-main/app/src/main/jni/com_android_inputmethod_latin_DicTraverseSession.cpp:25:
build	Build DaddyBoard (HeliBoard fork)	2026-09-30T15:49:03.7719814Z C/C++: In file included from /home/runner/work/daddyboard/daddyboard/daddyboard-main/app/src/main/jni/src/suggest/core/session/dic_traverse_session.h:23:
build	Build DaddyBoard (HeliBoard fork)	2026-09-30T15:49:03.7721724Z C/C++: In file included from /home/runner/work/daddyboard/daddyboard/daddyboard-main/app/src/main/jni/src/dictionary/utils/multi_bigram_map.h:24:
build	Build DaddyBoard (HeliBoard fork)	2026-09-30T15:49:03.7723760Z C/C++: In file included from /home/runner/work/daddyboard/daddyboard/daddyboard-main/app/src/main/jni/src/dictionary/interface/dictionary_structure_with_buffer_policy.h:25:
build	Build DaddyBoard (HeliBoard fork)	2026-09-30T15:49:03.7726031Z C/C++: In file included from /home/runner/work/daddyboard/daddyboard/daddyboard-main/app/src/main/jni/src/dictionary/property/word_property.h:24:
build	Build DaddyBoard (HeliBoard fork)	2026-09-30T15:49:03.7728870Z C/C++: /home/runner/work/daddyboard/daddyboard/daddyboard-main/app/src/main/jni/src/dictionary/property/unigram_property.h:126:5: warning: definition of implicit copy constructor for 'UnigramProperty' is deprecated because it has a user-declared copy assignment operator [-Wdeprecated-copy]
build	Build DaddyBoard (HeliBoard fork)	2026-09-30T15:49:03.7731394Z C/C++:   126 |     DISALLOW_ASSIGNMENT_OPERATOR(UnigramProperty);
build	Build DaddyBoard (HeliBoard fork)	2026-09-30T15:49:03.7732099Z C/C++:       |     ^
build	Build DaddyBoard (HeliBoard fork)	2026-09-30T15:49:03.7733229Z C/C++: /home/runner/work/daddyboard/daddyboard/daddyboard-main/app/src/main/jni/src/defines.h:289:8: note: expanded from macro 'DISALLOW_ASSIGNMENT_OPERATOR'
build	Build DaddyBoard (HeliBoard fork)	2026-09-30T15:49:03.7734690Z C/C++:   289 |   void operator=(const TypeName&) = delete
build	Build DaddyBoard (HeliBoard fork)	2026-09-30T15:49:03.7735331Z C/C++:       |        ^
build	Build DaddyBoard (HeliBoard fork)	2026-09-30T15:49:03.7737027Z C/C++: /home/runner/work/daddyboard/daddyboard/daddyboard-main/app/src/main/jni/src/dictionary/property/word_property.h:38:51: note: in implicit copy constructor for 'latinime::UnigramProperty' first required here
build	Build DaddyBoard (HeliBoard fork)	2026-09-30T15:49:03.7739595Z C/C++:    38 |             : mCodePoints(std::move(codePoints)), mUnigramProperty(unigramProperty),
build	Build DaddyBoard (HeliBoard fork)	2026-09-30T15:49:03.7740505Z C/C++:       |                                                   ^
build	Build DaddyBoard (HeliBoard fork)	2026-09-30T15:49:03.8694989Z C/C++: In file included from /home/runner/work/daddyboard/daddyboard/daddyboard-main/app/src/main/jni/com_android_inputmethod_latin_DicTraverseSession.cpp:25:
build	Build DaddyBoard (HeliBoard fork)	2026-09-30T15:49:03.8697458Z C/C++: In file included from /home/runner/work/daddyboard/daddyboard/daddyboard-main/app/src/main/jni/src/suggest/core/session/dic_traverse_session.h:23:
build	Build DaddyBoard (HeliBoard fork)	2026-09-30T15:49:03.8699400Z C/C++: In file included from /home/runner/work/daddyboard/daddyboard/daddyboard-main/app/src/main/jni/src/dictionary/utils/multi_bigram_map.h:27:
build	Build DaddyBoard (HeliBoard fork)	2026-09-30T15:49:03.8702092Z C/C++: /home/runner/work/daddyboard/daddyboard/daddyboard-main/app/src/main/jni/src/dictionary/utils/bloom_filter.h:47:5: warning: definition of implicit copy constructor for 'BloomFilter' is deprecated because it has a user-declared copy assignment operator [-Wdeprecated-copy]
build	Build DaddyBoard (HeliBoard fork)	2026-09-30T15:49:03.8704748Z C/C++:    47 |     DISALLOW_ASSIGNMENT_OPERATOR(BloomFilter);
build	Build DaddyBoard (HeliBoard fork)	2026-09-30T15:49:03.8705410Z C/C++:       |     ^
build	Build DaddyBoard (HeliBoard fork)	2026-09-30T15:49:03.8706622Z C/C++: /home/runner/work/daddyboard/daddyboard/daddyboard-main/app/src/main/jni/src/defines.h:289:8: note: expanded from macro 'DISALLOW_ASSIGNMENT_OPERATOR'
build	Build DaddyBoard (HeliBoard fork)	2026-09-30T15:49:03.8707979Z C/C++:   289 |   void operator=(const TypeName&) = delete
build	Build DaddyBoard (HeliBoard fork)	2026-09-30T15:49:03.8708617Z C/C++:       |        ^
build	Build DaddyBoard (HeliBoard fork)	2026-09-30T15:49:03.8710177Z C/C++: /home/runner/work/daddyboard/daddyboard/daddyboard-main/app/src/main/jni/src/dictionary/utils/multi_bigram_map.h:57:53: note: in implicit copy constructor for 'latinime::BloomFilter' first required here
build	Build DaddyBoard (HeliBoard fork)	2026-09-30T15:49:03.8712099Z C/C++:    57 |                 : mBigramMap(bigramMap.mBigramMap), mBloomFilter(bigramMap.mBloomFilter) {}
build	Build DaddyBoard (HeliBoard fork)	2026-09-30T15:49:03.8713067Z C/C++:       |                                                     ^
build	Build DaddyBoard (HeliBoard fork)	2026-09-30T15:49:03.8714549Z C/C++: In file included from /home/runner/work/daddyboard/daddyboard/daddyboard-main/app/src/main/jni/com_android_inputmethod_latin_DicTraverseSession.cpp:22:
build	Build DaddyBoard (HeliBoard fork)	2026-09-30T15:49:03.8716516Z C/C++: In file included from /home/runner/work/daddyboard/daddyboard/daddyboard-main/app/src/main/jni/src/dictionary/property/ngram_context.h:23:
build	Build DaddyBoard (HeliBoard fork)	2026-09-30T15:49:03.8719143Z C/C++: /home/runner/work/daddyboard/daddyboard/daddyboard-main/app/src/main/jni/src/utils/int_array_view.h:160:5: warning: definition of implicit copy constructor for 'IntArrayView' is deprecated because it has a user-declared copy assignment operator [-Wdeprecated-copy]
build	Build DaddyBoard (HeliBoard fork)	2026-09-30T15:49:03.8721199Z C/C++:   160 |     DISALLOW_ASSIGNMENT_OPERATOR(IntArrayView);
build	Build DaddyBoard (HeliBoard fork)	2026-09-30T15:49:03.8721866Z C/C++:       |     ^
build	Build DaddyBoard (HeliBoard fork)	2026-09-30T15:49:03.8723068Z C/C++: /home/runner/work/daddyboard/daddyboard/daddyboard-main/app/src/main/jni/src/defines.h:289:8: note: expanded from macro 'DISALLOW_ASSIGNMENT_OPERATOR'
build	Build DaddyBoard (HeliBoard fork)	2026-09-30T15:49:03.8724530Z C/C++:   289 |   void operator=(const TypeName&) = delete
build	Build DaddyBoard (HeliBoard fork)	2026-09-30T15:49:03.8725193Z C/C++:       |        ^
build	Build DaddyBoard (HeliBoard fork)	2026-09-30T15:49:03.8726696Z C/C++: /home/runner/work/daddyboard/daddyboard/daddyboard-main/app/src/main/jni/src/suggest/core/dicnode/dic_node.h:110:53: note: in implicit copy constructor for 'latinime::IntArrayView' first required here
build	Build DaddyBoard (HeliBoard fork)	2026-09-30T15:49:03.8728772Z C/C++:   110 |         mDicNodeProperties.init(rootPtNodeArrayPos, prevWordIds);
build	Build DaddyBoard (HeliBoard fork)	2026-09-30T15:49:03.8729601Z C/C++:       |                                                     ^
build	Build DaddyBoard (HeliBoard fork)	2026-09-30T15:49:03.9695444Z C/C++: /home/runner/work/daddyboard/daddyboard/daddyboard-main/app/src/main/jni/com_android_inputmethod_latin_DicTraverseSession.cpp:47:18: warning: variable length arrays in C++ are a Clang extension [-Wvla-cxx-extension]
build	Build DaddyBoard (HeliBoard fork)	2026-09-30T15:49:03.9697661Z C/C++:    47 |     int prevWord[previousWordLength];
build	Build DaddyBoard (HeliBoard fork)	2026-09-30T15:49:03.9698357Z C/C++:       |                  ^~~~~~~~~~~~~~~~~~
build	Build DaddyBoard (HeliBoard fork)	2026-09-30T15:49:03.9725131Z C/C++: /home/runner/work/daddyboard/daddyboard/daddyboard-main/app/src/main/jni/com_android_inputmethod_latin_DicTraverseSession.cpp:47:18: note: function parameter 'previousWordLength' with unknown value cannot be used in a constant expression
build	Build DaddyBoard (HeliBoard fork)	2026-09-30T15:49:03.9727528Z C/C++: /home/runner/work/daddyboard/daddyboard/daddyboard-main/app/src/main/jni/com_android_inputmethod_latin_DicTraverseSession.cpp:36:56: note: declared here
build	Build DaddyBoard (HeliBoard fork)	2026-09-30T15:49:03.9728922Z C/C++:    36 |         jlong dictionary, jintArray previousWord, jint previousWordLength) {
build	Build DaddyBoard (HeliBoard fork)	2026-09-30T15:49:03.9729631Z C/C++:       |                                                        ^
build	Build DaddyBoard (HeliBoard fork)	2026-09-30T15:49:03.9730731Z C/C++: In file included from /home/runner/work/daddyboard/daddyboard/daddyboard-main/app/src/main/jni/com_android_inputmethod_latin_DicTraverseSession.cpp:25:
build	Build DaddyBoard (HeliBoard fork)	2026-09-30T15:49:03.9732373Z C/C++: In file included from /home/runner/work/daddyboard/daddyboard/daddyboard-main/app/src/main/jni/src/suggest/core/session/dic_traverse_session.h:23:
build	Build DaddyBoard (HeliBoard fork)	2026-09-30T15:49:03.9734560Z C/C++: In file included from /home/runner/work/daddyboard/daddyboard/daddyboard-main/app/src/main/jni/src/dictionary/utils/multi_bigram_map.h:24:
build	Build DaddyBoard (HeliBoard fork)	2026-09-30T15:49:03.9736244Z C/C++: In file included from /home/runner/work/daddyboard/daddyboard/daddyboard-main/app/src/main/jni/src/dictionary/interface/dictionary_structure_with_buffer_policy.h:25:
build	Build DaddyBoard (HeliBoard fork)	2026-09-30T15:49:03.9738066Z C/C++: In file included from /home/runner/work/daddyboard/daddyboard/daddyboard-main/app/src/main/jni/src/dictionary/property/word_property.h:23:
build	Build DaddyBoard (HeliBoard fork)	2026-09-30T15:49:03.9740317Z C/C++: /home/runner/work/daddyboard/daddyboard/daddyboard-main/app/src/main/jni/src/dictionary/property/ngram_property.h:54:5: warning: definition of implicit copy constructor for 'NgramProperty' is deprecated because it has a user-declared copy assignment operator [-Wdeprecated-copy]
build	Build DaddyBoard (HeliBoard fork)	2026-09-30T15:49:03.9742236Z C/C++:    54 |     DISALLOW_ASSIGNMENT_OPERATOR(NgramProperty);
build	Build DaddyBoard (HeliBoard fork)	2026-09-30T15:49:03.9742728Z C/C++:       |     ^
build	Build DaddyBoard (HeliBoard fork)	2026-09-30T15:49:03.9743682Z C/C++: /home/runner/work/daddyboard/daddyboard/daddyboard-main/app/src/main/jni/src/defines.h:289:8: note: expanded from macro 'DISALLOW_ASSIGNMENT_OPERATOR'
build	Build DaddyBoard (HeliBoard fork)	2026-09-30T15:49:03.9745085Z C/C++:   289 |   void operator=(const TypeName&) = delete
build	Build DaddyBoard (HeliBoard fork)	2026-09-30T15:49:03.9745577Z C/C++:       |        ^
build	Build DaddyBoard (HeliBoard fork)	2026-09-30T15:49:03.9746947Z C/C++: /usr/local/lib/android/sdk/ndk/28.0.13004108/toolchains/llvm/prebuilt/linux-x86_64/sysroot/usr/include/c++/v1/__memory/allocator.h:173:24: note: in implicit copy constructor for 'latinime::NgramProperty' first required here
build	Build DaddyBoard (HeliBoard fork)	2026-09-30T15:49:03.9748543Z C/C++:   173 |     ::new ((void*)__p) _Up(std::forward<_Args>(__args)...);
build	Build DaddyBoard (HeliBoard fork)	2026-09-30T15:49:03.9749078Z C/C++:       |                        ^
build	Build DaddyBoard (HeliBoard fork)	2026-09-30T15:49:03.9750972Z C/C++: /usr/local/lib/android/sdk/ndk/28.0.13004108/toolchains/llvm/prebuilt/linux-x86_64/sysroot/usr/include/c++/v1/__memory/allocator_traits.h:320:9: note: in instantiation of function template specialization 'std::allocator<latinime::NgramProperty>::construct<latinime::NgramProperty, latinime::NgramProperty &>' requested here
build	Build DaddyBoard (HeliBoard fork)	2026-09-30T15:49:03.9752994Z C/C++:   320 |     __a.construct(__p, std::forward<_Args>(__args)...);
build	Build DaddyBoard (HeliBoard fork)	2026-09-30T15:49:03.9753524Z C/C++:       |         ^
build	Build DaddyBoard (HeliBoard fork)	2026-09-30T15:49:03.9755793Z C/C++: /usr/local/lib/android/sdk/ndk/28.0.13004108/toolchains/llvm/prebuilt/linux-x86_64/sysroot/usr/include/c++/v1/__memory/uninitialized_algorithms.h:551:31: note: in instantiation of function template specialization 'std::allocator_traits<std::allocator<latinime::NgramProperty>>::construct<latinime::NgramProperty, latinime::NgramProperty &, 0>' requested here
build	Build DaddyBoard (HeliBoard fork)	2026-09-30T15:49:03.9758582Z C/C++:   551 |     allocator_traits<_Alloc>::construct(__alloc, std::__to_address(__first2), *__first1);
build	Build DaddyBoard (HeliBoard fork)	2026-09-30T15:49:03.9759302Z C/C++:       |                               ^
build	Build DaddyBoard (HeliBoard fork)	2026-09-30T15:49:03.9761594Z C/C++: /usr/local/lib/android/sdk/ndk/28.0.13004108/toolchains/llvm/prebuilt/linux-x86_64/sysroot/usr/include/c++/v1/__memory/uninitialized_algorithms.h:594:33: note: in instantiation of function template specialization 'std::__uninitialized_allocator_copy_impl<std::allocator<latinime::NgramProperty>, latinime::NgramProperty *, latinime::NgramProperty *, latinime::NgramProperty *>' requested here
build	Build DaddyBoard (HeliBoard fork)	2026-09-30T15:49:03.9764141Z C/C++:   594 |   auto __result          = std::__uninitialized_allocator_copy_impl(
build	Build DaddyBoard (HeliBoard fork)	2026-09-30T15:49:03.9764903Z C/C++:       |                                 ^
build	Build DaddyBoard (HeliBoard fork)	2026-09-30T15:49:03.9767012Z C/C++: /usr/local/lib/android/sdk/ndk/28.0.13004108/toolchains/llvm/prebuilt/linux-x86_64/sysroot/usr/include/c++/v1/vector:1100:22: note: in instantiation of function template specialization 'std::__uninitialized_allocator_copy<std::allocator<latinime::NgramProperty>, latinime::NgramProperty *, latinime::NgramProperty *, latinime::NgramProperty *>' requested here
build	Build DaddyBoard (HeliBoard fork)	2026-09-30T15:49:03.9769560Z C/C++:  1100 |   __tx.__pos_ = std::__uninitialized_allocator_copy(__alloc(), __first, __last, __tx.__pos_);
build	Build DaddyBoard (HeliBoard fork)	2026-09-30T15:49:03.9770579Z C/C++:       |                      ^
build	Build DaddyBoard (HeliBoard fork)	2026-09-30T15:49:03.9772404Z C/C++: /usr/local/lib/android/sdk/ndk/28.0.13004108/toolchains/llvm/prebuilt/linux-x86_64/sysroot/usr/include/c++/v1/vector:761:7: note: in instantiation of function template specialization 'std::vector<latinime::NgramProperty>::__construct_at_end<latinime::NgramProperty *, latinime::NgramProperty *>' requested here
build	Build DaddyBoard (HeliBoard fork)	2026-09-30T15:49:03.9774555Z C/C++:   761 |       __construct_at_end(__first, __last, __n);
build	Build DaddyBoard (HeliBoard fork)	2026-09-30T15:49:03.9775040Z C/C++:       |       ^
build	Build DaddyBoard (HeliBoard fork)	2026-09-30T15:49:03.9776899Z C/C++: /usr/local/lib/android/sdk/ndk/28.0.13004108/toolchains/llvm/prebuilt/linux-x86_64/sysroot/usr/include/c++/v1/vector:1213:3: note: in instantiation of function template specialization 'std::vector<latinime::NgramProperty>::__init_with_size<latinime::NgramProperty *, latinime::NgramProperty *>' requested here
build	Build DaddyBoard (HeliBoard fork)	2026-09-30T15:49:03.9778905Z C/C++:  1213 |   __init_with_size(__x.__begin_, __x.__end_, __x.size());
build	Build DaddyBoard (HeliBoard fork)	2026-09-30T15:49:03.9779453Z C/C++:       |   ^
build	Build DaddyBoard (HeliBoard fork)	2026-09-30T15:49:03.9780869Z C/C++: /home/runner/work/daddyboard/daddyboard/daddyboard-main/app/src/main/jni/src/dictionary/property/word_property.h:39:15: note: in instantiation of member function 'std::vector<latinime::NgramProperty>::vector' requested here
build	Build DaddyBoard (HeliBoard fork)	2026-09-30T15:49:03.9782282Z C/C++:    39 |               mNgrams(ngrams) {}
build	Build DaddyBoard (HeliBoard fork)	2026-09-30T15:49:03.9782732Z C/C++:       |               ^
build	Build DaddyBoard (HeliBoard fork)	2026-09-30T15:49:04.3694015Z C/C++: 6 warnings generated.
build	Build DaddyBoard (HeliBoard fork)	2026-09-30T15:49:05.5756246Z C/C++: In file included from /home/runner/work/daddyboard/daddyboard/daddyboard-main/app/src/main/jni/src/dictionary/header/header_policy.cpp:17:
build	Build DaddyBoard (HeliBoard fork)	2026-09-30T15:49:05.5757966Z C/C++: In file included from /home/runner/work/daddyboard/daddyboard/daddyboard-main/app/src/main/jni/src/dictionary/header/header_policy.h:25:
build	Build DaddyBoard (HeliBoard fork)	2026-09-30T15:49:05.5760394Z C/C++: /home/runner/work/daddyboard/daddyboard/daddyboard-main/app/src/main/jni/src/dictionary/utils/entry_counters.h:44:5: warning: definition of implicit copy constructor for 'EntryCounts' is deprecated because it has a user-declared copy assignment operator [-Wdeprecated-copy]
build	Build DaddyBoard (HeliBoard fork)	2026-09-30T15:49:05.5785610Z C/C++:    44 |     DISALLOW_ASSIGNMENT_OPERATOR(EntryCounts);
build	Build DaddyBoard (HeliBoard fork)	2026-09-30T15:49:05.5786465Z C/C++:       |     ^
build	Build DaddyBoard (HeliBoard fork)	2026-09-30T15:49:05.5815782Z C/C++: /home/runner/work/daddyboard/daddyboard/daddyboard-main/app/src/main/jni/src/defines.h:289:8: note: expanded from macro 'DISALLOW_ASSIGNMENT_OPERATOR'
build	Build DaddyBoard (HeliBoard fork)	2026-09-30T15:49:05.5843658Z C/C++:   289 |   void operator=(const TypeName&) = delete
build	Build DaddyBoard (HeliBoard fork)	2026-09-30T15:49:05.5875047Z C/C++:       |        ^
build	Build DaddyBoard (HeliBoard fork)	2026-09-30T15:49:05.5903994Z C/C++: /home/runner/work/daddyboard/daddyboard/daddyboard-main/app/src/main/jni/src/dictionary/header/header_policy.h:92:15: note: in implicit copy constructor for 'latinime::EntryCounts' first required here
build	Build DaddyBoard (HeliBoard fork)	2026-09-30T15:49:05.5905831Z C/C++:    92 |               mNgramCounts(headerPolicy->mNgramCounts),
build	Build DaddyBoard (HeliBoard fork)	2026-09-30T15:49:05.5923830Z C/C++:       |               ^
build	Build DaddyBoard (HeliBoard fork)	2026-09-30T15:49:05.7735457Z C/C++: 1 warning generated.
build	Build DaddyBoard (HeliBoard fork)	2026-09-30T15:49:07.8726138Z C/C++: In file included from /home/runner/work/daddyboard/daddyboard/daddyboard-main/app/src/main/jni/src/dictionary/property/ngram_context.cpp:19:
build	Build DaddyBoard (HeliBoard fork)	2026-09-30T15:49:07.8776201Z C/C++: In file included from /home/runner/work/daddyboard/daddyboard/daddyboard-main/app/src/main/jni/src/dictionary/interface/dictionary_structure_with_buffer_policy.h:23:
build	Build DaddyBoard (HeliBoard fork)	2026-09-30T15:49:07.8797114Z C/C++: /home/runner/work/daddyboard/daddyboard/daddyboard-main/app/src/main/jni/src/dictionary/property/historical_info.h:52:5: warning: definition of implicit copy constructor for 'HistoricalInfo' is deprecated because it has a user-declared copy assignment operator [-Wdeprecated-copy]
build	Build DaddyBoard (HeliBoard fork)	2026-09-30T15:49:07.8825428Z C/C++:    52 |     DISALLOW_ASSIGNMENT_OPERATOR(HistoricalInfo);
build	Build DaddyBoard (HeliBoard fork)	2026-09-30T15:49:07.8855116Z C/C++:       |     ^
build	Build DaddyBoard (HeliBoard fork)	2026-09-30T15:49:07.8885672Z C/C++: /home/runner/work/daddyboard/daddyboard/daddyboard-main/app/src/main/jni/src/defines.h:289:8: note: expanded from macro 'DISALLOW_ASSIGNMENT_OPERATOR'
build	Build DaddyBoard (HeliBoard fork)	2026-09-30T15:49:07.8887698Z C/C++:   289 |   void operator=(const TypeName&) = delete
build	Build DaddyBoard (HeliBoard fork)	2026-09-30T15:49:07.8915106Z C/C++:       |        ^
build	Build DaddyBoard (HeliBoard fork)	2026-09-30T15:49:07.8946138Z C/C++: /home/runner/work/daddyboard/daddyboard/daddyboard-main/app/src/main/jni/src/dictionary/property/ngram_property.h:33:42: note: in implicit copy constructor for 'latinime::HistoricalInfo' first required here
build	Build DaddyBoard (HeliBoard fork)	2026-09-30T15:49:07.8975250Z C/C++:    33 |               mProbability(probability), mHistoricalInfo(historicalInfo) {}
build	Build DaddyBoard (HeliBoard fork)	2026-09-30T15:49:07.8976438Z C/C++:       |                                          ^
build	Build DaddyBoard (HeliBoard fork)	2026-09-30T15:49:07.9005661Z C/C++: In file included from /home/runner/work/daddyboard/daddyboard/daddyboard-main/app/src/main/jni/src/dictionary/property/ngram_context.cpp:19:
build	Build DaddyBoard (HeliBoard fork)	2026-09-30T15:49:07.9026104Z C/C++: In file included from /home/runner/work/daddyboard/daddyboard/daddyboard-main/app/src/main/jni/src/dictionary/interface/dictionary_structure_with_buffer_policy.h:25:
build	Build DaddyBoard (HeliBoard fork)	2026-09-30T15:49:07.9028149Z C/C++: In file included from /home/runner/work/daddyboard/daddyboard/daddyboard-main/app/src/main/jni/src/dictionary/property/word_property.h:24:
build	Build DaddyBoard (HeliBoard fork)	2026-09-30T15:49:07.9030757Z C/C++: /home/runner/work/daddyboard/daddyboard/daddyboard-main/app/src/main/jni/src/dictionary/property/unigram_property.h:126:5: warning: definition of implicit copy constructor for 'UnigramProperty' is deprecated because it has a user-declared copy assignment operator [-Wdeprecated-copy]
build	Build DaddyBoard (HeliBoard fork)	2026-09-30T15:49:07.9032815Z C/C++:   126 |     DISALLOW_ASSIGNMENT_OPERATOR(UnigramProperty);
build	Build DaddyBoard (HeliBoard fork)	2026-09-30T15:49:07.9033431Z C/C++:       |     ^
build	Build DaddyBoard (HeliBoard fork)	2026-09-30T15:49:07.9034632Z C/C++: /home/runner/work/daddyboard/daddyboard/daddyboard-main/app/src/main/jni/src/defines.h:289:8: note: expanded from macro 'DISALLOW_ASSIGNMENT_OPERATOR'
build	Build DaddyBoard (HeliBoard fork)	2026-09-30T15:49:07.9035885Z C/C++:   289 |   void operator=(const TypeName&) = delete
build	Build DaddyBoard (HeliBoard fork)	2026-09-30T15:49:07.9036490Z C/C++:       |        ^
build	Build DaddyBoard (HeliBoard fork)	2026-09-30T15:49:07.9037962Z C/C++: /home/runner/work/daddyboard/daddyboard/daddyboard-main/app/src/main/jni/src/dictionary/property/word_property.h:38:51: note: in implicit copy constructor for 'latinime::UnigramProperty' first required here
build	Build DaddyBoard (HeliBoard fork)	2026-09-30T15:49:07.9039896Z C/C++:    38 |             : mCodePoints(std::move(codePoints)), mUnigramProperty(unigramProperty),
build	Build DaddyBoard (HeliBoard fork)	2026-09-30T15:49:07.9040799Z C/C++:       |                                                   ^
build	Build DaddyBoard (HeliBoard fork)	2026-09-30T15:49:07.9042368Z C/C++: In file included from /home/runner/work/daddyboard/daddyboard/daddyboard-main/app/src/main/jni/src/dictionary/property/ngram_context.cpp:17:
build	Build DaddyBoard (HeliBoard fork)	2026-09-30T15:49:07.9044273Z C/C++: In file included from /home/runner/work/daddyboard/daddyboard/daddyboard-main/app/src/main/jni/src/dictionary/property/ngram_context.h:23:
build	Build DaddyBoard (HeliBoard fork)	2026-09-30T15:49:07.9047029Z C/C++: /home/runner/work/daddyboard/daddyboard/daddyboard-main/app/src/main/jni/src/utils/int_array_view.h:160:5: warning: definition of implicit copy constructor for 'IntArrayView' is deprecated because it has a user-declared copy assignment operator [-Wdeprecated-copy]
build	Build DaddyBoard (HeliBoard fork)	2026-09-30T15:49:07.9049175Z C/C++:   160 |     DISALLOW_ASSIGNMENT_OPERATOR(IntArrayView);
build	Build DaddyBoard (HeliBoard fork)	2026-09-30T15:49:07.9049848Z C/C++:       |     ^
build	Build DaddyBoard (HeliBoard fork)	2026-09-30T15:49:07.9051059Z C/C++: /home/runner/work/daddyboard/daddyboard/daddyboard-main/app/src/main/jni/src/defines.h:289:8: note: expanded from macro 'DISALLOW_ASSIGNMENT_OPERATOR'
build	Build DaddyBoard (HeliBoard fork)	2026-09-30T15:49:07.9052389Z C/C++:   289 |   void operator=(const TypeName&) = delete
build	Build DaddyBoard (HeliBoard fork)	2026-09-30T15:49:07.9052930Z C/C++:       |        ^
build	Build DaddyBoard (HeliBoard fork)	2026-09-30T15:49:07.9054551Z C/C++: /home/runner/work/daddyboard/daddyboard/daddyboard-main/app/src/main/jni/src/dictionary/property/ngram_context.cpp:106:55: note: in implicit copy constructor for 'latinime::IntArrayView' first required here
build	Build DaddyBoard (HeliBoard fork)	2026-09-30T15:49:07.9056299Z C/C++:   106 |     const int wordId = dictStructurePolicy->getWordId(codePointArrayView,
build	Build DaddyBoard (HeliBoard fork)	2026-09-30T15:49:07.9057187Z C/C++:       |                                                       ^
build	Build DaddyBoard (HeliBoard fork)	2026-09-30T15:49:07.9697656Z C/C++: In file included from /home/runner/work/daddyboard/daddyboard/daddyboard-main/app/src/main/jni/src/dictionary/property/ngram_context.cpp:19:
build	Build DaddyBoard (HeliBoard fork)	2026-09-30T15:49:07.9700324Z C/C++: In file included from /home/runner/work/daddyboard/daddyboard/daddyboard-main/app/src/main/jni/src/dictionary/interface/dictionary_structure_with_buffer_policy.h:25:
build	Build DaddyBoard (HeliBoard fork)	2026-09-30T15:49:07.9702294Z C/C++: In file included from /home/runner/work/daddyboard/daddyboard/daddyboard-main/app/src/main/jni/src/dictionary/property/word_property.h:23:
build	Build DaddyBoard (HeliBoard fork)	2026-09-30T15:49:07.9704987Z C/C++: /home/runner/work/daddyboard/daddyboard/daddyboard-main/app/src/main/jni/src/dictionary/property/ngram_property.h:54:5: warning: definition of implicit copy constructor for 'NgramProperty' is deprecated because it has a user-declared copy assignment operator [-Wdeprecated-copy]
build	Build DaddyBoard (HeliBoard fork)	2026-09-30T15:49:07.9707063Z C/C++:    54 |     DISALLOW_ASSIGNMENT_OPERATOR(NgramProperty);
build	Build DaddyBoard (HeliBoard fork)	2026-09-30T15:49:07.9707708Z C/C++:       |     ^
build	Build DaddyBoard (HeliBoard fork)	2026-09-30T15:49:07.9708777Z C/C++: /home/runner/work/daddyboard/daddyboard/daddyboard-main/app/src/main/jni/src/defines.h:289:8: note: expanded from macro 'DISALLOW_ASSIGNMENT_OPERATOR'
build	Build DaddyBoard (HeliBoard fork)	2026-09-30T15:49:07.9710069Z C/C++:   289 |   void operator=(const TypeName&) = delete
build	Build DaddyBoard (HeliBoard fork)	2026-09-30T15:49:07.9710628Z C/C++:       |        ^
build	Build DaddyBoard (HeliBoard fork)	2026-09-30T15:49:07.9712058Z C/C++: /usr/local/lib/android/sdk/ndk/28.0.13004108/toolchains/llvm/prebuilt/linux-x86_64/sysroot/usr/include/c++/v1/__memory/allocator.h:173:24: note: in implicit copy constructor for 'latinime::NgramProperty' first required here
build	Build DaddyBoard (HeliBoard fork)	2026-09-30T15:49:07.9713729Z C/C++:   173 |     ::new ((void*)__p) _Up(std::forward<_Args>(__args)...);
build	Build DaddyBoard (HeliBoard fork)	2026-09-30T15:49:07.9714948Z C/C++:       |                        ^
build	Build DaddyBoard (HeliBoard fork)	2026-09-30T15:49:07.9716954Z C/C++: /usr/local/lib/android/sdk/ndk/28.0.13004108/toolchains/llvm/prebuilt/linux-x86_64/sysroot/usr/include/c++/v1/__memory/allocator_traits.h:320:9: note: in instantiation of function template specialization 'std::allocator<latinime::NgramProperty>::construct<latinime::NgramProperty, latinime::NgramProperty &>' requested here
build	Build DaddyBoard (HeliBoard fork)	2026-09-30T15:49:07.9719131Z C/C++:   320 |     __a.construct(__p, std::forward<_Args>(__args)...);
build	Build DaddyBoard (HeliBoard fork)	2026-09-30T15:49:07.9719721Z C/C++:       |         ^
build	Build DaddyBoard (HeliBoard fork)	2026-09-30T15:49:07.9722002Z C/C++: /usr/local/lib/android/sdk/ndk/28.0.13004108/toolchains/llvm/prebuilt/linux-x86_64/sysroot/usr/include/c++/v1/__memory/uninitialized_algorithms.h:551:31: note: in instantiation of function template specialization 'std::allocator_traits<std::allocator<latinime::NgramProperty>>::construct<latinime::NgramProperty, latinime::NgramProperty &, 0>' requested here
build	Build DaddyBoard (HeliBoard fork)	2026-09-30T15:49:07.9725278Z C/C++:   551 |     allocator_traits<_Alloc>::construct(__alloc, std::__to_address(__first2), *__first1);
build	Build DaddyBoard (HeliBoard fork)	2026-09-30T15:49:07.9726025Z C/C++:       |                               ^
build	Build DaddyBoard (HeliBoard fork)	2026-09-30T15:49:07.9728423Z C/C++: /usr/local/lib/android/sdk/ndk/28.0.13004108/toolchains/llvm/prebuilt/linux-x86_64/sysroot/usr/include/c++/v1/__memory/uninitialized_algorithms.h:594:33: note: in instantiation of function template specialization 'std::__uninitialized_allocator_copy_impl<std::allocator<latinime::NgramProperty>, latinime::NgramProperty *, latinime::NgramProperty *, latinime::NgramProperty *>' requested here
build	Build DaddyBoard (HeliBoard fork)	2026-09-30T15:49:07.9731147Z C/C++:   594 |   auto __result          = std::__uninitialized_allocator_copy_impl(
build	Build DaddyBoard (HeliBoard fork)	2026-09-30T15:49:07.9731803Z C/C++:       |                                 ^
build	Build DaddyBoard (HeliBoard fork)	2026-09-30T15:49:07.9734030Z C/C++: /usr/local/lib/android/sdk/ndk/28.0.13004108/toolchains/llvm/prebuilt/linux-x86_64/sysroot/usr/include/c++/v1/vector:1100:22: note: in instantiation of function template specialization 'std::__uninitialized_allocator_copy<std::allocator<latinime::NgramProperty>, latinime::NgramProperty *, latinime::NgramProperty *, latinime::NgramProperty *>' requested here
build	Build DaddyBoard (HeliBoard fork)	2026-09-30T15:49:07.9736732Z C/C++:  1100 |   __tx.__pos_ = std::__uninitialized_allocator_copy(__alloc(), __first, __last, __tx.__pos_);
build	Build DaddyBoard (HeliBoard fork)	2026-09-30T15:49:07.9737514Z C/C++:       |                      ^
build	Build DaddyBoard (HeliBoard fork)	2026-09-30T15:49:07.9739456Z C/C++: /usr/local/lib/android/sdk/ndk/28.0.13004108/toolchains/llvm/prebuilt/linux-x86_64/sysroot/usr/include/c++/v1/vector:761:7: note: in instantiation of function template specialization 'std::vector<latinime::NgramProperty>::__construct_at_end<latinime::NgramProperty *, latinime::NgramProperty *>' requested here
build	Build DaddyBoard (HeliBoard fork)	2026-09-30T15:49:07.9741848Z C/C++:   761 |       __construct_at_end(__first, __last, __n);
build	Build DaddyBoard (HeliBoard fork)	2026-09-30T15:49:07.9742368Z C/C++:       |       ^
build	Build DaddyBoard (HeliBoard fork)	2026-09-30T15:49:07.9744272Z C/C++: /usr/local/lib/android/sdk/ndk/28.0.13004108/toolchains/llvm/prebuilt/linux-x86_64/sysroot/usr/include/c++/v1/vector:1213:3: note: in instantiation of function template specialization 'std::vector<latinime::NgramProperty>::__init_with_size<latinime::NgramProperty *, latinime::NgramProperty *>' requested here
build	Build DaddyBoard (HeliBoard fork)	2026-09-30T15:49:07.9746504Z C/C++:  1213 |   __init_with_size(__x.__begin_, __x.__end_, __x.size());
build	Build DaddyBoard (HeliBoard fork)	2026-09-30T15:49:07.9746995Z C/C++:       |   ^
build	Build DaddyBoard (HeliBoard fork)	2026-09-30T15:49:07.9748362Z C/C++: /home/runner/work/daddyboard/daddyboard/daddyboard-main/app/src/main/jni/src/dictionary/property/word_property.h:39:15: note: in instantiation of member function 'std::vector<latinime::NgramProperty>::vector' requested here
build	Build DaddyBoard (HeliBoard fork)	2026-09-30T15:49:07.9749896Z C/C++:    39 |               mNgrams(ngrams) {}
build	Build DaddyBoard (HeliBoard fork)	2026-09-30T15:49:07.9750329Z C/C++:       |               ^
build	Build DaddyBoard (HeliBoard fork)	2026-09-30T15:49:07.9750738Z C/C++: 4 warnings generated.
build	Build DaddyBoard (HeliBoard fork)	2026-09-30T15:49:08.4697480Z C/C++: In file included from /home/runner/work/daddyboard/daddyboard/daddyboard-main/app/src/main/jni/src/dictionary/structure/dictionary_structure_with_buffer_policy_factory.cpp:17:
build	Build DaddyBoard (HeliBoard fork)	2026-09-30T15:49:08.4699731Z C/C++: In file included from /home/runner/work/daddyboard/daddyboard/daddyboard-main/app/src/main/jni/src/dictionary/structure/dictionary_structure_with_buffer_policy_factory.h:24:
build	Build DaddyBoard (HeliBoard fork)	2026-09-30T15:49:08.4701716Z C/C++: In file included from /home/runner/work/daddyboard/daddyboard/daddyboard-main/app/src/main/jni/src/dictionary/interface/dictionary_structure_with_buffer_policy.h:23:
build	Build DaddyBoard (HeliBoard fork)	2026-09-30T15:49:08.4704226Z C/C++: /home/runner/work/daddyboard/daddyboard/daddyboard-main/app/src/main/jni/src/dictionary/property/historical_info.h:52:5: warning: definition of implicit copy constructor for 'HistoricalInfo' is deprecated because it has a user-declared copy assignment operator [-Wdeprecated-copy]
build	Build DaddyBoard (HeliBoard fork)	2026-09-30T15:49:08.4706435Z C/C++:    52 |     DISALLOW_ASSIGNMENT_OPERATOR(HistoricalInfo);
build	Build DaddyBoard (HeliBoard fork)	2026-09-30T15:49:08.4707400Z C/C++:       |     ^
build	Build DaddyBoard (HeliBoard fork)	2026-09-30T15:49:08.4708349Z C/C++: /home/runner/work/daddyboard/daddyboard/daddyboard-main/app/src/main/jni/src/defines.h:289:8: note: expanded from macro 'DISALLOW_ASSIGNMENT_OPERATOR'
build	Build DaddyBoard (HeliBoard fork)	2026-09-30T15:49:08.4709464Z C/C++:   289 |   void operator=(const TypeName&) = delete
build	Build DaddyBoard (HeliBoard fork)	2026-09-30T15:49:08.4709940Z C/C++:       |        ^
build	Build DaddyBoard (HeliBoard fork)	2026-09-30T15:49:08.4711223Z C/C++: /home/runner/work/daddyboard/daddyboard/daddyboard-main/app/src/main/jni/src/dictionary/property/ngram_property.h:33:42: note: in implicit copy constructor for 'latinime::HistoricalInfo' first required here
build	Build DaddyBoard (HeliBoard fork)	2026-09-30T15:49:08.4712879Z C/C++:    33 |               mProbability(probability), mHistoricalInfo(historicalInfo) {}
build	Build DaddyBoard (HeliBoard fork)	2026-09-30T15:49:08.4713588Z C/C++:       |                                          ^
build	Build DaddyBoard (HeliBoard fork)	2026-09-30T15:49:08.4715043Z C/C++: In file included from /home/runner/work/daddyboard/daddyboard/daddyboard-main/app/src/main/jni/src/dictionary/structure/dictionary_structure_with_buffer_policy_factory.cpp:17:
build	Build DaddyBoard (HeliBoard fork)	2026-09-30T15:49:08.4717095Z C/C++: In file included from /home/runner/work/daddyboard/daddyboard/daddyboard-main/app/src/main/jni/src/dictionary/structure/dictionary_structure_with_buffer_policy_factory.h:24:
build	Build DaddyBoard (HeliBoard fork)	2026-09-30T15:49:08.4719055Z C/C++: In file included from /home/runner/work/daddyboard/daddyboard/daddyboard-main/app/src/main/jni/src/dictionary/interface/dictionary_structure_with_buffer_policy.h:25:
build	Build DaddyBoard (HeliBoard fork)	2026-09-30T15:49:08.4720798Z C/C++: In file included from /home/runner/work/daddyboard/daddyboard/daddyboard-main/app/src/main/jni/src/dictionary/property/word_property.h:24:
build	Build DaddyBoard (HeliBoard fork)	2026-09-30T15:49:08.4723208Z C/C++: /home/runner/work/daddyboard/daddyboard/daddyboard-main/app/src/main/jni/src/dictionary/property/unigram_property.h:126:5: warning: definition of implicit copy constructor for 'UnigramProperty' is deprecated because it has a user-declared copy assignment operator [-Wdeprecated-copy]
build	Build DaddyBoard (HeliBoard fork)	2026-09-30T15:49:08.4726084Z C/C++:   126 |     DISALLOW_ASSIGNMENT_OPERATOR(UnigramProperty);
build	Build DaddyBoard (HeliBoard fork)	2026-09-30T15:49:08.4726632Z C/C++:       |     ^
build	Build DaddyBoard (HeliBoard fork)	2026-09-30T15:49:08.4727572Z C/C++: /home/runner/work/daddyboard/daddyboard/daddyboard-main/app/src/main/jni/src/defines.h:289:8: note: expanded from macro 'DISALLOW_ASSIGNMENT_OPERATOR'
build	Build DaddyBoard (HeliBoard fork)	2026-09-30T15:49:08.4728674Z C/C++:   289 |   void operator=(const TypeName&) = delete
build	Build DaddyBoard (HeliBoard fork)	2026-09-30T15:49:08.4729155Z C/C++:       |        ^
build	Build DaddyBoard (HeliBoard fork)	2026-09-30T15:49:08.4730421Z C/C++: /home/runner/work/daddyboard/daddyboard/daddyboard-main/app/src/main/jni/src/dictionary/property/word_property.h:38:51: note: in implicit copy constructor for 'latinime::UnigramProperty' first required here
build	Build DaddyBoard (HeliBoard fork)	2026-09-30T15:49:08.4732029Z C/C++:    38 |             : mCodePoints(std::move(codePoints)), mUnigramProperty(unigramProperty),
build	Build DaddyBoard (HeliBoard fork)	2026-09-30T15:49:08.4732753Z C/C++:       |                                                   ^
build	Build DaddyBoard (HeliBoard fork)	2026-09-30T15:49:08.4734011Z C/C++: In file included from /home/runner/work/daddyboard/daddyboard/daddyboard-main/app/src/main/jni/src/dictionary/structure/dictionary_structure_with_buffer_policy_factory.cpp:22:
build	Build DaddyBoard (HeliBoard fork)	2026-09-30T15:49:08.4736111Z C/C++: In file included from /home/runner/work/daddyboard/daddyboard/daddyboard-main/app/src/main/jni/src/dictionary/structure/backward/v402/ver4_dict_buffers.h:30:
build	Build DaddyBoard (HeliBoard fork)	2026-09-30T15:49:08.4737787Z C/C++: In file included from /home/runner/work/daddyboard/daddyboard/daddyboard-main/app/src/main/jni/src/dictionary/header/header_policy.h:25:
build	Build DaddyBoard (HeliBoard fork)	2026-09-30T15:49:08.4740076Z C/C++: /home/runner/work/daddyboard/daddyboard/daddyboard-main/app/src/main/jni/src/dictionary/utils/entry_counters.h:44:5: warning: definition of implicit copy constructor for 'EntryCounts' is deprecated because it has a user-declared copy assignment operator [-Wdeprecated-copy]
build	Build DaddyBoard (HeliBoard fork)	2026-09-30T15:49:08.4741896Z C/C++:    44 |     DISALLOW_ASSIGNMENT_OPERATOR(EntryCounts);
build	Build DaddyBoard (HeliBoard fork)	2026-09-30T15:49:08.4742392Z C/C++:       |     ^
build	Build DaddyBoard (HeliBoard fork)	2026-09-30T15:49:08.4743348Z C/C++: /home/runner/work/daddyboard/daddyboard/daddyboard-main/app/src/main/jni/src/defines.h:289:8: note: expanded from macro 'DISALLOW_ASSIGNMENT_OPERATOR'
build	Build DaddyBoard (HeliBoard fork)	2026-09-30T15:49:08.4744881Z C/C++:   289 |   void operator=(const TypeName&) = delete
build	Build DaddyBoard (HeliBoard fork)	2026-09-30T15:49:08.4745356Z C/C++:       |        ^
build	Build DaddyBoard (HeliBoard fork)	2026-09-30T15:49:08.4746687Z C/C++: /home/runner/work/daddyboard/daddyboard/daddyboard-main/app/src/main/jni/src/dictionary/header/header_policy.h:92:15: note: in implicit copy constructor for 'latinime::EntryCounts' first required here
build	Build DaddyBoard (HeliBoard fork)	2026-09-30T15:49:08.4748080Z C/C++:    92 |               mNgramCounts(headerPolicy->mNgramCounts),
build	Build DaddyBoard (HeliBoard fork)	2026-09-30T15:49:08.4748609Z C/C++:       |               ^
build	Build DaddyBoard (HeliBoard fork)	2026-09-30T15:49:08.4749739Z C/C++: In file included from /home/runner/work/daddyboard/daddyboard/daddyboard-main/app/src/main/jni/src/dictionary/structure/dictionary_structure_with_buffer_policy_factory.cpp:17:
build	Build DaddyBoard (HeliBoard fork)	2026-09-30T15:49:08.4751718Z C/C++: In file included from /home/runner/work/daddyboard/daddyboard/daddyboard-main/app/src/main/jni/src/dictionary/structure/dictionary_structure_with_buffer_policy_factory.h:25:
build	Build DaddyBoard (HeliBoard fork)	2026-09-30T15:49:08.4753454Z C/C++: In file included from /home/runner/work/daddyboard/daddyboard/daddyboard-main/app/src/main/jni/src/dictionary/utils/format_utils.h:23:
build	Build DaddyBoard (HeliBoard fork)	2026-09-30T15:49:08.4755813Z C/C++: /home/runner/work/daddyboard/daddyboard/daddyboard-main/app/src/main/jni/src/utils/byte_array_view.h:53:5: warning: definition of implicit copy constructor for 'ReadOnlyByteArrayView' is deprecated because it has a user-declared copy assignment operator [-Wdeprecated-copy]
build	Build DaddyBoard (HeliBoard fork)	2026-09-30T15:49:08.4757569Z C/C++:    53 |     DISALLOW_ASSIGNMENT_OPERATOR(ReadOnlyByteArrayView);
build	Build DaddyBoard (HeliBoard fork)	2026-09-30T15:49:08.4758029Z C/C++:       |     ^
build	Build DaddyBoard (HeliBoard fork)	2026-09-30T15:49:08.4758833Z C/C++: /home/runner/work/daddyboard/daddyboard/daddyboard-main/app/src/main/jni/src/defines.h:289:8: note: expanded from macro 'DISALLOW_ASSIGNMENT_OPERATOR'
build	Build DaddyBoard (HeliBoard fork)	2026-09-30T15:49:08.4760000Z C/C++:   289 |   void operator=(const TypeName&) = delete
build	Build DaddyBoard (HeliBoard fork)	2026-09-30T15:49:08.4760393Z C/C++:       |        ^
build	Build DaddyBoard (HeliBoard fork)	2026-09-30T15:49:08.4761773Z C/C++: /home/runner/work/daddyboard/daddyboard/daddyboard-main/app/src/main/jni/src/dictionary/structure/pt_common/shortcut/shortcut_list_reading_utils.h:52:75: note: in implicit copy constructor for 'latinime::ReadOnlyByteArrayView' first required here
build	Build DaddyBoard (HeliBoard fork)	2026-09-30T15:49:08.4763670Z C/C++:    52 |         const int shortcutListSize = getShortcutListSizeAndForwardPointer(buffer, pos);
build	Build DaddyBoard (HeliBoard fork)	2026-09-30T15:49:08.4764643Z C/C++:       |                                                                           ^
build	Build DaddyBoard (HeliBoard fork)	2026-09-30T15:49:08.4765989Z C/C++: In file included from /home/runner/work/daddyboard/daddyboard/daddyboard-main/app/src/main/jni/src/dictionary/structure/dictionary_structure_with_buffer_policy_factory.cpp:27:
build	Build DaddyBoard (HeliBoard fork)	2026-09-30T15:49:08.4767817Z C/C++: In file included from /home/runner/work/daddyboard/daddyboard/daddyboard-main/app/src/main/jni/src/dictionary/structure/v4/ver4_dict_buffers.h:25:
build	Build DaddyBoard (HeliBoard fork)	2026-09-30T15:49:08.4769613Z C/C++: In file included from /home/runner/work/daddyboard/daddyboard/daddyboard-main/app/src/main/jni/src/dictionary/structure/v4/content/language_model_dict_content.h:30:
build	Build DaddyBoard (HeliBoard fork)	2026-09-30T15:49:08.4771997Z C/C++: /home/runner/work/daddyboard/daddyboard/daddyboard-main/app/src/main/jni/src/dictionary/utils/trie_map.h:129:9: warning: definition of implicit copy constructor for 'TrieMapIterator' is deprecated because it has a user-declared copy assignment operator [-Wdeprecated-copy]
build	Build DaddyBoard (HeliBoard fork)	2026-09-30T15:49:08.4773897Z C/C++:   129 |         DISALLOW_ASSIGNMENT_OPERATOR(TrieMapIterator);
build	Build DaddyBoard (HeliBoard fork)	2026-09-30T15:49:08.4774610Z C/C++:       |         ^
build	Build DaddyBoard (HeliBoard fork)	2026-09-30T15:49:08.4775623Z C/C++: /home/runner/work/daddyboard/daddyboard/daddyboard-main/app/src/main/jni/src/defines.h:289:8: note: expanded from macro 'DISALLOW_ASSIGNMENT_OPERATOR'
build	Build DaddyBoard (HeliBoard fork)	2026-09-30T15:49:08.4776768Z C/C++:   289 |   void operator=(const TypeName&) = delete
build	Build DaddyBoard (HeliBoard fork)	2026-09-30T15:49:08.4777276Z C/C++:       |        ^
build	Build DaddyBoard (HeliBoard fork)	2026-09-30T15:49:08.4778745Z C/C++: /home/runner/work/daddyboard/daddyboard/daddyboard-main/app/src/main/jni/src/dictionary/structure/v4/content/language_model_dict_content.h:67:19: note: in implicit copy constructor for 'latinime::TrieMap::TrieMapIterator' first required here
build	Build DaddyBoard (HeliBoard fork)	2026-09-30T15:49:08.4780899Z C/C++:    67 |                 : mTrieMapIterator(trieMapIterator), mHasHistoricalInfo(hasHistoricalInfo) {}
build	Build DaddyBoard (HeliBoard fork)	2026-09-30T15:49:08.4781662Z C/C++:       |                   ^
build	Build DaddyBoard (HeliBoard fork)	2026-09-30T15:49:08.4782836Z C/C++: In file included from /home/runner/work/daddyboard/daddyboard/daddyboard-main/app/src/main/jni/src/dictionary/structure/dictionary_structure_with_buffer_policy_factory.cpp:27:
build	Build DaddyBoard (HeliBoard fork)	2026-09-30T15:49:08.4784869Z C/C++: In file included from /home/runner/work/daddyboard/daddyboard/daddyboard-main/app/src/main/jni/src/dictionary/structure/v4/ver4_dict_buffers.h:25:
build	Build DaddyBoard (HeliBoard fork)	2026-09-30T15:49:08.4786648Z C/C++: In file included from /home/runner/work/daddyboard/daddyboard/daddyboard-main/app/src/main/jni/src/dictionary/structure/v4/content/language_model_dict_content.h:30:
build	Build DaddyBoard (HeliBoard fork)	2026-09-30T15:49:08.4788993Z C/C++: /home/runner/work/daddyboard/daddyboard/daddyboard-main/app/src/main/jni/src/dictionary/utils/trie_map.h:158:9: warning: definition of implicit copy constructor for 'TrieMapRange' is deprecated because it has a user-declared copy assignment operator [-Wdeprecated-copy]
build	Build DaddyBoard (HeliBoard fork)	2026-09-30T15:49:08.4790896Z C/C++:   158 |         DISALLOW_ASSIGNMENT_OPERATOR(TrieMapRange);
build	Build DaddyBoard (HeliBoard fork)	2026-09-30T15:49:08.4791409Z C/C++:       |         ^
build	Build DaddyBoard (HeliBoard fork)	2026-09-30T15:49:08.4792370Z C/C++: /home/runner/work/daddyboard/daddyboard/daddyboard-main/app/src/main/jni/src/defines.h:289:8: note: expanded from macro 'DISALLOW_ASSIGNMENT_OPERATOR'
build	Build DaddyBoard (HeliBoard fork)	2026-09-30T15:49:08.4793458Z C/C++:   289 |   void operator=(const TypeName&) = delete
build	Build DaddyBoard (HeliBoard fork)	2026-09-30T15:49:08.4793905Z C/C++:       |        ^
build	Build DaddyBoard (HeliBoard fork)	2026-09-30T15:49:08.4795509Z C/C++: /home/runner/work/daddyboard/daddyboard/daddyboard-main/app/src/main/jni/src/dictionary/structure/v4/content/language_model_dict_content.h:96:19: note: in implicit copy constructor for 'latinime::TrieMap::TrieMapRange' first required here
build	Build DaddyBoard (HeliBoard fork)	2026-09-30T15:49:08.4797606Z C/C++:    96 |                 : mTrieMapRange(trieMapRange), mHasHistoricalInfo(hasHistoricalInfo) {}
build	Build DaddyBoard (HeliBoard fork)	2026-09-30T15:49:08.4798256Z C/C++:       |                   ^
build	Build DaddyBoard (HeliBoard fork)	2026-09-30T15:49:08.4799414Z C/C++: In file included from /home/runner/work/daddyboard/daddyboard/daddyboard-main/app/src/main/jni/src/dictionary/structure/dictionary_structure_with_buffer_policy_factory.cpp:17:
build	Build DaddyBoard (HeliBoard fork)	2026-09-30T15:49:08.4801351Z C/C++: In file included from /home/runner/work/daddyboard/daddyboard/daddyboard-main/app/src/main/jni/src/dictionary/structure/dictionary_structure_with_buffer_policy_factory.h:24:
build	Build DaddyBoard (HeliBoard fork)	2026-09-30T15:49:08.4803237Z C/C++: In file included from /home/runner/work/daddyboard/daddyboard/daddyboard-main/app/src/main/jni/src/dictionary/interface/dictionary_structure_with_buffer_policy.h:24:
build	Build DaddyBoard (HeliBoard fork)	2026-09-30T15:49:08.4805859Z C/C++: /home/runner/work/daddyboard/daddyboard/daddyboard-main/app/src/main/jni/src/dictionary/property/word_attributes.h:59:5: warning: definition of implicit copy constructor for 'WordAttributes' is deprecated because it has a user-declared copy assignment operator [-Wdeprecated-copy]
build	Build DaddyBoard (HeliBoard fork)	2026-09-30T15:49:08.4807780Z C/C++:    59 |     DISALLOW_ASSIGNMENT_OPERATOR(WordAttributes);
build	Build DaddyBoard (HeliBoard fork)	2026-09-30T15:49:08.4808308Z C/C++:       |     ^
build	Build DaddyBoard (HeliBoard fork)	2026-09-30T15:49:08.4809250Z C/C++: /home/runner/work/daddyboard/daddyboard/daddyboard-main/app/src/main/jni/src/defines.h:289:8: note: expanded from macro 'DISALLOW_ASSIGNMENT_OPERATOR'
build	Build DaddyBoard (HeliBoard fork)	2026-09-30T15:49:08.4810354Z C/C++:   289 |   void operator=(const TypeName&) = delete
build	Build DaddyBoard (HeliBoard fork)	2026-09-30T15:49:08.4810819Z C/C++:       |        ^
build	Build DaddyBoard (HeliBoard fork)	2026-09-30T15:49:08.4812179Z C/C++: /home/runner/work/daddyboard/daddyboard/daddyboard-main/app/src/main/jni/src/dictionary/structure/v4/content/language_model_dict_content.h:119:19: note: in implicit copy constructor for 'WordAttributes' first required here
build	Build DaddyBoard (HeliBoard fork)	2026-09-30T15:49:08.4813919Z C/C++:   119 |                   mWordAttributes(wordAttributes), mProbabilityEntry(probabilityEntry) {}
build	Build DaddyBoard (HeliBoard fork)	2026-09-30T15:49:08.4814780Z C/C++:       |                   ^
build	Build DaddyBoard (HeliBoard fork)	2026-09-30T15:49:08.4816308Z C/C++: /home/runner/work/daddyboard/daddyboard/daddyboard-main/app/src/main/jni/src/dictionary/structure/dictionary_structure_with_buffer_policy_factory.cpp:148:19: warning: variable length arrays in C++ are a Clang extension [-Wvla-cxx-extension]
build	Build DaddyBoard (HeliBoard fork)	2026-09-30T15:49:08.4818217Z C/C++:   148 |     char dictPath[dictDirPathBufSize];
build	Build DaddyBoard (HeliBoard fork)	2026-09-30T15:49:08.4818737Z C/C++:       |                   ^~~~~~~~~~~~~~~~~~
build	Build DaddyBoard (HeliBoard fork)	2026-09-30T15:49:08.4820316Z C/C++: /home/runner/work/daddyboard/daddyboard/daddyboard-main/app/src/main/jni/src/dictionary/structure/dictionary_structure_with_buffer_policy_factory.cpp:148:19: note: initializer of 'dictDirPathBufSize' is not a constant expression
build	Build DaddyBoard (HeliBoard fork)	2026-09-30T15:49:08.4822678Z C/C++: /home/runner/work/daddyboard/daddyboard/daddyboard-main/app/src/main/jni/src/dictionary/structure/dictionary_structure_with_buffer_policy_factory.cpp:147:15: note: declared here
build	Build DaddyBoard (HeliBoard fork)	2026-09-30T15:49:08.4824222Z C/C++:   147 |     const int dictDirPathBufSize = strlen(headerFilePath) + 1 /* terminator */;
build	Build DaddyBoard (HeliBoard fork)	2026-09-30T15:49:08.4825064Z C/C++:       |               ^
build	Build DaddyBoard (HeliBoard fork)	2026-09-30T15:49:08.4826596Z C/C++: /home/runner/work/daddyboard/daddyboard/daddyboard-main/app/src/main/jni/src/dictionary/structure/dictionary_structure_with_buffer_policy_factory.cpp:203:19: warning: variable length arrays in C++ are a Clang extension [-Wvla-cxx-extension]
build	Build DaddyBoard (HeliBoard fork)	2026-09-30T15:49:08.4828206Z C/C++:   203 |     char dictName[dictNameBufSize];
build	Build DaddyBoard (HeliBoard fork)	2026-09-30T15:49:08.4828714Z C/C++:       |                   ^~~~~~~~~~~~~~~
build	Build DaddyBoard (HeliBoard fork)	2026-09-30T15:49:08.4830226Z C/C++: /home/runner/work/daddyboard/daddyboard/daddyboard-main/app/src/main/jni/src/dictionary/structure/dictionary_structure_with_buffer_policy_factory.cpp:203:19: note: initializer of 'dictNameBufSize' is not a constant expression
build	Build DaddyBoard (HeliBoard fork)	2026-09-30T15:49:08.4832404Z C/C++: /home/runner/work/daddyboard/daddyboard/daddyboard-main/app/src/main/jni/src/dictionary/structure/dictionary_structure_with_buffer_policy_factory.cpp:202:15: note: declared here
build	Build DaddyBoard (HeliBoard fork)	2026-09-30T15:49:08.4834109Z C/C++:   202 |     const int dictNameBufSize = strlen(dictDirPath) + 1 /* terminator */;
build	Build DaddyBoard (HeliBoard fork)	2026-09-30T15:49:08.4834871Z C/C++:       |               ^
build	Build DaddyBoard (HeliBoard fork)	2026-09-30T15:49:08.5695276Z C/C++: In file included from /home/runner/work/daddyboard/daddyboard/daddyboard-main/app/src/main/jni/src/dictionary/structure/dictionary_structure_with_buffer_policy_factory.cpp:17:
build	Build DaddyBoard (HeliBoard fork)	2026-09-30T15:49:08.5697808Z C/C++: In file included from /home/runner/work/daddyboard/daddyboard/daddyboard-main/app/src/main/jni/src/dictionary/structure/dictionary_structure_with_buffer_policy_factory.h:24:
build	Build DaddyBoard (HeliBoard fork)	2026-09-30T15:49:08.5700338Z C/C++: In file included from /home/runner/work/daddyboard/daddyboard/daddyboard-main/app/src/main/jni/src/dictionary/interface/dictionary_structure_with_buffer_policy.h:25:
build	Build DaddyBoard (HeliBoard fork)	2026-09-30T15:49:08.5702261Z C/C++: In file included from /home/runner/work/daddyboard/daddyboard/daddyboard-main/app/src/main/jni/src/dictionary/property/word_property.h:23:
build	Build DaddyBoard (HeliBoard fork)	2026-09-30T15:49:08.5704187Z C/C++: In file included from /home/runner/work/daddyboard/daddyboard/daddyboard-main/app/src/main/jni/src/dictionary/property/ngram_property.h:24:
build	Build DaddyBoard (HeliBoard fork)	2026-09-30T15:49:08.5706120Z C/C++: In file included from /home/runner/work/daddyboard/daddyboard/daddyboard-main/app/src/main/jni/src/dictionary/property/ngram_context.h:23:
build	Build DaddyBoard (HeliBoard fork)	2026-09-30T15:49:08.5708495Z C/C++: /home/runner/work/daddyboard/daddyboard/daddyboard-main/app/src/main/jni/src/utils/int_array_view.h:160:5: warning: definition of implicit copy constructor for 'IntArrayView' is deprecated because it has a user-declared copy assignment operator [-Wdeprecated-copy]
build	Build DaddyBoard (HeliBoard fork)	2026-09-30T15:49:08.5710560Z C/C++:   160 |     DISALLOW_ASSIGNMENT_OPERATOR(IntArrayView);
build	Build DaddyBoard (HeliBoard fork)	2026-09-30T15:49:08.5711194Z C/C++:       |     ^
build	Build DaddyBoard (HeliBoard fork)	2026-09-30T15:49:08.5712269Z C/C++: /home/runner/work/daddyboard/daddyboard/daddyboard-main/app/src/main/jni/src/defines.h:289:8: note: expanded from macro 'DISALLOW_ASSIGNMENT_OPERATOR'
build	Build DaddyBoard (HeliBoard fork)	2026-09-30T15:49:08.5713542Z C/C++:   289 |   void operator=(const TypeName&) = delete
build	Build DaddyBoard (HeliBoard fork)	2026-09-30T15:49:08.5714154Z C/C++:       |        ^
build	Build DaddyBoard (HeliBoard fork)	2026-09-30T15:49:08.5715797Z C/C++: /usr/local/lib/android/sdk/ndk/28.0.13004108/toolchains/llvm/prebuilt/linux-x86_64/sysroot/usr/include/c++/v1/__memory/allocator.h:173:24: note: in implicit copy constructor for 'latinime::IntArrayView' first required here
build	Build DaddyBoard (HeliBoard fork)	2026-09-30T15:49:08.5718013Z C/C++:   173 |     ::new ((void*)__p) _Up(std::forward<_Args>(__args)...);
build	Build DaddyBoard (HeliBoard fork)	2026-09-30T15:49:08.5718693Z C/C++:       |                        ^
build	Build DaddyBoard (HeliBoard fork)	2026-09-30T15:49:08.5720648Z C/C++: /usr/local/lib/android/sdk/ndk/28.0.13004108/toolchains/llvm/prebuilt/linux-x86_64/sysroot/usr/include/c++/v1/__memory/allocator_traits.h:320:9: note: in instantiation of function template specialization 'std::allocator<latinime::IntArrayView>::construct<latinime::IntArrayView, latinime::IntArrayView>' requested here
build	Build DaddyBoard (HeliBoard fork)	2026-09-30T15:49:08.5722825Z C/C++:   320 |     __a.construct(__p, std::forward<_Args>(__args)...);
build	Build DaddyBoard (HeliBoard fork)	2026-09-30T15:49:08.5723472Z C/C++:       |         ^
build	Build DaddyBoard (HeliBoard fork)	2026-09-30T15:49:08.5725857Z C/C++: /usr/local/lib/android/sdk/ndk/28.0.13004108/toolchains/llvm/prebuilt/linux-x86_64/sysroot/usr/include/c++/v1/__memory/uninitialized_algorithms.h:639:33: note: in instantiation of function template specialization 'std::allocator_traits<std::allocator<latinime::IntArrayView>>::construct<latinime::IntArrayView, latinime::IntArrayView, 0>' requested here
build	Build DaddyBoard (HeliBoard fork)	2026-09-30T15:49:08.5728403Z C/C++:   639 |       allocator_traits<_Alloc>::construct(__alloc, __result, std::move(*__iter));
build	Build DaddyBoard (HeliBoard fork)	2026-09-30T15:49:08.5729252Z C/C++:       |                                 ^
build	Build DaddyBoard (HeliBoard fork)	2026-09-30T15:49:08.5730874Z C/C++: /usr/local/lib/android/sdk/ndk/28.0.13004108/toolchains/llvm/prebuilt/linux-x86_64/sysroot/usr/include/c++/v1/vector:1511:3: note: in instantiation of member function 'std::vector<latinime::IntArrayView>::__swap_out_circular_buffer' requested here
build	Build DaddyBoard (HeliBoard fork)	2026-09-30T15:49:08.5732626Z C/C++:  1511 |   __swap_out_circular_buffer(__v);
build	Build DaddyBoard (HeliBoard fork)	2026-09-30T15:49:08.5733557Z C/C++:       |   ^
build	Build DaddyBoard (HeliBoard fork)	2026-09-30T15:49:08.5735593Z C/C++: /usr/local/lib/android/sdk/ndk/28.0.13004108/toolchains/llvm/prebuilt/linux-x86_64/sysroot/usr/include/c++/v1/vector:1529:13: note: in instantiation of function template specialization 'std::vector<latinime::IntArrayView>::__emplace_back_slow_path<const int *const &, const unsigned long &>' requested here
build	Build DaddyBoard (HeliBoard fork)	2026-09-30T15:49:08.5737866Z C/C++:  1529 |     __end = __emplace_back_slow_path(std::forward<_Args>(__args)...);
build	Build DaddyBoard (HeliBoard fork)	2026-09-30T15:49:08.5738590Z C/C++:       |             ^
build	Build DaddyBoard (HeliBoard fork)	2026-09-30T15:49:08.5740372Z C/C++: /home/runner/work/daddyboard/daddyboard/daddyboard-main/app/src/main/jni/src/utils/int_array_view.h:142:20: note: in instantiation of function template specialization 'std::vector<latinime::IntArrayView>::emplace_back<const int *const &, const unsigned long &>' requested here
build	Build DaddyBoard (HeliBoard fork)	2026-09-30T15:49:08.5742402Z C/C++:   142 |             result.emplace_back(mPtr, mSize);
build	Build DaddyBoard (HeliBoard fork)	2026-09-30T15:49:08.5743012Z C/C++:       |                    ^
build	Build DaddyBoard (HeliBoard fork)	2026-09-30T15:49:08.5744474Z C/C++: In file included from /home/runner/work/daddyboard/daddyboard/daddyboard-main/app/src/main/jni/src/dictionary/structure/dictionary_structure_with_buffer_policy_factory.cpp:17:
build	Build DaddyBoard (HeliBoard fork)	2026-09-30T15:49:08.5746683Z C/C++: In file included from /home/runner/work/daddyboard/daddyboard/daddyboard-main/app/src/main/jni/src/dictionary/structure/dictionary_structure_with_buffer_policy_factory.h:24:
build	Build DaddyBoard (HeliBoard fork)	2026-09-30T15:49:08.5748810Z C/C++: In file included from /home/runner/work/daddyboard/daddyboard/daddyboard-main/app/src/main/jni/src/dictionary/interface/dictionary_structure_with_buffer_policy.h:25:
build	Build DaddyBoard (HeliBoard fork)	2026-09-30T15:49:08.5750623Z C/C++: In file included from /home/runner/work/daddyboard/daddyboard/daddyboard-main/app/src/main/jni/src/dictionary/property/word_property.h:23:
build	Build DaddyBoard (HeliBoard fork)	2026-09-30T15:49:08.5753162Z C/C++: /home/runner/work/daddyboard/daddyboard/daddyboard-main/app/src/main/jni/src/dictionary/property/ngram_property.h:54:5: warning: definition of implicit copy constructor for 'NgramProperty' is deprecated because it has a user-declared copy assignment operator [-Wdeprecated-copy]
build	Build DaddyBoard (HeliBoard fork)	2026-09-30T15:49:08.5755450Z C/C++:    54 |     DISALLOW_ASSIGNMENT_OPERATOR(NgramProperty);
build	Build DaddyBoard (HeliBoard fork)	2026-09-30T15:49:08.5756100Z C/C++:       |     ^
build	Build DaddyBoard (HeliBoard fork)	2026-09-30T15:49:08.5757463Z C/C++: /home/runner/work/daddyboard/daddyboard/daddyboard-main/app/src/main/jni/src/defines.h:289:8: note: expanded from macro 'DISALLOW_ASSIGNMENT_OPERATOR'
build	Build DaddyBoard (HeliBoard fork)	2026-09-30T15:49:08.5758735Z C/C++:   289 |   void operator=(const TypeName&) = delete
build	Build DaddyBoard (HeliBoard fork)	2026-09-30T15:49:08.5759341Z C/C++:       |        ^
build	Build DaddyBoard (HeliBoard fork)	2026-09-30T15:49:08.5760827Z C/C++: /usr/local/lib/android/sdk/ndk/28.0.13004108/toolchains/llvm/prebuilt/linux-x86_64/sysroot/usr/include/c++/v1/__memory/allocator.h:173:24: note: in implicit copy constructor for 'latinime::NgramProperty' first required here
build	Build DaddyBoard (HeliBoard fork)	2026-09-30T15:49:08.5762560Z C/C++:   173 |     ::new ((void*)__p) _Up(std::forward<_Args>(__args)...);
build	Build DaddyBoard (HeliBoard fork)	2026-09-30T15:49:08.5763323Z C/C++:       |                        ^
build	Build DaddyBoard (HeliBoard fork)	2026-09-30T15:49:08.5794116Z C/C++: /usr/local/lib/android/sdk/ndk/28.0.13004108/toolchains/llvm/prebuilt/linux-x86_64/sysroot/usr/include/c++/v1/__memory/allocator_traits.h:320:9: note: in instantiation of function template specialization 'std::allocator<latinime::NgramProperty>::construct<latinime::NgramProperty, latinime::NgramProperty &>' requested here
build	Build DaddyBoard (HeliBoard fork)	2026-09-30T15:49:08.5796655Z C/C++:   320 |     __a.construct(__p, std::forward<_Args>(__args)...);
build	Build DaddyBoard (HeliBoard fork)	2026-09-30T15:49:08.5797270Z C/C++:       |         ^
build	Build DaddyBoard (HeliBoard fork)	2026-09-30T15:49:08.5800468Z C/C++: /usr/local/lib/android/sdk/ndk/28.0.13004108/toolchains/llvm/prebuilt/linux-x86_64/sysroot/usr/include/c++/v1/__memory/uninitialized_algorithms.h:551:31: note: in instantiation of function template specialization 'std::allocator_traits<std::allocator<latinime::NgramProperty>>::construct<latinime::NgramProperty, latinime::NgramProperty &, 0>' requested here
build	Build DaddyBoard (HeliBoard fork)	2026-09-30T15:49:08.5803240Z C/C++:   551 |     allocator_traits<_Alloc>::construct(__alloc, std::__to_address(__first2), *__first1);
build	Build DaddyBoard (HeliBoard fork)	2026-09-30T15:49:08.5804472Z C/C++:       |                               ^
build	Build DaddyBoard (HeliBoard fork)	2026-09-30T15:49:08.5807102Z C/C++: /usr/local/lib/android/sdk/ndk/28.0.13004108/toolchains/llvm/prebuilt/linux-x86_64/sysroot/usr/include/c++/v1/__memory/uninitialized_algorithms.h:594:33: note: in instantiation of function template specialization 'std::__uninitialized_allocator_copy_impl<std::allocator<latinime::NgramProperty>, latinime::NgramProperty *, latinime::NgramProperty *, latinime::NgramProperty *>' requested here
build	Build DaddyBoard (HeliBoard fork)	2026-09-30T15:49:08.5809972Z C/C++:   594 |   auto __result          = std::__uninitialized_allocator_copy_impl(
build	Build DaddyBoard (HeliBoard fork)	2026-09-30T15:49:08.5810625Z C/C++:       |                                 ^
build	Build DaddyBoard (HeliBoard fork)	2026-09-30T15:49:08.5813073Z C/C++: /usr/local/lib/android/sdk/ndk/28.0.13004108/toolchains/llvm/prebuilt/linux-x86_64/sysroot/usr/include/c++/v1/vector:1100:22: note: in instantiation of function template specialization 'std::__uninitialized_allocator_copy<std::allocator<latinime::NgramProperty>, latinime::NgramProperty *, latinime::NgramProperty *, latinime::NgramProperty *>' requested here
build	Build DaddyBoard (HeliBoard fork)	2026-09-30T15:49:08.5815992Z C/C++:  1100 |   __tx.__pos_ = std::__uninitialized_allocator_copy(__alloc(), __first, __last, __tx.__pos_);
build	Build DaddyBoard (HeliBoard fork)	2026-09-30T15:49:08.5816808Z C/C++:       |                      ^
build	Build DaddyBoard (HeliBoard fork)	2026-09-30T15:49:08.5818903Z C/C++: /usr/local/lib/android/sdk/ndk/28.0.13004108/toolchains/llvm/prebuilt/linux-x86_64/sysroot/usr/include/c++/v1/vector:761:7: note: in instantiation of function template specialization 'std::vector<latinime::NgramProperty>::__construct_at_end<latinime::NgramProperty *, latinime::NgramProperty *>' requested here
build	Build DaddyBoard (HeliBoard fork)	2026-09-30T15:49:08.5821089Z C/C++:   761 |       __construct_at_end(__first, __last, __n);
build	Build DaddyBoard (HeliBoard fork)	2026-09-30T15:49:08.5821630Z C/C++:       |       ^
build	Build DaddyBoard (HeliBoard fork)	2026-09-30T15:49:08.5823650Z C/C++: /usr/local/lib/android/sdk/ndk/28.0.13004108/toolchains/llvm/prebuilt/linux-x86_64/sysroot/usr/include/c++/v1/vector:1213:3: note: in instantiation of function template specialization 'std::vector<latinime::NgramProperty>::__init_with_size<latinime::NgramProperty *, latinime::NgramProperty *>' requested here
build	Build DaddyBoard (HeliBoard fork)	2026-09-30T15:49:08.5826443Z C/C++:  1213 |   __init_with_size(__x.__begin_, __x.__end_, __x.size());
build	Build DaddyBoard (HeliBoard fork)	2026-09-30T15:49:08.5827043Z C/C++:       |   ^
build	Build DaddyBoard (HeliBoard fork)	2026-09-30T15:49:08.5828815Z C/C++: /home/runner/work/daddyboard/daddyboard/daddyboard-main/app/src/main/jni/src/dictionary/property/word_property.h:39:15: note: in instantiation of member function 'std::vector<latinime::NgramProperty>::vector' requested here
build	Build DaddyBoard (HeliBoard fork)	2026-09-30T15:49:08.5830479Z C/C++:    39 |               mNgrams(ngrams) {}
build	Build DaddyBoard (HeliBoard fork)	2026-09-30T15:49:08.5830988Z C/C++:       |               ^
build	Build DaddyBoard (HeliBoard fork)	2026-09-30T15:49:08.6697039Z C/C++: /home/runner/work/daddyboard/daddyboard/daddyboard-main/app/src/main/jni/src/dictionary/structure/dictionary_structure_with_buffer_policy_factory.cpp:148:19: warning: variable length arrays in C++ are a Clang extension [-Wvla-cxx-extension]
build	Build DaddyBoard (HeliBoard fork)	2026-09-30T15:49:08.6698990Z C/C++:   148 |     char dictPath[dictDirPathBufSize];
build	Build DaddyBoard (HeliBoard fork)	2026-09-30T15:49:08.6717029Z C/C++:       |                   ^~~~~~~~~~~~~~~~~~
build	Build DaddyBoard (HeliBoard fork)	2026-09-30T15:49:08.6720689Z C/C++: /home/runner/work/daddyboard/daddyboard/daddyboard-main/app/src/main/jni/src/dictionary/structure/dictionary_structure_with_buffer_policy_factory.cpp:122:20: note: in instantiation of function template specialization 'latinime::DictionaryStructureWithBufferPolicyFactory::newPolicyForV4Dict<latinime::backward::v402::Ver4DictConstants, latinime::backward::v402::Ver4DictBuffers, std::unique_ptr<latinime::backward::v402::Ver4DictBuffers>, latinime::backward::v402::Ver4PatriciaTriePolicy>' requested here
build	Build DaddyBoard (HeliBoard fork)	2026-09-30T15:49:08.6724599Z C/C++:   122 |             return newPolicyForV4Dict<backward::v402::Ver4DictConstants,
build	Build DaddyBoard (HeliBoard fork)	2026-09-30T15:49:08.6725442Z C/C++:       |                    ^
build	Build DaddyBoard (HeliBoard fork)	2026-09-30T15:49:08.6727078Z C/C++: /home/runner/work/daddyboard/daddyboard/daddyboard-main/app/src/main/jni/src/dictionary/structure/dictionary_structure_with_buffer_policy_factory.cpp:148:19: note: initializer of 'dictDirPathBufSize' is not a constant expression
build	Build DaddyBoard (HeliBoard fork)	2026-09-30T15:49:08.6729380Z C/C++:   148 |     char dictPath[dictDirPathBufSize];
build	Build DaddyBoard (HeliBoard fork)	2026-09-30T15:49:08.6730027Z C/C++:       |                   ^
build	Build DaddyBoard (HeliBoard fork)	2026-09-30T15:49:08.6731522Z C/C++: /home/runner/work/daddyboard/daddyboard/daddyboard-main/app/src/main/jni/src/dictionary/structure/dictionary_structure_with_buffer_policy_factory.cpp:147:15: note: declared here
build	Build DaddyBoard (HeliBoard fork)	2026-09-30T15:49:08.6733378Z C/C++:   147 |     const int dictDirPathBufSize = strlen(headerFilePath) + 1 /* terminator */;
build	Build DaddyBoard (HeliBoard fork)	2026-09-30T15:49:08.6734221Z C/C++:       |               ^
build	Build DaddyBoard (HeliBoard fork)	2026-09-30T15:49:08.6736092Z C/C++: /home/runner/work/daddyboard/daddyboard/daddyboard-main/app/src/main/jni/src/dictionary/structure/dictionary_structure_with_buffer_policy_factory.cpp:148:19: warning: variable length arrays in C++ are a Clang extension [-Wvla-cxx-extension]
build	Build DaddyBoard (HeliBoard fork)	2026-09-30T15:49:08.6737903Z C/C++:   148 |     char dictPath[dictDirPathBufSize];
build	Build DaddyBoard (HeliBoard fork)	2026-09-30T15:49:08.6738561Z C/C++:       |                   ^~~~~~~~~~~~~~~~~~
build	Build DaddyBoard (HeliBoard fork)	2026-09-30T15:49:08.6741548Z C/C++: /home/runner/work/daddyboard/daddyboard/daddyboard-main/app/src/main/jni/src/dictionary/structure/dictionary_structure_with_buffer_policy_factory.cpp:130:20: note: in instantiation of function template specialization 'latinime::DictionaryStructureWithBufferPolicyFactory::newPolicyForV4Dict<latinime::Ver4DictConstants, latinime::Ver4DictBuffers, std::unique_ptr<latinime::Ver4DictBuffers>, latinime::Ver4PatriciaTriePolicy>' requested here
build	Build DaddyBoard (HeliBoard fork)	2026-09-30T15:49:08.6745010Z C/C++:   130 |             return newPolicyForV4Dict<Ver4DictConstants, Ver4DictBuffers,
build	Build DaddyBoard (HeliBoard fork)	2026-09-30T15:49:08.6745869Z C/C++:       |                    ^
build	Build DaddyBoard (HeliBoard fork)	2026-09-30T15:49:08.6747496Z C/C++: /home/runner/work/daddyboard/daddyboard/daddyboard-main/app/src/main/jni/src/dictionary/structure/dictionary_structure_with_buffer_policy_factory.cpp:148:19: note: initializer of 'dictDirPathBufSize' is not a constant expression
build	Build DaddyBoard (HeliBoard fork)	2026-09-30T15:49:08.6749327Z C/C++:   148 |     char dictPath[dictDirPathBufSize];
build	Build DaddyBoard (HeliBoard fork)	2026-09-30T15:49:08.6749971Z C/C++:       |                   ^
build	Build DaddyBoard (HeliBoard fork)	2026-09-30T15:49:08.6751369Z C/C++: /home/runner/work/daddyboard/daddyboard/daddyboard-main/app/src/main/jni/src/dictionary/structure/dictionary_structure_with_buffer_policy_factory.cpp:147:15: note: declared here
build	Build DaddyBoard (HeliBoard fork)	2026-09-30T15:49:08.6753625Z C/C++:   147 |     const int dictDirPathBufSize = strlen(headerFilePath) + 1 /* terminator */;
build	Build DaddyBoard (HeliBoard fork)	2026-09-30T15:49:08.6754618Z C/C++:       |               ^
build	Build DaddyBoard (HeliBoard fork)	2026-09-30T15:49:08.7715429Z C/C++: 13 warnings generated.
build	Build DaddyBoard (HeliBoard fork)	2026-09-30T15:49:09.3716139Z C/C++: In file included from /home/runner/work/daddyboard/daddyboard/daddyboard-main/app/src/main/jni/src/dictionary/structure/pt_common/bigram/bigram_list_read_write_utils.cpp:17:
build	Build DaddyBoard (HeliBoard fork)	2026-09-30T15:49:09.3745971Z C/C++: In file included from /home/runner/work/daddyboard/daddyboard/daddyboard-main/app/src/main/jni/src/dictionary/structure/pt_common/bigram/bigram_list_read_write_utils.h:24:
build	Build DaddyBoard (HeliBoard fork)	2026-09-30T15:49:09.3776503Z C/C++: /home/runner/work/daddyboard/daddyboard/daddyboard-main/app/src/main/jni/src/utils/byte_array_view.h:53:5: warning: definition of implicit copy constructor for 'ReadOnlyByteArrayView' is deprecated because it has a user-declared copy assignment operator [-Wdeprecated-copy]
build	Build DaddyBoard (HeliBoard fork)	2026-09-30T15:49:09.3805284Z C/C++:    53 |     DISALLOW_ASSIGNMENT_OPERATOR(ReadOnlyByteArrayView);
build	Build DaddyBoard (HeliBoard fork)	2026-09-30T15:49:09.3815323Z C/C++:       |     ^
build	Build DaddyBoard (HeliBoard fork)	2026-09-30T15:49:09.3843484Z C/C++: /home/runner/work/daddyboard/daddyboard/daddyboard-main/app/src/main/jni/src/defines.h:289:8: note: expanded from macro 'DISALLOW_ASSIGNMENT_OPERATOR'
build	Build DaddyBoard (HeliBoard fork)	2026-09-30T15:49:09.3845001Z C/C++:   289 |   void operator=(const TypeName&) = delete
build	Build DaddyBoard (HeliBoard fork)	2026-09-30T15:49:09.3845604Z C/C++:       |        ^
build	Build DaddyBoard (HeliBoard fork)	2026-09-30T15:49:09.3847210Z C/C++: /home/runner/work/daddyboard/daddyboard/daddyboard-main/app/src/main/jni/src/dictionary/structure/pt_common/bigram/bigram_list_read_write_utils.cpp:54:62: note: in implicit copy constructor for 'latinime::ReadOnlyByteArrayView' first required here
build	Build DaddyBoard (HeliBoard fork)	2026-09-30T15:49:09.3875431Z C/C++:    54 |     const int targetPos = getBigramAddressAndAdvancePosition(buffer, bigramFlags, bigramEntryPos);
build	Build DaddyBoard (HeliBoard fork)	2026-09-30T15:49:09.3905090Z C/C++:       |                                                              ^
build	Build DaddyBoard (HeliBoard fork)	2026-09-30T15:49:09.4693794Z C/C++: 1 warning generated.
build	Build DaddyBoard (HeliBoard fork)	2026-09-30T15:49:10.3722541Z C/C++: In file included from /home/runner/work/daddyboard/daddyboard/daddyboard-main/app/src/main/jni/src/dictionary/structure/pt_common/dynamic_pt_gc_event_listeners.cpp:17:
build	Build DaddyBoard (HeliBoard fork)	2026-09-30T15:49:10.3730362Z C/C++: In file included from /home/runner/work/daddyboard/daddyboard/daddyboard-main/app/src/main/jni/src/dictionary/structure/pt_common/dynamic_pt_gc_event_listeners.h:23:
build	Build DaddyBoard (HeliBoard fork)	2026-09-30T15:49:10.3732588Z C/C++: In file included from /home/runner/work/daddyboard/daddyboard/daddyboard-main/app/src/main/jni/src/dictionary/structure/pt_common/dynamic_pt_reading_helper.h:24:
build	Build DaddyBoard (HeliBoard fork)	2026-09-30T15:49:10.3734839Z C/C++: In file included from /home/runner/work/daddyboard/daddyboard/daddyboard-main/app/src/main/jni/src/dictionary/structure/pt_common/pt_node_params.h:27:
build	Build DaddyBoard (HeliBoard fork)	2026-09-30T15:49:10.3737702Z C/C++: /home/runner/work/daddyboard/daddyboard/daddyboard-main/app/src/main/jni/src/utils/int_array_view.h:160:5: warning: definition of implicit copy constructor for 'IntArrayView' is deprecated because it has a user-declared copy assignment operator [-Wdeprecated-copy]
build	Build DaddyBoard (HeliBoard fork)	2026-09-30T15:49:10.3739940Z C/C++:   160 |     DISALLOW_ASSIGNMENT_OPERATOR(IntArrayView);
build	Build DaddyBoard (HeliBoard fork)	2026-09-30T15:49:10.3740654Z C/C++:       |     ^
build	Build DaddyBoard (HeliBoard fork)	2026-09-30T15:49:10.3741880Z C/C++: /home/runner/work/daddyboard/daddyboard/daddyboard-main/app/src/main/jni/src/defines.h:289:8: note: expanded from macro 'DISALLOW_ASSIGNMENT_OPERATOR'
build	Build DaddyBoard (HeliBoard fork)	2026-09-30T15:49:10.3743228Z C/C++:   289 |   void operator=(const TypeName&) = delete
build	Build DaddyBoard (HeliBoard fork)	2026-09-30T15:49:10.3743873Z C/C++:       |        ^
build	Build DaddyBoard (HeliBoard fork)	2026-09-30T15:49:10.3745570Z C/C++: /usr/local/lib/android/sdk/ndk/28.0.13004108/toolchains/llvm/prebuilt/linux-x86_64/sysroot/usr/include/c++/v1/__memory/allocator.h:173:24: note: in implicit copy constructor for 'latinime::IntArrayView' first required here
build	Build DaddyBoard (HeliBoard fork)	2026-09-30T15:49:10.3747446Z C/C++:   173 |     ::new ((void*)__p) _Up(std::forward<_Args>(__args)...);
build	Build DaddyBoard (HeliBoard fork)	2026-09-30T15:49:10.3748176Z C/C++:       |                        ^
build	Build DaddyBoard (HeliBoard fork)	2026-09-30T15:49:10.3750460Z C/C++: /usr/local/lib/android/sdk/ndk/28.0.13004108/toolchains/llvm/prebuilt/linux-x86_64/sysroot/usr/include/c++/v1/__memory/allocator_traits.h:320:9: note: in instantiation of function template specialization 'std::allocator<latinime::IntArrayView>::construct<latinime::IntArrayView, latinime::IntArrayView>' requested here
build	Build DaddyBoard (HeliBoard fork)	2026-09-30T15:49:10.3753645Z C/C++:   320 |     __a.construct(__p, std::forward<_Args>(__args)...);
build	Build DaddyBoard (HeliBoard fork)	2026-09-30T15:49:10.3754522Z C/C++:       |         ^
build	Build DaddyBoard (HeliBoard fork)	2026-09-30T15:49:10.3756747Z C/C++: /usr/local/lib/android/sdk/ndk/28.0.13004108/toolchains/llvm/prebuilt/linux-x86_64/sysroot/usr/include/c++/v1/__memory/uninitialized_algorithms.h:639:33: note: in instantiation of function template specialization 'std::allocator_traits<std::allocator<latinime::IntArrayView>>::construct<latinime::IntArrayView, latinime::IntArrayView, 0>' requested here
build	Build DaddyBoard (HeliBoard fork)	2026-09-30T15:49:10.3759328Z C/C++:   639 |       allocator_traits<_Alloc>::construct(__alloc, __result, std::move(*__iter));
build	Build DaddyBoard (HeliBoard fork)	2026-09-30T15:49:10.3760220Z C/C++:       |                                 ^
build	Build DaddyBoard (HeliBoard fork)	2026-09-30T15:49:10.3761842Z C/C++: /usr/local/lib/android/sdk/ndk/28.0.13004108/toolchains/llvm/prebuilt/linux-x86_64/sysroot/usr/include/c++/v1/vector:1511:3: note: in instantiation of member function 'std::vector<latinime::IntArrayView>::__swap_out_circular_buffer' requested here
build	Build DaddyBoard (HeliBoard fork)	2026-09-30T15:49:10.3763574Z C/C++:  1511 |   __swap_out_circular_buffer(__v);
build	Build DaddyBoard (HeliBoard fork)	2026-09-30T15:49:10.3764170Z C/C++:       |   ^
build	Build DaddyBoard (HeliBoard fork)	2026-09-30T15:49:10.3766330Z C/C++: /usr/local/lib/android/sdk/ndk/28.0.13004108/toolchains/llvm/prebuilt/linux-x86_64/sysroot/usr/include/c++/v1/vector:1529:13: note: in instantiation of function template specialization 'std::vector<latinime::IntArrayView>::__emplace_back_slow_path<const int *const &, const unsigned long &>' requested here
build	Build DaddyBoard (HeliBoard fork)	2026-09-30T15:49:10.3768923Z C/C++:  1529 |     __end = __emplace_back_slow_path(std::forward<_Args>(__args)...);
build	Build DaddyBoard (HeliBoard fork)	2026-09-30T15:49:10.3769593Z C/C++:       |             ^
build	Build DaddyBoard (HeliBoard fork)	2026-09-30T15:49:10.3771319Z C/C++: /home/runner/work/daddyboard/daddyboard/daddyboard-main/app/src/main/jni/src/utils/int_array_view.h:142:20: note: in instantiation of function template specialization 'std::vector<latinime::IntArrayView>::emplace_back<const int *const &, const unsigned long &>' requested here
build	Build DaddyBoard (HeliBoard fork)	2026-09-30T15:49:10.3773177Z C/C++:   142 |             result.emplace_back(mPtr, mSize);
build	Build DaddyBoard (HeliBoard fork)	2026-09-30T15:49:10.3773813Z C/C++:       |                    ^
build	Build DaddyBoard (HeliBoard fork)	2026-09-30T15:49:10.4695456Z C/C++: 1 warning generated.
build	Build DaddyBoard (HeliBoard fork)	2026-09-30T15:49:11.1706542Z C/C++: /home/runner/work/daddyboard/daddyboard/daddyboard-main/app/src/main/jni/src/dictionary/structure/pt_common/dynamic_pt_reading_helper.cpp:182:27: warning: variable length arrays in C++ are a Clang extension [-Wvla-cxx-extension]
build	Build DaddyBoard (HeliBoard fork)	2026-09-30T15:49:11.1733930Z C/C++:   182 |     int reverseCodePoints[maxCodePointCount];
build	Build DaddyBoard (HeliBoard fork)	2026-09-30T15:49:11.1751110Z C/C++:       |                           ^~~~~~~~~~~~~~~~~
build	Build DaddyBoard (HeliBoard fork)	2026-09-30T15:49:11.1787984Z C/C++: /home/runner/work/daddyboard/daddyboard/daddyboard-main/app/src/main/jni/src/dictionary/structure/pt_common/dynamic_pt_reading_helper.cpp:182:27: note: function parameter 'maxCodePointCount' with unknown value cannot be used in a constant expression
build	Build DaddyBoard (HeliBoard fork)	2026-09-30T15:49:11.1815999Z C/C++: /home/runner/work/daddyboard/daddyboard/daddyboard-main/app/src/main/jni/src/dictionary/structure/pt_common/dynamic_pt_reading_helper.cpp:178:76: note: declared here
build	Build DaddyBoard (HeliBoard fork)	2026-09-30T15:49:11.1845516Z C/C++:   178 | int DynamicPtReadingHelper::getCodePointsAndReturnCodePointCount(const int maxCodePointCount,
build	Build DaddyBoard (HeliBoard fork)	2026-09-30T15:49:11.1846770Z C/C++:       |                                                                            ^
build	Build DaddyBoard (HeliBoard fork)	2026-09-30T15:49:11.1878474Z C/C++: /home/runner/work/daddyboard/daddyboard/daddyboard-main/app/src/main/jni/src/dictionary/structure/pt_common/dynamic_pt_reading_helper.cpp:217:26: warning: variable length arrays in C++ are a Clang extension [-Wvla-cxx-extension]
build	Build DaddyBoard (HeliBoard fork)	2026-09-30T15:49:11.1922980Z C/C++:   217 |     int searchCodePoints[length];
build	Build DaddyBoard (HeliBoard fork)	2026-09-30T15:49:11.1965009Z C/C++:       |                          ^~~~~~
build	Build DaddyBoard (HeliBoard fork)	2026-09-30T15:49:11.1986533Z C/C++: /home/runner/work/daddyboard/daddyboard/daddyboard-main/app/src/main/jni/src/dictionary/structure/pt_common/dynamic_pt_reading_helper.cpp:217:26: note: function parameter 'length' with unknown value cannot be used in a constant expression
build	Build DaddyBoard (HeliBoard fork)	2026-09-30T15:49:11.2016031Z C/C++: /home/runner/work/daddyboard/daddyboard/daddyboard-main/app/src/main/jni/src/dictionary/structure/pt_common/dynamic_pt_reading_helper.cpp:216:22: note: declared here
build	Build DaddyBoard (HeliBoard fork)	2026-09-30T15:49:11.2045488Z C/C++:   216 |         const size_t length, const bool forceLowerCaseSearch) {
build	Build DaddyBoard (HeliBoard fork)	2026-09-30T15:49:11.2075264Z C/C++:       |                      ^
build	Build DaddyBoard (HeliBoard fork)	2026-09-30T15:49:11.2694821Z C/C++: In file included from /home/runner/work/daddyboard/daddyboard/daddyboard-main/app/src/main/jni/src/dictionary/structure/pt_common/dynamic_pt_reading_helper.cpp:17:
build	Build DaddyBoard (HeliBoard fork)	2026-09-30T15:49:11.2697526Z C/C++: In file included from /home/runner/work/daddyboard/daddyboard/daddyboard-main/app/src/main/jni/src/dictionary/structure/pt_common/dynamic_pt_reading_helper.h:24:
build	Build DaddyBoard (HeliBoard fork)	2026-09-30T15:49:11.2708178Z C/C++: In file included from /home/runner/work/daddyboard/daddyboard/daddyboard-main/app/src/main/jni/src/dictionary/structure/pt_common/pt_node_params.h:27:
build	Build DaddyBoard (HeliBoard fork)	2026-09-30T15:49:11.2716712Z C/C++: /home/runner/work/daddyboard/daddyboard/daddyboard-main/app/src/main/jni/src/utils/int_array_view.h:160:5: warning: definition of implicit copy constructor for 'IntArrayView' is deprecated because it has a user-declared copy assignment operator [-Wdeprecated-copy]
build	Build DaddyBoard (HeliBoard fork)	2026-09-30T15:49:11.2719012Z C/C++:   160 |     DISALLOW_ASSIGNMENT_OPERATOR(IntArrayView);
build	Build DaddyBoard (HeliBoard fork)	2026-09-30T15:49:11.2719651Z C/C++:       |     ^
build	Build DaddyBoard (HeliBoard fork)	2026-09-30T15:49:11.2720749Z C/C++: /home/runner/work/daddyboard/daddyboard/daddyboard-main/app/src/main/jni/src/defines.h:289:8: note: expanded from macro 'DISALLOW_ASSIGNMENT_OPERATOR'
build	Build DaddyBoard (HeliBoard fork)	2026-09-30T15:49:11.2722499Z C/C++:   289 |   void operator=(const TypeName&) = delete
build	Build DaddyBoard (HeliBoard fork)	2026-09-30T15:49:11.2723092Z C/C++:       |        ^
build	Build DaddyBoard (HeliBoard fork)	2026-09-30T15:49:11.2724628Z C/C++: /usr/local/lib/android/sdk/ndk/28.0.13004108/toolchains/llvm/prebuilt/linux-x86_64/sysroot/usr/include/c++/v1/__memory/allocator.h:173:24: note: in implicit copy constructor for 'latinime::IntArrayView' first required here
build	Build DaddyBoard (HeliBoard fork)	2026-09-30T15:49:11.2726288Z C/C++:   173 |     ::new ((void*)__p) _Up(std::forward<_Args>(__args)...);
build	Build DaddyBoard (HeliBoard fork)	2026-09-30T15:49:11.2726961Z C/C++:       |                        ^
build	Build DaddyBoard (HeliBoard fork)	2026-09-30T15:49:11.2728949Z C/C++: /usr/local/lib/android/sdk/ndk/28.0.13004108/toolchains/llvm/prebuilt/linux-x86_64/sysroot/usr/include/c++/v1/__memory/allocator_traits.h:320:9: note: in instantiation of function template specialization 'std::allocator<latinime::IntArrayView>::construct<latinime::IntArrayView, latinime::IntArrayView>' requested here
build	Build DaddyBoard (HeliBoard fork)	2026-09-30T15:49:11.2731108Z C/C++:   320 |     __a.construct(__p, std::forward<_Args>(__args)...);
build	Build DaddyBoard (HeliBoard fork)	2026-09-30T15:49:11.2731705Z C/C++:       |         ^
build	Build DaddyBoard (HeliBoard fork)	2026-09-30T15:49:11.2733929Z C/C++: /usr/local/lib/android/sdk/ndk/28.0.13004108/toolchains/llvm/prebuilt/linux-x86_64/sysroot/usr/include/c++/v1/__memory/uninitialized_algorithms.h:639:33: note: in instantiation of function template specialization 'std::allocator_traits<std::allocator<latinime::IntArrayView>>::construct<latinime::IntArrayView, latinime::IntArrayView, 0>' requested here
build	Build DaddyBoard (HeliBoard fork)	2026-09-30T15:49:11.2736780Z C/C++:   639 |       allocator_traits<_Alloc>::construct(__alloc, __result, std::move(*__iter));
build	Build DaddyBoard (HeliBoard fork)	2026-09-30T15:49:11.2737634Z C/C++:       |                                 ^
build	Build DaddyBoard (HeliBoard fork)	2026-09-30T15:49:11.2739390Z C/C++: /usr/local/lib/android/sdk/ndk/28.0.13004108/toolchains/llvm/prebuilt/linux-x86_64/sysroot/usr/include/c++/v1/vector:1511:3: note: in instantiation of member function 'std::vector<latinime::IntArrayView>::__swap_out_circular_buffer' requested here
build	Build DaddyBoard (HeliBoard fork)	2026-09-30T15:49:11.2741117Z C/C++:  1511 |   __swap_out_circular_buffer(__v);
build	Build DaddyBoard (HeliBoard fork)	2026-09-30T15:49:11.2741709Z C/C++:       |   ^
build	Build DaddyBoard (HeliBoard fork)	2026-09-30T15:49:11.2743779Z C/C++: /usr/local/lib/android/sdk/ndk/28.0.13004108/toolchains/llvm/prebuilt/linux-x86_64/sysroot/usr/include/c++/v1/vector:1529:13: note: in instantiation of function template specialization 'std::vector<latinime::IntArrayView>::__emplace_back_slow_path<const int *const &, const unsigned long &>' requested here
build	Build DaddyBoard (HeliBoard fork)	2026-09-30T15:49:11.2747040Z C/C++:  1529 |     __end = __emplace_back_slow_path(std::forward<_Args>(__args)...);
build	Build DaddyBoard (HeliBoard fork)	2026-09-30T15:49:11.2747847Z C/C++:       |             ^
build	Build DaddyBoard (HeliBoard fork)	2026-09-30T15:49:11.2749841Z C/C++: /home/runner/work/daddyboard/daddyboard/daddyboard-main/app/src/main/jni/src/utils/int_array_view.h:142:20: note: in instantiation of function template specialization 'std::vector<latinime::IntArrayView>::emplace_back<const int *const &, const unsigned long &>' requested here
build	Build DaddyBoard (HeliBoard fork)	2026-09-30T15:49:11.2751583Z C/C++:   142 |             result.emplace_back(mPtr, mSize);
build	Build DaddyBoard (HeliBoard fork)	2026-09-30T15:49:11.2752161Z C/C++:       |                    ^
build	Build DaddyBoard (HeliBoard fork)	2026-09-30T15:49:11.3702318Z C/C++: 3 warnings generated.
build	Build DaddyBoard (HeliBoard fork)	2026-09-30T15:49:11.9695185Z C/C++: In file included from /home/runner/work/daddyboard/daddyboard/daddyboard-main/app/src/main/jni/src/dictionary/structure/pt_common/dynamic_pt_updating_helper.cpp:19:
build	Build DaddyBoard (HeliBoard fork)	2026-09-30T15:49:11.9745978Z C/C++: In file included from /home/runner/work/daddyboard/daddyboard/daddyboard-main/app/src/main/jni/src/dictionary/property/unigram_property.h:23:
build	Build DaddyBoard (HeliBoard fork)	2026-09-30T15:49:11.9786847Z C/C++: /home/runner/work/daddyboard/daddyboard/daddyboard-main/app/src/main/jni/src/dictionary/property/historical_info.h:52:5: warning: definition of implicit copy constructor for 'HistoricalInfo' is deprecated because it has a user-declared copy assignment operator [-Wdeprecated-copy]
build	Build DaddyBoard (HeliBoard fork)	2026-09-30T15:49:11.9815444Z C/C++:    52 |     DISALLOW_ASSIGNMENT_OPERATOR(HistoricalInfo);
build	Build DaddyBoard (HeliBoard fork)	2026-09-30T15:49:11.9865243Z C/C++:       |     ^
build	Build DaddyBoard (HeliBoard fork)	2026-09-30T15:49:11.9906022Z C/C++: /home/runner/work/daddyboard/daddyboard/daddyboard-main/app/src/main/jni/src/defines.h:289:8: note: expanded from macro 'DISALLOW_ASSIGNMENT_OPERATOR'
build	Build DaddyBoard (HeliBoard fork)	2026-09-30T15:49:11.9955444Z C/C++:   289 |   void operator=(const TypeName&) = delete
build	Build DaddyBoard (HeliBoard fork)	2026-09-30T15:49:11.9985244Z C/C++:       |        ^
build	Build DaddyBoard (HeliBoard fork)	2026-09-30T15:49:12.0046459Z C/C++: /home/runner/work/daddyboard/daddyboard/daddyboard-main/app/src/main/jni/src/dictionary/property/unigram_property.h:63:15: note: in implicit copy constructor for 'latinime::HistoricalInfo' first required here
build	Build DaddyBoard (HeliBoard fork)	2026-09-30T15:49:12.0048872Z C/C++:    63 |               mHistoricalInfo(historicalInfo), mShortcuts(std::move(shortcuts)) {}
build	Build DaddyBoard (HeliBoard fork)	2026-09-30T15:49:12.0049894Z C/C++:       |               ^
build	Build DaddyBoard (HeliBoard fork)	2026-09-30T15:49:12.0746195Z C/C++: In file included from /home/runner/work/daddyboard/daddyboard/daddyboard-main/app/src/main/jni/src/dictionary/structure/pt_common/dynamic_pt_updating_helper.cpp:17:
build	Build DaddyBoard (HeliBoard fork)	2026-09-30T15:49:12.0748790Z C/C++: In file included from /home/runner/work/daddyboard/daddyboard/daddyboard-main/app/src/main/jni/src/dictionary/structure/pt_common/dynamic_pt_updating_helper.h:21:
build	Build DaddyBoard (HeliBoard fork)	2026-09-30T15:49:12.0765266Z C/C++: In file included from /home/runner/work/daddyboard/daddyboard/daddyboard-main/app/src/main/jni/src/dictionary/structure/pt_common/pt_node_params.h:27:
build	Build DaddyBoard (HeliBoard fork)	2026-09-30T15:49:12.0806311Z C/C++: /home/runner/work/daddyboard/daddyboard/daddyboard-main/app/src/main/jni/src/utils/int_array_view.h:160:5: warning: definition of implicit copy constructor for 'IntArrayView' is deprecated because it has a user-declared copy assignment operator [-Wdeprecated-copy]
build	Build DaddyBoard (HeliBoard fork)	2026-09-30T15:49:12.0808498Z C/C++:   160 |     DISALLOW_ASSIGNMENT_OPERATOR(IntArrayView);
build	Build DaddyBoard (HeliBoard fork)	2026-09-30T15:49:12.0834998Z C/C++:       |     ^
build	Build DaddyBoard (HeliBoard fork)	2026-09-30T15:49:12.0863665Z C/C++: /home/runner/work/daddyboard/daddyboard/daddyboard-main/app/src/main/jni/src/defines.h:289:8: note: expanded from macro 'DISALLOW_ASSIGNMENT_OPERATOR'
build	Build DaddyBoard (HeliBoard fork)	2026-09-30T15:49:12.0866703Z C/C++:   289 |   void operator=(const TypeName&) = delete
build	Build DaddyBoard (HeliBoard fork)	2026-09-30T15:49:12.0895032Z C/C++:       |        ^
build	Build DaddyBoard (HeliBoard fork)	2026-09-30T15:49:12.0926222Z C/C++: /home/runner/work/daddyboard/daddyboard/daddyboard-main/app/src/main/jni/src/dictionary/structure/pt_common/dynamic_pt_updating_helper.cpp:99:41: note: in implicit copy constructor for 'latinime::IntArrayView' first required here
build	Build DaddyBoard (HeliBoard fork)	2026-09-30T15:49:12.0940037Z C/C++:    99 |     return mPtNodeWriter->addNgramEntry(prevWordIds, wordId, ngramProperty, outAddedNewEntry);
build	Build DaddyBoard (HeliBoard fork)	2026-09-30T15:49:12.0963997Z C/C++:       |                                         ^
build	Build DaddyBoard (HeliBoard fork)	2026-09-30T15:49:12.2715339Z C/C++: 2 warnings generated.
build	Build DaddyBoard (HeliBoard fork)	2026-09-30T15:49:12.9711593Z C/C++: In file included from /home/runner/work/daddyboard/daddyboard/daddyboard-main/app/src/main/jni/src/dictionary/structure/pt_common/shortcut/shortcut_list_reading_utils.cpp:17:
build	Build DaddyBoard (HeliBoard fork)	2026-09-30T15:49:12.9735187Z C/C++: In file included from /home/runner/work/daddyboard/daddyboard/daddyboard-main/app/src/main/jni/src/dictionary/structure/pt_common/shortcut/shortcut_list_reading_utils.h:23:
build	Build DaddyBoard (HeliBoard fork)	2026-09-30T15:49:12.9776688Z C/C++: /home/runner/work/daddyboard/daddyboard/daddyboard-main/app/src/main/jni/src/utils/byte_array_view.h:53:5: warning: definition of implicit copy constructor for 'ReadOnlyByteArrayView' is deprecated because it has a user-declared copy assignment operator [-Wdeprecated-copy]
build	Build DaddyBoard (HeliBoard fork)	2026-09-30T15:49:12.9785269Z C/C++:    53 |     DISALLOW_ASSIGNMENT_OPERATOR(ReadOnlyByteArrayView);
build	Build DaddyBoard (HeliBoard fork)	2026-09-30T15:49:12.9815033Z C/C++:       |     ^
build	Build DaddyBoard (HeliBoard fork)	2026-09-30T15:49:12.9836266Z C/C++: /home/runner/work/daddyboard/daddyboard/daddyboard-main/app/src/main/jni/src/defines.h:289:8: note: expanded from macro 'DISALLOW_ASSIGNMENT_OPERATOR'
build	Build DaddyBoard (HeliBoard fork)	2026-09-30T15:49:12.9875081Z C/C++:   289 |   void operator=(const TypeName&) = delete
build	Build DaddyBoard (HeliBoard fork)	2026-09-30T15:49:12.9875815Z C/C++:       |        ^
build	Build DaddyBoard (HeliBoard fork)	2026-09-30T15:49:12.9906233Z C/C++: /home/runner/work/daddyboard/daddyboard/daddyboard-main/app/src/main/jni/src/dictionary/structure/pt_common/shortcut/shortcut_list_reading_utils.h:52:75: note: in implicit copy constructor for 'latinime::ReadOnlyByteArrayView' first required here
build	Build DaddyBoard (HeliBoard fork)	2026-09-30T15:49:12.9935232Z C/C++:    52 |         const int shortcutListSize = getShortcutListSizeAndForwardPointer(buffer, pos);
build	Build DaddyBoard (HeliBoard fork)	2026-09-30T15:49:12.9943771Z C/C++:       |                                                                           ^
build	Build DaddyBoard (HeliBoard fork)	2026-09-30T15:49:13.0716233Z C/C++: 1 warning generated.
build	Build DaddyBoard (HeliBoard fork)	2026-09-30T15:49:13.7724921Z C/C++: In file included from /home/runner/work/daddyboard/daddyboard/daddyboard-main/app/src/main/jni/src/dictionary/structure/v2/patricia_trie_policy.cpp:17:
build	Build DaddyBoard (HeliBoard fork)	2026-09-30T15:49:13.7726803Z C/C++: In file included from /home/runner/work/daddyboard/daddyboard/daddyboard-main/app/src/main/jni/src/dictionary/structure/v2/patricia_trie_policy.h:24:
build	Build DaddyBoard (HeliBoard fork)	2026-09-30T15:49:13.7765812Z C/C++: In file included from /home/runner/work/daddyboard/daddyboard/daddyboard-main/app/src/main/jni/src/dictionary/header/header_policy.h:25:
build	Build DaddyBoard (HeliBoard fork)	2026-09-30T15:49:13.7796326Z C/C++: /home/runner/work/daddyboard/daddyboard/daddyboard-main/app/src/main/jni/src/dictionary/utils/entry_counters.h:44:5: warning: definition of implicit copy constructor for 'EntryCounts' is deprecated because it has a user-declared copy assignment operator [-Wdeprecated-copy]
build	Build DaddyBoard (HeliBoard fork)	2026-09-30T15:49:13.7825028Z C/C++:    44 |     DISALLOW_ASSIGNMENT_OPERATOR(EntryCounts);
build	Build DaddyBoard (HeliBoard fork)	2026-09-30T15:49:13.7854867Z C/C++:       |     ^
build	Build DaddyBoard (HeliBoard fork)	2026-09-30T15:49:13.7885608Z C/C++: /home/runner/work/daddyboard/daddyboard/daddyboard-main/app/src/main/jni/src/defines.h:289:8: note: expanded from macro 'DISALLOW_ASSIGNMENT_OPERATOR'
build	Build DaddyBoard (HeliBoard fork)	2026-09-30T15:49:13.7914984Z C/C++:   289 |   void operator=(const TypeName&) = delete
build	Build DaddyBoard (HeliBoard fork)	2026-09-30T15:49:13.7915573Z C/C++:       |        ^
build	Build DaddyBoard (HeliBoard fork)	2026-09-30T15:49:13.7976001Z C/C++: /home/runner/work/daddyboard/daddyboard/daddyboard-main/app/src/main/jni/src/dictionary/header/header_policy.h:92:15: note: in implicit copy constructor for 'latinime::EntryCounts' first required here
build	Build DaddyBoard (HeliBoard fork)	2026-09-30T15:49:13.8005043Z C/C++:    92 |               mNgramCounts(headerPolicy->mNgramCounts),
build	Build DaddyBoard (HeliBoard fork)	2026-09-30T15:49:13.8034912Z C/C++:       |               ^
build	Build DaddyBoard (HeliBoard fork)	2026-09-30T15:49:13.8065672Z C/C++: In file included from /home/runner/work/daddyboard/daddyboard/daddyboard-main/app/src/main/jni/src/dictionary/structure/v2/patricia_trie_policy.cpp:17:
build	Build DaddyBoard (HeliBoard fork)	2026-09-30T15:49:13.8085283Z C/C++: In file included from /home/runner/work/daddyboard/daddyboard/daddyboard-main/app/src/main/jni/src/dictionary/structure/v2/patricia_trie_policy.h:25:
build	Build DaddyBoard (HeliBoard fork)	2026-09-30T15:49:13.8116042Z C/C++: In file included from /home/runner/work/daddyboard/daddyboard/daddyboard-main/app/src/main/jni/src/dictionary/interface/dictionary_structure_with_buffer_policy.h:23:
build	Build DaddyBoard (HeliBoard fork)	2026-09-30T15:49:13.8139512Z C/C++: /home/runner/work/daddyboard/daddyboard/daddyboard-main/app/src/main/jni/src/dictionary/property/historical_info.h:52:5: warning: definition of implicit copy constructor for 'HistoricalInfo' is deprecated because it has a user-declared copy assignment operator [-Wdeprecated-copy]
build	Build DaddyBoard (HeliBoard fork)	2026-09-30T15:49:13.8145136Z C/C++:    52 |     DISALLOW_ASSIGNMENT_OPERATOR(HistoricalInfo);
build	Build DaddyBoard (HeliBoard fork)	2026-09-30T15:49:13.8205167Z C/C++:       |     ^
build	Build DaddyBoard (HeliBoard fork)	2026-09-30T15:49:13.8206310Z C/C++: /home/runner/work/daddyboard/daddyboard/daddyboard-main/app/src/main/jni/src/defines.h:289:8: note: expanded from macro 'DISALLOW_ASSIGNMENT_OPERATOR'
build	Build DaddyBoard (HeliBoard fork)	2026-09-30T15:49:13.8207517Z C/C++:   289 |   void operator=(const TypeName&) = delete
build	Build DaddyBoard (HeliBoard fork)	2026-09-30T15:49:13.8208045Z C/C++:       |        ^
build	Build DaddyBoard (HeliBoard fork)	2026-09-30T15:49:13.8209182Z C/C++: /home/runner/work/daddyboard/daddyboard/daddyboard-main/app/src/main/jni/src/dictionary/property/ngram_property.h:33:42: note: in implicit copy constructor for 'latinime::HistoricalInfo' first required here
build	Build DaddyBoard (HeliBoard fork)	2026-09-30T15:49:13.8210691Z C/C++:    33 |               mProbability(probability), mHistoricalInfo(historicalInfo) {}
build	Build DaddyBoard (HeliBoard fork)	2026-09-30T15:49:13.8211329Z C/C++:       |                                          ^
build	Build DaddyBoard (HeliBoard fork)	2026-09-30T15:49:13.8212418Z C/C++: In file included from /home/runner/work/daddyboard/daddyboard/daddyboard-main/app/src/main/jni/src/dictionary/structure/v2/patricia_trie_policy.cpp:17:
build	Build DaddyBoard (HeliBoard fork)	2026-09-30T15:49:13.8214751Z C/C++: In file included from /home/runner/work/daddyboard/daddyboard/daddyboard-main/app/src/main/jni/src/dictionary/structure/v2/patricia_trie_policy.h:25:
build	Build DaddyBoard (HeliBoard fork)	2026-09-30T15:49:13.8216305Z C/C++: In file included from /home/runner/work/daddyboard/daddyboard/daddyboard-main/app/src/main/jni/src/dictionary/interface/dictionary_structure_with_buffer_policy.h:25:
build	Build DaddyBoard (HeliBoard fork)	2026-09-30T15:49:13.8218022Z C/C++: In file included from /home/runner/work/daddyboard/daddyboard/daddyboard-main/app/src/main/jni/src/dictionary/property/word_property.h:24:
build	Build DaddyBoard (HeliBoard fork)	2026-09-30T15:49:13.8220585Z C/C++: /home/runner/work/daddyboard/daddyboard/daddyboard-main/app/src/main/jni/src/dictionary/property/unigram_property.h:126:5: warning: definition of implicit copy constructor for 'UnigramProperty' is deprecated because it has a user-declared copy assignment operator [-Wdeprecated-copy]
build	Build DaddyBoard (HeliBoard fork)	2026-09-30T15:49:13.8222721Z C/C++:   126 |     DISALLOW_ASSIGNMENT_OPERATOR(UnigramProperty);
build	Build DaddyBoard (HeliBoard fork)	2026-09-30T15:49:13.8223287Z C/C++:       |     ^
build	Build DaddyBoard (HeliBoard fork)	2026-09-30T15:49:13.8224495Z C/C++: /home/runner/work/daddyboard/daddyboard/daddyboard-main/app/src/main/jni/src/defines.h:289:8: note: expanded from macro 'DISALLOW_ASSIGNMENT_OPERATOR'
build	Build DaddyBoard (HeliBoard fork)	2026-09-30T15:49:13.8225720Z C/C++:   289 |   void operator=(const TypeName&) = delete
build	Build DaddyBoard (HeliBoard fork)	2026-09-30T15:49:13.8226207Z C/C++:       |        ^
build	Build DaddyBoard (HeliBoard fork)	2026-09-30T15:49:13.8227502Z C/C++: /home/runner/work/daddyboard/daddyboard/daddyboard-main/app/src/main/jni/src/dictionary/property/word_property.h:38:51: note: in implicit copy constructor for 'latinime::UnigramProperty' first required here
build	Build DaddyBoard (HeliBoard fork)	2026-09-30T15:49:13.8229301Z C/C++:    38 |             : mCodePoints(std::move(codePoints)), mUnigramProperty(unigramProperty),
build	Build DaddyBoard (HeliBoard fork)	2026-09-30T15:49:13.8230112Z C/C++:       |                                                   ^
build	Build DaddyBoard (HeliBoard fork)	2026-09-30T15:49:13.8231368Z C/C++: In file included from /home/runner/work/daddyboard/daddyboard/daddyboard-main/app/src/main/jni/src/dictionary/structure/v2/patricia_trie_policy.cpp:17:
build	Build DaddyBoard (HeliBoard fork)	2026-09-30T15:49:13.8233306Z C/C++: In file included from /home/runner/work/daddyboard/daddyboard/daddyboard-main/app/src/main/jni/src/dictionary/structure/v2/patricia_trie_policy.h:24:
build	Build DaddyBoard (HeliBoard fork)	2026-09-30T15:49:13.8265845Z C/C++: In file included from /home/runner/work/daddyboard/daddyboard/daddyboard-main/app/src/main/jni/src/dictionary/header/header_policy.h:23:
build	Build DaddyBoard (HeliBoard fork)	2026-09-30T15:49:13.8268512Z C/C++: In file included from /home/runner/work/daddyboard/daddyboard/daddyboard-main/app/src/main/jni/src/dictionary/header/header_read_write_utils.h:24:
build	Build DaddyBoard (HeliBoard fork)	2026-09-30T15:49:13.8270583Z C/C++: In file included from /home/runner/work/daddyboard/daddyboard/daddyboard-main/app/src/main/jni/src/dictionary/utils/format_utils.h:23:
build	Build DaddyBoard (HeliBoard fork)	2026-09-30T15:49:13.8273573Z C/C++: /home/runner/work/daddyboard/daddyboard/daddyboard-main/app/src/main/jni/src/utils/byte_array_view.h:53:5: warning: definition of implicit copy constructor for 'ReadOnlyByteArrayView' is deprecated because it has a user-declared copy assignment operator [-Wdeprecated-copy]
build	Build DaddyBoard (HeliBoard fork)	2026-09-30T15:49:13.8276116Z C/C++:    53 |     DISALLOW_ASSIGNMENT_OPERATOR(ReadOnlyByteArrayView);
build	Build DaddyBoard (HeliBoard fork)	2026-09-30T15:49:13.8276803Z C/C++:       |     ^
build	Build DaddyBoard (HeliBoard fork)	2026-09-30T15:49:13.8278078Z C/C++: /home/runner/work/daddyboard/daddyboard/daddyboard-main/app/src/main/jni/src/defines.h:289:8: note: expanded from macro 'DISALLOW_ASSIGNMENT_OPERATOR'
build	Build DaddyBoard (HeliBoard fork)	2026-09-30T15:49:13.8279399Z C/C++:   289 |   void operator=(const TypeName&) = delete
build	Build DaddyBoard (HeliBoard fork)	2026-09-30T15:49:13.8279971Z C/C++:       |        ^
build	Build DaddyBoard (HeliBoard fork)	2026-09-30T15:49:13.8281856Z C/C++: /home/runner/work/daddyboard/daddyboard/daddyboard-main/app/src/main/jni/src/dictionary/structure/v2/bigram/bigram_list_policy.h:31:60: note: in implicit copy constructor for 'latinime::ReadOnlyByteArrayView' first required here
build	Build DaddyBoard (HeliBoard fork)	2026-09-30T15:49:13.8284159Z C/C++:    31 |     BigramListPolicy(const ReadOnlyByteArrayView buffer) : mBuffer(buffer) {}
build	Build DaddyBoard (HeliBoard fork)	2026-09-30T15:49:13.8284952Z C/C++:       |                                                            ^
build	Build DaddyBoard (HeliBoard fork)	2026-09-30T15:49:13.8706214Z C/C++: In file included from /home/runner/work/daddyboard/daddyboard/daddyboard-main/app/src/main/jni/src/dictionary/structure/v2/patricia_trie_policy.cpp:17:
build	Build DaddyBoard (HeliBoard fork)	2026-09-30T15:49:13.8708519Z C/C++: In file included from /home/runner/work/daddyboard/daddyboard/daddyboard-main/app/src/main/jni/src/dictionary/structure/v2/patricia_trie_policy.h:25:
build	Build DaddyBoard (HeliBoard fork)	2026-09-30T15:49:13.8710250Z C/C++: In file included from /home/runner/work/daddyboard/daddyboard/daddyboard-main/app/src/main/jni/src/dictionary/interface/dictionary_structure_with_buffer_policy.h:25:
build	Build DaddyBoard (HeliBoard fork)	2026-09-30T15:49:13.8712037Z C/C++: In file included from /home/runner/work/daddyboard/daddyboard/daddyboard-main/app/src/main/jni/src/dictionary/property/word_property.h:23:
build	Build DaddyBoard (HeliBoard fork)	2026-09-30T15:49:13.8713691Z C/C++: In file included from /home/runner/work/daddyboard/daddyboard/daddyboard-main/app/src/main/jni/src/dictionary/property/ngram_property.h:24:
build	Build DaddyBoard (HeliBoard fork)	2026-09-30T15:49:13.8715419Z C/C++: In file included from /home/runner/work/daddyboard/daddyboard/daddyboard-main/app/src/main/jni/src/dictionary/property/ngram_context.h:23:
build	Build DaddyBoard (HeliBoard fork)	2026-09-30T15:49:13.8717778Z C/C++: /home/runner/work/daddyboard/daddyboard/daddyboard-main/app/src/main/jni/src/utils/int_array_view.h:160:5: warning: definition of implicit copy constructor for 'IntArrayView' is deprecated because it has a user-declared copy assignment operator [-Wdeprecated-copy]
build	Build DaddyBoard (HeliBoard fork)	2026-09-30T15:49:13.8719403Z C/C++:   160 |     DISALLOW_ASSIGNMENT_OPERATOR(IntArrayView);
build	Build DaddyBoard (HeliBoard fork)	2026-09-30T15:49:13.8719882Z C/C++:       |     ^
build	Build DaddyBoard (HeliBoard fork)	2026-09-30T15:49:13.8720812Z C/C++: /home/runner/work/daddyboard/daddyboard/daddyboard-main/app/src/main/jni/src/defines.h:289:8: note: expanded from macro 'DISALLOW_ASSIGNMENT_OPERATOR'
build	Build DaddyBoard (HeliBoard fork)	2026-09-30T15:49:13.8721925Z C/C++:   289 |   void operator=(const TypeName&) = delete
build	Build DaddyBoard (HeliBoard fork)	2026-09-30T15:49:13.8722400Z C/C++:       |        ^
build	Build DaddyBoard (HeliBoard fork)	2026-09-30T15:49:13.8723726Z C/C++: /home/runner/work/daddyboard/daddyboard/daddyboard-main/app/src/main/jni/src/suggest/core/dicnode/dic_node.h:110:53: note: in implicit copy constructor for 'latinime::IntArrayView' first required here
build	Build DaddyBoard (HeliBoard fork)	2026-09-30T15:49:13.8725417Z C/C++:   110 |         mDicNodeProperties.init(rootPtNodeArrayPos, prevWordIds);
build	Build DaddyBoard (HeliBoard fork)	2026-09-30T15:49:13.8726122Z C/C++:       |                                                     ^
build	Build DaddyBoard (HeliBoard fork)	2026-09-30T15:49:13.9705994Z C/C++: In file included from /home/runner/work/daddyboard/daddyboard/daddyboard-main/app/src/main/jni/src/dictionary/structure/v2/patricia_trie_policy.cpp:27:
build	Build DaddyBoard (HeliBoard fork)	2026-09-30T15:49:13.9745930Z C/C++: In file included from /home/runner/work/daddyboard/daddyboard/daddyboard-main/app/src/main/jni/src/dictionary/utils/multi_bigram_map.h:27:
build	Build DaddyBoard (HeliBoard fork)	2026-09-30T15:49:13.9776648Z C/C++: /home/runner/work/daddyboard/daddyboard/daddyboard-main/app/src/main/jni/src/dictionary/utils/bloom_filter.h:47:5: warning: definition of implicit copy constructor for 'BloomFilter' is deprecated because it has a user-declared copy assignment operator [-Wdeprecated-copy]
build	Build DaddyBoard (HeliBoard fork)	2026-09-30T15:49:13.9788520Z C/C++:    47 |     DISALLOW_ASSIGNMENT_OPERATOR(BloomFilter);
build	Build DaddyBoard (HeliBoard fork)	2026-09-30T15:49:13.9834965Z C/C++:       |     ^
build	Build DaddyBoard (HeliBoard fork)	2026-09-30T15:49:13.9865624Z C/C++: /home/runner/work/daddyboard/daddyboard/daddyboard-main/app/src/main/jni/src/defines.h:289:8: note: expanded from macro 'DISALLOW_ASSIGNMENT_OPERATOR'
build	Build DaddyBoard (HeliBoard fork)	2026-09-30T15:49:13.9895085Z C/C++:   289 |   void operator=(const TypeName&) = delete
build	Build DaddyBoard (HeliBoard fork)	2026-09-30T15:49:13.9925096Z C/C++:       |        ^
build	Build DaddyBoard (HeliBoard fork)	2026-09-30T15:49:13.9955924Z C/C++: /home/runner/work/daddyboard/daddyboard/daddyboard-main/app/src/main/jni/src/dictionary/utils/multi_bigram_map.h:57:53: note: in implicit copy constructor for 'latinime::BloomFilter' first required here
build	Build DaddyBoard (HeliBoard fork)	2026-09-30T15:49:13.9985291Z C/C++:    57 |                 : mBigramMap(bigramMap.mBigramMap), mBloomFilter(bigramMap.mBloomFilter) {}
build	Build DaddyBoard (HeliBoard fork)	2026-09-30T15:49:14.0015163Z C/C++:       |                                                     ^
build	Build DaddyBoard (HeliBoard fork)	2026-09-30T15:49:14.0756261Z C/C++: In file included from /home/runner/work/daddyboard/daddyboard/daddyboard-main/app/src/main/jni/src/dictionary/structure/v2/patricia_trie_policy.cpp:17:
build	Build DaddyBoard (HeliBoard fork)	2026-09-30T15:49:14.0786121Z C/C++: In file included from /home/runner/work/daddyboard/daddyboard/daddyboard-main/app/src/main/jni/src/dictionary/structure/v2/patricia_trie_policy.h:25:
build	Build DaddyBoard (HeliBoard fork)	2026-09-30T15:49:14.0805850Z C/C++: In file included from /home/runner/work/daddyboard/daddyboard/daddyboard-main/app/src/main/jni/src/dictionary/interface/dictionary_structure_with_buffer_policy.h:25:
build	Build DaddyBoard (HeliBoard fork)	2026-09-30T15:49:14.0815805Z C/C++: In file included from /home/runner/work/daddyboard/daddyboard/daddyboard-main/app/src/main/jni/src/dictionary/property/word_property.h:23:
build	Build DaddyBoard (HeliBoard fork)	2026-09-30T15:49:14.0846579Z C/C++: /home/runner/work/daddyboard/daddyboard/daddyboard-main/app/src/main/jni/src/dictionary/property/ngram_property.h:54:5: warning: definition of implicit copy constructor for 'NgramProperty' is deprecated because it has a user-declared copy assignment operator [-Wdeprecated-copy]
build	Build DaddyBoard (HeliBoard fork)	2026-09-30T15:49:14.0875161Z C/C++:    54 |     DISALLOW_ASSIGNMENT_OPERATOR(NgramProperty);
build	Build DaddyBoard (HeliBoard fork)	2026-09-30T15:49:14.0905077Z C/C++:       |     ^
build	Build DaddyBoard (HeliBoard fork)	2026-09-30T15:49:14.0906342Z C/C++: /home/runner/work/daddyboard/daddyboard/daddyboard-main/app/src/main/jni/src/defines.h:289:8: note: expanded from macro 'DISALLOW_ASSIGNMENT_OPERATOR'
build	Build DaddyBoard (HeliBoard fork)	2026-09-30T15:49:14.0935100Z C/C++:   289 |   void operator=(const TypeName&) = delete
build	Build DaddyBoard (HeliBoard fork)	2026-09-30T15:49:14.0975132Z C/C++:       |        ^
build	Build DaddyBoard (HeliBoard fork)	2026-09-30T15:49:14.1006399Z C/C++: /usr/local/lib/android/sdk/ndk/28.0.13004108/toolchains/llvm/prebuilt/linux-x86_64/sysroot/usr/include/c++/v1/__memory/allocator.h:173:24: note: in implicit copy constructor for 'latinime::NgramProperty' first required here
build	Build DaddyBoard (HeliBoard fork)	2026-09-30T15:49:14.1035091Z C/C++:   173 |     ::new ((void*)__p) _Up(std::forward<_Args>(__args)...);
build	Build DaddyBoard (HeliBoard fork)	2026-09-30T15:49:14.1036083Z C/C++:       |                        ^
build	Build DaddyBoard (HeliBoard fork)	2026-09-30T15:49:14.1066687Z C/C++: /usr/local/lib/android/sdk/ndk/28.0.13004108/toolchains/llvm/prebuilt/linux-x86_64/sysroot/usr/include/c++/v1/__memory/allocator_traits.h:320:9: note: in instantiation of function template specialization 'std::allocator<latinime::NgramProperty>::construct<latinime::NgramProperty, latinime::NgramProperty &>' requested here
build	Build DaddyBoard (HeliBoard fork)	2026-09-30T15:49:14.1095024Z C/C++:   320 |     __a.construct(__p, std::forward<_Args>(__args)...);
build	Build DaddyBoard (HeliBoard fork)	2026-09-30T15:49:14.1124875Z C/C++:       |         ^
build	Build DaddyBoard (HeliBoard fork)	2026-09-30T15:49:14.1127311Z C/C++: /usr/local/lib/android/sdk/ndk/28.0.13004108/toolchains/llvm/prebuilt/linux-x86_64/sysroot/usr/include/c++/v1/__memory/uninitialized_algorithms.h:551:31: note: in instantiation of function template specialization 'std::allocator_traits<std::allocator<latinime::NgramProperty>>::construct<latinime::NgramProperty, latinime::NgramProperty &, 0>' requested here
build	Build DaddyBoard (HeliBoard fork)	2026-09-30T15:49:14.1155439Z C/C++:   551 |     allocator_traits<_Alloc>::construct(__alloc, std::__to_address(__first2), *__first1);
build	Build DaddyBoard (HeliBoard fork)	2026-09-30T15:49:14.1184989Z C/C++:       |                               ^
build	Build DaddyBoard (HeliBoard fork)	2026-09-30T15:49:14.1206918Z C/C++: /usr/local/lib/android/sdk/ndk/28.0.13004108/toolchains/llvm/prebuilt/linux-x86_64/sysroot/usr/include/c++/v1/__memory/uninitialized_algorithms.h:594:33: note: in instantiation of function template specialization 'std::__uninitialized_allocator_copy_impl<std::allocator<latinime::NgramProperty>, latinime::NgramProperty *, latinime::NgramProperty *, latinime::NgramProperty *>' requested here
build	Build DaddyBoard (HeliBoard fork)	2026-09-30T15:49:14.1215203Z C/C++:   594 |   auto __result          = std::__uninitialized_allocator_copy_impl(
build	Build DaddyBoard (HeliBoard fork)	2026-09-30T15:49:14.1245036Z C/C++:       |                                 ^
build	Build DaddyBoard (HeliBoard fork)	2026-09-30T15:49:14.1266805Z C/C++: /usr/local/lib/android/sdk/ndk/28.0.13004108/toolchains/llvm/prebuilt/linux-x86_64/sysroot/usr/include/c++/v1/vector:1100:22: note: in instantiation of function template specialization 'std::__uninitialized_allocator_copy<std::allocator<latinime::NgramProperty>, latinime::NgramProperty *, latinime::NgramProperty *, latinime::NgramProperty *>' requested here
build	Build DaddyBoard (HeliBoard fork)	2026-09-30T15:49:14.1295173Z C/C++:  1100 |   __tx.__pos_ = std::__uninitialized_allocator_copy(__alloc(), __first, __last, __tx.__pos_);
build	Build DaddyBoard (HeliBoard fork)	2026-09-30T15:49:14.1305044Z C/C++:       |                      ^
build	Build DaddyBoard (HeliBoard fork)	2026-09-30T15:49:14.1336478Z C/C++: /usr/local/lib/android/sdk/ndk/28.0.13004108/toolchains/llvm/prebuilt/linux-x86_64/sysroot/usr/include/c++/v1/vector:761:7: note: in instantiation of function template specialization 'std::vector<latinime::NgramProperty>::__construct_at_end<latinime::NgramProperty *, latinime::NgramProperty *>' requested here
build	Build DaddyBoard (HeliBoard fork)	2026-09-30T15:49:14.1354950Z C/C++:   761 |       __construct_at_end(__first, __last, __n);
build	Build DaddyBoard (HeliBoard fork)	2026-09-30T15:49:14.1381587Z C/C++:       |       ^
build	Build DaddyBoard (HeliBoard fork)	2026-09-30T15:49:14.1396557Z C/C++: /usr/local/lib/android/sdk/ndk/28.0.13004108/toolchains/llvm/prebuilt/linux-x86_64/sysroot/usr/include/c++/v1/vector:1213:3: note: in instantiation of function template specialization 'std::vector<latinime::NgramProperty>::__init_with_size<latinime::NgramProperty *, latinime::NgramProperty *>' requested here
build	Build DaddyBoard (HeliBoard fork)	2026-09-30T15:49:14.1425157Z C/C++:  1213 |   __init_with_size(__x.__begin_, __x.__end_, __x.size());
build	Build DaddyBoard (HeliBoard fork)	2026-09-30T15:49:14.1454876Z C/C++:       |   ^
build	Build DaddyBoard (HeliBoard fork)	2026-09-30T15:49:14.1476316Z C/C++: /home/runner/work/daddyboard/daddyboard/daddyboard-main/app/src/main/jni/src/dictionary/property/word_property.h:39:15: note: in instantiation of member function 'std::vector<latinime::NgramProperty>::vector' requested here
build	Build DaddyBoard (HeliBoard fork)	2026-09-30T15:49:14.1485109Z C/C++:    39 |               mNgrams(ngrams) {}
build	Build DaddyBoard (HeliBoard fork)	2026-09-30T15:49:14.1515139Z C/C++:       |               ^
build	Build DaddyBoard (HeliBoard fork)	2026-09-30T15:49:14.5693797Z C/C++: 7 warnings generated.
build	Build DaddyBoard (HeliBoard fork)	2026-09-30T15:49:15.1695266Z C/C++: In file included from /home/runner/work/daddyboard/daddyboard/daddyboard-main/app/src/main/jni/src/dictionary/structure/v2/ver2_patricia_trie_node_reader.cpp:17:
build	Build DaddyBoard (HeliBoard fork)	2026-09-30T15:49:15.1715891Z C/C++: In file included from /home/runner/work/daddyboard/daddyboard/daddyboard-main/app/src/main/jni/src/dictionary/structure/v2/ver2_patricia_trie_node_reader.h:25:
build	Build DaddyBoard (HeliBoard fork)	2026-09-30T15:49:15.1756616Z C/C++: /home/runner/work/daddyboard/daddyboard/daddyboard-main/app/src/main/jni/src/utils/byte_array_view.h:53:5: warning: definition of implicit copy constructor for 'ReadOnlyByteArrayView' is deprecated because it has a user-declared copy assignment operator [-Wdeprecated-copy]
build	Build DaddyBoard (HeliBoard fork)	2026-09-30T15:49:15.1785199Z C/C++:    53 |     DISALLOW_ASSIGNMENT_OPERATOR(ReadOnlyByteArrayView);
build	Build DaddyBoard (HeliBoard fork)	2026-09-30T15:49:15.1814989Z C/C++:       |     ^
build	Build DaddyBoard (HeliBoard fork)	2026-09-30T15:49:15.1825758Z C/C++: /home/runner/work/daddyboard/daddyboard/daddyboard-main/app/src/main/jni/src/defines.h:289:8: note: expanded from macro 'DISALLOW_ASSIGNMENT_OPERATOR'
build	Build DaddyBoard (HeliBoard fork)	2026-09-30T15:49:15.1827670Z C/C++:   289 |   void operator=(const TypeName&) = delete
build	Build DaddyBoard (HeliBoard fork)	2026-09-30T15:49:15.1828267Z C/C++:       |        ^
build	Build DaddyBoard (HeliBoard fork)	2026-09-30T15:49:15.1830016Z C/C++: /home/runner/work/daddyboard/daddyboard/daddyboard-main/app/src/main/jni/src/dictionary/structure/v2/ver2_patricia_trie_node_reader.h:38:15: note: in implicit copy constructor for 'latinime::ReadOnlyByteArrayView' first required here
build	Build DaddyBoard (HeliBoard fork)	2026-09-30T15:49:15.1832157Z C/C++:    38 |             : mBuffer(buffer), mBigramPolicy(bigramPolicy), mShortcutPolicy(shortcutPolicy),
build	Build DaddyBoard (HeliBoard fork)	2026-09-30T15:49:15.1833067Z C/C++:       |               ^
build	Build DaddyBoard (HeliBoard fork)	2026-09-30T15:49:15.2694659Z C/C++: In file included from /home/runner/work/daddyboard/daddyboard/daddyboard-main/app/src/main/jni/src/dictionary/structure/v2/ver2_patricia_trie_node_reader.cpp:17:
build	Build DaddyBoard (HeliBoard fork)	2026-09-30T15:49:15.2706200Z C/C++: In file included from /home/runner/work/daddyboard/daddyboard/daddyboard-main/app/src/main/jni/src/dictionary/structure/v2/ver2_patricia_trie_node_reader.h:23:
build	Build DaddyBoard (HeliBoard fork)	2026-09-30T15:49:15.2708694Z C/C++: In file included from /home/runner/work/daddyboard/daddyboard/daddyboard-main/app/src/main/jni/src/dictionary/structure/pt_common/pt_node_params.h:27:
build	Build DaddyBoard (HeliBoard fork)	2026-09-30T15:49:15.2711815Z C/C++: /home/runner/work/daddyboard/daddyboard/daddyboard-main/app/src/main/jni/src/utils/int_array_view.h:160:5: warning: definition of implicit copy constructor for 'IntArrayView' is deprecated because it has a user-declared copy assignment operator [-Wdeprecated-copy]
build	Build DaddyBoard (HeliBoard fork)	2026-09-30T15:49:15.2714113Z C/C++:   160 |     DISALLOW_ASSIGNMENT_OPERATOR(IntArrayView);
build	Build DaddyBoard (HeliBoard fork)	2026-09-30T15:49:15.2714862Z C/C++:       |     ^
build	Build DaddyBoard (HeliBoard fork)	2026-09-30T15:49:15.2716074Z C/C++: /home/runner/work/daddyboard/daddyboard/daddyboard-main/app/src/main/jni/src/defines.h:289:8: note: expanded from macro 'DISALLOW_ASSIGNMENT_OPERATOR'
build	Build DaddyBoard (HeliBoard fork)	2026-09-30T15:49:15.2717782Z C/C++:   289 |   void operator=(const TypeName&) = delete
build	Build DaddyBoard (HeliBoard fork)	2026-09-30T15:49:15.2718411Z C/C++:       |        ^
build	Build DaddyBoard (HeliBoard fork)	2026-09-30T15:49:15.2720101Z C/C++: /usr/local/lib/android/sdk/ndk/28.0.13004108/toolchains/llvm/prebuilt/linux-x86_64/sysroot/usr/include/c++/v1/__memory/allocator.h:173:24: note: in implicit copy constructor for 'latinime::IntArrayView' first required here
build	Build DaddyBoard (HeliBoard fork)	2026-09-30T15:49:15.2721926Z C/C++:   173 |     ::new ((void*)__p) _Up(std::forward<_Args>(__args)...);
build	Build DaddyBoard (HeliBoard fork)	2026-09-30T15:49:15.2722618Z C/C++:       |                        ^
build	Build DaddyBoard (HeliBoard fork)	2026-09-30T15:49:15.2725003Z C/C++: /usr/local/lib/android/sdk/ndk/28.0.13004108/toolchains/llvm/prebuilt/linux-x86_64/sysroot/usr/include/c++/v1/__memory/allocator_traits.h:320:9: note: in instantiation of function template specialization 'std::allocator<latinime::IntArrayView>::construct<latinime::IntArrayView, latinime::IntArrayView>' requested here
build	Build DaddyBoard (HeliBoard fork)	2026-09-30T15:49:15.2775253Z C/C++:   320 |     __a.construct(__p, std::forward<_Args>(__args)...);
build	Build DaddyBoard (HeliBoard fork)	2026-09-30T15:49:15.2795061Z C/C++:       |         ^
build	Build DaddyBoard (HeliBoard fork)	2026-09-30T15:49:15.2826938Z C/C++: /usr/local/lib/android/sdk/ndk/28.0.13004108/toolchains/llvm/prebuilt/linux-x86_64/sysroot/usr/include/c++/v1/__memory/uninitialized_algorithms.h:639:33: note: in instantiation of function template specialization 'std::allocator_traits<std::allocator<latinime::IntArrayView>>::construct<latinime::IntArrayView, latinime::IntArrayView, 0>' requested here
build	Build DaddyBoard (HeliBoard fork)	2026-09-30T15:49:15.2835228Z C/C++:   639 |       allocator_traits<_Alloc>::construct(__alloc, __result, std::move(*__iter));
build	Build DaddyBoard (HeliBoard fork)	2026-09-30T15:49:15.2865047Z C/C++:       |                                 ^
build	Build DaddyBoard (HeliBoard fork)	2026-09-30T15:49:15.2886401Z C/C++: /usr/local/lib/android/sdk/ndk/28.0.13004108/toolchains/llvm/prebuilt/linux-x86_64/sysroot/usr/include/c++/v1/vector:1511:3: note: in instantiation of member function 'std::vector<latinime::IntArrayView>::__swap_out_circular_buffer' requested here
build	Build DaddyBoard (HeliBoard fork)	2026-09-30T15:49:15.2909622Z C/C++:  1511 |   __swap_out_circular_buffer(__v);
build	Build DaddyBoard (HeliBoard fork)	2026-09-30T15:49:15.2924946Z C/C++:       |   ^
build	Build DaddyBoard (HeliBoard fork)	2026-09-30T15:49:15.2957024Z C/C++: /usr/local/lib/android/sdk/ndk/28.0.13004108/toolchains/llvm/prebuilt/linux-x86_64/sysroot/usr/include/c++/v1/vector:1529:13: note: in instantiation of function template specialization 'std::vector<latinime::IntArrayView>::__emplace_back_slow_path<const int *const &, const unsigned long &>' requested here
build	Build DaddyBoard (HeliBoard fork)	2026-09-30T15:49:15.2961517Z C/C++:  1529 |     __end = __emplace_back_slow_path(std::forward<_Args>(__args)...);
build	Build DaddyBoard (HeliBoard fork)	2026-09-30T15:49:15.2995974Z C/C++:       |             ^
build	Build DaddyBoard (HeliBoard fork)	2026-09-30T15:49:15.3016808Z C/C++: /home/runner/work/daddyboard/daddyboard/daddyboard-main/app/src/main/jni/src/utils/int_array_view.h:142:20: note: in instantiation of function template specialization 'std::vector<latinime::IntArrayView>::emplace_back<const int *const &, const unsigned long &>' requested here
build	Build DaddyBoard (HeliBoard fork)	2026-09-30T15:49:15.3045220Z C/C++:   142 |             result.emplace_back(mPtr, mSize);
build	Build DaddyBoard (HeliBoard fork)	2026-09-30T15:49:15.3096831Z C/C++:       |                    ^
build	Build DaddyBoard (HeliBoard fork)	2026-09-30T15:49:15.3105270Z C/C++: 2 warnings generated.
build	Build DaddyBoard (HeliBoard fork)	2026-09-30T15:49:15.3135821Z C/C++: In file included from /home/runner/work/daddyboard/daddyboard/daddyboard-main/app/src/main/jni/src/dictionary/structure/v2/ver2_pt_node_array_reader.cpp:17:
build	Build DaddyBoard (HeliBoard fork)	2026-09-30T15:49:15.3156061Z C/C++: In file included from /home/runner/work/daddyboard/daddyboard/daddyboard-main/app/src/main/jni/src/dictionary/structure/v2/ver2_pt_node_array_reader.h:24:
build	Build DaddyBoard (HeliBoard fork)	2026-09-30T15:49:15.3166598Z C/C++: /home/runner/work/daddyboard/daddyboard/daddyboard-main/app/src/main/jni/src/utils/byte_array_view.h:53:5: warning: definition of implicit copy constructor for 'ReadOnlyByteArrayView' is deprecated because it has a user-declared copy assignment operator [-Wdeprecated-copy]
build	Build DaddyBoard (HeliBoard fork)	2026-09-30T15:49:15.3195156Z C/C++:    53 |     DISALLOW_ASSIGNMENT_OPERATOR(ReadOnlyByteArrayView);
build	Build DaddyBoard (HeliBoard fork)	2026-09-30T15:49:15.3224975Z C/C++:       |     ^
build	Build DaddyBoard (HeliBoard fork)	2026-09-30T15:49:15.3245894Z C/C++: /home/runner/work/daddyboard/daddyboard/daddyboard-main/app/src/main/jni/src/defines.h:289:8: note: expanded from macro 'DISALLOW_ASSIGNMENT_OPERATOR'
build	Build DaddyBoard (HeliBoard fork)	2026-09-30T15:49:15.3255130Z C/C++:   289 |   void operator=(const TypeName&) = delete
build	Build DaddyBoard (HeliBoard fork)	2026-09-30T15:49:15.3284956Z C/C++:       |        ^
build	Build DaddyBoard (HeliBoard fork)	2026-09-30T15:49:15.3316382Z C/C++: /home/runner/work/daddyboard/daddyboard/daddyboard-main/app/src/main/jni/src/dictionary/structure/v2/ver2_pt_node_array_reader.h:30:65: note: in implicit copy constructor for 'latinime::ReadOnlyByteArrayView' first required here
build	Build DaddyBoard (HeliBoard fork)	2026-09-30T15:49:15.3325590Z C/C++:    30 |     Ver2PtNodeArrayReader(const ReadOnlyByteArrayView buffer) : mBuffer(buffer) {};
build	Build DaddyBoard (HeliBoard fork)	2026-09-30T15:49:15.3345184Z C/C++:       |                                                                 ^
build	Build DaddyBoard (HeliBoard fork)	2026-09-30T15:49:15.3375005Z C/C++: 1 warning generated.
build	Build DaddyBoard (HeliBoard fork)	2026-09-30T15:49:16.0706045Z C/C++: In file included from /home/runner/work/daddyboard/daddyboard/daddyboard-main/app/src/main/jni/src/dictionary/structure/v4/ver4_dict_buffers.cpp:17:
build	Build DaddyBoard (HeliBoard fork)	2026-09-30T15:49:16.0726881Z C/C++: In file included from /home/runner/work/daddyboard/daddyboard/daddyboard-main/app/src/main/jni/src/dictionary/structure/v4/ver4_dict_buffers.h:24:
build	Build DaddyBoard (HeliBoard fork)	2026-09-30T15:49:16.0765786Z C/C++: In file included from /home/runner/work/daddyboard/daddyboard/daddyboard-main/app/src/main/jni/src/dictionary/header/header_policy.h:25:
build	Build DaddyBoard (HeliBoard fork)	2026-09-30T15:49:16.0816678Z C/C++: /home/runner/work/daddyboard/daddyboard/daddyboard-main/app/src/main/jni/src/dictionary/utils/entry_counters.h:44:5: warning: definition of implicit copy constructor for 'EntryCounts' is deprecated because it has a user-declared copy assignment operator [-Wdeprecated-copy]
build	Build DaddyBoard (HeliBoard fork)	2026-09-30T15:49:16.0849390Z C/C++:    44 |     DISALLOW_ASSIGNMENT_OPERATOR(EntryCounts);
build	Build DaddyBoard (HeliBoard fork)	2026-09-30T15:49:16.0865257Z C/C++:       |     ^
build	Build DaddyBoard (HeliBoard fork)	2026-09-30T15:49:16.0905930Z C/C++: /home/runner/work/daddyboard/daddyboard/daddyboard-main/app/src/main/jni/src/defines.h:289:8: note: expanded from macro 'DISALLOW_ASSIGNMENT_OPERATOR'
build	Build DaddyBoard (HeliBoard fork)	2026-09-30T15:49:16.0935365Z C/C++:   289 |   void operator=(const TypeName&) = delete
build	Build DaddyBoard (HeliBoard fork)	2026-09-30T15:49:16.0965063Z C/C++:       |        ^
build	Build DaddyBoard (HeliBoard fork)	2026-09-30T15:49:16.0996669Z C/C++: /home/runner/work/daddyboard/daddyboard/daddyboard-main/app/src/main/jni/src/dictionary/header/header_policy.h:92:15: note: in implicit copy constructor for 'latinime::EntryCounts' first required here
build	Build DaddyBoard (HeliBoard fork)	2026-09-30T15:49:16.1019511Z C/C++:    92 |               mNgramCounts(headerPolicy->mNgramCounts),
build	Build DaddyBoard (HeliBoard fork)	2026-09-30T15:49:16.1048627Z C/C++:       |               ^
build	Build DaddyBoard (HeliBoard fork)	2026-09-30T15:49:16.1105162Z C/C++: In file included from /home/runner/work/daddyboard/daddyboard/daddyboard-main/app/src/main/jni/src/dictionary/structure/v4/ver4_dict_buffers.cpp:17:
build	Build DaddyBoard (HeliBoard fork)	2026-09-30T15:49:16.1107161Z C/C++: In file included from /home/runner/work/daddyboard/daddyboard/daddyboard-main/app/src/main/jni/src/dictionary/structure/v4/ver4_dict_buffers.h:25:
build	Build DaddyBoard (HeliBoard fork)	2026-09-30T15:49:16.1136388Z C/C++: In file included from /home/runner/work/daddyboard/daddyboard/daddyboard-main/app/src/main/jni/src/dictionary/structure/v4/content/language_model_dict_content.h:26:
build	Build DaddyBoard (HeliBoard fork)	2026-09-30T15:49:16.1160152Z C/C++: In file included from /home/runner/work/daddyboard/daddyboard/daddyboard-main/app/src/main/jni/src/dictionary/structure/v4/content/probability_entry.h:24:
build	Build DaddyBoard (HeliBoard fork)	2026-09-30T15:49:16.1206792Z C/C++: /home/runner/work/daddyboard/daddyboard/daddyboard-main/app/src/main/jni/src/dictionary/property/historical_info.h:52:5: warning: definition of implicit copy constructor for 'HistoricalInfo' is deprecated because it has a user-declared copy assignment operator [-Wdeprecated-copy]
build	Build DaddyBoard (HeliBoard fork)	2026-09-30T15:49:16.1215232Z C/C++:    52 |     DISALLOW_ASSIGNMENT_OPERATOR(HistoricalInfo);
build	Build DaddyBoard (HeliBoard fork)	2026-09-30T15:49:16.1275050Z C/C++:       |     ^
build	Build DaddyBoard (HeliBoard fork)	2026-09-30T15:49:16.1305937Z C/C++: /home/runner/work/daddyboard/daddyboard/daddyboard-main/app/src/main/jni/src/defines.h:289:8: note: expanded from macro 'DISALLOW_ASSIGNMENT_OPERATOR'
build	Build DaddyBoard (HeliBoard fork)	2026-09-30T15:49:16.1335188Z C/C++:   289 |   void operator=(const TypeName&) = delete
build	Build DaddyBoard (HeliBoard fork)	2026-09-30T15:49:16.1336173Z C/C++:       |        ^
build	Build DaddyBoard (HeliBoard fork)	2026-09-30T15:49:16.1337556Z C/C++: /home/runner/work/daddyboard/daddyboard/daddyboard-main/app/src/main/jni/src/dictionary/property/ngram_property.h:33:42: note: in implicit copy constructor for 'latinime::HistoricalInfo' first required here
build	Build DaddyBoard (HeliBoard fork)	2026-09-30T15:49:16.1339189Z C/C++:    33 |               mProbability(probability), mHistoricalInfo(historicalInfo) {}
build	Build DaddyBoard (HeliBoard fork)	2026-09-30T15:49:16.1339887Z C/C++:       |                                          ^
build	Build DaddyBoard (HeliBoard fork)	2026-09-30T15:49:16.1341050Z C/C++: In file included from /home/runner/work/daddyboard/daddyboard/daddyboard-main/app/src/main/jni/src/dictionary/structure/v4/ver4_dict_buffers.cpp:17:
build	Build DaddyBoard (HeliBoard fork)	2026-09-30T15:49:16.1342754Z C/C++: In file included from /home/runner/work/daddyboard/daddyboard/daddyboard-main/app/src/main/jni/src/dictionary/structure/v4/ver4_dict_buffers.h:25:
build	Build DaddyBoard (HeliBoard fork)	2026-09-30T15:49:16.1344738Z C/C++: In file included from /home/runner/work/daddyboard/daddyboard/daddyboard-main/app/src/main/jni/src/dictionary/structure/v4/content/language_model_dict_content.h:30:
build	Build DaddyBoard (HeliBoard fork)	2026-09-30T15:49:16.1347296Z C/C++: /home/runner/work/daddyboard/daddyboard/daddyboard-main/app/src/main/jni/src/dictionary/utils/trie_map.h:129:9: warning: definition of implicit copy constructor for 'TrieMapIterator' is deprecated because it has a user-declared copy assignment operator [-Wdeprecated-copy]
build	Build DaddyBoard (HeliBoard fork)	2026-09-30T15:49:16.1349149Z C/C++:   129 |         DISALLOW_ASSIGNMENT_OPERATOR(TrieMapIterator);
build	Build DaddyBoard (HeliBoard fork)	2026-09-30T15:49:16.1349652Z C/C++:       |         ^
build	Build DaddyBoard (HeliBoard fork)	2026-09-30T15:49:16.1350586Z C/C++: /home/runner/work/daddyboard/daddyboard/daddyboard-main/app/src/main/jni/src/defines.h:289:8: note: expanded from macro 'DISALLOW_ASSIGNMENT_OPERATOR'
build	Build DaddyBoard (HeliBoard fork)	2026-09-30T15:49:16.1351860Z C/C++:   289 |   void operator=(const TypeName&) = delete
build	Build DaddyBoard (HeliBoard fork)	2026-09-30T15:49:16.1352267Z C/C++:       |        ^
build	Build DaddyBoard (HeliBoard fork)	2026-09-30T15:49:16.1353556Z C/C++: /home/runner/work/daddyboard/daddyboard/daddyboard-main/app/src/main/jni/src/dictionary/structure/v4/content/language_model_dict_content.h:67:19: note: in implicit copy constructor for 'latinime::TrieMap::TrieMapIterator' first required here
build	Build DaddyBoard (HeliBoard fork)	2026-09-30T15:49:16.1355405Z C/C++:    67 |                 : mTrieMapIterator(trieMapIterator), mHasHistoricalInfo(hasHistoricalInfo) {}
build	Build DaddyBoard (HeliBoard fork)	2026-09-30T15:49:16.1356134Z C/C++:       |                   ^
build	Build DaddyBoard (HeliBoard fork)	2026-09-30T15:49:16.1357580Z C/C++: In file included from /home/runner/work/daddyboard/daddyboard/daddyboard-main/app/src/main/jni/src/dictionary/structure/v4/ver4_dict_buffers.cpp:17:
build	Build DaddyBoard (HeliBoard fork)	2026-09-30T15:49:16.1359237Z C/C++: In file included from /home/runner/work/daddyboard/daddyboard/daddyboard-main/app/src/main/jni/src/dictionary/structure/v4/ver4_dict_buffers.h:25:
build	Build DaddyBoard (HeliBoard fork)	2026-09-30T15:49:16.1360857Z C/C++: In file included from /home/runner/work/daddyboard/daddyboard/daddyboard-main/app/src/main/jni/src/dictionary/structure/v4/content/language_model_dict_content.h:30:
build	Build DaddyBoard (HeliBoard fork)	2026-09-30T15:49:16.1363079Z C/C++: /home/runner/work/daddyboard/daddyboard/daddyboard-main/app/src/main/jni/src/dictionary/utils/trie_map.h:158:9: warning: definition of implicit copy constructor for 'TrieMapRange' is deprecated because it has a user-declared copy assignment operator [-Wdeprecated-copy]
build	Build DaddyBoard (HeliBoard fork)	2026-09-30T15:49:16.1377318Z C/C++:   158 |         DISALLOW_ASSIGNMENT_OPERATOR(TrieMapRange);
build	Build DaddyBoard (HeliBoard fork)	2026-09-30T15:49:16.1377974Z C/C++:       |         ^
build	Build DaddyBoard (HeliBoard fork)	2026-09-30T15:49:16.1379102Z C/C++: /home/runner/work/daddyboard/daddyboard/daddyboard-main/app/src/main/jni/src/defines.h:289:8: note: expanded from macro 'DISALLOW_ASSIGNMENT_OPERATOR'
build	Build DaddyBoard (HeliBoard fork)	2026-09-30T15:49:16.1380372Z C/C++:   289 |   void operator=(const TypeName&) = delete
build	Build DaddyBoard (HeliBoard fork)	2026-09-30T15:49:16.1380871Z C/C++:       |        ^
build	Build DaddyBoard (HeliBoard fork)	2026-09-30T15:49:16.1382529Z C/C++: /home/runner/work/daddyboard/daddyboard/daddyboard-main/app/src/main/jni/src/dictionary/structure/v4/content/language_model_dict_content.h:96:19: note: in implicit copy constructor for 'latinime::TrieMap::TrieMapRange' first required here
build	Build DaddyBoard (HeliBoard fork)	2026-09-30T15:49:16.1384577Z C/C++:    96 |                 : mTrieMapRange(trieMapRange), mHasHistoricalInfo(hasHistoricalInfo) {}
build	Build DaddyBoard (HeliBoard fork)	2026-09-30T15:49:16.1385641Z C/C++:       |                   ^
build	Build DaddyBoard (HeliBoard fork)	2026-09-30T15:49:16.1386785Z C/C++: In file included from /home/runner/work/daddyboard/daddyboard/daddyboard-main/app/src/main/jni/src/dictionary/structure/v4/ver4_dict_buffers.cpp:17:
build	Build DaddyBoard (HeliBoard fork)	2026-09-30T15:49:16.1388612Z C/C++: In file included from /home/runner/work/daddyboard/daddyboard/daddyboard-main/app/src/main/jni/src/dictionary/structure/v4/ver4_dict_buffers.h:25:
build	Build DaddyBoard (HeliBoard fork)	2026-09-30T15:49:16.1390521Z C/C++: In file included from /home/runner/work/daddyboard/daddyboard/daddyboard-main/app/src/main/jni/src/dictionary/structure/v4/content/language_model_dict_content.h:24:
build	Build DaddyBoard (HeliBoard fork)	2026-09-30T15:49:16.1393150Z C/C++: /home/runner/work/daddyboard/daddyboard/daddyboard-main/app/src/main/jni/src/dictionary/property/word_attributes.h:59:5: warning: definition of implicit copy constructor for 'WordAttributes' is deprecated because it has a user-declared copy assignment operator [-Wdeprecated-copy]
build	Build DaddyBoard (HeliBoard fork)	2026-09-30T15:49:16.1395211Z C/C++:    59 |     DISALLOW_ASSIGNMENT_OPERATOR(WordAttributes);
build	Build DaddyBoard (HeliBoard fork)	2026-09-30T15:49:16.1395789Z C/C++:       |     ^
build	Build DaddyBoard (HeliBoard fork)	2026-09-30T15:49:16.1396820Z C/C++: /home/runner/work/daddyboard/daddyboard/daddyboard-main/app/src/main/jni/src/defines.h:289:8: note: expanded from macro 'DISALLOW_ASSIGNMENT_OPERATOR'
build	Build DaddyBoard (HeliBoard fork)	2026-09-30T15:49:16.1398030Z C/C++:   289 |   void operator=(const TypeName&) = delete
build	Build DaddyBoard (HeliBoard fork)	2026-09-30T15:49:16.1398532Z C/C++:       |        ^
build	Build DaddyBoard (HeliBoard fork)	2026-09-30T15:49:16.1400018Z C/C++: /home/runner/work/daddyboard/daddyboard/daddyboard-main/app/src/main/jni/src/dictionary/structure/v4/content/language_model_dict_content.h:119:19: note: in implicit copy constructor for 'WordAttributes' first required here
build	Build DaddyBoard (HeliBoard fork)	2026-09-30T15:49:16.1401847Z C/C++:   119 |                   mWordAttributes(wordAttributes), mProbabilityEntry(probabilityEntry) {}
build	Build DaddyBoard (HeliBoard fork)	2026-09-30T15:49:16.1402630Z C/C++:       |                   ^
build	Build DaddyBoard (HeliBoard fork)	2026-09-30T15:49:16.1709560Z C/C++: /home/runner/work/daddyboard/daddyboard/daddyboard-main/app/src/main/jni/src/dictionary/structure/v4/ver4_dict_buffers.cpp:74:21: warning: variable length arrays in C++ are a Clang extension [-Wvla-cxx-extension]
build	Build DaddyBoard (HeliBoard fork)	2026-09-30T15:49:16.1727970Z C/C++:    74 |     char tmpDirPath[tmpDirPathBufSize];
build	Build DaddyBoard (HeliBoard fork)	2026-09-30T15:49:16.1765126Z C/C++:       |                     ^~~~~~~~~~~~~~~~~
build	Build DaddyBoard (HeliBoard fork)	2026-09-30T15:49:16.1776107Z C/C++: /home/runner/work/daddyboard/daddyboard/daddyboard-main/app/src/main/jni/src/dictionary/structure/v4/ver4_dict_buffers.cpp:74:21: note: initializer of 'tmpDirPathBufSize' is not a constant expression
build	Build DaddyBoard (HeliBoard fork)	2026-09-30T15:49:16.1809788Z C/C++: /home/runner/work/daddyboard/daddyboard/daddyboard-main/app/src/main/jni/src/dictionary/structure/v4/ver4_dict_buffers.cpp:72:15: note: declared here
build	Build DaddyBoard (HeliBoard fork)	2026-09-30T15:49:16.1838779Z C/C++:    72 |     const int tmpDirPathBufSize = FileUtils::getFilePathWithSuffixBufSize(dictDirPath,
build	Build DaddyBoard (HeliBoard fork)	2026-09-30T15:49:16.1884881Z C/C++:       |               ^
build	Build DaddyBoard (HeliBoard fork)	2026-09-30T15:49:16.1910829Z C/C++: /home/runner/work/daddyboard/daddyboard/daddyboard-main/app/src/main/jni/src/dictionary/structure/v4/ver4_dict_buffers.cpp:92:19: warning: variable length arrays in C++ are a Clang extension [-Wvla-cxx-extension]
build	Build DaddyBoard (HeliBoard fork)	2026-09-30T15:49:16.1928960Z C/C++:    92 |     char dictName[dictNameBufSize];
build	Build DaddyBoard (HeliBoard fork)	2026-09-30T15:49:16.1964995Z C/C++:       |                   ^~~~~~~~~~~~~~~
build	Build DaddyBoard (HeliBoard fork)	2026-09-30T15:49:16.1996090Z C/C++: /home/runner/work/daddyboard/daddyboard/daddyboard-main/app/src/main/jni/src/dictionary/structure/v4/ver4_dict_buffers.cpp:92:19: note: initializer of 'dictNameBufSize' is not a constant expression
build	Build DaddyBoard (HeliBoard fork)	2026-09-30T15:49:16.2025599Z C/C++: /home/runner/work/daddyboard/daddyboard/daddyboard-main/app/src/main/jni/src/dictionary/structure/v4/ver4_dict_buffers.cpp:91:15: note: declared here
build	Build DaddyBoard (HeliBoard fork)	2026-09-30T15:49:16.2055254Z C/C++:    91 |     const int dictNameBufSize = strlen(dictDirPath) + 1 /* terminator */;
build	Build DaddyBoard (HeliBoard fork)	2026-09-30T15:49:16.2080046Z C/C++:       |               ^
build	Build DaddyBoard (HeliBoard fork)	2026-09-30T15:49:16.2112784Z C/C++: /home/runner/work/daddyboard/daddyboard/daddyboard-main/app/src/main/jni/src/dictionary/structure/v4/ver4_dict_buffers.cpp:95:19: warning: variable length arrays in C++ are a Clang extension [-Wvla-cxx-extension]
build	Build DaddyBoard (HeliBoard fork)	2026-09-30T15:49:16.2144938Z C/C++:    95 |     char dictPath[dictPathBufSize];
build	Build DaddyBoard (HeliBoard fork)	2026-09-30T15:49:16.2165056Z C/C++:       |                   ^~~~~~~~~~~~~~~
build	Build DaddyBoard (HeliBoard fork)	2026-09-30T15:49:16.2225604Z C/C++: /home/runner/work/daddyboard/daddyboard/daddyboard-main/app/src/main/jni/src/dictionary/structure/v4/ver4_dict_buffers.cpp:95:19: note: initializer of 'dictPathBufSize' is not a constant expression
build	Build DaddyBoard (HeliBoard fork)	2026-09-30T15:49:16.2227632Z C/C++: /home/runner/work/daddyboard/daddyboard/daddyboard-main/app/src/main/jni/src/dictionary/structure/v4/ver4_dict_buffers.cpp:94:15: note: declared here
build	Build DaddyBoard (HeliBoard fork)	2026-09-30T15:49:16.2257653Z C/C++:    94 |     const int dictPathBufSize = FileUtils::getFilePathBufSize(tmpDirPath, dictName);
build	Build DaddyBoard (HeliBoard fork)	2026-09-30T15:49:16.2284924Z C/C++:       |               ^
build	Build DaddyBoard (HeliBoard fork)	2026-09-30T15:49:16.2286306Z C/C++: /home/runner/work/daddyboard/daddyboard/daddyboard-main/app/src/main/jni/src/dictionary/structure/v4/ver4_dict_buffers.cpp:109:23: warning: variable length arrays in C++ are a Clang extension [-Wvla-cxx-extension]
build	Build DaddyBoard (HeliBoard fork)	2026-09-30T15:49:16.2287764Z C/C++:   109 |     char bodyFilePath[bodyFilePathBufSize];
build	Build DaddyBoard (HeliBoard fork)	2026-09-30T15:49:16.2288338Z C/C++:       |                       ^~~~~~~~~~~~~~~~~~~
build	Build DaddyBoard (HeliBoard fork)	2026-09-30T15:49:16.2289623Z C/C++: /home/runner/work/daddyboard/daddyboard/daddyboard-main/app/src/main/jni/src/dictionary/structure/v4/ver4_dict_buffers.cpp:109:23: note: initializer of 'bodyFilePathBufSize' is not a constant expression
build	Build DaddyBoard (HeliBoard fork)	2026-09-30T15:49:16.2291543Z C/C++: /home/runner/work/daddyboard/daddyboard/daddyboard-main/app/src/main/jni/src/dictionary/structure/v4/ver4_dict_buffers.cpp:107:15: note: declared here
build	Build DaddyBoard (HeliBoard fork)	2026-09-30T15:49:16.2292916Z C/C++:   107 |     const int bodyFilePathBufSize = FileUtils::getFilePathWithSuffixBufSize(dictPath,
build	Build DaddyBoard (HeliBoard fork)	2026-09-30T15:49:16.2293627Z C/C++:       |               ^
build	Build DaddyBoard (HeliBoard fork)	2026-09-30T15:49:16.2693958Z C/C++: In file included from /home/runner/work/daddyboard/daddyboard/daddyboard-main/app/src/main/jni/src/dictionary/structure/v4/ver4_dict_buffers.cpp:17:
build	Build DaddyBoard (HeliBoard fork)	2026-09-30T15:49:16.2715886Z C/C++: In file included from /home/runner/work/daddyboard/daddyboard/daddyboard-main/app/src/main/jni/src/dictionary/structure/v4/ver4_dict_buffers.h:25:
build	Build DaddyBoard (HeliBoard fork)	2026-09-30T15:49:16.2746094Z C/C++: In file included from /home/runner/work/daddyboard/daddyboard/daddyboard-main/app/src/main/jni/src/dictionary/structure/v4/content/language_model_dict_content.h:26:
build	Build DaddyBoard (HeliBoard fork)	2026-09-30T15:49:16.2765979Z C/C++: In file included from /home/runner/work/daddyboard/daddyboard/daddyboard-main/app/src/main/jni/src/dictionary/structure/v4/content/probability_entry.h:25:
build	Build DaddyBoard (HeliBoard fork)	2026-09-30T15:49:16.2775508Z C/C++: In file included from /home/runner/work/daddyboard/daddyboard/daddyboard-main/app/src/main/jni/src/dictionary/property/ngram_property.h:24:
build	Build DaddyBoard (HeliBoard fork)	2026-09-30T15:49:16.2805605Z C/C++: In file included from /home/runner/work/daddyboard/daddyboard/daddyboard-main/app/src/main/jni/src/dictionary/property/ngram_context.h:23:
build	Build DaddyBoard (HeliBoard fork)	2026-09-30T15:49:16.2826471Z C/C++: /home/runner/work/daddyboard/daddyboard/daddyboard-main/app/src/main/jni/src/utils/int_array_view.h:160:5: warning: definition of implicit copy constructor for 'IntArrayView' is deprecated because it has a user-declared copy assignment operator [-Wdeprecated-copy]
build	Build DaddyBoard (HeliBoard fork)	2026-09-30T15:49:16.2828878Z C/C++:   160 |     DISALLOW_ASSIGNMENT_OPERATOR(IntArrayView);
build	Build DaddyBoard (HeliBoard fork)	2026-09-30T15:49:16.2864932Z C/C++:       |     ^
build	Build DaddyBoard (HeliBoard fork)	2026-09-30T15:49:16.2885927Z C/C++: /home/runner/work/daddyboard/daddyboard/daddyboard-main/app/src/main/jni/src/defines.h:289:8: note: expanded from macro 'DISALLOW_ASSIGNMENT_OPERATOR'
build	Build DaddyBoard (HeliBoard fork)	2026-09-30T15:49:16.2915138Z C/C++:   289 |   void operator=(const TypeName&) = delete
build	Build DaddyBoard (HeliBoard fork)	2026-09-30T15:49:16.2915809Z C/C++:       |        ^
build	Build DaddyBoard (HeliBoard fork)	2026-09-30T15:49:16.2953370Z C/C++: /usr/local/lib/android/sdk/ndk/28.0.13004108/toolchains/llvm/prebuilt/linux-x86_64/sysroot/usr/include/c++/v1/__memory/allocator.h:173:24: note: in implicit copy constructor for 'latinime::IntArrayView' first required here
build	Build DaddyBoard (HeliBoard fork)	2026-09-30T15:49:16.2986123Z C/C++:   173 |     ::new ((void*)__p) _Up(std::forward<_Args>(__args)...);
build	Build DaddyBoard (HeliBoard fork)	2026-09-30T15:49:16.3004984Z C/C++:       |                        ^
build	Build DaddyBoard (HeliBoard fork)	2026-09-30T15:49:16.3022254Z C/C++: /usr/local/lib/android/sdk/ndk/28.0.13004108/toolchains/llvm/prebuilt/linux-x86_64/sysroot/usr/include/c++/v1/__memory/allocator_traits.h:320:9: note: in instantiation of function template specialization 'std::allocator<latinime::IntArrayView>::construct<latinime::IntArrayView, latinime::IntArrayView>' requested here
build	Build DaddyBoard (HeliBoard fork)	2026-09-30T15:49:16.3055075Z C/C++:   320 |     __a.construct(__p, std::forward<_Args>(__args)...);
build	Build DaddyBoard (HeliBoard fork)	2026-09-30T15:49:16.3064900Z C/C++:       |         ^
build	Build DaddyBoard (HeliBoard fork)	2026-09-30T15:49:16.3067114Z C/C++: /usr/local/lib/android/sdk/ndk/28.0.13004108/toolchains/llvm/prebuilt/linux-x86_64/sysroot/usr/include/c++/v1/__memory/uninitialized_algorithms.h:639:33: note: in instantiation of function template specialization 'std::allocator_traits<std::allocator<latinime::IntArrayView>>::construct<latinime::IntArrayView, latinime::IntArrayView, 0>' requested here
build	Build DaddyBoard (HeliBoard fork)	2026-09-30T15:49:16.3105112Z C/C++:   639 |       allocator_traits<_Alloc>::construct(__alloc, __result, std::move(*__iter));
build	Build DaddyBoard (HeliBoard fork)	2026-09-30T15:49:16.3143464Z C/C++:       |                                 ^
build	Build DaddyBoard (HeliBoard fork)	2026-09-30T15:49:16.3156161Z C/C++: /usr/local/lib/android/sdk/ndk/28.0.13004108/toolchains/llvm/prebuilt/linux-x86_64/sysroot/usr/include/c++/v1/vector:1511:3: note: in instantiation of member function 'std::vector<latinime::IntArrayView>::__swap_out_circular_buffer' requested here
build	Build DaddyBoard (HeliBoard fork)	2026-09-30T15:49:16.3169191Z C/C++:  1511 |   __swap_out_circular_buffer(__v);
build	Build DaddyBoard (HeliBoard fork)	2026-09-30T15:49:16.3196894Z C/C++:       |   ^
build	Build DaddyBoard (HeliBoard fork)	2026-09-30T15:49:16.3216470Z C/C++: /usr/local/lib/android/sdk/ndk/28.0.13004108/toolchains/llvm/prebuilt/linux-x86_64/sysroot/usr/include/c++/v1/vector:1529:13: note: in instantiation of function template specialization 'std::vector<latinime::IntArrayView>::__emplace_back_slow_path<const int *const &, const unsigned long &>' requested here
build	Build DaddyBoard (HeliBoard fork)	2026-09-30T15:49:16.3218487Z C/C++:  1529 |     __end = __emplace_back_slow_path(std::forward<_Args>(__args)...);
build	Build DaddyBoard (HeliBoard fork)	2026-09-30T15:49:16.3251579Z C/C++:       |             ^
build	Build DaddyBoard (HeliBoard fork)	2026-09-30T15:49:16.3266329Z C/C++: /home/runner/work/daddyboard/daddyboard/daddyboard-main/app/src/main/jni/src/utils/int_array_view.h:142:20: note: in instantiation of function template specialization 'std::vector<latinime::IntArrayView>::emplace_back<const int *const &, const unsigned long &>' requested here
build	Build DaddyBoard (HeliBoard fork)	2026-09-30T15:49:16.3275238Z C/C++:   142 |             result.emplace_back(mPtr, mSize);
build	Build DaddyBoard (HeliBoard fork)	2026-09-30T15:49:16.3276022Z C/C++:       |                    ^
build	Build DaddyBoard (HeliBoard fork)	2026-09-30T15:49:16.4706326Z C/C++: 10 warnings generated.
build	Build DaddyBoard (HeliBoard fork)	2026-09-30T15:49:17.3695326Z C/C++: In file included from /home/runner/work/daddyboard/daddyboard/daddyboard-main/app/src/main/jni/src/dictionary/structure/v4/ver4_patricia_trie_node_reader.cpp:19:
build	Build DaddyBoard (HeliBoard fork)	2026-09-30T15:49:17.3697268Z C/C++: In file included from /home/runner/work/daddyboard/daddyboard/daddyboard-main/app/src/main/jni/src/dictionary/header/header_policy.h:25:
build	Build DaddyBoard (HeliBoard fork)	2026-09-30T15:49:17.3699768Z C/C++: /home/runner/work/daddyboard/daddyboard/daddyboard-main/app/src/main/jni/src/dictionary/utils/entry_counters.h:44:5: warning: definition of implicit copy constructor for 'EntryCounts' is deprecated because it has a user-declared copy assignment operator [-Wdeprecated-copy]
build	Build DaddyBoard (HeliBoard fork)	2026-09-30T15:49:17.3701814Z C/C++:    44 |     DISALLOW_ASSIGNMENT_OPERATOR(EntryCounts);
build	Build DaddyBoard (HeliBoard fork)	2026-09-30T15:49:17.3702330Z C/C++:       |     ^
build	Build DaddyBoard (HeliBoard fork)	2026-09-30T15:49:17.3703123Z C/C++: /home/runner/work/daddyboard/daddyboard/daddyboard-main/app/src/main/jni/src/defines.h:289:8: note: expanded from macro 'DISALLOW_ASSIGNMENT_OPERATOR'
build	Build DaddyBoard (HeliBoard fork)	2026-09-30T15:49:17.3704035Z C/C++:   289 |   void operator=(const TypeName&) = delete
build	Build DaddyBoard (HeliBoard fork)	2026-09-30T15:49:17.3704588Z C/C++:       |        ^
build	Build DaddyBoard (HeliBoard fork)	2026-09-30T15:49:17.3705645Z C/C++: /home/runner/work/daddyboard/daddyboard/daddyboard-main/app/src/main/jni/src/dictionary/header/header_policy.h:92:15: note: in implicit copy constructor for 'latinime::EntryCounts' first required here
build	Build DaddyBoard (HeliBoard fork)	2026-09-30T15:49:17.3706904Z C/C++:    92 |               mNgramCounts(headerPolicy->mNgramCounts),
build	Build DaddyBoard (HeliBoard fork)	2026-09-30T15:49:17.3707852Z C/C++:       |               ^
build	Build DaddyBoard (HeliBoard fork)	2026-09-30T15:49:17.3708778Z C/C++: In file included from /home/runner/work/daddyboard/daddyboard/daddyboard-main/app/src/main/jni/src/dictionary/structure/v4/ver4_patricia_trie_node_reader.cpp:22:
build	Build DaddyBoard (HeliBoard fork)	2026-09-30T15:49:17.3710318Z C/C++: In file included from /home/runner/work/daddyboard/daddyboard/daddyboard-main/app/src/main/jni/src/dictionary/structure/v4/content/language_model_dict_content.h:26:
build	Build DaddyBoard (HeliBoard fork)	2026-09-30T15:49:17.3712046Z C/C++: In file included from /home/runner/work/daddyboard/daddyboard/daddyboard-main/app/src/main/jni/src/dictionary/structure/v4/content/probability_entry.h:24:
build	Build DaddyBoard (HeliBoard fork)	2026-09-30T15:49:17.3714672Z C/C++: /home/runner/work/daddyboard/daddyboard/daddyboard-main/app/src/main/jni/src/dictionary/property/historical_info.h:52:5: warning: definition of implicit copy constructor for 'HistoricalInfo' is deprecated because it has a user-declared copy assignment operator [-Wdeprecated-copy]
build	Build DaddyBoard (HeliBoard fork)	2026-09-30T15:49:17.3716639Z C/C++:    52 |     DISALLOW_ASSIGNMENT_OPERATOR(HistoricalInfo);
build	Build DaddyBoard (HeliBoard fork)	2026-09-30T15:49:17.3717255Z C/C++:       |     ^
build	Build DaddyBoard (HeliBoard fork)	2026-09-30T15:49:17.3718207Z C/C++: /home/runner/work/daddyboard/daddyboard/daddyboard-main/app/src/main/jni/src/defines.h:289:8: note: expanded from macro 'DISALLOW_ASSIGNMENT_OPERATOR'
build	Build DaddyBoard (HeliBoard fork)	2026-09-30T15:49:17.3719321Z C/C++:   289 |   void operator=(const TypeName&) = delete
build	Build DaddyBoard (HeliBoard fork)	2026-09-30T15:49:17.3719791Z C/C++:       |        ^
build	Build DaddyBoard (HeliBoard fork)	2026-09-30T15:49:17.3721149Z C/C++: /home/runner/work/daddyboard/daddyboard/daddyboard-main/app/src/main/jni/src/dictionary/property/ngram_property.h:33:42: note: in implicit copy constructor for 'latinime::HistoricalInfo' first required here
build	Build DaddyBoard (HeliBoard fork)	2026-09-30T15:49:17.3722775Z C/C++:    33 |               mProbability(probability), mHistoricalInfo(historicalInfo) {}
build	Build DaddyBoard (HeliBoard fork)	2026-09-30T15:49:17.3723432Z C/C++:       |                                          ^
build	Build DaddyBoard (HeliBoard fork)	2026-09-30T15:49:17.3724877Z C/C++: In file included from /home/runner/work/daddyboard/daddyboard/daddyboard-main/app/src/main/jni/src/dictionary/structure/v4/ver4_patricia_trie_node_reader.cpp:22:
build	Build DaddyBoard (HeliBoard fork)	2026-09-30T15:49:17.3726750Z C/C++: In file included from /home/runner/work/daddyboard/daddyboard/daddyboard-main/app/src/main/jni/src/dictionary/structure/v4/content/language_model_dict_content.h:30:
build	Build DaddyBoard (HeliBoard fork)	2026-09-30T15:49:17.3729578Z C/C++: /home/runner/work/daddyboard/daddyboard/daddyboard-main/app/src/main/jni/src/dictionary/utils/trie_map.h:129:9: warning: definition of implicit copy constructor for 'TrieMapIterator' is deprecated because it has a user-declared copy assignment operator [-Wdeprecated-copy]
build	Build DaddyBoard (HeliBoard fork)	2026-09-30T15:49:17.3731549Z C/C++:   129 |         DISALLOW_ASSIGNMENT_OPERATOR(TrieMapIterator);
build	Build DaddyBoard (HeliBoard fork)	2026-09-30T15:49:17.3732101Z C/C++:       |         ^
build	Build DaddyBoard (HeliBoard fork)	2026-09-30T15:49:17.3733078Z C/C++: /home/runner/work/daddyboard/daddyboard/daddyboard-main/app/src/main/jni/src/defines.h:289:8: note: expanded from macro 'DISALLOW_ASSIGNMENT_OPERATOR'
build	Build DaddyBoard (HeliBoard fork)	2026-09-30T15:49:17.3734265Z C/C++:   289 |   void operator=(const TypeName&) = delete
build	Build DaddyBoard (HeliBoard fork)	2026-09-30T15:49:17.3734992Z C/C++:       |        ^
build	Build DaddyBoard (HeliBoard fork)	2026-09-30T15:49:17.3736518Z C/C++: /home/runner/work/daddyboard/daddyboard/daddyboard-main/app/src/main/jni/src/dictionary/structure/v4/content/language_model_dict_content.h:67:19: note: in implicit copy constructor for 'latinime::TrieMap::TrieMapIterator' first required here
build	Build DaddyBoard (HeliBoard fork)	2026-09-30T15:49:17.3738429Z C/C++:    67 |                 : mTrieMapIterator(trieMapIterator), mHasHistoricalInfo(hasHistoricalInfo) {}
build	Build DaddyBoard (HeliBoard fork)	2026-09-30T15:49:17.3739172Z C/C++:       |                   ^
build	Build DaddyBoard (HeliBoard fork)	2026-09-30T15:49:17.3740382Z C/C++: In file included from /home/runner/work/daddyboard/daddyboard/daddyboard-main/app/src/main/jni/src/dictionary/structure/v4/ver4_patricia_trie_node_reader.cpp:22:
build	Build DaddyBoard (HeliBoard fork)	2026-09-30T15:49:17.3742319Z C/C++: In file included from /home/runner/work/daddyboard/daddyboard/daddyboard-main/app/src/main/jni/src/dictionary/structure/v4/content/language_model_dict_content.h:30:
build	Build DaddyBoard (HeliBoard fork)	2026-09-30T15:49:17.3744842Z C/C++: /home/runner/work/daddyboard/daddyboard/daddyboard-main/app/src/main/jni/src/dictionary/utils/trie_map.h:158:9: warning: definition of implicit copy constructor for 'TrieMapRange' is deprecated because it has a user-declared copy assignment operator [-Wdeprecated-copy]
build	Build DaddyBoard (HeliBoard fork)	2026-09-30T15:49:17.3746941Z C/C++:   158 |         DISALLOW_ASSIGNMENT_OPERATOR(TrieMapRange);
build	Build DaddyBoard (HeliBoard fork)	2026-09-30T15:49:17.3747484Z C/C++:       |         ^
build	Build DaddyBoard (HeliBoard fork)	2026-09-30T15:49:17.3748442Z C/C++: /home/runner/work/daddyboard/daddyboard/daddyboard-main/app/src/main/jni/src/defines.h:289:8: note: expanded from macro 'DISALLOW_ASSIGNMENT_OPERATOR'
build	Build DaddyBoard (HeliBoard fork)	2026-09-30T15:49:17.3749547Z C/C++:   289 |   void operator=(const TypeName&) = delete
build	Build DaddyBoard (HeliBoard fork)	2026-09-30T15:49:17.3750043Z C/C++:       |        ^
build	Build DaddyBoard (HeliBoard fork)	2026-09-30T15:49:17.3751527Z C/C++: /home/runner/work/daddyboard/daddyboard/daddyboard-main/app/src/main/jni/src/dictionary/structure/v4/content/language_model_dict_content.h:96:19: note: in implicit copy constructor for 'latinime::TrieMap::TrieMapRange' first required here
build	Build DaddyBoard (HeliBoard fork)	2026-09-30T15:49:17.3753333Z C/C++:    96 |                 : mTrieMapRange(trieMapRange), mHasHistoricalInfo(hasHistoricalInfo) {}
build	Build DaddyBoard (HeliBoard fork)	2026-09-30T15:49:17.3753990Z C/C++:       |                   ^
build	Build DaddyBoard (HeliBoard fork)	2026-09-30T15:49:17.3755290Z C/C++: In file included from /home/runner/work/daddyboard/daddyboard/daddyboard-main/app/src/main/jni/src/dictionary/structure/v4/ver4_patricia_trie_node_reader.cpp:22:
build	Build DaddyBoard (HeliBoard fork)	2026-09-30T15:49:17.3757147Z C/C++: In file included from /home/runner/work/daddyboard/daddyboard/daddyboard-main/app/src/main/jni/src/dictionary/structure/v4/content/language_model_dict_content.h:24:
build	Build DaddyBoard (HeliBoard fork)	2026-09-30T15:49:17.3759651Z C/C++: /home/runner/work/daddyboard/daddyboard/daddyboard-main/app/src/main/jni/src/dictionary/property/word_attributes.h:59:5: warning: definition of implicit copy constructor for 'WordAttributes' is deprecated because it has a user-declared copy assignment operator [-Wdeprecated-copy]
build	Build DaddyBoard (HeliBoard fork)	2026-09-30T15:49:17.3761547Z C/C++:    59 |     DISALLOW_ASSIGNMENT_OPERATOR(WordAttributes);
build	Build DaddyBoard (HeliBoard fork)	2026-09-30T15:49:17.3762042Z C/C++:       |     ^
build	Build DaddyBoard (HeliBoard fork)	2026-09-30T15:49:17.3762946Z C/C++: /home/runner/work/daddyboard/daddyboard/daddyboard-main/app/src/main/jni/src/defines.h:289:8: note: expanded from macro 'DISALLOW_ASSIGNMENT_OPERATOR'
build	Build DaddyBoard (HeliBoard fork)	2026-09-30T15:49:17.3764035Z C/C++:   289 |   void operator=(const TypeName&) = delete
build	Build DaddyBoard (HeliBoard fork)	2026-09-30T15:49:17.3764649Z C/C++:       |        ^
build	Build DaddyBoard (HeliBoard fork)	2026-09-30T15:49:17.3766307Z C/C++: /home/runner/work/daddyboard/daddyboard/daddyboard-main/app/src/main/jni/src/dictionary/structure/v4/content/language_model_dict_content.h:119:19: note: in implicit copy constructor for 'WordAttributes' first required here
build	Build DaddyBoard (HeliBoard fork)	2026-09-30T15:49:17.3767980Z C/C++:   119 |                   mWordAttributes(wordAttributes), mProbabilityEntry(probabilityEntry) {}
build	Build DaddyBoard (HeliBoard fork)	2026-09-30T15:49:17.3768654Z C/C++:       |                   ^
build	Build DaddyBoard (HeliBoard fork)	2026-09-30T15:49:17.4700229Z C/C++: In file included from /home/runner/work/daddyboard/daddyboard/daddyboard-main/app/src/main/jni/src/dictionary/structure/v4/ver4_patricia_trie_node_reader.cpp:17:
build	Build DaddyBoard (HeliBoard fork)	2026-09-30T15:49:17.4725844Z C/C++: In file included from /home/runner/work/daddyboard/daddyboard/daddyboard-main/app/src/main/jni/src/dictionary/structure/v4/ver4_patricia_trie_node_reader.h:21:
build	Build DaddyBoard (HeliBoard fork)	2026-09-30T15:49:17.4755786Z C/C++: In file included from /home/runner/work/daddyboard/daddyboard/daddyboard-main/app/src/main/jni/src/dictionary/structure/pt_common/pt_node_params.h:27:
build	Build DaddyBoard (HeliBoard fork)	2026-09-30T15:49:17.4786340Z C/C++: /home/runner/work/daddyboard/daddyboard/daddyboard-main/app/src/main/jni/src/utils/int_array_view.h:160:5: warning: definition of implicit copy constructor for 'IntArrayView' is deprecated because it has a user-declared copy assignment operator [-Wdeprecated-copy]
build	Build DaddyBoard (HeliBoard fork)	2026-09-30T15:49:17.4815009Z C/C++:   160 |     DISALLOW_ASSIGNMENT_OPERATOR(IntArrayView);
build	Build DaddyBoard (HeliBoard fork)	2026-09-30T15:49:17.4815614Z C/C++:       |     ^
build	Build DaddyBoard (HeliBoard fork)	2026-09-30T15:49:17.4875772Z C/C++: /home/runner/work/daddyboard/daddyboard/daddyboard-main/app/src/main/jni/src/defines.h:289:8: note: expanded from macro 'DISALLOW_ASSIGNMENT_OPERATOR'
build	Build DaddyBoard (HeliBoard fork)	2026-09-30T15:49:17.4882513Z C/C++:   289 |   void operator=(const TypeName&) = delete
build	Build DaddyBoard (HeliBoard fork)	2026-09-30T15:49:17.4904942Z C/C++:       |        ^
build	Build DaddyBoard (HeliBoard fork)	2026-09-30T15:49:17.4935920Z C/C++: /usr/local/lib/android/sdk/ndk/28.0.13004108/toolchains/llvm/prebuilt/linux-x86_64/sysroot/usr/include/c++/v1/__memory/allocator.h:173:24: note: in implicit copy constructor for 'latinime::IntArrayView' first required here
build	Build DaddyBoard (HeliBoard fork)	2026-09-30T15:49:17.4965137Z C/C++:   173 |     ::new ((void*)__p) _Up(std::forward<_Args>(__args)...);
build	Build DaddyBoard (HeliBoard fork)	2026-09-30T15:49:17.4994872Z C/C++:       |                        ^
build	Build DaddyBoard (HeliBoard fork)	2026-09-30T15:49:17.5026459Z C/C++: /usr/local/lib/android/sdk/ndk/28.0.13004108/toolchains/llvm/prebuilt/linux-x86_64/sysroot/usr/include/c++/v1/__memory/allocator_traits.h:320:9: note: in instantiation of function template specialization 'std::allocator<latinime::IntArrayView>::construct<latinime::IntArrayView, latinime::IntArrayView>' requested here
build	Build DaddyBoard (HeliBoard fork)	2026-09-30T15:49:17.5028764Z C/C++:   320 |     __a.construct(__p, std::forward<_Args>(__args)...);
build	Build DaddyBoard (HeliBoard fork)	2026-09-30T15:49:17.5038204Z C/C++:       |         ^
build	Build DaddyBoard (HeliBoard fork)	2026-09-30T15:49:17.5040808Z C/C++: /usr/local/lib/android/sdk/ndk/28.0.13004108/toolchains/llvm/prebuilt/linux-x86_64/sysroot/usr/include/c++/v1/__memory/uninitialized_algorithms.h:639:33: note: in instantiation of function template specialization 'std::allocator_traits<std::allocator<latinime::IntArrayView>>::construct<latinime::IntArrayView, latinime::IntArrayView, 0>' requested here
build	Build DaddyBoard (HeliBoard fork)	2026-09-30T15:49:17.5043598Z C/C++:   639 |       allocator_traits<_Alloc>::construct(__alloc, __result, std::move(*__iter));
build	Build DaddyBoard (HeliBoard fork)	2026-09-30T15:49:17.5044521Z C/C++:       |                                 ^
build	Build DaddyBoard (HeliBoard fork)	2026-09-30T15:49:17.5046043Z C/C++: /usr/local/lib/android/sdk/ndk/28.0.13004108/toolchains/llvm/prebuilt/linux-x86_64/sysroot/usr/include/c++/v1/vector:1511:3: note: in instantiation of member function 'std::vector<latinime::IntArrayView>::__swap_out_circular_buffer' requested here
build	Build DaddyBoard (HeliBoard fork)	2026-09-30T15:49:17.5047720Z C/C++:  1511 |   __swap_out_circular_buffer(__v);
build	Build DaddyBoard (HeliBoard fork)	2026-09-30T15:49:17.5048152Z C/C++:       |   ^
build	Build DaddyBoard (HeliBoard fork)	2026-09-30T15:49:17.5049972Z C/C++: /usr/local/lib/android/sdk/ndk/28.0.13004108/toolchains/llvm/prebuilt/linux-x86_64/sysroot/usr/include/c++/v1/vector:1529:13: note: in instantiation of function template specialization 'std::vector<latinime::IntArrayView>::__emplace_back_slow_path<const int *const &, const unsigned long &>' requested here
build	Build DaddyBoard (HeliBoard fork)	2026-09-30T15:49:17.5052398Z C/C++:  1529 |     __end = __emplace_back_slow_path(std::forward<_Args>(__args)...);
build	Build DaddyBoard (HeliBoard fork)	2026-09-30T15:49:17.5053030Z C/C++:       |             ^
build	Build DaddyBoard (HeliBoard fork)	2026-09-30T15:49:17.5054903Z C/C++: /home/runner/work/daddyboard/daddyboard/daddyboard-main/app/src/main/jni/src/utils/int_array_view.h:142:20: note: in instantiation of function template specialization 'std::vector<latinime::IntArrayView>::emplace_back<const int *const &, const unsigned long &>' requested here
build	Build DaddyBoard (HeliBoard fork)	2026-09-30T15:49:17.5056801Z C/C++:   142 |             result.emplace_back(mPtr, mSize);
build	Build DaddyBoard (HeliBoard fork)	2026-09-30T15:49:17.5057326Z C/C++:       |                    ^
build	Build DaddyBoard (HeliBoard fork)	2026-09-30T15:49:17.5725316Z C/C++: 6 warnings generated.
build	Build DaddyBoard (HeliBoard fork)	2026-09-30T15:49:18.2696176Z C/C++: In file included from /home/runner/work/daddyboard/daddyboard/daddyboard-main/app/src/main/jni/src/dictionary/structure/v4/ver4_patricia_trie_node_writer.cpp:17:
build	Build DaddyBoard (HeliBoard fork)	2026-09-30T15:49:18.2756103Z C/C++: In file included from /home/runner/work/daddyboard/daddyboard/daddyboard-main/app/src/main/jni/src/dictionary/structure/v4/ver4_patricia_trie_node_writer.h:24:
build	Build DaddyBoard (HeliBoard fork)	2026-09-30T15:49:18.2776010Z C/C++: In file included from /home/runner/work/daddyboard/daddyboard/daddyboard-main/app/src/main/jni/src/dictionary/structure/v4/content/probability_entry.h:24:
build	Build DaddyBoard (HeliBoard fork)	2026-09-30T15:49:18.2816637Z C/C++: /home/runner/work/daddyboard/daddyboard/daddyboard-main/app/src/main/jni/src/dictionary/property/historical_info.h:52:5: warning: definition of implicit copy constructor for 'HistoricalInfo' is deprecated because it has a user-declared copy assignment operator [-Wdeprecated-copy]
build	Build DaddyBoard (HeliBoard fork)	2026-09-30T15:49:18.2845204Z C/C++:    52 |     DISALLOW_ASSIGNMENT_OPERATOR(HistoricalInfo);
build	Build DaddyBoard (HeliBoard fork)	2026-09-30T15:49:18.2864943Z C/C++:       |     ^
build	Build DaddyBoard (HeliBoard fork)	2026-09-30T15:49:18.2905849Z C/C++: /home/runner/work/daddyboard/daddyboard/daddyboard-main/app/src/main/jni/src/defines.h:289:8: note: expanded from macro 'DISALLOW_ASSIGNMENT_OPERATOR'
build	Build DaddyBoard (HeliBoard fork)	2026-09-30T15:49:18.2935164Z C/C++:   289 |   void operator=(const TypeName&) = delete
build	Build DaddyBoard (HeliBoard fork)	2026-09-30T15:49:18.2954969Z C/C++:       |        ^
build	Build DaddyBoard (HeliBoard fork)	2026-09-30T15:49:18.2979287Z C/C++: /home/runner/work/daddyboard/daddyboard/daddyboard-main/app/src/main/jni/src/dictionary/property/ngram_property.h:33:42: note: in implicit copy constructor for 'latinime::HistoricalInfo' first required here
build	Build DaddyBoard (HeliBoard fork)	2026-09-30T15:49:18.3005206Z C/C++:    33 |               mProbability(probability), mHistoricalInfo(historicalInfo) {}
build	Build DaddyBoard (HeliBoard fork)	2026-09-30T15:49:18.3006060Z C/C++:       |                                          ^
build	Build DaddyBoard (HeliBoard fork)	2026-09-30T15:49:18.3705951Z C/C++: In file included from /home/runner/work/daddyboard/daddyboard/daddyboard-main/app/src/main/jni/src/dictionary/structure/v4/ver4_patricia_trie_node_writer.cpp:19:
build	Build DaddyBoard (HeliBoard fork)	2026-09-30T15:49:18.3708844Z C/C++: In file included from /home/runner/work/daddyboard/daddyboard/daddyboard-main/app/src/main/jni/src/dictionary/header/header_policy.h:25:
build	Build DaddyBoard (HeliBoard fork)	2026-09-30T15:49:18.3711340Z C/C++: /home/runner/work/daddyboard/daddyboard/daddyboard-main/app/src/main/jni/src/dictionary/utils/entry_counters.h:44:5: warning: definition of implicit copy constructor for 'EntryCounts' is deprecated because it has a user-declared copy assignment operator [-Wdeprecated-copy]
build	Build DaddyBoard (HeliBoard fork)	2026-09-30T15:49:18.3713495Z C/C++:    44 |     DISALLOW_ASSIGNMENT_OPERATOR(EntryCounts);
build	Build DaddyBoard (HeliBoard fork)	2026-09-30T15:49:18.3714078Z C/C++:       |     ^
build	Build DaddyBoard (HeliBoard fork)	2026-09-30T15:49:18.3715203Z C/C++: /home/runner/work/daddyboard/daddyboard/daddyboard-main/app/src/main/jni/src/defines.h:289:8: note: expanded from macro 'DISALLOW_ASSIGNMENT_OPERATOR'
build	Build DaddyBoard (HeliBoard fork)	2026-09-30T15:49:18.3745254Z C/C++:   289 |   void operator=(const TypeName&) = delete
build	Build DaddyBoard (HeliBoard fork)	2026-09-30T15:49:18.3765013Z C/C++:       |        ^
build	Build DaddyBoard (HeliBoard fork)	2026-09-30T15:49:18.3795986Z C/C++: /home/runner/work/daddyboard/daddyboard/daddyboard-main/app/src/main/jni/src/dictionary/header/header_policy.h:92:15: note: in implicit copy constructor for 'latinime::EntryCounts' first required here
build	Build DaddyBoard (HeliBoard fork)	2026-09-30T15:49:18.3805141Z C/C++:    92 |               mNgramCounts(headerPolicy->mNgramCounts),
build	Build DaddyBoard (HeliBoard fork)	2026-09-30T15:49:18.3837298Z C/C++:       |               ^
build	Build DaddyBoard (HeliBoard fork)	2026-09-30T15:49:18.3840979Z C/C++: In file included from /home/runner/work/daddyboard/daddyboard/daddyboard-main/app/src/main/jni/src/dictionary/structure/v4/ver4_patricia_trie_node_writer.cpp:19:
build	Build DaddyBoard (HeliBoard fork)	2026-09-30T15:49:18.3875600Z C/C++: In file included from /home/runner/work/daddyboard/daddyboard/daddyboard-main/app/src/main/jni/src/dictionary/header/header_policy.h:23:
build	Build DaddyBoard (HeliBoard fork)	2026-09-30T15:49:18.3895634Z C/C++: In file included from /home/runner/work/daddyboard/daddyboard/daddyboard-main/app/src/main/jni/src/dictionary/header/header_read_write_utils.h:24:
build	Build DaddyBoard (HeliBoard fork)	2026-09-30T15:49:18.3925559Z C/C++: In file included from /home/runner/work/daddyboard/daddyboard/daddyboard-main/app/src/main/jni/src/dictionary/utils/format_utils.h:23:
build	Build DaddyBoard (HeliBoard fork)	2026-09-30T15:49:18.3936424Z C/C++: /home/runner/work/daddyboard/daddyboard/daddyboard-main/app/src/main/jni/src/utils/byte_array_view.h:53:5: warning: definition of implicit copy constructor for 'ReadOnlyByteArrayView' is deprecated because it has a user-declared copy assignment operator [-Wdeprecated-copy]
build	Build DaddyBoard (HeliBoard fork)	2026-09-30T15:49:18.3965114Z C/C++:    53 |     DISALLOW_ASSIGNMENT_OPERATOR(ReadOnlyByteArrayView);
build	Build DaddyBoard (HeliBoard fork)	2026-09-30T15:49:18.3984982Z C/C++:       |     ^
build	Build DaddyBoard (HeliBoard fork)	2026-09-30T15:49:18.4015636Z C/C++: /home/runner/work/daddyboard/daddyboard/daddyboard-main/app/src/main/jni/src/defines.h:289:8: note: expanded from macro 'DISALLOW_ASSIGNMENT_OPERATOR'
build	Build DaddyBoard (HeliBoard fork)	2026-09-30T15:49:18.4025100Z C/C++:   289 |   void operator=(const TypeName&) = delete
build	Build DaddyBoard (HeliBoard fork)	2026-09-30T15:49:18.4054807Z C/C++:       |        ^
build	Build DaddyBoard (HeliBoard fork)	2026-09-30T15:49:18.4086420Z C/C++: /home/runner/work/daddyboard/daddyboard/daddyboard-main/app/src/main/jni/src/dictionary/structure/pt_common/shortcut/shortcut_list_reading_utils.h:52:75: note: in implicit copy constructor for 'latinime::ReadOnlyByteArrayView' first required here
build	Build DaddyBoard (HeliBoard fork)	2026-09-30T15:49:18.4095323Z C/C++:    52 |         const int shortcutListSize = getShortcutListSizeAndForwardPointer(buffer, pos);
build	Build DaddyBoard (HeliBoard fork)	2026-09-30T15:49:18.4125051Z C/C++:       |                                                                           ^
build	Build DaddyBoard (HeliBoard fork)	2026-09-30T15:49:18.4140558Z C/C++: In file included from /home/runner/work/daddyboard/daddyboard/daddyboard-main/app/src/main/jni/src/dictionary/structure/v4/ver4_patricia_trie_node_writer.cpp:27:
build	Build DaddyBoard (HeliBoard fork)	2026-09-30T15:49:18.4175712Z C/C++: In file included from /home/runner/work/daddyboard/daddyboard/daddyboard-main/app/src/main/jni/src/dictionary/structure/v4/ver4_dict_buffers.h:25:
build	Build DaddyBoard (HeliBoard fork)	2026-09-30T15:49:18.4186477Z C/C++: In file included from /home/runner/work/daddyboard/daddyboard/daddyboard-main/app/src/main/jni/src/dictionary/structure/v4/content/language_model_dict_content.h:30:
build	Build DaddyBoard (HeliBoard fork)	2026-09-30T15:49:18.4216592Z C/C++: /home/runner/work/daddyboard/daddyboard/daddyboard-main/app/src/main/jni/src/dictionary/utils/trie_map.h:129:9: warning: definition of implicit copy constructor for 'TrieMapIterator' is deprecated because it has a user-declared copy assignment operator [-Wdeprecated-copy]
build	Build DaddyBoard (HeliBoard fork)	2026-09-30T15:49:18.4225171Z C/C++:   129 |         DISALLOW_ASSIGNMENT_OPERATOR(TrieMapIterator);
build	Build DaddyBoard (HeliBoard fork)	2026-09-30T15:49:18.4244839Z C/C++:       |         ^
build	Build DaddyBoard (HeliBoard fork)	2026-09-30T15:49:18.4709461Z C/C++: /home/runner/work/daddyboard/daddyboard/daddyboard-main/app/src/main/jni/src/defines.h:289:8: note: expanded from macro 'DISALLOW_ASSIGNMENT_OPERATOR'
build	Build DaddyBoard (HeliBoard fork)	2026-09-30T15:49:18.4735312Z C/C++:   289 |   void operator=(const TypeName&) = delete
build	Build DaddyBoard (HeliBoard fork)	2026-09-30T15:49:18.4764067Z C/C++:       |        ^
build	Build DaddyBoard (HeliBoard fork)	2026-09-30T15:49:18.4766022Z C/C++: /home/runner/work/daddyboard/daddyboard/daddyboard-main/app/src/main/jni/src/dictionary/structure/v4/content/language_model_dict_content.h:67:19: note: in implicit copy constructor for 'latinime::TrieMap::TrieMapIterator' first required here
build	Build DaddyBoard (HeliBoard fork)	2026-09-30T15:49:18.4795487Z C/C++:    67 |                 : mTrieMapIterator(trieMapIterator), mHasHistoricalInfo(hasHistoricalInfo) {}
build	Build DaddyBoard (HeliBoard fork)	2026-09-30T15:49:18.4825119Z C/C++:       |                   ^
build	Build DaddyBoard (HeliBoard fork)	2026-09-30T15:49:18.4846485Z C/C++: In file included from /home/runner/work/daddyboard/daddyboard/daddyboard-main/app/src/main/jni/src/dictionary/structure/v4/ver4_patricia_trie_node_writer.cpp:27:
build	Build DaddyBoard (HeliBoard fork)	2026-09-30T15:49:18.4865509Z C/C++: In file included from /home/runner/work/daddyboard/daddyboard/daddyboard-main/app/src/main/jni/src/dictionary/structure/v4/ver4_dict_buffers.h:25:
build	Build DaddyBoard (HeliBoard fork)	2026-09-30T15:49:18.4885780Z C/C++: In file included from /home/runner/work/daddyboard/daddyboard/daddyboard-main/app/src/main/jni/src/dictionary/structure/v4/content/language_model_dict_content.h:30:
build	Build DaddyBoard (HeliBoard fork)	2026-09-30T15:49:18.4916313Z C/C++: /home/runner/work/daddyboard/daddyboard/daddyboard-main/app/src/main/jni/src/dictionary/utils/trie_map.h:158:9: warning: definition of implicit copy constructor for 'TrieMapRange' is deprecated because it has a user-declared copy assignment operator [-Wdeprecated-copy]
build	Build DaddyBoard (HeliBoard fork)	2026-09-30T15:49:18.4945136Z C/C++:   158 |         DISALLOW_ASSIGNMENT_OPERATOR(TrieMapRange);
build	Build DaddyBoard (HeliBoard fork)	2026-09-30T15:49:18.4954845Z C/C++:       |         ^
build	Build DaddyBoard (HeliBoard fork)	2026-09-30T15:49:18.4995730Z C/C++: /home/runner/work/daddyboard/daddyboard/daddyboard-main/app/src/main/jni/src/defines.h:289:8: note: expanded from macro 'DISALLOW_ASSIGNMENT_OPERATOR'
build	Build DaddyBoard (HeliBoard fork)	2026-09-30T15:49:18.4997150Z C/C++:   289 |   void operator=(const TypeName&) = delete
build	Build DaddyBoard (HeliBoard fork)	2026-09-30T15:49:18.5024990Z C/C++:       |        ^
build	Build DaddyBoard (HeliBoard fork)	2026-09-30T15:49:18.5056087Z C/C++: /home/runner/work/daddyboard/daddyboard/daddyboard-main/app/src/main/jni/src/dictionary/structure/v4/content/language_model_dict_content.h:96:19: note: in implicit copy constructor for 'latinime::TrieMap::TrieMapRange' first required here
build	Build DaddyBoard (HeliBoard fork)	2026-09-30T15:49:18.5085302Z C/C++:    96 |                 : mTrieMapRange(trieMapRange), mHasHistoricalInfo(hasHistoricalInfo) {}
build	Build DaddyBoard (HeliBoard fork)	2026-09-30T15:49:18.5104907Z C/C++:       |                   ^
build	Build DaddyBoard (HeliBoard fork)	2026-09-30T15:49:18.5116136Z C/C++: In file included from /home/runner/work/daddyboard/daddyboard/daddyboard-main/app/src/main/jni/src/dictionary/structure/v4/ver4_patricia_trie_node_writer.cpp:27:
build	Build DaddyBoard (HeliBoard fork)	2026-09-30T15:49:18.5145617Z C/C++: In file included from /home/runner/work/daddyboard/daddyboard/daddyboard-main/app/src/main/jni/src/dictionary/structure/v4/ver4_dict_buffers.h:25:
build	Build DaddyBoard (HeliBoard fork)	2026-09-30T15:49:18.5175699Z C/C++: In file included from /home/runner/work/daddyboard/daddyboard/daddyboard-main/app/src/main/jni/src/dictionary/structure/v4/content/language_model_dict_content.h:24:
build	Build DaddyBoard (HeliBoard fork)	2026-09-30T15:49:18.5195197Z C/C++: /home/runner/work/daddyboard/daddyboard/daddyboard-main/app/src/main/jni/src/dictionary/property/word_attributes.h:59:5: warning: definition of implicit copy constructor for 'WordAttributes' is deprecated because it has a user-declared copy assignment operator [-Wdeprecated-copy]
build	Build DaddyBoard (HeliBoard fork)	2026-09-30T15:49:18.5205124Z C/C++:    59 |     DISALLOW_ASSIGNMENT_OPERATOR(WordAttributes);
build	Build DaddyBoard (HeliBoard fork)	2026-09-30T15:49:18.5234932Z C/C++:       |     ^
build	Build DaddyBoard (HeliBoard fork)	2026-09-30T15:49:18.5265639Z C/C++: /home/runner/work/daddyboard/daddyboard/daddyboard-main/app/src/main/jni/src/defines.h:289:8: note: expanded from macro 'DISALLOW_ASSIGNMENT_OPERATOR'
build	Build DaddyBoard (HeliBoard fork)	2026-09-30T15:49:18.5277366Z C/C++:   289 |   void operator=(const TypeName&) = delete
build	Build DaddyBoard (HeliBoard fork)	2026-09-30T15:49:18.5294995Z C/C++:       |        ^
build	Build DaddyBoard (HeliBoard fork)	2026-09-30T15:49:18.5326195Z C/C++: /home/runner/work/daddyboard/daddyboard/daddyboard-main/app/src/main/jni/src/dictionary/structure/v4/content/language_model_dict_content.h:119:19: note: in implicit copy constructor for 'WordAttributes' first required here
build	Build DaddyBoard (HeliBoard fork)	2026-09-30T15:49:18.5355303Z C/C++:   119 |                   mWordAttributes(wordAttributes), mProbabilityEntry(probabilityEntry) {}
build	Build DaddyBoard (HeliBoard fork)	2026-09-30T15:49:18.5364266Z C/C++:       |                   ^
build	Build DaddyBoard (HeliBoard fork)	2026-09-30T15:49:18.5367291Z C/C++: In file included from /home/runner/work/daddyboard/daddyboard/daddyboard-main/app/src/main/jni/src/dictionary/structure/v4/ver4_patricia_trie_node_writer.cpp:17:
build	Build DaddyBoard (HeliBoard fork)	2026-09-30T15:49:18.5374168Z C/C++: In file included from /home/runner/work/daddyboard/daddyboard/daddyboard-main/app/src/main/jni/src/dictionary/structure/v4/ver4_patricia_trie_node_writer.h:21:
build	Build DaddyBoard (HeliBoard fork)	2026-09-30T15:49:18.5415677Z C/C++: In file included from /home/runner/work/daddyboard/daddyboard/daddyboard-main/app/src/main/jni/src/dictionary/structure/pt_common/dynamic_pt_reading_helper.h:24:
build	Build DaddyBoard (HeliBoard fork)	2026-09-30T15:49:18.5435803Z C/C++: In file included from /home/runner/work/daddyboard/daddyboard/daddyboard-main/app/src/main/jni/src/dictionary/structure/pt_common/pt_node_params.h:27:
build	Build DaddyBoard (HeliBoard fork)	2026-09-30T15:49:18.5466226Z C/C++: /home/runner/work/daddyboard/daddyboard/daddyboard-main/app/src/main/jni/src/utils/int_array_view.h:160:5: warning: definition of implicit copy constructor for 'IntArrayView' is deprecated because it has a user-declared copy assignment operator [-Wdeprecated-copy]
build	Build DaddyBoard (HeliBoard fork)	2026-09-30T15:49:18.5469743Z C/C++:   160 |     DISALLOW_ASSIGNMENT_OPERATOR(IntArrayView);
build	Build DaddyBoard (HeliBoard fork)	2026-09-30T15:49:18.5484632Z C/C++:       |     ^
build	Build DaddyBoard (HeliBoard fork)	2026-09-30T15:49:18.5515554Z C/C++: /home/runner/work/daddyboard/daddyboard/daddyboard-main/app/src/main/jni/src/defines.h:289:8: note: expanded from macro 'DISALLOW_ASSIGNMENT_OPERATOR'
build	Build DaddyBoard (HeliBoard fork)	2026-09-30T15:49:18.5545033Z C/C++:   289 |   void operator=(const TypeName&) = delete
build	Build DaddyBoard (HeliBoard fork)	2026-09-30T15:49:18.5554819Z C/C++:       |        ^
build	Build DaddyBoard (HeliBoard fork)	2026-09-30T15:49:18.5576874Z C/C++: /home/runner/work/daddyboard/daddyboard/daddyboard-main/app/src/main/jni/src/dictionary/structure/v4/ver4_patricia_trie_node_writer.cpp:211:64: note: in implicit copy constructor for 'latinime::IntArrayView' first required here
build	Build DaddyBoard (HeliBoard fork)	2026-09-30T15:49:18.5605241Z C/C++:   211 |             languageModelDictContent->getNgramProbabilityEntry(prevWordIds, wordId);
build	Build DaddyBoard (HeliBoard fork)	2026-09-30T15:49:18.5635095Z C/C++:       |                                                                ^
build	Build DaddyBoard (HeliBoard fork)	2026-09-30T15:49:18.7716574Z C/C++: 7 warnings generated.
build	Build DaddyBoard (HeliBoard fork)	2026-09-30T15:49:19.4694412Z C/C++: In file included from /home/runner/work/daddyboard/daddyboard/daddyboard-main/app/src/main/jni/src/dictionary/structure/v4/ver4_patricia_trie_policy.cpp:17:
build	Build DaddyBoard (HeliBoard fork)	2026-09-30T15:49:19.4696496Z C/C++: In file included from /home/runner/work/daddyboard/daddyboard/daddyboard-main/app/src/main/jni/src/dictionary/structure/v4/ver4_patricia_trie_policy.h:23:
build	Build DaddyBoard (HeliBoard fork)	2026-09-30T15:49:19.4698650Z C/C++: In file included from /home/runner/work/daddyboard/daddyboard/daddyboard-main/app/src/main/jni/src/dictionary/header/header_policy.h:25:
build	Build DaddyBoard (HeliBoard fork)	2026-09-30T15:49:19.4701121Z C/C++: /home/runner/work/daddyboard/daddyboard/daddyboard-main/app/src/main/jni/src/dictionary/utils/entry_counters.h:44:5: warning: definition of implicit copy constructor for 'EntryCounts' is deprecated because it has a user-declared copy assignment operator [-Wdeprecated-copy]
build	Build DaddyBoard (HeliBoard fork)	2026-09-30T15:49:19.4703250Z C/C++:    44 |     DISALLOW_ASSIGNMENT_OPERATOR(EntryCounts);
build	Build DaddyBoard (HeliBoard fork)	2026-09-30T15:49:19.4703891Z C/C++:       |     ^
build	Build DaddyBoard (HeliBoard fork)	2026-09-30T15:49:19.4705246Z C/C++: /home/runner/work/daddyboard/daddyboard/daddyboard-main/app/src/main/jni/src/defines.h:289:8: note: expanded from macro 'DISALLOW_ASSIGNMENT_OPERATOR'
build	Build DaddyBoard (HeliBoard fork)	2026-09-30T15:49:19.4706594Z C/C++:   289 |   void operator=(const TypeName&) = delete
build	Build DaddyBoard (HeliBoard fork)	2026-09-30T15:49:19.4707241Z C/C++:       |        ^
build	Build DaddyBoard (HeliBoard fork)	2026-09-30T15:49:19.4708807Z C/C++: /home/runner/work/daddyboard/daddyboard/daddyboard-main/app/src/main/jni/src/dictionary/header/header_policy.h:92:15: note: in implicit copy constructor for 'latinime::EntryCounts' first required here
build	Build DaddyBoard (HeliBoard fork)	2026-09-30T15:49:19.4710520Z C/C++:    92 |               mNgramCounts(headerPolicy->mNgramCounts),
build	Build DaddyBoard (HeliBoard fork)	2026-09-30T15:49:19.4711232Z C/C++:       |               ^
build	Build DaddyBoard (HeliBoard fork)	2026-09-30T15:49:19.4712567Z C/C++: In file included from /home/runner/work/daddyboard/daddyboard/daddyboard-main/app/src/main/jni/src/dictionary/structure/v4/ver4_patricia_trie_policy.cpp:17:
build	Build DaddyBoard (HeliBoard fork)	2026-09-30T15:49:19.4714824Z C/C++: In file included from /home/runner/work/daddyboard/daddyboard/daddyboard-main/app/src/main/jni/src/dictionary/structure/v4/ver4_patricia_trie_policy.h:24:
build	Build DaddyBoard (HeliBoard fork)	2026-09-30T15:49:19.4716738Z C/C++: In file included from /home/runner/work/daddyboard/daddyboard/daddyboard-main/app/src/main/jni/src/dictionary/interface/dictionary_structure_with_buffer_policy.h:23:
build	Build DaddyBoard (HeliBoard fork)	2026-09-30T15:49:19.4719557Z C/C++: /home/runner/work/daddyboard/daddyboard/daddyboard-main/app/src/main/jni/src/dictionary/property/historical_info.h:52:5: warning: definition of implicit copy constructor for 'HistoricalInfo' is deprecated because it has a user-declared copy assignment operator [-Wdeprecated-copy]
build	Build DaddyBoard (HeliBoard fork)	2026-09-30T15:49:19.4724133Z C/C++:    52 |     DISALLOW_ASSIGNMENT_OPERATOR(HistoricalInfo);
build	Build DaddyBoard (HeliBoard fork)	2026-09-30T15:49:19.4724936Z C/C++:       |     ^
build	Build DaddyBoard (HeliBoard fork)	2026-09-30T15:49:19.4725997Z C/C++: /home/runner/work/daddyboard/daddyboard/daddyboard-main/app/src/main/jni/src/defines.h:289:8: note: expanded from macro 'DISALLOW_ASSIGNMENT_OPERATOR'
build	Build DaddyBoard (HeliBoard fork)	2026-09-30T15:49:19.4727251Z C/C++:   289 |   void operator=(const TypeName&) = delete
build	Build DaddyBoard (HeliBoard fork)	2026-09-30T15:49:19.4727894Z C/C++:       |        ^
build	Build DaddyBoard (HeliBoard fork)	2026-09-30T15:49:19.4729418Z C/C++: /home/runner/work/daddyboard/daddyboard/daddyboard-main/app/src/main/jni/src/dictionary/property/ngram_property.h:33:42: note: in implicit copy constructor for 'latinime::HistoricalInfo' first required here
build	Build DaddyBoard (HeliBoard fork)	2026-09-30T15:49:19.4731198Z C/C++:    33 |               mProbability(probability), mHistoricalInfo(historicalInfo) {}
build	Build DaddyBoard (HeliBoard fork)	2026-09-30T15:49:19.4732056Z C/C++:       |                                          ^
build	Build DaddyBoard (HeliBoard fork)	2026-09-30T15:49:19.5716034Z C/C++: In file included from /home/runner/work/daddyboard/daddyboard/daddyboard-main/app/src/main/jni/src/dictionary/structure/v4/ver4_patricia_trie_policy.cpp:17:
build	Build DaddyBoard (HeliBoard fork)	2026-09-30T15:49:19.5725925Z C/C++: In file included from /home/runner/work/daddyboard/daddyboard/daddyboard-main/app/src/main/jni/src/dictionary/structure/v4/ver4_patricia_trie_policy.h:24:
build	Build DaddyBoard (HeliBoard fork)	2026-09-30T15:49:19.5745975Z C/C++: In file included from /home/runner/work/daddyboard/daddyboard/daddyboard-main/app/src/main/jni/src/dictionary/interface/dictionary_structure_with_buffer_policy.h:25:
build	Build DaddyBoard (HeliBoard fork)	2026-09-30T15:49:19.5775600Z C/C++: In file included from /home/runner/work/daddyboard/daddyboard/daddyboard-main/app/src/main/jni/src/dictionary/property/word_property.h:24:
build	Build DaddyBoard (HeliBoard fork)	2026-09-30T15:49:19.5806464Z C/C++: /home/runner/work/daddyboard/daddyboard/daddyboard-main/app/src/main/jni/src/dictionary/property/unigram_property.h:126:5: warning: definition of implicit copy constructor for 'UnigramProperty' is deprecated because it has a user-declared copy assignment operator [-Wdeprecated-copy]
build	Build DaddyBoard (HeliBoard fork)	2026-09-30T15:49:19.5827339Z C/C++:   126 |     DISALLOW_ASSIGNMENT_OPERATOR(UnigramProperty);
build	Build DaddyBoard (HeliBoard fork)	2026-09-30T15:49:19.5865010Z C/C++:       |     ^
build	Build DaddyBoard (HeliBoard fork)	2026-09-30T15:49:19.5895747Z C/C++: /home/runner/work/daddyboard/daddyboard/daddyboard-main/app/src/main/jni/src/defines.h:289:8: note: expanded from macro 'DISALLOW_ASSIGNMENT_OPERATOR'
build	Build DaddyBoard (HeliBoard fork)	2026-09-30T15:49:19.5925363Z C/C++:   289 |   void operator=(const TypeName&) = delete
build	Build DaddyBoard (HeliBoard fork)	2026-09-30T15:49:19.5955108Z C/C++:       |        ^
build	Build DaddyBoard (HeliBoard fork)	2026-09-30T15:49:19.5956582Z C/C++: /home/runner/work/daddyboard/daddyboard/daddyboard-main/app/src/main/jni/src/dictionary/property/word_property.h:38:51: note: in implicit copy constructor for 'latinime::UnigramProperty' first required here
build	Build DaddyBoard (HeliBoard fork)	2026-09-30T15:49:19.5958274Z C/C++:    38 |             : mCodePoints(std::move(codePoints)), mUnigramProperty(unigramProperty),
build	Build DaddyBoard (HeliBoard fork)	2026-09-30T15:49:19.5958998Z C/C++:       |                                                   ^
build	Build DaddyBoard (HeliBoard fork)	2026-09-30T15:49:19.5960087Z C/C++: In file included from /home/runner/work/daddyboard/daddyboard/daddyboard-main/app/src/main/jni/src/dictionary/structure/v4/ver4_patricia_trie_policy.cpp:17:
build	Build DaddyBoard (HeliBoard fork)	2026-09-30T15:49:19.5961786Z C/C++: In file included from /home/runner/work/daddyboard/daddyboard/daddyboard-main/app/src/main/jni/src/dictionary/structure/v4/ver4_patricia_trie_policy.h:23:
build	Build DaddyBoard (HeliBoard fork)	2026-09-30T15:49:19.5963375Z C/C++: In file included from /home/runner/work/daddyboard/daddyboard/daddyboard-main/app/src/main/jni/src/dictionary/header/header_policy.h:23:
build	Build DaddyBoard (HeliBoard fork)	2026-09-30T15:49:19.5965070Z C/C++: In file included from /home/runner/work/daddyboard/daddyboard/daddyboard-main/app/src/main/jni/src/dictionary/header/header_read_write_utils.h:24:
build	Build DaddyBoard (HeliBoard fork)	2026-09-30T15:49:19.5966589Z C/C++: In file included from /home/runner/work/daddyboard/daddyboard/daddyboard-main/app/src/main/jni/src/dictionary/utils/format_utils.h:23:
build	Build DaddyBoard (HeliBoard fork)	2026-09-30T15:49:19.5968815Z C/C++: /home/runner/work/daddyboard/daddyboard/daddyboard-main/app/src/main/jni/src/utils/byte_array_view.h:53:5: warning: definition of implicit copy constructor for 'ReadOnlyByteArrayView' is deprecated because it has a user-declared copy assignment operator [-Wdeprecated-copy]
build	Build DaddyBoard (HeliBoard fork)	2026-09-30T15:49:19.5971182Z C/C++:    53 |     DISALLOW_ASSIGNMENT_OPERATOR(ReadOnlyByteArrayView);
build	Build DaddyBoard (HeliBoard fork)	2026-09-30T15:49:19.5971712Z C/C++:       |     ^
build	Build DaddyBoard (HeliBoard fork)	2026-09-30T15:49:19.5972677Z C/C++: /home/runner/work/daddyboard/daddyboard/daddyboard-main/app/src/main/jni/src/defines.h:289:8: note: expanded from macro 'DISALLOW_ASSIGNMENT_OPERATOR'
build	Build DaddyBoard (HeliBoard fork)	2026-09-30T15:49:19.5973871Z C/C++:   289 |   void operator=(const TypeName&) = delete
build	Build DaddyBoard (HeliBoard fork)	2026-09-30T15:49:19.5975599Z C/C++:       |        ^
build	Build DaddyBoard (HeliBoard fork)	2026-09-30T15:49:19.5977225Z C/C++: /home/runner/work/daddyboard/daddyboard/daddyboard-main/app/src/main/jni/src/dictionary/structure/pt_common/shortcut/shortcut_list_reading_utils.h:52:75: note: in implicit copy constructor for 'latinime::ReadOnlyByteArrayView' first required here
build	Build DaddyBoard (HeliBoard fork)	2026-09-30T15:49:19.5979220Z C/C++:    52 |         const int shortcutListSize = getShortcutListSizeAndForwardPointer(buffer, pos);
build	Build DaddyBoard (HeliBoard fork)	2026-09-30T15:49:19.5979934Z C/C++:       |                                                                           ^
build	Build DaddyBoard (HeliBoard fork)	2026-09-30T15:49:19.5981047Z C/C++: In file included from /home/runner/work/daddyboard/daddyboard/daddyboard-main/app/src/main/jni/src/dictionary/structure/v4/ver4_patricia_trie_policy.cpp:17:
build	Build DaddyBoard (HeliBoard fork)	2026-09-30T15:49:19.5982716Z C/C++: In file included from /home/runner/work/daddyboard/daddyboard/daddyboard-main/app/src/main/jni/src/dictionary/structure/v4/ver4_patricia_trie_policy.h:27:
build	Build DaddyBoard (HeliBoard fork)	2026-09-30T15:49:19.6004881Z C/C++: In file included from /home/runner/work/daddyboard/daddyboard/daddyboard-main/app/src/main/jni/src/dictionary/structure/v4/ver4_dict_buffers.h:25:
build	Build DaddyBoard (HeliBoard fork)	2026-09-30T15:49:19.6006999Z C/C++: In file included from /home/runner/work/daddyboard/daddyboard/daddyboard-main/app/src/main/jni/src/dictionary/structure/v4/content/language_model_dict_content.h:30:
build	Build DaddyBoard (HeliBoard fork)	2026-09-30T15:49:19.6009779Z C/C++: /home/runner/work/daddyboard/daddyboard/daddyboard-main/app/src/main/jni/src/dictionary/utils/trie_map.h:129:9: warning: definition of implicit copy constructor for 'TrieMapIterator' is deprecated because it has a user-declared copy assignment operator [-Wdeprecated-copy]
build	Build DaddyBoard (HeliBoard fork)	2026-09-30T15:49:19.6011705Z C/C++:   129 |         DISALLOW_ASSIGNMENT_OPERATOR(TrieMapIterator);
build	Build DaddyBoard (HeliBoard fork)	2026-09-30T15:49:19.6012243Z C/C++:       |         ^
build	Build DaddyBoard (HeliBoard fork)	2026-09-30T15:49:19.6013275Z C/C++: /home/runner/work/daddyboard/daddyboard/daddyboard-main/app/src/main/jni/src/defines.h:289:8: note: expanded from macro 'DISALLOW_ASSIGNMENT_OPERATOR'
build	Build DaddyBoard (HeliBoard fork)	2026-09-30T15:49:19.6014534Z C/C++:   289 |   void operator=(const TypeName&) = delete
build	Build DaddyBoard (HeliBoard fork)	2026-09-30T15:49:19.6015020Z C/C++:       |        ^
build	Build DaddyBoard (HeliBoard fork)	2026-09-30T15:49:19.6016598Z C/C++: /home/runner/work/daddyboard/daddyboard/daddyboard-main/app/src/main/jni/src/dictionary/structure/v4/content/language_model_dict_content.h:67:19: note: in implicit copy constructor for 'latinime::TrieMap::TrieMapIterator' first required here
build	Build DaddyBoard (HeliBoard fork)	2026-09-30T15:49:19.6018605Z C/C++:    67 |                 : mTrieMapIterator(trieMapIterator), mHasHistoricalInfo(hasHistoricalInfo) {}
build	Build DaddyBoard (HeliBoard fork)	2026-09-30T15:49:19.6019385Z C/C++:       |                   ^
build	Build DaddyBoard (HeliBoard fork)	2026-09-30T15:49:19.6020538Z C/C++: In file included from /home/runner/work/daddyboard/daddyboard/daddyboard-main/app/src/main/jni/src/dictionary/structure/v4/ver4_patricia_trie_policy.cpp:17:
build	Build DaddyBoard (HeliBoard fork)	2026-09-30T15:49:19.6022426Z C/C++: In file included from /home/runner/work/daddyboard/daddyboard/daddyboard-main/app/src/main/jni/src/dictionary/structure/v4/ver4_patricia_trie_policy.h:27:
build	Build DaddyBoard (HeliBoard fork)	2026-09-30T15:49:19.6024078Z C/C++: In file included from /home/runner/work/daddyboard/daddyboard/daddyboard-main/app/src/main/jni/src/dictionary/structure/v4/ver4_dict_buffers.h:25:
build	Build DaddyBoard (HeliBoard fork)	2026-09-30T15:49:19.6026014Z C/C++: In file included from /home/runner/work/daddyboard/daddyboard/daddyboard-main/app/src/main/jni/src/dictionary/structure/v4/content/language_model_dict_content.h:30:
build	Build DaddyBoard (HeliBoard fork)	2026-09-30T15:49:19.6028514Z C/C++: /home/runner/work/daddyboard/daddyboard/daddyboard-main/app/src/main/jni/src/dictionary/utils/trie_map.h:158:9: warning: definition of implicit copy constructor for 'TrieMapRange' is deprecated because it has a user-declared copy assignment operator [-Wdeprecated-copy]
build	Build DaddyBoard (HeliBoard fork)	2026-09-30T15:49:19.6030729Z C/C++:   158 |         DISALLOW_ASSIGNMENT_OPERATOR(TrieMapRange);
build	Build DaddyBoard (HeliBoard fork)	2026-09-30T15:49:19.6031286Z C/C++:       |         ^
build	Build DaddyBoard (HeliBoard fork)	2026-09-30T15:49:19.6032350Z C/C++: /home/runner/work/daddyboard/daddyboard/daddyboard-main/app/src/main/jni/src/defines.h:289:8: note: expanded from macro 'DISALLOW_ASSIGNMENT_OPERATOR'
build	Build DaddyBoard (HeliBoard fork)	2026-09-30T15:49:19.6033530Z C/C++:   289 |   void operator=(const TypeName&) = delete
build	Build DaddyBoard (HeliBoard fork)	2026-09-30T15:49:19.6034026Z C/C++:       |        ^
build	Build DaddyBoard (HeliBoard fork)	2026-09-30T15:49:19.6075942Z C/C++: /home/runner/work/daddyboard/daddyboard/daddyboard-main/app/src/main/jni/src/dictionary/structure/v4/content/language_model_dict_content.h:96:19: note: in implicit copy constructor for 'latinime::TrieMap::TrieMapRange' first required here
build	Build DaddyBoard (HeliBoard fork)	2026-09-30T15:49:19.6077982Z C/C++:    96 |                 : mTrieMapRange(trieMapRange), mHasHistoricalInfo(hasHistoricalInfo) {}
build	Build DaddyBoard (HeliBoard fork)	2026-09-30T15:49:19.6078731Z C/C++:       |                   ^
build	Build DaddyBoard (HeliBoard fork)	2026-09-30T15:49:19.6079826Z C/C++: In file included from /home/runner/work/daddyboard/daddyboard/daddyboard-main/app/src/main/jni/src/dictionary/structure/v4/ver4_patricia_trie_policy.cpp:17:
build	Build DaddyBoard (HeliBoard fork)	2026-09-30T15:49:19.6081528Z C/C++: In file included from /home/runner/work/daddyboard/daddyboard/daddyboard-main/app/src/main/jni/src/dictionary/structure/v4/ver4_patricia_trie_policy.h:24:
build	Build DaddyBoard (HeliBoard fork)	2026-09-30T15:49:19.6083208Z C/C++: In file included from /home/runner/work/daddyboard/daddyboard/daddyboard-main/app/src/main/jni/src/dictionary/interface/dictionary_structure_with_buffer_policy.h:24:
build	Build DaddyBoard (HeliBoard fork)	2026-09-30T15:49:19.6085755Z C/C++: /home/runner/work/daddyboard/daddyboard/daddyboard-main/app/src/main/jni/src/dictionary/property/word_attributes.h:59:5: warning: definition of implicit copy constructor for 'WordAttributes' is deprecated because it has a user-declared copy assignment operator [-Wdeprecated-copy]
build	Build DaddyBoard (HeliBoard fork)	2026-09-30T15:49:19.6087948Z C/C++:    59 |     DISALLOW_ASSIGNMENT_OPERATOR(WordAttributes);
build	Build DaddyBoard (HeliBoard fork)	2026-09-30T15:49:19.6088445Z C/C++:       |     ^
build	Build DaddyBoard (HeliBoard fork)	2026-09-30T15:49:19.6089329Z C/C++: /home/runner/work/daddyboard/daddyboard/daddyboard-main/app/src/main/jni/src/defines.h:289:8: note: expanded from macro 'DISALLOW_ASSIGNMENT_OPERATOR'
build	Build DaddyBoard (HeliBoard fork)	2026-09-30T15:49:19.6090377Z C/C++:   289 |   void operator=(const TypeName&) = delete
build	Build DaddyBoard (HeliBoard fork)	2026-09-30T15:49:19.6090850Z C/C++:       |        ^
build	Build DaddyBoard (HeliBoard fork)	2026-09-30T15:49:19.6092102Z C/C++: /home/runner/work/daddyboard/daddyboard/daddyboard-main/app/src/main/jni/src/dictionary/structure/v4/content/language_model_dict_content.h:119:19: note: in implicit copy constructor for 'WordAttributes' first required here
build	Build DaddyBoard (HeliBoard fork)	2026-09-30T15:49:19.6093731Z C/C++:   119 |                   mWordAttributes(wordAttributes), mProbabilityEntry(probabilityEntry) {}
build	Build DaddyBoard (HeliBoard fork)	2026-09-30T15:49:19.6094591Z C/C++:       |                   ^
build	Build DaddyBoard (HeliBoard fork)	2026-09-30T15:49:19.6095721Z C/C++: In file included from /home/runner/work/daddyboard/daddyboard/daddyboard-main/app/src/main/jni/src/dictionary/structure/v4/ver4_patricia_trie_policy.cpp:17:
build	Build DaddyBoard (HeliBoard fork)	2026-09-30T15:49:19.6097506Z C/C++: In file included from /home/runner/work/daddyboard/daddyboard/daddyboard-main/app/src/main/jni/src/dictionary/structure/v4/ver4_patricia_trie_policy.h:24:
build	Build DaddyBoard (HeliBoard fork)	2026-09-30T15:49:19.6099478Z C/C++: In file included from /home/runner/work/daddyboard/daddyboard/daddyboard-main/app/src/main/jni/src/dictionary/interface/dictionary_structure_with_buffer_policy.h:25:
build	Build DaddyBoard (HeliBoard fork)	2026-09-30T15:49:19.6101319Z C/C++: In file included from /home/runner/work/daddyboard/daddyboard/daddyboard-main/app/src/main/jni/src/dictionary/property/word_property.h:23:
build	Build DaddyBoard (HeliBoard fork)	2026-09-30T15:49:19.6102787Z C/C++: In file included from /home/runner/work/daddyboard/daddyboard/daddyboard-main/app/src/main/jni/src/dictionary/property/ngram_property.h:24:
build	Build DaddyBoard (HeliBoard fork)	2026-09-30T15:49:19.6104271Z C/C++: In file included from /home/runner/work/daddyboard/daddyboard/daddyboard-main/app/src/main/jni/src/dictionary/property/ngram_context.h:23:
build	Build DaddyBoard (HeliBoard fork)	2026-09-30T15:49:19.6137020Z C/C++: /home/runner/work/daddyboard/daddyboard/daddyboard-main/app/src/main/jni/src/utils/int_array_view.h:160:5: warning: definition of implicit copy constructor for 'IntArrayView' is deprecated because it has a user-declared copy assignment operator [-Wdeprecated-copy]
build	Build DaddyBoard (HeliBoard fork)	2026-09-30T15:49:19.6139157Z C/C++:   160 |     DISALLOW_ASSIGNMENT_OPERATOR(IntArrayView);
build	Build DaddyBoard (HeliBoard fork)	2026-09-30T15:49:19.6139649Z C/C++:       |     ^
build	Build DaddyBoard (HeliBoard fork)	2026-09-30T15:49:19.6140578Z C/C++: /home/runner/work/daddyboard/daddyboard/daddyboard-main/app/src/main/jni/src/defines.h:289:8: note: expanded from macro 'DISALLOW_ASSIGNMENT_OPERATOR'
build	Build DaddyBoard (HeliBoard fork)	2026-09-30T15:49:19.6141680Z C/C++:   289 |   void operator=(const TypeName&) = delete
build	Build DaddyBoard (HeliBoard fork)	2026-09-30T15:49:19.6142158Z C/C++:       |        ^
build	Build DaddyBoard (HeliBoard fork)	2026-09-30T15:49:19.6143341Z C/C++: /home/runner/work/daddyboard/daddyboard/daddyboard-main/app/src/main/jni/src/suggest/core/dicnode/dic_node.h:110:53: note: in implicit copy constructor for 'latinime::IntArrayView' first required here
build	Build DaddyBoard (HeliBoard fork)	2026-09-30T15:49:19.6144881Z C/C++:   110 |         mDicNodeProperties.init(rootPtNodeArrayPos, prevWordIds);
build	Build DaddyBoard (HeliBoard fork)	2026-09-30T15:49:19.6145473Z C/C++:       |                                                     ^
build	Build DaddyBoard (HeliBoard fork)	2026-09-30T15:49:19.6695520Z C/C++: In file included from /home/runner/work/daddyboard/daddyboard/daddyboard-main/app/src/main/jni/src/dictionary/structure/v4/ver4_patricia_trie_policy.cpp:32:
build	Build DaddyBoard (HeliBoard fork)	2026-09-30T15:49:19.6715984Z C/C++: In file included from /home/runner/work/daddyboard/daddyboard/daddyboard-main/app/src/main/jni/src/dictionary/utils/multi_bigram_map.h:27:
build	Build DaddyBoard (HeliBoard fork)	2026-09-30T15:49:19.6718790Z C/C++: /home/runner/work/daddyboard/daddyboard/daddyboard-main/app/src/main/jni/src/dictionary/utils/bloom_filter.h:47:5: warning: definition of implicit copy constructor for 'BloomFilter' is deprecated because it has a user-declared copy assignment operator [-Wdeprecated-copy]
build	Build DaddyBoard (HeliBoard fork)	2026-09-30T15:49:19.6721428Z C/C++:    47 |     DISALLOW_ASSIGNMENT_OPERATOR(BloomFilter);
build	Build DaddyBoard (HeliBoard fork)	2026-09-30T15:49:19.6722114Z C/C++:       |     ^
build	Build DaddyBoard (HeliBoard fork)	2026-09-30T15:49:19.6723230Z C/C++: /home/runner/work/daddyboard/daddyboard/daddyboard-main/app/src/main/jni/src/defines.h:289:8: note: expanded from macro 'DISALLOW_ASSIGNMENT_OPERATOR'
build	Build DaddyBoard (HeliBoard fork)	2026-09-30T15:49:19.6724728Z C/C++:   289 |   void operator=(const TypeName&) = delete
build	Build DaddyBoard (HeliBoard fork)	2026-09-30T15:49:19.6725367Z C/C++:       |        ^
build	Build DaddyBoard (HeliBoard fork)	2026-09-30T15:49:19.6726794Z C/C++: /home/runner/work/daddyboard/daddyboard/daddyboard-main/app/src/main/jni/src/dictionary/utils/multi_bigram_map.h:57:53: note: in implicit copy constructor for 'latinime::BloomFilter' first required here
build	Build DaddyBoard (HeliBoard fork)	2026-09-30T15:49:19.6728592Z C/C++:    57 |                 : mBigramMap(bigramMap.mBigramMap), mBloomFilter(bigramMap.mBloomFilter) {}
build	Build DaddyBoard (HeliBoard fork)	2026-09-30T15:49:19.6729608Z C/C++:       |                                                     ^
build	Build DaddyBoard (HeliBoard fork)	2026-09-30T15:49:19.8701542Z C/C++: In file included from /home/runner/work/daddyboard/daddyboard/daddyboard-main/app/src/main/jni/src/dictionary/structure/v4/ver4_patricia_trie_policy.cpp:17:
build	Build DaddyBoard (HeliBoard fork)	2026-09-30T15:49:19.8745889Z C/C++: In file included from /home/runner/work/daddyboard/daddyboard/daddyboard-main/app/src/main/jni/src/dictionary/structure/v4/ver4_patricia_trie_policy.h:24:
build	Build DaddyBoard (HeliBoard fork)	2026-09-30T15:49:19.8763624Z C/C++: In file included from /home/runner/work/daddyboard/daddyboard/daddyboard-main/app/src/main/jni/src/dictionary/interface/dictionary_structure_with_buffer_policy.h:25:
build	Build DaddyBoard (HeliBoard fork)	2026-09-30T15:49:19.8775427Z C/C++: In file included from /home/runner/work/daddyboard/daddyboard/daddyboard-main/app/src/main/jni/src/dictionary/property/word_property.h:23:
build	Build DaddyBoard (HeliBoard fork)	2026-09-30T15:49:19.8802045Z C/C++: /home/runner/work/daddyboard/daddyboard/daddyboard-main/app/src/main/jni/src/dictionary/property/ngram_property.h:54:5: warning: definition of implicit copy constructor for 'NgramProperty' is deprecated because it has a user-declared copy assignment operator [-Wdeprecated-copy]
build	Build DaddyBoard (HeliBoard fork)	2026-09-30T15:49:19.8807168Z C/C++:    54 |     DISALLOW_ASSIGNMENT_OPERATOR(NgramProperty);
build	Build DaddyBoard (HeliBoard fork)	2026-09-30T15:49:19.8807888Z C/C++:       |     ^
build	Build DaddyBoard (HeliBoard fork)	2026-09-30T15:49:19.8809122Z C/C++: /home/runner/work/daddyboard/daddyboard/daddyboard-main/app/src/main/jni/src/defines.h:289:8: note: expanded from macro 'DISALLOW_ASSIGNMENT_OPERATOR'
build	Build DaddyBoard (HeliBoard fork)	2026-09-30T15:49:19.8810932Z C/C++:   289 |   void operator=(const TypeName&) = delete
build	Build DaddyBoard (HeliBoard fork)	2026-09-30T15:49:19.8811575Z C/C++:       |        ^
build	Build DaddyBoard (HeliBoard fork)	2026-09-30T15:49:19.8813090Z C/C++: /usr/local/lib/android/sdk/ndk/28.0.13004108/toolchains/llvm/prebuilt/linux-x86_64/sysroot/usr/include/c++/v1/__memory/allocator.h:173:24: note: in implicit copy constructor for 'latinime::NgramProperty' first required here
build	Build DaddyBoard (HeliBoard fork)	2026-09-30T15:49:19.8814972Z C/C++:   173 |     ::new ((void*)__p) _Up(std::forward<_Args>(__args)...);
build	Build DaddyBoard (HeliBoard fork)	2026-09-30T15:49:19.8815629Z C/C++:       |                        ^
build	Build DaddyBoard (HeliBoard fork)	2026-09-30T15:49:19.8817612Z C/C++: /usr/local/lib/android/sdk/ndk/28.0.13004108/toolchains/llvm/prebuilt/linux-x86_64/sysroot/usr/include/c++/v1/__memory/allocator_traits.h:320:9: note: in instantiation of function template specialization 'std::allocator<latinime::NgramProperty>::construct<latinime::NgramProperty, latinime::NgramProperty &>' requested here
build	Build DaddyBoard (HeliBoard fork)	2026-09-30T15:49:19.8820063Z C/C++:   320 |     __a.construct(__p, std::forward<_Args>(__args)...);
build	Build DaddyBoard (HeliBoard fork)	2026-09-30T15:49:19.8820817Z C/C++:       |         ^
build	Build DaddyBoard (HeliBoard fork)	2026-09-30T15:49:19.8823003Z C/C++: /usr/local/lib/android/sdk/ndk/28.0.13004108/toolchains/llvm/prebuilt/linux-x86_64/sysroot/usr/include/c++/v1/__memory/uninitialized_algorithms.h:551:31: note: in instantiation of function template specialization 'std::allocator_traits<std::allocator<latinime::NgramProperty>>::construct<latinime::NgramProperty, latinime::NgramProperty &, 0>' requested here
build	Build DaddyBoard (HeliBoard fork)	2026-09-30T15:49:19.8825954Z C/C++:   551 |     allocator_traits<_Alloc>::construct(__alloc, std::__to_address(__first2), *__first1);
build	Build DaddyBoard (HeliBoard fork)	2026-09-30T15:49:19.8826989Z C/C++:       |                               ^
build	Build DaddyBoard (HeliBoard fork)	2026-09-30T15:49:19.8829627Z C/C++: /usr/local/lib/android/sdk/ndk/28.0.13004108/toolchains/llvm/prebuilt/linux-x86_64/sysroot/usr/include/c++/v1/__memory/uninitialized_algorithms.h:594:33: note: in instantiation of function template specialization 'std::__uninitialized_allocator_copy_impl<std::allocator<latinime::NgramProperty>, latinime::NgramProperty *, latinime::NgramProperty *, latinime::NgramProperty *>' requested here
build	Build DaddyBoard (HeliBoard fork)	2026-09-30T15:49:19.8832934Z C/C++:   594 |   auto __result          = std::__uninitialized_allocator_copy_impl(
build	Build DaddyBoard (HeliBoard fork)	2026-09-30T15:49:19.8833873Z C/C++:       |                                 ^
build	Build DaddyBoard (HeliBoard fork)	2026-09-30T15:49:19.8836447Z C/C++: /usr/local/lib/android/sdk/ndk/28.0.13004108/toolchains/llvm/prebuilt/linux-x86_64/sysroot/usr/include/c++/v1/vector:1100:22: note: in instantiation of function template specialization 'std::__uninitialized_allocator_copy<std::allocator<latinime::NgramProperty>, latinime::NgramProperty *, latinime::NgramProperty *, latinime::NgramProperty *>' requested here
build	Build DaddyBoard (HeliBoard fork)	2026-09-30T15:49:19.8839293Z C/C++:  1100 |   __tx.__pos_ = std::__uninitialized_allocator_copy(__alloc(), __first, __last, __tx.__pos_);
build	Build DaddyBoard (HeliBoard fork)	2026-09-30T15:49:19.8840279Z C/C++:       |                      ^
build	Build DaddyBoard (HeliBoard fork)	2026-09-30T15:49:19.8842511Z C/C++: /usr/local/lib/android/sdk/ndk/28.0.13004108/toolchains/llvm/prebuilt/linux-x86_64/sysroot/usr/include/c++/v1/vector:761:7: note: in instantiation of function template specialization 'std::vector<latinime::NgramProperty>::__construct_at_end<latinime::NgramProperty *, latinime::NgramProperty *>' requested here
build	Build DaddyBoard (HeliBoard fork)	2026-09-30T15:49:19.8845088Z C/C++:   761 |       __construct_at_end(__first, __last, __n);
build	Build DaddyBoard (HeliBoard fork)	2026-09-30T15:49:19.8845812Z C/C++:       |       ^
build	Build DaddyBoard (HeliBoard fork)	2026-09-30T15:49:19.8847801Z C/C++: /usr/local/lib/android/sdk/ndk/28.0.13004108/toolchains/llvm/prebuilt/linux-x86_64/sysroot/usr/include/c++/v1/vector:1213:3: note: in instantiation of function template specialization 'std::vector<latinime::NgramProperty>::__init_with_size<latinime::NgramProperty *, latinime::NgramProperty *>' requested here
build	Build DaddyBoard (HeliBoard fork)	2026-09-30T15:49:19.8866429Z C/C++:  1213 |   __init_with_size(__x.__begin_, __x.__end_, __x.size());
build	Build DaddyBoard (HeliBoard fork)	2026-09-30T15:49:19.8867257Z C/C++:       |   ^
build	Build DaddyBoard (HeliBoard fork)	2026-09-30T15:49:19.8868916Z C/C++: /home/runner/work/daddyboard/daddyboard/daddyboard-main/app/src/main/jni/src/dictionary/property/word_property.h:39:15: note: in instantiation of member function 'std::vector<latinime::NgramProperty>::vector' requested here
build	Build DaddyBoard (HeliBoard fork)	2026-09-30T15:49:19.8871050Z C/C++:    39 |               mNgrams(ngrams) {}
build	Build DaddyBoard (HeliBoard fork)	2026-09-30T15:49:19.8871689Z C/C++:       |               ^
build	Build DaddyBoard (HeliBoard fork)	2026-09-30T15:49:20.5693736Z C/C++: 10 warnings generated.
build	Build DaddyBoard (HeliBoard fork)	2026-09-30T15:49:21.3716180Z C/C++: In file included from /home/runner/work/daddyboard/daddyboard/daddyboard-main/app/src/main/jni/src/dictionary/structure/v4/ver4_patricia_trie_writing_helper.cpp:17:
build	Build DaddyBoard (HeliBoard fork)	2026-09-30T15:49:21.3740009Z C/C++: In file included from /home/runner/work/daddyboard/daddyboard/daddyboard-main/app/src/main/jni/src/dictionary/structure/v4/ver4_patricia_trie_writing_helper.h:23:
build	Build DaddyBoard (HeliBoard fork)	2026-09-30T15:49:21.3742578Z C/C++: /home/runner/work/daddyboard/daddyboard/daddyboard-main/app/src/main/jni/src/dictionary/utils/entry_counters.h:44:5: warning: definition of implicit copy constructor for 'EntryCounts' is deprecated because it has a user-declared copy assignment operator [-Wdeprecated-copy]
build	Build DaddyBoard (HeliBoard fork)	2026-09-30T15:49:21.3775435Z C/C++:    44 |     DISALLOW_ASSIGNMENT_OPERATOR(EntryCounts);
build	Build DaddyBoard (HeliBoard fork)	2026-09-30T15:49:21.3805209Z C/C++:       |     ^
build	Build DaddyBoard (HeliBoard fork)	2026-09-30T15:49:21.3815662Z C/C++: /home/runner/work/daddyboard/daddyboard/daddyboard-main/app/src/main/jni/src/defines.h:289:8: note: expanded from macro 'DISALLOW_ASSIGNMENT_OPERATOR'
build	Build DaddyBoard (HeliBoard fork)	2026-09-30T15:49:21.3835252Z C/C++:   289 |   void operator=(const TypeName&) = delete
build	Build DaddyBoard (HeliBoard fork)	2026-09-30T15:49:21.3844959Z C/C++:       |        ^
build	Build DaddyBoard (HeliBoard fork)	2026-09-30T15:49:21.3870641Z C/C++: /home/runner/work/daddyboard/daddyboard/daddyboard-main/app/src/main/jni/src/dictionary/header/header_policy.h:92:15: note: in implicit copy constructor for 'latinime::EntryCounts' first required here
build	Build DaddyBoard (HeliBoard fork)	2026-09-30T15:49:21.3915194Z C/C++:    92 |               mNgramCounts(headerPolicy->mNgramCounts),
build	Build DaddyBoard (HeliBoard fork)	2026-09-30T15:49:21.3916282Z C/C++:       |               ^
build	Build DaddyBoard (HeliBoard fork)	2026-09-30T15:49:21.3955849Z C/C++: In file included from /home/runner/work/daddyboard/daddyboard/daddyboard-main/app/src/main/jni/src/dictionary/structure/v4/ver4_patricia_trie_writing_helper.cpp:17:
build	Build DaddyBoard (HeliBoard fork)	2026-09-30T15:49:21.3975671Z C/C++: In file included from /home/runner/work/daddyboard/daddyboard/daddyboard-main/app/src/main/jni/src/dictionary/structure/v4/ver4_patricia_trie_writing_helper.h:21:
build	Build DaddyBoard (HeliBoard fork)	2026-09-30T15:49:21.3985825Z C/C++: In file included from /home/runner/work/daddyboard/daddyboard/daddyboard-main/app/src/main/jni/src/dictionary/structure/pt_common/dynamic_pt_gc_event_listeners.h:25:
build	Build DaddyBoard (HeliBoard fork)	2026-09-30T15:49:21.4015805Z C/C++: In file included from /home/runner/work/daddyboard/daddyboard/daddyboard-main/app/src/main/jni/src/dictionary/utils/buffer_with_extendable_buffer.h:26:
build	Build DaddyBoard (HeliBoard fork)	2026-09-30T15:49:21.4036531Z C/C++: /home/runner/work/daddyboard/daddyboard/daddyboard-main/app/src/main/jni/src/utils/byte_array_view.h:53:5: warning: definition of implicit copy constructor for 'ReadOnlyByteArrayView' is deprecated because it has a user-declared copy assignment operator [-Wdeprecated-copy]
build	Build DaddyBoard (HeliBoard fork)	2026-09-30T15:49:21.4064972Z C/C++:    53 |     DISALLOW_ASSIGNMENT_OPERATOR(ReadOnlyByteArrayView);
build	Build DaddyBoard (HeliBoard fork)	2026-09-30T15:49:21.4074960Z C/C++:       |     ^
build	Build DaddyBoard (HeliBoard fork)	2026-09-30T15:49:21.4105638Z C/C++: /home/runner/work/daddyboard/daddyboard/daddyboard-main/app/src/main/jni/src/defines.h:289:8: note: expanded from macro 'DISALLOW_ASSIGNMENT_OPERATOR'
build	Build DaddyBoard (HeliBoard fork)	2026-09-30T15:49:21.4117998Z C/C++:   289 |   void operator=(const TypeName&) = delete
build	Build DaddyBoard (HeliBoard fork)	2026-09-30T15:49:21.4144925Z C/C++:       |        ^
build	Build DaddyBoard (HeliBoard fork)	2026-09-30T15:49:21.4166241Z C/C++: /home/runner/work/daddyboard/daddyboard/daddyboard-main/app/src/main/jni/src/dictionary/structure/pt_common/shortcut/shortcut_list_reading_utils.h:52:75: note: in implicit copy constructor for 'latinime::ReadOnlyByteArrayView' first required here
build	Build DaddyBoard (HeliBoard fork)	2026-09-30T15:49:21.4175116Z C/C++:    52 |         const int shortcutListSize = getShortcutListSizeAndForwardPointer(buffer, pos);
build	Build DaddyBoard (HeliBoard fork)	2026-09-30T15:49:21.4204952Z C/C++:       |                                                                           ^
build	Build DaddyBoard (HeliBoard fork)	2026-09-30T15:49:21.4696836Z C/C++: In file included from /home/runner/work/daddyboard/daddyboard/daddyboard-main/app/src/main/jni/src/dictionary/structure/v4/ver4_patricia_trie_writing_helper.cpp:24:
build	Build DaddyBoard (HeliBoard fork)	2026-09-30T15:49:21.4735906Z C/C++: In file included from /home/runner/work/daddyboard/daddyboard/daddyboard-main/app/src/main/jni/src/dictionary/structure/v4/ver4_dict_buffers.h:25:
build	Build DaddyBoard (HeliBoard fork)	2026-09-30T15:49:21.4745874Z C/C++: In file included from /home/runner/work/daddyboard/daddyboard/daddyboard-main/app/src/main/jni/src/dictionary/structure/v4/content/language_model_dict_content.h:26:
build	Build DaddyBoard (HeliBoard fork)	2026-09-30T15:49:21.4766037Z C/C++: In file included from /home/runner/work/daddyboard/daddyboard/daddyboard-main/app/src/main/jni/src/dictionary/structure/v4/content/probability_entry.h:24:
build	Build DaddyBoard (HeliBoard fork)	2026-09-30T15:49:21.4796686Z C/C++: /home/runner/work/daddyboard/daddyboard/daddyboard-main/app/src/main/jni/src/dictionary/property/historical_info.h:52:5: warning: definition of implicit copy constructor for 'HistoricalInfo' is deprecated because it has a user-declared copy assignment operator [-Wdeprecated-copy]
build	Build DaddyBoard (HeliBoard fork)	2026-09-30T15:49:21.4807769Z C/C++:    52 |     DISALLOW_ASSIGNMENT_OPERATOR(HistoricalInfo);
build	Build DaddyBoard (HeliBoard fork)	2026-09-30T15:49:21.4834985Z C/C++:       |     ^
build	Build DaddyBoard (HeliBoard fork)	2026-09-30T15:49:21.4865612Z C/C++: /home/runner/work/daddyboard/daddyboard/daddyboard-main/app/src/main/jni/src/defines.h:289:8: note: expanded from macro 'DISALLOW_ASSIGNMENT_OPERATOR'
build	Build DaddyBoard (HeliBoard fork)	2026-09-30T15:49:21.4885039Z C/C++:   289 |   void operator=(const TypeName&) = delete
build	Build DaddyBoard (HeliBoard fork)	2026-09-30T15:49:21.4914920Z C/C++:       |        ^
build	Build DaddyBoard (HeliBoard fork)	2026-09-30T15:49:21.4926175Z C/C++: /home/runner/work/daddyboard/daddyboard/daddyboard-main/app/src/main/jni/src/dictionary/property/ngram_property.h:33:42: note: in implicit copy constructor for 'latinime::HistoricalInfo' first required here
build	Build DaddyBoard (HeliBoard fork)	2026-09-30T15:49:21.4945235Z C/C++:    33 |               mProbability(probability), mHistoricalInfo(historicalInfo) {}
build	Build DaddyBoard (HeliBoard fork)	2026-09-30T15:49:21.4975309Z C/C++:       |                                          ^
build	Build DaddyBoard (HeliBoard fork)	2026-09-30T15:49:21.4985752Z C/C++: In file included from /home/runner/work/daddyboard/daddyboard/daddyboard-main/app/src/main/jni/src/dictionary/structure/v4/ver4_patricia_trie_writing_helper.cpp:24:
build	Build DaddyBoard (HeliBoard fork)	2026-09-30T15:49:21.5015512Z C/C++: In file included from /home/runner/work/daddyboard/daddyboard/daddyboard-main/app/src/main/jni/src/dictionary/structure/v4/ver4_dict_buffers.h:25:
build	Build DaddyBoard (HeliBoard fork)	2026-09-30T15:49:21.5035791Z C/C++: In file included from /home/runner/work/daddyboard/daddyboard/daddyboard-main/app/src/main/jni/src/dictionary/structure/v4/content/language_model_dict_content.h:30:
build	Build DaddyBoard (HeliBoard fork)	2026-09-30T15:49:21.5045988Z C/C++: /home/runner/work/daddyboard/daddyboard/daddyboard-main/app/src/main/jni/src/dictionary/utils/trie_map.h:129:9: warning: definition of implicit copy constructor for 'TrieMapIterator' is deprecated because it has a user-declared copy assignment operator [-Wdeprecated-copy]
build	Build DaddyBoard (HeliBoard fork)	2026-09-30T15:49:21.5094963Z C/C++:   129 |         DISALLOW_ASSIGNMENT_OPERATOR(TrieMapIterator);
build	Build DaddyBoard (HeliBoard fork)	2026-09-30T15:49:21.5106182Z C/C++:       |         ^
build	Build DaddyBoard (HeliBoard fork)	2026-09-30T15:49:21.5125758Z C/C++: /home/runner/work/daddyboard/daddyboard/daddyboard-main/app/src/main/jni/src/defines.h:289:8: note: expanded from macro 'DISALLOW_ASSIGNMENT_OPERATOR'
build	Build DaddyBoard (HeliBoard fork)	2026-09-30T15:49:21.5134984Z C/C++:   289 |   void operator=(const TypeName&) = delete
build	Build DaddyBoard (HeliBoard fork)	2026-09-30T15:49:21.5164915Z C/C++:       |        ^
build	Build DaddyBoard (HeliBoard fork)	2026-09-30T15:49:21.5206489Z C/C++: /home/runner/work/daddyboard/daddyboard/daddyboard-main/app/src/main/jni/src/dictionary/structure/v4/content/language_model_dict_content.h:67:19: note: in implicit copy constructor for 'latinime::TrieMap::TrieMapIterator' first required here
build	Build DaddyBoard (HeliBoard fork)	2026-09-30T15:49:21.5215357Z C/C++:    67 |                 : mTrieMapIterator(trieMapIterator), mHasHistoricalInfo(hasHistoricalInfo) {}
build	Build DaddyBoard (HeliBoard fork)	2026-09-30T15:49:21.5224826Z C/C++:       |                   ^
build	Build DaddyBoard (HeliBoard fork)	2026-09-30T15:49:21.5255277Z C/C++: In file included from /home/runner/work/daddyboard/daddyboard/daddyboard-main/app/src/main/jni/src/dictionary/structure/v4/ver4_patricia_trie_writing_helper.cpp:24:
build	Build DaddyBoard (HeliBoard fork)	2026-09-30T15:49:21.5257471Z C/C++: In file included from /home/runner/work/daddyboard/daddyboard/daddyboard-main/app/src/main/jni/src/dictionary/structure/v4/ver4_dict_buffers.h:25:
build	Build DaddyBoard (HeliBoard fork)	2026-09-30T15:49:21.5265723Z C/C++: In file included from /home/runner/work/daddyboard/daddyboard/daddyboard-main/app/src/main/jni/src/dictionary/structure/v4/content/language_model_dict_content.h:30:
build	Build DaddyBoard (HeliBoard fork)	2026-09-30T15:49:21.5296189Z C/C++: /home/runner/work/daddyboard/daddyboard/daddyboard-main/app/src/main/jni/src/dictionary/utils/trie_map.h:158:9: warning: definition of implicit copy constructor for 'TrieMapRange' is deprecated because it has a user-declared copy assignment operator [-Wdeprecated-copy]
build	Build DaddyBoard (HeliBoard fork)	2026-09-30T15:49:21.5310050Z C/C++:   158 |         DISALLOW_ASSIGNMENT_OPERATOR(TrieMapRange);
build	Build DaddyBoard (HeliBoard fork)	2026-09-30T15:49:21.5310855Z C/C++:       |         ^
build	Build DaddyBoard (HeliBoard fork)	2026-09-30T15:49:21.5312142Z C/C++: /home/runner/work/daddyboard/daddyboard/daddyboard-main/app/src/main/jni/src/defines.h:289:8: note: expanded from macro 'DISALLOW_ASSIGNMENT_OPERATOR'
build	Build DaddyBoard (HeliBoard fork)	2026-09-30T15:49:21.5313643Z C/C++:   289 |   void operator=(const TypeName&) = delete
build	Build DaddyBoard (HeliBoard fork)	2026-09-30T15:49:21.5314291Z C/C++:       |        ^
build	Build DaddyBoard (HeliBoard fork)	2026-09-30T15:49:21.5316334Z C/C++: /home/runner/work/daddyboard/daddyboard/daddyboard-main/app/src/main/jni/src/dictionary/structure/v4/content/language_model_dict_content.h:96:19: note: in implicit copy constructor for 'latinime::TrieMap::TrieMapRange' first required here
build	Build DaddyBoard (HeliBoard fork)	2026-09-30T15:49:21.5318633Z C/C++:    96 |                 : mTrieMapRange(trieMapRange), mHasHistoricalInfo(hasHistoricalInfo) {}
build	Build DaddyBoard (HeliBoard fork)	2026-09-30T15:49:21.5319462Z C/C++:       |                   ^
build	Build DaddyBoard (HeliBoard fork)	2026-09-30T15:49:21.5320681Z C/C++: In file included from /home/runner/work/daddyboard/daddyboard/daddyboard-main/app/src/main/jni/src/dictionary/structure/v4/ver4_patricia_trie_writing_helper.cpp:24:
build	Build DaddyBoard (HeliBoard fork)	2026-09-30T15:49:21.5322587Z C/C++: In file included from /home/runner/work/daddyboard/daddyboard/daddyboard-main/app/src/main/jni/src/dictionary/structure/v4/ver4_dict_buffers.h:25:
build	Build DaddyBoard (HeliBoard fork)	2026-09-30T15:49:21.5325019Z C/C++: In file included from /home/runner/work/daddyboard/daddyboard/daddyboard-main/app/src/main/jni/src/dictionary/structure/v4/content/language_model_dict_content.h:24:
build	Build DaddyBoard (HeliBoard fork)	2026-09-30T15:49:21.5356560Z C/C++: /home/runner/work/daddyboard/daddyboard/daddyboard-main/app/src/main/jni/src/dictionary/property/word_attributes.h:59:5: warning: definition of implicit copy constructor for 'WordAttributes' is deprecated because it has a user-declared copy assignment operator [-Wdeprecated-copy]
build	Build DaddyBoard (HeliBoard fork)	2026-09-30T15:49:21.5358886Z C/C++:    59 |     DISALLOW_ASSIGNMENT_OPERATOR(WordAttributes);
build	Build DaddyBoard (HeliBoard fork)	2026-09-30T15:49:21.5407962Z C/C++:       |     ^
build	Build DaddyBoard (HeliBoard fork)	2026-09-30T15:49:21.5415670Z C/C++: /home/runner/work/daddyboard/daddyboard/daddyboard-main/app/src/main/jni/src/defines.h:289:8: note: expanded from macro 'DISALLOW_ASSIGNMENT_OPERATOR'
build	Build DaddyBoard (HeliBoard fork)	2026-09-30T15:49:21.5417075Z C/C++:   289 |   void operator=(const TypeName&) = delete
build	Build DaddyBoard (HeliBoard fork)	2026-09-30T15:49:21.5417656Z C/C++:       |        ^
build	Build DaddyBoard (HeliBoard fork)	2026-09-30T15:49:21.5419292Z C/C++: /home/runner/work/daddyboard/daddyboard/daddyboard-main/app/src/main/jni/src/dictionary/structure/v4/content/language_model_dict_content.h:119:19: note: in implicit copy constructor for 'WordAttributes' first required here
build	Build DaddyBoard (HeliBoard fork)	2026-09-30T15:49:21.5421359Z C/C++:   119 |                   mWordAttributes(wordAttributes), mProbabilityEntry(probabilityEntry) {}
build	Build DaddyBoard (HeliBoard fork)	2026-09-30T15:49:21.5422187Z C/C++:       |                   ^
build	Build DaddyBoard (HeliBoard fork)	2026-09-30T15:49:21.5706143Z C/C++: In file included from /home/runner/work/daddyboard/daddyboard/daddyboard-main/app/src/main/jni/src/dictionary/structure/v4/ver4_patricia_trie_writing_helper.cpp:17:
build	Build DaddyBoard (HeliBoard fork)	2026-09-30T15:49:21.5766116Z C/C++: In file included from /home/runner/work/daddyboard/daddyboard/daddyboard-main/app/src/main/jni/src/dictionary/structure/v4/ver4_patricia_trie_writing_helper.h:21:
build	Build DaddyBoard (HeliBoard fork)	2026-09-30T15:49:21.5826111Z C/C++: In file included from /home/runner/work/daddyboard/daddyboard/daddyboard-main/app/src/main/jni/src/dictionary/structure/pt_common/dynamic_pt_gc_event_listeners.h:23:
build	Build DaddyBoard (HeliBoard fork)	2026-09-30T15:49:21.5916140Z C/C++: In file included from /home/runner/work/daddyboard/daddyboard/daddyboard-main/app/src/main/jni/src/dictionary/structure/pt_common/dynamic_pt_reading_helper.h:24:
build	Build DaddyBoard (HeliBoard fork)	2026-09-30T15:49:21.5945861Z C/C++: In file included from /home/runner/work/daddyboard/daddyboard/daddyboard-main/app/src/main/jni/src/dictionary/structure/pt_common/pt_node_params.h:27:
build	Build DaddyBoard (HeliBoard fork)	2026-09-30T15:49:21.6006562Z C/C++: /home/runner/work/daddyboard/daddyboard/daddyboard-main/app/src/main/jni/src/utils/int_array_view.h:160:5: warning: definition of implicit copy constructor for 'IntArrayView' is deprecated because it has a user-declared copy assignment operator [-Wdeprecated-copy]
build	Build DaddyBoard (HeliBoard fork)	2026-09-30T15:49:21.6035166Z C/C++:   160 |     DISALLOW_ASSIGNMENT_OPERATOR(IntArrayView);
build	Build DaddyBoard (HeliBoard fork)	2026-09-30T15:49:21.6065030Z C/C++:       |     ^
build	Build DaddyBoard (HeliBoard fork)	2026-09-30T15:49:21.6121985Z C/C++: /home/runner/work/daddyboard/daddyboard/daddyboard-main/app/src/main/jni/src/defines.h:289:8: note: expanded from macro 'DISALLOW_ASSIGNMENT_OPERATOR'
build	Build DaddyBoard (HeliBoard fork)	2026-09-30T15:49:21.6175242Z C/C++:   289 |   void operator=(const TypeName&) = delete
build	Build DaddyBoard (HeliBoard fork)	2026-09-30T15:49:21.6235178Z C/C++:       |        ^
build	Build DaddyBoard (HeliBoard fork)	2026-09-30T15:49:21.6236819Z C/C++: /usr/local/lib/android/sdk/ndk/28.0.13004108/toolchains/llvm/prebuilt/linux-x86_64/sysroot/usr/include/c++/v1/__memory/allocator.h:173:24: note: in implicit copy constructor for 'latinime::IntArrayView' first required here
build	Build DaddyBoard (HeliBoard fork)	2026-09-30T15:49:21.6295304Z C/C++:   173 |     ::new ((void*)__p) _Up(std::forward<_Args>(__args)...);
build	Build DaddyBoard (HeliBoard fork)	2026-09-30T15:49:21.6325204Z C/C++:       |                        ^
build	Build DaddyBoard (HeliBoard fork)	2026-09-30T15:49:21.6356787Z C/C++: /usr/local/lib/android/sdk/ndk/28.0.13004108/toolchains/llvm/prebuilt/linux-x86_64/sysroot/usr/include/c++/v1/__memory/allocator_traits.h:320:9: note: in instantiation of function template specialization 'std::allocator<latinime::IntArrayView>::construct<latinime::IntArrayView, latinime::IntArrayView>' requested here
build	Build DaddyBoard (HeliBoard fork)	2026-09-30T15:49:21.6385193Z C/C++:   320 |     __a.construct(__p, std::forward<_Args>(__args)...);
build	Build DaddyBoard (HeliBoard fork)	2026-09-30T15:49:21.6445117Z C/C++:       |         ^
build	Build DaddyBoard (HeliBoard fork)	2026-09-30T15:49:21.6507106Z C/C++: /usr/local/lib/android/sdk/ndk/28.0.13004108/toolchains/llvm/prebuilt/linux-x86_64/sysroot/usr/include/c++/v1/__memory/uninitialized_algorithms.h:639:33: note: in instantiation of function template specialization 'std::allocator_traits<std::allocator<latinime::IntArrayView>>::construct<latinime::IntArrayView, latinime::IntArrayView, 0>' requested here
build	Build DaddyBoard (HeliBoard fork)	2026-09-30T15:49:21.6535537Z C/C++:   639 |       allocator_traits<_Alloc>::construct(__alloc, __result, std::move(*__iter));
build	Build DaddyBoard (HeliBoard fork)	2026-09-30T15:49:21.6553673Z C/C++:       |                                 ^
build	Build DaddyBoard (HeliBoard fork)	2026-09-30T15:49:21.6556111Z C/C++: /usr/local/lib/android/sdk/ndk/28.0.13004108/toolchains/llvm/prebuilt/linux-x86_64/sysroot/usr/include/c++/v1/vector:1511:3: note: in instantiation of member function 'std::vector<latinime::IntArrayView>::__swap_out_circular_buffer' requested here
build	Build DaddyBoard (HeliBoard fork)	2026-09-30T15:49:21.6558034Z C/C++:  1511 |   __swap_out_circular_buffer(__v);
build	Build DaddyBoard (HeliBoard fork)	2026-09-30T15:49:21.6558634Z C/C++:       |   ^
build	Build DaddyBoard (HeliBoard fork)	2026-09-30T15:49:21.6560574Z C/C++: /usr/local/lib/android/sdk/ndk/28.0.13004108/toolchains/llvm/prebuilt/linux-x86_64/sysroot/usr/include/c++/v1/vector:1529:13: note: in instantiation of function template specialization 'std::vector<latinime::IntArrayView>::__emplace_back_slow_path<const int *const &, const unsigned long &>' requested here
build	Build DaddyBoard (HeliBoard fork)	2026-09-30T15:49:21.6562952Z C/C++:  1529 |     __end = __emplace_back_slow_path(std::forward<_Args>(__args)...);
build	Build DaddyBoard (HeliBoard fork)	2026-09-30T15:49:21.6563770Z C/C++:       |             ^
build	Build DaddyBoard (HeliBoard fork)	2026-09-30T15:49:21.6565827Z C/C++: /home/runner/work/daddyboard/daddyboard/daddyboard-main/app/src/main/jni/src/utils/int_array_view.h:142:20: note: in instantiation of function template specialization 'std::vector<latinime::IntArrayView>::emplace_back<const int *const &, const unsigned long &>' requested here
build	Build DaddyBoard (HeliBoard fork)	2026-09-30T15:49:21.6567888Z C/C++:   142 |             result.emplace_back(mPtr, mSize);
build	Build DaddyBoard (HeliBoard fork)	2026-09-30T15:49:21.6568563Z C/C++:       |                    ^
build	Build DaddyBoard (HeliBoard fork)	2026-09-30T15:49:21.7706594Z C/C++: 7 warnings generated.
build	Build DaddyBoard (HeliBoard fork)	2026-09-30T15:49:23.8716169Z C/C++: In file included from /home/runner/work/daddyboard/daddyboard/daddyboard-main/app/src/main/jni/src/dictionary/structure/v4/content/language_model_dict_content.cpp:17:
build	Build DaddyBoard (HeliBoard fork)	2026-09-30T15:49:23.8719428Z C/C++: In file included from /home/runner/work/daddyboard/daddyboard/daddyboard-main/app/src/main/jni/src/dictionary/structure/v4/content/language_model_dict_content.h:26:
build	Build DaddyBoard (HeliBoard fork)	2026-09-30T15:49:23.8746069Z C/C++: In file included from /home/runner/work/daddyboard/daddyboard/daddyboard-main/app/src/main/jni/src/dictionary/structure/v4/content/probability_entry.h:24:
build	Build DaddyBoard (HeliBoard fork)	2026-09-30T15:49:23.8776730Z C/C++: /home/runner/work/daddyboard/daddyboard/daddyboard-main/app/src/main/jni/src/dictionary/property/historical_info.h:52:5: warning: definition of implicit copy constructor for 'HistoricalInfo' is deprecated because it has a user-declared copy assignment operator [-Wdeprecated-copy]
build	Build DaddyBoard (HeliBoard fork)	2026-09-30T15:49:23.8805349Z C/C++:    52 |     DISALLOW_ASSIGNMENT_OPERATOR(HistoricalInfo);
build	Build DaddyBoard (HeliBoard fork)	2026-09-30T15:49:23.8806188Z C/C++:       |     ^
build	Build DaddyBoard (HeliBoard fork)	2026-09-30T15:49:23.8835914Z C/C++: /home/runner/work/daddyboard/daddyboard/daddyboard-main/app/src/main/jni/src/defines.h:289:8: note: expanded from macro 'DISALLOW_ASSIGNMENT_OPERATOR'
build	Build DaddyBoard (HeliBoard fork)	2026-09-30T15:49:23.8865540Z C/C++:   289 |   void operator=(const TypeName&) = delete
build	Build DaddyBoard (HeliBoard fork)	2026-09-30T15:49:23.8895079Z C/C++:       |        ^
build	Build DaddyBoard (HeliBoard fork)	2026-09-30T15:49:23.8926381Z C/C++: /home/runner/work/daddyboard/daddyboard/daddyboard-main/app/src/main/jni/src/dictionary/property/ngram_property.h:33:42: note: in implicit copy constructor for 'latinime::HistoricalInfo' first required here
build	Build DaddyBoard (HeliBoard fork)	2026-09-30T15:49:23.8928403Z C/C++:    33 |               mProbability(probability), mHistoricalInfo(historicalInfo) {}
build	Build DaddyBoard (HeliBoard fork)	2026-09-30T15:49:23.8955199Z C/C++:       |                                          ^
build	Build DaddyBoard (HeliBoard fork)	2026-09-30T15:49:23.8986296Z C/C++: In file included from /home/runner/work/daddyboard/daddyboard/daddyboard-main/app/src/main/jni/src/dictionary/structure/v4/content/language_model_dict_content.cpp:17:
build	Build DaddyBoard (HeliBoard fork)	2026-09-30T15:49:23.9015794Z C/C++: In file included from /home/runner/work/daddyboard/daddyboard/daddyboard-main/app/src/main/jni/src/dictionary/structure/v4/content/language_model_dict_content.h:30:
build	Build DaddyBoard (HeliBoard fork)	2026-09-30T15:49:23.9019091Z C/C++: /home/runner/work/daddyboard/daddyboard/daddyboard-main/app/src/main/jni/src/dictionary/utils/trie_map.h:129:9: warning: definition of implicit copy constructor for 'TrieMapIterator' is deprecated because it has a user-declared copy assignment operator [-Wdeprecated-copy]
build	Build DaddyBoard (HeliBoard fork)	2026-09-30T15:49:23.9045316Z C/C++:   129 |         DISALLOW_ASSIGNMENT_OPERATOR(TrieMapIterator);
build	Build DaddyBoard (HeliBoard fork)	2026-09-30T15:49:23.9075169Z C/C++:       |         ^
build	Build DaddyBoard (HeliBoard fork)	2026-09-30T15:49:23.9105958Z C/C++: /home/runner/work/daddyboard/daddyboard/daddyboard-main/app/src/main/jni/src/defines.h:289:8: note: expanded from macro 'DISALLOW_ASSIGNMENT_OPERATOR'
build	Build DaddyBoard (HeliBoard fork)	2026-09-30T15:49:23.9107584Z C/C++:   289 |   void operator=(const TypeName&) = delete
build	Build DaddyBoard (HeliBoard fork)	2026-09-30T15:49:23.9135179Z C/C++:       |        ^
build	Build DaddyBoard (HeliBoard fork)	2026-09-30T15:49:23.9166456Z C/C++: /home/runner/work/daddyboard/daddyboard/daddyboard-main/app/src/main/jni/src/dictionary/structure/v4/content/language_model_dict_content.h:67:19: note: in implicit copy constructor for 'latinime::TrieMap::TrieMapIterator' first required here
build	Build DaddyBoard (HeliBoard fork)	2026-09-30T15:49:23.9195552Z C/C++:    67 |                 : mTrieMapIterator(trieMapIterator), mHasHistoricalInfo(hasHistoricalInfo) {}
build	Build DaddyBoard (HeliBoard fork)	2026-09-30T15:49:23.9225067Z C/C++:       |                   ^
build	Build DaddyBoard (HeliBoard fork)	2026-09-30T15:49:23.9226498Z C/C++: In file included from /home/runner/work/daddyboard/daddyboard/daddyboard-main/app/src/main/jni/src/dictionary/structure/v4/content/language_model_dict_content.cpp:17:
build	Build DaddyBoard (HeliBoard fork)	2026-09-30T15:49:23.9255796Z C/C++: In file included from /home/runner/work/daddyboard/daddyboard/daddyboard-main/app/src/main/jni/src/dictionary/structure/v4/content/language_model_dict_content.h:30:
build	Build DaddyBoard (HeliBoard fork)	2026-09-30T15:49:23.9296598Z C/C++: /home/runner/work/daddyboard/daddyboard/daddyboard-main/app/src/main/jni/src/dictionary/utils/trie_map.h:158:9: warning: definition of implicit copy constructor for 'TrieMapRange' is deprecated because it has a user-declared copy assignment operator [-Wdeprecated-copy]
build	Build DaddyBoard (HeliBoard fork)	2026-09-30T15:49:23.9325249Z C/C++:   158 |         DISALLOW_ASSIGNMENT_OPERATOR(TrieMapRange);
build	Build DaddyBoard (HeliBoard fork)	2026-09-30T15:49:23.9326213Z C/C++:       |         ^
build	Build DaddyBoard (HeliBoard fork)	2026-09-30T15:49:23.9355908Z C/C++: /home/runner/work/daddyboard/daddyboard/daddyboard-main/app/src/main/jni/src/defines.h:289:8: note: expanded from macro 'DISALLOW_ASSIGNMENT_OPERATOR'
build	Build DaddyBoard (HeliBoard fork)	2026-09-30T15:49:23.9385229Z C/C++:   289 |   void operator=(const TypeName&) = delete
build	Build DaddyBoard (HeliBoard fork)	2026-09-30T15:49:23.9415077Z C/C++:       |        ^
build	Build DaddyBoard (HeliBoard fork)	2026-09-30T15:49:23.9417123Z C/C++: /home/runner/work/daddyboard/daddyboard/daddyboard-main/app/src/main/jni/src/dictionary/structure/v4/content/language_model_dict_content.h:96:19: note: in implicit copy constructor for 'latinime::TrieMap::TrieMapRange' first required here
build	Build DaddyBoard (HeliBoard fork)	2026-09-30T15:49:23.9445627Z C/C++:    96 |                 : mTrieMapRange(trieMapRange), mHasHistoricalInfo(hasHistoricalInfo) {}
build	Build DaddyBoard (HeliBoard fork)	2026-09-30T15:49:23.9475068Z C/C++:       |                   ^
build	Build DaddyBoard (HeliBoard fork)	2026-09-30T15:49:23.9505961Z C/C++: In file included from /home/runner/work/daddyboard/daddyboard/daddyboard-main/app/src/main/jni/src/dictionary/structure/v4/content/language_model_dict_content.cpp:17:
build	Build DaddyBoard (HeliBoard fork)	2026-09-30T15:49:23.9507987Z C/C++: In file included from /home/runner/work/daddyboard/daddyboard/daddyboard-main/app/src/main/jni/src/dictionary/structure/v4/content/language_model_dict_content.h:24:
build	Build DaddyBoard (HeliBoard fork)	2026-09-30T15:49:23.9536634Z C/C++: /home/runner/work/daddyboard/daddyboard/daddyboard-main/app/src/main/jni/src/dictionary/property/word_attributes.h:59:5: warning: definition of implicit copy constructor for 'WordAttributes' is deprecated because it has a user-declared copy assignment operator [-Wdeprecated-copy]
build	Build DaddyBoard (HeliBoard fork)	2026-09-30T15:49:23.9565197Z C/C++:    59 |     DISALLOW_ASSIGNMENT_OPERATOR(WordAttributes);
build	Build DaddyBoard (HeliBoard fork)	2026-09-30T15:49:23.9595004Z C/C++:       |     ^
build	Build DaddyBoard (HeliBoard fork)	2026-09-30T15:49:23.9615651Z C/C++: /home/runner/work/daddyboard/daddyboard/daddyboard-main/app/src/main/jni/src/defines.h:289:8: note: expanded from macro 'DISALLOW_ASSIGNMENT_OPERATOR'
build	Build DaddyBoard (HeliBoard fork)	2026-09-30T15:49:23.9625214Z C/C++:   289 |   void operator=(const TypeName&) = delete
build	Build DaddyBoard (HeliBoard fork)	2026-09-30T15:49:23.9655043Z C/C++:       |        ^
build	Build DaddyBoard (HeliBoard fork)	2026-09-30T15:49:23.9670588Z C/C++: /home/runner/work/daddyboard/daddyboard/daddyboard-main/app/src/main/jni/src/dictionary/structure/v4/content/language_model_dict_content.h:119:19: note: in implicit copy constructor for 'WordAttributes' first required here
build	Build DaddyBoard (HeliBoard fork)	2026-09-30T15:49:23.9683721Z C/C++:   119 |                   mWordAttributes(wordAttributes), mProbabilityEntry(probabilityEntry) {}
build	Build DaddyBoard (HeliBoard fork)	2026-09-30T15:49:23.9684951Z C/C++:       |                   ^
build	Build DaddyBoard (HeliBoard fork)	2026-09-30T15:49:23.9686390Z C/C++: In file included from /home/runner/work/daddyboard/daddyboard/daddyboard-main/app/src/main/jni/src/dictionary/structure/v4/content/language_model_dict_content.cpp:17:
build	Build DaddyBoard (HeliBoard fork)	2026-09-30T15:49:23.9688490Z C/C++: In file included from /home/runner/work/daddyboard/daddyboard/daddyboard-main/app/src/main/jni/src/dictionary/structure/v4/content/language_model_dict_content.h:26:
build	Build DaddyBoard (HeliBoard fork)	2026-09-30T15:49:23.9690466Z C/C++: In file included from /home/runner/work/daddyboard/daddyboard/daddyboard-main/app/src/main/jni/src/dictionary/structure/v4/content/probability_entry.h:25:
build	Build DaddyBoard (HeliBoard fork)	2026-09-30T15:49:23.9692347Z C/C++: In file included from /home/runner/work/daddyboard/daddyboard/daddyboard-main/app/src/main/jni/src/dictionary/property/ngram_property.h:24:
build	Build DaddyBoard (HeliBoard fork)	2026-09-30T15:49:23.9694136Z C/C++: In file included from /home/runner/work/daddyboard/daddyboard/daddyboard-main/app/src/main/jni/src/dictionary/property/ngram_context.h:23:
build	Build DaddyBoard (HeliBoard fork)	2026-09-30T15:49:23.9696629Z C/C++: /home/runner/work/daddyboard/daddyboard/daddyboard-main/app/src/main/jni/src/utils/int_array_view.h:160:5: warning: definition of implicit copy constructor for 'IntArrayView' is deprecated because it has a user-declared copy assignment operator [-Wdeprecated-copy]
build	Build DaddyBoard (HeliBoard fork)	2026-09-30T15:49:23.9698680Z C/C++:   160 |     DISALLOW_ASSIGNMENT_OPERATOR(IntArrayView);
build	Build DaddyBoard (HeliBoard fork)	2026-09-30T15:49:23.9699328Z C/C++:       |     ^
build	Build DaddyBoard (HeliBoard fork)	2026-09-30T15:49:23.9700434Z C/C++: /home/runner/work/daddyboard/daddyboard/daddyboard-main/app/src/main/jni/src/defines.h:289:8: note: expanded from macro 'DISALLOW_ASSIGNMENT_OPERATOR'
build	Build DaddyBoard (HeliBoard fork)	2026-09-30T15:49:23.9702376Z C/C++:   289 |   void operator=(const TypeName&) = delete
build	Build DaddyBoard (HeliBoard fork)	2026-09-30T15:49:23.9703051Z C/C++:       |        ^
build	Build DaddyBoard (HeliBoard fork)	2026-09-30T15:49:23.9704750Z C/C++: /home/runner/work/daddyboard/daddyboard/daddyboard-main/app/src/main/jni/src/dictionary/structure/v4/content/language_model_dict_content.cpp:119:54: note: in implicit copy constructor for 'latinime::IntArrayView' first required here
build	Build DaddyBoard (HeliBoard fork)	2026-09-30T15:49:23.9707000Z C/C++:   119 |     const int bitmapEntryIndex = getBitmapEntryIndex(prevWordIds);
build	Build DaddyBoard (HeliBoard fork)	2026-09-30T15:49:23.9707841Z C/C++:       |                                                      ^
build	Build DaddyBoard (HeliBoard fork)	2026-09-30T15:49:24.0706142Z C/C++: In file included from /home/runner/work/daddyboard/daddyboard/daddyboard-main/app/src/main/jni/src/dictionary/structure/v4/content/language_model_dict_content.cpp:17:
build	Build DaddyBoard (HeliBoard fork)	2026-09-30T15:49:24.0736846Z C/C++: /home/runner/work/daddyboard/daddyboard/daddyboard-main/app/src/main/jni/src/dictionary/structure/v4/content/language_model_dict_content.h:127:9: warning: definition of implicit copy constructor for 'DumppedFullEntryInfo' is deprecated because it has a user-declared copy assignment operator [-Wdeprecated-copy]
build	Build DaddyBoard (HeliBoard fork)	2026-09-30T15:49:24.0754224Z C/C++:   127 |         DISALLOW_ASSIGNMENT_OPERATOR(DumppedFullEntryInfo);
build	Build DaddyBoard (HeliBoard fork)	2026-09-30T15:49:24.0757553Z C/C++:       |         ^
build	Build DaddyBoard (HeliBoard fork)	2026-09-30T15:49:24.0825809Z C/C++: /home/runner/work/daddyboard/daddyboard/daddyboard-main/app/src/main/jni/src/defines.h:289:8: note: expanded from macro 'DISALLOW_ASSIGNMENT_OPERATOR'
build	Build DaddyBoard (HeliBoard fork)	2026-09-30T15:49:24.0836225Z C/C++:   289 |   void operator=(const TypeName&) = delete
build	Build DaddyBoard (HeliBoard fork)	2026-09-30T15:49:24.0884976Z C/C++:       |        ^
build	Build DaddyBoard (HeliBoard fork)	2026-09-30T15:49:24.0916305Z C/C++: /usr/local/lib/android/sdk/ndk/28.0.13004108/toolchains/llvm/prebuilt/linux-x86_64/sysroot/usr/include/c++/v1/__memory/allocator.h:173:24: note: in implicit copy constructor for 'latinime::LanguageModelDictContent::DumppedFullEntryInfo' first required here
build	Build DaddyBoard (HeliBoard fork)	2026-09-30T15:49:24.0975276Z C/C++:   173 |     ::new ((void*)__p) _Up(std::forward<_Args>(__args)...);
build	Build DaddyBoard (HeliBoard fork)	2026-09-30T15:49:24.0982129Z C/C++:       |                        ^
build	Build DaddyBoard (HeliBoard fork)	2026-09-30T15:49:24.1020609Z C/C++: /usr/local/lib/android/sdk/ndk/28.0.13004108/toolchains/llvm/prebuilt/linux-x86_64/sysroot/usr/include/c++/v1/__memory/allocator_traits.h:320:9: note: in instantiation of function template specialization 'std::allocator<latinime::LanguageModelDictContent::DumppedFullEntryInfo>::construct<latinime::LanguageModelDictContent::DumppedFullEntryInfo, latinime::LanguageModelDictContent::DumppedFullEntryInfo>' requested here
build	Build DaddyBoard (HeliBoard fork)	2026-09-30T15:49:24.1046867Z C/C++:   320 |     __a.construct(__p, std::forward<_Args>(__args)...);
build	Build DaddyBoard (HeliBoard fork)	2026-09-30T15:49:24.1060133Z C/C++:       |         ^
build	Build DaddyBoard (HeliBoard fork)	2026-09-30T15:49:24.1117551Z C/C++: /usr/local/lib/android/sdk/ndk/28.0.13004108/toolchains/llvm/prebuilt/linux-x86_64/sysroot/usr/include/c++/v1/__memory/uninitialized_algorithms.h:639:33: note: in instantiation of function template specialization 'std::allocator_traits<std::allocator<latinime::LanguageModelDictContent::DumppedFullEntryInfo>>::construct<latinime::LanguageModelDictContent::DumppedFullEntryInfo, latinime::LanguageModelDictContent::DumppedFullEntryInfo, 0>' requested here
build	Build DaddyBoard (HeliBoard fork)	2026-09-30T15:49:24.1185582Z C/C++:   639 |       allocator_traits<_Alloc>::construct(__alloc, __result, std::move(*__iter));
build	Build DaddyBoard (HeliBoard fork)	2026-09-30T15:49:24.1224968Z C/C++:       |                                 ^
build	Build DaddyBoard (HeliBoard fork)	2026-09-30T15:49:24.1263099Z C/C++: /usr/local/lib/android/sdk/ndk/28.0.13004108/toolchains/llvm/prebuilt/linux-x86_64/sysroot/usr/include/c++/v1/vector:1511:3: note: in instantiation of member function 'std::vector<latinime::LanguageModelDictContent::DumppedFullEntryInfo>::__swap_out_circular_buffer' requested here
build	Build DaddyBoard (HeliBoard fork)	2026-09-30T15:49:24.1284956Z C/C++:  1511 |   __swap_out_circular_buffer(__v);
build	Build DaddyBoard (HeliBoard fork)	2026-09-30T15:49:24.1324932Z C/C++:       |   ^
build	Build DaddyBoard (HeliBoard fork)	2026-09-30T15:49:24.1356960Z C/C++: /usr/local/lib/android/sdk/ndk/28.0.13004108/toolchains/llvm/prebuilt/linux-x86_64/sysroot/usr/include/c++/v1/vector:1529:13: note: in instantiation of function template specialization 'std::vector<latinime::LanguageModelDictContent::DumppedFullEntryInfo>::__emplace_back_slow_path<std::vector<int> &, const int &, const WordAttributes &, const latinime::ProbabilityEntry &>' requested here
build	Build DaddyBoard (HeliBoard fork)	2026-09-30T15:49:24.1405349Z C/C++:  1529 |     __end = __emplace_back_slow_path(std::forward<_Args>(__args)...);
build	Build DaddyBoard (HeliBoard fork)	2026-09-30T15:49:24.1463460Z C/C++:       |             ^
build	Build DaddyBoard (HeliBoard fork)	2026-09-30T15:49:24.1487538Z C/C++: /home/runner/work/daddyboard/daddyboard/daddyboard-main/app/src/main/jni/src/dictionary/structure/v4/content/language_model_dict_content.cpp:186:38: note: in instantiation of function template specialization 'std::vector<latinime::LanguageModelDictContent::DumppedFullEntryInfo>::emplace_back<std::vector<int> &, const int &, const WordAttributes &, const latinime::ProbabilityEntry &>' requested here
build	Build DaddyBoard (HeliBoard fork)	2026-09-30T15:49:24.1535220Z C/C++:   186 |             outBummpedFullEntryInfo->emplace_back(*prevWordIds, wordId,
build	Build DaddyBoard (HeliBoard fork)	2026-09-30T15:49:24.1564237Z C/C++:       |                                      ^
build	Build DaddyBoard (HeliBoard fork)	2026-09-30T15:49:24.4725643Z C/C++: 6 warnings generated.
build	Build DaddyBoard (HeliBoard fork)	2026-09-30T15:49:28.2695209Z C/C++: /home/runner/work/daddyboard/daddyboard/daddyboard-main/app/src/main/jni/src/dictionary/structure/v4/content/terminal_position_lookup_table.cpp:74:9: warning: variable 'removedEntryCount' set but not used [-Wunused-but-set-variable]
build	Build DaddyBoard (HeliBoard fork)	2026-09-30T15:49:28.2735536Z C/C++:    74 |     int removedEntryCount = 0;
build	Build DaddyBoard (HeliBoard fork)	2026-09-30T15:49:28.2736450Z C/C++:       |         ^
build	Build DaddyBoard (HeliBoard fork)	2026-09-30T15:49:28.4695322Z C/C++: 1 warning generated.
build	Build DaddyBoard (HeliBoard fork)	2026-09-30T15:49:29.9695944Z C/C++: In file included from /home/runner/work/daddyboard/daddyboard/daddyboard-main/app/src/main/jni/src/dictionary/utils/dict_file_writing_utils.cpp:25:
build	Build DaddyBoard (HeliBoard fork)	2026-09-30T15:49:29.9755987Z C/C++: In file included from /home/runner/work/daddyboard/daddyboard/daddyboard-main/app/src/main/jni/src/dictionary/header/header_policy.h:25:
build	Build DaddyBoard (HeliBoard fork)	2026-09-30T15:49:29.9786716Z C/C++: /home/runner/work/daddyboard/daddyboard/daddyboard-main/app/src/main/jni/src/dictionary/utils/entry_counters.h:44:5: warning: definition of implicit copy constructor for 'EntryCounts' is deprecated because it has a user-declared copy assignment operator [-Wdeprecated-copy]
build	Build DaddyBoard (HeliBoard fork)	2026-09-30T15:49:29.9845220Z C/C++:    44 |     DISALLOW_ASSIGNMENT_OPERATOR(EntryCounts);
build	Build DaddyBoard (HeliBoard fork)	2026-09-30T15:49:29.9875186Z C/C++:       |     ^
build	Build DaddyBoard (HeliBoard fork)	2026-09-30T15:49:29.9906034Z C/C++: /home/runner/work/daddyboard/daddyboard/daddyboard-main/app/src/main/jni/src/defines.h:289:8: note: expanded from macro 'DISALLOW_ASSIGNMENT_OPERATOR'
build	Build DaddyBoard (HeliBoard fork)	2026-09-30T15:49:29.9965261Z C/C++:   289 |   void operator=(const TypeName&) = delete
build	Build DaddyBoard (HeliBoard fork)	2026-09-30T15:49:29.9995065Z C/C++:       |        ^
build	Build DaddyBoard (HeliBoard fork)	2026-09-30T15:49:30.0026062Z C/C++: /home/runner/work/daddyboard/daddyboard/daddyboard-main/app/src/main/jni/src/dictionary/header/header_policy.h:92:15: note: in implicit copy constructor for 'latinime::EntryCounts' first required here
build	Build DaddyBoard (HeliBoard fork)	2026-09-30T15:49:30.0055112Z C/C++:    92 |               mNgramCounts(headerPolicy->mNgramCounts),
build	Build DaddyBoard (HeliBoard fork)	2026-09-30T15:49:30.0115111Z C/C++:       |               ^
build	Build DaddyBoard (HeliBoard fork)	2026-09-30T15:49:30.0136183Z C/C++: In file included from /home/runner/work/daddyboard/daddyboard/daddyboard-main/app/src/main/jni/src/dictionary/utils/dict_file_writing_utils.cpp:26:
build	Build DaddyBoard (HeliBoard fork)	2026-09-30T15:49:30.0175869Z C/C++: In file included from /home/runner/work/daddyboard/daddyboard/daddyboard-main/app/src/main/jni/src/dictionary/structure/backward/v402/ver4_dict_buffers.h:31:
build	Build DaddyBoard (HeliBoard fork)	2026-09-30T15:49:30.0205777Z C/C++: In file included from /home/runner/work/daddyboard/daddyboard/daddyboard-main/app/src/main/jni/src/dictionary/structure/backward/v402/content/bigram_dict_content.h:28:
build	Build DaddyBoard (HeliBoard fork)	2026-09-30T15:49:30.0235850Z C/C++: In file included from /home/runner/work/daddyboard/daddyboard/daddyboard-main/app/src/main/jni/src/dictionary/structure/backward/v402/content/bigram_entry.h:28:
build	Build DaddyBoard (HeliBoard fork)	2026-09-30T15:49:30.0256277Z C/C++: /home/runner/work/daddyboard/daddyboard/daddyboard-main/app/src/main/jni/src/dictionary/property/historical_info.h:52:5: warning: definition of implicit copy constructor for 'HistoricalInfo' is deprecated because it has a user-declared copy assignment operator [-Wdeprecated-copy]
build	Build DaddyBoard (HeliBoard fork)	2026-09-30T15:49:30.0285050Z C/C++:    52 |     DISALLOW_ASSIGNMENT_OPERATOR(HistoricalInfo);
build	Build DaddyBoard (HeliBoard fork)	2026-09-30T15:49:30.0305019Z C/C++:       |     ^
build	Build DaddyBoard (HeliBoard fork)	2026-09-30T15:49:30.0335632Z C/C++: /home/runner/work/daddyboard/daddyboard/daddyboard-main/app/src/main/jni/src/defines.h:289:8: note: expanded from macro 'DISALLOW_ASSIGNMENT_OPERATOR'
build	Build DaddyBoard (HeliBoard fork)	2026-09-30T15:49:30.0365027Z C/C++:   289 |   void operator=(const TypeName&) = delete
build	Build DaddyBoard (HeliBoard fork)	2026-09-30T15:49:30.0394965Z C/C++:       |        ^
build	Build DaddyBoard (HeliBoard fork)	2026-09-30T15:49:30.0426149Z C/C++: /home/runner/work/daddyboard/daddyboard/daddyboard-main/app/src/main/jni/src/dictionary/structure/backward/v402/content/bigram_entry.h:49:61: note: in implicit copy constructor for 'latinime::HistoricalInfo' first required here
build	Build DaddyBoard (HeliBoard fork)	2026-09-30T15:49:30.0455288Z C/C++:    49 |             : mHasNext(hasNext), mProbability(probability), mHistoricalInfo(*historicalInfo),
build	Build DaddyBoard (HeliBoard fork)	2026-09-30T15:49:30.0485075Z C/C++:       |                                                             ^
build	Build DaddyBoard (HeliBoard fork)	2026-09-30T15:49:30.0695865Z C/C++: In file included from /home/runner/work/daddyboard/daddyboard/daddyboard-main/app/src/main/jni/src/dictionary/utils/dict_file_writing_utils.cpp:28:
build	Build DaddyBoard (HeliBoard fork)	2026-09-30T15:49:30.0725934Z C/C++: In file included from /home/runner/work/daddyboard/daddyboard/daddyboard-main/app/src/main/jni/src/dictionary/structure/v4/ver4_dict_buffers.h:25:
build	Build DaddyBoard (HeliBoard fork)	2026-09-30T15:49:30.0743176Z C/C++: In file included from /home/runner/work/daddyboard/daddyboard/daddyboard-main/app/src/main/jni/src/dictionary/structure/v4/content/language_model_dict_content.h:30:
build	Build DaddyBoard (HeliBoard fork)	2026-09-30T15:49:30.0756828Z C/C++: /home/runner/work/daddyboard/daddyboard/daddyboard-main/app/src/main/jni/src/dictionary/utils/trie_map.h:129:9: warning: definition of implicit copy constructor for 'TrieMapIterator' is deprecated because it has a user-declared copy assignment operator [-Wdeprecated-copy]
build	Build DaddyBoard (HeliBoard fork)	2026-09-30T15:49:30.0785194Z C/C++:   129 |         DISALLOW_ASSIGNMENT_OPERATOR(TrieMapIterator);
build	Build DaddyBoard (HeliBoard fork)	2026-09-30T15:49:30.0814942Z C/C++:       |         ^
build	Build DaddyBoard (HeliBoard fork)	2026-09-30T15:49:30.0835822Z C/C++: /home/runner/work/daddyboard/daddyboard/daddyboard-main/app/src/main/jni/src/defines.h:289:8: note: expanded from macro 'DISALLOW_ASSIGNMENT_OPERATOR'
build	Build DaddyBoard (HeliBoard fork)	2026-09-30T15:49:30.0895184Z C/C++:   289 |   void operator=(const TypeName&) = delete
build	Build DaddyBoard (HeliBoard fork)	2026-09-30T15:49:30.0933010Z C/C++:       |        ^
build	Build DaddyBoard (HeliBoard fork)	2026-09-30T15:49:30.0986390Z C/C++: /home/runner/work/daddyboard/daddyboard/daddyboard-main/app/src/main/jni/src/dictionary/structure/v4/content/language_model_dict_content.h:67:19: note: in implicit copy constructor for 'latinime::TrieMap::TrieMapIterator' first required here
build	Build DaddyBoard (HeliBoard fork)	2026-09-30T15:49:30.1015383Z C/C++:    67 |                 : mTrieMapIterator(trieMapIterator), mHasHistoricalInfo(hasHistoricalInfo) {}
build	Build DaddyBoard (HeliBoard fork)	2026-09-30T15:49:30.1038456Z C/C++:       |                   ^
build	Build DaddyBoard (HeliBoard fork)	2026-09-30T15:49:30.1055816Z C/C++: In file included from /home/runner/work/daddyboard/daddyboard/daddyboard-main/app/src/main/jni/src/dictionary/utils/dict_file_writing_utils.cpp:28:
build	Build DaddyBoard (HeliBoard fork)	2026-09-30T15:49:30.1075619Z C/C++: In file included from /home/runner/work/daddyboard/daddyboard/daddyboard-main/app/src/main/jni/src/dictionary/structure/v4/ver4_dict_buffers.h:25:
build	Build DaddyBoard (HeliBoard fork)	2026-09-30T15:49:30.1095817Z C/C++: In file included from /home/runner/work/daddyboard/daddyboard/daddyboard-main/app/src/main/jni/src/dictionary/structure/v4/content/language_model_dict_content.h:30:
build	Build DaddyBoard (HeliBoard fork)	2026-09-30T15:49:30.1126153Z C/C++: /home/runner/work/daddyboard/daddyboard/daddyboard-main/app/src/main/jni/src/dictionary/utils/trie_map.h:158:9: warning: definition of implicit copy constructor for 'TrieMapRange' is deprecated because it has a user-declared copy assignment operator [-Wdeprecated-copy]
build	Build DaddyBoard (HeliBoard fork)	2026-09-30T15:49:30.1165095Z C/C++:   158 |         DISALLOW_ASSIGNMENT_OPERATOR(TrieMapRange);
build	Build DaddyBoard (HeliBoard fork)	2026-09-30T15:49:30.1200337Z C/C++:       |         ^
build	Build DaddyBoard (HeliBoard fork)	2026-09-30T15:49:30.1241215Z C/C++: /home/runner/work/daddyboard/daddyboard/daddyboard-main/app/src/main/jni/src/defines.h:289:8: note: expanded from macro 'DISALLOW_ASSIGNMENT_OPERATOR'
build	Build DaddyBoard (HeliBoard fork)	2026-09-30T15:49:30.1255221Z C/C++:   289 |   void operator=(const TypeName&) = delete
build	Build DaddyBoard (HeliBoard fork)	2026-09-30T15:49:30.1264853Z C/C++:       |        ^
build	Build DaddyBoard (HeliBoard fork)	2026-09-30T15:49:30.1296043Z C/C++: /home/runner/work/daddyboard/daddyboard/daddyboard-main/app/src/main/jni/src/dictionary/structure/v4/content/language_model_dict_content.h:96:19: note: in implicit copy constructor for 'latinime::TrieMap::TrieMapRange' first required here
build	Build DaddyBoard (HeliBoard fork)	2026-09-30T15:49:30.1325297Z C/C++:    96 |                 : mTrieMapRange(trieMapRange), mHasHistoricalInfo(hasHistoricalInfo) {}
build	Build DaddyBoard (HeliBoard fork)	2026-09-30T15:49:30.1340743Z C/C++:       |                   ^
build	Build DaddyBoard (HeliBoard fork)	2026-09-30T15:49:30.1385822Z C/C++: In file included from /home/runner/work/daddyboard/daddyboard/daddyboard-main/app/src/main/jni/src/dictionary/utils/dict_file_writing_utils.cpp:28:
build	Build DaddyBoard (HeliBoard fork)	2026-09-30T15:49:30.1415724Z C/C++: In file included from /home/runner/work/daddyboard/daddyboard/daddyboard-main/app/src/main/jni/src/dictionary/structure/v4/ver4_dict_buffers.h:25:
build	Build DaddyBoard (HeliBoard fork)	2026-09-30T15:49:30.1449117Z C/C++: In file included from /home/runner/work/daddyboard/daddyboard/daddyboard-main/app/src/main/jni/src/dictionary/structure/v4/content/language_model_dict_content.h:24:
build	Build DaddyBoard (HeliBoard fork)	2026-09-30T15:49:30.1476519Z C/C++: /home/runner/work/daddyboard/daddyboard/daddyboard-main/app/src/main/jni/src/dictionary/property/word_attributes.h:59:5: warning: definition of implicit copy constructor for 'WordAttributes' is deprecated because it has a user-declared copy assignment operator [-Wdeprecated-copy]
build	Build DaddyBoard (HeliBoard fork)	2026-09-30T15:49:30.1495207Z C/C++:    59 |     DISALLOW_ASSIGNMENT_OPERATOR(WordAttributes);
build	Build DaddyBoard (HeliBoard fork)	2026-09-30T15:49:30.1524905Z C/C++:       |     ^
build	Build DaddyBoard (HeliBoard fork)	2026-09-30T15:49:30.1565583Z C/C++: /home/runner/work/daddyboard/daddyboard/daddyboard-main/app/src/main/jni/src/defines.h:289:8: note: expanded from macro 'DISALLOW_ASSIGNMENT_OPERATOR'
build	Build DaddyBoard (HeliBoard fork)	2026-09-30T15:49:30.1595114Z C/C++:   289 |   void operator=(const TypeName&) = delete
build	Build DaddyBoard (HeliBoard fork)	2026-09-30T15:49:30.1624950Z C/C++:       |        ^
build	Build DaddyBoard (HeliBoard fork)	2026-09-30T15:49:30.1650070Z C/C++: /home/runner/work/daddyboard/daddyboard/daddyboard-main/app/src/main/jni/src/dictionary/structure/v4/content/language_model_dict_content.h:119:19: note: in implicit copy constructor for 'WordAttributes' first required here
build	Build DaddyBoard (HeliBoard fork)	2026-09-30T15:49:30.1675205Z C/C++:   119 |                   mWordAttributes(wordAttributes), mProbabilityEntry(probabilityEntry) {}
build	Build DaddyBoard (HeliBoard fork)	2026-09-30T15:49:30.1724683Z C/C++:       |                   ^
build	Build DaddyBoard (HeliBoard fork)	2026-09-30T15:49:30.1726380Z C/C++: /home/runner/work/daddyboard/daddyboard/daddyboard-main/app/src/main/jni/src/dictionary/utils/dict_file_writing_utils.cpp:85:19: warning: variable length arrays in C++ are a Clang extension [-Wvla-cxx-extension]
build	Build DaddyBoard (HeliBoard fork)	2026-09-30T15:49:30.1764985Z C/C++:    85 |     char filePath[filePathBufSize];
build	Build DaddyBoard (HeliBoard fork)	2026-09-30T15:49:30.1794983Z C/C++:       |                   ^~~~~~~~~~~~~~~
build	Build DaddyBoard (HeliBoard fork)	2026-09-30T15:49:30.1825933Z C/C++: /home/runner/work/daddyboard/daddyboard/daddyboard-main/app/src/main/jni/src/dictionary/utils/dict_file_writing_utils.cpp:85:19: note: initializer of 'filePathBufSize' is not a constant expression
build	Build DaddyBoard (HeliBoard fork)	2026-09-30T15:49:30.1851438Z C/C++: /home/runner/work/daddyboard/daddyboard/daddyboard-main/app/src/main/jni/src/dictionary/utils/dict_file_writing_utils.cpp:84:15: note: declared here
build	Build DaddyBoard (HeliBoard fork)	2026-09-30T15:49:30.1875905Z C/C++:    84 |     const int filePathBufSize = FileUtils::getFilePathWithSuffixBufSize(basePath, suffix);
build	Build DaddyBoard (HeliBoard fork)	2026-09-30T15:49:30.1934983Z C/C++:       |               ^
build	Build DaddyBoard (HeliBoard fork)	2026-09-30T15:49:30.1936213Z C/C++: In file included from /home/runner/work/daddyboard/daddyboard/daddyboard-main/app/src/main/jni/src/dictionary/utils/dict_file_writing_utils.cpp:28:
build	Build DaddyBoard (HeliBoard fork)	2026-09-30T15:49:30.1975798Z C/C++: In file included from /home/runner/work/daddyboard/daddyboard/daddyboard-main/app/src/main/jni/src/dictionary/structure/v4/ver4_dict_buffers.h:25:
build	Build DaddyBoard (HeliBoard fork)	2026-09-30T15:49:30.1994692Z C/C++: In file included from /home/runner/work/daddyboard/daddyboard/daddyboard-main/app/src/main/jni/src/dictionary/structure/v4/content/language_model_dict_content.h:26:
build	Build DaddyBoard (HeliBoard fork)	2026-09-30T15:49:30.1996952Z C/C++: In file included from /home/runner/work/daddyboard/daddyboard/daddyboard-main/app/src/main/jni/src/dictionary/structure/v4/content/probability_entry.h:25:
build	Build DaddyBoard (HeliBoard fork)	2026-09-30T15:49:30.1999119Z C/C++: In file included from /home/runner/work/daddyboard/daddyboard/daddyboard-main/app/src/main/jni/src/dictionary/property/ngram_property.h:24:
build	Build DaddyBoard (HeliBoard fork)	2026-09-30T15:49:30.2000887Z C/C++: In file included from /home/runner/work/daddyboard/daddyboard/daddyboard-main/app/src/main/jni/src/dictionary/property/ngram_context.h:23:
build	Build DaddyBoard (HeliBoard fork)	2026-09-30T15:49:30.2003203Z C/C++: /home/runner/work/daddyboard/daddyboard/daddyboard-main/app/src/main/jni/src/utils/int_array_view.h:160:5: warning: definition of implicit copy constructor for 'IntArrayView' is deprecated because it has a user-declared copy assignment operator [-Wdeprecated-copy]
build	Build DaddyBoard (HeliBoard fork)	2026-09-30T15:49:30.2005271Z C/C++:   160 |     DISALLOW_ASSIGNMENT_OPERATOR(IntArrayView);
build	Build DaddyBoard (HeliBoard fork)	2026-09-30T15:49:30.2005636Z C/C++:       |     ^
build	Build DaddyBoard (HeliBoard fork)	2026-09-30T15:49:30.2006267Z C/C++: /home/runner/work/daddyboard/daddyboard/daddyboard-main/app/src/main/jni/src/defines.h:289:8: note: expanded from macro 'DISALLOW_ASSIGNMENT_OPERATOR'
build	Build DaddyBoard (HeliBoard fork)	2026-09-30T15:49:30.2032624Z C/C++:   289 |   void operator=(const TypeName&) = delete
build	Build DaddyBoard (HeliBoard fork)	2026-09-30T15:49:30.2055787Z C/C++:       |        ^
build	Build DaddyBoard (HeliBoard fork)	2026-09-30T15:49:30.2086083Z C/C++: /usr/local/lib/android/sdk/ndk/28.0.13004108/toolchains/llvm/prebuilt/linux-x86_64/sysroot/usr/include/c++/v1/__memory/allocator.h:173:24: note: in implicit copy constructor for 'latinime::IntArrayView' first required here
build	Build DaddyBoard (HeliBoard fork)	2026-09-30T15:49:30.2095009Z C/C++:   173 |     ::new ((void*)__p) _Up(std::forward<_Args>(__args)...);
build	Build DaddyBoard (HeliBoard fork)	2026-09-30T15:49:30.2115026Z C/C++:       |                        ^
build	Build DaddyBoard (HeliBoard fork)	2026-09-30T15:49:30.2146181Z C/C++: /usr/local/lib/android/sdk/ndk/28.0.13004108/toolchains/llvm/prebuilt/linux-x86_64/sysroot/usr/include/c++/v1/__memory/allocator_traits.h:320:9: note: in instantiation of function template specialization 'std::allocator<latinime::IntArrayView>::construct<latinime::IntArrayView, latinime::IntArrayView>' requested here
build	Build DaddyBoard (HeliBoard fork)	2026-09-30T15:49:30.2175108Z C/C++:   320 |     __a.construct(__p, std::forward<_Args>(__args)...);
build	Build DaddyBoard (HeliBoard fork)	2026-09-30T15:49:30.2184819Z C/C++:       |         ^
build	Build DaddyBoard (HeliBoard fork)	2026-09-30T15:49:30.2206968Z C/C++: /usr/local/lib/android/sdk/ndk/28.0.13004108/toolchains/llvm/prebuilt/linux-x86_64/sysroot/usr/include/c++/v1/__memory/uninitialized_algorithms.h:639:33: note: in instantiation of function template specialization 'std::allocator_traits<std::allocator<latinime::IntArrayView>>::construct<latinime::IntArrayView, latinime::IntArrayView, 0>' requested here
build	Build DaddyBoard (HeliBoard fork)	2026-09-30T15:49:30.2235211Z C/C++:   639 |       allocator_traits<_Alloc>::construct(__alloc, __result, std::move(*__iter));
build	Build DaddyBoard (HeliBoard fork)	2026-09-30T15:49:30.2265057Z C/C++:       |                                 ^
build	Build DaddyBoard (HeliBoard fork)	2026-09-30T15:49:30.2286055Z C/C++: /usr/local/lib/android/sdk/ndk/28.0.13004108/toolchains/llvm/prebuilt/linux-x86_64/sysroot/usr/include/c++/v1/vector:1511:3: note: in instantiation of member function 'std::vector<latinime::IntArrayView>::__swap_out_circular_buffer' requested here
build	Build DaddyBoard (HeliBoard fork)	2026-09-30T15:49:30.2295039Z C/C++:  1511 |   __swap_out_circular_buffer(__v);
build	Build DaddyBoard (HeliBoard fork)	2026-09-30T15:49:30.2324983Z C/C++:       |   ^
build	Build DaddyBoard (HeliBoard fork)	2026-09-30T15:49:30.2356770Z C/C++: /usr/local/lib/android/sdk/ndk/28.0.13004108/toolchains/llvm/prebuilt/linux-x86_64/sysroot/usr/include/c++/v1/vector:1529:13: note: in instantiation of function template specialization 'std::vector<latinime::IntArrayView>::__emplace_back_slow_path<const int *const &, const unsigned long &>' requested here
build	Build DaddyBoard (HeliBoard fork)	2026-09-30T15:49:30.2365047Z C/C++:  1529 |     __end = __emplace_back_slow_path(std::forward<_Args>(__args)...);
build	Build DaddyBoard (HeliBoard fork)	2026-09-30T15:49:30.2385241Z C/C++:       |             ^
build	Build DaddyBoard (HeliBoard fork)	2026-09-30T15:49:30.2416358Z C/C++: /home/runner/work/daddyboard/daddyboard/daddyboard-main/app/src/main/jni/src/utils/int_array_view.h:142:20: note: in instantiation of function template specialization 'std::vector<latinime::IntArrayView>::emplace_back<const int *const &, const unsigned long &>' requested here
build	Build DaddyBoard (HeliBoard fork)	2026-09-30T15:49:30.2437845Z C/C++:   142 |             result.emplace_back(mPtr, mSize);
build	Build DaddyBoard (HeliBoard fork)	2026-09-30T15:49:30.2439150Z C/C++:       |                    ^
build	Build DaddyBoard (HeliBoard fork)	2026-09-30T15:49:30.3695226Z C/C++: 7 warnings generated.
build	Build DaddyBoard (HeliBoard fork)	2026-09-30T15:49:30.4696258Z C/C++: /home/runner/work/daddyboard/daddyboard/daddyboard-main/app/src/main/jni/src/dictionary/utils/file_utils.cpp:75:23: warning: variable length arrays in C++ are a Clang extension [-Wvla-cxx-extension]
build	Build DaddyBoard (HeliBoard fork)	2026-09-30T15:49:30.4725792Z C/C++:    75 |         char filePath[filePathBufSize];
build	Build DaddyBoard (HeliBoard fork)	2026-09-30T15:49:30.4755416Z C/C++:       |                       ^~~~~~~~~~~~~~~
build	Build DaddyBoard (HeliBoard fork)	2026-09-30T15:49:30.4786111Z C/C++: /home/runner/work/daddyboard/daddyboard/daddyboard-main/app/src/main/jni/src/dictionary/utils/file_utils.cpp:75:23: note: initializer of 'filePathBufSize' is not a constant expression
build	Build DaddyBoard (HeliBoard fork)	2026-09-30T15:49:30.4788312Z C/C++: /home/runner/work/daddyboard/daddyboard/daddyboard-main/app/src/main/jni/src/dictionary/utils/file_utils.cpp:74:19: note: declared here
build	Build DaddyBoard (HeliBoard fork)	2026-09-30T15:49:30.4805796Z C/C++:    74 |         const int filePathBufSize = getFilePathBufSize(dirPath, dirent->d_name);
build	Build DaddyBoard (HeliBoard fork)	2026-09-30T15:49:30.4822410Z C/C++:       |                   ^
build	Build DaddyBoard (HeliBoard fork)	2026-09-30T15:49:30.4855396Z C/C++: /home/runner/work/daddyboard/daddyboard/daddyboard-main/app/src/main/jni/src/dictionary/utils/file_utils.cpp:159:22: warning: variable length arrays in C++ are a Clang extension [-Wvla-cxx-extension]
build	Build DaddyBoard (HeliBoard fork)	2026-09-30T15:49:30.4875008Z C/C++:   159 |     char filePathBuf[filePathBufSize];
build	Build DaddyBoard (HeliBoard fork)	2026-09-30T15:49:30.4895013Z C/C++:       |                      ^~~~~~~~~~~~~~~
build	Build DaddyBoard (HeliBoard fork)	2026-09-30T15:49:30.4927698Z C/C++: /home/runner/work/daddyboard/daddyboard/daddyboard-main/app/src/main/jni/src/dictionary/utils/file_utils.cpp:159:22: note: initializer of 'filePathBufSize' is not a constant expression
build	Build DaddyBoard (HeliBoard fork)	2026-09-30T15:49:30.4938799Z C/C++: /home/runner/work/daddyboard/daddyboard/daddyboard-main/app/src/main/jni/src/dictionary/utils/file_utils.cpp:158:15: note: declared here
build	Build DaddyBoard (HeliBoard fork)	2026-09-30T15:49:30.4965127Z C/C++:   158 |     const int filePathBufSize = strlen(filePath) + 1 /* terminator */;
build	Build DaddyBoard (HeliBoard fork)	2026-09-30T15:49:30.5005137Z C/C++:       |               ^
build	Build DaddyBoard (HeliBoard fork)	2026-09-30T15:49:30.5027641Z C/C++: 2 warnings generated.
build	Build DaddyBoard (HeliBoard fork)	2026-09-30T15:49:31.1736251Z C/C++: In file included from /home/runner/work/daddyboard/daddyboard/daddyboard-main/app/src/main/jni/src/dictionary/utils/forgetting_curve_utils.cpp:17:
build	Build DaddyBoard (HeliBoard fork)	2026-09-30T15:49:31.1751892Z C/C++: In file included from /home/runner/work/daddyboard/daddyboard/daddyboard-main/app/src/main/jni/src/dictionary/utils/forgetting_curve_utils.h:24:
build	Build DaddyBoard (HeliBoard fork)	2026-09-30T15:49:31.1796337Z C/C++: /home/runner/work/daddyboard/daddyboard/daddyboard-main/app/src/main/jni/src/dictionary/utils/entry_counters.h:44:5: warning: definition of implicit copy constructor for 'EntryCounts' is deprecated because it has a user-declared copy assignment operator [-Wdeprecated-copy]
build	Build DaddyBoard (HeliBoard fork)	2026-09-30T15:49:31.1825123Z C/C++:    44 |     DISALLOW_ASSIGNMENT_OPERATOR(EntryCounts);
build	Build DaddyBoard (HeliBoard fork)	2026-09-30T15:49:31.1854965Z C/C++:       |     ^
build	Build DaddyBoard (HeliBoard fork)	2026-09-30T15:49:31.1863543Z C/C++: /home/runner/work/daddyboard/daddyboard/daddyboard-main/app/src/main/jni/src/defines.h:289:8: note: expanded from macro 'DISALLOW_ASSIGNMENT_OPERATOR'
build	Build DaddyBoard (HeliBoard fork)	2026-09-30T15:49:31.1895188Z C/C++:   289 |   void operator=(const TypeName&) = delete
build	Build DaddyBoard (HeliBoard fork)	2026-09-30T15:49:31.1912608Z C/C++:       |        ^
build	Build DaddyBoard (HeliBoard fork)	2026-09-30T15:49:31.1935885Z C/C++: /home/runner/work/daddyboard/daddyboard/daddyboard-main/app/src/main/jni/src/dictionary/header/header_policy.h:92:15: note: in implicit copy constructor for 'latinime::EntryCounts' first required here
build	Build DaddyBoard (HeliBoard fork)	2026-09-30T15:49:31.1955235Z C/C++:    92 |               mNgramCounts(headerPolicy->mNgramCounts),
build	Build DaddyBoard (HeliBoard fork)	2026-09-30T15:49:31.1994985Z C/C++:       |               ^
build	Build DaddyBoard (HeliBoard fork)	2026-09-30T15:49:31.2025644Z C/C++: In file included from /home/runner/work/daddyboard/daddyboard/daddyboard-main/app/src/main/jni/src/dictionary/utils/forgetting_curve_utils.cpp:17:
build	Build DaddyBoard (HeliBoard fork)	2026-09-30T15:49:31.2065517Z C/C++: In file included from /home/runner/work/daddyboard/daddyboard/daddyboard-main/app/src/main/jni/src/dictionary/utils/forgetting_curve_utils.h:23:
build	Build DaddyBoard (HeliBoard fork)	2026-09-30T15:49:31.2088209Z C/C++: /home/runner/work/daddyboard/daddyboard/daddyboard-main/app/src/main/jni/src/dictionary/property/historical_info.h:52:5: warning: definition of implicit copy constructor for 'HistoricalInfo' is deprecated because it has a user-declared copy assignment operator [-Wdeprecated-copy]
build	Build DaddyBoard (HeliBoard fork)	2026-09-30T15:49:31.2125064Z C/C++:    52 |     DISALLOW_ASSIGNMENT_OPERATOR(HistoricalInfo);
build	Build DaddyBoard (HeliBoard fork)	2026-09-30T15:49:31.2145022Z C/C++:       |     ^
build	Build DaddyBoard (HeliBoard fork)	2026-09-30T15:49:31.2175747Z C/C++: /home/runner/work/daddyboard/daddyboard/daddyboard-main/app/src/main/jni/src/defines.h:289:8: note: expanded from macro 'DISALLOW_ASSIGNMENT_OPERATOR'
build	Build DaddyBoard (HeliBoard fork)	2026-09-30T15:49:31.2184973Z C/C++:   289 |   void operator=(const TypeName&) = delete
build	Build DaddyBoard (HeliBoard fork)	2026-09-30T15:49:31.2205003Z C/C++:       |        ^
build	Build DaddyBoard (HeliBoard fork)	2026-09-30T15:49:31.2236140Z C/C++: /home/runner/work/daddyboard/daddyboard/daddyboard-main/app/src/main/jni/src/dictionary/utils/forgetting_curve_utils.cpp:115:16: note: in implicit copy constructor for 'latinime::HistoricalInfo' first required here
build	Build DaddyBoard (HeliBoard fork)	2026-09-30T15:49:31.2265039Z C/C++:   115 |         return *originalHistoricalInfo;
build	Build DaddyBoard (HeliBoard fork)	2026-09-30T15:49:31.2275001Z C/C++:       |                ^
build	Build DaddyBoard (HeliBoard fork)	2026-09-30T15:49:31.4695215Z C/C++: 2 warnings generated.
build	Build DaddyBoard (HeliBoard fork)	2026-09-30T15:49:31.7704697Z 
build	Build DaddyBoard (HeliBoard fork)	2026-09-30T15:49:31.7764172Z > Task :app:compileDebugKotlin
build	Build DaddyBoard (HeliBoard fork)	2026-09-30T15:49:50.2695510Z e: file:///home/runner/work/daddyboard/daddyboard/daddyboard-main/app/src/main/java/helium314/keyboard/latin/gif/GifSearcher.kt:35:60 Argument type mismatch: actual type is 'Float', but 'Int' was expected.
build	Build DaddyBoard (HeliBoard fork)	2026-09-30T15:49:50.2697013Z 
build	Build DaddyBoard (HeliBoard fork)	2026-09-30T15:49:50.2698516Z e: file:///home/runner/work/daddyboard/daddyboard/daddyboard-main/app/src/main/java/helium314/keyboard/latin/gif/GifSearcher.kt:35:73 Argument type mismatch: actual type is 'String', but 'Int' was expected.
build	Build DaddyBoard (HeliBoard fork)	2026-09-30T15:49:50.2715498Z > Task :app:compileDebugKotlin FAILED
build	Build DaddyBoard (HeliBoard fork)	2026-09-30T15:49:50.2725883Z 
build	Build DaddyBoard (HeliBoard fork)	2026-09-30T15:49:50.2735895Z > Task :app:buildNdkBuildDebug[arm64-v8a]
build	Build DaddyBoard (HeliBoard fork)	2026-09-30T15:49:50.2737322Z C/C++: In file included from /home/runner/work/daddyboard/daddyboard/daddyboard-main/app/src/main/jni/src/dictionary/utils/multi_bigram_map.cpp:17:
build	Build DaddyBoard (HeliBoard fork)	2026-09-30T15:49:50.2739633Z C/C++: In file included from /home/runner/work/daddyboard/daddyboard/daddyboard-main/app/src/main/jni/src/dictionary/utils/multi_bigram_map.h:24:
build	Build DaddyBoard (HeliBoard fork)	2026-09-30T15:49:50.2741953Z C/C++: In file included from /home/runner/work/daddyboard/daddyboard/daddyboard-main/app/src/main/jni/src/dictionary/interface/dictionary_structure_with_buffer_policy.h:23:
build	Build DaddyBoard (HeliBoard fork)	2026-09-30T15:49:50.2745451Z C/C++: /home/runner/work/daddyboard/daddyboard/daddyboard-main/app/src/main/jni/src/dictionary/property/historical_info.h:52:5: warning: definition of implicit copy constructor for 'HistoricalInfo' is deprecated because it has a user-declared copy assignment operator [-Wdeprecated-copy]
build	Build DaddyBoard (HeliBoard fork)	2026-09-30T15:49:50.2748098Z C/C++:    52 |     DISALLOW_ASSIGNMENT_OPERATOR(HistoricalInfo);
build	Build DaddyBoard (HeliBoard fork)	2026-09-30T15:49:50.2748868Z C/C++:       |     ^
build	Build DaddyBoard (HeliBoard fork)	2026-09-30T15:49:50.2750229Z C/C++: /home/runner/work/daddyboard/daddyboard/daddyboard-main/app/src/main/jni/src/defines.h:289:8: note: expanded from macro 'DISALLOW_ASSIGNMENT_OPERATOR'
build	Build DaddyBoard (HeliBoard fork)	2026-09-30T15:49:50.2751706Z C/C++:   289 |   void operator=(const TypeName&) = delete
build	Build DaddyBoard (HeliBoard fork)	2026-09-30T15:49:50.2752421Z C/C++:       |        ^
build	Build DaddyBoard (HeliBoard fork)	2026-09-30T15:49:50.2754286Z C/C++: /home/runner/work/daddyboard/daddyboard/daddyboard-main/app/src/main/jni/src/dictionary/property/ngram_property.h:33:42: note: in implicit copy constructor for 'latinime::HistoricalInfo' first required here
build	Build DaddyBoard (HeliBoard fork)	2026-09-30T15:49:50.2756615Z C/C++:    33 |               mProbability(probability), mHistoricalInfo(historicalInfo) {}
build	Build DaddyBoard (HeliBoard fork)	2026-09-30T15:49:50.2757474Z C/C++:       |                                          ^
build	Build DaddyBoard (HeliBoard fork)	2026-09-30T15:49:50.2758789Z C/C++: In file included from /home/runner/work/daddyboard/daddyboard/daddyboard-main/app/src/main/jni/src/dictionary/utils/multi_bigram_map.cpp:17:
build	Build DaddyBoard (HeliBoard fork)	2026-09-30T15:49:50.2760661Z C/C++: In file included from /home/runner/work/daddyboard/daddyboard/daddyboard-main/app/src/main/jni/src/dictionary/utils/multi_bigram_map.h:24:
build	Build DaddyBoard (HeliBoard fork)	2026-09-30T15:49:50.2763184Z C/C++: In file included from /home/runner/work/daddyboard/daddyboard/daddyboard-main/app/src/main/jni/src/dictionary/interface/dictionary_structure_with_buffer_policy.h:25:
build	Build DaddyBoard (HeliBoard fork)	2026-09-30T15:49:50.2765370Z C/C++: In file included from /home/runner/work/daddyboard/daddyboard/daddyboard-main/app/src/main/jni/src/dictionary/property/word_property.h:24:
build	Build DaddyBoard (HeliBoard fork)	2026-09-30T15:49:50.2768117Z C/C++: /home/runner/work/daddyboard/daddyboard/daddyboard-main/app/src/main/jni/src/dictionary/property/unigram_property.h:126:5: warning: definition of implicit copy constructor for 'UnigramProperty' is deprecated because it has a user-declared copy assignment operator [-Wdeprecated-copy]
build	Build DaddyBoard (HeliBoard fork)	2026-09-30T15:49:50.2770439Z C/C++:   126 |     DISALLOW_ASSIGNMENT_OPERATOR(UnigramProperty);
build	Build DaddyBoard (HeliBoard fork)	2026-09-30T15:49:50.2771124Z C/C++:       |     ^
build	Build DaddyBoard (HeliBoard fork)	2026-09-30T15:49:50.2772315Z C/C++: /home/runner/work/daddyboard/daddyboard/daddyboard-main/app/src/main/jni/src/defines.h:289:8: note: expanded from macro 'DISALLOW_ASSIGNMENT_OPERATOR'
build	Build DaddyBoard (HeliBoard fork)	2026-09-30T15:49:50.2773718Z C/C++:   289 |   void operator=(const TypeName&) = delete
build	Build DaddyBoard (HeliBoard fork)	2026-09-30T15:49:50.2774538Z C/C++:       |        ^
build	Build DaddyBoard (HeliBoard fork)	2026-09-30T15:49:50.2776099Z C/C++: /home/runner/work/daddyboard/daddyboard/daddyboard-main/app/src/main/jni/src/dictionary/property/word_property.h:38:51: note: in implicit copy constructor for 'latinime::UnigramProperty' first required here
build	Build DaddyBoard (HeliBoard fork)	2026-09-30T15:49:50.2777930Z C/C++:    38 |             : mCodePoints(std::move(codePoints)), mUnigramProperty(unigramProperty),
build	Build DaddyBoard (HeliBoard fork)	2026-09-30T15:49:50.2778913Z C/C++:       |                                                   ^
build	Build DaddyBoard (HeliBoard fork)	2026-09-30T15:49:50.2780190Z C/C++: In file included from /home/runner/work/daddyboard/daddyboard/daddyboard-main/app/src/main/jni/src/dictionary/utils/multi_bigram_map.cpp:17:
build	Build DaddyBoard (HeliBoard fork)	2026-09-30T15:49:50.2782415Z C/C++: In file included from /home/runner/work/daddyboard/daddyboard/daddyboard-main/app/src/main/jni/src/dictionary/utils/multi_bigram_map.h:27:
build	Build DaddyBoard (HeliBoard fork)	2026-09-30T15:49:50.2785141Z C/C++: /home/runner/work/daddyboard/daddyboard/daddyboard-main/app/src/main/jni/src/dictionary/utils/bloom_filter.h:47:5: warning: definition of implicit copy constructor for 'BloomFilter' is deprecated because it has a user-declared copy assignment operator [-Wdeprecated-copy]
build	Build DaddyBoard (HeliBoard fork)	2026-09-30T15:49:50.2787286Z C/C++:    47 |     DISALLOW_ASSIGNMENT_OPERATOR(BloomFilter);
build	Build DaddyBoard (HeliBoard fork)	2026-09-30T15:49:50.2787996Z C/C++:       |     ^
build	Build DaddyBoard (HeliBoard fork)	2026-09-30T15:49:50.2789181Z C/C++: /home/runner/work/daddyboard/daddyboard/daddyboard-main/app/src/main/jni/src/defines.h:289:8: note: expanded from macro 'DISALLOW_ASSIGNMENT_OPERATOR'
build	Build DaddyBoard (HeliBoard fork)	2026-09-30T15:49:50.2790358Z C/C++:   289 |   void operator=(const TypeName&) = delete
build	Build DaddyBoard (HeliBoard fork)	2026-09-30T15:49:50.2790953Z C/C++:       |        ^
build	Build DaddyBoard (HeliBoard fork)	2026-09-30T15:49:50.2792468Z C/C++: /home/runner/work/daddyboard/daddyboard/daddyboard-main/app/src/main/jni/src/dictionary/utils/multi_bigram_map.h:57:53: note: in implicit copy constructor for 'latinime::BloomFilter' first required here
build	Build DaddyBoard (HeliBoard fork)	2026-09-30T15:49:50.2796752Z C/C++:    57 |                 : mBigramMap(bigramMap.mBigramMap), mBloomFilter(bigramMap.mBloomFilter) {}
build	Build DaddyBoard (HeliBoard fork)	2026-09-30T15:49:50.2797801Z C/C++:       |                                                     ^
build	Build DaddyBoard (HeliBoard fork)	2026-09-30T15:49:50.2799036Z C/C++: In file included from /home/runner/work/daddyboard/daddyboard/daddyboard-main/app/src/main/jni/src/dictionary/utils/multi_bigram_map.cpp:17:
build	Build DaddyBoard (HeliBoard fork)	2026-09-30T15:49:50.2800820Z C/C++: In file included from /home/runner/work/daddyboard/daddyboard/daddyboard-main/app/src/main/jni/src/dictionary/utils/multi_bigram_map.h:24:
build	Build DaddyBoard (HeliBoard fork)	2026-09-30T15:49:50.2802775Z C/C++: In file included from /home/runner/work/daddyboard/daddyboard/daddyboard-main/app/src/main/jni/src/dictionary/interface/dictionary_structure_with_buffer_policy.h:25:
build	Build DaddyBoard (HeliBoard fork)	2026-09-30T15:49:50.2804934Z C/C++: In file included from /home/runner/work/daddyboard/daddyboard/daddyboard-main/app/src/main/jni/src/dictionary/property/word_property.h:23:
build	Build DaddyBoard (HeliBoard fork)	2026-09-30T15:49:50.2806777Z C/C++: In file included from /home/runner/work/daddyboard/daddyboard/daddyboard-main/app/src/main/jni/src/dictionary/property/ngram_property.h:24:
build	Build DaddyBoard (HeliBoard fork)	2026-09-30T15:49:50.2808868Z C/C++: In file included from /home/runner/work/daddyboard/daddyboard/daddyboard-main/app/src/main/jni/src/dictionary/property/ngram_context.h:23:
build	Build DaddyBoard (HeliBoard fork)	2026-09-30T15:49:50.2811419Z C/C++: /home/runner/work/daddyboard/daddyboard/daddyboard-main/app/src/main/jni/src/utils/int_array_view.h:160:5: warning: definition of implicit copy constructor for 'IntArrayView' is deprecated because it has a user-declared copy assignment operator [-Wdeprecated-copy]
build	Build DaddyBoard (HeliBoard fork)	2026-09-30T15:49:50.2813490Z C/C++:   160 |     DISALLOW_ASSIGNMENT_OPERATOR(IntArrayView);
build	Build DaddyBoard (HeliBoard fork)	2026-09-30T15:49:50.2814146Z C/C++:       |     ^
build	Build DaddyBoard (HeliBoard fork)	2026-09-30T15:49:50.2815456Z C/C++: /home/runner/work/daddyboard/daddyboard/daddyboard-main/app/src/main/jni/src/defines.h:289:8: note: expanded from macro 'DISALLOW_ASSIGNMENT_OPERATOR'
build	Build DaddyBoard (HeliBoard fork)	2026-09-30T15:49:50.2816775Z C/C++:   289 |   void operator=(const TypeName&) = delete
build	Build DaddyBoard (HeliBoard fork)	2026-09-30T15:49:50.2817418Z C/C++:       |        ^
build	Build DaddyBoard (HeliBoard fork)	2026-09-30T15:49:50.2818986Z C/C++: /home/runner/work/daddyboard/daddyboard/daddyboard-main/app/src/main/jni/src/dictionary/utils/multi_bigram_map.cpp:49:44: note: in implicit copy constructor for 'latinime::IntArrayView' first required here
build	Build DaddyBoard (HeliBoard fork)	2026-09-30T15:49:50.2820741Z C/C++:    49 |         addBigramsForWord(structurePolicy, prevWordIds);
build	Build DaddyBoard (HeliBoard fork)	2026-09-30T15:49:50.2821439Z C/C++:       |                                            ^
build	Build DaddyBoard (HeliBoard fork)	2026-09-30T15:49:50.2822532Z C/C++: In file included from /home/runner/work/daddyboard/daddyboard/daddyboard-main/app/src/main/jni/src/dictionary/utils/multi_bigram_map.cpp:17:
build	Build DaddyBoard (HeliBoard fork)	2026-09-30T15:49:50.2824164Z C/C++: In file included from /home/runner/work/daddyboard/daddyboard/daddyboard-main/app/src/main/jni/src/dictionary/utils/multi_bigram_map.h:24:
build	Build DaddyBoard (HeliBoard fork)	2026-09-30T15:49:50.2826182Z C/C++: In file included from /home/runner/work/daddyboard/daddyboard/daddyboard-main/app/src/main/jni/src/dictionary/interface/dictionary_structure_with_buffer_policy.h:25:
build	Build DaddyBoard (HeliBoard fork)	2026-09-30T15:49:50.2827906Z C/C++: In file included from /home/runner/work/daddyboard/daddyboard/daddyboard-main/app/src/main/jni/src/dictionary/property/word_property.h:23:
build	Build DaddyBoard (HeliBoard fork)	2026-09-30T15:49:50.2830003Z C/C++: /home/runner/work/daddyboard/daddyboard/daddyboard-main/app/src/main/jni/src/dictionary/property/ngram_property.h:54:5: warning: definition of implicit copy constructor for 'NgramProperty' is deprecated because it has a user-declared copy assignment operator [-Wdeprecated-copy]
build	Build DaddyBoard (HeliBoard fork)	2026-09-30T15:49:50.2831817Z C/C++:    54 |     DISALLOW_ASSIGNMENT_OPERATOR(NgramProperty);
build	Build DaddyBoard (HeliBoard fork)	2026-09-30T15:49:50.2832365Z C/C++:       |     ^
build	Build DaddyBoard (HeliBoard fork)	2026-09-30T15:49:50.2833441Z C/C++: /home/runner/work/daddyboard/daddyboard/daddyboard-main/app/src/main/jni/src/defines.h:289:8: note: expanded from macro 'DISALLOW_ASSIGNMENT_OPERATOR'
build	Build DaddyBoard (HeliBoard fork)	2026-09-30T15:49:50.2834766Z C/C++:   289 |   void operator=(const TypeName&) = delete
build	Build DaddyBoard (HeliBoard fork)	2026-09-30T15:49:50.2835289Z C/C++:       |        ^
build	Build DaddyBoard (HeliBoard fork)	2026-09-30T15:49:50.2836702Z C/C++: /usr/local/lib/android/sdk/ndk/28.0.13004108/toolchains/llvm/prebuilt/linux-x86_64/sysroot/usr/include/c++/v1/__memory/allocator.h:173:24: note: in implicit copy constructor for 'latinime::NgramProperty' first required here
build	Build DaddyBoard (HeliBoard fork)	2026-09-30T15:49:50.2838330Z C/C++:   173 |     ::new ((void*)__p) _Up(std::forward<_Args>(__args)...);
build	Build DaddyBoard (HeliBoard fork)	2026-09-30T15:49:50.2838829Z C/C++:       |                        ^
build	Build DaddyBoard (HeliBoard fork)	2026-09-30T15:49:50.2840614Z C/C++: /usr/local/lib/android/sdk/ndk/28.0.13004108/toolchains/llvm/prebuilt/linux-x86_64/sysroot/usr/include/c++/v1/__memory/allocator_traits.h:320:9: note: in instantiation of function template specialization 'std::allocator<latinime::NgramProperty>::construct<latinime::NgramProperty, latinime::NgramProperty &>' requested here
build	Build DaddyBoard (HeliBoard fork)	2026-09-30T15:49:50.2842995Z C/C++:   320 |     __a.construct(__p, std::forward<_Args>(__args)...);
build	Build DaddyBoard (HeliBoard fork)	2026-09-30T15:49:50.2843574Z C/C++:       |         ^
build	Build DaddyBoard (HeliBoard fork)	2026-09-30T15:49:50.2846083Z C/C++: /usr/local/lib/android/sdk/ndk/28.0.13004108/toolchains/llvm/prebuilt/linux-x86_64/sysroot/usr/include/c++/v1/__memory/uninitialized_algorithms.h:551:31: note: in instantiation of function template specialization 'std::allocator_traits<std::allocator<latinime::NgramProperty>>::construct<latinime::NgramProperty, latinime::NgramProperty &, 0>' requested here
build	Build DaddyBoard (HeliBoard fork)	2026-09-30T15:49:50.2849090Z C/C++:   551 |     allocator_traits<_Alloc>::construct(__alloc, std::__to_address(__first2), *__first1);
build	Build DaddyBoard (HeliBoard fork)	2026-09-30T15:49:50.2849904Z C/C++:       |                               ^
build	Build DaddyBoard (HeliBoard fork)	2026-09-30T15:49:50.2852596Z C/C++: /usr/local/lib/android/sdk/ndk/28.0.13004108/toolchains/llvm/prebuilt/linux-x86_64/sysroot/usr/include/c++/v1/__memory/uninitialized_algorithms.h:594:33: note: in instantiation of function template specialization 'std::__uninitialized_allocator_copy_impl<std::allocator<latinime::NgramProperty>, latinime::NgramProperty *, latinime::NgramProperty *, latinime::NgramProperty *>' requested here
build	Build DaddyBoard (HeliBoard fork)	2026-09-30T15:49:50.2855609Z C/C++:   594 |   auto __result          = std::__uninitialized_allocator_copy_impl(
build	Build DaddyBoard (HeliBoard fork)	2026-09-30T15:49:50.2856284Z C/C++:       |                                 ^
build	Build DaddyBoard (HeliBoard fork)	2026-09-30T15:49:50.2858768Z C/C++: /usr/local/lib/android/sdk/ndk/28.0.13004108/toolchains/llvm/prebuilt/linux-x86_64/sysroot/usr/include/c++/v1/vector:1100:22: note: in instantiation of function template specialization 'std::__uninitialized_allocator_copy<std::allocator<latinime::NgramProperty>, latinime::NgramProperty *, latinime::NgramProperty *, latinime::NgramProperty *>' requested here
build	Build DaddyBoard (HeliBoard fork)	2026-09-30T15:49:50.2861563Z C/C++:  1100 |   __tx.__pos_ = std::__uninitialized_allocator_copy(__alloc(), __first, __last, __tx.__pos_);
build	Build DaddyBoard (HeliBoard fork)	2026-09-30T15:49:50.2862396Z C/C++:       |                      ^
build	Build DaddyBoard (HeliBoard fork)	2026-09-30T15:49:50.2864598Z C/C++: /usr/local/lib/android/sdk/ndk/28.0.13004108/toolchains/llvm/prebuilt/linux-x86_64/sysroot/usr/include/c++/v1/vector:761:7: note: in instantiation of function template specialization 'std::vector<latinime::NgramProperty>::__construct_at_end<latinime::NgramProperty *, latinime::NgramProperty *>' requested here
build	Build DaddyBoard (HeliBoard fork)	2026-09-30T15:49:50.2866471Z C/C++:   761 |       __construct_at_end(__first, __last, __n);
build	Build DaddyBoard (HeliBoard fork)	2026-09-30T15:49:50.2866771Z C/C++:       |       ^
build	Build DaddyBoard (HeliBoard fork)	2026-09-30T15:49:50.2867812Z C/C++: /usr/local/lib/android/sdk/ndk/28.0.13004108/toolchains/llvm/prebuilt/linux-x86_64/sysroot/usr/include/c++/v1/vector:1213:3: note: in instantiation of function template specialization 'std::vector<latinime::NgramProperty>::__init_with_size<latinime::NgramProperty *, latinime::NgramProperty *>' requested here
build	Build DaddyBoard (HeliBoard fork)	2026-09-30T15:49:50.2868940Z C/C++:  1213 |   __init_with_size(__x.__begin_, __x.__end_, __x.size());
build	Build DaddyBoard (HeliBoard fork)	2026-09-30T15:49:50.2869264Z C/C++:       |   ^
build	Build DaddyBoard (HeliBoard fork)	2026-09-30T15:49:50.2870042Z C/C++: /home/runner/work/daddyboard/daddyboard/daddyboard-main/app/src/main/jni/src/dictionary/property/word_property.h:39:15: note: in instantiation of member function 'std::vector<latinime::NgramProperty>::vector' requested here
build	Build DaddyBoard (HeliBoard fork)	2026-09-30T15:49:50.2870892Z C/C++:    39 |               mNgrams(ngrams) {}
build	Build DaddyBoard (HeliBoard fork)	2026-09-30T15:49:50.2871159Z C/C++:       |               ^
build	Build DaddyBoard (HeliBoard fork)	2026-09-30T15:49:50.2871393Z C/C++: 5 warnings generated.
build	Build DaddyBoard (HeliBoard fork)	2026-09-30T15:49:50.2872132Z C/C++: /home/runner/work/daddyboard/daddyboard/daddyboard-main/app/src/main/jni/src/dictionary/utils/trie_map.cpp:56:9: warning: variable 'unusedRegionSize' set but not used [-Wunused-but-set-variable]
build	Build DaddyBoard (HeliBoard fork)	2026-09-30T15:49:50.2872906Z C/C++:    56 |     int unusedRegionSize = 0;
build	Build DaddyBoard (HeliBoard fork)	2026-09-30T15:49:50.2873174Z C/C++:       |         ^
build	Build DaddyBoard (HeliBoard fork)	2026-09-30T15:49:50.2873388Z C/C++: 1 warning generated.
build	Build DaddyBoard (HeliBoard fork)	2026-09-30T15:49:50.2873902Z C/C++: In file included from /home/runner/work/daddyboard/daddyboard/daddyboard-main/app/src/main/jni/src/suggest/core/suggest.cpp:19:
build	Build DaddyBoard (HeliBoard fork)	2026-09-30T15:49:50.2875336Z C/C++: In file included from /home/runner/work/daddyboard/daddyboard/daddyboard-main/app/src/main/jni/src/dictionary/interface/dictionary_structure_with_buffer_policy.h:23:
build	Build DaddyBoard (HeliBoard fork)	2026-09-30T15:49:50.2876775Z C/C++: /home/runner/work/daddyboard/daddyboard/daddyboard-main/app/src/main/jni/src/dictionary/property/historical_info.h:52:5: warning: definition of implicit copy constructor for 'HistoricalInfo' is deprecated because it has a user-declared copy assignment operator [-Wdeprecated-copy]
build	Build DaddyBoard (HeliBoard fork)	2026-09-30T15:49:50.2877950Z C/C++:    52 |     DISALLOW_ASSIGNMENT_OPERATOR(HistoricalInfo);
build	Build DaddyBoard (HeliBoard fork)	2026-09-30T15:49:50.2878251Z C/C++:       |     ^
build	Build DaddyBoard (HeliBoard fork)	2026-09-30T15:49:50.2878818Z C/C++: /home/runner/work/daddyboard/daddyboard/daddyboard-main/app/src/main/jni/src/defines.h:289:8: note: expanded from macro 'DISALLOW_ASSIGNMENT_OPERATOR'
build	Build DaddyBoard (HeliBoard fork)	2026-09-30T15:49:50.2879460Z C/C++:   289 |   void operator=(const TypeName&) = delete
build	Build DaddyBoard (HeliBoard fork)	2026-09-30T15:49:50.2879750Z C/C++:       |        ^
build	Build DaddyBoard (HeliBoard fork)	2026-09-30T15:49:50.2880502Z C/C++: /home/runner/work/daddyboard/daddyboard/daddyboard-main/app/src/main/jni/src/dictionary/property/ngram_property.h:33:42: note: in implicit copy constructor for 'latinime::HistoricalInfo' first required here
build	Build DaddyBoard (HeliBoard fork)	2026-09-30T15:49:50.2881406Z C/C++:    33 |               mProbability(probability), mHistoricalInfo(historicalInfo) {}
build	Build DaddyBoard (HeliBoard fork)	2026-09-30T15:49:50.2881806Z C/C++:       |                                          ^
build	Build DaddyBoard (HeliBoard fork)	2026-09-30T15:49:50.2882361Z C/C++: In file included from /home/runner/work/daddyboard/daddyboard/daddyboard-main/app/src/main/jni/src/suggest/core/suggest.cpp:19:
build	Build DaddyBoard (HeliBoard fork)	2026-09-30T15:49:50.2883315Z C/C++: In file included from /home/runner/work/daddyboard/daddyboard/daddyboard-main/app/src/main/jni/src/dictionary/interface/dictionary_structure_with_buffer_policy.h:25:
build	Build DaddyBoard (HeliBoard fork)	2026-09-30T15:49:50.2884370Z C/C++: In file included from /home/runner/work/daddyboard/daddyboard/daddyboard-main/app/src/main/jni/src/dictionary/property/word_property.h:24:
build	Build DaddyBoard (HeliBoard fork)	2026-09-30T15:49:50.2885717Z C/C++: /home/runner/work/daddyboard/daddyboard/daddyboard-main/app/src/main/jni/src/dictionary/property/unigram_property.h:126:5: warning: definition of implicit copy constructor for 'UnigramProperty' is deprecated because it has a user-declared copy assignment operator [-Wdeprecated-copy]
build	Build DaddyBoard (HeliBoard fork)	2026-09-30T15:49:50.2886888Z C/C++:   126 |     DISALLOW_ASSIGNMENT_OPERATOR(UnigramProperty);
build	Build DaddyBoard (HeliBoard fork)	2026-09-30T15:49:50.2887201Z C/C++:       |     ^
build	Build DaddyBoard (HeliBoard fork)	2026-09-30T15:49:50.2887758Z C/C++: /home/runner/work/daddyboard/daddyboard/daddyboard-main/app/src/main/jni/src/defines.h:289:8: note: expanded from macro 'DISALLOW_ASSIGNMENT_OPERATOR'
build	Build DaddyBoard (HeliBoard fork)	2026-09-30T15:49:50.2888407Z C/C++:   289 |   void operator=(const TypeName&) = delete
build	Build DaddyBoard (HeliBoard fork)	2026-09-30T15:49:50.2888690Z C/C++:       |        ^
build	Build DaddyBoard (HeliBoard fork)	2026-09-30T15:49:50.2889428Z C/C++: /home/runner/work/daddyboard/daddyboard/daddyboard-main/app/src/main/jni/src/dictionary/property/word_property.h:38:51: note: in implicit copy constructor for 'latinime::UnigramProperty' first required here
build	Build DaddyBoard (HeliBoard fork)	2026-09-30T15:49:50.2890354Z C/C++:    38 |             : mCodePoints(std::move(codePoints)), mUnigramProperty(unigramProperty),
build	Build DaddyBoard (HeliBoard fork)	2026-09-30T15:49:50.2890783Z C/C++:       |                                                   ^
build	Build DaddyBoard (HeliBoard fork)	2026-09-30T15:49:50.2891354Z C/C++: In file included from /home/runner/work/daddyboard/daddyboard/daddyboard-main/app/src/main/jni/src/suggest/core/suggest.cpp:19:
build	Build DaddyBoard (HeliBoard fork)	2026-09-30T15:49:50.2892307Z C/C++: In file included from /home/runner/work/daddyboard/daddyboard/daddyboard-main/app/src/main/jni/src/dictionary/interface/dictionary_structure_with_buffer_policy.h:25:
build	Build DaddyBoard (HeliBoard fork)	2026-09-30T15:49:50.2893291Z C/C++: In file included from /home/runner/work/daddyboard/daddyboard/daddyboard-main/app/src/main/jni/src/dictionary/property/word_property.h:23:
build	Build DaddyBoard (HeliBoard fork)	2026-09-30T15:49:50.2894187Z C/C++: In file included from /home/runner/work/daddyboard/daddyboard/daddyboard-main/app/src/main/jni/src/dictionary/property/ngram_property.h:24:
build	Build DaddyBoard (HeliBoard fork)	2026-09-30T15:49:50.2895125Z C/C++: In file included from /home/runner/work/daddyboard/daddyboard/daddyboard-main/app/src/main/jni/src/dictionary/property/ngram_context.h:23:
build	Build DaddyBoard (HeliBoard fork)	2026-09-30T15:49:50.2896422Z C/C++: /home/runner/work/daddyboard/daddyboard/daddyboard-main/app/src/main/jni/src/utils/int_array_view.h:160:5: warning: definition of implicit copy constructor for 'IntArrayView' is deprecated because it has a user-declared copy assignment operator [-Wdeprecated-copy]
build	Build DaddyBoard (HeliBoard fork)	2026-09-30T15:49:50.2897436Z C/C++:   160 |     DISALLOW_ASSIGNMENT_OPERATOR(IntArrayView);
build	Build DaddyBoard (HeliBoard fork)	2026-09-30T15:49:50.2897810Z C/C++:       |     ^
build	Build DaddyBoard (HeliBoard fork)	2026-09-30T15:49:50.2898366Z C/C++: /home/runner/work/daddyboard/daddyboard/daddyboard-main/app/src/main/jni/src/defines.h:289:8: note: expanded from macro 'DISALLOW_ASSIGNMENT_OPERATOR'
build	Build DaddyBoard (HeliBoard fork)	2026-09-30T15:49:50.2899017Z C/C++:   289 |   void operator=(const TypeName&) = delete
build	Build DaddyBoard (HeliBoard fork)	2026-09-30T15:49:50.2899305Z C/C++:       |        ^
build	Build DaddyBoard (HeliBoard fork)	2026-09-30T15:49:50.2900015Z C/C++: /home/runner/work/daddyboard/daddyboard/daddyboard-main/app/src/main/jni/src/suggest/core/dicnode/dic_node.h:110:53: note: in implicit copy constructor for 'latinime::IntArrayView' first required here
build	Build DaddyBoard (HeliBoard fork)	2026-09-30T15:49:50.2900871Z C/C++:   110 |         mDicNodeProperties.init(rootPtNodeArrayPos, prevWordIds);
build	Build DaddyBoard (HeliBoard fork)	2026-09-30T15:49:50.2901270Z C/C++:       |                                                     ^
build	Build DaddyBoard (HeliBoard fork)	2026-09-30T15:49:50.2901847Z C/C++: In file included from /home/runner/work/daddyboard/daddyboard/daddyboard-main/app/src/main/jni/src/suggest/core/suggest.cpp:26:
build	Build DaddyBoard (HeliBoard fork)	2026-09-30T15:49:50.2902703Z C/C++: In file included from /home/runner/work/daddyboard/daddyboard/daddyboard-main/app/src/main/jni/src/suggest/core/layout/proximity_info.h:25:
build	Build DaddyBoard (HeliBoard fork)	2026-09-30T15:49:50.2903804Z C/C++: /home/runner/work/daddyboard/daddyboard/daddyboard-main/app/src/main/jni/src/suggest/core/layout/proximity_info_utils.h:75:25: warning: variable 'proximityChar' set but not used [-Wunused-but-set-variable]
build	Build DaddyBoard (HeliBoard fork)	2026-09-30T15:49:50.2904670Z C/C++:    75 |                     int proximityChar =
build	Build DaddyBoard (HeliBoard fork)	2026-09-30T15:49:50.2904949Z C/C++:       |                         ^
build	Build DaddyBoard (HeliBoard fork)	2026-09-30T15:49:50.2905474Z C/C++: In file included from /home/runner/work/daddyboard/daddyboard/daddyboard-main/app/src/main/jni/src/suggest/core/suggest.cpp:30:
build	Build DaddyBoard (HeliBoard fork)	2026-09-30T15:49:50.2906485Z C/C++: In file included from /home/runner/work/daddyboard/daddyboard/daddyboard-main/app/src/main/jni/src/suggest/core/session/dic_traverse_session.h:23:
build	Build DaddyBoard (HeliBoard fork)	2026-09-30T15:49:50.2907390Z C/C++: In file included from /home/runner/work/daddyboard/daddyboard/daddyboard-main/app/src/main/jni/src/dictionary/utils/multi_bigram_map.h:27:
build	Build DaddyBoard (HeliBoard fork)	2026-09-30T15:49:50.2908684Z C/C++: /home/runner/work/daddyboard/daddyboard/daddyboard-main/app/src/main/jni/src/dictionary/utils/bloom_filter.h:47:5: warning: definition of implicit copy constructor for 'BloomFilter' is deprecated because it has a user-declared copy assignment operator [-Wdeprecated-copy]
build	Build DaddyBoard (HeliBoard fork)	2026-09-30T15:49:50.2909706Z C/C++:    47 |     DISALLOW_ASSIGNMENT_OPERATOR(BloomFilter);
build	Build DaddyBoard (HeliBoard fork)	2026-09-30T15:49:50.2910002Z C/C++:       |     ^
build	Build DaddyBoard (HeliBoard fork)	2026-09-30T15:49:50.2910561Z C/C++: /home/runner/work/daddyboard/daddyboard/daddyboard-main/app/src/main/jni/src/defines.h:289:8: note: expanded from macro 'DISALLOW_ASSIGNMENT_OPERATOR'
build	Build DaddyBoard (HeliBoard fork)	2026-09-30T15:49:50.2911217Z C/C++:   289 |   void operator=(const TypeName&) = delete
build	Build DaddyBoard (HeliBoard fork)	2026-09-30T15:49:50.2911506Z C/C++:       |        ^
build	Build DaddyBoard (HeliBoard fork)	2026-09-30T15:49:50.2912218Z C/C++: /home/runner/work/daddyboard/daddyboard/daddyboard-main/app/src/main/jni/src/dictionary/utils/multi_bigram_map.h:57:53: note: in implicit copy constructor for 'latinime::BloomFilter' first required here
build	Build DaddyBoard (HeliBoard fork)	2026-09-30T15:49:50.2913138Z C/C++:    57 |                 : mBigramMap(bigramMap.mBigramMap), mBloomFilter(bigramMap.mBloomFilter) {}
build	Build DaddyBoard (HeliBoard fork)	2026-09-30T15:49:50.2913585Z C/C++:       |                                                     ^
build	Build DaddyBoard (HeliBoard fork)	2026-09-30T15:49:50.2914153Z C/C++: In file included from /home/runner/work/daddyboard/daddyboard/daddyboard-main/app/src/main/jni/src/suggest/core/suggest.cpp:19:
build	Build DaddyBoard (HeliBoard fork)	2026-09-30T15:49:50.2915229Z C/C++: In file included from /home/runner/work/daddyboard/daddyboard/daddyboard-main/app/src/main/jni/src/dictionary/interface/dictionary_structure_with_buffer_policy.h:24:
build	Build DaddyBoard (HeliBoard fork)	2026-09-30T15:49:50.2916649Z C/C++: /home/runner/work/daddyboard/daddyboard/daddyboard-main/app/src/main/jni/src/dictionary/property/word_attributes.h:59:5: warning: definition of implicit copy constructor for 'WordAttributes' is deprecated because it has a user-declared copy assignment operator [-Wdeprecated-copy]
build	Build DaddyBoard (HeliBoard fork)	2026-09-30T15:49:50.2917726Z C/C++:    59 |     DISALLOW_ASSIGNMENT_OPERATOR(WordAttributes);
build	Build DaddyBoard (HeliBoard fork)	2026-09-30T15:49:50.2918107Z C/C++:       |     ^
build	Build DaddyBoard (HeliBoard fork)	2026-09-30T15:49:50.2918667Z C/C++: /home/runner/work/daddyboard/daddyboard/daddyboard-main/app/src/main/jni/src/defines.h:289:8: note: expanded from macro 'DISALLOW_ASSIGNMENT_OPERATOR'
build	Build DaddyBoard (HeliBoard fork)	2026-09-30T15:49:50.2919305Z C/C++:   289 |   void operator=(const TypeName&) = delete
build	Build DaddyBoard (HeliBoard fork)	2026-09-30T15:49:50.2919585Z C/C++:       |        ^
build	Build DaddyBoard (HeliBoard fork)	2026-09-30T15:49:50.2920258Z C/C++: /home/runner/work/daddyboard/daddyboard/daddyboard-main/app/src/main/jni/src/suggest/core/suggest.cpp:420:22: note: in implicit copy constructor for 'WordAttributes' first required here
build	Build DaddyBoard (HeliBoard fork)	2026-09-30T15:49:50.2921047Z C/C++:   420 |             dicNode, wordAttributes, false /* isLastWord */)) {
build	Build DaddyBoard (HeliBoard fork)	2026-09-30T15:49:50.2921381Z C/C++:       |                      ^
build	Build DaddyBoard (HeliBoard fork)	2026-09-30T15:49:50.2921913Z C/C++: In file included from /home/runner/work/daddyboard/daddyboard/daddyboard-main/app/src/main/jni/src/suggest/core/suggest.cpp:19:
build	Build DaddyBoard (HeliBoard fork)	2026-09-30T15:49:50.2922857Z C/C++: In file included from /home/runner/work/daddyboard/daddyboard/daddyboard-main/app/src/main/jni/src/dictionary/interface/dictionary_structure_with_buffer_policy.h:25:
build	Build DaddyBoard (HeliBoard fork)	2026-09-30T15:49:50.2923829Z C/C++: In file included from /home/runner/work/daddyboard/daddyboard/daddyboard-main/app/src/main/jni/src/dictionary/property/word_property.h:23:
build	Build DaddyBoard (HeliBoard fork)	2026-09-30T15:49:50.2925225Z C/C++: /home/runner/work/daddyboard/daddyboard/daddyboard-main/app/src/main/jni/src/dictionary/property/ngram_property.h:54:5: warning: definition of implicit copy constructor for 'NgramProperty' is deprecated because it has a user-declared copy assignment operator [-Wdeprecated-copy]
build	Build DaddyBoard (HeliBoard fork)	2026-09-30T15:49:50.2926276Z C/C++:    54 |     DISALLOW_ASSIGNMENT_OPERATOR(NgramProperty);
build	Build DaddyBoard (HeliBoard fork)	2026-09-30T15:49:50.2926644Z C/C++:       |     ^
build	Build DaddyBoard (HeliBoard fork)	2026-09-30T15:49:50.2927191Z C/C++: /home/runner/work/daddyboard/daddyboard/daddyboard-main/app/src/main/jni/src/defines.h:289:8: note: expanded from macro 'DISALLOW_ASSIGNMENT_OPERATOR'
build	Build DaddyBoard (HeliBoard fork)	2026-09-30T15:49:50.2927824Z C/C++:   289 |   void operator=(const TypeName&) = delete
build	Build DaddyBoard (HeliBoard fork)	2026-09-30T15:49:50.2928109Z C/C++:       |        ^
build	Build DaddyBoard (HeliBoard fork)	2026-09-30T15:49:50.2928886Z C/C++: /usr/local/lib/android/sdk/ndk/28.0.13004108/toolchains/llvm/prebuilt/linux-x86_64/sysroot/usr/include/c++/v1/__memory/allocator.h:173:24: note: in implicit copy constructor for 'latinime::NgramProperty' first required here
build	Build DaddyBoard (HeliBoard fork)	2026-09-30T15:49:50.2929769Z C/C++:   173 |     ::new ((void*)__p) _Up(std::forward<_Args>(__args)...);
build	Build DaddyBoard (HeliBoard fork)	2026-09-30T15:49:50.2930093Z C/C++:       |                        ^
build	Build DaddyBoard (HeliBoard fork)	2026-09-30T15:49:50.2931207Z C/C++: /usr/local/lib/android/sdk/ndk/28.0.13004108/toolchains/llvm/prebuilt/linux-x86_64/sysroot/usr/include/c++/v1/__memory/allocator_traits.h:320:9: note: in instantiation of function template specialization 'std::allocator<latinime::NgramProperty>::construct<latinime::NgramProperty, latinime::NgramProperty &>' requested here
build	Build DaddyBoard (HeliBoard fork)	2026-09-30T15:49:50.2932375Z C/C++:   320 |     __a.construct(__p, std::forward<_Args>(__args)...);
build	Build DaddyBoard (HeliBoard fork)	2026-09-30T15:49:50.2932682Z C/C++:       |         ^
build	Build DaddyBoard (HeliBoard fork)	2026-09-30T15:49:50.2933880Z C/C++: /usr/local/lib/android/sdk/ndk/28.0.13004108/toolchains/llvm/prebuilt/linux-x86_64/sysroot/usr/include/c++/v1/__memory/uninitialized_algorithms.h:551:31: note: in instantiation of function template specialization 'std::allocator_traits<std::allocator<latinime::NgramProperty>>::construct<latinime::NgramProperty, latinime::NgramProperty &, 0>' requested here
build	Build DaddyBoard (HeliBoard fork)	2026-09-30T15:49:50.2935326Z C/C++:   551 |     allocator_traits<_Alloc>::construct(__alloc, std::__to_address(__first2), *__first1);
build	Build DaddyBoard (HeliBoard fork)	2026-09-30T15:49:50.2935749Z C/C++:       |                               ^
build	Build DaddyBoard (HeliBoard fork)	2026-09-30T15:49:50.2937077Z C/C++: /usr/local/lib/android/sdk/ndk/28.0.13004108/toolchains/llvm/prebuilt/linux-x86_64/sysroot/usr/include/c++/v1/__memory/uninitialized_algorithms.h:594:33: note: in instantiation of function template specialization 'std::__uninitialized_allocator_copy_impl<std::allocator<latinime::NgramProperty>, latinime::NgramProperty *, latinime::NgramProperty *, latinime::NgramProperty *>' requested here
build	Build DaddyBoard (HeliBoard fork)	2026-09-30T15:49:50.2938559Z C/C++:   594 |   auto __result          = std::__uninitialized_allocator_copy_impl(
build	Build DaddyBoard (HeliBoard fork)	2026-09-30T15:49:50.2938925Z C/C++:       |                                 ^
build	Build DaddyBoard (HeliBoard fork)	2026-09-30T15:49:50.2940150Z C/C++: /usr/local/lib/android/sdk/ndk/28.0.13004108/toolchains/llvm/prebuilt/linux-x86_64/sysroot/usr/include/c++/v1/vector:1100:22: note: in instantiation of function template specialization 'std::__uninitialized_allocator_copy<std::allocator<latinime::NgramProperty>, latinime::NgramProperty *, latinime::NgramProperty *, latinime::NgramProperty *>' requested here
build	Build DaddyBoard (HeliBoard fork)	2026-09-30T15:49:50.2941538Z C/C++:  1100 |   __tx.__pos_ = std::__uninitialized_allocator_copy(__alloc(), __first, __last, __tx.__pos_);
build	Build DaddyBoard (HeliBoard fork)	2026-09-30T15:49:50.2941969Z C/C++:       |                      ^
build	Build DaddyBoard (HeliBoard fork)	2026-09-30T15:49:50.2943018Z C/C++: /usr/local/lib/android/sdk/ndk/28.0.13004108/toolchains/llvm/prebuilt/linux-x86_64/sysroot/usr/include/c++/v1/vector:761:7: note: in instantiation of function template specialization 'std::vector<latinime::NgramProperty>::__construct_at_end<latinime::NgramProperty *, latinime::NgramProperty *>' requested here
build	Build DaddyBoard (HeliBoard fork)	2026-09-30T15:49:50.2944141Z C/C++:   761 |       __construct_at_end(__first, __last, __n);
build	Build DaddyBoard (HeliBoard fork)	2026-09-30T15:49:50.2944488Z C/C++:       |       ^
build	Build DaddyBoard (HeliBoard fork)	2026-09-30T15:49:50.2945503Z C/C++: /usr/local/lib/android/sdk/ndk/28.0.13004108/toolchains/llvm/prebuilt/linux-x86_64/sysroot/usr/include/c++/v1/vector:1213:3: note: in instantiation of function template specialization 'std::vector<latinime::NgramProperty>::__init_with_size<latinime::NgramProperty *, latinime::NgramProperty *>' requested here
build	Build DaddyBoard (HeliBoard fork)	2026-09-30T15:49:50.2946629Z C/C++:  1213 |   __init_with_size(__x.__begin_, __x.__end_, __x.size());
build	Build DaddyBoard (HeliBoard fork)	2026-09-30T15:49:50.2947006Z C/C++:       |   ^
build	Build DaddyBoard (HeliBoard fork)	2026-09-30T15:49:50.2947785Z C/C++: /home/runner/work/daddyboard/daddyboard/daddyboard-main/app/src/main/jni/src/dictionary/property/word_property.h:39:15: note: in instantiation of member function 'std::vector<latinime::NgramProperty>::vector' requested here
build	Build DaddyBoard (HeliBoard fork)	2026-09-30T15:49:50.2948631Z C/C++:    39 |               mNgrams(ngrams) {}
build	Build DaddyBoard (HeliBoard fork)	2026-09-30T15:49:50.2948902Z C/C++:       |               ^
build	Build DaddyBoard (HeliBoard fork)	2026-09-30T15:49:50.2949134Z C/C++: 7 warnings generated.
build	Build DaddyBoard (HeliBoard fork)	2026-09-30T15:49:50.2949678Z C/C++: In file included from /home/runner/work/daddyboard/daddyboard/daddyboard-main/app/src/main/jni/src/suggest/core/dicnode/dic_node.cpp:17:
build	Build DaddyBoard (HeliBoard fork)	2026-09-30T15:49:50.2950544Z C/C++: In file included from /home/runner/work/daddyboard/daddyboard/daddyboard-main/app/src/main/jni/src/suggest/core/dicnode/dic_node.h:22:
build	Build DaddyBoard (HeliBoard fork)	2026-09-30T15:49:50.2951415Z C/C++: In file included from /home/runner/work/daddyboard/daddyboard/daddyboard-main/app/src/main/jni/src/suggest/core/dicnode/dic_node_utils.h:21:
build	Build DaddyBoard (HeliBoard fork)	2026-09-30T15:49:50.2952690Z C/C++: /home/runner/work/daddyboard/daddyboard/daddyboard-main/app/src/main/jni/src/utils/int_array_view.h:160:5: warning: definition of implicit copy constructor for 'IntArrayView' is deprecated because it has a user-declared copy assignment operator [-Wdeprecated-copy]
build	Build DaddyBoard (HeliBoard fork)	2026-09-30T15:49:50.2953697Z C/C++:   160 |     DISALLOW_ASSIGNMENT_OPERATOR(IntArrayView);
build	Build DaddyBoard (HeliBoard fork)	2026-09-30T15:49:50.2953991Z C/C++:       |     ^
build	Build DaddyBoard (HeliBoard fork)	2026-09-30T15:49:50.2954721Z C/C++: /home/runner/work/daddyboard/daddyboard/daddyboard-main/app/src/main/jni/src/defines.h:289:8: note: expanded from macro 'DISALLOW_ASSIGNMENT_OPERATOR'
build	Build DaddyBoard (HeliBoard fork)	2026-09-30T15:49:50.2955371Z C/C++:   289 |   void operator=(const TypeName&) = delete
build	Build DaddyBoard (HeliBoard fork)	2026-09-30T15:49:50.2955655Z C/C++:       |        ^
build	Build DaddyBoard (HeliBoard fork)	2026-09-30T15:49:50.2956375Z C/C++: /home/runner/work/daddyboard/daddyboard/daddyboard-main/app/src/main/jni/src/suggest/core/dicnode/dic_node.h:110:53: note: in implicit copy constructor for 'latinime::IntArrayView' first required here
build	Build DaddyBoard (HeliBoard fork)	2026-09-30T15:49:50.2957237Z C/C++:   110 |         mDicNodeProperties.init(rootPtNodeArrayPos, prevWordIds);
build	Build DaddyBoard (HeliBoard fork)	2026-09-30T15:49:50.2957649Z C/C++:       |                                                     ^
build	Build DaddyBoard (HeliBoard fork)	2026-09-30T15:49:50.2957944Z C/C++: 1 warning generated.
build	Build DaddyBoard (HeliBoard fork)	2026-09-30T15:49:50.2958508Z C/C++: In file included from /home/runner/work/daddyboard/daddyboard/daddyboard-main/app/src/main/jni/src/suggest/core/dicnode/dic_node_utils.cpp:19:
build	Build DaddyBoard (HeliBoard fork)	2026-09-30T15:49:50.2959570Z C/C++: In file included from /home/runner/work/daddyboard/daddyboard/daddyboard-main/app/src/main/jni/src/dictionary/interface/dictionary_structure_with_buffer_policy.h:23:
build	Build DaddyBoard (HeliBoard fork)	2026-09-30T15:49:50.2961000Z C/C++: /home/runner/work/daddyboard/daddyboard/daddyboard-main/app/src/main/jni/src/dictionary/property/historical_info.h:52:5: warning: definition of implicit copy constructor for 'HistoricalInfo' is deprecated because it has a user-declared copy assignment operator [-Wdeprecated-copy]
build	Build DaddyBoard (HeliBoard fork)	2026-09-30T15:49:50.2962066Z C/C++:    52 |     DISALLOW_ASSIGNMENT_OPERATOR(HistoricalInfo);
build	Build DaddyBoard (HeliBoard fork)	2026-09-30T15:49:50.2962383Z C/C++:       |     ^
build	Build DaddyBoard (HeliBoard fork)	2026-09-30T15:49:50.2962942Z C/C++: /home/runner/work/daddyboard/daddyboard/daddyboard-main/app/src/main/jni/src/defines.h:289:8: note: expanded from macro 'DISALLOW_ASSIGNMENT_OPERATOR'
build	Build DaddyBoard (HeliBoard fork)	2026-09-30T15:49:50.2963589Z C/C++:   289 |   void operator=(const TypeName&) = delete
build	Build DaddyBoard (HeliBoard fork)	2026-09-30T15:49:50.2963882Z C/C++:       |        ^
build	Build DaddyBoard (HeliBoard fork)	2026-09-30T15:49:50.2964675Z C/C++: /home/runner/work/daddyboard/daddyboard/daddyboard-main/app/src/main/jni/src/dictionary/property/ngram_property.h:33:42: note: in implicit copy constructor for 'latinime::HistoricalInfo' first required here
build	Build DaddyBoard (HeliBoard fork)	2026-09-30T15:49:50.2965563Z C/C++:    33 |               mProbability(probability), mHistoricalInfo(historicalInfo) {}
build	Build DaddyBoard (HeliBoard fork)	2026-09-30T15:49:50.2965950Z C/C++:       |                                          ^
build	Build DaddyBoard (HeliBoard fork)	2026-09-30T15:49:50.2966552Z C/C++: In file included from /home/runner/work/daddyboard/daddyboard/daddyboard-main/app/src/main/jni/src/suggest/core/dicnode/dic_node_utils.cpp:19:
build	Build DaddyBoard (HeliBoard fork)	2026-09-30T15:49:50.2967601Z C/C++: In file included from /home/runner/work/daddyboard/daddyboard/daddyboard-main/app/src/main/jni/src/dictionary/interface/dictionary_structure_with_buffer_policy.h:25:
build	Build DaddyBoard (HeliBoard fork)	2026-09-30T15:49:50.2968582Z C/C++: In file included from /home/runner/work/daddyboard/daddyboard/daddyboard-main/app/src/main/jni/src/dictionary/property/word_property.h:24:
build	Build DaddyBoard (HeliBoard fork)	2026-09-30T15:49:50.2969919Z C/C++: /home/runner/work/daddyboard/daddyboard/daddyboard-main/app/src/main/jni/src/dictionary/property/unigram_property.h:126:5: warning: definition of implicit copy constructor for 'UnigramProperty' is deprecated because it has a user-declared copy assignment operator [-Wdeprecated-copy]
build	Build DaddyBoard (HeliBoard fork)	2026-09-30T15:49:50.2971003Z C/C++:   126 |     DISALLOW_ASSIGNMENT_OPERATOR(UnigramProperty);
build	Build DaddyBoard (HeliBoard fork)	2026-09-30T15:49:50.2971305Z C/C++:       |     ^
build	Build DaddyBoard (HeliBoard fork)	2026-09-30T15:49:50.2971855Z C/C++: /home/runner/work/daddyboard/daddyboard/daddyboard-main/app/src/main/jni/src/defines.h:289:8: note: expanded from macro 'DISALLOW_ASSIGNMENT_OPERATOR'
build	Build DaddyBoard (HeliBoard fork)	2026-09-30T15:49:50.2972494Z C/C++:   289 |   void operator=(const TypeName&) = delete
build	Build DaddyBoard (HeliBoard fork)	2026-09-30T15:49:50.2972780Z C/C++:       |        ^
build	Build DaddyBoard (HeliBoard fork)	2026-09-30T15:49:50.2973518Z C/C++: /home/runner/work/daddyboard/daddyboard/daddyboard-main/app/src/main/jni/src/dictionary/property/word_property.h:38:51: note: in implicit copy constructor for 'latinime::UnigramProperty' first required here
build	Build DaddyBoard (HeliBoard fork)	2026-09-30T15:49:50.2974484Z C/C++:    38 |             : mCodePoints(std::move(codePoints)), mUnigramProperty(unigramProperty),
build	Build DaddyBoard (HeliBoard fork)	2026-09-30T15:49:50.2974908Z C/C++:       |                                                   ^
build	Build DaddyBoard (HeliBoard fork)	2026-09-30T15:49:50.2975518Z C/C++: In file included from /home/runner/work/daddyboard/daddyboard/daddyboard-main/app/src/main/jni/src/suggest/core/dicnode/dic_node_utils.cpp:17:
build	Build DaddyBoard (HeliBoard fork)	2026-09-30T15:49:50.2976427Z C/C++: In file included from /home/runner/work/daddyboard/daddyboard/daddyboard-main/app/src/main/jni/src/suggest/core/dicnode/dic_node_utils.h:21:
build	Build DaddyBoard (HeliBoard fork)	2026-09-30T15:49:50.2977687Z C/C++: /home/runner/work/daddyboard/daddyboard/daddyboard-main/app/src/main/jni/src/utils/int_array_view.h:160:5: warning: definition of implicit copy constructor for 'IntArrayView' is deprecated because it has a user-declared copy assignment operator [-Wdeprecated-copy]
build	Build DaddyBoard (HeliBoard fork)	2026-09-30T15:49:50.2978698Z C/C++:   160 |     DISALLOW_ASSIGNMENT_OPERATOR(IntArrayView);
build	Build DaddyBoard (HeliBoard fork)	2026-09-30T15:49:50.2979058Z C/C++:       |     ^
build	Build DaddyBoard (HeliBoard fork)	2026-09-30T15:49:50.2979610Z C/C++: /home/runner/work/daddyboard/daddyboard/daddyboard-main/app/src/main/jni/src/defines.h:289:8: note: expanded from macro 'DISALLOW_ASSIGNMENT_OPERATOR'
build	Build DaddyBoard (HeliBoard fork)	2026-09-30T15:49:50.2980251Z C/C++:   289 |   void operator=(const TypeName&) = delete
build	Build DaddyBoard (HeliBoard fork)	2026-09-30T15:49:50.2980532Z C/C++:       |        ^
build	Build DaddyBoard (HeliBoard fork)	2026-09-30T15:49:50.2981242Z C/C++: /home/runner/work/daddyboard/daddyboard/daddyboard-main/app/src/main/jni/src/suggest/core/dicnode/dic_node.h:110:53: note: in implicit copy constructor for 'latinime::IntArrayView' first required here
build	Build DaddyBoard (HeliBoard fork)	2026-09-30T15:49:50.2982093Z C/C++:   110 |         mDicNodeProperties.init(rootPtNodeArrayPos, prevWordIds);
build	Build DaddyBoard (HeliBoard fork)	2026-09-30T15:49:50.2982488Z C/C++:       |                                                     ^
build	Build DaddyBoard (HeliBoard fork)	2026-09-30T15:49:50.2983098Z C/C++: In file included from /home/runner/work/daddyboard/daddyboard/daddyboard-main/app/src/main/jni/src/suggest/core/dicnode/dic_node_utils.cpp:19:
build	Build DaddyBoard (HeliBoard fork)	2026-09-30T15:49:50.2984079Z C/C++: In file included from /home/runner/work/daddyboard/daddyboard/daddyboard-main/app/src/main/jni/src/dictionary/interface/dictionary_structure_with_buffer_policy.h:25:
build	Build DaddyBoard (HeliBoard fork)	2026-09-30T15:49:50.2985116Z C/C++: In file included from /home/runner/work/daddyboard/daddyboard/daddyboard-main/app/src/main/jni/src/dictionary/property/word_property.h:23:
build	Build DaddyBoard (HeliBoard fork)	2026-09-30T15:49:50.2986445Z C/C++: /home/runner/work/daddyboard/daddyboard/daddyboard-main/app/src/main/jni/src/dictionary/property/ngram_property.h:54:5: warning: definition of implicit copy constructor for 'NgramProperty' is deprecated because it has a user-declared copy assignment operator [-Wdeprecated-copy]
build	Build DaddyBoard (HeliBoard fork)	2026-09-30T15:49:50.2987504Z C/C++:    54 |     DISALLOW_ASSIGNMENT_OPERATOR(NgramProperty);
build	Build DaddyBoard (HeliBoard fork)	2026-09-30T15:49:50.2987882Z C/C++:       |     ^
build	Build DaddyBoard (HeliBoard fork)	2026-09-30T15:49:50.2988435Z C/C++: /home/runner/work/daddyboard/daddyboard/daddyboard-main/app/src/main/jni/src/defines.h:289:8: note: expanded from macro 'DISALLOW_ASSIGNMENT_OPERATOR'
build	Build DaddyBoard (HeliBoard fork)	2026-09-30T15:49:50.2989069Z C/C++:   289 |   void operator=(const TypeName&) = delete
build	Build DaddyBoard (HeliBoard fork)	2026-09-30T15:49:50.2989357Z C/C++:       |        ^
build	Build DaddyBoard (HeliBoard fork)	2026-09-30T15:49:50.2990121Z C/C++: /usr/local/lib/android/sdk/ndk/28.0.13004108/toolchains/llvm/prebuilt/linux-x86_64/sysroot/usr/include/c++/v1/__memory/allocator.h:173:24: note: in implicit copy constructor for 'latinime::NgramProperty' first required here
build	Build DaddyBoard (HeliBoard fork)	2026-09-30T15:49:50.2990992Z C/C++:   173 |     ::new ((void*)__p) _Up(std::forward<_Args>(__args)...);
build	Build DaddyBoard (HeliBoard fork)	2026-09-30T15:49:50.2991320Z C/C++:       |                        ^
build	Build DaddyBoard (HeliBoard fork)	2026-09-30T15:49:50.2992436Z C/C++: /usr/local/lib/android/sdk/ndk/28.0.13004108/toolchains/llvm/prebuilt/linux-x86_64/sysroot/usr/include/c++/v1/__memory/allocator_traits.h:320:9: note: in instantiation of function template specialization 'std::allocator<latinime::NgramProperty>::construct<latinime::NgramProperty, latinime::NgramProperty &>' requested here
build	Build DaddyBoard (HeliBoard fork)	2026-09-30T15:49:50.2993614Z C/C++:   320 |     __a.construct(__p, std::forward<_Args>(__args)...);
build	Build DaddyBoard (HeliBoard fork)	2026-09-30T15:49:50.2993932Z C/C++:       |         ^
build	Build DaddyBoard (HeliBoard fork)	2026-09-30T15:49:50.2995252Z C/C++: /usr/local/lib/android/sdk/ndk/28.0.13004108/toolchains/llvm/prebuilt/linux-x86_64/sysroot/usr/include/c++/v1/__memory/uninitialized_algorithms.h:551:31: note: in instantiation of function template specialization 'std::allocator_traits<std::allocator<latinime::NgramProperty>>::construct<latinime::NgramProperty, latinime::NgramProperty &, 0>' requested here
build	Build DaddyBoard (HeliBoard fork)	2026-09-30T15:49:50.2996664Z C/C++:   551 |     allocator_traits<_Alloc>::construct(__alloc, std::__to_address(__first2), *__first1);
build	Build DaddyBoard (HeliBoard fork)	2026-09-30T15:49:50.2997310Z C/C++:       |                               ^
build	Build DaddyBoard (HeliBoard fork)	2026-09-30T15:49:50.2998644Z C/C++: /usr/local/lib/android/sdk/ndk/28.0.13004108/toolchains/llvm/prebuilt/linux-x86_64/sysroot/usr/include/c++/v1/__memory/uninitialized_algorithms.h:594:33: note: in instantiation of function template specialization 'std::__uninitialized_allocator_copy_impl<std::allocator<latinime::NgramProperty>, latinime::NgramProperty *, latinime::NgramProperty *, latinime::NgramProperty *>' requested here
build	Build DaddyBoard (HeliBoard fork)	2026-09-30T15:49:50.3000140Z C/C++:   594 |   auto __result          = std::__uninitialized_allocator_copy_impl(
build	Build DaddyBoard (HeliBoard fork)	2026-09-30T15:49:50.3000491Z C/C++:       |                                 ^
build	Build DaddyBoard (HeliBoard fork)	2026-09-30T15:49:50.3001718Z C/C++: /usr/local/lib/android/sdk/ndk/28.0.13004108/toolchains/llvm/prebuilt/linux-x86_64/sysroot/usr/include/c++/v1/vector:1100:22: note: in instantiation of function template specialization 'std::__uninitialized_allocator_copy<std::allocator<latinime::NgramProperty>, latinime::NgramProperty *, latinime::NgramProperty *, latinime::NgramProperty *>' requested here
build	Build DaddyBoard (HeliBoard fork)	2026-09-30T15:49:50.3003097Z C/C++:  1100 |   __tx.__pos_ = std::__uninitialized_allocator_copy(__alloc(), __first, __last, __tx.__pos_);
build	Build DaddyBoard (HeliBoard fork)	2026-09-30T15:49:50.3003527Z C/C++:       |                      ^
build	Build DaddyBoard (HeliBoard fork)	2026-09-30T15:49:50.3004674Z C/C++: /usr/local/lib/android/sdk/ndk/28.0.13004108/toolchains/llvm/prebuilt/linux-x86_64/sysroot/usr/include/c++/v1/vector:761:7: note: in instantiation of function template specialization 'std::vector<latinime::NgramProperty>::__construct_at_end<latinime::NgramProperty *, latinime::NgramProperty *>' requested here
build	Build DaddyBoard (HeliBoard fork)	2026-09-30T15:49:50.3005790Z C/C++:   761 |       __construct_at_end(__first, __last, __n);
build	Build DaddyBoard (HeliBoard fork)	2026-09-30T15:49:50.3006078Z C/C++:       |       ^
build	Build DaddyBoard (HeliBoard fork)	2026-09-30T15:49:50.3007104Z C/C++: /usr/local/lib/android/sdk/ndk/28.0.13004108/toolchains/llvm/prebuilt/linux-x86_64/sysroot/usr/include/c++/v1/vector:1213:3: note: in instantiation of function template specialization 'std::vector<latinime::NgramProperty>::__init_with_size<latinime::NgramProperty *, latinime::NgramProperty *>' requested here
build	Build DaddyBoard (HeliBoard fork)	2026-09-30T15:49:50.3008232Z C/C++:  1213 |   __init_with_size(__x.__begin_, __x.__end_, __x.size());
build	Build DaddyBoard (HeliBoard fork)	2026-09-30T15:49:50.3008612Z C/C++:       |   ^
build	Build DaddyBoard (HeliBoard fork)	2026-09-30T15:49:50.3009384Z C/C++: /home/runner/work/daddyboard/daddyboard/daddyboard-main/app/src/main/jni/src/dictionary/property/word_property.h:39:15: note: in instantiation of member function 'std::vector<latinime::NgramProperty>::vector' requested here
build	Build DaddyBoard (HeliBoard fork)	2026-09-30T15:49:50.3010230Z C/C++:    39 |               mNgrams(ngrams) {}
build	Build DaddyBoard (HeliBoard fork)	2026-09-30T15:49:50.3010496Z C/C++:       |               ^
build	Build DaddyBoard (HeliBoard fork)	2026-09-30T15:49:50.3010731Z C/C++: 4 warnings generated.
build	Build DaddyBoard (HeliBoard fork)	2026-09-30T15:49:50.3011295Z C/C++: In file included from /home/runner/work/daddyboard/daddyboard/daddyboard-main/app/src/main/jni/src/suggest/core/dicnode/dic_nodes_cache.cpp:20:
build	Build DaddyBoard (HeliBoard fork)	2026-09-30T15:49:50.3012241Z C/C++: In file included from /home/runner/work/daddyboard/daddyboard/daddyboard-main/app/src/main/jni/src/suggest/core/dicnode/dic_node_priority_queue.h:25:
build	Build DaddyBoard (HeliBoard fork)	2026-09-30T15:49:50.3013139Z C/C++: In file included from /home/runner/work/daddyboard/daddyboard/daddyboard-main/app/src/main/jni/src/suggest/core/dicnode/dic_node.h:22:
build	Build DaddyBoard (HeliBoard fork)	2026-09-30T15:49:50.3014030Z C/C++: In file included from /home/runner/work/daddyboard/daddyboard/daddyboard-main/app/src/main/jni/src/suggest/core/dicnode/dic_node_utils.h:21:
build	Build DaddyBoard (HeliBoard fork)	2026-09-30T15:49:50.3015357Z C/C++: /home/runner/work/daddyboard/daddyboard/daddyboard-main/app/src/main/jni/src/utils/int_array_view.h:160:5: warning: definition of implicit copy constructor for 'IntArrayView' is deprecated because it has a user-declared copy assignment operator [-Wdeprecated-copy]
build	Build DaddyBoard (HeliBoard fork)	2026-09-30T15:49:50.3016359Z C/C++:   160 |     DISALLOW_ASSIGNMENT_OPERATOR(IntArrayView);
build	Build DaddyBoard (HeliBoard fork)	2026-09-30T15:49:50.3016660Z C/C++:       |     ^
build	Build DaddyBoard (HeliBoard fork)	2026-09-30T15:49:50.3017211Z C/C++: /home/runner/work/daddyboard/daddyboard/daddyboard-main/app/src/main/jni/src/defines.h:289:8: note: expanded from macro 'DISALLOW_ASSIGNMENT_OPERATOR'
build	Build DaddyBoard (HeliBoard fork)	2026-09-30T15:49:50.3017852Z C/C++:   289 |   void operator=(const TypeName&) = delete
build	Build DaddyBoard (HeliBoard fork)	2026-09-30T15:49:50.3018148Z C/C++:       |        ^
build	Build DaddyBoard (HeliBoard fork)	2026-09-30T15:49:50.3018864Z C/C++: /home/runner/work/daddyboard/daddyboard/daddyboard-main/app/src/main/jni/src/suggest/core/dicnode/dic_node.h:110:53: note: in implicit copy constructor for 'latinime::IntArrayView' first required here
build	Build DaddyBoard (HeliBoard fork)	2026-09-30T15:49:50.3019722Z C/C++:   110 |         mDicNodeProperties.init(rootPtNodeArrayPos, prevWordIds);
build	Build DaddyBoard (HeliBoard fork)	2026-09-30T15:49:50.3020182Z C/C++:       |                                                     ^
build	Build DaddyBoard (HeliBoard fork)	2026-09-30T15:49:50.3020468Z C/C++: 1 warning generated.
build	Build DaddyBoard (HeliBoard fork)	2026-09-30T15:49:50.3021023Z C/C++: In file included from /home/runner/work/daddyboard/daddyboard/daddyboard-main/app/src/main/jni/src/suggest/core/dictionary/dictionary.cpp:19:
build	Build DaddyBoard (HeliBoard fork)	2026-09-30T15:49:50.3021919Z C/C++: In file included from /home/runner/work/daddyboard/daddyboard/daddyboard-main/app/src/main/jni/src/suggest/core/dictionary/dictionary.h:25:
build	Build DaddyBoard (HeliBoard fork)	2026-09-30T15:49:50.3022900Z C/C++: In file included from /home/runner/work/daddyboard/daddyboard/daddyboard-main/app/src/main/jni/src/dictionary/interface/dictionary_structure_with_buffer_policy.h:23:
build	Build DaddyBoard (HeliBoard fork)	2026-09-30T15:49:50.3024375Z C/C++: /home/runner/work/daddyboard/daddyboard/daddyboard-main/app/src/main/jni/src/dictionary/property/historical_info.h:52:5: warning: definition of implicit copy constructor for 'HistoricalInfo' is deprecated because it has a user-declared copy assignment operator [-Wdeprecated-copy]
build	Build DaddyBoard (HeliBoard fork)	2026-09-30T15:49:50.3025439Z C/C++:    52 |     DISALLOW_ASSIGNMENT_OPERATOR(HistoricalInfo);
build	Build DaddyBoard (HeliBoard fork)	2026-09-30T15:49:50.3025735Z C/C++:       |     ^
build	Build DaddyBoard (HeliBoard fork)	2026-09-30T15:49:50.3026283Z C/C++: /home/runner/work/daddyboard/daddyboard/daddyboard-main/app/src/main/jni/src/defines.h:289:8: note: expanded from macro 'DISALLOW_ASSIGNMENT_OPERATOR'
build	Build DaddyBoard (HeliBoard fork)	2026-09-30T15:49:50.3026913Z C/C++:   289 |   void operator=(const TypeName&) = delete
build	Build DaddyBoard (HeliBoard fork)	2026-09-30T15:49:50.3027195Z C/C++:       |        ^
build	Build DaddyBoard (HeliBoard fork)	2026-09-30T15:49:50.3027926Z C/C++: /home/runner/work/daddyboard/daddyboard/daddyboard-main/app/src/main/jni/src/dictionary/property/ngram_property.h:33:42: note: in implicit copy constructor for 'latinime::HistoricalInfo' first required here
build	Build DaddyBoard (HeliBoard fork)	2026-09-30T15:49:50.3028884Z C/C++:    33 |               mProbability(probability), mHistoricalInfo(historicalInfo) {}
build	Build DaddyBoard (HeliBoard fork)	2026-09-30T15:49:50.3029269Z C/C++:       |                                          ^
build	Build DaddyBoard (HeliBoard fork)	2026-09-30T15:49:50.3029861Z C/C++: In file included from /home/runner/work/daddyboard/daddyboard/daddyboard-main/app/src/main/jni/src/suggest/core/dictionary/dictionary.cpp:19:
build	Build DaddyBoard (HeliBoard fork)	2026-09-30T15:49:50.3030752Z C/C++: In file included from /home/runner/work/daddyboard/daddyboard/daddyboard-main/app/src/main/jni/src/suggest/core/dictionary/dictionary.h:25:
build	Build DaddyBoard (HeliBoard fork)	2026-09-30T15:49:50.3031714Z C/C++: In file included from /home/runner/work/daddyboard/daddyboard/daddyboard-main/app/src/main/jni/src/dictionary/interface/dictionary_structure_with_buffer_policy.h:25:
build	Build DaddyBoard (HeliBoard fork)	2026-09-30T15:49:50.3032685Z C/C++: In file included from /home/runner/work/daddyboard/daddyboard/daddyboard-main/app/src/main/jni/src/dictionary/property/word_property.h:24:
build	Build DaddyBoard (HeliBoard fork)	2026-09-30T15:49:50.3034024Z C/C++: /home/runner/work/daddyboard/daddyboard/daddyboard-main/app/src/main/jni/src/dictionary/property/unigram_property.h:126:5: warning: definition of implicit copy constructor for 'UnigramProperty' is deprecated because it has a user-declared copy assignment operator [-Wdeprecated-copy]
build	Build DaddyBoard (HeliBoard fork)	2026-09-30T15:49:50.3035248Z C/C++:   126 |     DISALLOW_ASSIGNMENT_OPERATOR(UnigramProperty);
build	Build DaddyBoard (HeliBoard fork)	2026-09-30T15:49:50.3035556Z C/C++:       |     ^
build	Build DaddyBoard (HeliBoard fork)	2026-09-30T15:49:50.3036106Z C/C++: /home/runner/work/daddyboard/daddyboard/daddyboard-main/app/src/main/jni/src/defines.h:289:8: note: expanded from macro 'DISALLOW_ASSIGNMENT_OPERATOR'
build	Build DaddyBoard (HeliBoard fork)	2026-09-30T15:49:50.3036752Z C/C++:   289 |   void operator=(const TypeName&) = delete
build	Build DaddyBoard (HeliBoard fork)	2026-09-30T15:49:50.3037033Z C/C++:       |        ^
build	Build DaddyBoard (HeliBoard fork)	2026-09-30T15:49:50.3037769Z C/C++: /home/runner/work/daddyboard/daddyboard/daddyboard-main/app/src/main/jni/src/dictionary/property/word_property.h:38:51: note: in implicit copy constructor for 'latinime::UnigramProperty' first required here
build	Build DaddyBoard (HeliBoard fork)	2026-09-30T15:49:50.3038682Z C/C++:    38 |             : mCodePoints(std::move(codePoints)), mUnigramProperty(unigramProperty),
build	Build DaddyBoard (HeliBoard fork)	2026-09-30T15:49:50.3039113Z C/C++:       |                                                   ^
build	Build DaddyBoard (HeliBoard fork)	2026-09-30T15:49:50.3039718Z C/C++: In file included from /home/runner/work/daddyboard/daddyboard/daddyboard-main/app/src/main/jni/src/suggest/core/dictionary/dictionary.cpp:26:
build	Build DaddyBoard (HeliBoard fork)	2026-09-30T15:49:50.3040709Z C/C++: In file included from /home/runner/work/daddyboard/daddyboard/daddyboard-main/app/src/main/jni/src/suggest/core/session/dic_traverse_session.h:23:
build	Build DaddyBoard (HeliBoard fork)	2026-09-30T15:49:50.3041621Z C/C++: In file included from /home/runner/work/daddyboard/daddyboard/daddyboard-main/app/src/main/jni/src/dictionary/utils/multi_bigram_map.h:27:
build	Build DaddyBoard (HeliBoard fork)	2026-09-30T15:49:50.3042914Z C/C++: /home/runner/work/daddyboard/daddyboard/daddyboard-main/app/src/main/jni/src/dictionary/utils/bloom_filter.h:47:5: warning: definition of implicit copy constructor for 'BloomFilter' is deprecated because it has a user-declared copy assignment operator [-Wdeprecated-copy]
build	Build DaddyBoard (HeliBoard fork)	2026-09-30T15:49:50.3043932Z C/C++:    47 |     DISALLOW_ASSIGNMENT_OPERATOR(BloomFilter);
build	Build DaddyBoard (HeliBoard fork)	2026-09-30T15:49:50.3044229Z C/C++:       |     ^
build	Build DaddyBoard (HeliBoard fork)	2026-09-30T15:49:50.3044840Z C/C++: /home/runner/work/daddyboard/daddyboard/daddyboard-main/app/src/main/jni/src/defines.h:289:8: note: expanded from macro 'DISALLOW_ASSIGNMENT_OPERATOR'
build	Build DaddyBoard (HeliBoard fork)	2026-09-30T15:49:50.3045479Z C/C++:   289 |   void operator=(const TypeName&) = delete
build	Build DaddyBoard (HeliBoard fork)	2026-09-30T15:49:50.3045772Z C/C++:       |        ^
build	Build DaddyBoard (HeliBoard fork)	2026-09-30T15:49:50.3046488Z C/C++: /home/runner/work/daddyboard/daddyboard/daddyboard-main/app/src/main/jni/src/dictionary/utils/multi_bigram_map.h:57:53: note: in implicit copy constructor for 'latinime::BloomFilter' first required here
build	Build DaddyBoard (HeliBoard fork)	2026-09-30T15:49:50.3047406Z C/C++:    57 |                 : mBigramMap(bigramMap.mBigramMap), mBloomFilter(bigramMap.mBloomFilter) {}
build	Build DaddyBoard (HeliBoard fork)	2026-09-30T15:49:50.3047855Z C/C++:       |                                                     ^
build	Build DaddyBoard (HeliBoard fork)	2026-09-30T15:49:50.3048464Z C/C++: In file included from /home/runner/work/daddyboard/daddyboard/daddyboard-main/app/src/main/jni/src/suggest/core/dictionary/dictionary.cpp:19:
build	Build DaddyBoard (HeliBoard fork)	2026-09-30T15:49:50.3049433Z C/C++: In file included from /home/runner/work/daddyboard/daddyboard/daddyboard-main/app/src/main/jni/src/suggest/core/dictionary/dictionary.h:25:
build	Build DaddyBoard (HeliBoard fork)	2026-09-30T15:49:50.3050412Z C/C++: In file included from /home/runner/work/daddyboard/daddyboard/daddyboard-main/app/src/main/jni/src/dictionary/interface/dictionary_structure_with_buffer_policy.h:25:
build	Build DaddyBoard (HeliBoard fork)	2026-09-30T15:49:50.3051385Z C/C++: In file included from /home/runner/work/daddyboard/daddyboard/daddyboard-main/app/src/main/jni/src/dictionary/property/word_property.h:23:
build	Build DaddyBoard (HeliBoard fork)	2026-09-30T15:49:50.3052357Z C/C++: In file included from /home/runner/work/daddyboard/daddyboard/daddyboard-main/app/src/main/jni/src/dictionary/property/ngram_property.h:24:
build	Build DaddyBoard (HeliBoard fork)	2026-09-30T15:49:50.3053243Z C/C++: In file included from /home/runner/work/daddyboard/daddyboard/daddyboard-main/app/src/main/jni/src/dictionary/property/ngram_context.h:23:
build	Build DaddyBoard (HeliBoard fork)	2026-09-30T15:49:50.3054561Z C/C++: /home/runner/work/daddyboard/daddyboard/daddyboard-main/app/src/main/jni/src/utils/int_array_view.h:160:5: warning: definition of implicit copy constructor for 'IntArrayView' is deprecated because it has a user-declared copy assignment operator [-Wdeprecated-copy]
build	Build DaddyBoard (HeliBoard fork)	2026-09-30T15:49:50.3055581Z C/C++:   160 |     DISALLOW_ASSIGNMENT_OPERATOR(IntArrayView);
build	Build DaddyBoard (HeliBoard fork)	2026-09-30T15:49:50.3055874Z C/C++:       |     ^
build	Build DaddyBoard (HeliBoard fork)	2026-09-30T15:49:50.3056420Z C/C++: /home/runner/work/daddyboard/daddyboard/daddyboard-main/app/src/main/jni/src/defines.h:289:8: note: expanded from macro 'DISALLOW_ASSIGNMENT_OPERATOR'
build	Build DaddyBoard (HeliBoard fork)	2026-09-30T15:49:50.3057051Z C/C++:   289 |   void operator=(const TypeName&) = delete
build	Build DaddyBoard (HeliBoard fork)	2026-09-30T15:49:50.3057331Z C/C++:       |        ^
build	Build DaddyBoard (HeliBoard fork)	2026-09-30T15:49:50.3058037Z C/C++: /home/runner/work/daddyboard/daddyboard/daddyboard-main/app/src/main/jni/src/suggest/core/dicnode/dic_node.h:110:53: note: in implicit copy constructor for 'latinime::IntArrayView' first required here
build	Build DaddyBoard (HeliBoard fork)	2026-09-30T15:49:50.3058885Z C/C++:   110 |         mDicNodeProperties.init(rootPtNodeArrayPos, prevWordIds);
build	Build DaddyBoard (HeliBoard fork)	2026-09-30T15:49:50.3059281Z C/C++:       |                                                     ^
build	Build DaddyBoard (HeliBoard fork)	2026-09-30T15:49:50.3059898Z C/C++: In file included from /home/runner/work/daddyboard/daddyboard/daddyboard-main/app/src/main/jni/src/suggest/core/dictionary/dictionary.cpp:30:
build	Build DaddyBoard (HeliBoard fork)	2026-09-30T15:49:50.3060937Z C/C++: In file included from /home/runner/work/daddyboard/daddyboard/daddyboard-main/app/src/main/jni/src/suggest/policyimpl/typing/typing_suggest_policy_factory.h:21:
build	Build DaddyBoard (HeliBoard fork)	2026-09-30T15:49:50.3061935Z C/C++: In file included from /home/runner/work/daddyboard/daddyboard/daddyboard-main/app/src/main/jni/src/suggest/policyimpl/typing/typing_suggest_policy.h:23:
build	Build DaddyBoard (HeliBoard fork)	2026-09-30T15:49:50.3062883Z C/C++: In file included from /home/runner/work/daddyboard/daddyboard/daddyboard-main/app/src/main/jni/src/suggest/policyimpl/typing/typing_traversal.h:26:
build	Build DaddyBoard (HeliBoard fork)	2026-09-30T15:49:50.3064006Z C/C++: /home/runner/work/daddyboard/daddyboard/daddyboard-main/app/src/main/jni/src/suggest/core/layout/proximity_info_utils.h:75:25: warning: variable 'proximityChar' set but not used [-Wunused-but-set-variable]
build	Build DaddyBoard (HeliBoard fork)	2026-09-30T15:49:50.3064889Z C/C++:    75 |                     int proximityChar =
build	Build DaddyBoard (HeliBoard fork)	2026-09-30T15:49:50.3065178Z C/C++:       |                         ^
build	Build DaddyBoard (HeliBoard fork)	2026-09-30T15:49:50.3065746Z C/C++: In file included from /home/runner/work/daddyboard/daddyboard/daddyboard-main/app/src/main/jni/src/suggest/core/dictionary/dictionary.cpp:19:
build	Build DaddyBoard (HeliBoard fork)	2026-09-30T15:49:50.3066641Z C/C++: In file included from /home/runner/work/daddyboard/daddyboard/daddyboard-main/app/src/main/jni/src/suggest/core/dictionary/dictionary.h:25:
build	Build DaddyBoard (HeliBoard fork)	2026-09-30T15:49:50.3067609Z C/C++: In file included from /home/runner/work/daddyboard/daddyboard/daddyboard-main/app/src/main/jni/src/dictionary/interface/dictionary_structure_with_buffer_policy.h:25:
build	Build DaddyBoard (HeliBoard fork)	2026-09-30T15:49:50.3068578Z C/C++: In file included from /home/runner/work/daddyboard/daddyboard/daddyboard-main/app/src/main/jni/src/dictionary/property/word_property.h:23:
build	Build DaddyBoard (HeliBoard fork)	2026-09-30T15:49:50.3070006Z C/C++: /home/runner/work/daddyboard/daddyboard/daddyboard-main/app/src/main/jni/src/dictionary/property/ngram_property.h:54:5: warning: definition of implicit copy constructor for 'NgramProperty' is deprecated because it has a user-declared copy assignment operator [-Wdeprecated-copy]
build	Build DaddyBoard (HeliBoard fork)	2026-09-30T15:49:50.3071064Z C/C++:    54 |     DISALLOW_ASSIGNMENT_OPERATOR(NgramProperty);
build	Build DaddyBoard (HeliBoard fork)	2026-09-30T15:49:50.3071359Z C/C++:       |     ^
build	Build DaddyBoard (HeliBoard fork)	2026-09-30T15:49:50.3071912Z C/C++: /home/runner/work/daddyboard/daddyboard/daddyboard-main/app/src/main/jni/src/defines.h:289:8: note: expanded from macro 'DISALLOW_ASSIGNMENT_OPERATOR'
build	Build DaddyBoard (HeliBoard fork)	2026-09-30T15:49:50.3072549Z C/C++:   289 |   void operator=(const TypeName&) = delete
build	Build DaddyBoard (HeliBoard fork)	2026-09-30T15:49:50.3072829Z C/C++:       |        ^
build	Build DaddyBoard (HeliBoard fork)	2026-09-30T15:49:50.3073595Z C/C++: /usr/local/lib/android/sdk/ndk/28.0.13004108/toolchains/llvm/prebuilt/linux-x86_64/sysroot/usr/include/c++/v1/__memory/allocator.h:173:24: note: in implicit copy constructor for 'latinime::NgramProperty' first required here
build	Build DaddyBoard (HeliBoard fork)	2026-09-30T15:49:50.3074574Z C/C++:   173 |     ::new ((void*)__p) _Up(std::forward<_Args>(__args)...);
build	Build DaddyBoard (HeliBoard fork)	2026-09-30T15:49:50.3074932Z C/C++:       |                        ^
build	Build DaddyBoard (HeliBoard fork)	2026-09-30T15:49:50.3076046Z C/C++: /usr/local/lib/android/sdk/ndk/28.0.13004108/toolchains/llvm/prebuilt/linux-x86_64/sysroot/usr/include/c++/v1/__memory/allocator_traits.h:320:9: note: in instantiation of function template specialization 'std::allocator<latinime::NgramProperty>::construct<latinime::NgramProperty, latinime::NgramProperty &>' requested here
build	Build DaddyBoard (HeliBoard fork)	2026-09-30T15:49:50.3077229Z C/C++:   320 |     __a.construct(__p, std::forward<_Args>(__args)...);
build	Build DaddyBoard (HeliBoard fork)	2026-09-30T15:49:50.3077539Z C/C++:       |         ^
build	Build DaddyBoard (HeliBoard fork)	2026-09-30T15:49:50.3078737Z C/C++: /usr/local/lib/android/sdk/ndk/28.0.13004108/toolchains/llvm/prebuilt/linux-x86_64/sysroot/usr/include/c++/v1/__memory/uninitialized_algorithms.h:551:31: note: in instantiation of function template specialization 'std::allocator_traits<std::allocator<latinime::NgramProperty>>::construct<latinime::NgramProperty, latinime::NgramProperty &, 0>' requested here
build	Build DaddyBoard (HeliBoard fork)	2026-09-30T15:49:50.3080132Z C/C++:   551 |     allocator_traits<_Alloc>::construct(__alloc, std::__to_address(__first2), *__first1);
build	Build DaddyBoard (HeliBoard fork)	2026-09-30T15:49:50.3080562Z C/C++:       |                               ^
build	Build DaddyBoard (HeliBoard fork)	2026-09-30T15:49:50.3081959Z C/C++: /usr/local/lib/android/sdk/ndk/28.0.13004108/toolchains/llvm/prebuilt/linux-x86_64/sysroot/usr/include/c++/v1/__memory/uninitialized_algorithms.h:594:33: note: in instantiation of function template specialization 'std::__uninitialized_allocator_copy_impl<std::allocator<latinime::NgramProperty>, latinime::NgramProperty *, latinime::NgramProperty *, latinime::NgramProperty *>' requested here
build	Build DaddyBoard (HeliBoard fork)	2026-09-30T15:49:50.3083364Z C/C++:   594 |   auto __result          = std::__uninitialized_allocator_copy_impl(
build	Build DaddyBoard (HeliBoard fork)	2026-09-30T15:49:50.3083733Z C/C++:       |                                 ^
build	Build DaddyBoard (HeliBoard fork)	2026-09-30T15:49:50.3085029Z C/C++: /usr/local/lib/android/sdk/ndk/28.0.13004108/toolchains/llvm/prebuilt/linux-x86_64/sysroot/usr/include/c++/v1/vector:1100:22: note: in instantiation of function template specialization 'std::__uninitialized_allocator_copy<std::allocator<latinime::NgramProperty>, latinime::NgramProperty *, latinime::NgramProperty *, latinime::NgramProperty *>' requested here
build	Build DaddyBoard (HeliBoard fork)	2026-09-30T15:49:50.3086429Z C/C++:  1100 |   __tx.__pos_ = std::__uninitialized_allocator_copy(__alloc(), __first, __last, __tx.__pos_);
build	Build DaddyBoard (HeliBoard fork)	2026-09-30T15:49:50.3086861Z C/C++:       |                      ^
build	Build DaddyBoard (HeliBoard fork)	2026-09-30T15:49:50.3087915Z C/C++: /usr/local/lib/android/sdk/ndk/28.0.13004108/toolchains/llvm/prebuilt/linux-x86_64/sysroot/usr/include/c++/v1/vector:761:7: note: in instantiation of function template specialization 'std::vector<latinime::NgramProperty>::__construct_at_end<latinime::NgramProperty *, latinime::NgramProperty *>' requested here
build	Build DaddyBoard (HeliBoard fork)	2026-09-30T15:49:50.3089029Z C/C++:   761 |       __construct_at_end(__first, __last, __n);
build	Build DaddyBoard (HeliBoard fork)	2026-09-30T15:49:50.3089308Z C/C++:       |       ^
build	Build DaddyBoard (HeliBoard fork)	2026-09-30T15:49:50.3090326Z C/C++: /usr/local/lib/android/sdk/ndk/28.0.13004108/toolchains/llvm/prebuilt/linux-x86_64/sysroot/usr/include/c++/v1/vector:1213:3: note: in instantiation of function template specialization 'std::vector<latinime::NgramProperty>::__init_with_size<latinime::NgramProperty *, latinime::NgramProperty *>' requested here
build	Build DaddyBoard (HeliBoard fork)	2026-09-30T15:49:50.3091515Z C/C++:  1213 |   __init_with_size(__x.__begin_, __x.__end_, __x.size());
build	Build DaddyBoard (HeliBoard fork)	2026-09-30T15:49:50.3091820Z C/C++:       |   ^
build	Build DaddyBoard (HeliBoard fork)	2026-09-30T15:49:50.3092593Z C/C++: /home/runner/work/daddyboard/daddyboard/daddyboard-main/app/src/main/jni/src/dictionary/property/word_property.h:39:15: note: in instantiation of member function 'std::vector<latinime::NgramProperty>::vector' requested here
build	Build DaddyBoard (HeliBoard fork)	2026-09-30T15:49:50.3093435Z C/C++:    39 |               mNgrams(ngrams) {}
build	Build DaddyBoard (HeliBoard fork)	2026-09-30T15:49:50.3093697Z C/C++:       |               ^
build	Build DaddyBoard (HeliBoard fork)	2026-09-30T15:49:50.3093921Z C/C++: 6 warnings generated.
build	Build DaddyBoard (HeliBoard fork)	2026-09-30T15:49:50.3094551Z C/C++: In file included from /home/runner/work/daddyboard/daddyboard/daddyboard-main/app/src/main/jni/src/suggest/core/dictionary/dictionary_utils.cpp:19:
build	Build DaddyBoard (HeliBoard fork)	2026-09-30T15:49:50.3095547Z C/C++: In file included from /home/runner/work/daddyboard/daddyboard/daddyboard-main/app/src/main/jni/src/dictionary/interface/dictionary_structure_with_buffer_policy.h:23:
build	Build DaddyBoard (HeliBoard fork)	2026-09-30T15:49:50.3096981Z C/C++: /home/runner/work/daddyboard/daddyboard/daddyboard-main/app/src/main/jni/src/dictionary/property/historical_info.h:52:5: warning: definition of implicit copy constructor for 'HistoricalInfo' is deprecated because it has a user-declared copy assignment operator [-Wdeprecated-copy]
build	Build DaddyBoard (HeliBoard fork)	2026-09-30T15:49:50.3098038Z C/C++:    52 |     DISALLOW_ASSIGNMENT_OPERATOR(HistoricalInfo);
build	Build DaddyBoard (HeliBoard fork)	2026-09-30T15:49:50.3098340Z C/C++:       |     ^
build	Build DaddyBoard (HeliBoard fork)	2026-09-30T15:49:50.3098891Z C/C++: /home/runner/work/daddyboard/daddyboard/daddyboard-main/app/src/main/jni/src/defines.h:289:8: note: expanded from macro 'DISALLOW_ASSIGNMENT_OPERATOR'
build	Build DaddyBoard (HeliBoard fork)	2026-09-30T15:49:50.3099530Z C/C++:   289 |   void operator=(const TypeName&) = delete
build	Build DaddyBoard (HeliBoard fork)	2026-09-30T15:49:50.3099820Z C/C++:       |        ^
build	Build DaddyBoard (HeliBoard fork)	2026-09-30T15:49:50.3100556Z C/C++: /home/runner/work/daddyboard/daddyboard/daddyboard-main/app/src/main/jni/src/dictionary/property/ngram_property.h:33:42: note: in implicit copy constructor for 'latinime::HistoricalInfo' first required here
build	Build DaddyBoard (HeliBoard fork)	2026-09-30T15:49:50.3101442Z C/C++:    33 |               mProbability(probability), mHistoricalInfo(historicalInfo) {}
build	Build DaddyBoard (HeliBoard fork)	2026-09-30T15:49:50.3101889Z C/C++:       |                                          ^
build	Build DaddyBoard (HeliBoard fork)	2026-09-30T15:49:50.3102514Z C/C++: In file included from /home/runner/work/daddyboard/daddyboard/daddyboard-main/app/src/main/jni/src/suggest/core/dictionary/dictionary_utils.cpp:19:
build	Build DaddyBoard (HeliBoard fork)	2026-09-30T15:49:50.3103510Z C/C++: In file included from /home/runner/work/daddyboard/daddyboard/daddyboard-main/app/src/main/jni/src/dictionary/interface/dictionary_structure_with_buffer_policy.h:25:
build	Build DaddyBoard (HeliBoard fork)	2026-09-30T15:49:50.3104536Z C/C++: In file included from /home/runner/work/daddyboard/daddyboard/daddyboard-main/app/src/main/jni/src/dictionary/property/word_property.h:24:
build	Build DaddyBoard (HeliBoard fork)	2026-09-30T15:49:50.3105884Z C/C++: /home/runner/work/daddyboard/daddyboard/daddyboard-main/app/src/main/jni/src/dictionary/property/unigram_property.h:126:5: warning: definition of implicit copy constructor for 'UnigramProperty' is deprecated because it has a user-declared copy assignment operator [-Wdeprecated-copy]
build	Build DaddyBoard (HeliBoard fork)	2026-09-30T15:49:50.3106974Z C/C++:   126 |     DISALLOW_ASSIGNMENT_OPERATOR(UnigramProperty);
build	Build DaddyBoard (HeliBoard fork)	2026-09-30T15:49:50.3107277Z C/C++:       |     ^
build	Build DaddyBoard (HeliBoard fork)	2026-09-30T15:49:50.3107834Z C/C++: /home/runner/work/daddyboard/daddyboard/daddyboard-main/app/src/main/jni/src/defines.h:289:8: note: expanded from macro 'DISALLOW_ASSIGNMENT_OPERATOR'
build	Build DaddyBoard (HeliBoard fork)	2026-09-30T15:49:50.3108471Z C/C++:   289 |   void operator=(const TypeName&) = delete
build	Build DaddyBoard (HeliBoard fork)	2026-09-30T15:49:50.3108748Z C/C++:       |        ^
build	Build DaddyBoard (HeliBoard fork)	2026-09-30T15:49:50.3109494Z C/C++: /home/runner/work/daddyboard/daddyboard/daddyboard-main/app/src/main/jni/src/dictionary/property/word_property.h:38:51: note: in implicit copy constructor for 'latinime::UnigramProperty' first required here
build	Build DaddyBoard (HeliBoard fork)	2026-09-30T15:49:50.3110494Z C/C++:    38 |             : mCodePoints(std::move(codePoints)), mUnigramProperty(unigramProperty),
build	Build DaddyBoard (HeliBoard fork)	2026-09-30T15:49:50.3110915Z C/C++:       |                                                   ^
build	Build DaddyBoard (HeliBoard fork)	2026-09-30T15:49:50.3111535Z C/C++: In file included from /home/runner/work/daddyboard/daddyboard/daddyboard-main/app/src/main/jni/src/suggest/core/dictionary/dictionary_utils.cpp:17:
build	Build DaddyBoard (HeliBoard fork)	2026-09-30T15:49:50.3112502Z C/C++: In file included from /home/runner/work/daddyboard/daddyboard/daddyboard-main/app/src/main/jni/src/suggest/core/dictionary/dictionary_utils.h:23:
build	Build DaddyBoard (HeliBoard fork)	2026-09-30T15:49:50.3113788Z C/C++: /home/runner/work/daddyboard/daddyboard/daddyboard-main/app/src/main/jni/src/utils/int_array_view.h:160:5: warning: definition of implicit copy constructor for 'IntArrayView' is deprecated because it has a user-declared copy assignment operator [-Wdeprecated-copy]
build	Build DaddyBoard (HeliBoard fork)	2026-09-30T15:49:50.3114908Z C/C++:   160 |     DISALLOW_ASSIGNMENT_OPERATOR(IntArrayView);
build	Build DaddyBoard (HeliBoard fork)	2026-09-30T15:49:50.3115213Z C/C++:       |     ^
build	Build DaddyBoard (HeliBoard fork)	2026-09-30T15:49:50.3115767Z C/C++: /home/runner/work/daddyboard/daddyboard/daddyboard-main/app/src/main/jni/src/defines.h:289:8: note: expanded from macro 'DISALLOW_ASSIGNMENT_OPERATOR'
build	Build DaddyBoard (HeliBoard fork)	2026-09-30T15:49:50.3116423Z C/C++:   289 |   void operator=(const TypeName&) = delete
build	Build DaddyBoard (HeliBoard fork)	2026-09-30T15:49:50.3116708Z C/C++:       |        ^
build	Build DaddyBoard (HeliBoard fork)	2026-09-30T15:49:50.3117417Z C/C++: /home/runner/work/daddyboard/daddyboard/daddyboard-main/app/src/main/jni/src/suggest/core/dicnode/dic_node.h:110:53: note: in implicit copy constructor for 'latinime::IntArrayView' first required here
build	Build DaddyBoard (HeliBoard fork)	2026-09-30T15:49:50.3118278Z C/C++:   110 |         mDicNodeProperties.init(rootPtNodeArrayPos, prevWordIds);
build	Build DaddyBoard (HeliBoard fork)	2026-09-30T15:49:50.3118667Z C/C++:       |                                                     ^
build	Build DaddyBoard (HeliBoard fork)	2026-09-30T15:49:50.3119293Z C/C++: In file included from /home/runner/work/daddyboard/daddyboard/daddyboard-main/app/src/main/jni/src/suggest/core/dictionary/dictionary_utils.cpp:19:
build	Build DaddyBoard (HeliBoard fork)	2026-09-30T15:49:50.3120294Z C/C++: In file included from /home/runner/work/daddyboard/daddyboard/daddyboard-main/app/src/main/jni/src/dictionary/interface/dictionary_structure_with_buffer_policy.h:25:
build	Build DaddyBoard (HeliBoard fork)	2026-09-30T15:49:50.3121270Z C/C++: In file included from /home/runner/work/daddyboard/daddyboard/daddyboard-main/app/src/main/jni/src/dictionary/property/word_property.h:23:
build	Build DaddyBoard (HeliBoard fork)	2026-09-30T15:49:50.3122659Z C/C++: /home/runner/work/daddyboard/daddyboard/daddyboard-main/app/src/main/jni/src/dictionary/property/ngram_property.h:54:5: warning: definition of implicit copy constructor for 'NgramProperty' is deprecated because it has a user-declared copy assignment operator [-Wdeprecated-copy]
build	Build DaddyBoard (HeliBoard fork)	2026-09-30T15:49:50.3123712Z C/C++:    54 |     DISALLOW_ASSIGNMENT_OPERATOR(NgramProperty);
build	Build DaddyBoard (HeliBoard fork)	2026-09-30T15:49:50.3124003Z C/C++:       |     ^
build	Build DaddyBoard (HeliBoard fork)	2026-09-30T15:49:50.3124608Z C/C++: /home/runner/work/daddyboard/daddyboard/daddyboard-main/app/src/main/jni/src/defines.h:289:8: note: expanded from macro 'DISALLOW_ASSIGNMENT_OPERATOR'
build	Build DaddyBoard (HeliBoard fork)	2026-09-30T15:49:50.3125247Z C/C++:   289 |   void operator=(const TypeName&) = delete
build	Build DaddyBoard (HeliBoard fork)	2026-09-30T15:49:50.3125532Z C/C++:       |        ^
build	Build DaddyBoard (HeliBoard fork)	2026-09-30T15:49:50.3126292Z C/C++: /usr/local/lib/android/sdk/ndk/28.0.13004108/toolchains/llvm/prebuilt/linux-x86_64/sysroot/usr/include/c++/v1/__memory/allocator.h:173:24: note: in implicit copy constructor for 'latinime::NgramProperty' first required here
build	Build DaddyBoard (HeliBoard fork)	2026-09-30T15:49:50.3127158Z C/C++:   173 |     ::new ((void*)__p) _Up(std::forward<_Args>(__args)...);
build	Build DaddyBoard (HeliBoard fork)	2026-09-30T15:49:50.3127476Z C/C++:       |                        ^
build	Build DaddyBoard (HeliBoard fork)	2026-09-30T15:49:50.3128587Z C/C++: /usr/local/lib/android/sdk/ndk/28.0.13004108/toolchains/llvm/prebuilt/linux-x86_64/sysroot/usr/include/c++/v1/__memory/allocator_traits.h:320:9: note: in instantiation of function template specialization 'std::allocator<latinime::NgramProperty>::construct<latinime::NgramProperty, latinime::NgramProperty &>' requested here
build	Build DaddyBoard (HeliBoard fork)	2026-09-30T15:49:50.3129756Z C/C++:   320 |     __a.construct(__p, std::forward<_Args>(__args)...);
build	Build DaddyBoard (HeliBoard fork)	2026-09-30T15:49:50.3130132Z C/C++:       |         ^
build	Build DaddyBoard (HeliBoard fork)	2026-09-30T15:49:50.3131313Z C/C++: /usr/local/lib/android/sdk/ndk/28.0.13004108/toolchains/llvm/prebuilt/linux-x86_64/sysroot/usr/include/c++/v1/__memory/uninitialized_algorithms.h:551:31: note: in instantiation of function template specialization 'std::allocator_traits<std::allocator<latinime::NgramProperty>>::construct<latinime::NgramProperty, latinime::NgramProperty &, 0>' requested here
build	Build DaddyBoard (HeliBoard fork)	2026-09-30T15:49:50.3132692Z C/C++:   551 |     allocator_traits<_Alloc>::construct(__alloc, std::__to_address(__first2), *__first1);
build	Build DaddyBoard (HeliBoard fork)	2026-09-30T15:49:50.3133111Z C/C++:       |                               ^
build	Build DaddyBoard (HeliBoard fork)	2026-09-30T15:49:50.3134502Z C/C++: /usr/local/lib/android/sdk/ndk/28.0.13004108/toolchains/llvm/prebuilt/linux-x86_64/sysroot/usr/include/c++/v1/__memory/uninitialized_algorithms.h:594:33: note: in instantiation of function template specialization 'std::__uninitialized_allocator_copy_impl<std::allocator<latinime::NgramProperty>, latinime::NgramProperty *, latinime::NgramProperty *, latinime::NgramProperty *>' requested here
build	Build DaddyBoard (HeliBoard fork)	2026-09-30T15:49:50.3135932Z C/C++:   594 |   auto __result          = std::__uninitialized_allocator_copy_impl(
build	Build DaddyBoard (HeliBoard fork)	2026-09-30T15:49:50.3136289Z C/C++:       |                                 ^
build	Build DaddyBoard (HeliBoard fork)	2026-09-30T15:49:50.3137512Z C/C++: /usr/local/lib/android/sdk/ndk/28.0.13004108/toolchains/llvm/prebuilt/linux-x86_64/sysroot/usr/include/c++/v1/vector:1100:22: note: in instantiation of function template specialization 'std::__uninitialized_allocator_copy<std::allocator<latinime::NgramProperty>, latinime::NgramProperty *, latinime::NgramProperty *, latinime::NgramProperty *>' requested here
build	Build DaddyBoard (HeliBoard fork)	2026-09-30T15:49:50.3138898Z C/C++:  1100 |   __tx.__pos_ = std::__uninitialized_allocator_copy(__alloc(), __first, __last, __tx.__pos_);
build	Build DaddyBoard (HeliBoard fork)	2026-09-30T15:49:50.3139324Z C/C++:       |                      ^
build	Build DaddyBoard (HeliBoard fork)	2026-09-30T15:49:50.3140376Z C/C++: /usr/local/lib/android/sdk/ndk/28.0.13004108/toolchains/llvm/prebuilt/linux-x86_64/sysroot/usr/include/c++/v1/vector:761:7: note: in instantiation of function template specialization 'std::vector<latinime::NgramProperty>::__construct_at_end<latinime::NgramProperty *, latinime::NgramProperty *>' requested here
build	Build DaddyBoard (HeliBoard fork)	2026-09-30T15:49:50.3141495Z C/C++:   761 |       __construct_at_end(__first, __last, __n);
build	Build DaddyBoard (HeliBoard fork)	2026-09-30T15:49:50.3141782Z C/C++:       |       ^
build	Build DaddyBoard (HeliBoard fork)	2026-09-30T15:49:50.3142867Z C/C++: /usr/local/lib/android/sdk/ndk/28.0.13004108/toolchains/llvm/prebuilt/linux-x86_64/sysroot/usr/include/c++/v1/vector:1213:3: note: in instantiation of function template specialization 'std::vector<latinime::NgramProperty>::__init_with_size<latinime::NgramProperty *, latinime::NgramProperty *>' requested here
build	Build DaddyBoard (HeliBoard fork)	2026-09-30T15:49:50.3143985Z C/C++:  1213 |   __init_with_size(__x.__begin_, __x.__end_, __x.size());
build	Build DaddyBoard (HeliBoard fork)	2026-09-30T15:49:50.3144292Z C/C++:       |   ^
build	Build DaddyBoard (HeliBoard fork)	2026-09-30T15:49:50.3145131Z C/C++: /home/runner/work/daddyboard/daddyboard/daddyboard-main/app/src/main/jni/src/dictionary/property/word_property.h:39:15: note: in instantiation of member function 'std::vector<latinime::NgramProperty>::vector' requested here
build	Build DaddyBoard (HeliBoard fork)	2026-09-30T15:49:50.3145979Z C/C++:    39 |               mNgrams(ngrams) {}
build	Build DaddyBoard (HeliBoard fork)	2026-09-30T15:49:50.3146240Z C/C++:       |               ^
build	Build DaddyBoard (HeliBoard fork)	2026-09-30T15:49:50.3146470Z C/C++: 4 warnings generated.
build	Build DaddyBoard (HeliBoard fork)	2026-09-30T15:49:50.3147025Z C/C++: In file included from /home/runner/work/daddyboard/daddyboard/daddyboard-main/app/src/main/jni/src/suggest/core/layout/proximity_info.cpp:19:
build	Build DaddyBoard (HeliBoard fork)	2026-09-30T15:49:50.3147923Z C/C++: In file included from /home/runner/work/daddyboard/daddyboard/daddyboard-main/app/src/main/jni/src/suggest/core/layout/proximity_info.h:25:
build	Build DaddyBoard (HeliBoard fork)	2026-09-30T15:49:50.3149031Z C/C++: /home/runner/work/daddyboard/daddyboard/daddyboard-main/app/src/main/jni/src/suggest/core/layout/proximity_info_utils.h:75:25: warning: variable 'proximityChar' set but not used [-Wunused-but-set-variable]
build	Build DaddyBoard (HeliBoard fork)	2026-09-30T15:49:50.3149857Z C/C++:    75 |                     int proximityChar =
build	Build DaddyBoard (HeliBoard fork)	2026-09-30T15:49:50.3150143Z C/C++:       |                         ^
build	Build DaddyBoard (HeliBoard fork)	2026-09-30T15:49:50.3150382Z C/C++: 1 warning generated.
build	Build DaddyBoard (HeliBoard fork)	2026-09-30T15:49:50.3151013Z C/C++: In file included from /home/runner/work/daddyboard/daddyboard/daddyboard-main/app/src/main/jni/src/suggest/core/layout/proximity_info_state.cpp:29:
build	Build DaddyBoard (HeliBoard fork)	2026-09-30T15:49:50.3151922Z C/C++: In file included from /home/runner/work/daddyboard/daddyboard/daddyboard-main/app/src/main/jni/src/suggest/core/layout/proximity_info.h:25:
build	Build DaddyBoard (HeliBoard fork)	2026-09-30T15:49:50.3153022Z C/C++: /home/runner/work/daddyboard/daddyboard/daddyboard-main/app/src/main/jni/src/suggest/core/layout/proximity_info_utils.h:75:25: warning: variable 'proximityChar' set but not used [-Wunused-but-set-variable]
build	Build DaddyBoard (HeliBoard fork)	2026-09-30T15:49:50.3153836Z C/C++:    75 |                     int proximityChar =
build	Build DaddyBoard (HeliBoard fork)	2026-09-30T15:49:50.3154118Z C/C++:       |                         ^
build	Build DaddyBoard (HeliBoard fork)	2026-09-30T15:49:50.3154409Z C/C++: 1 warning generated.
build	Build DaddyBoard (HeliBoard fork)	2026-09-30T15:49:50.3155060Z C/C++: In file included from /home/runner/work/daddyboard/daddyboard/daddyboard-main/app/src/main/jni/src/suggest/core/layout/proximity_info_state_utils.cpp:29:
build	Build DaddyBoard (HeliBoard fork)	2026-09-30T15:49:50.3155990Z C/C++: In file included from /home/runner/work/daddyboard/daddyboard/daddyboard-main/app/src/main/jni/src/suggest/core/layout/proximity_info.h:25:
build	Build DaddyBoard (HeliBoard fork)	2026-09-30T15:49:50.3157078Z C/C++: /home/runner/work/daddyboard/daddyboard/daddyboard-main/app/src/main/jni/src/suggest/core/layout/proximity_info_utils.h:75:25: warning: variable 'proximityChar' set but not used [-Wunused-but-set-variable]
build	Build DaddyBoard (HeliBoard fork)	2026-09-30T15:49:50.3157884Z C/C++:    75 |                     int proximityChar =
build	Build DaddyBoard (HeliBoard fork)	2026-09-30T15:49:50.3158164Z C/C++:       |                         ^
build	Build DaddyBoard (HeliBoard fork)	2026-09-30T15:49:50.3158933Z C/C++: /home/runner/work/daddyboard/daddyboard/daddyboard-main/app/src/main/jni/src/suggest/core/layout/proximity_info_state_utils.cpp:493:9: warning: variable 'tempTime' set but not used [-Wunused-but-set-variable]
build	Build DaddyBoard (HeliBoard fork)	2026-09-30T15:49:50.3159726Z C/C++:   493 |     int tempTime = 0;
build	Build DaddyBoard (HeliBoard fork)	2026-09-30T15:49:50.3159961Z C/C++:       |         ^
build	Build DaddyBoard (HeliBoard fork)	2026-09-30T15:49:50.3160180Z C/C++: 2 warnings generated.
build	Build DaddyBoard (HeliBoard fork)	2026-09-30T15:49:50.3160720Z C/C++: In file included from /home/runner/work/daddyboard/daddyboard/daddyboard-main/app/src/main/jni/src/suggest/core/policy/weighting.cpp:20:
build	Build DaddyBoard (HeliBoard fork)	2026-09-30T15:49:50.3161585Z C/C++: In file included from /home/runner/work/daddyboard/daddyboard/daddyboard-main/app/src/main/jni/src/suggest/core/dicnode/dic_node.h:22:
build	Build DaddyBoard (HeliBoard fork)	2026-09-30T15:49:50.3162532Z C/C++: In file included from /home/runner/work/daddyboard/daddyboard/daddyboard-main/app/src/main/jni/src/suggest/core/dicnode/dic_node_utils.h:21:
build	Build DaddyBoard (HeliBoard fork)	2026-09-30T15:49:50.3163811Z C/C++: /home/runner/work/daddyboard/daddyboard/daddyboard-main/app/src/main/jni/src/utils/int_array_view.h:160:5: warning: definition of implicit copy constructor for 'IntArrayView' is deprecated because it has a user-declared copy assignment operator [-Wdeprecated-copy]
build	Build DaddyBoard (HeliBoard fork)	2026-09-30T15:49:50.3164864Z C/C++:   160 |     DISALLOW_ASSIGNMENT_OPERATOR(IntArrayView);
build	Build DaddyBoard (HeliBoard fork)	2026-09-30T15:49:50.3165241Z C/C++:       |     ^
build	Build DaddyBoard (HeliBoard fork)	2026-09-30T15:49:50.3165847Z C/C++: /home/runner/work/daddyboard/daddyboard/daddyboard-main/app/src/main/jni/src/defines.h:289:8: note: expanded from macro 'DISALLOW_ASSIGNMENT_OPERATOR'
build	Build DaddyBoard (HeliBoard fork)	2026-09-30T15:49:50.3166486Z C/C++:   289 |   void operator=(const TypeName&) = delete
build	Build DaddyBoard (HeliBoard fork)	2026-09-30T15:49:50.3166766Z C/C++:       |        ^
build	Build DaddyBoard (HeliBoard fork)	2026-09-30T15:49:50.3167486Z C/C++: /home/runner/work/daddyboard/daddyboard/daddyboard-main/app/src/main/jni/src/suggest/core/dicnode/dic_node.h:110:53: note: in implicit copy constructor for 'latinime::IntArrayView' first required here
build	Build DaddyBoard (HeliBoard fork)	2026-09-30T15:49:50.3168342Z C/C++:   110 |         mDicNodeProperties.init(rootPtNodeArrayPos, prevWordIds);
build	Build DaddyBoard (HeliBoard fork)	2026-09-30T15:49:50.3168739Z C/C++:       |                                                     ^
build	Build DaddyBoard (HeliBoard fork)	2026-09-30T15:49:50.3169325Z C/C++: In file included from /home/runner/work/daddyboard/daddyboard/daddyboard-main/app/src/main/jni/src/suggest/core/policy/weighting.cpp:24:
build	Build DaddyBoard (HeliBoard fork)	2026-09-30T15:49:50.3170224Z C/C++: In file included from /home/runner/work/daddyboard/daddyboard/daddyboard-main/app/src/main/jni/src/suggest/core/session/dic_traverse_session.h:23:
build	Build DaddyBoard (HeliBoard fork)	2026-09-30T15:49:50.3171209Z C/C++: In file included from /home/runner/work/daddyboard/daddyboard/daddyboard-main/app/src/main/jni/src/dictionary/utils/multi_bigram_map.h:24:
build	Build DaddyBoard (HeliBoard fork)	2026-09-30T15:49:50.3172188Z C/C++: In file included from /home/runner/work/daddyboard/daddyboard/daddyboard-main/app/src/main/jni/src/dictionary/interface/dictionary_structure_with_buffer_policy.h:23:
build	Build DaddyBoard (HeliBoard fork)	2026-09-30T15:49:50.3173608Z C/C++: /home/runner/work/daddyboard/daddyboard/daddyboard-main/app/src/main/jni/src/dictionary/property/historical_info.h:52:5: warning: definition of implicit copy constructor for 'HistoricalInfo' is deprecated because it has a user-declared copy assignment operator [-Wdeprecated-copy]
build	Build DaddyBoard (HeliBoard fork)	2026-09-30T15:49:50.3174741Z C/C++:    52 |     DISALLOW_ASSIGNMENT_OPERATOR(HistoricalInfo);
build	Build DaddyBoard (HeliBoard fork)	2026-09-30T15:49:50.3175037Z C/C++:       |     ^
build	Build DaddyBoard (HeliBoard fork)	2026-09-30T15:49:50.3175584Z C/C++: /home/runner/work/daddyboard/daddyboard/daddyboard-main/app/src/main/jni/src/defines.h:289:8: note: expanded from macro 'DISALLOW_ASSIGNMENT_OPERATOR'
build	Build DaddyBoard (HeliBoard fork)	2026-09-30T15:49:50.3176225Z C/C++:   289 |   void operator=(const TypeName&) = delete
build	Build DaddyBoard (HeliBoard fork)	2026-09-30T15:49:50.3176511Z C/C++:       |        ^
build	Build DaddyBoard (HeliBoard fork)	2026-09-30T15:49:50.3177242Z C/C++: /home/runner/work/daddyboard/daddyboard/daddyboard-main/app/src/main/jni/src/dictionary/property/ngram_property.h:33:42: note: in implicit copy constructor for 'latinime::HistoricalInfo' first required here
build	Build DaddyBoard (HeliBoard fork)	2026-09-30T15:49:50.3178120Z C/C++:    33 |               mProbability(probability), mHistoricalInfo(historicalInfo) {}
build	Build DaddyBoard (HeliBoard fork)	2026-09-30T15:49:50.3178500Z C/C++:       |                                          ^
build	Build DaddyBoard (HeliBoard fork)	2026-09-30T15:49:50.3179077Z C/C++: In file included from /home/runner/work/daddyboard/daddyboard/daddyboard-main/app/src/main/jni/src/suggest/core/policy/weighting.cpp:24:
build	Build DaddyBoard (HeliBoard fork)	2026-09-30T15:49:50.3179964Z C/C++: In file included from /home/runner/work/daddyboard/daddyboard/daddyboard-main/app/src/main/jni/src/suggest/core/session/dic_traverse_session.h:23:
build	Build DaddyBoard (HeliBoard fork)	2026-09-30T15:49:50.3180872Z C/C++: In file included from /home/runner/work/daddyboard/daddyboard/daddyboard-main/app/src/main/jni/src/dictionary/utils/multi_bigram_map.h:24:
build	Build DaddyBoard (HeliBoard fork)	2026-09-30T15:49:50.3181842Z C/C++: In file included from /home/runner/work/daddyboard/daddyboard/daddyboard-main/app/src/main/jni/src/dictionary/interface/dictionary_structure_with_buffer_policy.h:25:
build	Build DaddyBoard (HeliBoard fork)	2026-09-30T15:49:50.3183111Z C/C++: In file included from /home/runner/work/daddyboard/daddyboard/daddyboard-main/app/src/main/jni/src/dictionary/property/word_property.h:24:
build	Build DaddyBoard (HeliBoard fork)	2026-09-30T15:49:50.3184496Z C/C++: /home/runner/work/daddyboard/daddyboard/daddyboard-main/app/src/main/jni/src/dictionary/property/unigram_property.h:126:5: warning: definition of implicit copy constructor for 'UnigramProperty' is deprecated because it has a user-declared copy assignment operator [-Wdeprecated-copy]
build	Build DaddyBoard (HeliBoard fork)	2026-09-30T15:49:50.3185580Z C/C++:   126 |     DISALLOW_ASSIGNMENT_OPERATOR(UnigramProperty);
build	Build DaddyBoard (HeliBoard fork)	2026-09-30T15:49:50.3185883Z C/C++:       |     ^
build	Build DaddyBoard (HeliBoard fork)	2026-09-30T15:49:50.3186444Z C/C++: /home/runner/work/daddyboard/daddyboard/daddyboard-main/app/src/main/jni/src/defines.h:289:8: note: expanded from macro 'DISALLOW_ASSIGNMENT_OPERATOR'
build	Build DaddyBoard (HeliBoard fork)	2026-09-30T15:49:50.3187084Z C/C++:   289 |   void operator=(const TypeName&) = delete
build	Build DaddyBoard (HeliBoard fork)	2026-09-30T15:49:50.3187362Z C/C++:       |        ^
build	Build DaddyBoard (HeliBoard fork)	2026-09-30T15:49:50.3188092Z C/C++: /home/runner/work/daddyboard/daddyboard/daddyboard-main/app/src/main/jni/src/dictionary/property/word_property.h:38:51: note: in implicit copy constructor for 'latinime::UnigramProperty' first required here
build	Build DaddyBoard (HeliBoard fork)	2026-09-30T15:49:50.3188999Z C/C++:    38 |             : mCodePoints(std::move(codePoints)), mUnigramProperty(unigramProperty),
build	Build DaddyBoard (HeliBoard fork)	2026-09-30T15:49:50.3189421Z C/C++:       |                                                   ^
build	Build DaddyBoard (HeliBoard fork)	2026-09-30T15:49:50.3190005Z C/C++: In file included from /home/runner/work/daddyboard/daddyboard/daddyboard-main/app/src/main/jni/src/suggest/core/policy/weighting.cpp:24:
build	Build DaddyBoard (HeliBoard fork)	2026-09-30T15:49:50.3190909Z C/C++: In file included from /home/runner/work/daddyboard/daddyboard/daddyboard-main/app/src/main/jni/src/suggest/core/session/dic_traverse_session.h:23:
build	Build DaddyBoard (HeliBoard fork)	2026-09-30T15:49:50.3191874Z C/C++: In file included from /home/runner/work/daddyboard/daddyboard/daddyboard-main/app/src/main/jni/src/dictionary/utils/multi_bigram_map.h:27:
build	Build DaddyBoard (HeliBoard fork)	2026-09-30T15:49:50.3193162Z C/C++: /home/runner/work/daddyboard/daddyboard/daddyboard-main/app/src/main/jni/src/dictionary/utils/bloom_filter.h:47:5: warning: definition of implicit copy constructor for 'BloomFilter' is deprecated because it has a user-declared copy assignment operator [-Wdeprecated-copy]
build	Build DaddyBoard (HeliBoard fork)	2026-09-30T15:49:50.3194189Z C/C++:    47 |     DISALLOW_ASSIGNMENT_OPERATOR(BloomFilter);
build	Build DaddyBoard (HeliBoard fork)	2026-09-30T15:49:50.3194590Z C/C++:       |     ^
build	Build DaddyBoard (HeliBoard fork)	2026-09-30T15:49:50.3195149Z C/C++: /home/runner/work/daddyboard/daddyboard/daddyboard-main/app/src/main/jni/src/defines.h:289:8: note: expanded from macro 'DISALLOW_ASSIGNMENT_OPERATOR'
build	Build DaddyBoard (HeliBoard fork)	2026-09-30T15:49:50.3195801Z C/C++:   289 |   void operator=(const TypeName&) = delete
build	Build DaddyBoard (HeliBoard fork)	2026-09-30T15:49:50.3196081Z C/C++:       |        ^
build	Build DaddyBoard (HeliBoard fork)	2026-09-30T15:49:50.3196822Z C/C++: /home/runner/work/daddyboard/daddyboard/daddyboard-main/app/src/main/jni/src/dictionary/utils/multi_bigram_map.h:57:53: note: in implicit copy constructor for 'latinime::BloomFilter' first required here
build	Build DaddyBoard (HeliBoard fork)	2026-09-30T15:49:50.3197745Z C/C++:    57 |                 : mBigramMap(bigramMap.mBigramMap), mBloomFilter(bigramMap.mBloomFilter) {}
build	Build DaddyBoard (HeliBoard fork)	2026-09-30T15:49:50.3198197Z C/C++:       |                                                     ^
build	Build DaddyBoard (HeliBoard fork)	2026-09-30T15:49:50.3198790Z C/C++: In file included from /home/runner/work/daddyboard/daddyboard/daddyboard-main/app/src/main/jni/src/suggest/core/policy/weighting.cpp:24:
build	Build DaddyBoard (HeliBoard fork)	2026-09-30T15:49:50.3199700Z C/C++: In file included from /home/runner/work/daddyboard/daddyboard/daddyboard-main/app/src/main/jni/src/suggest/core/session/dic_traverse_session.h:23:
build	Build DaddyBoard (HeliBoard fork)	2026-09-30T15:49:50.3200601Z C/C++: In file included from /home/runner/work/daddyboard/daddyboard/daddyboard-main/app/src/main/jni/src/dictionary/utils/multi_bigram_map.h:24:
build	Build DaddyBoard (HeliBoard fork)	2026-09-30T15:49:50.3201569Z C/C++: In file included from /home/runner/work/daddyboard/daddyboard/daddyboard-main/app/src/main/jni/src/dictionary/interface/dictionary_structure_with_buffer_policy.h:25:
build	Build DaddyBoard (HeliBoard fork)	2026-09-30T15:49:50.3202545Z C/C++: In file included from /home/runner/work/daddyboard/daddyboard/daddyboard-main/app/src/main/jni/src/dictionary/property/word_property.h:23:
build	Build DaddyBoard (HeliBoard fork)	2026-09-30T15:49:50.3203959Z C/C++: /home/runner/work/daddyboard/daddyboard/daddyboard-main/app/src/main/jni/src/dictionary/property/ngram_property.h:54:5: warning: definition of implicit copy constructor for 'NgramProperty' is deprecated because it has a user-declared copy assignment operator [-Wdeprecated-copy]
build	Build DaddyBoard (HeliBoard fork)	2026-09-30T15:49:50.3205082Z C/C++:    54 |     DISALLOW_ASSIGNMENT_OPERATOR(NgramProperty);
build	Build DaddyBoard (HeliBoard fork)	2026-09-30T15:49:50.3205380Z C/C++:       |     ^
build	Build DaddyBoard (HeliBoard fork)	2026-09-30T15:49:50.3205931Z C/C++: /home/runner/work/daddyboard/daddyboard/daddyboard-main/app/src/main/jni/src/defines.h:289:8: note: expanded from macro 'DISALLOW_ASSIGNMENT_OPERATOR'
build	Build DaddyBoard (HeliBoard fork)	2026-09-30T15:49:50.3206573Z C/C++:   289 |   void operator=(const TypeName&) = delete
build	Build DaddyBoard (HeliBoard fork)	2026-09-30T15:49:50.3206865Z C/C++:       |        ^
build	Build DaddyBoard (HeliBoard fork)	2026-09-30T15:49:50.3207629Z C/C++: /usr/local/lib/android/sdk/ndk/28.0.13004108/toolchains/llvm/prebuilt/linux-x86_64/sysroot/usr/include/c++/v1/__memory/allocator.h:173:24: note: in implicit copy constructor for 'latinime::NgramProperty' first required here
build	Build DaddyBoard (HeliBoard fork)	2026-09-30T15:49:50.3208501Z C/C++:   173 |     ::new ((void*)__p) _Up(std::forward<_Args>(__args)...);
build	Build DaddyBoard (HeliBoard fork)	2026-09-30T15:49:50.3208830Z C/C++:       |                        ^
build	Build DaddyBoard (HeliBoard fork)	2026-09-30T15:49:50.3209937Z C/C++: /usr/local/lib/android/sdk/ndk/28.0.13004108/toolchains/llvm/prebuilt/linux-x86_64/sysroot/usr/include/c++/v1/__memory/allocator_traits.h:320:9: note: in instantiation of function template specialization 'std::allocator<latinime::NgramProperty>::construct<latinime::NgramProperty, latinime::NgramProperty &>' requested here
build	Build DaddyBoard (HeliBoard fork)	2026-09-30T15:49:50.3211105Z C/C++:   320 |     __a.construct(__p, std::forward<_Args>(__args)...);
build	Build DaddyBoard (HeliBoard fork)	2026-09-30T15:49:50.3211412Z C/C++:       |         ^
build	Build DaddyBoard (HeliBoard fork)	2026-09-30T15:49:50.3212679Z C/C++: /usr/local/lib/android/sdk/ndk/28.0.13004108/toolchains/llvm/prebuilt/linux-x86_64/sysroot/usr/include/c++/v1/__memory/uninitialized_algorithms.h:551:31: note: in instantiation of function template specialization 'std::allocator_traits<std::allocator<latinime::NgramProperty>>::construct<latinime::NgramProperty, latinime::NgramProperty &, 0>' requested here
build	Build DaddyBoard (HeliBoard fork)	2026-09-30T15:49:50.3214065Z C/C++:   551 |     allocator_traits<_Alloc>::construct(__alloc, std::__to_address(__first2), *__first1);
build	Build DaddyBoard (HeliBoard fork)	2026-09-30T15:49:50.3214557Z C/C++:       |                               ^
build	Build DaddyBoard (HeliBoard fork)	2026-09-30T15:49:50.3215888Z C/C++: /usr/local/lib/android/sdk/ndk/28.0.13004108/toolchains/llvm/prebuilt/linux-x86_64/sysroot/usr/include/c++/v1/__memory/uninitialized_algorithms.h:594:33: note: in instantiation of function template specialization 'std::__uninitialized_allocator_copy_impl<std::allocator<latinime::NgramProperty>, latinime::NgramProperty *, latinime::NgramProperty *, latinime::NgramProperty *>' requested here
build	Build DaddyBoard (HeliBoard fork)	2026-09-30T15:49:50.3217307Z C/C++:   594 |   auto __result          = std::__uninitialized_allocator_copy_impl(
build	Build DaddyBoard (HeliBoard fork)	2026-09-30T15:49:50.3217671Z C/C++:       |                                 ^
build	Build DaddyBoard (HeliBoard fork)	2026-09-30T15:49:50.3218889Z C/C++: /usr/local/lib/android/sdk/ndk/28.0.13004108/toolchains/llvm/prebuilt/linux-x86_64/sysroot/usr/include/c++/v1/vector:1100:22: note: in instantiation of function template specialization 'std::__uninitialized_allocator_copy<std::allocator<latinime::NgramProperty>, latinime::NgramProperty *, latinime::NgramProperty *, latinime::NgramProperty *>' requested here
build	Build DaddyBoard (HeliBoard fork)	2026-09-30T15:49:50.3220293Z C/C++:  1100 |   __tx.__pos_ = std::__uninitialized_allocator_copy(__alloc(), __first, __last, __tx.__pos_);
build	Build DaddyBoard (HeliBoard fork)	2026-09-30T15:49:50.3220718Z C/C++:       |                      ^
build	Build DaddyBoard (HeliBoard fork)	2026-09-30T15:49:50.3221774Z C/C++: /usr/local/lib/android/sdk/ndk/28.0.13004108/toolchains/llvm/prebuilt/linux-x86_64/sysroot/usr/include/c++/v1/vector:761:7: note: in instantiation of function template specialization 'std::vector<latinime::NgramProperty>::__construct_at_end<latinime::NgramProperty *, latinime::NgramProperty *>' requested here
build	Build DaddyBoard (HeliBoard fork)	2026-09-30T15:49:50.3222888Z C/C++:   761 |       __construct_at_end(__first, __last, __n);
build	Build DaddyBoard (HeliBoard fork)	2026-09-30T15:49:50.3223179Z C/C++:       |       ^
build	Build DaddyBoard (HeliBoard fork)	2026-09-30T15:49:50.3224300Z C/C++: /usr/local/lib/android/sdk/ndk/28.0.13004108/toolchains/llvm/prebuilt/linux-x86_64/sysroot/usr/include/c++/v1/vector:1213:3: note: in instantiation of function template specialization 'std::vector<latinime::NgramProperty>::__init_with_size<latinime::NgramProperty *, latinime::NgramProperty *>' requested here
build	Build DaddyBoard (HeliBoard fork)	2026-09-30T15:49:50.3225488Z C/C++:  1213 |   __init_with_size(__x.__begin_, __x.__end_, __x.size());
build	Build DaddyBoard (HeliBoard fork)	2026-09-30T15:49:50.3225800Z C/C++:       |   ^
build	Build DaddyBoard (HeliBoard fork)	2026-09-30T15:49:50.3226580Z C/C++: /home/runner/work/daddyboard/daddyboard/daddyboard-main/app/src/main/jni/src/dictionary/property/word_property.h:39:15: note: in instantiation of member function 'std::vector<latinime::NgramProperty>::vector' requested here
build	Build DaddyBoard (HeliBoard fork)	2026-09-30T15:49:50.3227422Z C/C++:    39 |               mNgrams(ngrams) {}
build	Build DaddyBoard (HeliBoard fork)	2026-09-30T15:49:50.3227686Z C/C++:       |               ^
build	Build DaddyBoard (HeliBoard fork)	2026-09-30T15:49:50.3227915Z C/C++: 5 warnings generated.
build	Build DaddyBoard (HeliBoard fork)	2026-09-30T15:49:50.3228504Z C/C++: In file included from /home/runner/work/daddyboard/daddyboard/daddyboard-main/app/src/main/jni/src/suggest/core/session/dic_traverse_session.cpp:17:
build	Build DaddyBoard (HeliBoard fork)	2026-09-30T15:49:50.3229452Z C/C++: In file included from /home/runner/work/daddyboard/daddyboard/daddyboard-main/app/src/main/jni/src/suggest/core/session/dic_traverse_session.h:23:
build	Build DaddyBoard (HeliBoard fork)	2026-09-30T15:49:50.3230358Z C/C++: In file included from /home/runner/work/daddyboard/daddyboard/daddyboard-main/app/src/main/jni/src/dictionary/utils/multi_bigram_map.h:24:
build	Build DaddyBoard (HeliBoard fork)	2026-09-30T15:49:50.3231323Z C/C++: In file included from /home/runner/work/daddyboard/daddyboard/daddyboard-main/app/src/main/jni/src/dictionary/interface/dictionary_structure_with_buffer_policy.h:23:
build	Build DaddyBoard (HeliBoard fork)	2026-09-30T15:49:50.3232734Z C/C++: /home/runner/work/daddyboard/daddyboard/daddyboard-main/app/src/main/jni/src/dictionary/property/historical_info.h:52:5: warning: definition of implicit copy constructor for 'HistoricalInfo' is deprecated because it has a user-declared copy assignment operator [-Wdeprecated-copy]
build	Build DaddyBoard (HeliBoard fork)	2026-09-30T15:49:50.3233888Z C/C++:    52 |     DISALLOW_ASSIGNMENT_OPERATOR(HistoricalInfo);
build	Build DaddyBoard (HeliBoard fork)	2026-09-30T15:49:50.3234191Z C/C++:       |     ^
build	Build DaddyBoard (HeliBoard fork)	2026-09-30T15:49:50.3234893Z C/C++: /home/runner/work/daddyboard/daddyboard/daddyboard-main/app/src/main/jni/src/defines.h:289:8: note: expanded from macro 'DISALLOW_ASSIGNMENT_OPERATOR'
build	Build DaddyBoard (HeliBoard fork)	2026-09-30T15:49:50.3235541Z C/C++:   289 |   void operator=(const TypeName&) = delete
build	Build DaddyBoard (HeliBoard fork)	2026-09-30T15:49:50.3235853Z C/C++:       |        ^
build	Build DaddyBoard (HeliBoard fork)	2026-09-30T15:49:50.3236598Z C/C++: /home/runner/work/daddyboard/daddyboard/daddyboard-main/app/src/main/jni/src/dictionary/property/ngram_property.h:33:42: note: in implicit copy constructor for 'latinime::HistoricalInfo' first required here
build	Build DaddyBoard (HeliBoard fork)	2026-09-30T15:49:50.3237496Z C/C++:    33 |               mProbability(probability), mHistoricalInfo(historicalInfo) {}
build	Build DaddyBoard (HeliBoard fork)	2026-09-30T15:49:50.3237905Z C/C++:       |                                          ^
build	Build DaddyBoard (HeliBoard fork)	2026-09-30T15:49:50.3238527Z C/C++: In file included from /home/runner/work/daddyboard/daddyboard/daddyboard-main/app/src/main/jni/src/suggest/core/session/dic_traverse_session.cpp:17:
build	Build DaddyBoard (HeliBoard fork)	2026-09-30T15:49:50.3239464Z C/C++: In file included from /home/runner/work/daddyboard/daddyboard/daddyboard-main/app/src/main/jni/src/suggest/core/session/dic_traverse_session.h:23:
build	Build DaddyBoard (HeliBoard fork)	2026-09-30T15:49:50.3240371Z C/C++: In file included from /home/runner/work/daddyboard/daddyboard/daddyboard-main/app/src/main/jni/src/dictionary/utils/multi_bigram_map.h:24:
build	Build DaddyBoard (HeliBoard fork)	2026-09-30T15:49:50.3241332Z C/C++: In file included from /home/runner/work/daddyboard/daddyboard/daddyboard-main/app/src/main/jni/src/dictionary/interface/dictionary_structure_with_buffer_policy.h:25:
build	Build DaddyBoard (HeliBoard fork)	2026-09-30T15:49:50.3242291Z C/C++: In file included from /home/runner/work/daddyboard/daddyboard/daddyboard-main/app/src/main/jni/src/dictionary/property/word_property.h:24:
build	Build DaddyBoard (HeliBoard fork)	2026-09-30T15:49:50.3243637Z C/C++: /home/runner/work/daddyboard/daddyboard/daddyboard-main/app/src/main/jni/src/dictionary/property/unigram_property.h:126:5: warning: definition of implicit copy constructor for 'UnigramProperty' is deprecated because it has a user-declared copy assignment operator [-Wdeprecated-copy]
build	Build DaddyBoard (HeliBoard fork)	2026-09-30T15:49:50.3244852Z C/C++:   126 |     DISALLOW_ASSIGNMENT_OPERATOR(UnigramProperty);
build	Build DaddyBoard (HeliBoard fork)	2026-09-30T15:49:50.3245150Z C/C++:       |     ^
build	Build DaddyBoard (HeliBoard fork)	2026-09-30T15:49:50.3245696Z C/C++: /home/runner/work/daddyboard/daddyboard/daddyboard-main/app/src/main/jni/src/defines.h:289:8: note: expanded from macro 'DISALLOW_ASSIGNMENT_OPERATOR'
build	Build DaddyBoard (HeliBoard fork)	2026-09-30T15:49:50.3246326Z C/C++:   289 |   void operator=(const TypeName&) = delete
build	Build DaddyBoard (HeliBoard fork)	2026-09-30T15:49:50.3246604Z C/C++:       |        ^
build	Build DaddyBoard (HeliBoard fork)	2026-09-30T15:49:50.3247335Z C/C++: /home/runner/work/daddyboard/daddyboard/daddyboard-main/app/src/main/jni/src/dictionary/property/word_property.h:38:51: note: in implicit copy constructor for 'latinime::UnigramProperty' first required here
build	Build DaddyBoard (HeliBoard fork)	2026-09-30T15:49:50.3248253Z C/C++:    38 |             : mCodePoints(std::move(codePoints)), mUnigramProperty(unigramProperty),
build	Build DaddyBoard (HeliBoard fork)	2026-09-30T15:49:50.3248675Z C/C++:       |                                                   ^
build	Build DaddyBoard (HeliBoard fork)	2026-09-30T15:49:50.3249304Z C/C++: In file included from /home/runner/work/daddyboard/daddyboard/daddyboard-main/app/src/main/jni/src/suggest/core/session/dic_traverse_session.cpp:17:
build	Build DaddyBoard (HeliBoard fork)	2026-09-30T15:49:50.3250235Z C/C++: In file included from /home/runner/work/daddyboard/daddyboard/daddyboard-main/app/src/main/jni/src/suggest/core/session/dic_traverse_session.h:23:
build	Build DaddyBoard (HeliBoard fork)	2026-09-30T15:49:50.3251132Z C/C++: In file included from /home/runner/work/daddyboard/daddyboard/daddyboard-main/app/src/main/jni/src/dictionary/utils/multi_bigram_map.h:27:
build	Build DaddyBoard (HeliBoard fork)	2026-09-30T15:49:50.3252417Z C/C++: /home/runner/work/daddyboard/daddyboard/daddyboard-main/app/src/main/jni/src/dictionary/utils/bloom_filter.h:47:5: warning: definition of implicit copy constructor for 'BloomFilter' is deprecated because it has a user-declared copy assignment operator [-Wdeprecated-copy]
build	Build DaddyBoard (HeliBoard fork)	2026-09-30T15:49:50.3253516Z C/C++:    47 |     DISALLOW_ASSIGNMENT_OPERATOR(BloomFilter);
build	Build DaddyBoard (HeliBoard fork)	2026-09-30T15:49:50.3253808Z C/C++:       |     ^
build	Build DaddyBoard (HeliBoard fork)	2026-09-30T15:49:50.3254412Z C/C++: /home/runner/work/daddyboard/daddyboard/daddyboard-main/app/src/main/jni/src/defines.h:289:8: note: expanded from macro 'DISALLOW_ASSIGNMENT_OPERATOR'
build	Build DaddyBoard (HeliBoard fork)	2026-09-30T15:49:50.3255051Z C/C++:   289 |   void operator=(const TypeName&) = delete
build	Build DaddyBoard (HeliBoard fork)	2026-09-30T15:49:50.3255329Z C/C++:       |        ^
build	Build DaddyBoard (HeliBoard fork)	2026-09-30T15:49:50.3256046Z C/C++: /home/runner/work/daddyboard/daddyboard/daddyboard-main/app/src/main/jni/src/dictionary/utils/multi_bigram_map.h:57:53: note: in implicit copy constructor for 'latinime::BloomFilter' first required here
build	Build DaddyBoard (HeliBoard fork)	2026-09-30T15:49:50.3256968Z C/C++:    57 |                 : mBigramMap(bigramMap.mBigramMap), mBloomFilter(bigramMap.mBloomFilter) {}
build	Build DaddyBoard (HeliBoard fork)	2026-09-30T15:49:50.3257412Z C/C++:       |                                                     ^
build	Build DaddyBoard (HeliBoard fork)	2026-09-30T15:49:50.3258048Z C/C++: In file included from /home/runner/work/daddyboard/daddyboard/daddyboard-main/app/src/main/jni/src/suggest/core/session/dic_traverse_session.cpp:17:
build	Build DaddyBoard (HeliBoard fork)	2026-09-30T15:49:50.3258991Z C/C++: In file included from /home/runner/work/daddyboard/daddyboard/daddyboard-main/app/src/main/jni/src/suggest/core/session/dic_traverse_session.h:23:
build	Build DaddyBoard (HeliBoard fork)	2026-09-30T15:49:50.3259902Z C/C++: In file included from /home/runner/work/daddyboard/daddyboard/daddyboard-main/app/src/main/jni/src/dictionary/utils/multi_bigram_map.h:24:
build	Build DaddyBoard (HeliBoard fork)	2026-09-30T15:49:50.3260870Z C/C++: In file included from /home/runner/work/daddyboard/daddyboard/daddyboard-main/app/src/main/jni/src/dictionary/interface/dictionary_structure_with_buffer_policy.h:25:
build	Build DaddyBoard (HeliBoard fork)	2026-09-30T15:49:50.3261850Z C/C++: In file included from /home/runner/work/daddyboard/daddyboard/daddyboard-main/app/src/main/jni/src/dictionary/property/word_property.h:23:
build	Build DaddyBoard (HeliBoard fork)	2026-09-30T15:49:50.3262735Z C/C++: In file included from /home/runner/work/daddyboard/daddyboard/daddyboard-main/app/src/main/jni/src/dictionary/property/ngram_property.h:24:
build	Build DaddyBoard (HeliBoard fork)	2026-09-30T15:49:50.3263619Z C/C++: In file included from /home/runner/work/daddyboard/daddyboard/daddyboard-main/app/src/main/jni/src/dictionary/property/ngram_context.h:23:
build	Build DaddyBoard (HeliBoard fork)	2026-09-30T15:49:50.3264937Z C/C++: /home/runner/work/daddyboard/daddyboard/daddyboard-main/app/src/main/jni/src/utils/int_array_view.h:160:5: warning: definition of implicit copy constructor for 'IntArrayView' is deprecated because it has a user-declared copy assignment operator [-Wdeprecated-copy]
build	Build DaddyBoard (HeliBoard fork)	2026-09-30T15:49:50.3266008Z C/C++:   160 |     DISALLOW_ASSIGNMENT_OPERATOR(IntArrayView);
build	Build DaddyBoard (HeliBoard fork)	2026-09-30T15:49:50.3266314Z C/C++:       |     ^
build	Build DaddyBoard (HeliBoard fork)	2026-09-30T15:49:50.3266872Z C/C++: /home/runner/work/daddyboard/daddyboard/daddyboard-main/app/src/main/jni/src/defines.h:289:8: note: expanded from macro 'DISALLOW_ASSIGNMENT_OPERATOR'
build	Build DaddyBoard (HeliBoard fork)	2026-09-30T15:49:50.3267507Z C/C++:   289 |   void operator=(const TypeName&) = delete
build	Build DaddyBoard (HeliBoard fork)	2026-09-30T15:49:50.3267795Z C/C++:       |        ^
build	Build DaddyBoard (HeliBoard fork)	2026-09-30T15:49:50.3268514Z C/C++: /home/runner/work/daddyboard/daddyboard/daddyboard-main/app/src/main/jni/src/suggest/core/dicnode/dic_node.h:110:53: note: in implicit copy constructor for 'latinime::IntArrayView' first required here
build	Build DaddyBoard (HeliBoard fork)	2026-09-30T15:49:50.3269378Z C/C++:   110 |         mDicNodeProperties.init(rootPtNodeArrayPos, prevWordIds);
build	Build DaddyBoard (HeliBoard fork)	2026-09-30T15:49:50.3269774Z C/C++:       |                                                     ^
build	Build DaddyBoard (HeliBoard fork)	2026-09-30T15:49:50.3270411Z C/C++: In file included from /home/runner/work/daddyboard/daddyboard/daddyboard-main/app/src/main/jni/src/suggest/core/session/dic_traverse_session.cpp:17:
build	Build DaddyBoard (HeliBoard fork)	2026-09-30T15:49:50.3271342Z C/C++: In file included from /home/runner/work/daddyboard/daddyboard/daddyboard-main/app/src/main/jni/src/suggest/core/session/dic_traverse_session.h:23:
build	Build DaddyBoard (HeliBoard fork)	2026-09-30T15:49:50.3272233Z C/C++: In file included from /home/runner/work/daddyboard/daddyboard/daddyboard-main/app/src/main/jni/src/dictionary/utils/multi_bigram_map.h:24:
build	Build DaddyBoard (HeliBoard fork)	2026-09-30T15:49:50.3273262Z C/C++: In file included from /home/runner/work/daddyboard/daddyboard/daddyboard-main/app/src/main/jni/src/dictionary/interface/dictionary_structure_with_buffer_policy.h:25:
build	Build DaddyBoard (HeliBoard fork)	2026-09-30T15:49:50.3274226Z C/C++: In file included from /home/runner/work/daddyboard/daddyboard/daddyboard-main/app/src/main/jni/src/dictionary/property/word_property.h:23:
build	Build DaddyBoard (HeliBoard fork)	2026-09-30T15:49:50.3275696Z C/C++: /home/runner/work/daddyboard/daddyboard/daddyboard-main/app/src/main/jni/src/dictionary/property/ngram_property.h:54:5: warning: definition of implicit copy constructor for 'NgramProperty' is deprecated because it has a user-declared copy assignment operator [-Wdeprecated-copy]
build	Build DaddyBoard (HeliBoard fork)	2026-09-30T15:49:50.3276759Z C/C++:    54 |     DISALLOW_ASSIGNMENT_OPERATOR(NgramProperty);
build	Build DaddyBoard (HeliBoard fork)	2026-09-30T15:49:50.3277056Z C/C++:       |     ^
build	Build DaddyBoard (HeliBoard fork)	2026-09-30T15:49:50.3277609Z C/C++: /home/runner/work/daddyboard/daddyboard/daddyboard-main/app/src/main/jni/src/defines.h:289:8: note: expanded from macro 'DISALLOW_ASSIGNMENT_OPERATOR'
build	Build DaddyBoard (HeliBoard fork)	2026-09-30T15:49:50.3278246Z C/C++:   289 |   void operator=(const TypeName&) = delete
build	Build DaddyBoard (HeliBoard fork)	2026-09-30T15:49:50.3278530Z C/C++:       |        ^
build	Build DaddyBoard (HeliBoard fork)	2026-09-30T15:49:50.3279289Z C/C++: /usr/local/lib/android/sdk/ndk/28.0.13004108/toolchains/llvm/prebuilt/linux-x86_64/sysroot/usr/include/c++/v1/__memory/allocator.h:173:24: note: in implicit copy constructor for 'latinime::NgramProperty' first required here
build	Build DaddyBoard (HeliBoard fork)	2026-09-30T15:49:50.3280168Z C/C++:   173 |     ::new ((void*)__p) _Up(std::forward<_Args>(__args)...);
build	Build DaddyBoard (HeliBoard fork)	2026-09-30T15:49:50.3280486Z C/C++:       |                        ^
build	Build DaddyBoard (HeliBoard fork)	2026-09-30T15:49:50.3281593Z C/C++: /usr/local/lib/android/sdk/ndk/28.0.13004108/toolchains/llvm/prebuilt/linux-x86_64/sysroot/usr/include/c++/v1/__memory/allocator_traits.h:320:9: note: in instantiation of function template specialization 'std::allocator<latinime::NgramProperty>::construct<latinime::NgramProperty, latinime::NgramProperty &>' requested here
build	Build DaddyBoard (HeliBoard fork)	2026-09-30T15:49:50.3282761Z C/C++:   320 |     __a.construct(__p, std::forward<_Args>(__args)...);
build	Build DaddyBoard (HeliBoard fork)	2026-09-30T15:49:50.3283070Z C/C++:       |         ^
build	Build DaddyBoard (HeliBoard fork)	2026-09-30T15:49:50.3284255Z C/C++: /usr/local/lib/android/sdk/ndk/28.0.13004108/toolchains/llvm/prebuilt/linux-x86_64/sysroot/usr/include/c++/v1/__memory/uninitialized_algorithms.h:551:31: note: in instantiation of function template specialization 'std::allocator_traits<std::allocator<latinime::NgramProperty>>::construct<latinime::NgramProperty, latinime::NgramProperty &, 0>' requested here
build	Build DaddyBoard (HeliBoard fork)	2026-09-30T15:49:50.3285773Z C/C++:   551 |     allocator_traits<_Alloc>::construct(__alloc, std::__to_address(__first2), *__first1);
build	Build DaddyBoard (HeliBoard fork)	2026-09-30T15:49:50.3286194Z C/C++:       |                               ^
build	Build DaddyBoard (HeliBoard fork)	2026-09-30T15:49:50.3287527Z C/C++: /usr/local/lib/android/sdk/ndk/28.0.13004108/toolchains/llvm/prebuilt/linux-x86_64/sysroot/usr/include/c++/v1/__memory/uninitialized_algorithms.h:594:33: note: in instantiation of function template specialization 'std::__uninitialized_allocator_copy_impl<std::allocator<latinime::NgramProperty>, latinime::NgramProperty *, latinime::NgramProperty *, latinime::NgramProperty *>' requested here
build	Build DaddyBoard (HeliBoard fork)	2026-09-30T15:49:50.3288956Z C/C++:   594 |   auto __result          = std::__uninitialized_allocator_copy_impl(
build	Build DaddyBoard (HeliBoard fork)	2026-09-30T15:49:50.3289311Z C/C++:       |                                 ^
build	Build DaddyBoard (HeliBoard fork)	2026-09-30T15:49:50.3290541Z C/C++: /usr/local/lib/android/sdk/ndk/28.0.13004108/toolchains/llvm/prebuilt/linux-x86_64/sysroot/usr/include/c++/v1/vector:1100:22: note: in instantiation of function template specialization 'std::__uninitialized_allocator_copy<std::allocator<latinime::NgramProperty>, latinime::NgramProperty *, latinime::NgramProperty *, latinime::NgramProperty *>' requested here
build	Build DaddyBoard (HeliBoard fork)	2026-09-30T15:49:50.3291935Z C/C++:  1100 |   __tx.__pos_ = std::__uninitialized_allocator_copy(__alloc(), __first, __last, __tx.__pos_);
build	Build DaddyBoard (HeliBoard fork)	2026-09-30T15:49:50.3292367Z C/C++:       |                      ^
build	Build DaddyBoard (HeliBoard fork)	2026-09-30T15:49:50.3293424Z C/C++: /usr/local/lib/android/sdk/ndk/28.0.13004108/toolchains/llvm/prebuilt/linux-x86_64/sysroot/usr/include/c++/v1/vector:761:7: note: in instantiation of function template specialization 'std::vector<latinime::NgramProperty>::__construct_at_end<latinime::NgramProperty *, latinime::NgramProperty *>' requested here
build	Build DaddyBoard (HeliBoard fork)	2026-09-30T15:49:50.3294660Z C/C++:   761 |       __construct_at_end(__first, __last, __n);
build	Build DaddyBoard (HeliBoard fork)	2026-09-30T15:49:50.3294954Z C/C++:       |       ^
build	Build DaddyBoard (HeliBoard fork)	2026-09-30T15:49:50.3295976Z C/C++: /usr/local/lib/android/sdk/ndk/28.0.13004108/toolchains/llvm/prebuilt/linux-x86_64/sysroot/usr/include/c++/v1/vector:1213:3: note: in instantiation of function template specialization 'std::vector<latinime::NgramProperty>::__init_with_size<latinime::NgramProperty *, latinime::NgramProperty *>' requested here
build	Build DaddyBoard (HeliBoard fork)	2026-09-30T15:49:50.3297120Z C/C++:  1213 |   __init_with_size(__x.__begin_, __x.__end_, __x.size());
build	Build DaddyBoard (HeliBoard fork)	2026-09-30T15:49:50.3297439Z C/C++:       |   ^
build	Build DaddyBoard (HeliBoard fork)	2026-09-30T15:49:50.3298217Z C/C++: /home/runner/work/daddyboard/daddyboard/daddyboard-main/app/src/main/jni/src/dictionary/property/word_property.h:39:15: note: in instantiation of member function 'std::vector<latinime::NgramProperty>::vector' requested here
build	Build DaddyBoard (HeliBoard fork)	2026-09-30T15:49:50.3299065Z C/C++:    39 |               mNgrams(ngrams) {}
build	Build DaddyBoard (HeliBoard fork)	2026-09-30T15:49:50.3299333Z C/C++:       |               ^
build	Build DaddyBoard (HeliBoard fork)	2026-09-30T15:49:50.3299572Z C/C++: 5 warnings generated.
build	Build DaddyBoard (HeliBoard fork)	2026-09-30T15:49:50.6695211Z C/C++: In file included from /home/runner/work/daddyboard/daddyboard/daddyboard-main/app/src/main/jni/src/suggest/core/result/suggestion_results.cpp:17:
build	Build DaddyBoard (HeliBoard fork)	2026-09-30T15:49:50.6716033Z C/C++: In file included from /home/runner/work/daddyboard/daddyboard/daddyboard-main/app/src/main/jni/src/suggest/core/result/suggestion_results.h:25:
build	Build DaddyBoard (HeliBoard fork)	2026-09-30T15:49:50.6717056Z C/C++: In file included from /home/runner/work/daddyboard/daddyboard/daddyboard-main/app/src/main/jni/src/suggest/core/result/suggested_word.h:23:
build	Build DaddyBoard (HeliBoard fork)	2026-09-30T15:49:50.6717939Z C/C++: In file included from /home/runner/work/daddyboard/daddyboard/daddyboard-main/app/src/main/jni/src/suggest/core/dictionary/dictionary.h:25:
build	Build DaddyBoard (HeliBoard fork)	2026-09-30T15:49:50.6718921Z C/C++: In file included from /home/runner/work/daddyboard/daddyboard/daddyboard-main/app/src/main/jni/src/dictionary/interface/dictionary_structure_with_buffer_policy.h:23:
build	Build DaddyBoard (HeliBoard fork)	2026-09-30T15:49:50.6720385Z C/C++: /home/runner/work/daddyboard/daddyboard/daddyboard-main/app/src/main/jni/src/dictionary/property/historical_info.h:52:5: warning: definition of implicit copy constructor for 'HistoricalInfo' is deprecated because it has a user-declared copy assignment operator [-Wdeprecated-copy]
build	Build DaddyBoard (HeliBoard fork)	2026-09-30T15:49:50.6721963Z C/C++:    52 |     DISALLOW_ASSIGNMENT_OPERATOR(HistoricalInfo);
build	Build DaddyBoard (HeliBoard fork)	2026-09-30T15:49:50.6722277Z C/C++:       |     ^
build	Build DaddyBoard (HeliBoard fork)	2026-09-30T15:49:50.6722849Z C/C++: /home/runner/work/daddyboard/daddyboard/daddyboard-main/app/src/main/jni/src/defines.h:289:8: note: expanded from macro 'DISALLOW_ASSIGNMENT_OPERATOR'
build	Build DaddyBoard (HeliBoard fork)	2026-09-30T15:49:50.6723490Z C/C++:   289 |   void operator=(const TypeName&) = delete
build	Build DaddyBoard (HeliBoard fork)	2026-09-30T15:49:50.6723770Z C/C++:       |        ^
build	Build DaddyBoard (HeliBoard fork)	2026-09-30T15:49:50.6724785Z C/C++: /home/runner/work/daddyboard/daddyboard/daddyboard-main/app/src/main/jni/src/dictionary/property/ngram_property.h:33:42: note: in implicit copy constructor for 'latinime::HistoricalInfo' first required here
build	Build DaddyBoard (HeliBoard fork)	2026-09-30T15:49:50.6725689Z C/C++:    33 |               mProbability(probability), mHistoricalInfo(historicalInfo) {}
build	Build DaddyBoard (HeliBoard fork)	2026-09-30T15:49:50.6726076Z C/C++:       |                                          ^
build	Build DaddyBoard (HeliBoard fork)	2026-09-30T15:49:50.6726697Z C/C++: In file included from /home/runner/work/daddyboard/daddyboard/daddyboard-main/app/src/main/jni/src/suggest/core/result/suggestion_results.cpp:17:
build	Build DaddyBoard (HeliBoard fork)	2026-09-30T15:49:50.6727616Z C/C++: In file included from /home/runner/work/daddyboard/daddyboard/daddyboard-main/app/src/main/jni/src/suggest/core/result/suggestion_results.h:25:
build	Build DaddyBoard (HeliBoard fork)	2026-09-30T15:49:50.6728509Z C/C++: In file included from /home/runner/work/daddyboard/daddyboard/daddyboard-main/app/src/main/jni/src/suggest/core/result/suggested_word.h:23:
build	Build DaddyBoard (HeliBoard fork)	2026-09-30T15:49:50.6729395Z C/C++: In file included from /home/runner/work/daddyboard/daddyboard/daddyboard-main/app/src/main/jni/src/suggest/core/dictionary/dictionary.h:25:
build	Build DaddyBoard (HeliBoard fork)	2026-09-30T15:49:50.6730484Z C/C++: In file included from /home/runner/work/daddyboard/daddyboard/daddyboard-main/app/src/main/jni/src/dictionary/interface/dictionary_structure_with_buffer_policy.h:25:
build	Build DaddyBoard (HeliBoard fork)	2026-09-30T15:49:50.6731458Z C/C++: In file included from /home/runner/work/daddyboard/daddyboard/daddyboard-main/app/src/main/jni/src/dictionary/property/word_property.h:24:
build	Build DaddyBoard (HeliBoard fork)	2026-09-30T15:49:50.6732807Z C/C++: /home/runner/work/daddyboard/daddyboard/daddyboard-main/app/src/main/jni/src/dictionary/property/unigram_property.h:126:5: warning: definition of implicit copy constructor for 'UnigramProperty' is deprecated because it has a user-declared copy assignment operator [-Wdeprecated-copy]
build	Build DaddyBoard (HeliBoard fork)	2026-09-30T15:49:50.6733895Z C/C++:   126 |     DISALLOW_ASSIGNMENT_OPERATOR(UnigramProperty);
build	Build DaddyBoard (HeliBoard fork)	2026-09-30T15:49:50.6734205Z C/C++:       |     ^
build	Build DaddyBoard (HeliBoard fork)	2026-09-30T15:49:50.6734972Z C/C++: /home/runner/work/daddyboard/daddyboard/daddyboard-main/app/src/main/jni/src/defines.h:289:8: note: expanded from macro 'DISALLOW_ASSIGNMENT_OPERATOR'
build	Build DaddyBoard (HeliBoard fork)	2026-09-30T15:49:50.6735632Z C/C++:   289 |   void operator=(const TypeName&) = delete
build	Build DaddyBoard (HeliBoard fork)	2026-09-30T15:49:50.6735916Z C/C++:       |        ^
build	Build DaddyBoard (HeliBoard fork)	2026-09-30T15:49:50.6736661Z C/C++: /home/runner/work/daddyboard/daddyboard/daddyboard-main/app/src/main/jni/src/dictionary/property/word_property.h:38:51: note: in implicit copy constructor for 'latinime::UnigramProperty' first required here
build	Build DaddyBoard (HeliBoard fork)	2026-09-30T15:49:50.6737588Z C/C++:    38 |             : mCodePoints(std::move(codePoints)), mUnigramProperty(unigramProperty),
build	Build DaddyBoard (HeliBoard fork)	2026-09-30T15:49:50.6738016Z C/C++:       |                                                   ^
build	Build DaddyBoard (HeliBoard fork)	2026-09-30T15:49:50.6738638Z C/C++: In file included from /home/runner/work/daddyboard/daddyboard/daddyboard-main/app/src/main/jni/src/suggest/core/result/suggestion_results.cpp:19:
build	Build DaddyBoard (HeliBoard fork)	2026-09-30T15:49:50.6739707Z C/C++: /home/runner/work/daddyboard/daddyboard/daddyboard-main/app/src/main/jni/src/utils/jni_data_utils.h:52:27: warning: variable length arrays in C++ are a Clang extension [-Wvla-cxx-extension]
build	Build DaddyBoard (HeliBoard fork)	2026-09-30T15:49:50.6740492Z C/C++:    52 |             char keyChars[keyUtf8Length + 1];
build	Build DaddyBoard (HeliBoard fork)	2026-09-30T15:49:50.6740807Z C/C++:       |                           ^~~~~~~~~~~~~~~~~
build	Build DaddyBoard (HeliBoard fork)	2026-09-30T15:49:50.6741486Z C/C++: /home/runner/work/daddyboard/daddyboard/daddyboard-main/app/src/main/jni/src/utils/jni_data_utils.h:52:27: note: initializer of 'keyUtf8Length' is not a constant expression
build	Build DaddyBoard (HeliBoard fork)	2026-09-30T15:49:50.6742533Z C/C++: /home/runner/work/daddyboard/daddyboard/daddyboard-main/app/src/main/jni/src/utils/jni_data_utils.h:51:25: note: declared here
build	Build DaddyBoard (HeliBoard fork)	2026-09-30T15:49:50.6743176Z C/C++:    51 |             const jsize keyUtf8Length = env->GetStringUTFLength(keyString);
build	Build DaddyBoard (HeliBoard fork)	2026-09-30T15:49:50.6743554Z C/C++:       |                         ^
build	Build DaddyBoard (HeliBoard fork)	2026-09-30T15:49:50.6744455Z C/C++: /home/runner/work/daddyboard/daddyboard/daddyboard-main/app/src/main/jni/src/utils/jni_data_utils.h:62:29: warning: variable length arrays in C++ are a Clang extension [-Wvla-cxx-extension]
build	Build DaddyBoard (HeliBoard fork)	2026-09-30T15:49:50.6745532Z C/C++:    62 |             char valueChars[valueUtf8Length + 1];
build	Build DaddyBoard (HeliBoard fork)	2026-09-30T15:49:50.6746018Z C/C++:       |                             ^~~~~~~~~~~~~~~~~~~
build	Build DaddyBoard (HeliBoard fork)	2026-09-30T15:49:50.6747189Z C/C++: /home/runner/work/daddyboard/daddyboard/daddyboard-main/app/src/main/jni/src/utils/jni_data_utils.h:62:29: note: initializer of 'valueUtf8Length' is not a constant expression
build	Build DaddyBoard (HeliBoard fork)	2026-09-30T15:49:50.6748936Z C/C++: /home/runner/work/daddyboard/daddyboard/daddyboard-main/app/src/main/jni/src/utils/jni_data_utils.h:61:25: note: declared here
build	Build DaddyBoard (HeliBoard fork)	2026-09-30T15:49:50.6750010Z C/C++:    61 |             const jsize valueUtf8Length = env->GetStringUTFLength(valueString);
build	Build DaddyBoard (HeliBoard fork)	2026-09-30T15:49:50.6750603Z C/C++:       |                         ^
build	Build DaddyBoard (HeliBoard fork)	2026-09-30T15:49:50.6751740Z C/C++: /home/runner/work/daddyboard/daddyboard/daddyboard-main/app/src/main/jni/src/utils/jni_data_utils.h:77:29: warning: variable length arrays in C++ are a Clang extension [-Wvla-cxx-extension]
build	Build DaddyBoard (HeliBoard fork)	2026-09-30T15:49:50.6752963Z C/C++:    77 |         int outputCodePonts[codePointBufSize];
build	Build DaddyBoard (HeliBoard fork)	2026-09-30T15:49:50.6753747Z C/C++:       |                             ^~~~~~~~~~~~~~~~
build	Build DaddyBoard (HeliBoard fork)	2026-09-30T15:49:50.6755117Z C/C++: /home/runner/work/daddyboard/daddyboard/daddyboard-main/app/src/main/jni/src/utils/jni_data_utils.h:77:29: note: initializer of 'codePointBufSize' is not a constant expression
build	Build DaddyBoard (HeliBoard fork)	2026-09-30T15:49:50.6756859Z C/C++: /home/runner/work/daddyboard/daddyboard/daddyboard-main/app/src/main/jni/src/utils/jni_data_utils.h:76:19: note: declared here
build	Build DaddyBoard (HeliBoard fork)	2026-09-30T15:49:50.6758033Z C/C++:    76 |         const int codePointBufSize = std::min(maxLength, codePointCount);
build	Build DaddyBoard (HeliBoard fork)	2026-09-30T15:49:50.6758661Z C/C++:       |                   ^
build	Build DaddyBoard (HeliBoard fork)	2026-09-30T15:49:50.6760119Z C/C++: /home/runner/work/daddyboard/daddyboard/daddyboard-main/app/src/main/jni/src/suggest/core/result/suggestion_results.cpp:100:9: warning: variable 'index' set but not used [-Wunused-but-set-variable]
build	Build DaddyBoard (HeliBoard fork)	2026-09-30T15:49:50.6761517Z C/C++:   100 |     int index = 0;
build	Build DaddyBoard (HeliBoard fork)	2026-09-30T15:49:50.6761901Z C/C++:       |         ^
build	Build DaddyBoard (HeliBoard fork)	2026-09-30T15:49:50.7695223Z C/C++: In file included from /home/runner/work/daddyboard/daddyboard/daddyboard-main/app/src/main/jni/src/suggest/core/result/suggestion_results.cpp:17:
build	Build DaddyBoard (HeliBoard fork)	2026-09-30T15:49:50.7697182Z C/C++: In file included from /home/runner/work/daddyboard/daddyboard/daddyboard-main/app/src/main/jni/src/suggest/core/result/suggestion_results.h:25:
build	Build DaddyBoard (HeliBoard fork)	2026-09-30T15:49:50.7698968Z C/C++: In file included from /home/runner/work/daddyboard/daddyboard/daddyboard-main/app/src/main/jni/src/suggest/core/result/suggested_word.h:23:
build	Build DaddyBoard (HeliBoard fork)	2026-09-30T15:49:50.7700693Z C/C++: In file included from /home/runner/work/daddyboard/daddyboard/daddyboard-main/app/src/main/jni/src/suggest/core/dictionary/dictionary.h:25:
build	Build DaddyBoard (HeliBoard fork)	2026-09-30T15:49:50.7702609Z C/C++: In file included from /home/runner/work/daddyboard/daddyboard/daddyboard-main/app/src/main/jni/src/dictionary/interface/dictionary_structure_with_buffer_policy.h:25:
build	Build DaddyBoard (HeliBoard fork)	2026-09-30T15:49:50.7704674Z C/C++: In file included from /home/runner/work/daddyboard/daddyboard/daddyboard-main/app/src/main/jni/src/dictionary/property/word_property.h:23:
build	Build DaddyBoard (HeliBoard fork)	2026-09-30T15:49:50.7718935Z C/C++: In file included from /home/runner/work/daddyboard/daddyboard/daddyboard-main/app/src/main/jni/src/dictionary/property/ngram_property.h:24:
build	Build DaddyBoard (HeliBoard fork)	2026-09-30T15:49:50.7720761Z C/C++: In file included from /home/runner/work/daddyboard/daddyboard/daddyboard-main/app/src/main/jni/src/dictionary/property/ngram_context.h:23:
build	Build DaddyBoard (HeliBoard fork)	2026-09-30T15:49:50.7723488Z C/C++: /home/runner/work/daddyboard/daddyboard/daddyboard-main/app/src/main/jni/src/utils/int_array_view.h:160:5: warning: definition of implicit copy constructor for 'IntArrayView' is deprecated because it has a user-declared copy assignment operator [-Wdeprecated-copy]
build	Build DaddyBoard (HeliBoard fork)	2026-09-30T15:49:50.7725661Z C/C++:   160 |     DISALLOW_ASSIGNMENT_OPERATOR(IntArrayView);
build	Build DaddyBoard (HeliBoard fork)	2026-09-30T15:49:50.7726166Z C/C++:       |     ^
build	Build DaddyBoard (HeliBoard fork)	2026-09-30T15:49:50.7727143Z C/C++: /home/runner/work/daddyboard/daddyboard/daddyboard-main/app/src/main/jni/src/defines.h:289:8: note: expanded from macro 'DISALLOW_ASSIGNMENT_OPERATOR'
build	Build DaddyBoard (HeliBoard fork)	2026-09-30T15:49:50.7728363Z C/C++:   289 |   void operator=(const TypeName&) = delete
build	Build DaddyBoard (HeliBoard fork)	2026-09-30T15:49:50.7728886Z C/C++:       |        ^
build	Build DaddyBoard (HeliBoard fork)	2026-09-30T15:49:50.7730257Z C/C++: /usr/local/lib/android/sdk/ndk/28.0.13004108/toolchains/llvm/prebuilt/linux-x86_64/sysroot/usr/include/c++/v1/__memory/allocator.h:173:24: note: in implicit copy constructor for 'latinime::IntArrayView' first required here
build	Build DaddyBoard (HeliBoard fork)	2026-09-30T15:49:50.7731806Z C/C++:   173 |     ::new ((void*)__p) _Up(std::forward<_Args>(__args)...);
build	Build DaddyBoard (HeliBoard fork)	2026-09-30T15:49:50.7732391Z C/C++:       |                        ^
build	Build DaddyBoard (HeliBoard fork)	2026-09-30T15:49:50.7734603Z C/C++: /usr/local/lib/android/sdk/ndk/28.0.13004108/toolchains/llvm/prebuilt/linux-x86_64/sysroot/usr/include/c++/v1/__memory/allocator_traits.h:320:9: note: in instantiation of function template specialization 'std::allocator<latinime::IntArrayView>::construct<latinime::IntArrayView, latinime::IntArrayView>' requested here
build	Build DaddyBoard (HeliBoard fork)	2026-09-30T15:49:50.7736807Z C/C++:   320 |     __a.construct(__p, std::forward<_Args>(__args)...);
build	Build DaddyBoard (HeliBoard fork)	2026-09-30T15:49:50.7737708Z C/C++:       |         ^
build	Build DaddyBoard (HeliBoard fork)	2026-09-30T15:49:50.7739830Z C/C++: /usr/local/lib/android/sdk/ndk/28.0.13004108/toolchains/llvm/prebuilt/linux-x86_64/sysroot/usr/include/c++/v1/__memory/uninitialized_algorithms.h:639:33: note: in instantiation of function template specialization 'std::allocator_traits<std::allocator<latinime::IntArrayView>>::construct<latinime::IntArrayView, latinime::IntArrayView, 0>' requested here
build	Build DaddyBoard (HeliBoard fork)	2026-09-30T15:49:50.7742390Z C/C++:   639 |       allocator_traits<_Alloc>::construct(__alloc, __result, std::move(*__iter));
build	Build DaddyBoard (HeliBoard fork)	2026-09-30T15:49:50.7743145Z C/C++:       |                                 ^
build	Build DaddyBoard (HeliBoard fork)	2026-09-30T15:49:50.7745112Z C/C++: /usr/local/lib/android/sdk/ndk/28.0.13004108/toolchains/llvm/prebuilt/linux-x86_64/sysroot/usr/include/c++/v1/vector:1511:3: note: in instantiation of member function 'std::vector<latinime::IntArrayView>::__swap_out_circular_buffer' requested here
build	Build DaddyBoard (HeliBoard fork)	2026-09-30T15:49:50.7746748Z C/C++:  1511 |   __swap_out_circular_buffer(__v);
build	Build DaddyBoard (HeliBoard fork)	2026-09-30T15:49:50.7747196Z C/C++:       |   ^
build	Build DaddyBoard (HeliBoard fork)	2026-09-30T15:49:50.7749018Z C/C++: /usr/local/lib/android/sdk/ndk/28.0.13004108/toolchains/llvm/prebuilt/linux-x86_64/sysroot/usr/include/c++/v1/vector:1529:13: note: in instantiation of function template specialization 'std::vector<latinime::IntArrayView>::__emplace_back_slow_path<const int *const &, const unsigned long &>' requested here
build	Build DaddyBoard (HeliBoard fork)	2026-09-30T15:49:50.7751072Z C/C++:  1529 |     __end = __emplace_back_slow_path(std::forward<_Args>(__args)...);
build	Build DaddyBoard (HeliBoard fork)	2026-09-30T15:49:50.7751696Z C/C++:       |             ^
build	Build DaddyBoard (HeliBoard fork)	2026-09-30T15:49:50.7753453Z C/C++: /home/runner/work/daddyboard/daddyboard/daddyboard-main/app/src/main/jni/src/utils/int_array_view.h:142:20: note: in instantiation of function template specialization 'std::vector<latinime::IntArrayView>::emplace_back<const int *const &, const unsigned long &>' requested here
build	Build DaddyBoard (HeliBoard fork)	2026-09-30T15:49:50.7755409Z C/C++:   142 |             result.emplace_back(mPtr, mSize);
build	Build DaddyBoard (HeliBoard fork)	2026-09-30T15:49:50.7755927Z C/C++:       |                    ^
build	Build DaddyBoard (HeliBoard fork)	2026-09-30T15:49:50.7756934Z C/C++: In file included from /home/runner/work/daddyboard/daddyboard/daddyboard-main/app/src/main/jni/src/suggest/core/result/suggestion_results.cpp:17:
build	Build DaddyBoard (HeliBoard fork)	2026-09-30T15:49:50.7758607Z C/C++: In file included from /home/runner/work/daddyboard/daddyboard/daddyboard-main/app/src/main/jni/src/suggest/core/result/suggestion_results.h:25:
build	Build DaddyBoard (HeliBoard fork)	2026-09-30T15:49:50.7760546Z C/C++: In file included from /home/runner/work/daddyboard/daddyboard/daddyboard-main/app/src/main/jni/src/suggest/core/result/suggested_word.h:23:
build	Build DaddyBoard (HeliBoard fork)	2026-09-30T15:49:50.7762138Z C/C++: In file included from /home/runner/work/daddyboard/daddyboard/daddyboard-main/app/src/main/jni/src/suggest/core/dictionary/dictionary.h:25:
build	Build DaddyBoard (HeliBoard fork)	2026-09-30T15:49:50.7763915Z C/C++: In file included from /home/runner/work/daddyboard/daddyboard/daddyboard-main/app/src/main/jni/src/dictionary/interface/dictionary_structure_with_buffer_policy.h:25:
build	Build DaddyBoard (HeliBoard fork)	2026-09-30T15:49:50.7765815Z C/C++: In file included from /home/runner/work/daddyboard/daddyboard/daddyboard-main/app/src/main/jni/src/dictionary/property/word_property.h:23:
build	Build DaddyBoard (HeliBoard fork)	2026-09-30T15:49:50.7768253Z C/C++: /home/runner/work/daddyboard/daddyboard/daddyboard-main/app/src/main/jni/src/dictionary/property/ngram_property.h:54:5: warning: definition of implicit copy constructor for 'NgramProperty' is deprecated because it has a user-declared copy assignment operator [-Wdeprecated-copy]
build	Build DaddyBoard (HeliBoard fork)	2026-09-30T15:49:50.7770194Z C/C++:    54 |     DISALLOW_ASSIGNMENT_OPERATOR(NgramProperty);
build	Build DaddyBoard (HeliBoard fork)	2026-09-30T15:49:50.7770943Z C/C++:       |     ^
build	Build DaddyBoard (HeliBoard fork)	2026-09-30T15:49:50.7771921Z C/C++: /home/runner/work/daddyboard/daddyboard/daddyboard-main/app/src/main/jni/src/defines.h:289:8: note: expanded from macro 'DISALLOW_ASSIGNMENT_OPERATOR'
build	Build DaddyBoard (HeliBoard fork)	2026-09-30T15:49:50.7773106Z C/C++:   289 |   void operator=(const TypeName&) = delete
build	Build DaddyBoard (HeliBoard fork)	2026-09-30T15:49:50.7773603Z C/C++:       |        ^
build	Build DaddyBoard (HeliBoard fork)	2026-09-30T15:49:50.7775186Z C/C++: /usr/local/lib/android/sdk/ndk/28.0.13004108/toolchains/llvm/prebuilt/linux-x86_64/sysroot/usr/include/c++/v1/__memory/allocator.h:173:24: note: in implicit copy constructor for 'latinime::NgramProperty' first required here
build	Build DaddyBoard (HeliBoard fork)	2026-09-30T15:49:50.7777039Z C/C++:   173 |     ::new ((void*)__p) _Up(std::forward<_Args>(__args)...);
build	Build DaddyBoard (HeliBoard fork)	2026-09-30T15:49:50.7777638Z C/C++:       |                        ^
build	Build DaddyBoard (HeliBoard fork)	2026-09-30T15:49:50.7779626Z C/C++: /usr/local/lib/android/sdk/ndk/28.0.13004108/toolchains/llvm/prebuilt/linux-x86_64/sysroot/usr/include/c++/v1/__memory/allocator_traits.h:320:9: note: in instantiation of function template specialization 'std::allocator<latinime::NgramProperty>::construct<latinime::NgramProperty, latinime::NgramProperty &>' requested here
build	Build DaddyBoard (HeliBoard fork)	2026-09-30T15:49:50.7781925Z C/C++:   320 |     __a.construct(__p, std::forward<_Args>(__args)...);
build	Build DaddyBoard (HeliBoard fork)	2026-09-30T15:49:50.7782475Z C/C++:       |         ^
build	Build DaddyBoard (HeliBoard fork)	2026-09-30T15:49:50.7784975Z C/C++: /usr/local/lib/android/sdk/ndk/28.0.13004108/toolchains/llvm/prebuilt/linux-x86_64/sysroot/usr/include/c++/v1/__memory/uninitialized_algorithms.h:551:31: note: in instantiation of function template specialization 'std::allocator_traits<std::allocator<latinime::NgramProperty>>::construct<latinime::NgramProperty, latinime::NgramProperty &, 0>' requested here
build	Build DaddyBoard (HeliBoard fork)	2026-09-30T15:49:50.7787655Z C/C++:   551 |     allocator_traits<_Alloc>::construct(__alloc, std::__to_address(__first2), *__first1);
build	Build DaddyBoard (HeliBoard fork)	2026-09-30T15:49:50.7788430Z C/C++:       |                               ^
build	Build DaddyBoard (HeliBoard fork)	2026-09-30T15:49:50.7790804Z C/C++: /usr/local/lib/android/sdk/ndk/28.0.13004108/toolchains/llvm/prebuilt/linux-x86_64/sysroot/usr/include/c++/v1/__memory/uninitialized_algorithms.h:594:33: note: in instantiation of function template specialization 'std::__uninitialized_allocator_copy_impl<std::allocator<latinime::NgramProperty>, latinime::NgramProperty *, latinime::NgramProperty *, latinime::NgramProperty *>' requested here
build	Build DaddyBoard (HeliBoard fork)	2026-09-30T15:49:50.7793310Z C/C++:   594 |   auto __result          = std::__uninitialized_allocator_copy_impl(
build	Build DaddyBoard (HeliBoard fork)	2026-09-30T15:49:50.7793928Z C/C++:       |                                 ^
build	Build DaddyBoard (HeliBoard fork)	2026-09-30T15:49:50.7796377Z C/C++: /usr/local/lib/android/sdk/ndk/28.0.13004108/toolchains/llvm/prebuilt/linux-x86_64/sysroot/usr/include/c++/v1/vector:1100:22: note: in instantiation of function template specialization 'std::__uninitialized_allocator_copy<std::allocator<latinime::NgramProperty>, latinime::NgramProperty *, latinime::NgramProperty *, latinime::NgramProperty *>' requested here
build	Build DaddyBoard (HeliBoard fork)	2026-09-30T15:49:50.7799091Z C/C++:  1100 |   __tx.__pos_ = std::__uninitialized_allocator_copy(__alloc(), __first, __last, __tx.__pos_);
build	Build DaddyBoard (HeliBoard fork)	2026-09-30T15:49:50.7799840Z C/C++:       |                      ^
build	Build DaddyBoard (HeliBoard fork)	2026-09-30T15:49:50.7801736Z C/C++: /usr/local/lib/android/sdk/ndk/28.0.13004108/toolchains/llvm/prebuilt/linux-x86_64/sysroot/usr/include/c++/v1/vector:761:7: note: in instantiation of function template specialization 'std::vector<latinime::NgramProperty>::__construct_at_end<latinime::NgramProperty *, latinime::NgramProperty *>' requested here
build	Build DaddyBoard (HeliBoard fork)	2026-09-30T15:49:50.7803730Z C/C++:   761 |       __construct_at_end(__first, __last, __n);
build	Build DaddyBoard (HeliBoard fork)	2026-09-30T15:49:50.7804262Z C/C++:       |       ^
build	Build DaddyBoard (HeliBoard fork)	2026-09-30T15:49:50.7806393Z C/C++: /usr/local/lib/android/sdk/ndk/28.0.13004108/toolchains/llvm/prebuilt/linux-x86_64/sysroot/usr/include/c++/v1/vector:1213:3: note: in instantiation of function template specialization 'std::vector<latinime::NgramProperty>::__init_with_size<latinime::NgramProperty *, latinime::NgramProperty *>' requested here
build	Build DaddyBoard (HeliBoard fork)	2026-09-30T15:49:50.7808435Z C/C++:  1213 |   __init_with_size(__x.__begin_, __x.__end_, __x.size());
build	Build DaddyBoard (HeliBoard fork)	2026-09-30T15:49:50.7808943Z C/C++:       |   ^
build	Build DaddyBoard (HeliBoard fork)	2026-09-30T15:49:50.7810309Z C/C++: /home/runner/work/daddyboard/daddyboard/daddyboard-main/app/src/main/jni/src/dictionary/property/word_property.h:39:15: note: in instantiation of member function 'std::vector<latinime::NgramProperty>::vector' requested here
build	Build DaddyBoard (HeliBoard fork)	2026-09-30T15:49:50.7811820Z C/C++:    39 |               mNgrams(ngrams) {}
build	Build DaddyBoard (HeliBoard fork)	2026-09-30T15:49:50.7812231Z C/C++:       |               ^
build	Build DaddyBoard (HeliBoard fork)	2026-09-30T15:49:50.7813252Z C/C++: In file included from /home/runner/work/daddyboard/daddyboard/daddyboard-main/app/src/main/jni/src/suggest/core/result/suggestion_results.cpp:17:
build	Build DaddyBoard (HeliBoard fork)	2026-09-30T15:49:50.7815352Z C/C++: In file included from /home/runner/work/daddyboard/daddyboard/daddyboard-main/app/src/main/jni/src/suggest/core/result/suggestion_results.h:25:
build	Build DaddyBoard (HeliBoard fork)	2026-09-30T15:49:50.7817721Z C/C++: /home/runner/work/daddyboard/daddyboard/daddyboard-main/app/src/main/jni/src/suggest/core/result/suggested_word.h:39:9: warning: definition of implicit copy constructor for 'Comparator' is deprecated because it has a user-declared copy assignment operator [-Wdeprecated-copy]
build	Build DaddyBoard (HeliBoard fork)	2026-09-30T15:49:50.7819637Z C/C++:    39 |         DISALLOW_ASSIGNMENT_OPERATOR(Comparator);
build	Build DaddyBoard (HeliBoard fork)	2026-09-30T15:49:50.7820136Z C/C++:       |         ^
build	Build DaddyBoard (HeliBoard fork)	2026-09-30T15:49:50.7821194Z C/C++: /home/runner/work/daddyboard/daddyboard/daddyboard-main/app/src/main/jni/src/defines.h:289:8: note: expanded from macro 'DISALLOW_ASSIGNMENT_OPERATOR'
build	Build DaddyBoard (HeliBoard fork)	2026-09-30T15:49:50.7822332Z C/C++:   289 |   void operator=(const TypeName&) = delete
build	Build DaddyBoard (HeliBoard fork)	2026-09-30T15:49:50.7822846Z C/C++:       |        ^
build	Build DaddyBoard (HeliBoard fork)	2026-09-30T15:49:50.7824211Z C/C++: /usr/local/lib/android/sdk/ndk/28.0.13004108/toolchains/llvm/prebuilt/linux-x86_64/sysroot/usr/include/c++/v1/queue:920:37: note: in implicit copy constructor for 'latinime::SuggestedWord::Comparator' first required here
build	Build DaddyBoard (HeliBoard fork)	2026-09-30T15:49:50.7826018Z C/C++:   920 |   std::pop_heap(c.begin(), c.end(), comp);
build	Build DaddyBoard (HeliBoard fork)	2026-09-30T15:49:50.7826531Z C/C++:       |                                     ^
build	Build DaddyBoard (HeliBoard fork)	2026-09-30T15:49:50.7828663Z C/C++: /home/runner/work/daddyboard/daddyboard/daddyboard-main/app/src/main/jni/src/suggest/core/result/suggestion_results.cpp:44:25: note: in instantiation of member function 'std::priority_queue<latinime::SuggestedWord, std::vector<latinime::SuggestedWord>, latinime::SuggestedWord::Comparator>::pop' requested here
build	Build DaddyBoard (HeliBoard fork)	2026-09-30T15:49:50.7830765Z C/C++:    44 |         mSuggestedWords.pop();
build	Build DaddyBoard (HeliBoard fork)	2026-09-30T15:49:50.7831210Z C/C++:       |                         ^
build	Build DaddyBoard (HeliBoard fork)	2026-09-30T15:49:50.8694161Z C/C++: 9 warnings generated.
build	Build DaddyBoard (HeliBoard fork)	2026-09-30T15:49:51.3695061Z C/C++: In file included from /home/runner/work/daddyboard/daddyboard/daddyboard-main/app/src/main/jni/src/suggest/core/result/suggestions_output_utils.cpp:23:
build	Build DaddyBoard (HeliBoard fork)	2026-09-30T15:49:51.3696801Z C/C++: In file included from /home/runner/work/daddyboard/daddyboard/daddyboard-main/app/src/main/jni/src/suggest/core/dicnode/dic_node.h:22:
build	Build DaddyBoard (HeliBoard fork)	2026-09-30T15:49:51.3698826Z C/C++: In file included from /home/runner/work/daddyboard/daddyboard/daddyboard-main/app/src/main/jni/src/suggest/core/dicnode/dic_node_utils.h:21:
build	Build DaddyBoard (HeliBoard fork)	2026-09-30T15:49:51.3701077Z C/C++: /home/runner/work/daddyboard/daddyboard/daddyboard-main/app/src/main/jni/src/utils/int_array_view.h:160:5: warning: definition of implicit copy constructor for 'IntArrayView' is deprecated because it has a user-declared copy assignment operator [-Wdeprecated-copy]
build	Build DaddyBoard (HeliBoard fork)	2026-09-30T15:49:51.3702910Z C/C++:   160 |     DISALLOW_ASSIGNMENT_OPERATOR(IntArrayView);
build	Build DaddyBoard (HeliBoard fork)	2026-09-30T15:49:51.3703409Z C/C++:       |     ^
build	Build DaddyBoard (HeliBoard fork)	2026-09-30T15:49:51.3704548Z C/C++: /home/runner/work/daddyboard/daddyboard/daddyboard-main/app/src/main/jni/src/defines.h:289:8: note: expanded from macro 'DISALLOW_ASSIGNMENT_OPERATOR'
build	Build DaddyBoard (HeliBoard fork)	2026-09-30T15:49:51.3705717Z C/C++:   289 |   void operator=(const TypeName&) = delete
build	Build DaddyBoard (HeliBoard fork)	2026-09-30T15:49:51.3706181Z C/C++:       |        ^
build	Build DaddyBoard (HeliBoard fork)	2026-09-30T15:49:51.3707383Z C/C++: /home/runner/work/daddyboard/daddyboard/daddyboard-main/app/src/main/jni/src/suggest/core/dicnode/dic_node.h:110:53: note: in implicit copy constructor for 'latinime::IntArrayView' first required here
build	Build DaddyBoard (HeliBoard fork)	2026-09-30T15:49:51.3708888Z C/C++:   110 |         mDicNodeProperties.init(rootPtNodeArrayPos, prevWordIds);
build	Build DaddyBoard (HeliBoard fork)	2026-09-30T15:49:51.3709552Z C/C++:       |                                                     ^
build	Build DaddyBoard (HeliBoard fork)	2026-09-30T15:49:51.3710672Z C/C++: In file included from /home/runner/work/daddyboard/daddyboard/daddyboard-main/app/src/main/jni/src/suggest/core/result/suggestions_output_utils.cpp:27:
build	Build DaddyBoard (HeliBoard fork)	2026-09-30T15:49:51.3712310Z C/C++: In file included from /home/runner/work/daddyboard/daddyboard/daddyboard-main/app/src/main/jni/src/suggest/core/result/suggestion_results.h:25:
build	Build DaddyBoard (HeliBoard fork)	2026-09-30T15:49:51.3714218Z C/C++: In file included from /home/runner/work/daddyboard/daddyboard/daddyboard-main/app/src/main/jni/src/suggest/core/result/suggested_word.h:23:
build	Build DaddyBoard (HeliBoard fork)	2026-09-30T15:49:51.3716049Z C/C++: In file included from /home/runner/work/daddyboard/daddyboard/daddyboard-main/app/src/main/jni/src/suggest/core/dictionary/dictionary.h:25:
build	Build DaddyBoard (HeliBoard fork)	2026-09-30T15:49:51.3717762Z C/C++: In file included from /home/runner/work/daddyboard/daddyboard/daddyboard-main/app/src/main/jni/src/dictionary/interface/dictionary_structure_with_buffer_policy.h:23:
build	Build DaddyBoard (HeliBoard fork)	2026-09-30T15:49:51.3720218Z C/C++: /home/runner/work/daddyboard/daddyboard/daddyboard-main/app/src/main/jni/src/dictionary/property/historical_info.h:52:5: warning: definition of implicit copy constructor for 'HistoricalInfo' is deprecated because it has a user-declared copy assignment operator [-Wdeprecated-copy]
build	Build DaddyBoard (HeliBoard fork)	2026-09-30T15:49:51.3722160Z C/C++:    52 |     DISALLOW_ASSIGNMENT_OPERATOR(HistoricalInfo);
build	Build DaddyBoard (HeliBoard fork)	2026-09-30T15:49:51.3722690Z C/C++:       |     ^
build	Build DaddyBoard (HeliBoard fork)	2026-09-30T15:49:51.3723688Z C/C++: /home/runner/work/daddyboard/daddyboard/daddyboard-main/app/src/main/jni/src/defines.h:289:8: note: expanded from macro 'DISALLOW_ASSIGNMENT_OPERATOR'
build	Build DaddyBoard (HeliBoard fork)	2026-09-30T15:49:51.3724966Z C/C++:   289 |   void operator=(const TypeName&) = delete
build	Build DaddyBoard (HeliBoard fork)	2026-09-30T15:49:51.3725441Z C/C++:       |        ^
build	Build DaddyBoard (HeliBoard fork)	2026-09-30T15:49:51.3726711Z C/C++: /home/runner/work/daddyboard/daddyboard/daddyboard-main/app/src/main/jni/src/dictionary/property/ngram_property.h:33:42: note: in implicit copy constructor for 'latinime::HistoricalInfo' first required here
build	Build DaddyBoard (HeliBoard fork)	2026-09-30T15:49:51.3728271Z C/C++:    33 |               mProbability(probability), mHistoricalInfo(historicalInfo) {}
build	Build DaddyBoard (HeliBoard fork)	2026-09-30T15:49:51.3728929Z C/C++:       |                                          ^
build	Build DaddyBoard (HeliBoard fork)	2026-09-30T15:49:51.3730045Z C/C++: In file included from /home/runner/work/daddyboard/daddyboard/daddyboard-main/app/src/main/jni/src/suggest/core/result/suggestions_output_utils.cpp:27:
build	Build DaddyBoard (HeliBoard fork)	2026-09-30T15:49:51.3731780Z C/C++: In file included from /home/runner/work/daddyboard/daddyboard/daddyboard-main/app/src/main/jni/src/suggest/core/result/suggestion_results.h:25:
build	Build DaddyBoard (HeliBoard fork)	2026-09-30T15:49:51.3733346Z C/C++: In file included from /home/runner/work/daddyboard/daddyboard/daddyboard-main/app/src/main/jni/src/suggest/core/result/suggested_word.h:23:
build	Build DaddyBoard (HeliBoard fork)	2026-09-30T15:49:51.3735313Z C/C++: In file included from /home/runner/work/daddyboard/daddyboard/daddyboard-main/app/src/main/jni/src/suggest/core/dictionary/dictionary.h:25:
build	Build DaddyBoard (HeliBoard fork)	2026-09-30T15:49:51.3736988Z C/C++: In file included from /home/runner/work/daddyboard/daddyboard/daddyboard-main/app/src/main/jni/src/dictionary/interface/dictionary_structure_with_buffer_policy.h:25:
build	Build DaddyBoard (HeliBoard fork)	2026-09-30T15:49:51.3738693Z C/C++: In file included from /home/runner/work/daddyboard/daddyboard/daddyboard-main/app/src/main/jni/src/dictionary/property/word_property.h:24:
build	Build DaddyBoard (HeliBoard fork)	2026-09-30T15:49:51.3740994Z C/C++: /home/runner/work/daddyboard/daddyboard/daddyboard-main/app/src/main/jni/src/dictionary/property/unigram_property.h:126:5: warning: definition of implicit copy constructor for 'UnigramProperty' is deprecated because it has a user-declared copy assignment operator [-Wdeprecated-copy]
build	Build DaddyBoard (HeliBoard fork)	2026-09-30T15:49:51.3742973Z C/C++:   126 |     DISALLOW_ASSIGNMENT_OPERATOR(UnigramProperty);
build	Build DaddyBoard (HeliBoard fork)	2026-09-30T15:49:51.3743487Z C/C++:       |     ^
build	Build DaddyBoard (HeliBoard fork)	2026-09-30T15:49:51.3744611Z C/C++: /home/runner/work/daddyboard/daddyboard/daddyboard-main/app/src/main/jni/src/defines.h:289:8: note: expanded from macro 'DISALLOW_ASSIGNMENT_OPERATOR'
build	Build DaddyBoard (HeliBoard fork)	2026-09-30T15:49:51.3745750Z C/C++:   289 |   void operator=(const TypeName&) = delete
build	Build DaddyBoard (HeliBoard fork)	2026-09-30T15:49:51.3746241Z C/C++:       |        ^
build	Build DaddyBoard (HeliBoard fork)	2026-09-30T15:49:51.3747526Z C/C++: /home/runner/work/daddyboard/daddyboard/daddyboard-main/app/src/main/jni/src/dictionary/property/word_property.h:38:51: note: in implicit copy constructor for 'latinime::UnigramProperty' first required here
build	Build DaddyBoard (HeliBoard fork)	2026-09-30T15:49:51.3749140Z C/C++:    38 |             : mCodePoints(std::move(codePoints)), mUnigramProperty(unigramProperty),
build	Build DaddyBoard (HeliBoard fork)	2026-09-30T15:49:51.3750114Z C/C++:       |                                                   ^
build	Build DaddyBoard (HeliBoard fork)	2026-09-30T15:49:51.4694880Z C/C++: In file included from /home/runner/work/daddyboard/daddyboard/daddyboard-main/app/src/main/jni/src/suggest/core/result/suggestions_output_utils.cpp:28:
build	Build DaddyBoard (HeliBoard fork)	2026-09-30T15:49:51.4696804Z C/C++: In file included from /home/runner/work/daddyboard/daddyboard/daddyboard-main/app/src/main/jni/src/suggest/core/session/dic_traverse_session.h:23:
build	Build DaddyBoard (HeliBoard fork)	2026-09-30T15:49:51.4698442Z C/C++: In file included from /home/runner/work/daddyboard/daddyboard/daddyboard-main/app/src/main/jni/src/dictionary/utils/multi_bigram_map.h:27:
build	Build DaddyBoard (HeliBoard fork)	2026-09-30T15:49:51.4700704Z C/C++: /home/runner/work/daddyboard/daddyboard/daddyboard-main/app/src/main/jni/src/dictionary/utils/bloom_filter.h:47:5: warning: definition of implicit copy constructor for 'BloomFilter' is deprecated because it has a user-declared copy assignment operator [-Wdeprecated-copy]
build	Build DaddyBoard (HeliBoard fork)	2026-09-30T15:49:51.4702521Z C/C++:    47 |     DISALLOW_ASSIGNMENT_OPERATOR(BloomFilter);
build	Build DaddyBoard (HeliBoard fork)	2026-09-30T15:49:51.4703048Z C/C++:       |     ^
build	Build DaddyBoard (HeliBoard fork)	2026-09-30T15:49:51.4703997Z C/C++: /home/runner/work/daddyboard/daddyboard/daddyboard-main/app/src/main/jni/src/defines.h:289:8: note: expanded from macro 'DISALLOW_ASSIGNMENT_OPERATOR'
build	Build DaddyBoard (HeliBoard fork)	2026-09-30T15:49:51.4705324Z C/C++:   289 |   void operator=(const TypeName&) = delete
build	Build DaddyBoard (HeliBoard fork)	2026-09-30T15:49:51.4705809Z C/C++:       |        ^
build	Build DaddyBoard (HeliBoard fork)	2026-09-30T15:49:51.4707047Z C/C++: /home/runner/work/daddyboard/daddyboard/daddyboard-main/app/src/main/jni/src/dictionary/utils/multi_bigram_map.h:57:53: note: in implicit copy constructor for 'latinime::BloomFilter' first required here
build	Build DaddyBoard (HeliBoard fork)	2026-09-30T15:49:51.4708661Z C/C++:    57 |                 : mBigramMap(bigramMap.mBigramMap), mBloomFilter(bigramMap.mBloomFilter) {}
build	Build DaddyBoard (HeliBoard fork)	2026-09-30T15:49:51.4709419Z C/C++:       |                                                     ^
build	Build DaddyBoard (HeliBoard fork)	2026-09-30T15:49:51.4710531Z C/C++: In file included from /home/runner/work/daddyboard/daddyboard/daddyboard-main/app/src/main/jni/src/suggest/core/result/suggestions_output_utils.cpp:17:
build	Build DaddyBoard (HeliBoard fork)	2026-09-30T15:49:51.4712277Z C/C++: In file included from /home/runner/work/daddyboard/daddyboard/daddyboard-main/app/src/main/jni/src/suggest/core/result/suggestions_output_utils.h:21:
build	Build DaddyBoard (HeliBoard fork)	2026-09-30T15:49:51.4714884Z C/C++: /home/runner/work/daddyboard/daddyboard/daddyboard-main/app/src/main/jni/src/dictionary/property/word_attributes.h:59:5: warning: definition of implicit copy constructor for 'WordAttributes' is deprecated because it has a user-declared copy assignment operator [-Wdeprecated-copy]
build	Build DaddyBoard (HeliBoard fork)	2026-09-30T15:49:51.4717317Z C/C++:    59 |     DISALLOW_ASSIGNMENT_OPERATOR(WordAttributes);
build	Build DaddyBoard (HeliBoard fork)	2026-09-30T15:49:51.4717853Z C/C++:       |     ^
build	Build DaddyBoard (HeliBoard fork)	2026-09-30T15:49:51.4718826Z C/C++: /home/runner/work/daddyboard/daddyboard/daddyboard-main/app/src/main/jni/src/defines.h:289:8: note: expanded from macro 'DISALLOW_ASSIGNMENT_OPERATOR'
build	Build DaddyBoard (HeliBoard fork)	2026-09-30T15:49:51.4719926Z C/C++:   289 |   void operator=(const TypeName&) = delete
build	Build DaddyBoard (HeliBoard fork)	2026-09-30T15:49:51.4720401Z C/C++:       |        ^
build	Build DaddyBoard (HeliBoard fork)	2026-09-30T15:49:51.4721961Z C/C++: /home/runner/work/daddyboard/daddyboard/daddyboard-main/app/src/main/jni/src/suggest/core/result/suggestions_output_utils.cpp:161:30: note: in implicit copy constructor for 'WordAttributes' first required here
build	Build DaddyBoard (HeliBoard fork)	2026-09-30T15:49:51.4723416Z C/C++:   161 |             terminalDicNode, wordAttributes, true /* isLastWord */);
build	Build DaddyBoard (HeliBoard fork)	2026-09-30T15:49:51.4724015Z C/C++:       |                              ^
build	Build DaddyBoard (HeliBoard fork)	2026-09-30T15:49:51.5694675Z C/C++: In file included from /home/runner/work/daddyboard/daddyboard/daddyboard-main/app/src/main/jni/src/suggest/core/result/suggestions_output_utils.cpp:27:
build	Build DaddyBoard (HeliBoard fork)	2026-09-30T15:49:51.5696652Z C/C++: In file included from /home/runner/work/daddyboard/daddyboard/daddyboard-main/app/src/main/jni/src/suggest/core/result/suggestion_results.h:25:
build	Build DaddyBoard (HeliBoard fork)	2026-09-30T15:49:51.5698246Z C/C++: In file included from /home/runner/work/daddyboard/daddyboard/daddyboard-main/app/src/main/jni/src/suggest/core/result/suggested_word.h:23:
build	Build DaddyBoard (HeliBoard fork)	2026-09-30T15:49:51.5699788Z C/C++: In file included from /home/runner/work/daddyboard/daddyboard/daddyboard-main/app/src/main/jni/src/suggest/core/dictionary/dictionary.h:25:
build	Build DaddyBoard (HeliBoard fork)	2026-09-30T15:49:51.5701928Z C/C++: In file included from /home/runner/work/daddyboard/daddyboard/daddyboard-main/app/src/main/jni/src/dictionary/interface/dictionary_structure_with_buffer_policy.h:25:
build	Build DaddyBoard (HeliBoard fork)	2026-09-30T15:49:51.5703623Z C/C++: In file included from /home/runner/work/daddyboard/daddyboard/daddyboard-main/app/src/main/jni/src/dictionary/property/word_property.h:23:
build	Build DaddyBoard (HeliBoard fork)	2026-09-30T15:49:51.5706154Z C/C++: /home/runner/work/daddyboard/daddyboard/daddyboard-main/app/src/main/jni/src/dictionary/property/ngram_property.h:54:5: warning: definition of implicit copy constructor for 'NgramProperty' is deprecated because it has a user-declared copy assignment operator [-Wdeprecated-copy]
build	Build DaddyBoard (HeliBoard fork)	2026-09-30T15:49:51.5708114Z C/C++:    54 |     DISALLOW_ASSIGNMENT_OPERATOR(NgramProperty);
build	Build DaddyBoard (HeliBoard fork)	2026-09-30T15:49:51.5708595Z C/C++:       |     ^
build	Build DaddyBoard (HeliBoard fork)	2026-09-30T15:49:51.5709586Z C/C++: /home/runner/work/daddyboard/daddyboard/daddyboard-main/app/src/main/jni/src/defines.h:289:8: note: expanded from macro 'DISALLOW_ASSIGNMENT_OPERATOR'
build	Build DaddyBoard (HeliBoard fork)	2026-09-30T15:49:51.5710704Z C/C++:   289 |   void operator=(const TypeName&) = delete
build	Build DaddyBoard (HeliBoard fork)	2026-09-30T15:49:51.5711177Z C/C++:       |        ^
build	Build DaddyBoard (HeliBoard fork)	2026-09-30T15:49:51.5712523Z C/C++: /usr/local/lib/android/sdk/ndk/28.0.13004108/toolchains/llvm/prebuilt/linux-x86_64/sysroot/usr/include/c++/v1/__memory/allocator.h:173:24: note: in implicit copy constructor for 'latinime::NgramProperty' first required here
build	Build DaddyBoard (HeliBoard fork)	2026-09-30T15:49:51.5714026Z C/C++:   173 |     ::new ((void*)__p) _Up(std::forward<_Args>(__args)...);
build	Build DaddyBoard (HeliBoard fork)	2026-09-30T15:49:51.5714751Z C/C++:       |                        ^
build	Build DaddyBoard (HeliBoard fork)	2026-09-30T15:49:51.5716707Z C/C++: /usr/local/lib/android/sdk/ndk/28.0.13004108/toolchains/llvm/prebuilt/linux-x86_64/sysroot/usr/include/c++/v1/__memory/allocator_traits.h:320:9: note: in instantiation of function template specialization 'std::allocator<latinime::NgramProperty>::construct<latinime::NgramProperty, latinime::NgramProperty &>' requested here
build	Build DaddyBoard (HeliBoard fork)	2026-09-30T15:49:51.5718780Z C/C++:   320 |     __a.construct(__p, std::forward<_Args>(__args)...);
build	Build DaddyBoard (HeliBoard fork)	2026-09-30T15:49:51.5719311Z C/C++:       |         ^
build	Build DaddyBoard (HeliBoard fork)	2026-09-30T15:49:51.5721416Z C/C++: /usr/local/lib/android/sdk/ndk/28.0.13004108/toolchains/llvm/prebuilt/linux-x86_64/sysroot/usr/include/c++/v1/__memory/uninitialized_algorithms.h:551:31: note: in instantiation of function template specialization 'std::allocator_traits<std::allocator<latinime::NgramProperty>>::construct<latinime::NgramProperty, latinime::NgramProperty &, 0>' requested here
build	Build DaddyBoard (HeliBoard fork)	2026-09-30T15:49:51.5724212Z C/C++:   551 |     allocator_traits<_Alloc>::construct(__alloc, std::__to_address(__first2), *__first1);
build	Build DaddyBoard (HeliBoard fork)	2026-09-30T15:49:51.5725081Z C/C++:       |                               ^
build	Build DaddyBoard (HeliBoard fork)	2026-09-30T15:49:51.5727415Z C/C++: /usr/local/lib/android/sdk/ndk/28.0.13004108/toolchains/llvm/prebuilt/linux-x86_64/sysroot/usr/include/c++/v1/__memory/uninitialized_algorithms.h:594:33: note: in instantiation of function template specialization 'std::__uninitialized_allocator_copy_impl<std::allocator<latinime::NgramProperty>, latinime::NgramProperty *, latinime::NgramProperty *, latinime::NgramProperty *>' requested here
build	Build DaddyBoard (HeliBoard fork)	2026-09-30T15:49:51.5730004Z C/C++:   594 |   auto __result          = std::__uninitialized_allocator_copy_impl(
build	Build DaddyBoard (HeliBoard fork)	2026-09-30T15:49:51.5730633Z C/C++:       |                                 ^
build	Build DaddyBoard (HeliBoard fork)	2026-09-30T15:49:51.5732765Z C/C++: /usr/local/lib/android/sdk/ndk/28.0.13004108/toolchains/llvm/prebuilt/linux-x86_64/sysroot/usr/include/c++/v1/vector:1100:22: note: in instantiation of function template specialization 'std::__uninitialized_allocator_copy<std::allocator<latinime::NgramProperty>, latinime::NgramProperty *, latinime::NgramProperty *, latinime::NgramProperty *>' requested here
build	Build DaddyBoard (HeliBoard fork)	2026-09-30T15:49:51.5735362Z C/C++:  1100 |   __tx.__pos_ = std::__uninitialized_allocator_copy(__alloc(), __first, __last, __tx.__pos_);
build	Build DaddyBoard (HeliBoard fork)	2026-09-30T15:49:51.5736111Z C/C++:       |                      ^
build	Build DaddyBoard (HeliBoard fork)	2026-09-30T15:49:51.5737962Z C/C++: /usr/local/lib/android/sdk/ndk/28.0.13004108/toolchains/llvm/prebuilt/linux-x86_64/sysroot/usr/include/c++/v1/vector:761:7: note: in instantiation of function template specialization 'std::vector<latinime::NgramProperty>::__construct_at_end<latinime::NgramProperty *, latinime::NgramProperty *>' requested here
build	Build DaddyBoard (HeliBoard fork)	2026-09-30T15:49:51.5740145Z C/C++:   761 |       __construct_at_end(__first, __last, __n);
build	Build DaddyBoard (HeliBoard fork)	2026-09-30T15:49:51.5740614Z C/C++:       |       ^
build	Build DaddyBoard (HeliBoard fork)	2026-09-30T15:49:51.5742343Z C/C++: /usr/local/lib/android/sdk/ndk/28.0.13004108/toolchains/llvm/prebuilt/linux-x86_64/sysroot/usr/include/c++/v1/vector:1213:3: note: in instantiation of function template specialization 'std::vector<latinime::NgramProperty>::__init_with_size<latinime::NgramProperty *, latinime::NgramProperty *>' requested here
build	Build DaddyBoard (HeliBoard fork)	2026-09-30T15:49:51.5744285Z C/C++:  1213 |   __init_with_size(__x.__begin_, __x.__end_, __x.size());
build	Build DaddyBoard (HeliBoard fork)	2026-09-30T15:49:51.5744966Z C/C++:       |   ^
build	Build DaddyBoard (HeliBoard fork)	2026-09-30T15:49:51.5746348Z C/C++: /home/runner/work/daddyboard/daddyboard/daddyboard-main/app/src/main/jni/src/dictionary/property/word_property.h:39:15: note: in instantiation of member function 'std::vector<latinime::NgramProperty>::vector' requested here
build	Build DaddyBoard (HeliBoard fork)	2026-09-30T15:49:51.5747835Z C/C++:    39 |               mNgrams(ngrams) {}
build	Build DaddyBoard (HeliBoard fork)	2026-09-30T15:49:51.5748285Z C/C++:       |               ^
build	Build DaddyBoard (HeliBoard fork)	2026-09-30T15:49:51.7694070Z C/C++: 6 warnings generated.
build	Build DaddyBoard (HeliBoard fork)	2026-09-30T15:49:52.2695013Z C/C++: In file included from /home/runner/work/daddyboard/daddyboard/daddyboard-main/app/src/main/jni/src/suggest/policyimpl/typing/typing_scoring.cpp:17:
build	Build DaddyBoard (HeliBoard fork)	2026-09-30T15:49:52.2697087Z C/C++: In file included from /home/runner/work/daddyboard/daddyboard/daddyboard-main/app/src/main/jni/src/suggest/policyimpl/typing/typing_scoring.h:23:
build	Build DaddyBoard (HeliBoard fork)	2026-09-30T15:49:52.2699148Z C/C++: In file included from /home/runner/work/daddyboard/daddyboard/daddyboard-main/app/src/main/jni/src/suggest/core/session/dic_traverse_session.h:23:
build	Build DaddyBoard (HeliBoard fork)	2026-09-30T15:49:52.2700956Z C/C++: In file included from /home/runner/work/daddyboard/daddyboard/daddyboard-main/app/src/main/jni/src/dictionary/utils/multi_bigram_map.h:24:
build	Build DaddyBoard (HeliBoard fork)	2026-09-30T15:49:52.2702182Z C/C++: In file included from /home/runner/work/daddyboard/daddyboard/daddyboard-main/app/src/main/jni/src/dictionary/interface/dictionary_structure_with_buffer_policy.h:23:
build	Build DaddyBoard (HeliBoard fork)	2026-09-30T15:49:52.2704185Z C/C++: /home/runner/work/daddyboard/daddyboard/daddyboard-main/app/src/main/jni/src/dictionary/property/historical_info.h:52:5: warning: definition of implicit copy constructor for 'HistoricalInfo' is deprecated because it has a user-declared copy assignment operator [-Wdeprecated-copy]
build	Build DaddyBoard (HeliBoard fork)	2026-09-30T15:49:52.2706507Z C/C++:    52 |     DISALLOW_ASSIGNMENT_OPERATOR(HistoricalInfo);
build	Build DaddyBoard (HeliBoard fork)	2026-09-30T15:49:52.2706889Z C/C++:       |     ^
build	Build DaddyBoard (HeliBoard fork)	2026-09-30T15:49:52.2707565Z C/C++: /home/runner/work/daddyboard/daddyboard/daddyboard-main/app/src/main/jni/src/defines.h:289:8: note: expanded from macro 'DISALLOW_ASSIGNMENT_OPERATOR'
build	Build DaddyBoard (HeliBoard fork)	2026-09-30T15:49:52.2708351Z C/C++:   289 |   void operator=(const TypeName&) = delete
build	Build DaddyBoard (HeliBoard fork)	2026-09-30T15:49:52.2708707Z C/C++:       |        ^
build	Build DaddyBoard (HeliBoard fork)	2026-09-30T15:49:52.2709626Z C/C++: /home/runner/work/daddyboard/daddyboard/daddyboard-main/app/src/main/jni/src/dictionary/property/ngram_property.h:33:42: note: in implicit copy constructor for 'latinime::HistoricalInfo' first required here
build	Build DaddyBoard (HeliBoard fork)	2026-09-30T15:49:52.2710709Z C/C++:    33 |               mProbability(probability), mHistoricalInfo(historicalInfo) {}
build	Build DaddyBoard (HeliBoard fork)	2026-09-30T15:49:52.2711181Z C/C++:       |                                          ^
build	Build DaddyBoard (HeliBoard fork)	2026-09-30T15:49:52.2711929Z C/C++: In file included from /home/runner/work/daddyboard/daddyboard/daddyboard-main/app/src/main/jni/src/suggest/policyimpl/typing/typing_scoring.cpp:17:
build	Build DaddyBoard (HeliBoard fork)	2026-09-30T15:49:52.2713059Z C/C++: In file included from /home/runner/work/daddyboard/daddyboard/daddyboard-main/app/src/main/jni/src/suggest/policyimpl/typing/typing_scoring.h:23:
build	Build DaddyBoard (HeliBoard fork)	2026-09-30T15:49:52.2714189Z C/C++: In file included from /home/runner/work/daddyboard/daddyboard/daddyboard-main/app/src/main/jni/src/suggest/core/session/dic_traverse_session.h:23:
build	Build DaddyBoard (HeliBoard fork)	2026-09-30T15:49:52.2715638Z C/C++: In file included from /home/runner/work/daddyboard/daddyboard/daddyboard-main/app/src/main/jni/src/dictionary/utils/multi_bigram_map.h:24:
build	Build DaddyBoard (HeliBoard fork)	2026-09-30T15:49:52.2716818Z C/C++: In file included from /home/runner/work/daddyboard/daddyboard/daddyboard-main/app/src/main/jni/src/dictionary/interface/dictionary_structure_with_buffer_policy.h:25:
build	Build DaddyBoard (HeliBoard fork)	2026-09-30T15:49:52.2718005Z C/C++: In file included from /home/runner/work/daddyboard/daddyboard/daddyboard-main/app/src/main/jni/src/dictionary/property/word_property.h:24:
build	Build DaddyBoard (HeliBoard fork)	2026-09-30T15:49:52.2719631Z C/C++: /home/runner/work/daddyboard/daddyboard/daddyboard-main/app/src/main/jni/src/dictionary/property/unigram_property.h:126:5: warning: definition of implicit copy constructor for 'UnigramProperty' is deprecated because it has a user-declared copy assignment operator [-Wdeprecated-copy]
build	Build DaddyBoard (HeliBoard fork)	2026-09-30T15:49:52.2720972Z C/C++:   126 |     DISALLOW_ASSIGNMENT_OPERATOR(UnigramProperty);
build	Build DaddyBoard (HeliBoard fork)	2026-09-30T15:49:52.2721342Z C/C++:       |     ^
build	Build DaddyBoard (HeliBoard fork)	2026-09-30T15:49:52.2722008Z C/C++: /home/runner/work/daddyboard/daddyboard/daddyboard-main/app/src/main/jni/src/defines.h:289:8: note: expanded from macro 'DISALLOW_ASSIGNMENT_OPERATOR'
build	Build DaddyBoard (HeliBoard fork)	2026-09-30T15:49:52.2722787Z C/C++:   289 |   void operator=(const TypeName&) = delete
build	Build DaddyBoard (HeliBoard fork)	2026-09-30T15:49:52.2723126Z C/C++:       |        ^
build	Build DaddyBoard (HeliBoard fork)	2026-09-30T15:49:52.2724018Z C/C++: /home/runner/work/daddyboard/daddyboard/daddyboard-main/app/src/main/jni/src/dictionary/property/word_property.h:38:51: note: in implicit copy constructor for 'latinime::UnigramProperty' first required here
build	Build DaddyBoard (HeliBoard fork)	2026-09-30T15:49:52.2725354Z C/C++:    38 |             : mCodePoints(std::move(codePoints)), mUnigramProperty(unigramProperty),
build	Build DaddyBoard (HeliBoard fork)	2026-09-30T15:49:52.2725883Z C/C++:       |                                                   ^
build	Build DaddyBoard (HeliBoard fork)	2026-09-30T15:49:52.2726650Z C/C++: In file included from /home/runner/work/daddyboard/daddyboard/daddyboard-main/app/src/main/jni/src/suggest/policyimpl/typing/typing_scoring.cpp:17:
build	Build DaddyBoard (HeliBoard fork)	2026-09-30T15:49:52.2727789Z C/C++: In file included from /home/runner/work/daddyboard/daddyboard/daddyboard-main/app/src/main/jni/src/suggest/policyimpl/typing/typing_scoring.h:23:
build	Build DaddyBoard (HeliBoard fork)	2026-09-30T15:49:52.2728908Z C/C++: In file included from /home/runner/work/daddyboard/daddyboard/daddyboard-main/app/src/main/jni/src/suggest/core/session/dic_traverse_session.h:23:
build	Build DaddyBoard (HeliBoard fork)	2026-09-30T15:49:52.2730107Z C/C++: In file included from /home/runner/work/daddyboard/daddyboard/daddyboard-main/app/src/main/jni/src/dictionary/utils/multi_bigram_map.h:27:
build	Build DaddyBoard (HeliBoard fork)	2026-09-30T15:49:52.2731668Z C/C++: /home/runner/work/daddyboard/daddyboard/daddyboard-main/app/src/main/jni/src/dictionary/utils/bloom_filter.h:47:5: warning: definition of implicit copy constructor for 'BloomFilter' is deprecated because it has a user-declared copy assignment operator [-Wdeprecated-copy]
build	Build DaddyBoard (HeliBoard fork)	2026-09-30T15:49:52.2732912Z C/C++:    47 |     DISALLOW_ASSIGNMENT_OPERATOR(BloomFilter);
build	Build DaddyBoard (HeliBoard fork)	2026-09-30T15:49:52.2733257Z C/C++:       |     ^
build	Build DaddyBoard (HeliBoard fork)	2026-09-30T15:49:52.2733917Z C/C++: /home/runner/work/daddyboard/daddyboard/daddyboard-main/app/src/main/jni/src/defines.h:289:8: note: expanded from macro 'DISALLOW_ASSIGNMENT_OPERATOR'
build	Build DaddyBoard (HeliBoard fork)	2026-09-30T15:49:52.2734835Z C/C++:   289 |   void operator=(const TypeName&) = delete
build	Build DaddyBoard (HeliBoard fork)	2026-09-30T15:49:52.2735176Z C/C++:       |        ^
build	Build DaddyBoard (HeliBoard fork)	2026-09-30T15:49:52.2736048Z C/C++: /home/runner/work/daddyboard/daddyboard/daddyboard-main/app/src/main/jni/src/dictionary/utils/multi_bigram_map.h:57:53: note: in implicit copy constructor for 'latinime::BloomFilter' first required here
build	Build DaddyBoard (HeliBoard fork)	2026-09-30T15:49:52.2737164Z C/C++:    57 |                 : mBigramMap(bigramMap.mBigramMap), mBloomFilter(bigramMap.mBloomFilter) {}
build	Build DaddyBoard (HeliBoard fork)	2026-09-30T15:49:52.2737699Z C/C++:       |                                                     ^
build	Build DaddyBoard (HeliBoard fork)	2026-09-30T15:49:52.3695068Z C/C++: In file included from /home/runner/work/daddyboard/daddyboard/daddyboard-main/app/src/main/jni/src/suggest/policyimpl/typing/typing_scoring.cpp:17:
build	Build DaddyBoard (HeliBoard fork)	2026-09-30T15:49:52.3696563Z C/C++: In file included from /home/runner/work/daddyboard/daddyboard/daddyboard-main/app/src/main/jni/src/suggest/policyimpl/typing/typing_scoring.h:23:
build	Build DaddyBoard (HeliBoard fork)	2026-09-30T15:49:52.3698048Z C/C++: In file included from /home/runner/work/daddyboard/daddyboard/daddyboard-main/app/src/main/jni/src/suggest/core/session/dic_traverse_session.h:23:
build	Build DaddyBoard (HeliBoard fork)	2026-09-30T15:49:52.3699152Z C/C++: In file included from /home/runner/work/daddyboard/daddyboard/daddyboard-main/app/src/main/jni/src/dictionary/utils/multi_bigram_map.h:24:
build	Build DaddyBoard (HeliBoard fork)	2026-09-30T15:49:52.3700338Z C/C++: In file included from /home/runner/work/daddyboard/daddyboard/daddyboard-main/app/src/main/jni/src/dictionary/interface/dictionary_structure_with_buffer_policy.h:25:
build	Build DaddyBoard (HeliBoard fork)	2026-09-30T15:49:52.3701520Z C/C++: In file included from /home/runner/work/daddyboard/daddyboard/daddyboard-main/app/src/main/jni/src/dictionary/property/word_property.h:23:
build	Build DaddyBoard (HeliBoard fork)	2026-09-30T15:49:52.3702585Z C/C++: In file included from /home/runner/work/daddyboard/daddyboard/daddyboard-main/app/src/main/jni/src/dictionary/property/ngram_property.h:24:
build	Build DaddyBoard (HeliBoard fork)	2026-09-30T15:49:52.3703655Z C/C++: In file included from /home/runner/work/daddyboard/daddyboard/daddyboard-main/app/src/main/jni/src/dictionary/property/ngram_context.h:23:
build	Build DaddyBoard (HeliBoard fork)	2026-09-30T15:49:52.3705821Z C/C++: /home/runner/work/daddyboard/daddyboard/daddyboard-main/app/src/main/jni/src/utils/int_array_view.h:160:5: warning: definition of implicit copy constructor for 'IntArrayView' is deprecated because it has a user-declared copy assignment operator [-Wdeprecated-copy]
build	Build DaddyBoard (HeliBoard fork)	2026-09-30T15:49:52.3707842Z C/C++:   160 |     DISALLOW_ASSIGNMENT_OPERATOR(IntArrayView);
build	Build DaddyBoard (HeliBoard fork)	2026-09-30T15:49:52.3708475Z C/C++:       |     ^
build	Build DaddyBoard (HeliBoard fork)	2026-09-30T15:49:52.3709673Z C/C++: /home/runner/work/daddyboard/daddyboard/daddyboard-main/app/src/main/jni/src/defines.h:289:8: note: expanded from macro 'DISALLOW_ASSIGNMENT_OPERATOR'
build	Build DaddyBoard (HeliBoard fork)	2026-09-30T15:49:52.3711101Z C/C++:   289 |   void operator=(const TypeName&) = delete
build	Build DaddyBoard (HeliBoard fork)	2026-09-30T15:49:52.3711709Z C/C++:       |        ^
build	Build DaddyBoard (HeliBoard fork)	2026-09-30T15:49:52.3713302Z C/C++: /home/runner/work/daddyboard/daddyboard/daddyboard-main/app/src/main/jni/src/suggest/core/dicnode/dic_node.h:110:53: note: in implicit copy constructor for 'latinime::IntArrayView' first required here
build	Build DaddyBoard (HeliBoard fork)	2026-09-30T15:49:52.3715363Z C/C++:   110 |         mDicNodeProperties.init(rootPtNodeArrayPos, prevWordIds);
build	Build DaddyBoard (HeliBoard fork)	2026-09-30T15:49:52.3716149Z C/C++:       |                                                     ^
build	Build DaddyBoard (HeliBoard fork)	2026-09-30T15:49:52.4695540Z C/C++: In file included from /home/runner/work/daddyboard/daddyboard/daddyboard-main/app/src/main/jni/src/suggest/policyimpl/typing/typing_scoring.cpp:17:
build	Build DaddyBoard (HeliBoard fork)	2026-09-30T15:49:52.4696836Z C/C++: In file included from /home/runner/work/daddyboard/daddyboard/daddyboard-main/app/src/main/jni/src/suggest/policyimpl/typing/typing_scoring.h:23:
build	Build DaddyBoard (HeliBoard fork)	2026-09-30T15:49:52.4697975Z C/C++: In file included from /home/runner/work/daddyboard/daddyboard/daddyboard-main/app/src/main/jni/src/suggest/core/session/dic_traverse_session.h:23:
build	Build DaddyBoard (HeliBoard fork)	2026-09-30T15:49:52.4699085Z C/C++: In file included from /home/runner/work/daddyboard/daddyboard/daddyboard-main/app/src/main/jni/src/dictionary/utils/multi_bigram_map.h:24:
build	Build DaddyBoard (HeliBoard fork)	2026-09-30T15:49:52.4700287Z C/C++: In file included from /home/runner/work/daddyboard/daddyboard/daddyboard-main/app/src/main/jni/src/dictionary/interface/dictionary_structure_with_buffer_policy.h:25:
build	Build DaddyBoard (HeliBoard fork)	2026-09-30T15:49:52.4701465Z C/C++: In file included from /home/runner/work/daddyboard/daddyboard/daddyboard-main/app/src/main/jni/src/dictionary/property/word_property.h:23:
build	Build DaddyBoard (HeliBoard fork)	2026-09-30T15:49:52.4703106Z C/C++: /home/runner/work/daddyboard/daddyboard/daddyboard-main/app/src/main/jni/src/dictionary/property/ngram_property.h:54:5: warning: definition of implicit copy constructor for 'NgramProperty' is deprecated because it has a user-declared copy assignment operator [-Wdeprecated-copy]
build	Build DaddyBoard (HeliBoard fork)	2026-09-30T15:49:52.4704693Z C/C++:    54 |     DISALLOW_ASSIGNMENT_OPERATOR(NgramProperty);
build	Build DaddyBoard (HeliBoard fork)	2026-09-30T15:49:52.4705105Z C/C++:       |     ^
build	Build DaddyBoard (HeliBoard fork)	2026-09-30T15:49:52.4705800Z C/C++: /home/runner/work/daddyboard/daddyboard/daddyboard-main/app/src/main/jni/src/defines.h:289:8: note: expanded from macro 'DISALLOW_ASSIGNMENT_OPERATOR'
build	Build DaddyBoard (HeliBoard fork)	2026-09-30T15:49:52.4706949Z C/C++:   289 |   void operator=(const TypeName&) = delete
build	Build DaddyBoard (HeliBoard fork)	2026-09-30T15:49:52.4707294Z C/C++:       |        ^
build	Build DaddyBoard (HeliBoard fork)	2026-09-30T15:49:52.4708262Z C/C++: /usr/local/lib/android/sdk/ndk/28.0.13004108/toolchains/llvm/prebuilt/linux-x86_64/sysroot/usr/include/c++/v1/__memory/allocator.h:173:24: note: in implicit copy constructor for 'latinime::NgramProperty' first required here
build	Build DaddyBoard (HeliBoard fork)	2026-09-30T15:49:52.4709348Z C/C++:   173 |     ::new ((void*)__p) _Up(std::forward<_Args>(__args)...);
build	Build DaddyBoard (HeliBoard fork)	2026-09-30T15:49:52.4709749Z C/C++:       |                        ^
build	Build DaddyBoard (HeliBoard fork)	2026-09-30T15:49:52.4711111Z C/C++: /usr/local/lib/android/sdk/ndk/28.0.13004108/toolchains/llvm/prebuilt/linux-x86_64/sysroot/usr/include/c++/v1/__memory/allocator_traits.h:320:9: note: in instantiation of function template specialization 'std::allocator<latinime::NgramProperty>::construct<latinime::NgramProperty, latinime::NgramProperty &>' requested here
build	Build DaddyBoard (HeliBoard fork)	2026-09-30T15:49:52.4712549Z C/C++:   320 |     __a.construct(__p, std::forward<_Args>(__args)...);
build	Build DaddyBoard (HeliBoard fork)	2026-09-30T15:49:52.4712927Z C/C++:       |         ^
build	Build DaddyBoard (HeliBoard fork)	2026-09-30T15:49:52.4714452Z C/C++: /usr/local/lib/android/sdk/ndk/28.0.13004108/toolchains/llvm/prebuilt/linux-x86_64/sysroot/usr/include/c++/v1/__memory/uninitialized_algorithms.h:551:31: note: in instantiation of function template specialization 'std::allocator_traits<std::allocator<latinime::NgramProperty>>::construct<latinime::NgramProperty, latinime::NgramProperty &, 0>' requested here
build	Build DaddyBoard (HeliBoard fork)	2026-09-30T15:49:52.4716141Z C/C++:   551 |     allocator_traits<_Alloc>::construct(__alloc, std::__to_address(__first2), *__first1);
build	Build DaddyBoard (HeliBoard fork)	2026-09-30T15:49:52.4716661Z C/C++:       |                               ^
build	Build DaddyBoard (HeliBoard fork)	2026-09-30T15:49:52.4718301Z C/C++: /usr/local/lib/android/sdk/ndk/28.0.13004108/toolchains/llvm/prebuilt/linux-x86_64/sysroot/usr/include/c++/v1/__memory/uninitialized_algorithms.h:594:33: note: in instantiation of function template specialization 'std::__uninitialized_allocator_copy_impl<std::allocator<latinime::NgramProperty>, latinime::NgramProperty *, latinime::NgramProperty *, latinime::NgramProperty *>' requested here
build	Build DaddyBoard (HeliBoard fork)	2026-09-30T15:49:52.4720040Z C/C++:   594 |   auto __result          = std::__uninitialized_allocator_copy_impl(
build	Build DaddyBoard (HeliBoard fork)	2026-09-30T15:49:52.4720480Z C/C++:       |                                 ^
build	Build DaddyBoard (HeliBoard fork)	2026-09-30T15:49:52.4722108Z C/C++: /usr/local/lib/android/sdk/ndk/28.0.13004108/toolchains/llvm/prebuilt/linux-x86_64/sysroot/usr/include/c++/v1/vector:1100:22: note: in instantiation of function template specialization 'std::__uninitialized_allocator_copy<std::allocator<latinime::NgramProperty>, latinime::NgramProperty *, latinime::NgramProperty *, latinime::NgramProperty *>' requested here
build	Build DaddyBoard (HeliBoard fork)	2026-09-30T15:49:52.4723788Z C/C++:  1100 |   __tx.__pos_ = std::__uninitialized_allocator_copy(__alloc(), __first, __last, __tx.__pos_);
build	Build DaddyBoard (HeliBoard fork)	2026-09-30T15:49:52.4724384Z C/C++:       |                      ^
build	Build DaddyBoard (HeliBoard fork)	2026-09-30T15:49:52.4725672Z C/C++: /usr/local/lib/android/sdk/ndk/28.0.13004108/toolchains/llvm/prebuilt/linux-x86_64/sysroot/usr/include/c++/v1/vector:761:7: note: in instantiation of function template specialization 'std::vector<latinime::NgramProperty>::__construct_at_end<latinime::NgramProperty *, latinime::NgramProperty *>' requested here
build	Build DaddyBoard (HeliBoard fork)	2026-09-30T15:49:52.4727022Z C/C++:   761 |       __construct_at_end(__first, __last, __n);
build	Build DaddyBoard (HeliBoard fork)	2026-09-30T15:49:52.4727372Z C/C++:       |       ^
build	Build DaddyBoard (HeliBoard fork)	2026-09-30T15:49:52.4728595Z C/C++: /usr/local/lib/android/sdk/ndk/28.0.13004108/toolchains/llvm/prebuilt/linux-x86_64/sysroot/usr/include/c++/v1/vector:1213:3: note: in instantiation of function template specialization 'std::vector<latinime::NgramProperty>::__init_with_size<latinime::NgramProperty *, latinime::NgramProperty *>' requested here
build	Build DaddyBoard (HeliBoard fork)	2026-09-30T15:49:52.4729955Z C/C++:  1213 |   __init_with_size(__x.__begin_, __x.__end_, __x.size());
build	Build DaddyBoard (HeliBoard fork)	2026-09-30T15:49:52.4730333Z C/C++:       |   ^
build	Build DaddyBoard (HeliBoard fork)	2026-09-30T15:49:52.4731277Z C/C++: /home/runner/work/daddyboard/daddyboard/daddyboard-main/app/src/main/jni/src/dictionary/property/word_property.h:39:15: note: in instantiation of member function 'std::vector<latinime::NgramProperty>::vector' requested here
build	Build DaddyBoard (HeliBoard fork)	2026-09-30T15:49:52.4732390Z C/C++:    39 |               mNgrams(ngrams) {}
build	Build DaddyBoard (HeliBoard fork)	2026-09-30T15:49:52.4732703Z C/C++:       |               ^
build	Build DaddyBoard (HeliBoard fork)	2026-09-30T15:49:52.5694240Z C/C++: 5 warnings generated.
build	Build DaddyBoard (HeliBoard fork)	2026-09-30T15:49:52.9694837Z C/C++: In file included from /home/runner/work/daddyboard/daddyboard/daddyboard-main/app/src/main/jni/src/suggest/policyimpl/typing/typing_suggest_policy.cpp:17:
build	Build DaddyBoard (HeliBoard fork)	2026-09-30T15:49:52.9696504Z C/C++: In file included from /home/runner/work/daddyboard/daddyboard/daddyboard-main/app/src/main/jni/src/suggest/policyimpl/typing/typing_suggest_policy.h:22:
build	Build DaddyBoard (HeliBoard fork)	2026-09-30T15:49:52.9697677Z C/C++: In file included from /home/runner/work/daddyboard/daddyboard/daddyboard-main/app/src/main/jni/src/suggest/policyimpl/typing/typing_scoring.h:23:
build	Build DaddyBoard (HeliBoard fork)	2026-09-30T15:49:52.9698807Z C/C++: In file included from /home/runner/work/daddyboard/daddyboard/daddyboard-main/app/src/main/jni/src/suggest/core/session/dic_traverse_session.h:23:
build	Build DaddyBoard (HeliBoard fork)	2026-09-30T15:49:52.9699926Z C/C++: In file included from /home/runner/work/daddyboard/daddyboard/daddyboard-main/app/src/main/jni/src/dictionary/utils/multi_bigram_map.h:24:
build	Build DaddyBoard (HeliBoard fork)	2026-09-30T15:49:52.9701093Z C/C++: In file included from /home/runner/work/daddyboard/daddyboard/daddyboard-main/app/src/main/jni/src/dictionary/interface/dictionary_structure_with_buffer_policy.h:23:
build	Build DaddyBoard (HeliBoard fork)	2026-09-30T15:49:52.9702841Z C/C++: /home/runner/work/daddyboard/daddyboard/daddyboard-main/app/src/main/jni/src/dictionary/property/historical_info.h:52:5: warning: definition of implicit copy constructor for 'HistoricalInfo' is deprecated because it has a user-declared copy assignment operator [-Wdeprecated-copy]
build	Build DaddyBoard (HeliBoard fork)	2026-09-30T15:49:52.9704182Z C/C++:    52 |     DISALLOW_ASSIGNMENT_OPERATOR(HistoricalInfo);
build	Build DaddyBoard (HeliBoard fork)	2026-09-30T15:49:52.9704680Z C/C++:       |     ^
build	Build DaddyBoard (HeliBoard fork)	2026-09-30T15:49:52.9705474Z C/C++: /home/runner/work/daddyboard/daddyboard/daddyboard-main/app/src/main/jni/src/defines.h:289:8: note: expanded from macro 'DISALLOW_ASSIGNMENT_OPERATOR'
build	Build DaddyBoard (HeliBoard fork)	2026-09-30T15:49:52.9706261Z C/C++:   289 |   void operator=(const TypeName&) = delete
build	Build DaddyBoard (HeliBoard fork)	2026-09-30T15:49:52.9706604Z C/C++:       |        ^
build	Build DaddyBoard (HeliBoard fork)	2026-09-30T15:49:52.9707525Z C/C++: /home/runner/work/daddyboard/daddyboard/daddyboard-main/app/src/main/jni/src/dictionary/property/ngram_property.h:33:42: note: in implicit copy constructor for 'latinime::HistoricalInfo' first required here
build	Build DaddyBoard (HeliBoard fork)	2026-09-30T15:49:52.9709015Z C/C++:    33 |               mProbability(probability), mHistoricalInfo(historicalInfo) {}
build	Build DaddyBoard (HeliBoard fork)	2026-09-30T15:49:52.9709540Z C/C++:       |                                          ^
build	Build DaddyBoard (HeliBoard fork)	2026-09-30T15:49:52.9710438Z C/C++: In file included from /home/runner/work/daddyboard/daddyboard/daddyboard-main/app/src/main/jni/src/suggest/policyimpl/typing/typing_suggest_policy.cpp:17:
build	Build DaddyBoard (HeliBoard fork)	2026-09-30T15:49:52.9711636Z C/C++: In file included from /home/runner/work/daddyboard/daddyboard/daddyboard-main/app/src/main/jni/src/suggest/policyimpl/typing/typing_suggest_policy.h:22:
build	Build DaddyBoard (HeliBoard fork)	2026-09-30T15:49:52.9712787Z C/C++: In file included from /home/runner/work/daddyboard/daddyboard/daddyboard-main/app/src/main/jni/src/suggest/policyimpl/typing/typing_scoring.h:23:
build	Build DaddyBoard (HeliBoard fork)	2026-09-30T15:49:52.9713909Z C/C++: In file included from /home/runner/work/daddyboard/daddyboard/daddyboard-main/app/src/main/jni/src/suggest/core/session/dic_traverse_session.h:23:
build	Build DaddyBoard (HeliBoard fork)	2026-09-30T15:49:52.9715103Z C/C++: In file included from /home/runner/work/daddyboard/daddyboard/daddyboard-main/app/src/main/jni/src/dictionary/utils/multi_bigram_map.h:24:
build	Build DaddyBoard (HeliBoard fork)	2026-09-30T15:49:52.9716274Z C/C++: In file included from /home/runner/work/daddyboard/daddyboard/daddyboard-main/app/src/main/jni/src/dictionary/interface/dictionary_structure_with_buffer_policy.h:25:
build	Build DaddyBoard (HeliBoard fork)	2026-09-30T15:49:52.9717443Z C/C++: In file included from /home/runner/work/daddyboard/daddyboard/daddyboard-main/app/src/main/jni/src/dictionary/property/word_property.h:24:
build	Build DaddyBoard (HeliBoard fork)	2026-09-30T15:49:52.9719086Z C/C++: /home/runner/work/daddyboard/daddyboard/daddyboard-main/app/src/main/jni/src/dictionary/property/unigram_property.h:126:5: warning: definition of implicit copy constructor for 'UnigramProperty' is deprecated because it has a user-declared copy assignment operator [-Wdeprecated-copy]
build	Build DaddyBoard (HeliBoard fork)	2026-09-30T15:49:52.9720566Z C/C++:   126 |     DISALLOW_ASSIGNMENT_OPERATOR(UnigramProperty);
build	Build DaddyBoard (HeliBoard fork)	2026-09-30T15:49:52.9720941Z C/C++:       |     ^
build	Build DaddyBoard (HeliBoard fork)	2026-09-30T15:49:52.9721616Z C/C++: /home/runner/work/daddyboard/daddyboard/daddyboard-main/app/src/main/jni/src/defines.h:289:8: note: expanded from macro 'DISALLOW_ASSIGNMENT_OPERATOR'
build	Build DaddyBoard (HeliBoard fork)	2026-09-30T15:49:52.9722397Z C/C++:   289 |   void operator=(const TypeName&) = delete
build	Build DaddyBoard (HeliBoard fork)	2026-09-30T15:49:52.9722741Z C/C++:       |        ^
build	Build DaddyBoard (HeliBoard fork)	2026-09-30T15:49:52.9723633Z C/C++: /home/runner/work/daddyboard/daddyboard/daddyboard-main/app/src/main/jni/src/dictionary/property/word_property.h:38:51: note: in implicit copy constructor for 'latinime::UnigramProperty' first required here
build	Build DaddyBoard (HeliBoard fork)	2026-09-30T15:49:52.9724808Z C/C++:    38 |             : mCodePoints(std::move(codePoints)), mUnigramProperty(unigramProperty),
build	Build DaddyBoard (HeliBoard fork)	2026-09-30T15:49:52.9725331Z C/C++:       |                                                   ^
build	Build DaddyBoard (HeliBoard fork)	2026-09-30T15:49:53.0695092Z C/C++: In file included from /home/runner/work/daddyboard/daddyboard/daddyboard-main/app/src/main/jni/src/suggest/policyimpl/typing/typing_suggest_policy.cpp:17:
build	Build DaddyBoard (HeliBoard fork)	2026-09-30T15:49:53.0696508Z C/C++: In file included from /home/runner/work/daddyboard/daddyboard/daddyboard-main/app/src/main/jni/src/suggest/policyimpl/typing/typing_suggest_policy.h:22:
build	Build DaddyBoard (HeliBoard fork)	2026-09-30T15:49:53.0698178Z C/C++: In file included from /home/runner/work/daddyboard/daddyboard/daddyboard-main/app/src/main/jni/src/suggest/policyimpl/typing/typing_scoring.h:23:
build	Build DaddyBoard (HeliBoard fork)	2026-09-30T15:49:53.0699736Z C/C++: In file included from /home/runner/work/daddyboard/daddyboard/daddyboard-main/app/src/main/jni/src/suggest/core/session/dic_traverse_session.h:23:
build	Build DaddyBoard (HeliBoard fork)	2026-09-30T15:49:53.0700799Z C/C++: In file included from /home/runner/work/daddyboard/daddyboard/daddyboard-main/app/src/main/jni/src/dictionary/utils/multi_bigram_map.h:27:
build	Build DaddyBoard (HeliBoard fork)	2026-09-30T15:49:53.0702109Z C/C++: /home/runner/work/daddyboard/daddyboard/daddyboard-main/app/src/main/jni/src/dictionary/utils/bloom_filter.h:47:5: warning: definition of implicit copy constructor for 'BloomFilter' is deprecated because it has a user-declared copy assignment operator [-Wdeprecated-copy]
build	Build DaddyBoard (HeliBoard fork)	2026-09-30T15:49:53.0703496Z C/C++:    47 |     DISALLOW_ASSIGNMENT_OPERATOR(BloomFilter);
build	Build DaddyBoard (HeliBoard fork)	2026-09-30T15:49:53.0703790Z C/C++:       |     ^
build	Build DaddyBoard (HeliBoard fork)	2026-09-30T15:49:53.0704565Z C/C++: /home/runner/work/daddyboard/daddyboard/daddyboard-main/app/src/main/jni/src/defines.h:289:8: note: expanded from macro 'DISALLOW_ASSIGNMENT_OPERATOR'
build	Build DaddyBoard (HeliBoard fork)	2026-09-30T15:49:53.0705247Z C/C++:   289 |   void operator=(const TypeName&) = delete
build	Build DaddyBoard (HeliBoard fork)	2026-09-30T15:49:53.0705554Z C/C++:       |        ^
build	Build DaddyBoard (HeliBoard fork)	2026-09-30T15:49:53.0706293Z C/C++: /home/runner/work/daddyboard/daddyboard/daddyboard-main/app/src/main/jni/src/dictionary/utils/multi_bigram_map.h:57:53: note: in implicit copy constructor for 'latinime::BloomFilter' first required here
build	Build DaddyBoard (HeliBoard fork)	2026-09-30T15:49:53.0707209Z C/C++:    57 |                 : mBigramMap(bigramMap.mBigramMap), mBloomFilter(bigramMap.mBloomFilter) {}
build	Build DaddyBoard (HeliBoard fork)	2026-09-30T15:49:53.0707661Z C/C++:       |                                                     ^
build	Build DaddyBoard (HeliBoard fork)	2026-09-30T15:49:53.0708316Z C/C++: In file included from /home/runner/work/daddyboard/daddyboard/daddyboard-main/app/src/main/jni/src/suggest/policyimpl/typing/typing_suggest_policy.cpp:17:
build	Build DaddyBoard (HeliBoard fork)	2026-09-30T15:49:53.0709303Z C/C++: In file included from /home/runner/work/daddyboard/daddyboard/daddyboard-main/app/src/main/jni/src/suggest/policyimpl/typing/typing_suggest_policy.h:22:
build	Build DaddyBoard (HeliBoard fork)	2026-09-30T15:49:53.0710246Z C/C++: In file included from /home/runner/work/daddyboard/daddyboard/daddyboard-main/app/src/main/jni/src/suggest/policyimpl/typing/typing_scoring.h:23:
build	Build DaddyBoard (HeliBoard fork)	2026-09-30T15:49:53.0711171Z C/C++: In file included from /home/runner/work/daddyboard/daddyboard/daddyboard-main/app/src/main/jni/src/suggest/core/session/dic_traverse_session.h:23:
build	Build DaddyBoard (HeliBoard fork)	2026-09-30T15:49:53.0712066Z C/C++: In file included from /home/runner/work/daddyboard/daddyboard/daddyboard-main/app/src/main/jni/src/dictionary/utils/multi_bigram_map.h:24:
build	Build DaddyBoard (HeliBoard fork)	2026-09-30T15:49:53.0713156Z C/C++: In file included from /home/runner/work/daddyboard/daddyboard/daddyboard-main/app/src/main/jni/src/dictionary/interface/dictionary_structure_with_buffer_policy.h:25:
build	Build DaddyBoard (HeliBoard fork)	2026-09-30T15:49:53.0714133Z C/C++: In file included from /home/runner/work/daddyboard/daddyboard/daddyboard-main/app/src/main/jni/src/dictionary/property/word_property.h:23:
build	Build DaddyBoard (HeliBoard fork)	2026-09-30T15:49:53.0715139Z C/C++: In file included from /home/runner/work/daddyboard/daddyboard/daddyboard-main/app/src/main/jni/src/dictionary/property/ngram_property.h:24:
build	Build DaddyBoard (HeliBoard fork)	2026-09-30T15:49:53.0716020Z C/C++: In file included from /home/runner/work/daddyboard/daddyboard/daddyboard-main/app/src/main/jni/src/dictionary/property/ngram_context.h:23:
build	Build DaddyBoard (HeliBoard fork)	2026-09-30T15:49:53.0717283Z C/C++: /home/runner/work/daddyboard/daddyboard/daddyboard-main/app/src/main/jni/src/utils/int_array_view.h:160:5: warning: definition of implicit copy constructor for 'IntArrayView' is deprecated because it has a user-declared copy assignment operator [-Wdeprecated-copy]
build	Build DaddyBoard (HeliBoard fork)	2026-09-30T15:49:53.0718296Z C/C++:   160 |     DISALLOW_ASSIGNMENT_OPERATOR(IntArrayView);
build	Build DaddyBoard (HeliBoard fork)	2026-09-30T15:49:53.0718596Z C/C++:       |     ^
build	Build DaddyBoard (HeliBoard fork)	2026-09-30T15:49:53.0719149Z C/C++: /home/runner/work/daddyboard/daddyboard/daddyboard-main/app/src/main/jni/src/defines.h:289:8: note: expanded from macro 'DISALLOW_ASSIGNMENT_OPERATOR'
build	Build DaddyBoard (HeliBoard fork)	2026-09-30T15:49:53.0719796Z C/C++:   289 |   void operator=(const TypeName&) = delete
build	Build DaddyBoard (HeliBoard fork)	2026-09-30T15:49:53.0720090Z C/C++:       |        ^
build	Build DaddyBoard (HeliBoard fork)	2026-09-30T15:49:53.0720803Z C/C++: /home/runner/work/daddyboard/daddyboard/daddyboard-main/app/src/main/jni/src/suggest/core/dicnode/dic_node.h:110:53: note: in implicit copy constructor for 'latinime::IntArrayView' first required here
build	Build DaddyBoard (HeliBoard fork)	2026-09-30T15:49:53.0721648Z C/C++:   110 |         mDicNodeProperties.init(rootPtNodeArrayPos, prevWordIds);
build	Build DaddyBoard (HeliBoard fork)	2026-09-30T15:49:53.0722033Z C/C++:       |                                                     ^
build	Build DaddyBoard (HeliBoard fork)	2026-09-30T15:49:53.1694947Z C/C++: In file included from /home/runner/work/daddyboard/daddyboard/daddyboard-main/app/src/main/jni/src/suggest/policyimpl/typing/typing_suggest_policy.cpp:17:
build	Build DaddyBoard (HeliBoard fork)	2026-09-30T15:49:53.1696261Z C/C++: In file included from /home/runner/work/daddyboard/daddyboard/daddyboard-main/app/src/main/jni/src/suggest/policyimpl/typing/typing_suggest_policy.h:23:
build	Build DaddyBoard (HeliBoard fork)	2026-09-30T15:49:53.1697829Z C/C++: In file included from /home/runner/work/daddyboard/daddyboard/daddyboard-main/app/src/main/jni/src/suggest/policyimpl/typing/typing_traversal.h:26:
build	Build DaddyBoard (HeliBoard fork)	2026-09-30T15:49:53.1699232Z C/C++: /home/runner/work/daddyboard/daddyboard/daddyboard-main/app/src/main/jni/src/suggest/core/layout/proximity_info_utils.h:75:25: warning: variable 'proximityChar' set but not used [-Wunused-but-set-variable]
build	Build DaddyBoard (HeliBoard fork)	2026-09-30T15:49:53.1700241Z C/C++:    75 |                     int proximityChar =
build	Build DaddyBoard (HeliBoard fork)	2026-09-30T15:49:53.1700589Z C/C++:       |                         ^
build	Build DaddyBoard (HeliBoard fork)	2026-09-30T15:49:53.2694981Z C/C++: In file included from /home/runner/work/daddyboard/daddyboard/daddyboard-main/app/src/main/jni/src/suggest/policyimpl/typing/typing_suggest_policy.cpp:17:
build	Build DaddyBoard (HeliBoard fork)	2026-09-30T15:49:53.2697119Z C/C++: In file included from /home/runner/work/daddyboard/daddyboard/daddyboard-main/app/src/main/jni/src/suggest/policyimpl/typing/typing_suggest_policy.h:22:
build	Build DaddyBoard (HeliBoard fork)	2026-09-30T15:49:53.2698568Z C/C++: In file included from /home/runner/work/daddyboard/daddyboard/daddyboard-main/app/src/main/jni/src/suggest/policyimpl/typing/typing_scoring.h:23:
build	Build DaddyBoard (HeliBoard fork)	2026-09-30T15:49:53.2699956Z C/C++: In file included from /home/runner/work/daddyboard/daddyboard/daddyboard-main/app/src/main/jni/src/suggest/core/session/dic_traverse_session.h:23:
build	Build DaddyBoard (HeliBoard fork)	2026-09-30T15:49:53.2701054Z C/C++: In file included from /home/runner/work/daddyboard/daddyboard/daddyboard-main/app/src/main/jni/src/dictionary/utils/multi_bigram_map.h:24:
build	Build DaddyBoard (HeliBoard fork)	2026-09-30T15:49:53.2702221Z C/C++: In file included from /home/runner/work/daddyboard/daddyboard/daddyboard-main/app/src/main/jni/src/dictionary/interface/dictionary_structure_with_buffer_policy.h:25:
build	Build DaddyBoard (HeliBoard fork)	2026-09-30T15:49:53.2703663Z C/C++: In file included from /home/runner/work/daddyboard/daddyboard/daddyboard-main/app/src/main/jni/src/dictionary/property/word_property.h:23:
build	Build DaddyBoard (HeliBoard fork)	2026-09-30T15:49:53.2705428Z C/C++: /home/runner/work/daddyboard/daddyboard/daddyboard-main/app/src/main/jni/src/dictionary/property/ngram_property.h:54:5: warning: definition of implicit copy constructor for 'NgramProperty' is deprecated because it has a user-declared copy assignment operator [-Wdeprecated-copy]
build	Build DaddyBoard (HeliBoard fork)	2026-09-30T15:49:53.2706760Z C/C++:    54 |     DISALLOW_ASSIGNMENT_OPERATOR(NgramProperty);
build	Build DaddyBoard (HeliBoard fork)	2026-09-30T15:49:53.2707123Z C/C++:       |     ^
build	Build DaddyBoard (HeliBoard fork)	2026-09-30T15:49:53.2707795Z C/C++: /home/runner/work/daddyboard/daddyboard/daddyboard-main/app/src/main/jni/src/defines.h:289:8: note: expanded from macro 'DISALLOW_ASSIGNMENT_OPERATOR'
build	Build DaddyBoard (HeliBoard fork)	2026-09-30T15:49:53.2708584Z C/C++:   289 |   void operator=(const TypeName&) = delete
build	Build DaddyBoard (HeliBoard fork)	2026-09-30T15:49:53.2708926Z C/C++:       |        ^
build	Build DaddyBoard (HeliBoard fork)	2026-09-30T15:49:53.2709878Z C/C++: /usr/local/lib/android/sdk/ndk/28.0.13004108/toolchains/llvm/prebuilt/linux-x86_64/sysroot/usr/include/c++/v1/__memory/allocator.h:173:24: note: in implicit copy constructor for 'latinime::NgramProperty' first required here
build	Build DaddyBoard (HeliBoard fork)	2026-09-30T15:49:53.2710949Z C/C++:   173 |     ::new ((void*)__p) _Up(std::forward<_Args>(__args)...);
build	Build DaddyBoard (HeliBoard fork)	2026-09-30T15:49:53.2711342Z C/C++:       |                        ^
build	Build DaddyBoard (HeliBoard fork)	2026-09-30T15:49:53.2712702Z C/C++: /usr/local/lib/android/sdk/ndk/28.0.13004108/toolchains/llvm/prebuilt/linux-x86_64/sysroot/usr/include/c++/v1/__memory/allocator_traits.h:320:9: note: in instantiation of function template specialization 'std::allocator<latinime::NgramProperty>::construct<latinime::NgramProperty, latinime::NgramProperty &>' requested here
build	Build DaddyBoard (HeliBoard fork)	2026-09-30T15:49:53.2714142Z C/C++:   320 |     __a.construct(__p, std::forward<_Args>(__args)...);
build	Build DaddyBoard (HeliBoard fork)	2026-09-30T15:49:53.2714599Z C/C++:       |         ^
build	Build DaddyBoard (HeliBoard fork)	2026-09-30T15:49:53.2716046Z C/C++: /usr/local/lib/android/sdk/ndk/28.0.13004108/toolchains/llvm/prebuilt/linux-x86_64/sysroot/usr/include/c++/v1/__memory/uninitialized_algorithms.h:551:31: note: in instantiation of function template specialization 'std::allocator_traits<std::allocator<latinime::NgramProperty>>::construct<latinime::NgramProperty, latinime::NgramProperty &, 0>' requested here
build	Build DaddyBoard (HeliBoard fork)	2026-09-30T15:49:53.2717860Z C/C++:   551 |     allocator_traits<_Alloc>::construct(__alloc, std::__to_address(__first2), *__first1);
build	Build DaddyBoard (HeliBoard fork)	2026-09-30T15:49:53.2718380Z C/C++:       |                               ^
build	Build DaddyBoard (HeliBoard fork)	2026-09-30T15:49:53.2720007Z C/C++: /usr/local/lib/android/sdk/ndk/28.0.13004108/toolchains/llvm/prebuilt/linux-x86_64/sysroot/usr/include/c++/v1/__memory/uninitialized_algorithms.h:594:33: note: in instantiation of function template specialization 'std::__uninitialized_allocator_copy_impl<std::allocator<latinime::NgramProperty>, latinime::NgramProperty *, latinime::NgramProperty *, latinime::NgramProperty *>' requested here
build	Build DaddyBoard (HeliBoard fork)	2026-09-30T15:49:53.2722120Z C/C++:   594 |   auto __result          = std::__uninitialized_allocator_copy_impl(
build	Build DaddyBoard (HeliBoard fork)	2026-09-30T15:49:53.2722559Z C/C++:       |                                 ^
build	Build DaddyBoard (HeliBoard fork)	2026-09-30T15:49:53.2724055Z C/C++: /usr/local/lib/android/sdk/ndk/28.0.13004108/toolchains/llvm/prebuilt/linux-x86_64/sysroot/usr/include/c++/v1/vector:1100:22: note: in instantiation of function template specialization 'std::__uninitialized_allocator_copy<std::allocator<latinime::NgramProperty>, latinime::NgramProperty *, latinime::NgramProperty *, latinime::NgramProperty *>' requested here
build	Build DaddyBoard (HeliBoard fork)	2026-09-30T15:49:53.2725868Z C/C++:  1100 |   __tx.__pos_ = std::__uninitialized_allocator_copy(__alloc(), __first, __last, __tx.__pos_);
build	Build DaddyBoard (HeliBoard fork)	2026-09-30T15:49:53.2726381Z C/C++:       |                      ^
build	Build DaddyBoard (HeliBoard fork)	2026-09-30T15:49:53.2727679Z C/C++: /usr/local/lib/android/sdk/ndk/28.0.13004108/toolchains/llvm/prebuilt/linux-x86_64/sysroot/usr/include/c++/v1/vector:761:7: note: in instantiation of function template specialization 'std::vector<latinime::NgramProperty>::__construct_at_end<latinime::NgramProperty *, latinime::NgramProperty *>' requested here
build	Build DaddyBoard (HeliBoard fork)	2026-09-30T15:49:53.2729189Z C/C++:   761 |       __construct_at_end(__first, __last, __n);
build	Build DaddyBoard (HeliBoard fork)	2026-09-30T15:49:53.2729538Z C/C++:       |       ^
build	Build DaddyBoard (HeliBoard fork)	2026-09-30T15:49:53.2730769Z C/C++: /usr/local/lib/android/sdk/ndk/28.0.13004108/toolchains/llvm/prebuilt/linux-x86_64/sysroot/usr/include/c++/v1/vector:1213:3: note: in instantiation of function template specialization 'std::vector<latinime::NgramProperty>::__init_with_size<latinime::NgramProperty *, latinime::NgramProperty *>' requested here
build	Build DaddyBoard (HeliBoard fork)	2026-09-30T15:49:53.2732132Z C/C++:  1213 |   __init_with_size(__x.__begin_, __x.__end_, __x.size());
build	Build DaddyBoard (HeliBoard fork)	2026-09-30T15:49:53.2732518Z C/C++:       |   ^
build	Build DaddyBoard (HeliBoard fork)	2026-09-30T15:49:53.2733482Z C/C++: /home/runner/work/daddyboard/daddyboard/daddyboard-main/app/src/main/jni/src/dictionary/property/word_property.h:39:15: note: in instantiation of member function 'std::vector<latinime::NgramProperty>::vector' requested here
build	Build DaddyBoard (HeliBoard fork)	2026-09-30T15:49:53.2734687Z C/C++:    39 |               mNgrams(ngrams) {}
build	Build DaddyBoard (HeliBoard fork)	2026-09-30T15:49:53.2735018Z C/C++:       |               ^
build	Build DaddyBoard (HeliBoard fork)	2026-09-30T15:49:53.3693976Z C/C++: 6 warnings generated.
build	Build DaddyBoard (HeliBoard fork)	2026-09-30T15:49:53.7695173Z C/C++: In file included from /home/runner/work/daddyboard/daddyboard/daddyboard-main/app/src/main/jni/src/suggest/policyimpl/typing/typing_traversal.cpp:17:
build	Build DaddyBoard (HeliBoard fork)	2026-09-30T15:49:53.7697594Z C/C++: In file included from /home/runner/work/daddyboard/daddyboard/daddyboard-main/app/src/main/jni/src/suggest/policyimpl/typing/typing_traversal.h:23:
build	Build DaddyBoard (HeliBoard fork)	2026-09-30T15:49:53.7699696Z C/C++: In file included from /home/runner/work/daddyboard/daddyboard/daddyboard-main/app/src/main/jni/src/suggest/core/dicnode/dic_node.h:22:
build	Build DaddyBoard (HeliBoard fork)	2026-09-30T15:49:53.7701579Z C/C++: In file included from /home/runner/work/daddyboard/daddyboard/daddyboard-main/app/src/main/jni/src/suggest/core/dicnode/dic_node_utils.h:21:
build	Build DaddyBoard (HeliBoard fork)	2026-09-30T15:49:53.7703336Z C/C++: /home/runner/work/daddyboard/daddyboard/daddyboard-main/app/src/main/jni/src/utils/int_array_view.h:160:5: warning: definition of implicit copy constructor for 'IntArrayView' is deprecated because it has a user-declared copy assignment operator [-Wdeprecated-copy]
build	Build DaddyBoard (HeliBoard fork)	2026-09-30T15:49:53.7704981Z C/C++:   160 |     DISALLOW_ASSIGNMENT_OPERATOR(IntArrayView);
build	Build DaddyBoard (HeliBoard fork)	2026-09-30T15:49:53.7705558Z C/C++:       |     ^
build	Build DaddyBoard (HeliBoard fork)	2026-09-30T15:49:53.7706241Z C/C++: /home/runner/work/daddyboard/daddyboard/daddyboard-main/app/src/main/jni/src/defines.h:289:8: note: expanded from macro 'DISALLOW_ASSIGNMENT_OPERATOR'
build	Build DaddyBoard (HeliBoard fork)	2026-09-30T15:49:53.7707364Z C/C++:   289 |   void operator=(const TypeName&) = delete
build	Build DaddyBoard (HeliBoard fork)	2026-09-30T15:49:53.7707707Z C/C++:       |        ^
build	Build DaddyBoard (HeliBoard fork)	2026-09-30T15:49:53.7708589Z C/C++: /home/runner/work/daddyboard/daddyboard/daddyboard-main/app/src/main/jni/src/suggest/core/dicnode/dic_node.h:110:53: note: in implicit copy constructor for 'latinime::IntArrayView' first required here
build	Build DaddyBoard (HeliBoard fork)	2026-09-30T15:49:53.7709629Z C/C++:   110 |         mDicNodeProperties.init(rootPtNodeArrayPos, prevWordIds);
build	Build DaddyBoard (HeliBoard fork)	2026-09-30T15:49:53.7710099Z C/C++:       |                                                     ^
build	Build DaddyBoard (HeliBoard fork)	2026-09-30T15:49:53.7710875Z C/C++: In file included from /home/runner/work/daddyboard/daddyboard/daddyboard-main/app/src/main/jni/src/suggest/policyimpl/typing/typing_traversal.cpp:17:
build	Build DaddyBoard (HeliBoard fork)	2026-09-30T15:49:53.7712025Z C/C++: In file included from /home/runner/work/daddyboard/daddyboard/daddyboard-main/app/src/main/jni/src/suggest/policyimpl/typing/typing_traversal.h:26:
build	Build DaddyBoard (HeliBoard fork)	2026-09-30T15:49:53.7713391Z C/C++: /home/runner/work/daddyboard/daddyboard/daddyboard-main/app/src/main/jni/src/suggest/core/layout/proximity_info_utils.h:75:25: warning: variable 'proximityChar' set but not used [-Wunused-but-set-variable]
build	Build DaddyBoard (HeliBoard fork)	2026-09-30T15:49:53.7714455Z C/C++:    75 |                     int proximityChar =
build	Build DaddyBoard (HeliBoard fork)	2026-09-30T15:49:53.7714788Z C/C++:       |                         ^
build	Build DaddyBoard (HeliBoard fork)	2026-09-30T15:49:53.7715506Z C/C++: In file included from /home/runner/work/daddyboard/daddyboard/daddyboard-main/app/src/main/jni/src/suggest/policyimpl/typing/typing_traversal.cpp:17:
build	Build DaddyBoard (HeliBoard fork)	2026-09-30T15:49:53.7716685Z C/C++: In file included from /home/runner/work/daddyboard/daddyboard/daddyboard-main/app/src/main/jni/src/suggest/policyimpl/typing/typing_traversal.h:28:
build	Build DaddyBoard (HeliBoard fork)	2026-09-30T15:49:53.7717919Z C/C++: In file included from /home/runner/work/daddyboard/daddyboard/daddyboard-main/app/src/main/jni/src/suggest/core/session/dic_traverse_session.h:23:
build	Build DaddyBoard (HeliBoard fork)	2026-09-30T15:49:53.7719013Z C/C++: In file included from /home/runner/work/daddyboard/daddyboard/daddyboard-main/app/src/main/jni/src/dictionary/utils/multi_bigram_map.h:24:
build	Build DaddyBoard (HeliBoard fork)	2026-09-30T15:49:53.7720189Z C/C++: In file included from /home/runner/work/daddyboard/daddyboard/daddyboard-main/app/src/main/jni/src/dictionary/interface/dictionary_structure_with_buffer_policy.h:23:
build	Build DaddyBoard (HeliBoard fork)	2026-09-30T15:49:53.7721914Z C/C++: /home/runner/work/daddyboard/daddyboard/daddyboard-main/app/src/main/jni/src/dictionary/property/historical_info.h:52:5: warning: definition of implicit copy constructor for 'HistoricalInfo' is deprecated because it has a user-declared copy assignment operator [-Wdeprecated-copy]
build	Build DaddyBoard (HeliBoard fork)	2026-09-30T15:49:53.7723226Z C/C++:    52 |     DISALLOW_ASSIGNMENT_OPERATOR(HistoricalInfo);
build	Build DaddyBoard (HeliBoard fork)	2026-09-30T15:49:53.7723587Z C/C++:       |     ^
build	Build DaddyBoard (HeliBoard fork)	2026-09-30T15:49:53.7724247Z C/C++: /home/runner/work/daddyboard/daddyboard/daddyboard-main/app/src/main/jni/src/defines.h:289:8: note: expanded from macro 'DISALLOW_ASSIGNMENT_OPERATOR'
build	Build DaddyBoard (HeliBoard fork)	2026-09-30T15:49:53.7725092Z C/C++:   289 |   void operator=(const TypeName&) = delete
build	Build DaddyBoard (HeliBoard fork)	2026-09-30T15:49:53.7725436Z C/C++:       |        ^
build	Build DaddyBoard (HeliBoard fork)	2026-09-30T15:49:53.7726338Z C/C++: /home/runner/work/daddyboard/daddyboard/daddyboard-main/app/src/main/jni/src/dictionary/property/ngram_property.h:33:42: note: in implicit copy constructor for 'latinime::HistoricalInfo' first required here
build	Build DaddyBoard (HeliBoard fork)	2026-09-30T15:49:53.7727408Z C/C++:    33 |               mProbability(probability), mHistoricalInfo(historicalInfo) {}
build	Build DaddyBoard (HeliBoard fork)	2026-09-30T15:49:53.7727882Z C/C++:       |                                          ^
build	Build DaddyBoard (HeliBoard fork)	2026-09-30T15:49:53.7728632Z C/C++: In file included from /home/runner/work/daddyboard/daddyboard/daddyboard-main/app/src/main/jni/src/suggest/policyimpl/typing/typing_traversal.cpp:17:
build	Build DaddyBoard (HeliBoard fork)	2026-09-30T15:49:53.7729781Z C/C++: In file included from /home/runner/work/daddyboard/daddyboard/daddyboard-main/app/src/main/jni/src/suggest/policyimpl/typing/typing_traversal.h:28:
build	Build DaddyBoard (HeliBoard fork)	2026-09-30T15:49:53.7730906Z C/C++: In file included from /home/runner/work/daddyboard/daddyboard/daddyboard-main/app/src/main/jni/src/suggest/core/session/dic_traverse_session.h:23:
build	Build DaddyBoard (HeliBoard fork)	2026-09-30T15:49:53.7732095Z C/C++: In file included from /home/runner/work/daddyboard/daddyboard/daddyboard-main/app/src/main/jni/src/dictionary/utils/multi_bigram_map.h:24:
build	Build DaddyBoard (HeliBoard fork)	2026-09-30T15:49:53.7733267Z C/C++: In file included from /home/runner/work/daddyboard/daddyboard/daddyboard-main/app/src/main/jni/src/dictionary/interface/dictionary_structure_with_buffer_policy.h:25:
build	Build DaddyBoard (HeliBoard fork)	2026-09-30T15:49:53.7734521Z C/C++: In file included from /home/runner/work/daddyboard/daddyboard/daddyboard-main/app/src/main/jni/src/dictionary/property/word_property.h:24:
build	Build DaddyBoard (HeliBoard fork)	2026-09-30T15:49:53.7736139Z C/C++: /home/runner/work/daddyboard/daddyboard/daddyboard-main/app/src/main/jni/src/dictionary/property/unigram_property.h:126:5: warning: definition of implicit copy constructor for 'UnigramProperty' is deprecated because it has a user-declared copy assignment operator [-Wdeprecated-copy]
build	Build DaddyBoard (HeliBoard fork)	2026-09-30T15:49:53.7737465Z C/C++:   126 |     DISALLOW_ASSIGNMENT_OPERATOR(UnigramProperty);
build	Build DaddyBoard (HeliBoard fork)	2026-09-30T15:49:53.7737840Z C/C++:       |     ^
build	Build DaddyBoard (HeliBoard fork)	2026-09-30T15:49:53.7738509Z C/C++: /home/runner/work/daddyboard/daddyboard/daddyboard-main/app/src/main/jni/src/defines.h:289:8: note: expanded from macro 'DISALLOW_ASSIGNMENT_OPERATOR'
build	Build DaddyBoard (HeliBoard fork)	2026-09-30T15:49:53.7739279Z C/C++:   289 |   void operator=(const TypeName&) = delete
build	Build DaddyBoard (HeliBoard fork)	2026-09-30T15:49:53.7739629Z C/C++:       |        ^
build	Build DaddyBoard (HeliBoard fork)	2026-09-30T15:49:53.7740523Z C/C++: /home/runner/work/daddyboard/daddyboard/daddyboard-main/app/src/main/jni/src/dictionary/property/word_property.h:38:51: note: in implicit copy constructor for 'latinime::UnigramProperty' first required here
build	Build DaddyBoard (HeliBoard fork)	2026-09-30T15:49:53.7741634Z C/C++:    38 |             : mCodePoints(std::move(codePoints)), mUnigramProperty(unigramProperty),
build	Build DaddyBoard (HeliBoard fork)	2026-09-30T15:49:53.7742226Z C/C++:       |                                                   ^
build	Build DaddyBoard (HeliBoard fork)	2026-09-30T15:49:53.7742988Z C/C++: In file included from /home/runner/work/daddyboard/daddyboard/daddyboard-main/app/src/main/jni/src/suggest/policyimpl/typing/typing_traversal.cpp:17:
build	Build DaddyBoard (HeliBoard fork)	2026-09-30T15:49:53.7744129Z C/C++: In file included from /home/runner/work/daddyboard/daddyboard/daddyboard-main/app/src/main/jni/src/suggest/policyimpl/typing/typing_traversal.h:28:
build	Build DaddyBoard (HeliBoard fork)	2026-09-30T15:49:53.7745344Z C/C++: In file included from /home/runner/work/daddyboard/daddyboard/daddyboard-main/app/src/main/jni/src/suggest/core/session/dic_traverse_session.h:23:
build	Build DaddyBoard (HeliBoard fork)	2026-09-30T15:49:53.7746435Z C/C++: In file included from /home/runner/work/daddyboard/daddyboard/daddyboard-main/app/src/main/jni/src/dictionary/utils/multi_bigram_map.h:27:
build	Build DaddyBoard (HeliBoard fork)	2026-09-30T15:49:53.7747992Z C/C++: /home/runner/work/daddyboard/daddyboard/daddyboard-main/app/src/main/jni/src/dictionary/utils/bloom_filter.h:47:5: warning: definition of implicit copy constructor for 'BloomFilter' is deprecated because it has a user-declared copy assignment operator [-Wdeprecated-copy]
build	Build DaddyBoard (HeliBoard fork)	2026-09-30T15:49:53.7749265Z C/C++:    47 |     DISALLOW_ASSIGNMENT_OPERATOR(BloomFilter);
build	Build DaddyBoard (HeliBoard fork)	2026-09-30T15:49:53.7749617Z C/C++:       |     ^
build	Build DaddyBoard (HeliBoard fork)	2026-09-30T15:49:53.7750281Z C/C++: /home/runner/work/daddyboard/daddyboard/daddyboard-main/app/src/main/jni/src/defines.h:289:8: note: expanded from macro 'DISALLOW_ASSIGNMENT_OPERATOR'
build	Build DaddyBoard (HeliBoard fork)	2026-09-30T15:49:53.7751050Z C/C++:   289 |   void operator=(const TypeName&) = delete
build	Build DaddyBoard (HeliBoard fork)	2026-09-30T15:49:53.7751378Z C/C++:       |        ^
build	Build DaddyBoard (HeliBoard fork)	2026-09-30T15:49:53.7752242Z C/C++: /home/runner/work/daddyboard/daddyboard/daddyboard-main/app/src/main/jni/src/dictionary/utils/multi_bigram_map.h:57:53: note: in implicit copy constructor for 'latinime::BloomFilter' first required here
build	Build DaddyBoard (HeliBoard fork)	2026-09-30T15:49:53.7753350Z C/C++:    57 |                 : mBigramMap(bigramMap.mBigramMap), mBloomFilter(bigramMap.mBloomFilter) {}
build	Build DaddyBoard (HeliBoard fork)	2026-09-30T15:49:53.7753886Z C/C++:       |                                                     ^
build	Build DaddyBoard (HeliBoard fork)	2026-09-30T15:49:53.9694281Z C/C++: In file included from /home/runner/work/daddyboard/daddyboard/daddyboard-main/app/src/main/jni/src/suggest/policyimpl/typing/typing_traversal.cpp:17:
build	Build DaddyBoard (HeliBoard fork)	2026-09-30T15:49:53.9696310Z C/C++: In file included from /home/runner/work/daddyboard/daddyboard/daddyboard-main/app/src/main/jni/src/suggest/policyimpl/typing/typing_traversal.h:28:
build	Build DaddyBoard (HeliBoard fork)	2026-09-30T15:49:53.9698118Z C/C++: In file included from /home/runner/work/daddyboard/daddyboard/daddyboard-main/app/src/main/jni/src/suggest/core/session/dic_traverse_session.h:23:
build	Build DaddyBoard (HeliBoard fork)	2026-09-30T15:49:53.9699024Z C/C++: In file included from /home/runner/work/daddyboard/daddyboard/daddyboard-main/app/src/main/jni/src/dictionary/utils/multi_bigram_map.h:24:
build	Build DaddyBoard (HeliBoard fork)	2026-09-30T15:49:53.9699995Z C/C++: In file included from /home/runner/work/daddyboard/daddyboard/daddyboard-main/app/src/main/jni/src/dictionary/interface/dictionary_structure_with_buffer_policy.h:25:
build	Build DaddyBoard (HeliBoard fork)	2026-09-30T15:49:53.9700976Z C/C++: In file included from /home/runner/work/daddyboard/daddyboard/daddyboard-main/app/src/main/jni/src/dictionary/property/word_property.h:23:
build	Build DaddyBoard (HeliBoard fork)	2026-09-30T15:49:53.9702341Z C/C++: /home/runner/work/daddyboard/daddyboard/daddyboard-main/app/src/main/jni/src/dictionary/property/ngram_property.h:54:5: warning: definition of implicit copy constructor for 'NgramProperty' is deprecated because it has a user-declared copy assignment operator [-Wdeprecated-copy]
build	Build DaddyBoard (HeliBoard fork)	2026-09-30T15:49:53.9703430Z C/C++:    54 |     DISALLOW_ASSIGNMENT_OPERATOR(NgramProperty);
build	Build DaddyBoard (HeliBoard fork)	2026-09-30T15:49:53.9703732Z C/C++:       |     ^
build	Build DaddyBoard (HeliBoard fork)	2026-09-30T15:49:53.9704292Z C/C++: /home/runner/work/daddyboard/daddyboard/daddyboard-main/app/src/main/jni/src/defines.h:289:8: note: expanded from macro 'DISALLOW_ASSIGNMENT_OPERATOR'
build	Build DaddyBoard (HeliBoard fork)	2026-09-30T15:49:53.9705054Z C/C++:   289 |   void operator=(const TypeName&) = delete
build	Build DaddyBoard (HeliBoard fork)	2026-09-30T15:49:53.9705337Z C/C++:       |        ^
build	Build DaddyBoard (HeliBoard fork)	2026-09-30T15:49:53.9706139Z C/C++: /usr/local/lib/android/sdk/ndk/28.0.13004108/toolchains/llvm/prebuilt/linux-x86_64/sysroot/usr/include/c++/v1/__memory/allocator.h:173:24: note: in implicit copy constructor for 'latinime::NgramProperty' first required here
build	Build DaddyBoard (HeliBoard fork)	2026-09-30T15:49:53.9707154Z C/C++:   173 |     ::new ((void*)__p) _Up(std::forward<_Args>(__args)...);
build	Build DaddyBoard (HeliBoard fork)	2026-09-30T15:49:53.9707481Z C/C++:       |                        ^
build	Build DaddyBoard (HeliBoard fork)	2026-09-30T15:49:53.9708599Z C/C++: /usr/local/lib/android/sdk/ndk/28.0.13004108/toolchains/llvm/prebuilt/linux-x86_64/sysroot/usr/include/c++/v1/__memory/allocator_traits.h:320:9: note: in instantiation of function template specialization 'std::allocator<latinime::NgramProperty>::construct<latinime::NgramProperty, latinime::NgramProperty &>' requested here
build	Build DaddyBoard (HeliBoard fork)	2026-09-30T15:49:53.9709771Z C/C++:   320 |     __a.construct(__p, std::forward<_Args>(__args)...);
build	Build DaddyBoard (HeliBoard fork)	2026-09-30T15:49:53.9710093Z C/C++:       |         ^
build	Build DaddyBoard (HeliBoard fork)	2026-09-30T15:49:53.9711287Z C/C++: /usr/local/lib/android/sdk/ndk/28.0.13004108/toolchains/llvm/prebuilt/linux-x86_64/sysroot/usr/include/c++/v1/__memory/uninitialized_algorithms.h:551:31: note: in instantiation of function template specialization 'std::allocator_traits<std::allocator<latinime::NgramProperty>>::construct<latinime::NgramProperty, latinime::NgramProperty &, 0>' requested here
build	Build DaddyBoard (HeliBoard fork)	2026-09-30T15:49:53.9712687Z C/C++:   551 |     allocator_traits<_Alloc>::construct(__alloc, std::__to_address(__first2), *__first1);
build	Build DaddyBoard (HeliBoard fork)	2026-09-30T15:49:53.9713110Z C/C++:       |                               ^
build	Build DaddyBoard (HeliBoard fork)	2026-09-30T15:49:53.9714531Z C/C++: /usr/local/lib/android/sdk/ndk/28.0.13004108/toolchains/llvm/prebuilt/linux-x86_64/sysroot/usr/include/c++/v1/__memory/uninitialized_algorithms.h:594:33: note: in instantiation of function template specialization 'std::__uninitialized_allocator_copy_impl<std::allocator<latinime::NgramProperty>, latinime::NgramProperty *, latinime::NgramProperty *, latinime::NgramProperty *>' requested here
build	Build DaddyBoard (HeliBoard fork)	2026-09-30T15:49:53.9715949Z C/C++:   594 |   auto __result          = std::__uninitialized_allocator_copy_impl(
build	Build DaddyBoard (HeliBoard fork)	2026-09-30T15:49:53.9716300Z C/C++:       |                                 ^
build	Build DaddyBoard (HeliBoard fork)	2026-09-30T15:49:53.9717544Z C/C++: /usr/local/lib/android/sdk/ndk/28.0.13004108/toolchains/llvm/prebuilt/linux-x86_64/sysroot/usr/include/c++/v1/vector:1100:22: note: in instantiation of function template specialization 'std::__uninitialized_allocator_copy<std::allocator<latinime::NgramProperty>, latinime::NgramProperty *, latinime::NgramProperty *, latinime::NgramProperty *>' requested here
build	Build DaddyBoard (HeliBoard fork)	2026-09-30T15:49:53.9719023Z C/C++:  1100 |   __tx.__pos_ = std::__uninitialized_allocator_copy(__alloc(), __first, __last, __tx.__pos_);
build	Build DaddyBoard (HeliBoard fork)	2026-09-30T15:49:53.9719449Z C/C++:       |                      ^
build	Build DaddyBoard (HeliBoard fork)	2026-09-30T15:49:53.9720515Z C/C++: /usr/local/lib/android/sdk/ndk/28.0.13004108/toolchains/llvm/prebuilt/linux-x86_64/sysroot/usr/include/c++/v1/vector:761:7: note: in instantiation of function template specialization 'std::vector<latinime::NgramProperty>::__construct_at_end<latinime::NgramProperty *, latinime::NgramProperty *>' requested here
build	Build DaddyBoard (HeliBoard fork)	2026-09-30T15:49:53.9721615Z C/C++:   761 |       __construct_at_end(__first, __last, __n);
build	Build DaddyBoard (HeliBoard fork)	2026-09-30T15:49:53.9721916Z C/C++:       |       ^
build	Build DaddyBoard (HeliBoard fork)	2026-09-30T15:49:53.9722928Z C/C++: /usr/local/lib/android/sdk/ndk/28.0.13004108/toolchains/llvm/prebuilt/linux-x86_64/sysroot/usr/include/c++/v1/vector:1213:3: note: in instantiation of function template specialization 'std::vector<latinime::NgramProperty>::__init_with_size<latinime::NgramProperty *, latinime::NgramProperty *>' requested here
build	Build DaddyBoard (HeliBoard fork)	2026-09-30T15:49:53.9724065Z C/C++:  1213 |   __init_with_size(__x.__begin_, __x.__end_, __x.size());
build	Build DaddyBoard (HeliBoard fork)	2026-09-30T15:49:53.9724442Z C/C++:       |   ^
build	Build DaddyBoard (HeliBoard fork)	2026-09-30T15:49:53.9725222Z C/C++: /home/runner/work/daddyboard/daddyboard/daddyboard-main/app/src/main/jni/src/dictionary/property/word_property.h:39:15: note: in instantiation of member function 'std::vector<latinime::NgramProperty>::vector' requested here
build	Build DaddyBoard (HeliBoard fork)	2026-09-30T15:49:53.9726062Z C/C++:    39 |               mNgrams(ngrams) {}
build	Build DaddyBoard (HeliBoard fork)	2026-09-30T15:49:53.9726337Z C/C++:       |               ^
build	Build DaddyBoard (HeliBoard fork)	2026-09-30T15:49:54.0693546Z C/C++: 6 warnings generated.
build	Build DaddyBoard (HeliBoard fork)	2026-09-30T15:49:54.4695363Z C/C++: In file included from /home/runner/work/daddyboard/daddyboard/daddyboard-main/app/src/main/jni/src/suggest/policyimpl/typing/typing_weighting.cpp:17:
build	Build DaddyBoard (HeliBoard fork)	2026-09-30T15:49:54.4697307Z C/C++: In file included from /home/runner/work/daddyboard/daddyboard/daddyboard-main/app/src/main/jni/src/suggest/policyimpl/typing/typing_weighting.h:25:
build	Build DaddyBoard (HeliBoard fork)	2026-09-30T15:49:54.4699154Z C/C++: In file included from /home/runner/work/daddyboard/daddyboard/daddyboard-main/app/src/main/jni/src/suggest/core/session/dic_traverse_session.h:23:
build	Build DaddyBoard (HeliBoard fork)	2026-09-30T15:49:54.4700789Z C/C++: In file included from /home/runner/work/daddyboard/daddyboard/daddyboard-main/app/src/main/jni/src/dictionary/utils/multi_bigram_map.h:24:
build	Build DaddyBoard (HeliBoard fork)	2026-09-30T15:49:54.4701980Z C/C++: In file included from /home/runner/work/daddyboard/daddyboard/daddyboard-main/app/src/main/jni/src/dictionary/interface/dictionary_structure_with_buffer_policy.h:23:
build	Build DaddyBoard (HeliBoard fork)	2026-09-30T15:49:54.4703717Z C/C++: /home/runner/work/daddyboard/daddyboard/daddyboard-main/app/src/main/jni/src/dictionary/property/historical_info.h:52:5: warning: definition of implicit copy constructor for 'HistoricalInfo' is deprecated because it has a user-declared copy assignment operator [-Wdeprecated-copy]
build	Build DaddyBoard (HeliBoard fork)	2026-09-30T15:49:54.4705575Z C/C++:    52 |     DISALLOW_ASSIGNMENT_OPERATOR(HistoricalInfo);
build	Build DaddyBoard (HeliBoard fork)	2026-09-30T15:49:54.4706035Z C/C++:       |     ^
build	Build DaddyBoard (HeliBoard fork)	2026-09-30T15:49:54.4706737Z C/C++: /home/runner/work/daddyboard/daddyboard/daddyboard-main/app/src/main/jni/src/defines.h:289:8: note: expanded from macro 'DISALLOW_ASSIGNMENT_OPERATOR'
build	Build DaddyBoard (HeliBoard fork)	2026-09-30T15:49:54.4707552Z C/C++:   289 |   void operator=(const TypeName&) = delete
build	Build DaddyBoard (HeliBoard fork)	2026-09-30T15:49:54.4707903Z C/C++:       |        ^
build	Build DaddyBoard (HeliBoard fork)	2026-09-30T15:49:54.4708832Z C/C++: /home/runner/work/daddyboard/daddyboard/daddyboard-main/app/src/main/jni/src/dictionary/property/ngram_property.h:33:42: note: in implicit copy constructor for 'latinime::HistoricalInfo' first required here
build	Build DaddyBoard (HeliBoard fork)	2026-09-30T15:49:54.4709916Z C/C++:    33 |               mProbability(probability), mHistoricalInfo(historicalInfo) {}
build	Build DaddyBoard (HeliBoard fork)	2026-09-30T15:49:54.4710392Z C/C++:       |                                          ^
build	Build DaddyBoard (HeliBoard fork)	2026-09-30T15:49:54.4711151Z C/C++: In file included from /home/runner/work/daddyboard/daddyboard/daddyboard-main/app/src/main/jni/src/suggest/policyimpl/typing/typing_weighting.cpp:17:
build	Build DaddyBoard (HeliBoard fork)	2026-09-30T15:49:54.4712643Z C/C++: In file included from /home/runner/work/daddyboard/daddyboard/daddyboard-main/app/src/main/jni/src/suggest/policyimpl/typing/typing_weighting.h:25:
build	Build DaddyBoard (HeliBoard fork)	2026-09-30T15:49:54.4713771Z C/C++: In file included from /home/runner/work/daddyboard/daddyboard/daddyboard-main/app/src/main/jni/src/suggest/core/session/dic_traverse_session.h:23:
build	Build DaddyBoard (HeliBoard fork)	2026-09-30T15:49:54.4714957Z C/C++: In file included from /home/runner/work/daddyboard/daddyboard/daddyboard-main/app/src/main/jni/src/dictionary/utils/multi_bigram_map.h:24:
build	Build DaddyBoard (HeliBoard fork)	2026-09-30T15:49:54.4716142Z C/C++: In file included from /home/runner/work/daddyboard/daddyboard/daddyboard-main/app/src/main/jni/src/dictionary/interface/dictionary_structure_with_buffer_policy.h:25:
build	Build DaddyBoard (HeliBoard fork)	2026-09-30T15:49:54.4717314Z C/C++: In file included from /home/runner/work/daddyboard/daddyboard/daddyboard-main/app/src/main/jni/src/dictionary/property/word_property.h:24:
build	Build DaddyBoard (HeliBoard fork)	2026-09-30T15:49:54.4718950Z C/C++: /home/runner/work/daddyboard/daddyboard/daddyboard-main/app/src/main/jni/src/dictionary/property/unigram_property.h:126:5: warning: definition of implicit copy constructor for 'UnigramProperty' is deprecated because it has a user-declared copy assignment operator [-Wdeprecated-copy]
build	Build DaddyBoard (HeliBoard fork)	2026-09-30T15:49:54.4720287Z C/C++:   126 |     DISALLOW_ASSIGNMENT_OPERATOR(UnigramProperty);
build	Build DaddyBoard (HeliBoard fork)	2026-09-30T15:49:54.4720666Z C/C++:       |     ^
build	Build DaddyBoard (HeliBoard fork)	2026-09-30T15:49:54.4721332Z C/C++: /home/runner/work/daddyboard/daddyboard/daddyboard-main/app/src/main/jni/src/defines.h:289:8: note: expanded from macro 'DISALLOW_ASSIGNMENT_OPERATOR'
build	Build DaddyBoard (HeliBoard fork)	2026-09-30T15:49:54.4722110Z C/C++:   289 |   void operator=(const TypeName&) = delete
build	Build DaddyBoard (HeliBoard fork)	2026-09-30T15:49:54.4722444Z C/C++:       |        ^
build	Build DaddyBoard (HeliBoard fork)	2026-09-30T15:49:54.4723428Z C/C++: /home/runner/work/daddyboard/daddyboard/daddyboard-main/app/src/main/jni/src/dictionary/property/word_property.h:38:51: note: in implicit copy constructor for 'latinime::UnigramProperty' first required here
build	Build DaddyBoard (HeliBoard fork)	2026-09-30T15:49:54.4724621Z C/C++:    38 |             : mCodePoints(std::move(codePoints)), mUnigramProperty(unigramProperty),
build	Build DaddyBoard (HeliBoard fork)	2026-09-30T15:49:54.4725137Z C/C++:       |                                                   ^
build	Build DaddyBoard (HeliBoard fork)	2026-09-30T15:49:54.5695065Z C/C++: In file included from /home/runner/work/daddyboard/daddyboard/daddyboard-main/app/src/main/jni/src/suggest/policyimpl/typing/typing_weighting.cpp:17:
build	Build DaddyBoard (HeliBoard fork)	2026-09-30T15:49:54.5696509Z C/C++: In file included from /home/runner/work/daddyboard/daddyboard/daddyboard-main/app/src/main/jni/src/suggest/policyimpl/typing/typing_weighting.h:25:
build	Build DaddyBoard (HeliBoard fork)	2026-09-30T15:49:54.5697650Z C/C++: In file included from /home/runner/work/daddyboard/daddyboard/daddyboard-main/app/src/main/jni/src/suggest/core/session/dic_traverse_session.h:23:
build	Build DaddyBoard (HeliBoard fork)	2026-09-30T15:49:54.5698776Z C/C++: In file included from /home/runner/work/daddyboard/daddyboard/daddyboard-main/app/src/main/jni/src/dictionary/utils/multi_bigram_map.h:27:
build	Build DaddyBoard (HeliBoard fork)	2026-09-30T15:49:54.5700373Z C/C++: /home/runner/work/daddyboard/daddyboard/daddyboard-main/app/src/main/jni/src/dictionary/utils/bloom_filter.h:47:5: warning: definition of implicit copy constructor for 'BloomFilter' is deprecated because it has a user-declared copy assignment operator [-Wdeprecated-copy]
build	Build DaddyBoard (HeliBoard fork)	2026-09-30T15:49:54.5701660Z C/C++:    47 |     DISALLOW_ASSIGNMENT_OPERATOR(BloomFilter);
build	Build DaddyBoard (HeliBoard fork)	2026-09-30T15:49:54.5702019Z C/C++:       |     ^
build	Build DaddyBoard (HeliBoard fork)	2026-09-30T15:49:54.5702699Z C/C++: /home/runner/work/daddyboard/daddyboard/daddyboard-main/app/src/main/jni/src/defines.h:289:8: note: expanded from macro 'DISALLOW_ASSIGNMENT_OPERATOR'
build	Build DaddyBoard (HeliBoard fork)	2026-09-30T15:49:54.5703478Z C/C++:   289 |   void operator=(const TypeName&) = delete
build	Build DaddyBoard (HeliBoard fork)	2026-09-30T15:49:54.5703823Z C/C++:       |        ^
build	Build DaddyBoard (HeliBoard fork)	2026-09-30T15:49:54.5704902Z C/C++: /home/runner/work/daddyboard/daddyboard/daddyboard-main/app/src/main/jni/src/dictionary/utils/multi_bigram_map.h:57:53: note: in implicit copy constructor for 'latinime::BloomFilter' first required here
build	Build DaddyBoard (HeliBoard fork)	2026-09-30T15:49:54.5706024Z C/C++:    57 |                 : mBigramMap(bigramMap.mBigramMap), mBloomFilter(bigramMap.mBloomFilter) {}
build	Build DaddyBoard (HeliBoard fork)	2026-09-30T15:49:54.5706907Z C/C++:       |                                                     ^
build	Build DaddyBoard (HeliBoard fork)	2026-09-30T15:49:54.5707734Z C/C++: In file included from /home/runner/work/daddyboard/daddyboard/daddyboard-main/app/src/main/jni/src/suggest/policyimpl/typing/typing_weighting.cpp:17:
build	Build DaddyBoard (HeliBoard fork)	2026-09-30T15:49:54.5708880Z C/C++: In file included from /home/runner/work/daddyboard/daddyboard/daddyboard-main/app/src/main/jni/src/suggest/policyimpl/typing/typing_weighting.h:21:
build	Build DaddyBoard (HeliBoard fork)	2026-09-30T15:49:54.5709982Z C/C++: In file included from /home/runner/work/daddyboard/daddyboard/daddyboard-main/app/src/main/jni/src/suggest/core/dicnode/dic_node_utils.h:21:
build	Build DaddyBoard (HeliBoard fork)	2026-09-30T15:49:54.5711517Z C/C++: /home/runner/work/daddyboard/daddyboard/daddyboard-main/app/src/main/jni/src/utils/int_array_view.h:160:5: warning: definition of implicit copy constructor for 'IntArrayView' is deprecated because it has a user-declared copy assignment operator [-Wdeprecated-copy]
build	Build DaddyBoard (HeliBoard fork)	2026-09-30T15:49:54.5712729Z C/C++:   160 |     DISALLOW_ASSIGNMENT_OPERATOR(IntArrayView);
build	Build DaddyBoard (HeliBoard fork)	2026-09-30T15:49:54.5713097Z C/C++:       |     ^
build	Build DaddyBoard (HeliBoard fork)	2026-09-30T15:49:54.5713780Z C/C++: /home/runner/work/daddyboard/daddyboard/daddyboard-main/app/src/main/jni/src/defines.h:289:8: note: expanded from macro 'DISALLOW_ASSIGNMENT_OPERATOR'
build	Build DaddyBoard (HeliBoard fork)	2026-09-30T15:49:54.5714789Z C/C++:   289 |   void operator=(const TypeName&) = delete
build	Build DaddyBoard (HeliBoard fork)	2026-09-30T15:49:54.5715145Z C/C++:       |        ^
build	Build DaddyBoard (HeliBoard fork)	2026-09-30T15:49:54.5716017Z C/C++: /home/runner/work/daddyboard/daddyboard/daddyboard-main/app/src/main/jni/src/suggest/core/dicnode/dic_node.h:110:53: note: in implicit copy constructor for 'latinime::IntArrayView' first required here
build	Build DaddyBoard (HeliBoard fork)	2026-09-30T15:49:54.5717058Z C/C++:   110 |         mDicNodeProperties.init(rootPtNodeArrayPos, prevWordIds);
build	Build DaddyBoard (HeliBoard fork)	2026-09-30T15:49:54.5717705Z C/C++:       |                                                     ^
build	Build DaddyBoard (HeliBoard fork)	2026-09-30T15:49:54.6695312Z C/C++: In file included from /home/runner/work/daddyboard/daddyboard/daddyboard-main/app/src/main/jni/src/suggest/policyimpl/typing/typing_weighting.cpp:20:
build	Build DaddyBoard (HeliBoard fork)	2026-09-30T15:49:54.6696414Z C/C++: In file included from /home/runner/work/daddyboard/daddyboard/daddyboard-main/app/src/main/jni/src/suggest/core/layout/proximity_info.h:25:
build	Build DaddyBoard (HeliBoard fork)	2026-09-30T15:49:54.6697536Z C/C++: /home/runner/work/daddyboard/daddyboard/daddyboard-main/app/src/main/jni/src/suggest/core/layout/proximity_info_utils.h:75:25: warning: variable 'proximityChar' set but not used [-Wunused-but-set-variable]
build	Build DaddyBoard (HeliBoard fork)	2026-09-30T15:49:54.6698446Z C/C++:    75 |                     int proximityChar =
build	Build DaddyBoard (HeliBoard fork)	2026-09-30T15:49:54.6698822Z C/C++:       |                         ^
build	Build DaddyBoard (HeliBoard fork)	2026-09-30T15:49:54.7696271Z C/C++: In file included from /home/runner/work/daddyboard/daddyboard/daddyboard-main/app/src/main/jni/src/suggest/policyimpl/typing/typing_weighting.cpp:17:
build	Build DaddyBoard (HeliBoard fork)	2026-09-30T15:49:54.7698442Z C/C++: In file included from /home/runner/work/daddyboard/daddyboard/daddyboard-main/app/src/main/jni/src/suggest/policyimpl/typing/typing_weighting.h:25:
build	Build DaddyBoard (HeliBoard fork)	2026-09-30T15:49:54.7699671Z C/C++: In file included from /home/runner/work/daddyboard/daddyboard/daddyboard-main/app/src/main/jni/src/suggest/core/session/dic_traverse_session.h:23:
build	Build DaddyBoard (HeliBoard fork)	2026-09-30T15:49:54.7700785Z C/C++: In file included from /home/runner/work/daddyboard/daddyboard/daddyboard-main/app/src/main/jni/src/dictionary/utils/multi_bigram_map.h:24:
build	Build DaddyBoard (HeliBoard fork)	2026-09-30T15:49:54.7701956Z C/C++: In file included from /home/runner/work/daddyboard/daddyboard/daddyboard-main/app/src/main/jni/src/dictionary/interface/dictionary_structure_with_buffer_policy.h:25:
build	Build DaddyBoard (HeliBoard fork)	2026-09-30T15:49:54.7703137Z C/C++: In file included from /home/runner/work/daddyboard/daddyboard/daddyboard-main/app/src/main/jni/src/dictionary/property/word_property.h:23:
build	Build DaddyBoard (HeliBoard fork)	2026-09-30T15:49:54.7704963Z C/C++: /home/runner/work/daddyboard/daddyboard/daddyboard-main/app/src/main/jni/src/dictionary/property/ngram_property.h:54:5: warning: definition of implicit copy constructor for 'NgramProperty' is deprecated because it has a user-declared copy assignment operator [-Wdeprecated-copy]
build	Build DaddyBoard (HeliBoard fork)	2026-09-30T15:49:54.7706394Z C/C++:    54 |     DISALLOW_ASSIGNMENT_OPERATOR(NgramProperty);
build	Build DaddyBoard (HeliBoard fork)	2026-09-30T15:49:54.7707236Z C/C++:       |     ^
build	Build DaddyBoard (HeliBoard fork)	2026-09-30T15:49:54.7707918Z C/C++: /home/runner/work/daddyboard/daddyboard/daddyboard-main/app/src/main/jni/src/defines.h:289:8: note: expanded from macro 'DISALLOW_ASSIGNMENT_OPERATOR'
build	Build DaddyBoard (HeliBoard fork)	2026-09-30T15:49:54.7708709Z C/C++:   289 |   void operator=(const TypeName&) = delete
build	Build DaddyBoard (HeliBoard fork)	2026-09-30T15:49:54.7709051Z C/C++:       |        ^
build	Build DaddyBoard (HeliBoard fork)	2026-09-30T15:49:54.7710011Z C/C++: /usr/local/lib/android/sdk/ndk/28.0.13004108/toolchains/llvm/prebuilt/linux-x86_64/sysroot/usr/include/c++/v1/__memory/allocator.h:173:24: note: in implicit copy constructor for 'latinime::NgramProperty' first required here
build	Build DaddyBoard (HeliBoard fork)	2026-09-30T15:49:54.7711082Z C/C++:   173 |     ::new ((void*)__p) _Up(std::forward<_Args>(__args)...);
build	Build DaddyBoard (HeliBoard fork)	2026-09-30T15:49:54.7711476Z C/C++:       |                        ^
build	Build DaddyBoard (HeliBoard fork)	2026-09-30T15:49:54.7712840Z C/C++: /usr/local/lib/android/sdk/ndk/28.0.13004108/toolchains/llvm/prebuilt/linux-x86_64/sysroot/usr/include/c++/v1/__memory/allocator_traits.h:320:9: note: in instantiation of function template specialization 'std::allocator<latinime::NgramProperty>::construct<latinime::NgramProperty, latinime::NgramProperty &>' requested here
build	Build DaddyBoard (HeliBoard fork)	2026-09-30T15:49:54.7714260Z C/C++:   320 |     __a.construct(__p, std::forward<_Args>(__args)...);
build	Build DaddyBoard (HeliBoard fork)	2026-09-30T15:49:54.7714736Z C/C++:       |         ^
build	Build DaddyBoard (HeliBoard fork)	2026-09-30T15:49:54.7716172Z C/C++: /usr/local/lib/android/sdk/ndk/28.0.13004108/toolchains/llvm/prebuilt/linux-x86_64/sysroot/usr/include/c++/v1/__memory/uninitialized_algorithms.h:551:31: note: in instantiation of function template specialization 'std::allocator_traits<std::allocator<latinime::NgramProperty>>::construct<latinime::NgramProperty, latinime::NgramProperty &, 0>' requested here
build	Build DaddyBoard (HeliBoard fork)	2026-09-30T15:49:54.7717990Z C/C++:   551 |     allocator_traits<_Alloc>::construct(__alloc, std::__to_address(__first2), *__first1);
build	Build DaddyBoard (HeliBoard fork)	2026-09-30T15:49:54.7718500Z C/C++:       |                               ^
build	Build DaddyBoard (HeliBoard fork)	2026-09-30T15:49:54.7720118Z C/C++: /usr/local/lib/android/sdk/ndk/28.0.13004108/toolchains/llvm/prebuilt/linux-x86_64/sysroot/usr/include/c++/v1/__memory/uninitialized_algorithms.h:594:33: note: in instantiation of function template specialization 'std::__uninitialized_allocator_copy_impl<std::allocator<latinime::NgramProperty>, latinime::NgramProperty *, latinime::NgramProperty *, latinime::NgramProperty *>' requested here
build	Build DaddyBoard (HeliBoard fork)	2026-09-30T15:49:54.7721837Z C/C++:   594 |   auto __result          = std::__uninitialized_allocator_copy_impl(
build	Build DaddyBoard (HeliBoard fork)	2026-09-30T15:49:54.7722279Z C/C++:       |                                 ^
build	Build DaddyBoard (HeliBoard fork)	2026-09-30T15:49:54.7723774Z C/C++: /usr/local/lib/android/sdk/ndk/28.0.13004108/toolchains/llvm/prebuilt/linux-x86_64/sysroot/usr/include/c++/v1/vector:1100:22: note: in instantiation of function template specialization 'std::__uninitialized_allocator_copy<std::allocator<latinime::NgramProperty>, latinime::NgramProperty *, latinime::NgramProperty *, latinime::NgramProperty *>' requested here
build	Build DaddyBoard (HeliBoard fork)	2026-09-30T15:49:54.7725535Z C/C++:  1100 |   __tx.__pos_ = std::__uninitialized_allocator_copy(__alloc(), __first, __last, __tx.__pos_);
build	Build DaddyBoard (HeliBoard fork)	2026-09-30T15:49:54.7726053Z C/C++:       |                      ^
build	Build DaddyBoard (HeliBoard fork)	2026-09-30T15:49:54.7727337Z C/C++: /usr/local/lib/android/sdk/ndk/28.0.13004108/toolchains/llvm/prebuilt/linux-x86_64/sysroot/usr/include/c++/v1/vector:761:7: note: in instantiation of function template specialization 'std::vector<latinime::NgramProperty>::__construct_at_end<latinime::NgramProperty *, latinime::NgramProperty *>' requested here
build	Build DaddyBoard (HeliBoard fork)	2026-09-30T15:49:54.7728695Z C/C++:   761 |       __construct_at_end(__first, __last, __n);
build	Build DaddyBoard (HeliBoard fork)	2026-09-30T15:49:54.7729040Z C/C++:       |       ^
build	Build DaddyBoard (HeliBoard fork)	2026-09-30T15:49:54.7730270Z C/C++: /usr/local/lib/android/sdk/ndk/28.0.13004108/toolchains/llvm/prebuilt/linux-x86_64/sysroot/usr/include/c++/v1/vector:1213:3: note: in instantiation of function template specialization 'std::vector<latinime::NgramProperty>::__init_with_size<latinime::NgramProperty *, latinime::NgramProperty *>' requested here
build	Build DaddyBoard (HeliBoard fork)	2026-09-30T15:49:54.7731628Z C/C++:  1213 |   __init_with_size(__x.__begin_, __x.__end_, __x.size());
build	Build DaddyBoard (HeliBoard fork)	2026-09-30T15:49:54.7732096Z C/C++:       |   ^
build	Build DaddyBoard (HeliBoard fork)	2026-09-30T15:49:54.7733038Z C/C++: /home/runner/work/daddyboard/daddyboard/daddyboard-main/app/src/main/jni/src/dictionary/property/word_property.h:39:15: note: in instantiation of member function 'std::vector<latinime::NgramProperty>::vector' requested here
build	Build DaddyBoard (HeliBoard fork)	2026-09-30T15:49:54.7734055Z C/C++:    39 |               mNgrams(ngrams) {}
build	Build DaddyBoard (HeliBoard fork)	2026-09-30T15:49:54.7734484Z C/C++:       |               ^
build	Build DaddyBoard (HeliBoard fork)	2026-09-30T15:49:54.8694019Z C/C++: 6 warnings generated.
build	Build DaddyBoard (HeliBoard fork)	2026-09-30T15:49:55.0694910Z C/C++: In file included from /home/runner/work/daddyboard/daddyboard/daddyboard-main/app/src/main/jni/src/utils/autocorrection_threshold_utils.cpp:23:
build	Build DaddyBoard (HeliBoard fork)	2026-09-30T15:49:55.0696417Z C/C++: /home/runner/work/daddyboard/daddyboard/daddyboard-main/app/src/main/jni/src/suggest/policyimpl/utils/edit_distance.h:33:18: warning: variable length arrays in C++ are a Clang extension [-Wvla-cxx-extension]
build	Build DaddyBoard (HeliBoard fork)	2026-09-30T15:49:55.0697462Z C/C++:    33 |         float dp[(beforeLength + 1) * (afterLength + 1)];
build	Build DaddyBoard (HeliBoard fork)	2026-09-30T15:49:55.0697902Z C/C++:       |                  ^~~~~~~~~~~~~~~~~~~~~~~~~~~~~~~~~~~~~~
build	Build DaddyBoard (HeliBoard fork)	2026-09-30T15:49:55.0698830Z C/C++: /home/runner/work/daddyboard/daddyboard/daddyboard-main/app/src/main/jni/src/suggest/policyimpl/utils/edit_distance.h:33:19: note: initializer of 'beforeLength' is not a constant expression
build	Build DaddyBoard (HeliBoard fork)	2026-09-30T15:49:55.0699776Z C/C++:    33 |         float dp[(beforeLength + 1) * (afterLength + 1)];
build	Build DaddyBoard (HeliBoard fork)	2026-09-30T15:49:55.0700142Z C/C++:       |                   ^
build	Build DaddyBoard (HeliBoard fork)	2026-09-30T15:49:55.0700837Z C/C++: /home/runner/work/daddyboard/daddyboard/daddyboard-main/app/src/main/jni/src/suggest/policyimpl/utils/edit_distance.h:31:19: note: declared here
build	Build DaddyBoard (HeliBoard fork)	2026-09-30T15:49:55.0701964Z C/C++:    31 |         const int beforeLength = policy->getString0Length();
build	Build DaddyBoard (HeliBoard fork)	2026-09-30T15:49:55.0702357Z C/C++:       |                   ^
build	Build DaddyBoard (HeliBoard fork)	2026-09-30T15:49:55.2693996Z C/C++: 1 warning generated.
build	Build DaddyBoard (HeliBoard fork)	2026-09-30T15:49:56.2694482Z C/C++: In file included from /home/runner/work/daddyboard/daddyboard/daddyboard-main/app/src/main/jni/src/utils/jni_data_utils.cpp:17:
build	Build DaddyBoard (HeliBoard fork)	2026-09-30T15:49:56.2696282Z C/C++: In file included from /home/runner/work/daddyboard/daddyboard/daddyboard-main/app/src/main/jni/src/utils/jni_data_utils.h:26:
build	Build DaddyBoard (HeliBoard fork)	2026-09-30T15:49:56.2698180Z C/C++: In file included from /home/runner/work/daddyboard/daddyboard/daddyboard-main/app/src/main/jni/src/dictionary/property/word_property.h:23:
build	Build DaddyBoard (HeliBoard fork)	2026-09-30T15:49:56.2700235Z C/C++: In file included from /home/runner/work/daddyboard/daddyboard/daddyboard-main/app/src/main/jni/src/dictionary/property/ngram_property.h:23:
build	Build DaddyBoard (HeliBoard fork)	2026-09-30T15:49:56.2703272Z C/C++: /home/runner/work/daddyboard/daddyboard/daddyboard-main/app/src/main/jni/src/dictionary/property/historical_info.h:52:5: warning: definition of implicit copy constructor for 'HistoricalInfo' is deprecated because it has a user-declared copy assignment operator [-Wdeprecated-copy]
build	Build DaddyBoard (HeliBoard fork)	2026-09-30T15:49:56.2705588Z C/C++:    52 |     DISALLOW_ASSIGNMENT_OPERATOR(HistoricalInfo);
build	Build DaddyBoard (HeliBoard fork)	2026-09-30T15:49:56.2705966Z C/C++:       |     ^
build	Build DaddyBoard (HeliBoard fork)	2026-09-30T15:49:56.2706964Z C/C++: /home/runner/work/daddyboard/daddyboard/daddyboard-main/app/src/main/jni/src/defines.h:289:8: note: expanded from macro 'DISALLOW_ASSIGNMENT_OPERATOR'
build	Build DaddyBoard (HeliBoard fork)	2026-09-30T15:49:56.2708117Z C/C++:   289 |   void operator=(const TypeName&) = delete
build	Build DaddyBoard (HeliBoard fork)	2026-09-30T15:49:56.2708460Z C/C++:       |        ^
build	Build DaddyBoard (HeliBoard fork)	2026-09-30T15:49:56.2709591Z C/C++: /home/runner/work/daddyboard/daddyboard/daddyboard-main/app/src/main/jni/src/dictionary/property/ngram_property.h:33:42: note: in implicit copy constructor for 'latinime::HistoricalInfo' first required here
build	Build DaddyBoard (HeliBoard fork)	2026-09-30T15:49:56.2710787Z C/C++:    33 |               mProbability(probability), mHistoricalInfo(historicalInfo) {}
build	Build DaddyBoard (HeliBoard fork)	2026-09-30T15:49:56.2711382Z C/C++:       |                                          ^
build	Build DaddyBoard (HeliBoard fork)	2026-09-30T15:49:56.2712175Z C/C++: In file included from /home/runner/work/daddyboard/daddyboard/daddyboard-main/app/src/main/jni/src/utils/jni_data_utils.cpp:17:
build	Build DaddyBoard (HeliBoard fork)	2026-09-30T15:49:56.2713283Z C/C++: In file included from /home/runner/work/daddyboard/daddyboard/daddyboard-main/app/src/main/jni/src/utils/jni_data_utils.h:26:
build	Build DaddyBoard (HeliBoard fork)	2026-09-30T15:49:56.2715199Z C/C++: In file included from /home/runner/work/daddyboard/daddyboard/daddyboard-main/app/src/main/jni/src/dictionary/property/word_property.h:24:
build	Build DaddyBoard (HeliBoard fork)	2026-09-30T15:49:56.2717189Z C/C++: /home/runner/work/daddyboard/daddyboard/daddyboard-main/app/src/main/jni/src/dictionary/property/unigram_property.h:126:5: warning: definition of implicit copy constructor for 'UnigramProperty' is deprecated because it has a user-declared copy assignment operator [-Wdeprecated-copy]
build	Build DaddyBoard (HeliBoard fork)	2026-09-30T15:49:56.2718529Z C/C++:   126 |     DISALLOW_ASSIGNMENT_OPERATOR(UnigramProperty);
build	Build DaddyBoard (HeliBoard fork)	2026-09-30T15:49:56.2718896Z C/C++:       |     ^
build	Build DaddyBoard (HeliBoard fork)	2026-09-30T15:49:56.2719678Z C/C++: /home/runner/work/daddyboard/daddyboard/daddyboard-main/app/src/main/jni/src/defines.h:289:8: note: expanded from macro 'DISALLOW_ASSIGNMENT_OPERATOR'
build	Build DaddyBoard (HeliBoard fork)	2026-09-30T15:49:56.2720455Z C/C++:   289 |   void operator=(const TypeName&) = delete
build	Build DaddyBoard (HeliBoard fork)	2026-09-30T15:49:56.2720792Z C/C++:       |        ^
build	Build DaddyBoard (HeliBoard fork)	2026-09-30T15:49:56.2721680Z C/C++: /home/runner/work/daddyboard/daddyboard/daddyboard-main/app/src/main/jni/src/dictionary/property/word_property.h:38:51: note: in implicit copy constructor for 'latinime::UnigramProperty' first required here
build	Build DaddyBoard (HeliBoard fork)	2026-09-30T15:49:56.2722787Z C/C++:    38 |             : mCodePoints(std::move(codePoints)), mUnigramProperty(unigramProperty),
build	Build DaddyBoard (HeliBoard fork)	2026-09-30T15:49:56.2723302Z C/C++:       |                                                   ^
build	Build DaddyBoard (HeliBoard fork)	2026-09-30T15:49:56.2723972Z C/C++: In file included from /home/runner/work/daddyboard/daddyboard/daddyboard-main/app/src/main/jni/src/utils/jni_data_utils.cpp:17:
build	Build DaddyBoard (HeliBoard fork)	2026-09-30T15:49:56.2725426Z C/C++: /home/runner/work/daddyboard/daddyboard/daddyboard-main/app/src/main/jni/src/utils/jni_data_utils.h:52:27: warning: variable length arrays in C++ are a Clang extension [-Wvla-cxx-extension]
build	Build DaddyBoard (HeliBoard fork)	2026-09-30T15:49:56.2726473Z C/C++:    52 |             char keyChars[keyUtf8Length + 1];
build	Build DaddyBoard (HeliBoard fork)	2026-09-30T15:49:56.2726851Z C/C++:       |                           ^~~~~~~~~~~~~~~~~
build	Build DaddyBoard (HeliBoard fork)	2026-09-30T15:49:56.2727676Z C/C++: /home/runner/work/daddyboard/daddyboard/daddyboard-main/app/src/main/jni/src/utils/jni_data_utils.h:52:27: note: initializer of 'keyUtf8Length' is not a constant expression
build	Build DaddyBoard (HeliBoard fork)	2026-09-30T15:49:56.2728822Z C/C++: /home/runner/work/daddyboard/daddyboard/daddyboard-main/app/src/main/jni/src/utils/jni_data_utils.h:51:25: note: declared here
build	Build DaddyBoard (HeliBoard fork)	2026-09-30T15:49:56.2729586Z C/C++:    51 |             const jsize keyUtf8Length = env->GetStringUTFLength(keyString);
build	Build DaddyBoard (HeliBoard fork)	2026-09-30T15:49:56.2730033Z C/C++:       |                         ^
build	Build DaddyBoard (HeliBoard fork)	2026-09-30T15:49:56.2730888Z C/C++: /home/runner/work/daddyboard/daddyboard/daddyboard-main/app/src/main/jni/src/utils/jni_data_utils.h:62:29: warning: variable length arrays in C++ are a Clang extension [-Wvla-cxx-extension]
build	Build DaddyBoard (HeliBoard fork)	2026-09-30T15:49:56.2731814Z C/C++:    62 |             char valueChars[valueUtf8Length + 1];
build	Build DaddyBoard (HeliBoard fork)	2026-09-30T15:49:56.2732208Z C/C++:       |                             ^~~~~~~~~~~~~~~~~~~
build	Build DaddyBoard (HeliBoard fork)	2026-09-30T15:49:56.2733042Z C/C++: /home/runner/work/daddyboard/daddyboard/daddyboard-main/app/src/main/jni/src/utils/jni_data_utils.h:62:29: note: initializer of 'valueUtf8Length' is not a constant expression
build	Build DaddyBoard (HeliBoard fork)	2026-09-30T15:49:56.2734187Z C/C++: /home/runner/work/daddyboard/daddyboard/daddyboard-main/app/src/main/jni/src/utils/jni_data_utils.h:61:25: note: declared here
build	Build DaddyBoard (HeliBoard fork)	2026-09-30T15:49:56.2735049Z C/C++:    61 |             const jsize valueUtf8Length = env->GetStringUTFLength(valueString);
build	Build DaddyBoard (HeliBoard fork)	2026-09-30T15:49:56.2735507Z C/C++:       |                         ^
build	Build DaddyBoard (HeliBoard fork)	2026-09-30T15:49:56.2736347Z C/C++: /home/runner/work/daddyboard/daddyboard/daddyboard-main/app/src/main/jni/src/utils/jni_data_utils.h:77:29: warning: variable length arrays in C++ are a Clang extension [-Wvla-cxx-extension]
build	Build DaddyBoard (HeliBoard fork)	2026-09-30T15:49:56.2737271Z C/C++:    77 |         int outputCodePonts[codePointBufSize];
build	Build DaddyBoard (HeliBoard fork)	2026-09-30T15:49:56.2737653Z C/C++:       |                             ^~~~~~~~~~~~~~~~
build	Build DaddyBoard (HeliBoard fork)	2026-09-30T15:49:56.2738478Z C/C++: /home/runner/work/daddyboard/daddyboard/daddyboard-main/app/src/main/jni/src/utils/jni_data_utils.h:77:29: note: initializer of 'codePointBufSize' is not a constant expression
build	Build DaddyBoard (HeliBoard fork)	2026-09-30T15:49:56.2739808Z C/C++: /home/runner/work/daddyboard/daddyboard/daddyboard-main/app/src/main/jni/src/utils/jni_data_utils.h:76:19: note: declared here
build	Build DaddyBoard (HeliBoard fork)	2026-09-30T15:49:56.2740592Z C/C++:    76 |         const int codePointBufSize = std::min(maxLength, codePointCount);
build	Build DaddyBoard (HeliBoard fork)	2026-09-30T15:49:56.2741035Z C/C++:       |                   ^
build	Build DaddyBoard (HeliBoard fork)	2026-09-30T15:49:56.2741673Z C/C++: In file included from /home/runner/work/daddyboard/daddyboard/daddyboard-main/app/src/main/jni/src/utils/jni_data_utils.cpp:17:
build	Build DaddyBoard (HeliBoard fork)	2026-09-30T15:49:56.2742652Z C/C++: In file included from /home/runner/work/daddyboard/daddyboard/daddyboard-main/app/src/main/jni/src/utils/jni_data_utils.h:25:
build	Build DaddyBoard (HeliBoard fork)	2026-09-30T15:49:56.2743682Z C/C++: In file included from /home/runner/work/daddyboard/daddyboard/daddyboard-main/app/src/main/jni/src/dictionary/property/ngram_context.h:23:
build	Build DaddyBoard (HeliBoard fork)	2026-09-30T15:49:56.2745310Z C/C++: /home/runner/work/daddyboard/daddyboard/daddyboard-main/app/src/main/jni/src/utils/int_array_view.h:160:5: warning: definition of implicit copy constructor for 'IntArrayView' is deprecated because it has a user-declared copy assignment operator [-Wdeprecated-copy]
build	Build DaddyBoard (HeliBoard fork)	2026-09-30T15:49:56.2746521Z C/C++:   160 |     DISALLOW_ASSIGNMENT_OPERATOR(IntArrayView);
build	Build DaddyBoard (HeliBoard fork)	2026-09-30T15:49:56.2746879Z C/C++:       |     ^
build	Build DaddyBoard (HeliBoard fork)	2026-09-30T15:49:56.2747562Z C/C++: /home/runner/work/daddyboard/daddyboard/daddyboard-main/app/src/main/jni/src/defines.h:289:8: note: expanded from macro 'DISALLOW_ASSIGNMENT_OPERATOR'
build	Build DaddyBoard (HeliBoard fork)	2026-09-30T15:49:56.2748339Z C/C++:   289 |   void operator=(const TypeName&) = delete
build	Build DaddyBoard (HeliBoard fork)	2026-09-30T15:49:56.2748777Z C/C++:       |        ^
build	Build DaddyBoard (HeliBoard fork)	2026-09-30T15:49:56.2749711Z C/C++: /usr/local/lib/android/sdk/ndk/28.0.13004108/toolchains/llvm/prebuilt/linux-x86_64/sysroot/usr/include/c++/v1/__memory/allocator.h:173:24: note: in implicit copy constructor for 'latinime::IntArrayView' first required here
build	Build DaddyBoard (HeliBoard fork)	2026-09-30T15:49:56.2750770Z C/C++:   173 |     ::new ((void*)__p) _Up(std::forward<_Args>(__args)...);
build	Build DaddyBoard (HeliBoard fork)	2026-09-30T15:49:56.2751158Z C/C++:       |                        ^
build	Build DaddyBoard (HeliBoard fork)	2026-09-30T15:49:56.2752496Z C/C++: /usr/local/lib/android/sdk/ndk/28.0.13004108/toolchains/llvm/prebuilt/linux-x86_64/sysroot/usr/include/c++/v1/__memory/allocator_traits.h:320:9: note: in instantiation of function template specialization 'std::allocator<latinime::IntArrayView>::construct<latinime::IntArrayView, latinime::IntArrayView>' requested here
build	Build DaddyBoard (HeliBoard fork)	2026-09-30T15:49:56.2753895Z C/C++:   320 |     __a.construct(__p, std::forward<_Args>(__args)...);
build	Build DaddyBoard (HeliBoard fork)	2026-09-30T15:49:56.2754270Z C/C++:       |         ^
build	Build DaddyBoard (HeliBoard fork)	2026-09-30T15:49:56.2755771Z C/C++: /usr/local/lib/android/sdk/ndk/28.0.13004108/toolchains/llvm/prebuilt/linux-x86_64/sysroot/usr/include/c++/v1/__memory/uninitialized_algorithms.h:639:33: note: in instantiation of function template specialization 'std::allocator_traits<std::allocator<latinime::IntArrayView>>::construct<latinime::IntArrayView, latinime::IntArrayView, 0>' requested here
build	Build DaddyBoard (HeliBoard fork)	2026-09-30T15:49:56.2757397Z C/C++:   639 |       allocator_traits<_Alloc>::construct(__alloc, __result, std::move(*__iter));
build	Build DaddyBoard (HeliBoard fork)	2026-09-30T15:49:56.2757880Z C/C++:       |                                 ^
build	Build DaddyBoard (HeliBoard fork)	2026-09-30T15:49:56.2758945Z C/C++: /usr/local/lib/android/sdk/ndk/28.0.13004108/toolchains/llvm/prebuilt/linux-x86_64/sysroot/usr/include/c++/v1/vector:1511:3: note: in instantiation of member function 'std::vector<latinime::IntArrayView>::__swap_out_circular_buffer' requested here
build	Build DaddyBoard (HeliBoard fork)	2026-09-30T15:49:56.2760021Z C/C++:  1511 |   __swap_out_circular_buffer(__v);
build	Build DaddyBoard (HeliBoard fork)	2026-09-30T15:49:56.2760337Z C/C++:       |   ^
build	Build DaddyBoard (HeliBoard fork)	2026-09-30T15:49:56.2761551Z C/C++: /usr/local/lib/android/sdk/ndk/28.0.13004108/toolchains/llvm/prebuilt/linux-x86_64/sysroot/usr/include/c++/v1/vector:1529:13: note: in instantiation of function template specialization 'std::vector<latinime::IntArrayView>::__emplace_back_slow_path<const int *const &, const unsigned long &>' requested here
build	Build DaddyBoard (HeliBoard fork)	2026-09-30T15:49:56.2763011Z C/C++:  1529 |     __end = __emplace_back_slow_path(std::forward<_Args>(__args)...);
build	Build DaddyBoard (HeliBoard fork)	2026-09-30T15:49:56.2763434Z C/C++:       |             ^
build	Build DaddyBoard (HeliBoard fork)	2026-09-30T15:49:56.2764738Z C/C++: /home/runner/work/daddyboard/daddyboard/daddyboard-main/app/src/main/jni/src/utils/int_array_view.h:142:20: note: in instantiation of function template specialization 'std::vector<latinime::IntArrayView>::emplace_back<const int *const &, const unsigned long &>' requested here
build	Build DaddyBoard (HeliBoard fork)	2026-09-30T15:49:56.2765969Z C/C++:   142 |             result.emplace_back(mPtr, mSize);
build	Build DaddyBoard (HeliBoard fork)	2026-09-30T15:49:56.2766327Z C/C++:       |                    ^
build	Build DaddyBoard (HeliBoard fork)	2026-09-30T15:49:56.3694844Z C/C++: In file included from /home/runner/work/daddyboard/daddyboard/daddyboard-main/app/src/main/jni/src/utils/jni_data_utils.cpp:17:
build	Build DaddyBoard (HeliBoard fork)	2026-09-30T15:49:56.3696535Z C/C++: In file included from /home/runner/work/daddyboard/daddyboard/daddyboard-main/app/src/main/jni/src/utils/jni_data_utils.h:26:
build	Build DaddyBoard (HeliBoard fork)	2026-09-30T15:49:56.3698132Z C/C++: In file included from /home/runner/work/daddyboard/daddyboard/daddyboard-main/app/src/main/jni/src/dictionary/property/word_property.h:23:
build	Build DaddyBoard (HeliBoard fork)	2026-09-30T15:49:56.3700520Z C/C++: /home/runner/work/daddyboard/daddyboard/daddyboard-main/app/src/main/jni/src/dictionary/property/ngram_property.h:54:5: warning: definition of implicit copy constructor for 'NgramProperty' is deprecated because it has a user-declared copy assignment operator [-Wdeprecated-copy]
build	Build DaddyBoard (HeliBoard fork)	2026-09-30T15:49:56.3702321Z C/C++:    54 |     DISALLOW_ASSIGNMENT_OPERATOR(NgramProperty);
build	Build DaddyBoard (HeliBoard fork)	2026-09-30T15:49:56.3702817Z C/C++:       |     ^
build	Build DaddyBoard (HeliBoard fork)	2026-09-30T15:49:56.3703815Z C/C++: /home/runner/work/daddyboard/daddyboard/daddyboard-main/app/src/main/jni/src/defines.h:289:8: note: expanded from macro 'DISALLOW_ASSIGNMENT_OPERATOR'
build	Build DaddyBoard (HeliBoard fork)	2026-09-30T15:49:56.3705368Z C/C++:   289 |   void operator=(const TypeName&) = delete
build	Build DaddyBoard (HeliBoard fork)	2026-09-30T15:49:56.3705845Z C/C++:       |        ^
build	Build DaddyBoard (HeliBoard fork)	2026-09-30T15:49:56.3707106Z C/C++: /usr/local/lib/android/sdk/ndk/28.0.13004108/toolchains/llvm/prebuilt/linux-x86_64/sysroot/usr/include/c++/v1/__memory/allocator.h:173:24: note: in implicit copy constructor for 'latinime::NgramProperty' first required here
build	Build DaddyBoard (HeliBoard fork)	2026-09-30T15:49:56.3708552Z C/C++:   173 |     ::new ((void*)__p) _Up(std::forward<_Args>(__args)...);
build	Build DaddyBoard (HeliBoard fork)	2026-09-30T15:49:56.3709077Z C/C++:       |                        ^
build	Build DaddyBoard (HeliBoard fork)	2026-09-30T15:49:56.3711140Z C/C++: /usr/local/lib/android/sdk/ndk/28.0.13004108/toolchains/llvm/prebuilt/linux-x86_64/sysroot/usr/include/c++/v1/__memory/allocator_traits.h:320:9: note: in instantiation of function template specialization 'std::allocator<latinime::NgramProperty>::construct<latinime::NgramProperty, latinime::NgramProperty &>' requested here
build	Build DaddyBoard (HeliBoard fork)	2026-09-30T15:49:56.3713343Z C/C++:   320 |     __a.construct(__p, std::forward<_Args>(__args)...);
build	Build DaddyBoard (HeliBoard fork)	2026-09-30T15:49:56.3713906Z C/C++:       |         ^
build	Build DaddyBoard (HeliBoard fork)	2026-09-30T15:49:56.3716258Z C/C++: /usr/local/lib/android/sdk/ndk/28.0.13004108/toolchains/llvm/prebuilt/linux-x86_64/sysroot/usr/include/c++/v1/__memory/uninitialized_algorithms.h:551:31: note: in instantiation of function template specialization 'std::allocator_traits<std::allocator<latinime::NgramProperty>>::construct<latinime::NgramProperty, latinime::NgramProperty &, 0>' requested here
build	Build DaddyBoard (HeliBoard fork)	2026-09-30T15:49:56.3718783Z C/C++:   551 |     allocator_traits<_Alloc>::construct(__alloc, std::__to_address(__first2), *__first1);
build	Build DaddyBoard (HeliBoard fork)	2026-09-30T15:49:56.3719511Z C/C++:       |                               ^
build	Build DaddyBoard (HeliBoard fork)	2026-09-30T15:49:56.3722109Z C/C++: /usr/local/lib/android/sdk/ndk/28.0.13004108/toolchains/llvm/prebuilt/linux-x86_64/sysroot/usr/include/c++/v1/__memory/uninitialized_algorithms.h:594:33: note: in instantiation of function template specialization 'std::__uninitialized_allocator_copy_impl<std::allocator<latinime::NgramProperty>, latinime::NgramProperty *, latinime::NgramProperty *, latinime::NgramProperty *>' requested here
build	Build DaddyBoard (HeliBoard fork)	2026-09-30T15:49:56.3724804Z C/C++:   594 |   auto __result          = std::__uninitialized_allocator_copy_impl(
build	Build DaddyBoard (HeliBoard fork)	2026-09-30T15:49:56.3725426Z C/C++:       |                                 ^
build	Build DaddyBoard (HeliBoard fork)	2026-09-30T15:49:56.3727963Z C/C++: /usr/local/lib/android/sdk/ndk/28.0.13004108/toolchains/llvm/prebuilt/linux-x86_64/sysroot/usr/include/c++/v1/vector:1100:22: note: in instantiation of function template specialization 'std::__uninitialized_allocator_copy<std::allocator<latinime::NgramProperty>, latinime::NgramProperty *, latinime::NgramProperty *, latinime::NgramProperty *>' requested here
build	Build DaddyBoard (HeliBoard fork)	2026-09-30T15:49:56.3730495Z C/C++:  1100 |   __tx.__pos_ = std::__uninitialized_allocator_copy(__alloc(), __first, __last, __tx.__pos_);
build	Build DaddyBoard (HeliBoard fork)	2026-09-30T15:49:56.3731150Z C/C++:       |                      ^
build	Build DaddyBoard (HeliBoard fork)	2026-09-30T15:49:56.3732777Z C/C++: /usr/local/lib/android/sdk/ndk/28.0.13004108/toolchains/llvm/prebuilt/linux-x86_64/sysroot/usr/include/c++/v1/vector:761:7: note: in instantiation of function template specialization 'std::vector<latinime::NgramProperty>::__construct_at_end<latinime::NgramProperty *, latinime::NgramProperty *>' requested here
build	Build DaddyBoard (HeliBoard fork)	2026-09-30T15:49:56.3734703Z C/C++:   761 |       __construct_at_end(__first, __last, __n);
build	Build DaddyBoard (HeliBoard fork)	2026-09-30T15:49:56.3735220Z C/C++:       |       ^
build	Build DaddyBoard (HeliBoard fork)	2026-09-30T15:49:56.3737122Z C/C++: /usr/local/lib/android/sdk/ndk/28.0.13004108/toolchains/llvm/prebuilt/linux-x86_64/sysroot/usr/include/c++/v1/vector:1213:3: note: in instantiation of function template specialization 'std::vector<latinime::NgramProperty>::__init_with_size<latinime::NgramProperty *, latinime::NgramProperty *>' requested here
build	Build DaddyBoard (HeliBoard fork)	2026-09-30T15:49:56.3739310Z C/C++:  1213 |   __init_with_size(__x.__begin_, __x.__end_, __x.size());
build	Build DaddyBoard (HeliBoard fork)	2026-09-30T15:49:56.3739850Z C/C++:       |   ^
build	Build DaddyBoard (HeliBoard fork)	2026-09-30T15:49:56.3741332Z C/C++: /home/runner/work/daddyboard/daddyboard/daddyboard-main/app/src/main/jni/src/dictionary/property/word_property.h:39:15: note: in instantiation of member function 'std::vector<latinime::NgramProperty>::vector' requested here
build	Build DaddyBoard (HeliBoard fork)	2026-09-30T15:49:56.3743071Z C/C++:    39 |               mNgrams(ngrams) {}
build	Build DaddyBoard (HeliBoard fork)	2026-09-30T15:49:56.3743489Z C/C++:       |               ^
build	Build DaddyBoard (HeliBoard fork)	2026-09-30T15:49:56.3743832Z C/C++: 7 warnings generated.
build	Build DaddyBoard (HeliBoard fork)	2026-09-30T15:49:56.3745115Z C/C++: /home/runner/work/daddyboard/daddyboard/daddyboard-main/app/src/main/jni/src/utils/log_utils.cpp:61:38: warning: variable length arrays in C++ are a Clang extension [-Wvla-cxx-extension]
build	Build DaddyBoard (HeliBoard fork)	2026-09-30T15:49:56.3746539Z C/C++:    61 |             char variableSizeCString[size];
build	Build DaddyBoard (HeliBoard fork)	2026-09-30T15:49:56.3747075Z C/C++:       |                                      ^~~~
build	Build DaddyBoard (HeliBoard fork)	2026-09-30T15:49:56.3748180Z C/C++: /home/runner/work/daddyboard/daddyboard/daddyboard-main/app/src/main/jni/src/utils/log_utils.cpp:61:38: note: initializer of 'size' is not a constant expression
build	Build DaddyBoard (HeliBoard fork)	2026-09-30T15:49:56.3749753Z C/C++: /home/runner/work/daddyboard/daddyboard/daddyboard-main/app/src/main/jni/src/utils/log_utils.cpp:51:19: note: declared here
build	Build DaddyBoard (HeliBoard fork)	2026-09-30T15:49:56.3750944Z C/C++:    51 |         const int size = vsnprintf(fixedSizeCString, DEFAULT_LINE_SIZE, format, argList) + 1;
build	Build DaddyBoard (HeliBoard fork)	2026-09-30T15:49:56.3751732Z C/C++:       |                   ^
build	Build DaddyBoard (HeliBoard fork)	2026-09-30T15:49:56.4693834Z C/C++: 1 warning generated.
build	Build DaddyBoard (HeliBoard fork)	2026-09-30T15:49:56.8694759Z C/C++: In file included from /home/runner/work/daddyboard/daddyboard/daddyboard-main/app/src/main/jni/src/dictionary/structure/backward/v402/ver4_dict_buffers.cpp:24:
build	Build DaddyBoard (HeliBoard fork)	2026-09-30T15:49:56.8696536Z C/C++: In file included from /home/runner/work/daddyboard/daddyboard/daddyboard-main/app/src/main/jni/src/dictionary/structure/backward/v402/ver4_dict_buffers.h:30:
build	Build DaddyBoard (HeliBoard fork)	2026-09-30T15:49:56.8698005Z C/C++: In file included from /home/runner/work/daddyboard/daddyboard/daddyboard-main/app/src/main/jni/src/dictionary/header/header_policy.h:25:
build	Build DaddyBoard (HeliBoard fork)	2026-09-30T15:49:56.8700271Z C/C++: /home/runner/work/daddyboard/daddyboard/daddyboard-main/app/src/main/jni/src/dictionary/utils/entry_counters.h:44:5: warning: definition of implicit copy constructor for 'EntryCounts' is deprecated because it has a user-declared copy assignment operator [-Wdeprecated-copy]
build	Build DaddyBoard (HeliBoard fork)	2026-09-30T15:49:56.8702131Z C/C++:    44 |     DISALLOW_ASSIGNMENT_OPERATOR(EntryCounts);
build	Build DaddyBoard (HeliBoard fork)	2026-09-30T15:49:56.8702641Z C/C++:       |     ^
build	Build DaddyBoard (HeliBoard fork)	2026-09-30T15:49:56.8703624Z C/C++: /home/runner/work/daddyboard/daddyboard/daddyboard-main/app/src/main/jni/src/defines.h:289:8: note: expanded from macro 'DISALLOW_ASSIGNMENT_OPERATOR'
build	Build DaddyBoard (HeliBoard fork)	2026-09-30T15:49:56.8705426Z C/C++:   289 |   void operator=(const TypeName&) = delete
build	Build DaddyBoard (HeliBoard fork)	2026-09-30T15:49:56.8705930Z C/C++:       |        ^
build	Build DaddyBoard (HeliBoard fork)	2026-09-30T15:49:56.8707255Z C/C++: /home/runner/work/daddyboard/daddyboard/daddyboard-main/app/src/main/jni/src/dictionary/header/header_policy.h:92:15: note: in implicit copy constructor for 'latinime::EntryCounts' first required here
build	Build DaddyBoard (HeliBoard fork)	2026-09-30T15:49:56.8708724Z C/C++:    92 |               mNgramCounts(headerPolicy->mNgramCounts),
build	Build DaddyBoard (HeliBoard fork)	2026-09-30T15:49:56.8709264Z C/C++:       |               ^
build	Build DaddyBoard (HeliBoard fork)	2026-09-30T15:49:56.8710372Z C/C++: In file included from /home/runner/work/daddyboard/daddyboard/daddyboard-main/app/src/main/jni/src/dictionary/structure/backward/v402/ver4_dict_buffers.cpp:24:
build	Build DaddyBoard (HeliBoard fork)	2026-09-30T15:49:56.8712299Z C/C++: In file included from /home/runner/work/daddyboard/daddyboard/daddyboard-main/app/src/main/jni/src/dictionary/structure/backward/v402/ver4_dict_buffers.h:31:
build	Build DaddyBoard (HeliBoard fork)	2026-09-30T15:49:56.8714283Z C/C++: In file included from /home/runner/work/daddyboard/daddyboard/daddyboard-main/app/src/main/jni/src/dictionary/structure/backward/v402/content/bigram_dict_content.h:28:
build	Build DaddyBoard (HeliBoard fork)	2026-09-30T15:49:56.8716394Z C/C++: In file included from /home/runner/work/daddyboard/daddyboard/daddyboard-main/app/src/main/jni/src/dictionary/structure/backward/v402/content/bigram_entry.h:28:
build	Build DaddyBoard (HeliBoard fork)	2026-09-30T15:49:56.8718966Z C/C++: /home/runner/work/daddyboard/daddyboard/daddyboard-main/app/src/main/jni/src/dictionary/property/historical_info.h:52:5: warning: definition of implicit copy constructor for 'HistoricalInfo' is deprecated because it has a user-declared copy assignment operator [-Wdeprecated-copy]
build	Build DaddyBoard (HeliBoard fork)	2026-09-30T15:49:56.8721233Z C/C++:    52 |     DISALLOW_ASSIGNMENT_OPERATOR(HistoricalInfo);
build	Build DaddyBoard (HeliBoard fork)	2026-09-30T15:49:56.8721764Z C/C++:       |     ^
build	Build DaddyBoard (HeliBoard fork)	2026-09-30T15:49:56.8722796Z C/C++: /home/runner/work/daddyboard/daddyboard/daddyboard-main/app/src/main/jni/src/defines.h:289:8: note: expanded from macro 'DISALLOW_ASSIGNMENT_OPERATOR'
build	Build DaddyBoard (HeliBoard fork)	2026-09-30T15:49:56.8723994Z C/C++:   289 |   void operator=(const TypeName&) = delete
build	Build DaddyBoard (HeliBoard fork)	2026-09-30T15:49:56.8724625Z C/C++:       |        ^
build	Build DaddyBoard (HeliBoard fork)	2026-09-30T15:49:56.8726141Z C/C++: /home/runner/work/daddyboard/daddyboard/daddyboard-main/app/src/main/jni/src/dictionary/structure/backward/v402/content/bigram_entry.h:49:61: note: in implicit copy constructor for 'latinime::HistoricalInfo' first required here
build	Build DaddyBoard (HeliBoard fork)	2026-09-30T15:49:56.8728061Z C/C++:    49 |             : mHasNext(hasNext), mProbability(probability), mHistoricalInfo(*historicalInfo),
build	Build DaddyBoard (HeliBoard fork)	2026-09-30T15:49:56.8728829Z C/C++:       |                                                             ^
build	Build DaddyBoard (HeliBoard fork)	2026-09-30T15:49:56.8730354Z C/C++: /home/runner/work/daddyboard/daddyboard/daddyboard-main/app/src/main/jni/src/dictionary/structure/backward/v402/ver4_dict_buffers.cpp:58:21: warning: variable length arrays in C++ are a Clang extension [-Wvla-cxx-extension]
build	Build DaddyBoard (HeliBoard fork)	2026-09-30T15:49:56.8732001Z C/C++:    58 |     char tmpDirPath[tmpDirPathBufSize];
build	Build DaddyBoard (HeliBoard fork)	2026-09-30T15:49:56.8732533Z C/C++:       |                     ^~~~~~~~~~~~~~~~~
build	Build DaddyBoard (HeliBoard fork)	2026-09-30T15:49:56.8734059Z C/C++: /home/runner/work/daddyboard/daddyboard/daddyboard-main/app/src/main/jni/src/dictionary/structure/backward/v402/ver4_dict_buffers.cpp:58:21: note: initializer of 'tmpDirPathBufSize' is not a constant expression
build	Build DaddyBoard (HeliBoard fork)	2026-09-30T15:49:56.8736356Z C/C++: /home/runner/work/daddyboard/daddyboard/daddyboard-main/app/src/main/jni/src/dictionary/structure/backward/v402/ver4_dict_buffers.cpp:56:15: note: declared here
build	Build DaddyBoard (HeliBoard fork)	2026-09-30T15:49:56.8737935Z C/C++:    56 |     const int tmpDirPathBufSize = FileUtils::getFilePathWithSuffixBufSize(dictDirPath,
build	Build DaddyBoard (HeliBoard fork)	2026-09-30T15:49:56.8738799Z C/C++:       |               ^
build	Build DaddyBoard (HeliBoard fork)	2026-09-30T15:49:56.8740439Z C/C++: /home/runner/work/daddyboard/daddyboard/daddyboard-main/app/src/main/jni/src/dictionary/structure/backward/v402/ver4_dict_buffers.cpp:76:19: warning: variable length arrays in C++ are a Clang extension [-Wvla-cxx-extension]
build	Build DaddyBoard (HeliBoard fork)	2026-09-30T15:49:56.8742382Z C/C++:    76 |     char dictName[dictNameBufSize];
build	Build DaddyBoard (HeliBoard fork)	2026-09-30T15:49:56.8742883Z C/C++:       |                   ^~~~~~~~~~~~~~~
build	Build DaddyBoard (HeliBoard fork)	2026-09-30T15:49:56.8744545Z C/C++: /home/runner/work/daddyboard/daddyboard/daddyboard-main/app/src/main/jni/src/dictionary/structure/backward/v402/ver4_dict_buffers.cpp:76:19: note: initializer of 'dictNameBufSize' is not a constant expression
build	Build DaddyBoard (HeliBoard fork)	2026-09-30T15:49:56.8746873Z C/C++: /home/runner/work/daddyboard/daddyboard/daddyboard-main/app/src/main/jni/src/dictionary/structure/backward/v402/ver4_dict_buffers.cpp:75:15: note: declared here
build	Build DaddyBoard (HeliBoard fork)	2026-09-30T15:49:56.8748355Z C/C++:    75 |     const int dictNameBufSize = strlen(dictDirPath) + 1 /* terminator */;
build	Build DaddyBoard (HeliBoard fork)	2026-09-30T15:49:56.8749060Z C/C++:       |               ^
build	Build DaddyBoard (HeliBoard fork)	2026-09-30T15:49:56.8750618Z C/C++: /home/runner/work/daddyboard/daddyboard/daddyboard-main/app/src/main/jni/src/dictionary/structure/backward/v402/ver4_dict_buffers.cpp:79:19: warning: variable length arrays in C++ are a Clang extension [-Wvla-cxx-extension]
build	Build DaddyBoard (HeliBoard fork)	2026-09-30T15:49:56.8752292Z C/C++:    79 |     char dictPath[dictPathBufSize];
build	Build DaddyBoard (HeliBoard fork)	2026-09-30T15:49:56.8752801Z C/C++:       |                   ^~~~~~~~~~~~~~~
build	Build DaddyBoard (HeliBoard fork)	2026-09-30T15:49:56.8754501Z C/C++: /home/runner/work/daddyboard/daddyboard/daddyboard-main/app/src/main/jni/src/dictionary/structure/backward/v402/ver4_dict_buffers.cpp:79:19: note: initializer of 'dictPathBufSize' is not a constant expression
build	Build DaddyBoard (HeliBoard fork)	2026-09-30T15:49:56.8756840Z C/C++: /home/runner/work/daddyboard/daddyboard/daddyboard-main/app/src/main/jni/src/dictionary/structure/backward/v402/ver4_dict_buffers.cpp:78:15: note: declared here
build	Build DaddyBoard (HeliBoard fork)	2026-09-30T15:49:56.8758504Z C/C++:    78 |     const int dictPathBufSize = FileUtils::getFilePathBufSize(tmpDirPath, dictName);
build	Build DaddyBoard (HeliBoard fork)	2026-09-30T15:49:56.8759501Z C/C++:       |               ^
build	Build DaddyBoard (HeliBoard fork)	2026-09-30T15:49:57.0694444Z C/C++: 5 warnings generated.
build	Build DaddyBoard (HeliBoard fork)	2026-09-30T15:49:57.5695123Z C/C++: In file included from /home/runner/work/daddyboard/daddyboard/daddyboard-main/app/src/main/jni/src/dictionary/structure/backward/v402/ver4_patricia_trie_node_reader.cpp:26:
build	Build DaddyBoard (HeliBoard fork)	2026-09-30T15:49:57.5696767Z C/C++: In file included from /home/runner/work/daddyboard/daddyboard/daddyboard-main/app/src/main/jni/src/dictionary/header/header_policy.h:25:
build	Build DaddyBoard (HeliBoard fork)	2026-09-30T15:49:57.5698369Z C/C++: /home/runner/work/daddyboard/daddyboard/daddyboard-main/app/src/main/jni/src/dictionary/utils/entry_counters.h:44:5: warning: definition of implicit copy constructor for 'EntryCounts' is deprecated because it has a user-declared copy assignment operator [-Wdeprecated-copy]
build	Build DaddyBoard (HeliBoard fork)	2026-09-30T15:49:57.5699690Z C/C++:    44 |     DISALLOW_ASSIGNMENT_OPERATOR(EntryCounts);
build	Build DaddyBoard (HeliBoard fork)	2026-09-30T15:49:57.5700061Z C/C++:       |     ^
build	Build DaddyBoard (HeliBoard fork)	2026-09-30T15:49:57.5700744Z C/C++: /home/runner/work/daddyboard/daddyboard/daddyboard-main/app/src/main/jni/src/defines.h:289:8: note: expanded from macro 'DISALLOW_ASSIGNMENT_OPERATOR'
build	Build DaddyBoard (HeliBoard fork)	2026-09-30T15:49:57.5701535Z C/C++:   289 |   void operator=(const TypeName&) = delete
build	Build DaddyBoard (HeliBoard fork)	2026-09-30T15:49:57.5701880Z C/C++:       |        ^
build	Build DaddyBoard (HeliBoard fork)	2026-09-30T15:49:57.5702771Z C/C++: /home/runner/work/daddyboard/daddyboard/daddyboard-main/app/src/main/jni/src/dictionary/header/header_policy.h:92:15: note: in implicit copy constructor for 'latinime::EntryCounts' first required here
build	Build DaddyBoard (HeliBoard fork)	2026-09-30T15:49:57.5703748Z C/C++:    92 |               mNgramCounts(headerPolicy->mNgramCounts),
build	Build DaddyBoard (HeliBoard fork)	2026-09-30T15:49:57.5704114Z C/C++:       |               ^
build	Build DaddyBoard (HeliBoard fork)	2026-09-30T15:49:57.5705039Z C/C++: In file included from /home/runner/work/daddyboard/daddyboard/daddyboard-main/app/src/main/jni/src/dictionary/structure/backward/v402/ver4_patricia_trie_node_reader.cpp:30:
build	Build DaddyBoard (HeliBoard fork)	2026-09-30T15:49:57.5706361Z C/C++: In file included from /home/runner/work/daddyboard/daddyboard/daddyboard-main/app/src/main/jni/src/dictionary/structure/backward/v402/content/probability_entry.h:28:
build	Build DaddyBoard (HeliBoard fork)	2026-09-30T15:49:57.5708731Z C/C++: /home/runner/work/daddyboard/daddyboard/daddyboard-main/app/src/main/jni/src/dictionary/property/historical_info.h:52:5: warning: definition of implicit copy constructor for 'HistoricalInfo' is deprecated because it has a user-declared copy assignment operator [-Wdeprecated-copy]
build	Build DaddyBoard (HeliBoard fork)	2026-09-30T15:49:57.5710393Z C/C++:    52 |     DISALLOW_ASSIGNMENT_OPERATOR(HistoricalInfo);
build	Build DaddyBoard (HeliBoard fork)	2026-09-30T15:49:57.5710761Z C/C++:       |     ^
build	Build DaddyBoard (HeliBoard fork)	2026-09-30T15:49:57.5711432Z C/C++: /home/runner/work/daddyboard/daddyboard/daddyboard-main/app/src/main/jni/src/defines.h:289:8: note: expanded from macro 'DISALLOW_ASSIGNMENT_OPERATOR'
build	Build DaddyBoard (HeliBoard fork)	2026-09-30T15:49:57.5712220Z C/C++:   289 |   void operator=(const TypeName&) = delete
build	Build DaddyBoard (HeliBoard fork)	2026-09-30T15:49:57.5712563Z C/C++:       |        ^
build	Build DaddyBoard (HeliBoard fork)	2026-09-30T15:49:57.5713565Z C/C++: /home/runner/work/daddyboard/daddyboard/daddyboard-main/app/src/main/jni/src/dictionary/structure/backward/v402/content/probability_entry.h:39:15: note: in implicit copy constructor for 'latinime::HistoricalInfo' first required here
build	Build DaddyBoard (HeliBoard fork)	2026-09-30T15:49:57.5714872Z C/C++:    39 |               mHistoricalInfo(probabilityEntry.mHistoricalInfo) {}
build	Build DaddyBoard (HeliBoard fork)	2026-09-30T15:49:57.5715285Z C/C++:       |               ^
build	Build DaddyBoard (HeliBoard fork)	2026-09-30T15:49:57.6696020Z C/C++: In file included from /home/runner/work/daddyboard/daddyboard/daddyboard-main/app/src/main/jni/src/dictionary/structure/backward/v402/ver4_patricia_trie_node_reader.cpp:24:
build	Build DaddyBoard (HeliBoard fork)	2026-09-30T15:49:57.6697999Z C/C++: In file included from /home/runner/work/daddyboard/daddyboard/daddyboard-main/app/src/main/jni/src/dictionary/structure/backward/v402/ver4_patricia_trie_node_reader.h:28:
build	Build DaddyBoard (HeliBoard fork)	2026-09-30T15:49:57.6699432Z C/C++: In file included from /home/runner/work/daddyboard/daddyboard/daddyboard-main/app/src/main/jni/src/dictionary/structure/pt_common/pt_node_params.h:27:
build	Build DaddyBoard (HeliBoard fork)	2026-09-30T15:49:57.6700752Z C/C++: /home/runner/work/daddyboard/daddyboard/daddyboard-main/app/src/main/jni/src/utils/int_array_view.h:160:5: warning: definition of implicit copy constructor for 'IntArrayView' is deprecated because it has a user-declared copy assignment operator [-Wdeprecated-copy]
build	Build DaddyBoard (HeliBoard fork)	2026-09-30T15:49:57.6702086Z C/C++:   160 |     DISALLOW_ASSIGNMENT_OPERATOR(IntArrayView);
build	Build DaddyBoard (HeliBoard fork)	2026-09-30T15:49:57.6702385Z C/C++:       |     ^
build	Build DaddyBoard (HeliBoard fork)	2026-09-30T15:49:57.6702960Z C/C++: /home/runner/work/daddyboard/daddyboard/daddyboard-main/app/src/main/jni/src/defines.h:289:8: note: expanded from macro 'DISALLOW_ASSIGNMENT_OPERATOR'
build	Build DaddyBoard (HeliBoard fork)	2026-09-30T15:49:57.6703608Z C/C++:   289 |   void operator=(const TypeName&) = delete
build	Build DaddyBoard (HeliBoard fork)	2026-09-30T15:49:57.6703894Z C/C++:       |        ^
build	Build DaddyBoard (HeliBoard fork)	2026-09-30T15:49:57.6704948Z C/C++: /usr/local/lib/android/sdk/ndk/28.0.13004108/toolchains/llvm/prebuilt/linux-x86_64/sysroot/usr/include/c++/v1/__memory/allocator.h:173:24: note: in implicit copy constructor for 'latinime::IntArrayView' first required here
build	Build DaddyBoard (HeliBoard fork)	2026-09-30T15:49:57.6705832Z C/C++:   173 |     ::new ((void*)__p) _Up(std::forward<_Args>(__args)...);
build	Build DaddyBoard (HeliBoard fork)	2026-09-30T15:49:57.6706161Z C/C++:       |                        ^
build	Build DaddyBoard (HeliBoard fork)	2026-09-30T15:49:57.6707273Z C/C++: /usr/local/lib/android/sdk/ndk/28.0.13004108/toolchains/llvm/prebuilt/linux-x86_64/sysroot/usr/include/c++/v1/__memory/allocator_traits.h:320:9: note: in instantiation of function template specialization 'std::allocator<latinime::IntArrayView>::construct<latinime::IntArrayView, latinime::IntArrayView>' requested here
build	Build DaddyBoard (HeliBoard fork)	2026-09-30T15:49:57.6708445Z C/C++:   320 |     __a.construct(__p, std::forward<_Args>(__args)...);
build	Build DaddyBoard (HeliBoard fork)	2026-09-30T15:49:57.6708763Z C/C++:       |         ^
build	Build DaddyBoard (HeliBoard fork)	2026-09-30T15:49:57.6709929Z C/C++: /usr/local/lib/android/sdk/ndk/28.0.13004108/toolchains/llvm/prebuilt/linux-x86_64/sysroot/usr/include/c++/v1/__memory/uninitialized_algorithms.h:639:33: note: in instantiation of function template specialization 'std::allocator_traits<std::allocator<latinime::IntArrayView>>::construct<latinime::IntArrayView, latinime::IntArrayView, 0>' requested here
build	Build DaddyBoard (HeliBoard fork)	2026-09-30T15:49:57.6711257Z C/C++:   639 |       allocator_traits<_Alloc>::construct(__alloc, __result, std::move(*__iter));
build	Build DaddyBoard (HeliBoard fork)	2026-09-30T15:49:57.6711658Z C/C++:       |                                 ^
build	Build DaddyBoard (HeliBoard fork)	2026-09-30T15:49:57.6712544Z C/C++: /usr/local/lib/android/sdk/ndk/28.0.13004108/toolchains/llvm/prebuilt/linux-x86_64/sysroot/usr/include/c++/v1/vector:1511:3: note: in instantiation of member function 'std::vector<latinime::IntArrayView>::__swap_out_circular_buffer' requested here
build	Build DaddyBoard (HeliBoard fork)	2026-09-30T15:49:57.6713652Z C/C++:  1511 |   __swap_out_circular_buffer(__v);
build	Build DaddyBoard (HeliBoard fork)	2026-09-30T15:49:57.6713929Z C/C++:       |   ^
build	Build DaddyBoard (HeliBoard fork)	2026-09-30T15:49:57.6715220Z C/C++: /usr/local/lib/android/sdk/ndk/28.0.13004108/toolchains/llvm/prebuilt/linux-x86_64/sysroot/usr/include/c++/v1/vector:1529:13: note: in instantiation of function template specialization 'std::vector<latinime::IntArrayView>::__emplace_back_slow_path<const int *const &, const unsigned long &>' requested here
build	Build DaddyBoard (HeliBoard fork)	2026-09-30T15:49:57.6716449Z C/C++:  1529 |     __end = __emplace_back_slow_path(std::forward<_Args>(__args)...);
build	Build DaddyBoard (HeliBoard fork)	2026-09-30T15:49:57.6716932Z C/C++:       |             ^
build	Build DaddyBoard (HeliBoard fork)	2026-09-30T15:49:57.6717901Z C/C++: /home/runner/work/daddyboard/daddyboard/daddyboard-main/app/src/main/jni/src/utils/int_array_view.h:142:20: note: in instantiation of function template specialization 'std::vector<latinime::IntArrayView>::emplace_back<const int *const &, const unsigned long &>' requested here
build	Build DaddyBoard (HeliBoard fork)	2026-09-30T15:49:57.6718933Z C/C++:   142 |             result.emplace_back(mPtr, mSize);
build	Build DaddyBoard (HeliBoard fork)	2026-09-30T15:49:57.6719232Z C/C++:       |                    ^
build	Build DaddyBoard (HeliBoard fork)	2026-09-30T15:49:57.6719474Z C/C++: 3 warnings generated.
build	Build DaddyBoard (HeliBoard fork)	2026-09-30T15:49:58.0695066Z C/C++: In file included from /home/runner/work/daddyboard/daddyboard/daddyboard-main/app/src/main/jni/src/dictionary/structure/backward/v402/ver4_patricia_trie_node_writer.cpp:24:
build	Build DaddyBoard (HeliBoard fork)	2026-09-30T15:49:58.0696509Z C/C++: In file included from /home/runner/work/daddyboard/daddyboard/daddyboard-main/app/src/main/jni/src/dictionary/structure/backward/v402/ver4_patricia_trie_node_writer.h:31:
build	Build DaddyBoard (HeliBoard fork)	2026-09-30T15:49:58.0697847Z C/C++: In file included from /home/runner/work/daddyboard/daddyboard/daddyboard-main/app/src/main/jni/src/dictionary/structure/backward/v402/content/probability_entry.h:28:
build	Build DaddyBoard (HeliBoard fork)	2026-09-30T15:49:58.0699925Z C/C++: /home/runner/work/daddyboard/daddyboard/daddyboard-main/app/src/main/jni/src/dictionary/property/historical_info.h:52:5: warning: definition of implicit copy constructor for 'HistoricalInfo' is deprecated because it has a user-declared copy assignment operator [-Wdeprecated-copy]
build	Build DaddyBoard (HeliBoard fork)	2026-09-30T15:49:58.0701277Z C/C++:    52 |     DISALLOW_ASSIGNMENT_OPERATOR(HistoricalInfo);
build	Build DaddyBoard (HeliBoard fork)	2026-09-30T15:49:58.0701653Z C/C++:       |     ^
build	Build DaddyBoard (HeliBoard fork)	2026-09-30T15:49:58.0702333Z C/C++: /home/runner/work/daddyboard/daddyboard/daddyboard-main/app/src/main/jni/src/defines.h:289:8: note: expanded from macro 'DISALLOW_ASSIGNMENT_OPERATOR'
build	Build DaddyBoard (HeliBoard fork)	2026-09-30T15:49:58.0703122Z C/C++:   289 |   void operator=(const TypeName&) = delete
build	Build DaddyBoard (HeliBoard fork)	2026-09-30T15:49:58.0703466Z C/C++:       |        ^
build	Build DaddyBoard (HeliBoard fork)	2026-09-30T15:49:58.0704910Z C/C++: /home/runner/work/daddyboard/daddyboard/daddyboard-main/app/src/main/jni/src/dictionary/structure/backward/v402/content/probability_entry.h:39:15: note: in implicit copy constructor for 'latinime::HistoricalInfo' first required here
build	Build DaddyBoard (HeliBoard fork)	2026-09-30T15:49:58.0706330Z C/C++:    39 |               mHistoricalInfo(probabilityEntry.mHistoricalInfo) {}
build	Build DaddyBoard (HeliBoard fork)	2026-09-30T15:49:58.0706745Z C/C++:       |               ^
build	Build DaddyBoard (HeliBoard fork)	2026-09-30T15:49:58.1694604Z C/C++: In file included from /home/runner/work/daddyboard/daddyboard/daddyboard-main/app/src/main/jni/src/dictionary/structure/backward/v402/ver4_patricia_trie_node_writer.cpp:26:
build	Build DaddyBoard (HeliBoard fork)	2026-09-30T15:49:58.1696525Z C/C++: In file included from /home/runner/work/daddyboard/daddyboard/daddyboard-main/app/src/main/jni/src/dictionary/header/header_policy.h:25:
build	Build DaddyBoard (HeliBoard fork)	2026-09-30T15:49:58.1698108Z C/C++: /home/runner/work/daddyboard/daddyboard/daddyboard-main/app/src/main/jni/src/dictionary/utils/entry_counters.h:44:5: warning: definition of implicit copy constructor for 'EntryCounts' is deprecated because it has a user-declared copy assignment operator [-Wdeprecated-copy]
build	Build DaddyBoard (HeliBoard fork)	2026-09-30T15:49:58.1699440Z C/C++:    44 |     DISALLOW_ASSIGNMENT_OPERATOR(EntryCounts);
build	Build DaddyBoard (HeliBoard fork)	2026-09-30T15:49:58.1699796Z C/C++:       |     ^
build	Build DaddyBoard (HeliBoard fork)	2026-09-30T15:49:58.1700499Z C/C++: /home/runner/work/daddyboard/daddyboard/daddyboard-main/app/src/main/jni/src/defines.h:289:8: note: expanded from macro 'DISALLOW_ASSIGNMENT_OPERATOR'
build	Build DaddyBoard (HeliBoard fork)	2026-09-30T15:49:58.1701649Z C/C++:   289 |   void operator=(const TypeName&) = delete
build	Build DaddyBoard (HeliBoard fork)	2026-09-30T15:49:58.1701994Z C/C++:       |        ^
build	Build DaddyBoard (HeliBoard fork)	2026-09-30T15:49:58.1702892Z C/C++: /home/runner/work/daddyboard/daddyboard/daddyboard-main/app/src/main/jni/src/dictionary/header/header_policy.h:92:15: note: in implicit copy constructor for 'latinime::EntryCounts' first required here
build	Build DaddyBoard (HeliBoard fork)	2026-09-30T15:49:58.1703887Z C/C++:    92 |               mNgramCounts(headerPolicy->mNgramCounts),
build	Build DaddyBoard (HeliBoard fork)	2026-09-30T15:49:58.1704255Z C/C++:       |               ^
build	Build DaddyBoard (HeliBoard fork)	2026-09-30T15:49:58.1705131Z C/C++: In file included from /home/runner/work/daddyboard/daddyboard/daddyboard-main/app/src/main/jni/src/dictionary/structure/backward/v402/ver4_patricia_trie_node_writer.cpp:26:
build	Build DaddyBoard (HeliBoard fork)	2026-09-30T15:49:58.1706335Z C/C++: In file included from /home/runner/work/daddyboard/daddyboard/daddyboard-main/app/src/main/jni/src/dictionary/header/header_policy.h:23:
build	Build DaddyBoard (HeliBoard fork)	2026-09-30T15:49:58.1707417Z C/C++: In file included from /home/runner/work/daddyboard/daddyboard/daddyboard-main/app/src/main/jni/src/dictionary/header/header_read_write_utils.h:24:
build	Build DaddyBoard (HeliBoard fork)	2026-09-30T15:49:58.1708497Z C/C++: In file included from /home/runner/work/daddyboard/daddyboard/daddyboard-main/app/src/main/jni/src/dictionary/utils/format_utils.h:23:
build	Build DaddyBoard (HeliBoard fork)	2026-09-30T15:49:58.1710062Z C/C++: /home/runner/work/daddyboard/daddyboard/daddyboard-main/app/src/main/jni/src/utils/byte_array_view.h:53:5: warning: definition of implicit copy constructor for 'ReadOnlyByteArrayView' is deprecated because it has a user-declared copy assignment operator [-Wdeprecated-copy]
build	Build DaddyBoard (HeliBoard fork)	2026-09-30T15:49:58.1711343Z C/C++:    53 |     DISALLOW_ASSIGNMENT_OPERATOR(ReadOnlyByteArrayView);
build	Build DaddyBoard (HeliBoard fork)	2026-09-30T15:49:58.1711724Z C/C++:       |     ^
build	Build DaddyBoard (HeliBoard fork)	2026-09-30T15:49:58.1712492Z C/C++: /home/runner/work/daddyboard/daddyboard/daddyboard-main/app/src/main/jni/src/defines.h:289:8: note: expanded from macro 'DISALLOW_ASSIGNMENT_OPERATOR'
build	Build DaddyBoard (HeliBoard fork)	2026-09-30T15:49:58.1713260Z C/C++:   289 |   void operator=(const TypeName&) = delete
build	Build DaddyBoard (HeliBoard fork)	2026-09-30T15:49:58.1713593Z C/C++:       |        ^
build	Build DaddyBoard (HeliBoard fork)	2026-09-30T15:49:58.1714710Z C/C++: /home/runner/work/daddyboard/daddyboard/daddyboard-main/app/src/main/jni/src/dictionary/structure/pt_common/shortcut/shortcut_list_reading_utils.h:52:75: note: in implicit copy constructor for 'latinime::ReadOnlyByteArrayView' first required here
build	Build DaddyBoard (HeliBoard fork)	2026-09-30T15:49:58.1716029Z C/C++:    52 |         const int shortcutListSize = getShortcutListSizeAndForwardPointer(buffer, pos);
build	Build DaddyBoard (HeliBoard fork)	2026-09-30T15:49:58.1716607Z C/C++:       |                                                                           ^
build	Build DaddyBoard (HeliBoard fork)	2026-09-30T15:49:58.2694998Z C/C++: In file included from /home/runner/work/daddyboard/daddyboard/daddyboard-main/app/src/main/jni/src/dictionary/structure/backward/v402/ver4_patricia_trie_node_writer.cpp:24:
build	Build DaddyBoard (HeliBoard fork)	2026-09-30T15:49:58.2696717Z C/C++: In file included from /home/runner/work/daddyboard/daddyboard/daddyboard-main/app/src/main/jni/src/dictionary/structure/backward/v402/ver4_patricia_trie_node_writer.h:28:
build	Build DaddyBoard (HeliBoard fork)	2026-09-30T15:49:58.2698014Z C/C++: In file included from /home/runner/work/daddyboard/daddyboard/daddyboard-main/app/src/main/jni/src/dictionary/structure/pt_common/dynamic_pt_reading_helper.h:24:
build	Build DaddyBoard (HeliBoard fork)	2026-09-30T15:49:58.2699265Z C/C++: In file included from /home/runner/work/daddyboard/daddyboard/daddyboard-main/app/src/main/jni/src/dictionary/structure/pt_common/pt_node_params.h:27:
build	Build DaddyBoard (HeliBoard fork)	2026-09-30T15:49:58.2700858Z C/C++: /home/runner/work/daddyboard/daddyboard/daddyboard-main/app/src/main/jni/src/utils/int_array_view.h:160:5: warning: definition of implicit copy constructor for 'IntArrayView' is deprecated because it has a user-declared copy assignment operator [-Wdeprecated-copy]
build	Build DaddyBoard (HeliBoard fork)	2026-09-30T15:49:58.2702102Z C/C++:   160 |     DISALLOW_ASSIGNMENT_OPERATOR(IntArrayView);
build	Build DaddyBoard (HeliBoard fork)	2026-09-30T15:49:58.2702464Z C/C++:       |     ^
build	Build DaddyBoard (HeliBoard fork)	2026-09-30T15:49:58.2703145Z C/C++: /home/runner/work/daddyboard/daddyboard/daddyboard-main/app/src/main/jni/src/defines.h:289:8: note: expanded from macro 'DISALLOW_ASSIGNMENT_OPERATOR'
build	Build DaddyBoard (HeliBoard fork)	2026-09-30T15:49:58.2703931Z C/C++:   289 |   void operator=(const TypeName&) = delete
build	Build DaddyBoard (HeliBoard fork)	2026-09-30T15:49:58.2704839Z C/C++:       |        ^
build	Build DaddyBoard (HeliBoard fork)	2026-09-30T15:49:58.2705788Z C/C++: /usr/local/lib/android/sdk/ndk/28.0.13004108/toolchains/llvm/prebuilt/linux-x86_64/sysroot/usr/include/c++/v1/__memory/allocator.h:173:24: note: in implicit copy constructor for 'latinime::IntArrayView' first required here
build	Build DaddyBoard (HeliBoard fork)	2026-09-30T15:49:58.2706846Z C/C++:   173 |     ::new ((void*)__p) _Up(std::forward<_Args>(__args)...);
build	Build DaddyBoard (HeliBoard fork)	2026-09-30T15:49:58.2707240Z C/C++:       |                        ^
build	Build DaddyBoard (HeliBoard fork)	2026-09-30T15:49:58.2708577Z C/C++: /usr/local/lib/android/sdk/ndk/28.0.13004108/toolchains/llvm/prebuilt/linux-x86_64/sysroot/usr/include/c++/v1/__memory/allocator_traits.h:320:9: note: in instantiation of function template specialization 'std::allocator<latinime::IntArrayView>::construct<latinime::IntArrayView, latinime::IntArrayView>' requested here
build	Build DaddyBoard (HeliBoard fork)	2026-09-30T15:49:58.2709982Z C/C++:   320 |     __a.construct(__p, std::forward<_Args>(__args)...);
build	Build DaddyBoard (HeliBoard fork)	2026-09-30T15:49:58.2710358Z C/C++:       |         ^
build	Build DaddyBoard (HeliBoard fork)	2026-09-30T15:49:58.2711773Z C/C++: /usr/local/lib/android/sdk/ndk/28.0.13004108/toolchains/llvm/prebuilt/linux-x86_64/sysroot/usr/include/c++/v1/__memory/uninitialized_algorithms.h:639:33: note: in instantiation of function template specialization 'std::allocator_traits<std::allocator<latinime::IntArrayView>>::construct<latinime::IntArrayView, latinime::IntArrayView, 0>' requested here
build	Build DaddyBoard (HeliBoard fork)	2026-09-30T15:49:58.2713390Z C/C++:   639 |       allocator_traits<_Alloc>::construct(__alloc, __result, std::move(*__iter));
build	Build DaddyBoard (HeliBoard fork)	2026-09-30T15:49:58.2713881Z C/C++:       |                                 ^
build	Build DaddyBoard (HeliBoard fork)	2026-09-30T15:49:58.2715029Z C/C++: /usr/local/lib/android/sdk/ndk/28.0.13004108/toolchains/llvm/prebuilt/linux-x86_64/sysroot/usr/include/c++/v1/vector:1511:3: note: in instantiation of member function 'std::vector<latinime::IntArrayView>::__swap_out_circular_buffer' requested here
build	Build DaddyBoard (HeliBoard fork)	2026-09-30T15:49:58.2716234Z C/C++:  1511 |   __swap_out_circular_buffer(__v);
build	Build DaddyBoard (HeliBoard fork)	2026-09-30T15:49:58.2716558Z C/C++:       |   ^
build	Build DaddyBoard (HeliBoard fork)	2026-09-30T15:49:58.2717759Z C/C++: /usr/local/lib/android/sdk/ndk/28.0.13004108/toolchains/llvm/prebuilt/linux-x86_64/sysroot/usr/include/c++/v1/vector:1529:13: note: in instantiation of function template specialization 'std::vector<latinime::IntArrayView>::__emplace_back_slow_path<const int *const &, const unsigned long &>' requested here
build	Build DaddyBoard (HeliBoard fork)	2026-09-30T15:49:58.2719136Z C/C++:  1529 |     __end = __emplace_back_slow_path(std::forward<_Args>(__args)...);
build	Build DaddyBoard (HeliBoard fork)	2026-09-30T15:49:58.2719566Z C/C++:       |             ^
build	Build DaddyBoard (HeliBoard fork)	2026-09-30T15:49:58.2720723Z C/C++: /home/runner/work/daddyboard/daddyboard/daddyboard-main/app/src/main/jni/src/utils/int_array_view.h:142:20: note: in instantiation of function template specialization 'std::vector<latinime::IntArrayView>::emplace_back<const int *const &, const unsigned long &>' requested here
build	Build DaddyBoard (HeliBoard fork)	2026-09-30T15:49:58.2721972Z C/C++:   142 |             result.emplace_back(mPtr, mSize);
build	Build DaddyBoard (HeliBoard fork)	2026-09-30T15:49:58.2722321Z C/C++:       |                    ^
build	Build DaddyBoard (HeliBoard fork)	2026-09-30T15:49:58.3693909Z C/C++: 4 warnings generated.
build	Build DaddyBoard (HeliBoard fork)	2026-09-30T15:49:58.7694805Z C/C++: In file included from /home/runner/work/daddyboard/daddyboard/daddyboard-main/app/src/main/jni/src/dictionary/structure/backward/v402/ver4_patricia_trie_policy.cpp:25:
build	Build DaddyBoard (HeliBoard fork)	2026-09-30T15:49:58.7696862Z C/C++: In file included from /home/runner/work/daddyboard/daddyboard/daddyboard-main/app/src/main/jni/src/dictionary/structure/backward/v402/ver4_patricia_trie_policy.h:31:
build	Build DaddyBoard (HeliBoard fork)	2026-09-30T15:49:58.7698625Z C/C++: In file included from /home/runner/work/daddyboard/daddyboard/daddyboard-main/app/src/main/jni/src/dictionary/header/header_policy.h:25:
build	Build DaddyBoard (HeliBoard fork)	2026-09-30T15:49:58.7701027Z C/C++: /home/runner/work/daddyboard/daddyboard/daddyboard-main/app/src/main/jni/src/dictionary/utils/entry_counters.h:44:5: warning: definition of implicit copy constructor for 'EntryCounts' is deprecated because it has a user-declared copy assignment operator [-Wdeprecated-copy]
build	Build DaddyBoard (HeliBoard fork)	2026-09-30T15:49:58.7703020Z C/C++:    44 |     DISALLOW_ASSIGNMENT_OPERATOR(EntryCounts);
build	Build DaddyBoard (HeliBoard fork)	2026-09-30T15:49:58.7703549Z C/C++:       |     ^
build	Build DaddyBoard (HeliBoard fork)	2026-09-30T15:49:58.7705066Z C/C++: /home/runner/work/daddyboard/daddyboard/daddyboard-main/app/src/main/jni/src/defines.h:289:8: note: expanded from macro 'DISALLOW_ASSIGNMENT_OPERATOR'
build	Build DaddyBoard (HeliBoard fork)	2026-09-30T15:49:58.7706204Z C/C++:   289 |   void operator=(const TypeName&) = delete
build	Build DaddyBoard (HeliBoard fork)	2026-09-30T15:49:58.7706665Z C/C++:       |        ^
build	Build DaddyBoard (HeliBoard fork)	2026-09-30T15:49:58.7707981Z C/C++: /home/runner/work/daddyboard/daddyboard/daddyboard-main/app/src/main/jni/src/dictionary/header/header_policy.h:92:15: note: in implicit copy constructor for 'latinime::EntryCounts' first required here
build	Build DaddyBoard (HeliBoard fork)	2026-09-30T15:49:58.7709316Z C/C++:    92 |               mNgramCounts(headerPolicy->mNgramCounts),
build	Build DaddyBoard (HeliBoard fork)	2026-09-30T15:49:58.7709817Z C/C++:       |               ^
build	Build DaddyBoard (HeliBoard fork)	2026-09-30T15:49:58.7710914Z C/C++: In file included from /home/runner/work/daddyboard/daddyboard/daddyboard-main/app/src/main/jni/src/dictionary/structure/backward/v402/ver4_patricia_trie_policy.cpp:25:
build	Build DaddyBoard (HeliBoard fork)	2026-09-30T15:49:58.7712980Z C/C++: In file included from /home/runner/work/daddyboard/daddyboard/daddyboard-main/app/src/main/jni/src/dictionary/structure/backward/v402/ver4_patricia_trie_policy.h:32:
build	Build DaddyBoard (HeliBoard fork)	2026-09-30T15:49:58.7715014Z C/C++: In file included from /home/runner/work/daddyboard/daddyboard/daddyboard-main/app/src/main/jni/src/dictionary/interface/dictionary_structure_with_buffer_policy.h:23:
build	Build DaddyBoard (HeliBoard fork)	2026-09-30T15:49:58.7717545Z C/C++: /home/runner/work/daddyboard/daddyboard/daddyboard-main/app/src/main/jni/src/dictionary/property/historical_info.h:52:5: warning: definition of implicit copy constructor for 'HistoricalInfo' is deprecated because it has a user-declared copy assignment operator [-Wdeprecated-copy]
build	Build DaddyBoard (HeliBoard fork)	2026-09-30T15:49:58.7719424Z C/C++:    52 |     DISALLOW_ASSIGNMENT_OPERATOR(HistoricalInfo);
build	Build DaddyBoard (HeliBoard fork)	2026-09-30T15:49:58.7720256Z C/C++:       |     ^
build	Build DaddyBoard (HeliBoard fork)	2026-09-30T15:49:58.7721201Z C/C++: /home/runner/work/daddyboard/daddyboard/daddyboard-main/app/src/main/jni/src/defines.h:289:8: note: expanded from macro 'DISALLOW_ASSIGNMENT_OPERATOR'
build	Build DaddyBoard (HeliBoard fork)	2026-09-30T15:49:58.7722314Z C/C++:   289 |   void operator=(const TypeName&) = delete
build	Build DaddyBoard (HeliBoard fork)	2026-09-30T15:49:58.7722891Z C/C++:       |        ^
build	Build DaddyBoard (HeliBoard fork)	2026-09-30T15:49:58.7724222Z C/C++: /home/runner/work/daddyboard/daddyboard/daddyboard-main/app/src/main/jni/src/dictionary/property/ngram_property.h:33:42: note: in implicit copy constructor for 'latinime::HistoricalInfo' first required here
build	Build DaddyBoard (HeliBoard fork)	2026-09-30T15:49:58.7725969Z C/C++:    33 |               mProbability(probability), mHistoricalInfo(historicalInfo) {}
build	Build DaddyBoard (HeliBoard fork)	2026-09-30T15:49:58.7726643Z C/C++:       |                                          ^
build	Build DaddyBoard (HeliBoard fork)	2026-09-30T15:49:58.7727784Z C/C++: In file included from /home/runner/work/daddyboard/daddyboard/daddyboard-main/app/src/main/jni/src/dictionary/structure/backward/v402/ver4_patricia_trie_policy.cpp:25:
build	Build DaddyBoard (HeliBoard fork)	2026-09-30T15:49:58.7729463Z C/C++: In file included from /home/runner/work/daddyboard/daddyboard/daddyboard-main/app/src/main/jni/src/dictionary/structure/backward/v402/ver4_patricia_trie_policy.h:32:
build	Build DaddyBoard (HeliBoard fork)	2026-09-30T15:49:58.7731138Z C/C++: In file included from /home/runner/work/daddyboard/daddyboard/daddyboard-main/app/src/main/jni/src/dictionary/interface/dictionary_structure_with_buffer_policy.h:25:
build	Build DaddyBoard (HeliBoard fork)	2026-09-30T15:49:58.7732681Z C/C++: In file included from /home/runner/work/daddyboard/daddyboard/daddyboard-main/app/src/main/jni/src/dictionary/property/word_property.h:24:
build	Build DaddyBoard (HeliBoard fork)	2026-09-30T15:49:58.7734992Z C/C++: /home/runner/work/daddyboard/daddyboard/daddyboard-main/app/src/main/jni/src/dictionary/property/unigram_property.h:126:5: warning: definition of implicit copy constructor for 'UnigramProperty' is deprecated because it has a user-declared copy assignment operator [-Wdeprecated-copy]
build	Build DaddyBoard (HeliBoard fork)	2026-09-30T15:49:58.7736731Z C/C++:   126 |     DISALLOW_ASSIGNMENT_OPERATOR(UnigramProperty);
build	Build DaddyBoard (HeliBoard fork)	2026-09-30T15:49:58.7737193Z C/C++:       |     ^
build	Build DaddyBoard (HeliBoard fork)	2026-09-30T15:49:58.7738080Z C/C++: /home/runner/work/daddyboard/daddyboard/daddyboard-main/app/src/main/jni/src/defines.h:289:8: note: expanded from macro 'DISALLOW_ASSIGNMENT_OPERATOR'
build	Build DaddyBoard (HeliBoard fork)	2026-09-30T15:49:58.7739080Z C/C++:   289 |   void operator=(const TypeName&) = delete
build	Build DaddyBoard (HeliBoard fork)	2026-09-30T15:49:58.7739801Z C/C++:       |        ^
build	Build DaddyBoard (HeliBoard fork)	2026-09-30T15:49:58.7740984Z C/C++: /home/runner/work/daddyboard/daddyboard/daddyboard-main/app/src/main/jni/src/dictionary/property/word_property.h:38:51: note: in implicit copy constructor for 'latinime::UnigramProperty' first required here
build	Build DaddyBoard (HeliBoard fork)	2026-09-30T15:49:58.7742454Z C/C++:    38 |             : mCodePoints(std::move(codePoints)), mUnigramProperty(unigramProperty),
build	Build DaddyBoard (HeliBoard fork)	2026-09-30T15:49:58.7743094Z C/C++:       |                                                   ^
build	Build DaddyBoard (HeliBoard fork)	2026-09-30T15:49:58.7744192Z C/C++: In file included from /home/runner/work/daddyboard/daddyboard/daddyboard-main/app/src/main/jni/src/dictionary/structure/backward/v402/ver4_patricia_trie_policy.cpp:25:
build	Build DaddyBoard (HeliBoard fork)	2026-09-30T15:49:58.7746057Z C/C++: In file included from /home/runner/work/daddyboard/daddyboard/daddyboard-main/app/src/main/jni/src/dictionary/structure/backward/v402/ver4_patricia_trie_policy.h:31:
build	Build DaddyBoard (HeliBoard fork)	2026-09-30T15:49:58.7747621Z C/C++: In file included from /home/runner/work/daddyboard/daddyboard/daddyboard-main/app/src/main/jni/src/dictionary/header/header_policy.h:23:
build	Build DaddyBoard (HeliBoard fork)	2026-09-30T15:49:58.7759507Z C/C++: In file included from /home/runner/work/daddyboard/daddyboard/daddyboard-main/app/src/main/jni/src/dictionary/header/header_read_write_utils.h:24:
build	Build DaddyBoard (HeliBoard fork)	2026-09-30T15:49:58.7761506Z C/C++: In file included from /home/runner/work/daddyboard/daddyboard/daddyboard-main/app/src/main/jni/src/dictionary/utils/format_utils.h:23:
build	Build DaddyBoard (HeliBoard fork)	2026-09-30T15:49:58.7763665Z C/C++: /home/runner/work/daddyboard/daddyboard/daddyboard-main/app/src/main/jni/src/utils/byte_array_view.h:53:5: warning: definition of implicit copy constructor for 'ReadOnlyByteArrayView' is deprecated because it has a user-declared copy assignment operator [-Wdeprecated-copy]
build	Build DaddyBoard (HeliBoard fork)	2026-09-30T15:49:58.7765952Z C/C++:    53 |     DISALLOW_ASSIGNMENT_OPERATOR(ReadOnlyByteArrayView);
build	Build DaddyBoard (HeliBoard fork)	2026-09-30T15:49:58.7766511Z C/C++:       |     ^
build	Build DaddyBoard (HeliBoard fork)	2026-09-30T15:49:58.7767455Z C/C++: /home/runner/work/daddyboard/daddyboard/daddyboard-main/app/src/main/jni/src/defines.h:289:8: note: expanded from macro 'DISALLOW_ASSIGNMENT_OPERATOR'
build	Build DaddyBoard (HeliBoard fork)	2026-09-30T15:49:58.7768583Z C/C++:   289 |   void operator=(const TypeName&) = delete
build	Build DaddyBoard (HeliBoard fork)	2026-09-30T15:49:58.7769095Z C/C++:       |        ^
build	Build DaddyBoard (HeliBoard fork)	2026-09-30T15:49:58.7770594Z C/C++: /home/runner/work/daddyboard/daddyboard/daddyboard-main/app/src/main/jni/src/dictionary/structure/pt_common/shortcut/shortcut_list_reading_utils.h:52:75: note: in implicit copy constructor for 'latinime::ReadOnlyByteArrayView' first required here
build	Build DaddyBoard (HeliBoard fork)	2026-09-30T15:49:58.7772553Z C/C++:    52 |         const int shortcutListSize = getShortcutListSizeAndForwardPointer(buffer, pos);
build	Build DaddyBoard (HeliBoard fork)	2026-09-30T15:49:58.7773350Z C/C++:       |                                                                           ^
build	Build DaddyBoard (HeliBoard fork)	2026-09-30T15:49:58.8695081Z C/C++: In file included from /home/runner/work/daddyboard/daddyboard/daddyboard-main/app/src/main/jni/src/dictionary/structure/backward/v402/ver4_patricia_trie_policy.cpp:25:
build	Build DaddyBoard (HeliBoard fork)	2026-09-30T15:49:58.8697106Z C/C++: In file included from /home/runner/work/daddyboard/daddyboard/daddyboard-main/app/src/main/jni/src/dictionary/structure/backward/v402/ver4_patricia_trie_policy.h:32:
build	Build DaddyBoard (HeliBoard fork)	2026-09-30T15:49:58.8699026Z C/C++: In file included from /home/runner/work/daddyboard/daddyboard/daddyboard-main/app/src/main/jni/src/dictionary/interface/dictionary_structure_with_buffer_policy.h:25:
build	Build DaddyBoard (HeliBoard fork)	2026-09-30T15:49:58.8700749Z C/C++: In file included from /home/runner/work/daddyboard/daddyboard/daddyboard-main/app/src/main/jni/src/dictionary/property/word_property.h:23:
build	Build DaddyBoard (HeliBoard fork)	2026-09-30T15:49:58.8702350Z C/C++: In file included from /home/runner/work/daddyboard/daddyboard/daddyboard-main/app/src/main/jni/src/dictionary/property/ngram_property.h:24:
build	Build DaddyBoard (HeliBoard fork)	2026-09-30T15:49:58.8703902Z C/C++: In file included from /home/runner/work/daddyboard/daddyboard/daddyboard-main/app/src/main/jni/src/dictionary/property/ngram_context.h:23:
build	Build DaddyBoard (HeliBoard fork)	2026-09-30T15:49:58.8706350Z C/C++: /home/runner/work/daddyboard/daddyboard/daddyboard-main/app/src/main/jni/src/utils/int_array_view.h:160:5: warning: definition of implicit copy constructor for 'IntArrayView' is deprecated because it has a user-declared copy assignment operator [-Wdeprecated-copy]
build	Build DaddyBoard (HeliBoard fork)	2026-09-30T15:49:58.8708593Z C/C++:   160 |     DISALLOW_ASSIGNMENT_OPERATOR(IntArrayView);
build	Build DaddyBoard (HeliBoard fork)	2026-09-30T15:49:58.8709116Z C/C++:       |     ^
build	Build DaddyBoard (HeliBoard fork)	2026-09-30T15:49:58.8710080Z C/C++: /home/runner/work/daddyboard/daddyboard/daddyboard-main/app/src/main/jni/src/defines.h:289:8: note: expanded from macro 'DISALLOW_ASSIGNMENT_OPERATOR'
build	Build DaddyBoard (HeliBoard fork)	2026-09-30T15:49:58.8711197Z C/C++:   289 |   void operator=(const TypeName&) = delete
build	Build DaddyBoard (HeliBoard fork)	2026-09-30T15:49:58.8711667Z C/C++:       |        ^
build	Build DaddyBoard (HeliBoard fork)	2026-09-30T15:49:58.8712922Z C/C++: /home/runner/work/daddyboard/daddyboard/daddyboard-main/app/src/main/jni/src/suggest/core/dicnode/dic_node.h:110:53: note: in implicit copy constructor for 'latinime::IntArrayView' first required here
build	Build DaddyBoard (HeliBoard fork)	2026-09-30T15:49:58.8714593Z C/C++:   110 |         mDicNodeProperties.init(rootPtNodeArrayPos, prevWordIds);
build	Build DaddyBoard (HeliBoard fork)	2026-09-30T15:49:58.8715262Z C/C++:       |                                                     ^
build	Build DaddyBoard (HeliBoard fork)	2026-09-30T15:49:58.8716634Z C/C++: In file included from /home/runner/work/daddyboard/daddyboard/daddyboard-main/app/src/main/jni/src/dictionary/structure/backward/v402/ver4_patricia_trie_policy.cpp:39:
build	Build DaddyBoard (HeliBoard fork)	2026-09-30T15:49:58.8718370Z C/C++: In file included from /home/runner/work/daddyboard/daddyboard/daddyboard-main/app/src/main/jni/src/dictionary/utils/multi_bigram_map.h:27:
build	Build DaddyBoard (HeliBoard fork)	2026-09-30T15:49:58.8720669Z C/C++: /home/runner/work/daddyboard/daddyboard/daddyboard-main/app/src/main/jni/src/dictionary/utils/bloom_filter.h:47:5: warning: definition of implicit copy constructor for 'BloomFilter' is deprecated because it has a user-declared copy assignment operator [-Wdeprecated-copy]
build	Build DaddyBoard (HeliBoard fork)	2026-09-30T15:49:58.8722480Z C/C++:    47 |     DISALLOW_ASSIGNMENT_OPERATOR(BloomFilter);
build	Build DaddyBoard (HeliBoard fork)	2026-09-30T15:49:58.8723366Z C/C++:       |     ^
build	Build DaddyBoard (HeliBoard fork)	2026-09-30T15:49:58.8724505Z C/C++: /home/runner/work/daddyboard/daddyboard/daddyboard-main/app/src/main/jni/src/defines.h:289:8: note: expanded from macro 'DISALLOW_ASSIGNMENT_OPERATOR'
build	Build DaddyBoard (HeliBoard fork)	2026-09-30T15:49:58.8725713Z C/C++:   289 |   void operator=(const TypeName&) = delete
build	Build DaddyBoard (HeliBoard fork)	2026-09-30T15:49:58.8726210Z C/C++:       |        ^
build	Build DaddyBoard (HeliBoard fork)	2026-09-30T15:49:58.8727481Z C/C++: /home/runner/work/daddyboard/daddyboard/daddyboard-main/app/src/main/jni/src/dictionary/utils/multi_bigram_map.h:57:53: note: in implicit copy constructor for 'latinime::BloomFilter' first required here
build	Build DaddyBoard (HeliBoard fork)	2026-09-30T15:49:58.8729080Z C/C++:    57 |                 : mBigramMap(bigramMap.mBigramMap), mBloomFilter(bigramMap.mBloomFilter) {}
build	Build DaddyBoard (HeliBoard fork)	2026-09-30T15:49:58.8729882Z C/C++:       |                                                     ^
build	Build DaddyBoard (HeliBoard fork)	2026-09-30T15:49:58.9695436Z C/C++: In file included from /home/runner/work/daddyboard/daddyboard/daddyboard-main/app/src/main/jni/src/dictionary/structure/backward/v402/ver4_patricia_trie_policy.cpp:25:
build	Build DaddyBoard (HeliBoard fork)	2026-09-30T15:49:58.9697542Z C/C++: In file included from /home/runner/work/daddyboard/daddyboard/daddyboard-main/app/src/main/jni/src/dictionary/structure/backward/v402/ver4_patricia_trie_policy.h:32:
build	Build DaddyBoard (HeliBoard fork)	2026-09-30T15:49:58.9699486Z C/C++: In file included from /home/runner/work/daddyboard/daddyboard/daddyboard-main/app/src/main/jni/src/dictionary/interface/dictionary_structure_with_buffer_policy.h:25:
build	Build DaddyBoard (HeliBoard fork)	2026-09-30T15:49:58.9701249Z C/C++: In file included from /home/runner/work/daddyboard/daddyboard/daddyboard-main/app/src/main/jni/src/dictionary/property/word_property.h:23:
build	Build DaddyBoard (HeliBoard fork)	2026-09-30T15:49:58.9703622Z C/C++: /home/runner/work/daddyboard/daddyboard/daddyboard-main/app/src/main/jni/src/dictionary/property/ngram_property.h:54:5: warning: definition of implicit copy constructor for 'NgramProperty' is deprecated because it has a user-declared copy assignment operator [-Wdeprecated-copy]
build	Build DaddyBoard (HeliBoard fork)	2026-09-30T15:49:58.9705771Z C/C++:    54 |     DISALLOW_ASSIGNMENT_OPERATOR(NgramProperty);
build	Build DaddyBoard (HeliBoard fork)	2026-09-30T15:49:58.9706313Z C/C++:       |     ^
build	Build DaddyBoard (HeliBoard fork)	2026-09-30T15:49:58.9707313Z C/C++: /home/runner/work/daddyboard/daddyboard/daddyboard-main/app/src/main/jni/src/defines.h:289:8: note: expanded from macro 'DISALLOW_ASSIGNMENT_OPERATOR'
build	Build DaddyBoard (HeliBoard fork)	2026-09-30T15:49:58.9708940Z C/C++:   289 |   void operator=(const TypeName&) = delete
build	Build DaddyBoard (HeliBoard fork)	2026-09-30T15:49:58.9709407Z C/C++:       |        ^
build	Build DaddyBoard (HeliBoard fork)	2026-09-30T15:49:58.9710818Z C/C++: /usr/local/lib/android/sdk/ndk/28.0.13004108/toolchains/llvm/prebuilt/linux-x86_64/sysroot/usr/include/c++/v1/__memory/allocator.h:173:24: note: in implicit copy constructor for 'latinime::NgramProperty' first required here
build	Build DaddyBoard (HeliBoard fork)	2026-09-30T15:49:58.9712418Z C/C++:   173 |     ::new ((void*)__p) _Up(std::forward<_Args>(__args)...);
build	Build DaddyBoard (HeliBoard fork)	2026-09-30T15:49:58.9712960Z C/C++:       |                        ^
build	Build DaddyBoard (HeliBoard fork)	2026-09-30T15:49:58.9715133Z C/C++: /usr/local/lib/android/sdk/ndk/28.0.13004108/toolchains/llvm/prebuilt/linux-x86_64/sysroot/usr/include/c++/v1/__memory/allocator_traits.h:320:9: note: in instantiation of function template specialization 'std::allocator<latinime::NgramProperty>::construct<latinime::NgramProperty, latinime::NgramProperty &>' requested here
build	Build DaddyBoard (HeliBoard fork)	2026-09-30T15:49:58.9717363Z C/C++:   320 |     __a.construct(__p, std::forward<_Args>(__args)...);
build	Build DaddyBoard (HeliBoard fork)	2026-09-30T15:49:58.9717962Z C/C++:       |         ^
build	Build DaddyBoard (HeliBoard fork)	2026-09-30T15:49:58.9720008Z C/C++: /usr/local/lib/android/sdk/ndk/28.0.13004108/toolchains/llvm/prebuilt/linux-x86_64/sysroot/usr/include/c++/v1/__memory/uninitialized_algorithms.h:551:31: note: in instantiation of function template specialization 'std::allocator_traits<std::allocator<latinime::NgramProperty>>::construct<latinime::NgramProperty, latinime::NgramProperty &, 0>' requested here
build	Build DaddyBoard (HeliBoard fork)	2026-09-30T15:49:58.9722515Z C/C++:   551 |     allocator_traits<_Alloc>::construct(__alloc, std::__to_address(__first2), *__first1);
build	Build DaddyBoard (HeliBoard fork)	2026-09-30T15:49:58.9723309Z C/C++:       |                               ^
build	Build DaddyBoard (HeliBoard fork)	2026-09-30T15:49:58.9725858Z C/C++: /usr/local/lib/android/sdk/ndk/28.0.13004108/toolchains/llvm/prebuilt/linux-x86_64/sysroot/usr/include/c++/v1/__memory/uninitialized_algorithms.h:594:33: note: in instantiation of function template specialization 'std::__uninitialized_allocator_copy_impl<std::allocator<latinime::NgramProperty>, latinime::NgramProperty *, latinime::NgramProperty *, latinime::NgramProperty *>' requested here
build	Build DaddyBoard (HeliBoard fork)	2026-09-30T15:49:58.9728696Z C/C++:   594 |   auto __result          = std::__uninitialized_allocator_copy_impl(
build	Build DaddyBoard (HeliBoard fork)	2026-09-30T15:49:58.9729273Z C/C++:       |                                 ^
build	Build DaddyBoard (HeliBoard fork)	2026-09-30T15:49:58.9731441Z C/C++: /usr/local/lib/android/sdk/ndk/28.0.13004108/toolchains/llvm/prebuilt/linux-x86_64/sysroot/usr/include/c++/v1/vector:1100:22: note: in instantiation of function template specialization 'std::__uninitialized_allocator_copy<std::allocator<latinime::NgramProperty>, latinime::NgramProperty *, latinime::NgramProperty *, latinime::NgramProperty *>' requested here
build	Build DaddyBoard (HeliBoard fork)	2026-09-30T15:49:58.9733868Z C/C++:  1100 |   __tx.__pos_ = std::__uninitialized_allocator_copy(__alloc(), __first, __last, __tx.__pos_);
build	Build DaddyBoard (HeliBoard fork)	2026-09-30T15:49:58.9734815Z C/C++:       |                      ^
build	Build DaddyBoard (HeliBoard fork)	2026-09-30T15:49:58.9736828Z C/C++: /usr/local/lib/android/sdk/ndk/28.0.13004108/toolchains/llvm/prebuilt/linux-x86_64/sysroot/usr/include/c++/v1/vector:761:7: note: in instantiation of function template specialization 'std::vector<latinime::NgramProperty>::__construct_at_end<latinime::NgramProperty *, latinime::NgramProperty *>' requested here
build	Build DaddyBoard (HeliBoard fork)	2026-09-30T15:49:58.9738919Z C/C++:   761 |       __construct_at_end(__first, __last, __n);
build	Build DaddyBoard (HeliBoard fork)	2026-09-30T15:49:58.9739425Z C/C++:       |       ^
build	Build DaddyBoard (HeliBoard fork)	2026-09-30T15:49:58.9741148Z C/C++: /usr/local/lib/android/sdk/ndk/28.0.13004108/toolchains/llvm/prebuilt/linux-x86_64/sysroot/usr/include/c++/v1/vector:1213:3: note: in instantiation of function template specialization 'std::vector<latinime::NgramProperty>::__init_with_size<latinime::NgramProperty *, latinime::NgramProperty *>' requested here
build	Build DaddyBoard (HeliBoard fork)	2026-09-30T15:49:58.9743209Z C/C++:  1213 |   __init_with_size(__x.__begin_, __x.__end_, __x.size());
build	Build DaddyBoard (HeliBoard fork)	2026-09-30T15:49:58.9743789Z C/C++:       |   ^
build	Build DaddyBoard (HeliBoard fork)	2026-09-30T15:49:58.9745316Z C/C++: /home/runner/work/daddyboard/daddyboard/daddyboard-main/app/src/main/jni/src/dictionary/property/word_property.h:39:15: note: in instantiation of member function 'std::vector<latinime::NgramProperty>::vector' requested here
build	Build DaddyBoard (HeliBoard fork)	2026-09-30T15:49:58.9747038Z C/C++:    39 |               mNgrams(ngrams) {}
build	Build DaddyBoard (HeliBoard fork)	2026-09-30T15:49:58.9747497Z C/C++:       |               ^
build	Build DaddyBoard (HeliBoard fork)	2026-09-30T15:49:59.2693772Z C/C++: 7 warnings generated.
build	Build DaddyBoard (HeliBoard fork)	2026-09-30T15:49:59.8695092Z C/C++: In file included from /home/runner/work/daddyboard/daddyboard/daddyboard-main/app/src/main/jni/src/dictionary/structure/backward/v402/ver4_patricia_trie_writing_helper.cpp:24:
build	Build DaddyBoard (HeliBoard fork)	2026-09-30T15:49:59.8697263Z C/C++: In file included from /home/runner/work/daddyboard/daddyboard/daddyboard-main/app/src/main/jni/src/dictionary/structure/backward/v402/ver4_patricia_trie_writing_helper.h:30:
build	Build DaddyBoard (HeliBoard fork)	2026-09-30T15:49:59.8699732Z C/C++: /home/runner/work/daddyboard/daddyboard/daddyboard-main/app/src/main/jni/src/dictionary/utils/entry_counters.h:44:5: warning: definition of implicit copy constructor for 'EntryCounts' is deprecated because it has a user-declared copy assignment operator [-Wdeprecated-copy]
build	Build DaddyBoard (HeliBoard fork)	2026-09-30T15:49:59.8701681Z C/C++:    44 |     DISALLOW_ASSIGNMENT_OPERATOR(EntryCounts);
build	Build DaddyBoard (HeliBoard fork)	2026-09-30T15:49:59.8702194Z C/C++:       |     ^
build	Build DaddyBoard (HeliBoard fork)	2026-09-30T15:49:59.8703200Z C/C++: /home/runner/work/daddyboard/daddyboard/daddyboard-main/app/src/main/jni/src/defines.h:289:8: note: expanded from macro 'DISALLOW_ASSIGNMENT_OPERATOR'
build	Build DaddyBoard (HeliBoard fork)	2026-09-30T15:49:59.8704616Z C/C++:   289 |   void operator=(const TypeName&) = delete
build	Build DaddyBoard (HeliBoard fork)	2026-09-30T15:49:59.8705133Z C/C++:       |        ^
build	Build DaddyBoard (HeliBoard fork)	2026-09-30T15:49:59.8706481Z C/C++: /home/runner/work/daddyboard/daddyboard/daddyboard-main/app/src/main/jni/src/dictionary/header/header_policy.h:92:15: note: in implicit copy constructor for 'latinime::EntryCounts' first required here
build	Build DaddyBoard (HeliBoard fork)	2026-09-30T15:49:59.8707874Z C/C++:    92 |               mNgramCounts(headerPolicy->mNgramCounts),
build	Build DaddyBoard (HeliBoard fork)	2026-09-30T15:49:59.8708864Z C/C++:       |               ^
build	Build DaddyBoard (HeliBoard fork)	2026-09-30T15:49:59.8709988Z C/C++: In file included from /home/runner/work/daddyboard/daddyboard/daddyboard-main/app/src/main/jni/src/dictionary/structure/backward/v402/ver4_patricia_trie_writing_helper.cpp:30:
build	Build DaddyBoard (HeliBoard fork)	2026-09-30T15:49:59.8711978Z C/C++: In file included from /home/runner/work/daddyboard/daddyboard/daddyboard-main/app/src/main/jni/src/dictionary/structure/backward/v402/bigram/ver4_bigram_list_policy.h:30:
build	Build DaddyBoard (HeliBoard fork)	2026-09-30T15:49:59.8713849Z C/C++: In file included from /home/runner/work/daddyboard/daddyboard/daddyboard-main/app/src/main/jni/src/dictionary/structure/backward/v402/content/bigram_entry.h:28:
build	Build DaddyBoard (HeliBoard fork)	2026-09-30T15:49:59.8716617Z C/C++: /home/runner/work/daddyboard/daddyboard/daddyboard-main/app/src/main/jni/src/dictionary/property/historical_info.h:52:5: warning: definition of implicit copy constructor for 'HistoricalInfo' is deprecated because it has a user-declared copy assignment operator [-Wdeprecated-copy]
build	Build DaddyBoard (HeliBoard fork)	2026-09-30T15:49:59.8718533Z C/C++:    52 |     DISALLOW_ASSIGNMENT_OPERATOR(HistoricalInfo);
build	Build DaddyBoard (HeliBoard fork)	2026-09-30T15:49:59.8719042Z C/C++:       |     ^
build	Build DaddyBoard (HeliBoard fork)	2026-09-30T15:49:59.8720076Z C/C++: /home/runner/work/daddyboard/daddyboard/daddyboard-main/app/src/main/jni/src/defines.h:289:8: note: expanded from macro 'DISALLOW_ASSIGNMENT_OPERATOR'
build	Build DaddyBoard (HeliBoard fork)	2026-09-30T15:49:59.8721223Z C/C++:   289 |   void operator=(const TypeName&) = delete
build	Build DaddyBoard (HeliBoard fork)	2026-09-30T15:49:59.8721687Z C/C++:       |        ^
build	Build DaddyBoard (HeliBoard fork)	2026-09-30T15:49:59.8723034Z C/C++: /home/runner/work/daddyboard/daddyboard/daddyboard-main/app/src/main/jni/src/dictionary/structure/backward/v402/content/bigram_entry.h:49:61: note: in implicit copy constructor for 'latinime::HistoricalInfo' first required here
build	Build DaddyBoard (HeliBoard fork)	2026-09-30T15:49:59.8724933Z C/C++:    49 |             : mHasNext(hasNext), mProbability(probability), mHistoricalInfo(*historicalInfo),
build	Build DaddyBoard (HeliBoard fork)	2026-09-30T15:49:59.8725705Z C/C++:       |                                                             ^
build	Build DaddyBoard (HeliBoard fork)	2026-09-30T15:49:59.8726948Z C/C++: In file included from /home/runner/work/daddyboard/daddyboard/daddyboard-main/app/src/main/jni/src/dictionary/structure/backward/v402/ver4_patricia_trie_writing_helper.cpp:24:
build	Build DaddyBoard (HeliBoard fork)	2026-09-30T15:49:59.8728899Z C/C++: In file included from /home/runner/work/daddyboard/daddyboard/daddyboard-main/app/src/main/jni/src/dictionary/structure/backward/v402/ver4_patricia_trie_writing_helper.h:28:
build	Build DaddyBoard (HeliBoard fork)	2026-09-30T15:49:59.8731161Z C/C++: In file included from /home/runner/work/daddyboard/daddyboard/daddyboard-main/app/src/main/jni/src/dictionary/structure/pt_common/dynamic_pt_gc_event_listeners.h:25:
build	Build DaddyBoard (HeliBoard fork)	2026-09-30T15:49:59.8733019Z C/C++: In file included from /home/runner/work/daddyboard/daddyboard/daddyboard-main/app/src/main/jni/src/dictionary/utils/buffer_with_extendable_buffer.h:26:
build	Build DaddyBoard (HeliBoard fork)	2026-09-30T15:49:59.8735657Z C/C++: /home/runner/work/daddyboard/daddyboard/daddyboard-main/app/src/main/jni/src/utils/byte_array_view.h:53:5: warning: definition of implicit copy constructor for 'ReadOnlyByteArrayView' is deprecated because it has a user-declared copy assignment operator [-Wdeprecated-copy]
build	Build DaddyBoard (HeliBoard fork)	2026-09-30T15:49:59.8737530Z C/C++:    53 |     DISALLOW_ASSIGNMENT_OPERATOR(ReadOnlyByteArrayView);
build	Build DaddyBoard (HeliBoard fork)	2026-09-30T15:49:59.8738070Z C/C++:       |     ^
build	Build DaddyBoard (HeliBoard fork)	2026-09-30T15:49:59.8738977Z C/C++: /home/runner/work/daddyboard/daddyboard/daddyboard-main/app/src/main/jni/src/defines.h:289:8: note: expanded from macro 'DISALLOW_ASSIGNMENT_OPERATOR'
build	Build DaddyBoard (HeliBoard fork)	2026-09-30T15:49:59.8740100Z C/C++:   289 |   void operator=(const TypeName&) = delete
build	Build DaddyBoard (HeliBoard fork)	2026-09-30T15:49:59.8740545Z C/C++:       |        ^
build	Build DaddyBoard (HeliBoard fork)	2026-09-30T15:49:59.8742041Z C/C++: /home/runner/work/daddyboard/daddyboard/daddyboard-main/app/src/main/jni/src/dictionary/structure/pt_common/shortcut/shortcut_list_reading_utils.h:52:75: note: in implicit copy constructor for 'latinime::ReadOnlyByteArrayView' first required here
build	Build DaddyBoard (HeliBoard fork)	2026-09-30T15:49:59.8743912Z C/C++:    52 |         const int shortcutListSize = getShortcutListSizeAndForwardPointer(buffer, pos);
build	Build DaddyBoard (HeliBoard fork)	2026-09-30T15:49:59.8744863Z C/C++:       |                                                                           ^
build	Build DaddyBoard (HeliBoard fork)	2026-09-30T15:49:59.8746480Z C/C++: In file included from /home/runner/work/daddyboard/daddyboard/daddyboard-main/app/src/main/jni/src/dictionary/structure/backward/v402/ver4_patricia_trie_writing_helper.cpp:24:
build	Build DaddyBoard (HeliBoard fork)	2026-09-30T15:49:59.8748495Z C/C++: In file included from /home/runner/work/daddyboard/daddyboard/daddyboard-main/app/src/main/jni/src/dictionary/structure/backward/v402/ver4_patricia_trie_writing_helper.h:28:
build	Build DaddyBoard (HeliBoard fork)	2026-09-30T15:49:59.8750488Z C/C++: In file included from /home/runner/work/daddyboard/daddyboard/daddyboard-main/app/src/main/jni/src/dictionary/structure/pt_common/dynamic_pt_gc_event_listeners.h:23:
build	Build DaddyBoard (HeliBoard fork)	2026-09-30T15:49:59.8752319Z C/C++: In file included from /home/runner/work/daddyboard/daddyboard/daddyboard-main/app/src/main/jni/src/dictionary/structure/pt_common/dynamic_pt_reading_helper.h:24:
build	Build DaddyBoard (HeliBoard fork)	2026-09-30T15:49:59.8754108Z C/C++: In file included from /home/runner/work/daddyboard/daddyboard/daddyboard-main/app/src/main/jni/src/dictionary/structure/pt_common/pt_node_params.h:27:
build	Build DaddyBoard (HeliBoard fork)	2026-09-30T15:49:59.8756583Z C/C++: /home/runner/work/daddyboard/daddyboard/daddyboard-main/app/src/main/jni/src/utils/int_array_view.h:160:5: warning: definition of implicit copy constructor for 'IntArrayView' is deprecated because it has a user-declared copy assignment operator [-Wdeprecated-copy]
build	Build DaddyBoard (HeliBoard fork)	2026-09-30T15:49:59.8758384Z C/C++:   160 |     DISALLOW_ASSIGNMENT_OPERATOR(IntArrayView);
build	Build DaddyBoard (HeliBoard fork)	2026-09-30T15:49:59.8758920Z C/C++:       |     ^
build	Build DaddyBoard (HeliBoard fork)	2026-09-30T15:49:59.8759930Z C/C++: /home/runner/work/daddyboard/daddyboard/daddyboard-main/app/src/main/jni/src/defines.h:289:8: note: expanded from macro 'DISALLOW_ASSIGNMENT_OPERATOR'
build	Build DaddyBoard (HeliBoard fork)	2026-09-30T15:49:59.8761032Z C/C++:   289 |   void operator=(const TypeName&) = delete
build	Build DaddyBoard (HeliBoard fork)	2026-09-30T15:49:59.8761497Z C/C++:       |        ^
build	Build DaddyBoard (HeliBoard fork)	2026-09-30T15:49:59.8762772Z C/C++: /usr/local/lib/android/sdk/ndk/28.0.13004108/toolchains/llvm/prebuilt/linux-x86_64/sysroot/usr/include/c++/v1/__memory/allocator.h:173:24: note: in implicit copy constructor for 'latinime::IntArrayView' first required here
build	Build DaddyBoard (HeliBoard fork)	2026-09-30T15:49:59.8764271Z C/C++:   173 |     ::new ((void*)__p) _Up(std::forward<_Args>(__args)...);
build	Build DaddyBoard (HeliBoard fork)	2026-09-30T15:49:59.8764985Z C/C++:       |                        ^
build	Build DaddyBoard (HeliBoard fork)	2026-09-30T15:49:59.8766858Z C/C++: /usr/local/lib/android/sdk/ndk/28.0.13004108/toolchains/llvm/prebuilt/linux-x86_64/sysroot/usr/include/c++/v1/__memory/allocator_traits.h:320:9: note: in instantiation of function template specialization 'std::allocator<latinime::IntArrayView>::construct<latinime::IntArrayView, latinime::IntArrayView>' requested here
build	Build DaddyBoard (HeliBoard fork)	2026-09-30T15:49:59.8769247Z C/C++:   320 |     __a.construct(__p, std::forward<_Args>(__args)...);
build	Build DaddyBoard (HeliBoard fork)	2026-09-30T15:49:59.8769771Z C/C++:       |         ^
build	Build DaddyBoard (HeliBoard fork)	2026-09-30T15:49:59.8771754Z C/C++: /usr/local/lib/android/sdk/ndk/28.0.13004108/toolchains/llvm/prebuilt/linux-x86_64/sysroot/usr/include/c++/v1/__memory/uninitialized_algorithms.h:639:33: note: in instantiation of function template specialization 'std::allocator_traits<std::allocator<latinime::IntArrayView>>::construct<latinime::IntArrayView, latinime::IntArrayView, 0>' requested here
build	Build DaddyBoard (HeliBoard fork)	2026-09-30T15:49:59.8774085Z C/C++:   639 |       allocator_traits<_Alloc>::construct(__alloc, __result, std::move(*__iter));
build	Build DaddyBoard (HeliBoard fork)	2026-09-30T15:49:59.8774930Z C/C++:       |                                 ^
build	Build DaddyBoard (HeliBoard fork)	2026-09-30T15:49:59.8776471Z C/C++: /usr/local/lib/android/sdk/ndk/28.0.13004108/toolchains/llvm/prebuilt/linux-x86_64/sysroot/usr/include/c++/v1/vector:1511:3: note: in instantiation of member function 'std::vector<latinime::IntArrayView>::__swap_out_circular_buffer' requested here
build	Build DaddyBoard (HeliBoard fork)	2026-09-30T15:49:59.8778080Z C/C++:  1511 |   __swap_out_circular_buffer(__v);
build	Build DaddyBoard (HeliBoard fork)	2026-09-30T15:49:59.8778515Z C/C++:       |   ^
build	Build DaddyBoard (HeliBoard fork)	2026-09-30T15:49:59.8780239Z C/C++: /usr/local/lib/android/sdk/ndk/28.0.13004108/toolchains/llvm/prebuilt/linux-x86_64/sysroot/usr/include/c++/v1/vector:1529:13: note: in instantiation of function template specialization 'std::vector<latinime::IntArrayView>::__emplace_back_slow_path<const int *const &, const unsigned long &>' requested here
build	Build DaddyBoard (HeliBoard fork)	2026-09-30T15:49:59.8782497Z C/C++:  1529 |     __end = __emplace_back_slow_path(std::forward<_Args>(__args)...);
build	Build DaddyBoard (HeliBoard fork)	2026-09-30T15:49:59.8783094Z C/C++:       |             ^
build	Build DaddyBoard (HeliBoard fork)	2026-09-30T15:49:59.8784986Z C/C++: /home/runner/work/daddyboard/daddyboard/daddyboard-main/app/src/main/jni/src/utils/int_array_view.h:142:20: note: in instantiation of function template specialization 'std::vector<latinime::IntArrayView>::emplace_back<const int *const &, const unsigned long &>' requested here
build	Build DaddyBoard (HeliBoard fork)	2026-09-30T15:49:59.8786850Z C/C++:   142 |             result.emplace_back(mPtr, mSize);
build	Build DaddyBoard (HeliBoard fork)	2026-09-30T15:49:59.8787337Z C/C++:       |                    ^
build	Build DaddyBoard (HeliBoard fork)	2026-09-30T15:49:59.9695019Z C/C++: In file included from /home/runner/work/daddyboard/daddyboard/daddyboard-main/app/src/main/jni/src/dictionary/structure/backward/v402/ver4_patricia_trie_writing_helper.cpp:24:
build	Build DaddyBoard (HeliBoard fork)	2026-09-30T15:49:59.9698010Z C/C++: /home/runner/work/daddyboard/daddyboard/daddyboard-main/app/src/main/jni/src/dictionary/structure/backward/v402/ver4_patricia_trie_writing_helper.h:122:9: warning: definition of implicit copy constructor for 'DictProbabilityComparator' is deprecated because it has a user-declared copy assignment operator [-Wdeprecated-copy]
build	Build DaddyBoard (HeliBoard fork)	2026-09-30T15:49:59.9700430Z C/C++:   122 |         DISALLOW_ASSIGNMENT_OPERATOR(DictProbabilityComparator);
build	Build DaddyBoard (HeliBoard fork)	2026-09-30T15:49:59.9701107Z C/C++:       |         ^
build	Build DaddyBoard (HeliBoard fork)	2026-09-30T15:49:59.9702105Z C/C++: /home/runner/work/daddyboard/daddyboard/daddyboard-main/app/src/main/jni/src/defines.h:289:8: note: expanded from macro 'DISALLOW_ASSIGNMENT_OPERATOR'
build	Build DaddyBoard (HeliBoard fork)	2026-09-30T15:49:59.9703321Z C/C++:   289 |   void operator=(const TypeName&) = delete
build	Build DaddyBoard (HeliBoard fork)	2026-09-30T15:49:59.9703820Z C/C++:       |        ^
build	Build DaddyBoard (HeliBoard fork)	2026-09-30T15:49:59.9705653Z C/C++: /usr/local/lib/android/sdk/ndk/28.0.13004108/toolchains/llvm/prebuilt/linux-x86_64/sysroot/usr/include/c++/v1/queue:906:38: note: in implicit copy constructor for 'latinime::backward::v402::Ver4PatriciaTrieWritingHelper::DictProbabilityComparator' first required here
build	Build DaddyBoard (HeliBoard fork)	2026-09-30T15:49:59.9707512Z C/C++:   906 |   std::push_heap(c.begin(), c.end(), comp);
build	Build DaddyBoard (HeliBoard fork)	2026-09-30T15:49:59.9708021Z C/C++:       |                                      ^
build	Build DaddyBoard (HeliBoard fork)	2026-09-30T15:49:59.9711060Z C/C++: /home/runner/work/daddyboard/daddyboard/daddyboard-main/app/src/main/jni/src/dictionary/structure/backward/v402/ver4_patricia_trie_writing_helper.cpp:221:23: note: in instantiation of member function 'std::priority_queue<latinime::backward::v402::Ver4PatriciaTrieWritingHelper::DictProbability, std::vector<latinime::backward::v402::Ver4PatriciaTrieWritingHelper::DictProbability>, latinime::backward::v402::Ver4PatriciaTrieWritingHelper::DictProbabilityComparator>::push' requested here
build	Build DaddyBoard (HeliBoard fork)	2026-09-30T15:49:59.9738128Z C/C++:   221 |         priorityQueue.push(DictProbability(terminalPos, probability,
build	Build DaddyBoard (HeliBoard fork)	2026-09-30T15:49:59.9738613Z C/C++:       |                       ^
build	Build DaddyBoard (HeliBoard fork)	2026-09-30T15:50:00.0693844Z C/C++: 5 warnings generated.
build	Build DaddyBoard (HeliBoard fork)	2026-09-30T15:50:00.5695093Z C/C++: In file included from /home/runner/work/daddyboard/daddyboard/daddyboard-main/app/src/main/jni/src/dictionary/structure/backward/v402/content/bigram_dict_content.cpp:24:
build	Build DaddyBoard (HeliBoard fork)	2026-09-30T15:50:00.5697347Z C/C++: In file included from /home/runner/work/daddyboard/daddyboard/daddyboard-main/app/src/main/jni/src/dictionary/structure/backward/v402/content/bigram_dict_content.h:28:
build	Build DaddyBoard (HeliBoard fork)	2026-09-30T15:50:00.5699394Z C/C++: In file included from /home/runner/work/daddyboard/daddyboard/daddyboard-main/app/src/main/jni/src/dictionary/structure/backward/v402/content/bigram_entry.h:28:
build	Build DaddyBoard (HeliBoard fork)	2026-09-30T15:50:00.5702018Z C/C++: /home/runner/work/daddyboard/daddyboard/daddyboard-main/app/src/main/jni/src/dictionary/property/historical_info.h:52:5: warning: definition of implicit copy constructor for 'HistoricalInfo' is deprecated because it has a user-declared copy assignment operator [-Wdeprecated-copy]
build	Build DaddyBoard (HeliBoard fork)	2026-09-30T15:50:00.5704026Z C/C++:    52 |     DISALLOW_ASSIGNMENT_OPERATOR(HistoricalInfo);
build	Build DaddyBoard (HeliBoard fork)	2026-09-30T15:50:00.5704853Z C/C++:       |     ^
build	Build DaddyBoard (HeliBoard fork)	2026-09-30T15:50:00.5705795Z C/C++: /home/runner/work/daddyboard/daddyboard/daddyboard-main/app/src/main/jni/src/defines.h:289:8: note: expanded from macro 'DISALLOW_ASSIGNMENT_OPERATOR'
build	Build DaddyBoard (HeliBoard fork)	2026-09-30T15:50:00.5707360Z C/C++:   289 |   void operator=(const TypeName&) = delete
build	Build DaddyBoard (HeliBoard fork)	2026-09-30T15:50:00.5707823Z C/C++:       |        ^
build	Build DaddyBoard (HeliBoard fork)	2026-09-30T15:50:00.5709288Z C/C++: /home/runner/work/daddyboard/daddyboard/daddyboard-main/app/src/main/jni/src/dictionary/structure/backward/v402/content/bigram_entry.h:49:61: note: in implicit copy constructor for 'latinime::HistoricalInfo' first required here
build	Build DaddyBoard (HeliBoard fork)	2026-09-30T15:50:00.5711162Z C/C++:    49 |             : mHasNext(hasNext), mProbability(probability), mHistoricalInfo(*historicalInfo),
build	Build DaddyBoard (HeliBoard fork)	2026-09-30T15:50:00.5711962Z C/C++:       |                                                             ^
build	Build DaddyBoard (HeliBoard fork)	2026-09-30T15:50:01.0693927Z C/C++: 1 warning generated.
build	Build DaddyBoard (HeliBoard fork)	2026-09-30T15:50:01.5695450Z C/C++: In file included from /home/runner/work/daddyboard/daddyboard/daddyboard-main/app/src/main/jni/src/dictionary/structure/backward/v402/content/probability_dict_content.cpp:26:
build	Build DaddyBoard (HeliBoard fork)	2026-09-30T15:50:01.5697632Z C/C++: In file included from /home/runner/work/daddyboard/daddyboard/daddyboard-main/app/src/main/jni/src/dictionary/structure/backward/v402/content/probability_entry.h:28:
build	Build DaddyBoard (HeliBoard fork)	2026-09-30T15:50:01.5700079Z C/C++: /home/runner/work/daddyboard/daddyboard/daddyboard-main/app/src/main/jni/src/dictionary/property/historical_info.h:52:5: warning: definition of implicit copy constructor for 'HistoricalInfo' is deprecated because it has a user-declared copy assignment operator [-Wdeprecated-copy]
build	Build DaddyBoard (HeliBoard fork)	2026-09-30T15:50:01.5702107Z C/C++:    52 |     DISALLOW_ASSIGNMENT_OPERATOR(HistoricalInfo);
build	Build DaddyBoard (HeliBoard fork)	2026-09-30T15:50:01.5702697Z C/C++:       |     ^
build	Build DaddyBoard (HeliBoard fork)	2026-09-30T15:50:01.5703758Z C/C++: /home/runner/work/daddyboard/daddyboard/daddyboard-main/app/src/main/jni/src/defines.h:289:8: note: expanded from macro 'DISALLOW_ASSIGNMENT_OPERATOR'
build	Build DaddyBoard (HeliBoard fork)	2026-09-30T15:50:01.5705236Z C/C++:   289 |   void operator=(const TypeName&) = delete
build	Build DaddyBoard (HeliBoard fork)	2026-09-30T15:50:01.5705725Z C/C++:       |        ^
build	Build DaddyBoard (HeliBoard fork)	2026-09-30T15:50:01.5707220Z C/C++: /home/runner/work/daddyboard/daddyboard/daddyboard-main/app/src/main/jni/src/dictionary/structure/backward/v402/content/probability_entry.h:39:15: note: in implicit copy constructor for 'latinime::HistoricalInfo' first required here
build	Build DaddyBoard (HeliBoard fork)	2026-09-30T15:50:01.5708865Z C/C++:    39 |               mHistoricalInfo(probabilityEntry.mHistoricalInfo) {}
build	Build DaddyBoard (HeliBoard fork)	2026-09-30T15:50:01.5709659Z C/C++:       |               ^
build	Build DaddyBoard (HeliBoard fork)	2026-09-30T15:50:01.6693345Z C/C++: 1 warning generated.
build	Build DaddyBoard (HeliBoard fork)	2026-09-30T15:50:03.1695048Z C/C++: /home/runner/work/daddyboard/daddyboard/daddyboard-main/app/src/main/jni/src/dictionary/structure/backward/v402/content/terminal_position_lookup_table.cpp:85:9: warning: variable 'removedEntryCount' set but not used [-Wunused-but-set-variable]
build	Build DaddyBoard (HeliBoard fork)	2026-09-30T15:50:03.1696303Z C/C++:    85 |     int removedEntryCount = 0;
build	Build DaddyBoard (HeliBoard fork)	2026-09-30T15:50:03.1696636Z C/C++:       |         ^
build	Build DaddyBoard (HeliBoard fork)	2026-09-30T15:50:03.2693955Z C/C++: 1 warning generated.
build	Build DaddyBoard (HeliBoard fork)	2026-09-30T15:50:03.2695577Z C/C++: In file included from /home/runner/work/daddyboard/daddyboard/daddyboard-main/app/src/main/jni/src/dictionary/structure/backward/v402/bigram/ver4_bigram_list_policy.cpp:25:
build	Build DaddyBoard (HeliBoard fork)	2026-09-30T15:50:03.2696980Z C/C++: In file included from /home/runner/work/daddyboard/daddyboard/daddyboard-main/app/src/main/jni/src/dictionary/structure/backward/v402/bigram/ver4_bigram_list_policy.h:30:
build	Build DaddyBoard (HeliBoard fork)	2026-09-30T15:50:03.2698297Z C/C++: In file included from /home/runner/work/daddyboard/daddyboard/daddyboard-main/app/src/main/jni/src/dictionary/structure/backward/v402/content/bigram_entry.h:28:
build	Build DaddyBoard (HeliBoard fork)	2026-09-30T15:50:03.2700004Z C/C++: /home/runner/work/daddyboard/daddyboard/daddyboard-main/app/src/main/jni/src/dictionary/property/historical_info.h:52:5: warning: definition of implicit copy constructor for 'HistoricalInfo' is deprecated because it has a user-declared copy assignment operator [-Wdeprecated-copy]
build	Build DaddyBoard (HeliBoard fork)	2026-09-30T15:50:03.2701345Z C/C++:    52 |     DISALLOW_ASSIGNMENT_OPERATOR(HistoricalInfo);
build	Build DaddyBoard (HeliBoard fork)	2026-09-30T15:50:03.2701715Z C/C++:       |     ^
build	Build DaddyBoard (HeliBoard fork)	2026-09-30T15:50:03.2702398Z C/C++: /home/runner/work/daddyboard/daddyboard/daddyboard-main/app/src/main/jni/src/defines.h:289:8: note: expanded from macro 'DISALLOW_ASSIGNMENT_OPERATOR'
build	Build DaddyBoard (HeliBoard fork)	2026-09-30T15:50:03.2703514Z C/C++:   289 |   void operator=(const TypeName&) = delete
build	Build DaddyBoard (HeliBoard fork)	2026-09-30T15:50:03.2703865Z C/C++:       |        ^
build	Build DaddyBoard (HeliBoard fork)	2026-09-30T15:50:03.2705083Z C/C++: /home/runner/work/daddyboard/daddyboard/daddyboard-main/app/src/main/jni/src/dictionary/structure/backward/v402/content/bigram_entry.h:49:61: note: in implicit copy constructor for 'latinime::HistoricalInfo' first required here
build	Build DaddyBoard (HeliBoard fork)	2026-09-30T15:50:03.2706320Z C/C++:    49 |             : mHasNext(hasNext), mProbability(probability), mHistoricalInfo(*historicalInfo),
build	Build DaddyBoard (HeliBoard fork)	2026-09-30T15:50:03.2706885Z C/C++:       |                                                             ^
build	Build DaddyBoard (HeliBoard fork)	2026-09-30T15:50:03.7694882Z C/C++: In file included from /home/runner/work/daddyboard/daddyboard/daddyboard-main/app/src/main/jni/src/dictionary/structure/backward/v402/bigram/ver4_bigram_list_policy.cpp:27:
build	Build DaddyBoard (HeliBoard fork)	2026-09-30T15:50:03.7697025Z C/C++: In file included from /home/runner/work/daddyboard/daddyboard/daddyboard-main/app/src/main/jni/src/dictionary/header/header_policy.h:25:
build	Build DaddyBoard (HeliBoard fork)	2026-09-30T15:50:03.7698908Z C/C++: /home/runner/work/daddyboard/daddyboard/daddyboard-main/app/src/main/jni/src/dictionary/utils/entry_counters.h:44:5: warning: definition of implicit copy constructor for 'EntryCounts' is deprecated because it has a user-declared copy assignment operator [-Wdeprecated-copy]
build	Build DaddyBoard (HeliBoard fork)	2026-09-30T15:50:03.7700000Z C/C++:    44 |     DISALLOW_ASSIGNMENT_OPERATOR(EntryCounts);
build	Build DaddyBoard (HeliBoard fork)	2026-09-30T15:50:03.7700301Z C/C++:       |     ^
build	Build DaddyBoard (HeliBoard fork)	2026-09-30T15:50:03.7700878Z C/C++: /home/runner/work/daddyboard/daddyboard/daddyboard-main/app/src/main/jni/src/defines.h:289:8: note: expanded from macro 'DISALLOW_ASSIGNMENT_OPERATOR'
build	Build DaddyBoard (HeliBoard fork)	2026-09-30T15:50:03.7701541Z C/C++:   289 |   void operator=(const TypeName&) = delete
build	Build DaddyBoard (HeliBoard fork)	2026-09-30T15:50:03.7701832Z C/C++:       |        ^
build	Build DaddyBoard (HeliBoard fork)	2026-09-30T15:50:03.7702586Z C/C++: /home/runner/work/daddyboard/daddyboard/daddyboard-main/app/src/main/jni/src/dictionary/header/header_policy.h:92:15: note: in implicit copy constructor for 'latinime::EntryCounts' first required here
build	Build DaddyBoard (HeliBoard fork)	2026-09-30T15:50:03.7703410Z C/C++:    92 |               mNgramCounts(headerPolicy->mNgramCounts),
build	Build DaddyBoard (HeliBoard fork)	2026-09-30T15:50:03.7703724Z C/C++:       |               ^
build	Build DaddyBoard (HeliBoard fork)	2026-09-30T15:50:03.8702504Z C/C++: In file included from /home/runner/work/daddyboard/daddyboard/daddyboard-main/app/src/main/jni/src/dictionary/structure/backward/v402/bigram/ver4_bigram_list_policy.cpp:28:
build	Build DaddyBoard (HeliBoard fork)	2026-09-30T15:50:03.8705229Z C/C++: In file included from /home/runner/work/daddyboard/daddyboard/daddyboard-main/app/src/main/jni/src/dictionary/property/ngram_property.h:24:
build	Build DaddyBoard (HeliBoard fork)	2026-09-30T15:50:03.8707217Z C/C++: In file included from /home/runner/work/daddyboard/daddyboard/daddyboard-main/app/src/main/jni/src/dictionary/property/ngram_context.h:23:
build	Build DaddyBoard (HeliBoard fork)	2026-09-30T15:50:03.8709814Z C/C++: /home/runner/work/daddyboard/daddyboard/daddyboard-main/app/src/main/jni/src/utils/int_array_view.h:160:5: warning: definition of implicit copy constructor for 'IntArrayView' is deprecated because it has a user-declared copy assignment operator [-Wdeprecated-copy]
build	Build DaddyBoard (HeliBoard fork)	2026-09-30T15:50:03.8711935Z C/C++:   160 |     DISALLOW_ASSIGNMENT_OPERATOR(IntArrayView);
build	Build DaddyBoard (HeliBoard fork)	2026-09-30T15:50:03.8712592Z C/C++:       |     ^
build	Build DaddyBoard (HeliBoard fork)	2026-09-30T15:50:03.8713724Z C/C++: /home/runner/work/daddyboard/daddyboard/daddyboard-main/app/src/main/jni/src/defines.h:289:8: note: expanded from macro 'DISALLOW_ASSIGNMENT_OPERATOR'
build	Build DaddyBoard (HeliBoard fork)	2026-09-30T15:50:03.8715152Z C/C++:   289 |   void operator=(const TypeName&) = delete
build	Build DaddyBoard (HeliBoard fork)	2026-09-30T15:50:03.8715728Z C/C++:       |        ^
build	Build DaddyBoard (HeliBoard fork)	2026-09-30T15:50:03.8717269Z C/C++: /usr/local/lib/android/sdk/ndk/28.0.13004108/toolchains/llvm/prebuilt/linux-x86_64/sysroot/usr/include/c++/v1/__memory/allocator.h:173:24: note: in implicit copy constructor for 'latinime::IntArrayView' first required here
build	Build DaddyBoard (HeliBoard fork)	2026-09-30T15:50:03.8718503Z C/C++:   173 |     ::new ((void*)__p) _Up(std::forward<_Args>(__args)...);
build	Build DaddyBoard (HeliBoard fork)	2026-09-30T15:50:03.8718839Z C/C++:       |                        ^
build	Build DaddyBoard (HeliBoard fork)	2026-09-30T15:50:03.8720312Z C/C++: /usr/local/lib/android/sdk/ndk/28.0.13004108/toolchains/llvm/prebuilt/linux-x86_64/sysroot/usr/include/c++/v1/__memory/allocator_traits.h:320:9: note: in instantiation of function template specialization 'std::allocator<latinime::IntArrayView>::construct<latinime::IntArrayView, latinime::IntArrayView>' requested here
build	Build DaddyBoard (HeliBoard fork)	2026-09-30T15:50:03.8721479Z C/C++:   320 |     __a.construct(__p, std::forward<_Args>(__args)...);
build	Build DaddyBoard (HeliBoard fork)	2026-09-30T15:50:03.8721807Z C/C++:       |         ^
build	Build DaddyBoard (HeliBoard fork)	2026-09-30T15:50:03.8722978Z C/C++: /usr/local/lib/android/sdk/ndk/28.0.13004108/toolchains/llvm/prebuilt/linux-x86_64/sysroot/usr/include/c++/v1/__memory/uninitialized_algorithms.h:639:33: note: in instantiation of function template specialization 'std::allocator_traits<std::allocator<latinime::IntArrayView>>::construct<latinime::IntArrayView, latinime::IntArrayView, 0>' requested here
build	Build DaddyBoard (HeliBoard fork)	2026-09-30T15:50:03.8724481Z C/C++:   639 |       allocator_traits<_Alloc>::construct(__alloc, __result, std::move(*__iter));
build	Build DaddyBoard (HeliBoard fork)	2026-09-30T15:50:03.8725085Z C/C++:       |                                 ^
build	Build DaddyBoard (HeliBoard fork)	2026-09-30T15:50:03.8725968Z C/C++: /usr/local/lib/android/sdk/ndk/28.0.13004108/toolchains/llvm/prebuilt/linux-x86_64/sysroot/usr/include/c++/v1/vector:1511:3: note: in instantiation of member function 'std::vector<latinime::IntArrayView>::__swap_out_circular_buffer' requested here
build	Build DaddyBoard (HeliBoard fork)	2026-09-30T15:50:03.8726875Z C/C++:  1511 |   __swap_out_circular_buffer(__v);
build	Build DaddyBoard (HeliBoard fork)	2026-09-30T15:50:03.8727150Z C/C++:       |   ^
build	Build DaddyBoard (HeliBoard fork)	2026-09-30T15:50:03.8728160Z C/C++: /usr/local/lib/android/sdk/ndk/28.0.13004108/toolchains/llvm/prebuilt/linux-x86_64/sysroot/usr/include/c++/v1/vector:1529:13: note: in instantiation of function template specialization 'std::vector<latinime::IntArrayView>::__emplace_back_slow_path<const int *const &, const unsigned long &>' requested here
build	Build DaddyBoard (HeliBoard fork)	2026-09-30T15:50:03.8729294Z C/C++:  1529 |     __end = __emplace_back_slow_path(std::forward<_Args>(__args)...);
build	Build DaddyBoard (HeliBoard fork)	2026-09-30T15:50:03.8729651Z C/C++:       |             ^
build	Build DaddyBoard (HeliBoard fork)	2026-09-30T15:50:03.8730613Z C/C++: /home/runner/work/daddyboard/daddyboard/daddyboard-main/app/src/main/jni/src/utils/int_array_view.h:142:20: note: in instantiation of function template specialization 'std::vector<latinime::IntArrayView>::emplace_back<const int *const &, const unsigned long &>' requested here
build	Build DaddyBoard (HeliBoard fork)	2026-09-30T15:50:03.8732310Z C/C++:   142 |             result.emplace_back(mPtr, mSize);
build	Build DaddyBoard (HeliBoard fork)	2026-09-30T15:50:03.8732799Z C/C++:       |                    ^
build	Build DaddyBoard (HeliBoard fork)	2026-09-30T15:50:03.8733182Z C/C++: 3 warnings generated.
build	Build DaddyBoard (HeliBoard fork)	2026-09-30T15:50:04.1695325Z 
build	Build DaddyBoard (HeliBoard fork)	2026-09-30T15:50:04.1695399Z 
build	Build DaddyBoard (HeliBoard fork)	2026-09-30T15:50:04.1697004Z [Incubating] Problems report is available at: file:///home/runner/work/daddyboard/daddyboard/daddyboard-main/build/reports/problems/problems-report.html
build	Build DaddyBoard (HeliBoard fork)	2026-09-30T15:50:04.1698358Z 
build	Build DaddyBoard (HeliBoard fork)	2026-09-30T15:50:04.1698995Z Deprecated Gradle features were used in this build, making it incompatible with Gradle 10.
build	Build DaddyBoard (HeliBoard fork)	2026-09-30T15:50:04.1699786Z 
build	Build DaddyBoard (HeliBoard fork)	2026-09-30T15:50:04.1700567Z You can use '--warning-mode all' to show the individual deprecation warnings and determine if they come from your own scripts or plugins.
build	Build DaddyBoard (HeliBoard fork)	2026-09-30T15:50:04.1701615Z 
build	Build DaddyBoard (HeliBoard fork)	2026-09-30T15:50:04.1702708Z For more on this, please refer to https://docs.gradle.org/9.7.1/userguide/command_line_interface.html#sec:command_line_warnings in the Gradle documentation.
build	Build DaddyBoard (HeliBoard fork)	2026-09-30T15:50:04.1704057Z FAILURE: Build failed with an exception.
build	Build DaddyBoard (HeliBoard fork)	2026-09-30T15:50:04.1707212Z 
build	Build DaddyBoard (HeliBoard fork)	2026-09-30T15:50:04.1707786Z 30 actionable tasks: 30 executed
build	Build DaddyBoard (HeliBoard fork)	2026-09-30T15:50:04.1708441Z * What went wrong:
build	Build DaddyBoard (HeliBoard fork)	2026-09-30T15:50:04.1708995Z Configuration cache entry stored.
build	Build DaddyBoard (HeliBoard fork)	2026-09-30T15:50:04.1709958Z Execution failed for task ':app:compileDebugKotlin' (registered by plugin 'com.android.internal.application').
build	Build DaddyBoard (HeliBoard fork)	2026-09-30T15:50:04.1711534Z > A failure occurred while executing org.jetbrains.kotlin.compilerRunner.btapi.BuildToolsApiCompilationWork
build	Build DaddyBoard (HeliBoard fork)	2026-09-30T15:50:04.1720916Z    > Compilation error. See log for more details
build	Build DaddyBoard (HeliBoard fork)	2026-09-30T15:50:04.1721612Z 
build	Build DaddyBoard (HeliBoard fork)	2026-09-30T15:50:04.1721903Z * Try:
build	Build DaddyBoard (HeliBoard fork)	2026-09-30T15:50:04.1722902Z > Run with --stacktrace option to get the stack trace.
build	Build DaddyBoard (HeliBoard fork)	2026-09-30T15:50:04.1723786Z > Run with --info or --debug option to get more log output.
build	Build DaddyBoard (HeliBoard fork)	2026-09-30T15:50:04.1724856Z > Run with --scan to get full insights from a Build Scan (powered by Develocity).
build	Build DaddyBoard (HeliBoard fork)	2026-09-30T15:50:04.1725777Z > Get more help at https://help.gradle.org.
build	Build DaddyBoard (HeliBoard fork)	2026-09-30T15:50:04.1726316Z 
build	Build DaddyBoard (HeliBoard fork)	2026-09-30T15:50:04.1726618Z BUILD FAILED in 3m 2s
build	Build DaddyBoard (HeliBoard fork)	2026-09-30T15:50:04.6564220Z ##[error]Process completed with exit code 1.
build	Post set up JDK 17	﻿2026-09-30T15:50:04.6698074Z Post job cleanup.
build	Post set up JDK 17	2026-09-30T15:50:04.7996679Z (node:2990) [DEP0040] DeprecationWarning: The `punycode` module is deprecated. Please use a userland alternative instead.
build	Post set up JDK 17	2026-09-30T15:50:04.7997865Z (Use `node --trace-deprecation ...` to show where the warning was created)
build	Post Run actions/checkout@v4	﻿2026-09-30T15:50:04.8154722Z Post job cleanup.
build	Post Run actions/checkout@v4	2026-09-30T15:50:04.9055835Z [command]/usr/bin/git version
build	Post Run actions/checkout@v4	2026-09-30T15:50:04.9099170Z git version 2.55.0
build	Post Run actions/checkout@v4	2026-09-30T15:50:04.9139949Z Temporarily overriding HOME='/home/runner/work/_temp/180ef971-e3df-43b1-8bcf-f0aae663894f' before making global git config changes
build	Post Run actions/checkout@v4	2026-09-30T15:50:04.9141491Z Adding repository directory to the temporary git global config as a safe directory
build	Post Run actions/checkout@v4	2026-09-30T15:50:04.9146891Z [command]/usr/bin/git config --global --add safe.directory /home/runner/work/daddyboard/daddyboard
build	Post Run actions/checkout@v4	2026-09-30T15:50:04.9183703Z [command]/usr/bin/git config --local --name-only --get-regexp core\.sshCommand
build	Post Run actions/checkout@v4	2026-09-30T15:50:04.9216236Z [command]/usr/bin/git submodule foreach --recursive sh -c "git config --local --name-only --get-regexp 'core\.sshCommand' && git config --local --unset-all 'core.sshCommand' || :"
build	Post Run actions/checkout@v4	2026-09-30T15:50:04.9426376Z [command]/usr/bin/git config --local --name-only --get-regexp http\.https\:\/\/github\.com\/\.extraheader
build	Post Run actions/checkout@v4	2026-09-30T15:50:04.9452897Z http.https://github.com/.extraheader
build	Post Run actions/checkout@v4	2026-09-30T15:50:04.9465067Z [command]/usr/bin/git config --local --unset-all http.https://github.com/.extraheader
build	Post Run actions/checkout@v4	2026-09-30T15:50:04.9502421Z [command]/usr/bin/git submodule foreach --recursive sh -c "git config --local --name-only --get-regexp 'http\.https\:\/\/github\.com\/\.extraheader' && git config --local --unset-all 'http.https://github.com/.extraheader' || :"
build	Post Run actions/checkout@v4	2026-09-30T15:50:04.9712659Z [command]/usr/bin/git config --local --name-only --get-regexp ^includeIf\.gitdir:
build	Post Run actions/checkout@v4	2026-09-30T15:50:04.9745606Z [command]/usr/bin/git submodule foreach --recursive git config --local --show-origin --name-only --get-regexp remote.origin.url
build	Complete job	﻿2026-09-30T15:50:05.0143389Z Cleaning up orphan processes
build	Complete job	2026-09-30T15:50:05.0393123Z Terminate orphan process: pid (2287) (java)
build	Complete job	2026-09-30T15:50:05.0416019Z Terminate orphan process: pid (2679) (java)
build	Complete job	2026-09-30T15:50:05.0424934Z ##[warning]Node.js 20 is deprecated. The following actions target Node.js 20 but are being forced to run on Node.js 24: actions/checkout@v4, actions/setup-java@v4. For more information see: https://github.blog/changelog/2025-09-19-deprecation-of-node-20-on-github-actions-runners/
