build	Set up job	﻿2026-09-30T15:52:34.9673796Z Current runner version: '2.337.0'
build	Set up job	2026-09-30T15:52:34.9701220Z ##[group]Runner Image Provisioner
build	Set up job	2026-09-30T15:52:34.9702194Z Hosted Compute Agent
build	Set up job	2026-09-30T15:52:34.9703245Z Version: 20260828.587
build	Set up job	2026-09-30T15:52:34.9703991Z Commit: abac92662cab4cc7352de4f9f9d2e2419aad9c29
build	Set up job	2026-09-30T15:52:34.9704775Z Build Date: 2026-08-28T16:44:25Z
build	Set up job	2026-09-30T15:52:34.9705560Z Worker ID: {fb9b3c61-0c2d-4ecf-bba9-569763b86aa7}
build	Set up job	2026-09-30T15:52:34.9706311Z Azure Region: westus2
build	Set up job	2026-09-30T15:52:34.9706927Z ##[endgroup]
build	Set up job	2026-09-30T15:52:34.9708499Z ##[group]Operating System
build	Set up job	2026-09-30T15:52:34.9709153Z Ubuntu
build	Set up job	2026-09-30T15:52:34.9709828Z 24.04.5
build	Set up job	2026-09-30T15:52:34.9710376Z LTS
build	Set up job	2026-09-30T15:52:34.9710950Z ##[endgroup]
build	Set up job	2026-09-30T15:52:34.9711603Z ##[group]Runner Image
build	Set up job	2026-09-30T15:52:34.9712238Z Image: ubuntu-24.04
build	Set up job	2026-09-30T15:52:34.9713009Z Version: 20260920.314.1
build	Set up job	2026-09-30T15:52:34.9714132Z Included Software: https://github.com/actions/runner-images/blob/ubuntu24/20260920.314/images/ubuntu/Ubuntu2404-Readme.md
build	Set up job	2026-09-30T15:52:34.9715998Z Image Release: https://github.com/actions/runner-images/releases/tag/ubuntu24%2F20260920.314
build	Set up job	2026-09-30T15:52:34.9717054Z ##[endgroup]
build	Set up job	2026-09-30T15:52:34.9718353Z ##[group]GITHUB_TOKEN Permissions
build	Set up job	2026-09-30T15:52:34.9720601Z Contents: read
build	Set up job	2026-09-30T15:52:34.9721732Z Metadata: read
build	Set up job	2026-09-30T15:52:34.9722346Z Packages: read
build	Set up job	2026-09-30T15:52:34.9723125Z ##[endgroup]
build	Set up job	2026-09-30T15:52:34.9725339Z Secret source: Actions
build	Set up job	2026-09-30T15:52:34.9726344Z Cache mode: write
build	Set up job	2026-09-30T15:52:34.9727150Z Prepare workflow directory
build	Set up job	2026-09-30T15:52:35.0055596Z Prepare all required actions
build	Set up job	2026-09-30T15:52:35.0113237Z Getting action download info
build	Set up job	2026-09-30T15:52:35.4747924Z Download action repository 'actions/checkout@v4' (SHA:11d5960a326750d5838078e36cf38b85af677262)
build	Set up job	2026-09-30T15:52:35.6006848Z Download action repository 'actions/setup-java@v4' (SHA:cf277c60eb25467037889841efdb72551f06f6c3)
build	Set up job	2026-09-30T15:52:35.9406995Z Download action repository 'actions/upload-artifact@v4' (SHA:ea165f8d65b6e75b540449e92b4886f43607fa02)
build	Set up job	2026-09-30T15:52:36.1656996Z Complete job name: build
build	Run actions/checkout@v4	﻿2026-09-30T15:52:36.2399556Z ##[group]Run actions/checkout@v4
build	Run actions/checkout@v4	2026-09-30T15:52:36.2400400Z with:
build	Run actions/checkout@v4	2026-09-30T15:52:36.2400854Z   repository: webdevUK/daddyboard
build	Run actions/checkout@v4	2026-09-30T15:52:36.2404810Z   token: ***
build	Run actions/checkout@v4	2026-09-30T15:52:36.2405247Z   ssh-strict: true
build	Run actions/checkout@v4	2026-09-30T15:52:36.2405695Z   ssh-user: git
build	Run actions/checkout@v4	2026-09-30T15:52:36.2406146Z   persist-credentials: true
build	Run actions/checkout@v4	2026-09-30T15:52:36.2406642Z   clean: true
build	Run actions/checkout@v4	2026-09-30T15:52:36.2407093Z   sparse-checkout-cone-mode: true
build	Run actions/checkout@v4	2026-09-30T15:52:36.2407620Z   fetch-depth: 1
build	Run actions/checkout@v4	2026-09-30T15:52:36.2408051Z   fetch-tags: false
build	Run actions/checkout@v4	2026-09-30T15:52:36.2408495Z   show-progress: true
build	Run actions/checkout@v4	2026-09-30T15:52:36.2408936Z   lfs: false
build	Run actions/checkout@v4	2026-09-30T15:52:36.2409355Z   submodules: false
build	Run actions/checkout@v4	2026-09-30T15:52:36.2409806Z   set-safe-directory: true
build	Run actions/checkout@v4	2026-09-30T15:52:36.2410306Z   allow-unsafe-pr-checkout: false
build	Run actions/checkout@v4	2026-09-30T15:52:36.2411016Z ##[endgroup]
build	Run actions/checkout@v4	2026-09-30T15:52:36.3427170Z Syncing repository: webdevUK/daddyboard
build	Run actions/checkout@v4	2026-09-30T15:52:36.3429922Z ##[group]Getting Git version info
build	Run actions/checkout@v4	2026-09-30T15:52:36.3431046Z Working directory is '/home/runner/work/daddyboard/daddyboard'
build	Run actions/checkout@v4	2026-09-30T15:52:36.3433036Z [command]/usr/bin/git version
build	Run actions/checkout@v4	2026-09-30T15:52:36.3479626Z git version 2.55.0
build	Run actions/checkout@v4	2026-09-30T15:52:36.3498383Z ##[endgroup]
build	Run actions/checkout@v4	2026-09-30T15:52:36.3512535Z Temporarily overriding HOME='/home/runner/work/_temp/44e9b199-e41d-4fa2-8d27-1d23b3a9a75b' before making global git config changes
build	Run actions/checkout@v4	2026-09-30T15:52:36.3515091Z Adding repository directory to the temporary git global config as a safe directory
build	Run actions/checkout@v4	2026-09-30T15:52:36.3517213Z [command]/usr/bin/git config --global --add safe.directory /home/runner/work/daddyboard/daddyboard
build	Run actions/checkout@v4	2026-09-30T15:52:36.3569192Z Deleting the contents of '/home/runner/work/daddyboard/daddyboard'
build	Run actions/checkout@v4	2026-09-30T15:52:36.3576182Z ##[group]Initializing the repository
build	Run actions/checkout@v4	2026-09-30T15:52:36.3586518Z [command]/usr/bin/git init /home/runner/work/daddyboard/daddyboard
build	Run actions/checkout@v4	2026-09-30T15:52:36.3682434Z hint: Using 'master' as the name for the initial branch. This default branch name
build	Run actions/checkout@v4	2026-09-30T15:52:36.3684619Z hint: will change to "main" in Git 3.0. To configure the initial branch name
build	Run actions/checkout@v4	2026-09-30T15:52:36.3685605Z hint: to use in all of your new repositories, which will suppress this warning,
build	Run actions/checkout@v4	2026-09-30T15:52:36.3686360Z hint: call:
build	Run actions/checkout@v4	2026-09-30T15:52:36.3686776Z hint:
build	Run actions/checkout@v4	2026-09-30T15:52:36.3687306Z hint: 	git config --global init.defaultBranch <name>
build	Run actions/checkout@v4	2026-09-30T15:52:36.3687930Z hint:
build	Run actions/checkout@v4	2026-09-30T15:52:36.3688520Z hint: Names commonly chosen instead of 'master' are 'main', 'trunk' and
build	Run actions/checkout@v4	2026-09-30T15:52:36.3689457Z hint: 'development'. The just-created branch can be renamed via this command:
build	Run actions/checkout@v4	2026-09-30T15:52:36.3690201Z hint:
build	Run actions/checkout@v4	2026-09-30T15:52:36.3690629Z hint: 	git branch -m <name>
build	Run actions/checkout@v4	2026-09-30T15:52:36.3691108Z hint:
build	Run actions/checkout@v4	2026-09-30T15:52:36.3691730Z hint: Disable this message with "git config set advice.defaultBranchName false"
build	Run actions/checkout@v4	2026-09-30T15:52:36.3697802Z Initialized empty Git repository in /home/runner/work/daddyboard/daddyboard/.git/
build	Run actions/checkout@v4	2026-09-30T15:52:36.3709387Z [command]/usr/bin/git remote add origin https://github.com/webdevUK/daddyboard
build	Run actions/checkout@v4	2026-09-30T15:52:36.3757550Z ##[endgroup]
build	Run actions/checkout@v4	2026-09-30T15:52:36.3758769Z ##[group]Disabling automatic garbage collection
build	Run actions/checkout@v4	2026-09-30T15:52:36.3762000Z [command]/usr/bin/git config --local gc.auto 0
build	Run actions/checkout@v4	2026-09-30T15:52:36.3798459Z ##[endgroup]
build	Run actions/checkout@v4	2026-09-30T15:52:36.3799666Z ##[group]Setting up auth
build	Run actions/checkout@v4	2026-09-30T15:52:36.3801968Z [command]/usr/bin/git config --local --name-only --get-regexp core\.sshCommand
build	Run actions/checkout@v4	2026-09-30T15:52:36.3838540Z [command]/usr/bin/git submodule foreach --recursive sh -c "git config --local --name-only --get-regexp 'core\.sshCommand' && git config --local --unset-all 'core.sshCommand' || :"
build	Run actions/checkout@v4	2026-09-30T15:52:36.4220316Z [command]/usr/bin/git config --local --name-only --get-regexp http\.https\:\/\/github\.com\/\.extraheader
build	Run actions/checkout@v4	2026-09-30T15:52:36.4261143Z [command]/usr/bin/git submodule foreach --recursive sh -c "git config --local --name-only --get-regexp 'http\.https\:\/\/github\.com\/\.extraheader' && git config --local --unset-all 'http.https://github.com/.extraheader' || :"
build	Run actions/checkout@v4	2026-09-30T15:52:36.4515226Z [command]/usr/bin/git config --local --name-only --get-regexp ^includeIf\.gitdir:
build	Run actions/checkout@v4	2026-09-30T15:52:36.4553223Z [command]/usr/bin/git submodule foreach --recursive git config --local --show-origin --name-only --get-regexp remote.origin.url
build	Run actions/checkout@v4	2026-09-30T15:52:36.4794588Z [command]/usr/bin/git config --local http.https://github.com/.extraheader AUTHORIZATION: basic ***
build	Run actions/checkout@v4	2026-09-30T15:52:36.4838460Z ##[endgroup]
build	Run actions/checkout@v4	2026-09-30T15:52:36.4839325Z ##[group]Fetching the repository
build	Run actions/checkout@v4	2026-09-30T15:52:36.4850447Z [command]/usr/bin/git -c protocol.version=2 fetch --no-tags --prune --no-recurse-submodules --depth=1 origin +5f15aa24dcdebdbe508a7e43a8ba484adb9f652b:refs/remotes/origin/master
build	Run actions/checkout@v4	2026-09-30T15:52:37.6078963Z From https://github.com/webdevUK/daddyboard
build	Run actions/checkout@v4	2026-09-30T15:52:37.6080011Z  * [new ref]         5f15aa24dcdebdbe508a7e43a8ba484adb9f652b -> origin/master
build	Run actions/checkout@v4	2026-09-30T15:52:37.6083482Z ##[endgroup]
build	Run actions/checkout@v4	2026-09-30T15:52:37.6084291Z ##[group]Determining the checkout info
build	Run actions/checkout@v4	2026-09-30T15:52:37.6086520Z ##[endgroup]
build	Run actions/checkout@v4	2026-09-30T15:52:37.6092495Z [command]/usr/bin/git sparse-checkout disable
build	Run actions/checkout@v4	2026-09-30T15:52:37.6148242Z [command]/usr/bin/git config --local --unset-all extensions.worktreeConfig
build	Run actions/checkout@v4	2026-09-30T15:52:37.6182529Z ##[group]Checking out the ref
build	Run actions/checkout@v4	2026-09-30T15:52:37.6186997Z [command]/usr/bin/git checkout --progress --force -B master refs/remotes/origin/master
build	Run actions/checkout@v4	2026-09-30T15:52:37.9553542Z Reset branch 'master'
build	Run actions/checkout@v4	2026-09-30T15:52:37.9557562Z branch 'master' set up to track 'origin/master'.
build	Run actions/checkout@v4	2026-09-30T15:52:37.9573112Z ##[endgroup]
build	Run actions/checkout@v4	2026-09-30T15:52:37.9624359Z [command]/usr/bin/git log -1 --format=%H
build	Run actions/checkout@v4	2026-09-30T15:52:37.9653164Z 5f15aa24dcdebdbe508a7e43a8ba484adb9f652b
build	set up JDK 17	﻿2026-09-30T15:52:38.0037103Z ##[group]Run actions/setup-java@v4
build	set up JDK 17	2026-09-30T15:52:38.0037547Z with:
build	set up JDK 17	2026-09-30T15:52:38.0037831Z   java-version: 17
build	set up JDK 17	2026-09-30T15:52:38.0038141Z   distribution: temurin
build	set up JDK 17	2026-09-30T15:52:38.0038458Z   cache: gradle
build	set up JDK 17	2026-09-30T15:52:38.0038768Z   java-package: jdk
build	set up JDK 17	2026-09-30T15:52:38.0039257Z   check-latest: false
build	set up JDK 17	2026-09-30T15:52:38.0039563Z   server-id: github
build	set up JDK 17	2026-09-30T15:52:38.0039868Z   server-username: GITHUB_ACTOR
build	set up JDK 17	2026-09-30T15:52:38.0040224Z   server-password: GITHUB_TOKEN
build	set up JDK 17	2026-09-30T15:52:38.0040566Z   overwrite-settings: true
build	set up JDK 17	2026-09-30T15:52:38.0040898Z   job-status: success
build	set up JDK 17	2026-09-30T15:52:38.0043627Z   token: ***
build	set up JDK 17	2026-09-30T15:52:38.0043918Z ##[endgroup]
build	set up JDK 17	2026-09-30T15:52:38.1721147Z ##[warning]setup-java v4 is deprecated and will no longer receive updates. Please migrate to actions/setup-java@v5.
build	set up JDK 17	2026-09-30T15:52:38.1731891Z ##[group]Installed distributions
build	set up JDK 17	2026-09-30T15:52:38.2563508Z Resolved Java 17.0.20+1 from tool-cache
build	set up JDK 17	2026-09-30T15:52:38.2564252Z Setting Java 17.0.20+1 as the default
build	set up JDK 17	2026-09-30T15:52:38.2574115Z (node:2245) [DEP0040] DeprecationWarning: The `punycode` module is deprecated. Please use a userland alternative instead.
build	set up JDK 17	2026-09-30T15:52:38.2575086Z (Use `node --trace-deprecation ...` to show where the warning was created)
build	set up JDK 17	2026-09-30T15:52:38.2577634Z Creating toolchains.xml for JDK version 17 from temurin
build	set up JDK 17	2026-09-30T15:52:38.2647564Z Writing to /home/runner/.m2/toolchains.xml
build	set up JDK 17	2026-09-30T15:52:38.2648057Z 
build	set up JDK 17	2026-09-30T15:52:38.2648255Z Java configuration:
build	set up JDK 17	2026-09-30T15:52:38.2648709Z   Distribution: temurin
build	set up JDK 17	2026-09-30T15:52:38.2649171Z   Version: 17.0.20+1
build	set up JDK 17	2026-09-30T15:52:38.2649777Z   Path: /opt/hostedtoolcache/Java_Temurin-Hotspot_jdk/17.0.20-1/x64
build	set up JDK 17	2026-09-30T15:52:38.2650311Z 
build	set up JDK 17	2026-09-30T15:52:38.2650731Z ##[endgroup]
build	set up JDK 17	2026-09-30T15:52:38.2670589Z Creating settings.xml with server-id: github
build	set up JDK 17	2026-09-30T15:52:38.2696189Z Writing to /home/runner/.m2/settings.xml
build	set up JDK 17	2026-09-30T15:52:38.8284912Z gradle cache is not found
build	Build DaddyBoard (HeliBoard fork)	﻿2026-09-30T15:52:38.8529760Z ##[group]Run chmod +x gradlew
build	Build DaddyBoard (HeliBoard fork)	2026-09-30T15:52:38.8530399Z ^[[36;1mchmod +x gradlew^[[0m
build	Build DaddyBoard (HeliBoard fork)	2026-09-30T15:52:38.8530917Z ^[[36;1m./gradlew assembleDebug --build-cache^[[0m
build	Build DaddyBoard (HeliBoard fork)	2026-09-30T15:52:38.9688330Z shell: /usr/bin/bash -e {0}
build	Build DaddyBoard (HeliBoard fork)	2026-09-30T15:52:38.9688755Z env:
build	Build DaddyBoard (HeliBoard fork)	2026-09-30T15:52:38.9689145Z   JAVA_HOME: /opt/hostedtoolcache/Java_Temurin-Hotspot_jdk/17.0.20-1/x64
build	Build DaddyBoard (HeliBoard fork)	2026-09-30T15:52:38.9689747Z   JAVA_HOME_17_X64: /opt/hostedtoolcache/Java_Temurin-Hotspot_jdk/17.0.20-1/x64
build	Build DaddyBoard (HeliBoard fork)	2026-09-30T15:52:38.9690185Z ##[endgroup]
build	Build DaddyBoard (HeliBoard fork)	2026-09-30T15:52:45.7586070Z Fetching distribution.
build	Build DaddyBoard (HeliBoard fork)	2026-09-30T15:52:45.7587119Z Downloading https://services.gradle.org/distributions/gradle-9.7.1-bin.zip
build	Build DaddyBoard (HeliBoard fork)	2026-09-30T15:52:51.4856942Z ..............10%..............20%...............30%..............40%...............50%..............60%...............70%..............80%..............90%...............100%
build	Build DaddyBoard (HeliBoard fork)	2026-09-30T15:52:54.0359633Z 
build	Build DaddyBoard (HeliBoard fork)	2026-09-30T15:52:54.0360880Z Welcome to Gradle 9.7.1!
build	Build DaddyBoard (HeliBoard fork)	2026-09-30T15:52:54.0361562Z 
build	Build DaddyBoard (HeliBoard fork)	2026-09-30T15:52:54.0362039Z Here are the highlights of this release:
build	Build DaddyBoard (HeliBoard fork)	2026-09-30T15:52:54.0365218Z  - Isolated Projects graduates to incubating
build	Build DaddyBoard (HeliBoard fork)	2026-09-30T15:52:54.0373730Z  - Broader Configuration Cache compatibility
build	Build DaddyBoard (HeliBoard fork)	2026-09-30T15:52:54.0374556Z  - Resilient Sync helps you fix broken builds
build	Build DaddyBoard (HeliBoard fork)	2026-09-30T15:52:54.0375314Z  - More source locations in problem reports
build	Build DaddyBoard (HeliBoard fork)	2026-09-30T15:52:54.0377230Z 
build	Build DaddyBoard (HeliBoard fork)	2026-09-30T15:52:54.0377627Z For more details see https://docs.gradle.org/9.7.1/release-notes.html
build	Build DaddyBoard (HeliBoard fork)	2026-09-30T15:52:54.0378451Z 
build	Build DaddyBoard (HeliBoard fork)	2026-09-30T15:52:54.2352123Z Starting a Gradle Daemon (subsequent builds will be faster)
build	Build DaddyBoard (HeliBoard fork)	2026-09-30T15:52:58.5383090Z Calculating task graph as no cached configuration is available for tasks: assembleDebug
build	Build DaddyBoard (HeliBoard fork)	2026-09-30T15:53:40.5363774Z 
build	Build DaddyBoard (HeliBoard fork)	2026-09-30T15:53:40.5384356Z > Configure project :app
build	Build DaddyBoard (HeliBoard fork)	2026-09-30T15:53:40.5393848Z WARNING: BuildType 'debug' is both debuggable and has 'isMinifyEnabled' set to true.
build	Build DaddyBoard (HeliBoard fork)	2026-09-30T15:53:40.5394793Z All code optimizations and obfuscation are disabled for debuggable builds.
build	Build DaddyBoard (HeliBoard fork)	2026-09-30T15:53:45.3354387Z Checking the license for package NDK (Side by side) 28.0.13004108 in /usr/local/lib/android/sdk/licenses
build	Build DaddyBoard (HeliBoard fork)	2026-09-30T15:53:45.4355736Z License for package NDK (Side by side) 28.0.13004108 accepted.
build	Build DaddyBoard (HeliBoard fork)	2026-09-30T15:53:45.4357095Z Preparing "Install NDK (Side by side) 28.0.13004108 v.28.0.13004108".
build	Build DaddyBoard (HeliBoard fork)	2026-09-30T15:54:02.8351539Z "Install NDK (Side by side) 28.0.13004108 v.28.0.13004108" ready.
build	Build DaddyBoard (HeliBoard fork)	2026-09-30T15:54:02.8352357Z Installing NDK (Side by side) 28.0.13004108 in /usr/local/lib/android/sdk/ndk/28.0.13004108
build	Build DaddyBoard (HeliBoard fork)	2026-09-30T15:54:03.6359711Z "Install NDK (Side by side) 28.0.13004108 v.28.0.13004108" complete.
build	Build DaddyBoard (HeliBoard fork)	2026-09-30T15:54:03.6360610Z "Install NDK (Side by side) 28.0.13004108 v.28.0.13004108" finished.
build	Build DaddyBoard (HeliBoard fork)	2026-09-30T15:54:23.2363613Z 
build	Build DaddyBoard (HeliBoard fork)	2026-09-30T15:54:23.2433911Z > Task :app:generateDebugAssets UP-TO-DATE
build	Build DaddyBoard (HeliBoard fork)	2026-09-30T15:54:23.2460514Z > Task :app:preBuild UP-TO-DATE
build	Build DaddyBoard (HeliBoard fork)	2026-09-30T15:54:23.2498152Z > Task :app:preDebugBuild UP-TO-DATE
build	Build DaddyBoard (HeliBoard fork)	2026-09-30T15:54:23.2564090Z > Task :app:preDebugNoMinifyBuild UP-TO-DATE
build	Build DaddyBoard (HeliBoard fork)	2026-09-30T15:54:23.2573858Z > Task :app:mergeDebugNativeDebugMetadata NO-SOURCE
build	Build DaddyBoard (HeliBoard fork)	2026-09-30T15:54:23.4378092Z > Task :app:generateDebugBuildConfig
build	Build DaddyBoard (HeliBoard fork)	2026-09-30T15:54:23.4454246Z > Task :app:javaPreCompileDebug
build	Build DaddyBoard (HeliBoard fork)	2026-09-30T15:54:23.5404126Z > Task :app:generateDebugResources
build	Build DaddyBoard (HeliBoard fork)	2026-09-30T15:54:26.6384020Z > Task :app:dataBindingMergeDependencyArtifactsDebug
build	Build DaddyBoard (HeliBoard fork)	2026-09-30T15:54:26.6413570Z > Task :app:processDebugNavigationResources
build	Build DaddyBoard (HeliBoard fork)	2026-09-30T15:54:27.2373905Z > Task :app:mergeDebugAssets
build	Build DaddyBoard (HeliBoard fork)	2026-09-30T15:54:30.4350713Z > Task :app:packageDebugResources
build	Build DaddyBoard (HeliBoard fork)	2026-09-30T15:54:31.1365460Z > Task :app:checkDebugDuplicateClasses
build	Build DaddyBoard (HeliBoard fork)	2026-09-30T15:54:31.1416449Z > Task :app:extractProguardFiles
build	Build DaddyBoard (HeliBoard fork)	2026-09-30T15:54:31.9352213Z > Task :app:compressDebugAssets
build	Build DaddyBoard (HeliBoard fork)	2026-09-30T15:54:31.9353288Z > Task :app:mapDebugSourceSetPaths
build	Build DaddyBoard (HeliBoard fork)	2026-09-30T15:54:35.5404118Z > Task :app:checkDebugAarMetadata
build	Build DaddyBoard (HeliBoard fork)	2026-09-30T15:54:35.5440226Z > Task :app:compileDebugNavigationResources
build	Build DaddyBoard (HeliBoard fork)	2026-09-30T15:54:35.5493788Z > Task :app:createDebugCompatibleScreenManifests
build	Build DaddyBoard (HeliBoard fork)	2026-09-30T15:54:35.5516080Z > Task :app:extractDeepLinksDebug
build	Build DaddyBoard (HeliBoard fork)	2026-09-30T15:54:35.8354148Z > Task :app:parseDebugLocalResources
build	Build DaddyBoard (HeliBoard fork)	2026-09-30T15:54:36.0374170Z > Task :app:generateDebugRFile
build	Build DaddyBoard (HeliBoard fork)	2026-09-30T15:54:36.0421171Z > Task :app:mergeDebugJniLibFolders
build	Build DaddyBoard (HeliBoard fork)	2026-09-30T15:54:36.4373960Z > Task :app:processDebugMainManifest
build	Build DaddyBoard (HeliBoard fork)	2026-09-30T15:54:36.5371592Z > Task :app:configureNdkBuildDebug[arm64-v8a]
build	Build DaddyBoard (HeliBoard fork)	2026-09-30T15:54:36.6351801Z > Task :app:processDebugManifest
build	Build DaddyBoard (HeliBoard fork)	2026-09-30T15:54:36.6373332Z > Task :app:processDebugManifestForPackage
build	Build DaddyBoard (HeliBoard fork)	2026-09-30T15:54:36.7373775Z > Task :app:writeDebugAppMetadata
build	Build DaddyBoard (HeliBoard fork)	2026-09-30T15:54:36.7403451Z > Task :app:writeDebugSigningConfigVersions
build	Build DaddyBoard (HeliBoard fork)	2026-09-30T15:54:37.0351753Z > Task :app:mergeDebugResources
build	Build DaddyBoard (HeliBoard fork)	2026-09-30T15:54:37.8366659Z > Task :app:validateSigningDebug
build	Build DaddyBoard (HeliBoard fork)	2026-09-30T15:54:38.0351351Z > Task :app:dataBindingGenBaseClassesDebug
build	Build DaddyBoard (HeliBoard fork)	2026-09-30T15:54:38.5395858Z 
build	Build DaddyBoard (HeliBoard fork)	2026-09-30T15:54:38.5437382Z > Task :app:buildNdkBuildDebug[arm64-v8a]
build	Build DaddyBoard (HeliBoard fork)	2026-09-30T15:54:38.5494242Z C/C++: In file included from /home/runner/work/daddyboard/daddyboard/daddyboard-main/app/src/main/jni/com_android_inputmethod_keyboard_ProximityInfo.cpp:24:
build	Build DaddyBoard (HeliBoard fork)	2026-09-30T15:54:38.5496179Z C/C++: In file included from /home/runner/work/daddyboard/daddyboard/daddyboard-main/app/src/main/jni/src/suggest/core/layout/proximity_info.h:25:
build	Build DaddyBoard (HeliBoard fork)	2026-09-30T15:54:38.5498366Z C/C++: /home/runner/work/daddyboard/daddyboard/daddyboard-main/app/src/main/jni/src/suggest/core/layout/proximity_info_utils.h:75:25: warning: variable 'proximityChar' set but not used [-Wunused-but-set-variable]
build	Build DaddyBoard (HeliBoard fork)	2026-09-30T15:54:38.5499887Z C/C++:    75 |                     int proximityChar =
build	Build DaddyBoard (HeliBoard fork)	2026-09-30T15:54:38.5500368Z C/C++:       |                         ^
build	Build DaddyBoard (HeliBoard fork)	2026-09-30T15:54:38.5500791Z C/C++: 1 warning generated.
build	Build DaddyBoard (HeliBoard fork)	2026-09-30T15:54:38.5501829Z C/C++: In file included from /home/runner/work/daddyboard/daddyboard/daddyboard-main/app/src/main/jni/com_android_inputmethod_latin_BinaryDictionary.cpp:25:
build	Build DaddyBoard (HeliBoard fork)	2026-09-30T15:54:38.5503751Z C/C++: In file included from /home/runner/work/daddyboard/daddyboard/daddyboard-main/app/src/main/jni/src/dictionary/property/unigram_property.h:23:
build	Build DaddyBoard (HeliBoard fork)	2026-09-30T15:54:38.5506247Z C/C++: /home/runner/work/daddyboard/daddyboard/daddyboard-main/app/src/main/jni/src/dictionary/property/historical_info.h:52:5: warning: definition of implicit copy constructor for 'HistoricalInfo' is deprecated because it has a user-declared copy assignment operator [-Wdeprecated-copy]
build	Build DaddyBoard (HeliBoard fork)	2026-09-30T15:54:38.5509113Z C/C++:    52 |     DISALLOW_ASSIGNMENT_OPERATOR(HistoricalInfo);
build	Build DaddyBoard (HeliBoard fork)	2026-09-30T15:54:38.5509654Z C/C++:       |     ^
build	Build DaddyBoard (HeliBoard fork)	2026-09-30T15:54:38.5564011Z C/C++: /home/runner/work/daddyboard/daddyboard/daddyboard-main/app/src/main/jni/src/defines.h:289:8: note: expanded from macro 'DISALLOW_ASSIGNMENT_OPERATOR'
build	Build DaddyBoard (HeliBoard fork)	2026-09-30T15:54:38.5593467Z C/C++:   289 |   void operator=(const TypeName&) = delete
build	Build DaddyBoard (HeliBoard fork)	2026-09-30T15:54:38.5653601Z C/C++:       |        ^
build	Build DaddyBoard (HeliBoard fork)	2026-09-30T15:54:38.5684564Z C/C++: /home/runner/work/daddyboard/daddyboard/daddyboard-main/app/src/main/jni/src/dictionary/property/unigram_property.h:63:15: note: in implicit copy constructor for 'latinime::HistoricalInfo' first required here
build	Build DaddyBoard (HeliBoard fork)	2026-09-30T15:54:38.5713617Z C/C++:    63 |               mHistoricalInfo(historicalInfo), mShortcuts(std::move(shortcuts)) {}
build	Build DaddyBoard (HeliBoard fork)	2026-09-30T15:54:38.5714367Z C/C++:       |               ^
build	Build DaddyBoard (HeliBoard fork)	2026-09-30T15:54:38.5716288Z C/C++: /home/runner/work/daddyboard/daddyboard/daddyboard-main/app/src/main/jni/src/dictionary/property/unigram_property.h:126:5: warning: definition of implicit copy constructor for 'UnigramProperty' is deprecated because it has a user-declared copy assignment operator [-Wdeprecated-copy]
build	Build DaddyBoard (HeliBoard fork)	2026-09-30T15:54:38.5718418Z C/C++:   126 |     DISALLOW_ASSIGNMENT_OPERATOR(UnigramProperty);
build	Build DaddyBoard (HeliBoard fork)	2026-09-30T15:54:38.5718963Z C/C++:       |     ^
build	Build DaddyBoard (HeliBoard fork)	2026-09-30T15:54:38.5720025Z C/C++: /home/runner/work/daddyboard/daddyboard/daddyboard-main/app/src/main/jni/src/defines.h:289:8: note: expanded from macro 'DISALLOW_ASSIGNMENT_OPERATOR'
build	Build DaddyBoard (HeliBoard fork)	2026-09-30T15:54:38.5721242Z C/C++:   289 |   void operator=(const TypeName&) = delete
build	Build DaddyBoard (HeliBoard fork)	2026-09-30T15:54:38.5722126Z C/C++:       |        ^
build	Build DaddyBoard (HeliBoard fork)	2026-09-30T15:54:38.5723709Z C/C++: /home/runner/work/daddyboard/daddyboard/daddyboard-main/app/src/main/jni/src/dictionary/property/word_property.h:38:51: note: in implicit copy constructor for 'latinime::UnigramProperty' first required here
build	Build DaddyBoard (HeliBoard fork)	2026-09-30T15:54:38.5725455Z C/C++:    38 |             : mCodePoints(std::move(codePoints)), mUnigramProperty(unigramProperty),
build	Build DaddyBoard (HeliBoard fork)	2026-09-30T15:54:38.5726217Z C/C++:       |                                                   ^
build	Build DaddyBoard (HeliBoard fork)	2026-09-30T15:54:38.5727397Z C/C++: In file included from /home/runner/work/daddyboard/daddyboard/daddyboard-main/app/src/main/jni/com_android_inputmethod_latin_BinaryDictionary.cpp:36:
build	Build DaddyBoard (HeliBoard fork)	2026-09-30T15:54:38.5729418Z C/C++: /home/runner/work/daddyboard/daddyboard/daddyboard-main/app/src/main/jni/src/utils/jni_data_utils.h:52:27: warning: variable length arrays in C++ are a Clang extension [-Wvla-cxx-extension]
build	Build DaddyBoard (HeliBoard fork)	2026-09-30T15:54:38.5730814Z C/C++:    52 |             char keyChars[keyUtf8Length + 1];
build	Build DaddyBoard (HeliBoard fork)	2026-09-30T15:54:38.5731370Z C/C++:       |                           ^~~~~~~~~~~~~~~~~
build	Build DaddyBoard (HeliBoard fork)	2026-09-30T15:54:38.5732654Z C/C++: /home/runner/work/daddyboard/daddyboard/daddyboard-main/app/src/main/jni/src/utils/jni_data_utils.h:52:27: note: initializer of 'keyUtf8Length' is not a constant expression
build	Build DaddyBoard (HeliBoard fork)	2026-09-30T15:54:38.5734578Z C/C++: /home/runner/work/daddyboard/daddyboard/daddyboard-main/app/src/main/jni/src/utils/jni_data_utils.h:51:25: note: declared here
build	Build DaddyBoard (HeliBoard fork)	2026-09-30T15:54:38.5735759Z C/C++:    51 |             const jsize keyUtf8Length = env->GetStringUTFLength(keyString);
build	Build DaddyBoard (HeliBoard fork)	2026-09-30T15:54:38.5736410Z C/C++:       |                         ^
build	Build DaddyBoard (HeliBoard fork)	2026-09-30T15:54:38.5737713Z C/C++: /home/runner/work/daddyboard/daddyboard/daddyboard-main/app/src/main/jni/src/utils/jni_data_utils.h:62:29: warning: variable length arrays in C++ are a Clang extension [-Wvla-cxx-extension]
build	Build DaddyBoard (HeliBoard fork)	2026-09-30T15:54:38.5739164Z C/C++:    62 |             char valueChars[valueUtf8Length + 1];
build	Build DaddyBoard (HeliBoard fork)	2026-09-30T15:54:38.5793375Z C/C++:       |                             ^~~~~~~~~~~~~~~~~~~
build	Build DaddyBoard (HeliBoard fork)	2026-09-30T15:54:38.5824222Z C/C++: /home/runner/work/daddyboard/daddyboard/daddyboard-main/app/src/main/jni/src/utils/jni_data_utils.h:62:29: note: initializer of 'valueUtf8Length' is not a constant expression
build	Build DaddyBoard (HeliBoard fork)	2026-09-30T15:54:38.5853783Z C/C++: /home/runner/work/daddyboard/daddyboard/daddyboard-main/app/src/main/jni/src/utils/jni_data_utils.h:61:25: note: declared here
build	Build DaddyBoard (HeliBoard fork)	2026-09-30T15:54:38.5883606Z C/C++:    61 |             const jsize valueUtf8Length = env->GetStringUTFLength(valueString);
build	Build DaddyBoard (HeliBoard fork)	2026-09-30T15:54:38.5884342Z C/C++:       |                         ^
build	Build DaddyBoard (HeliBoard fork)	2026-09-30T15:54:38.5885703Z C/C++: /home/runner/work/daddyboard/daddyboard/daddyboard-main/app/src/main/jni/src/utils/jni_data_utils.h:77:29: warning: variable length arrays in C++ are a Clang extension [-Wvla-cxx-extension]
build	Build DaddyBoard (HeliBoard fork)	2026-09-30T15:54:38.5887137Z C/C++:    77 |         int outputCodePonts[codePointBufSize];
build	Build DaddyBoard (HeliBoard fork)	2026-09-30T15:54:38.5887699Z C/C++:       |                             ^~~~~~~~~~~~~~~~
build	Build DaddyBoard (HeliBoard fork)	2026-09-30T15:54:38.5888971Z C/C++: /home/runner/work/daddyboard/daddyboard/daddyboard-main/app/src/main/jni/src/utils/jni_data_utils.h:77:29: note: initializer of 'codePointBufSize' is not a constant expression
build	Build DaddyBoard (HeliBoard fork)	2026-09-30T15:54:38.5890754Z C/C++: /home/runner/work/daddyboard/daddyboard/daddyboard-main/app/src/main/jni/src/utils/jni_data_utils.h:76:19: note: declared here
build	Build DaddyBoard (HeliBoard fork)	2026-09-30T15:54:38.5891974Z C/C++:    76 |         const int codePointBufSize = std::min(maxLength, codePointCount);
build	Build DaddyBoard (HeliBoard fork)	2026-09-30T15:54:38.5892625Z C/C++:       |                   ^
build	Build DaddyBoard (HeliBoard fork)	2026-09-30T15:54:38.5894248Z C/C++: /home/runner/work/daddyboard/daddyboard/daddyboard-main/app/src/main/jni/com_android_inputmethod_latin_BinaryDictionary.cpp:54:25: warning: variable length arrays in C++ are a Clang extension [-Wvla-cxx-extension]
build	Build DaddyBoard (HeliBoard fork)	2026-09-30T15:54:38.5895839Z C/C++:    54 |     char sourceDirChars[sourceDirUtf8Length + 1];
build	Build DaddyBoard (HeliBoard fork)	2026-09-30T15:54:38.5896419Z C/C++:       |                         ^~~~~~~~~~~~~~~~~~~~~~~
build	Build DaddyBoard (HeliBoard fork)	2026-09-30T15:54:38.5897869Z C/C++: /home/runner/work/daddyboard/daddyboard/daddyboard-main/app/src/main/jni/com_android_inputmethod_latin_BinaryDictionary.cpp:54:25: note: initializer of 'sourceDirUtf8Length' is not a constant expression
build	Build DaddyBoard (HeliBoard fork)	2026-09-30T15:54:38.5900240Z C/C++: /home/runner/work/daddyboard/daddyboard/daddyboard-main/app/src/main/jni/com_android_inputmethod_latin_BinaryDictionary.cpp:49:17: note: declared here
build	Build DaddyBoard (HeliBoard fork)	2026-09-30T15:54:38.5901593Z C/C++:    49 |     const jsize sourceDirUtf8Length = env->GetStringUTFLength(sourceDir);
build	Build DaddyBoard (HeliBoard fork)	2026-09-30T15:54:38.5902254Z C/C++:       |                 ^
build	Build DaddyBoard (HeliBoard fork)	2026-09-30T15:54:38.5903833Z C/C++: /home/runner/work/daddyboard/daddyboard/daddyboard-main/app/src/main/jni/com_android_inputmethod_latin_BinaryDictionary.cpp:75:22: warning: variable length arrays in C++ are a Clang extension [-Wvla-cxx-extension]
build	Build DaddyBoard (HeliBoard fork)	2026-09-30T15:54:38.5905387Z C/C++:    75 |     char localeChars[localeUtf8Length + 1];
build	Build DaddyBoard (HeliBoard fork)	2026-09-30T15:54:38.5905920Z C/C++:       |                      ^~~~~~~~~~~~~~~~~~~~
build	Build DaddyBoard (HeliBoard fork)	2026-09-30T15:54:38.5907348Z C/C++: /home/runner/work/daddyboard/daddyboard/daddyboard-main/app/src/main/jni/com_android_inputmethod_latin_BinaryDictionary.cpp:75:22: note: initializer of 'localeUtf8Length' is not a constant expression
build	Build DaddyBoard (HeliBoard fork)	2026-09-30T15:54:38.5909454Z C/C++: /home/runner/work/daddyboard/daddyboard/daddyboard-main/app/src/main/jni/com_android_inputmethod_latin_BinaryDictionary.cpp:74:17: note: declared here
build	Build DaddyBoard (HeliBoard fork)	2026-09-30T15:54:38.5993638Z C/C++:    74 |     const jsize localeUtf8Length = env->GetStringUTFLength(locale);
build	Build DaddyBoard (HeliBoard fork)	2026-09-30T15:54:38.6003600Z C/C++:       |                 ^
build	Build DaddyBoard (HeliBoard fork)	2026-09-30T15:54:38.6043207Z C/C++: /home/runner/work/daddyboard/daddyboard/daddyboard-main/app/src/main/jni/com_android_inputmethod_latin_BinaryDictionary.cpp:104:24: warning: variable length arrays in C++ are a Clang extension [-Wvla-cxx-extension]
build	Build DaddyBoard (HeliBoard fork)	2026-09-30T15:54:38.6053417Z C/C++:   104 |     char filePathChars[filePathUtf8Length + 1];
build	Build DaddyBoard (HeliBoard fork)	2026-09-30T15:54:38.6073282Z C/C++:       |                        ^~~~~~~~~~~~~~~~~~~~~~
build	Build DaddyBoard (HeliBoard fork)	2026-09-30T15:54:38.6104191Z C/C++: /home/runner/work/daddyboard/daddyboard/daddyboard-main/app/src/main/jni/com_android_inputmethod_latin_BinaryDictionary.cpp:104:24: note: initializer of 'filePathUtf8Length' is not a constant expression
build	Build DaddyBoard (HeliBoard fork)	2026-09-30T15:54:38.6134048Z C/C++: /home/runner/work/daddyboard/daddyboard/daddyboard-main/app/src/main/jni/com_android_inputmethod_latin_BinaryDictionary.cpp:103:17: note: declared here
build	Build DaddyBoard (HeliBoard fork)	2026-09-30T15:54:38.6159229Z C/C++:   103 |     const jsize filePathUtf8Length = env->GetStringUTFLength(filePath);
build	Build DaddyBoard (HeliBoard fork)	2026-09-30T15:54:38.6203299Z C/C++:       |                 ^
build	Build DaddyBoard (HeliBoard fork)	2026-09-30T15:54:38.6234438Z C/C++: /home/runner/work/daddyboard/daddyboard/daddyboard-main/app/src/main/jni/com_android_inputmethod_latin_BinaryDictionary.cpp:122:24: warning: variable length arrays in C++ are a Clang extension [-Wvla-cxx-extension]
build	Build DaddyBoard (HeliBoard fork)	2026-09-30T15:54:38.6253359Z C/C++:   122 |     char filePathChars[filePathUtf8Length + 1];
build	Build DaddyBoard (HeliBoard fork)	2026-09-30T15:54:38.6283266Z C/C++:       |                        ^~~~~~~~~~~~~~~~~~~~~~
build	Build DaddyBoard (HeliBoard fork)	2026-09-30T15:54:38.6324116Z C/C++: /home/runner/work/daddyboard/daddyboard/daddyboard-main/app/src/main/jni/com_android_inputmethod_latin_BinaryDictionary.cpp:122:24: note: initializer of 'filePathUtf8Length' is not a constant expression
build	Build DaddyBoard (HeliBoard fork)	2026-09-30T15:54:38.6354009Z C/C++: /home/runner/work/daddyboard/daddyboard/daddyboard-main/app/src/main/jni/com_android_inputmethod_latin_BinaryDictionary.cpp:121:17: note: declared here
build	Build DaddyBoard (HeliBoard fork)	2026-09-30T15:54:38.6443594Z C/C++:   121 |     const jsize filePathUtf8Length = env->GetStringUTFLength(filePath);
build	Build DaddyBoard (HeliBoard fork)	2026-09-30T15:54:38.6462464Z C/C++:       |                 ^
build	Build DaddyBoard (HeliBoard fork)	2026-09-30T15:54:38.6507881Z C/C++: /home/runner/work/daddyboard/daddyboard/daddyboard-main/app/src/main/jni/com_android_inputmethod_latin_BinaryDictionary.cpp:200:22: warning: variable length arrays in C++ are a Clang extension [-Wvla-cxx-extension]
build	Build DaddyBoard (HeliBoard fork)	2026-09-30T15:54:38.6543241Z C/C++:   200 |     int xCoordinates[inputSize];
build	Build DaddyBoard (HeliBoard fork)	2026-09-30T15:54:38.6563683Z C/C++:       |                      ^~~~~~~~~
build	Build DaddyBoard (HeliBoard fork)	2026-09-30T15:54:38.6604480Z C/C++: /home/runner/work/daddyboard/daddyboard/daddyboard-main/app/src/main/jni/com_android_inputmethod_latin_BinaryDictionary.cpp:200:22: note: function parameter 'inputSize' with unknown value cannot be used in a constant expression
build	Build DaddyBoard (HeliBoard fork)	2026-09-30T15:54:38.6644008Z C/C++: /home/runner/work/daddyboard/daddyboard/daddyboard-main/app/src/main/jni/com_android_inputmethod_latin_BinaryDictionary.cpp:181:46: note: declared here
build	Build DaddyBoard (HeliBoard fork)	2026-09-30T15:54:38.6663734Z C/C++:   181 |         jintArray inputCodePointsArray, jint inputSize, jintArray suggestOptions,
build	Build DaddyBoard (HeliBoard fork)	2026-09-30T15:54:38.6684865Z C/C++:       |                                              ^
build	Build DaddyBoard (HeliBoard fork)	2026-09-30T15:54:38.6734408Z C/C++: /home/runner/work/daddyboard/daddyboard/daddyboard-main/app/src/main/jni/com_android_inputmethod_latin_BinaryDictionary.cpp:201:22: warning: variable length arrays in C++ are a Clang extension [-Wvla-cxx-extension]
build	Build DaddyBoard (HeliBoard fork)	2026-09-30T15:54:38.6763380Z C/C++:   201 |     int yCoordinates[inputSize];
build	Build DaddyBoard (HeliBoard fork)	2026-09-30T15:54:38.6793389Z C/C++:       |                      ^~~~~~~~~
build	Build DaddyBoard (HeliBoard fork)	2026-09-30T15:54:38.6795085Z C/C++: /home/runner/work/daddyboard/daddyboard/daddyboard-main/app/src/main/jni/com_android_inputmethod_latin_BinaryDictionary.cpp:201:22: note: function parameter 'inputSize' with unknown value cannot be used in a constant expression
build	Build DaddyBoard (HeliBoard fork)	2026-09-30T15:54:38.6797377Z C/C++: /home/runner/work/daddyboard/daddyboard/daddyboard-main/app/src/main/jni/com_android_inputmethod_latin_BinaryDictionary.cpp:181:46: note: declared here
build	Build DaddyBoard (HeliBoard fork)	2026-09-30T15:54:38.6798764Z C/C++:   181 |         jintArray inputCodePointsArray, jint inputSize, jintArray suggestOptions,
build	Build DaddyBoard (HeliBoard fork)	2026-09-30T15:54:38.6799506Z C/C++:       |                                              ^
build	Build DaddyBoard (HeliBoard fork)	2026-09-30T15:54:38.6801005Z C/C++: /home/runner/work/daddyboard/daddyboard/daddyboard-main/app/src/main/jni/com_android_inputmethod_latin_BinaryDictionary.cpp:202:15: warning: variable length arrays in C++ are a Clang extension [-Wvla-cxx-extension]
build	Build DaddyBoard (HeliBoard fork)	2026-09-30T15:54:38.6802478Z C/C++:   202 |     int times[inputSize];
build	Build DaddyBoard (HeliBoard fork)	2026-09-30T15:54:38.6803099Z C/C++:       |               ^~~~~~~~~
build	Build DaddyBoard (HeliBoard fork)	2026-09-30T15:54:38.6804645Z C/C++: /home/runner/work/daddyboard/daddyboard/daddyboard-main/app/src/main/jni/com_android_inputmethod_latin_BinaryDictionary.cpp:202:15: note: function parameter 'inputSize' with unknown value cannot be used in a constant expression
build	Build DaddyBoard (HeliBoard fork)	2026-09-30T15:54:38.6807224Z C/C++: /home/runner/work/daddyboard/daddyboard/daddyboard-main/app/src/main/jni/com_android_inputmethod_latin_BinaryDictionary.cpp:181:46: note: declared here
build	Build DaddyBoard (HeliBoard fork)	2026-09-30T15:54:38.6808623Z C/C++:   181 |         jintArray inputCodePointsArray, jint inputSize, jintArray suggestOptions,
build	Build DaddyBoard (HeliBoard fork)	2026-09-30T15:54:38.6809385Z C/C++:       |                                              ^
build	Build DaddyBoard (HeliBoard fork)	2026-09-30T15:54:38.6810920Z C/C++: /home/runner/work/daddyboard/daddyboard/daddyboard-main/app/src/main/jni/com_android_inputmethod_latin_BinaryDictionary.cpp:203:20: warning: variable length arrays in C++ are a Clang extension [-Wvla-cxx-extension]
build	Build DaddyBoard (HeliBoard fork)	2026-09-30T15:54:38.6812416Z C/C++:   203 |     int pointerIds[inputSize];
build	Build DaddyBoard (HeliBoard fork)	2026-09-30T15:54:38.6813041Z C/C++:       |                    ^~~~~~~~~
build	Build DaddyBoard (HeliBoard fork)	2026-09-30T15:54:38.6814590Z C/C++: /home/runner/work/daddyboard/daddyboard/daddyboard-main/app/src/main/jni/com_android_inputmethod_latin_BinaryDictionary.cpp:203:20: note: function parameter 'inputSize' with unknown value cannot be used in a constant expression
build	Build DaddyBoard (HeliBoard fork)	2026-09-30T15:54:38.6816824Z C/C++: /home/runner/work/daddyboard/daddyboard/daddyboard-main/app/src/main/jni/com_android_inputmethod_latin_BinaryDictionary.cpp:181:46: note: declared here
build	Build DaddyBoard (HeliBoard fork)	2026-09-30T15:54:38.6818214Z C/C++:   181 |         jintArray inputCodePointsArray, jint inputSize, jintArray suggestOptions,
build	Build DaddyBoard (HeliBoard fork)	2026-09-30T15:54:38.6818965Z C/C++:       |                                              ^
build	Build DaddyBoard (HeliBoard fork)	2026-09-30T15:54:38.6820454Z C/C++: /home/runner/work/daddyboard/daddyboard/daddyboard-main/app/src/main/jni/com_android_inputmethod_latin_BinaryDictionary.cpp:205:25: warning: variable length arrays in C++ are a Clang extension [-Wvla-cxx-extension]
build	Build DaddyBoard (HeliBoard fork)	2026-09-30T15:54:38.6822003Z C/C++:   205 |     int inputCodePoints[inputCodePointsLength];
build	Build DaddyBoard (HeliBoard fork)	2026-09-30T15:54:38.6853033Z C/C++:       |                         ^~~~~~~~~~~~~~~~~~~~~
build	Build DaddyBoard (HeliBoard fork)	2026-09-30T15:54:38.6854694Z C/C++: /home/runner/work/daddyboard/daddyboard/daddyboard-main/app/src/main/jni/com_android_inputmethod_latin_BinaryDictionary.cpp:205:25: note: initializer of 'inputCodePointsLength' is not a constant expression
build	Build DaddyBoard (HeliBoard fork)	2026-09-30T15:54:38.6856904Z C/C++: /home/runner/work/daddyboard/daddyboard/daddyboard-main/app/src/main/jni/com_android_inputmethod_latin_BinaryDictionary.cpp:204:17: note: declared here
build	Build DaddyBoard (HeliBoard fork)	2026-09-30T15:54:38.6858355Z C/C++:   204 |     const jsize inputCodePointsLength = env->GetArrayLength(inputCodePointsArray);
build	Build DaddyBoard (HeliBoard fork)	2026-09-30T15:54:38.6859099Z C/C++:       |                 ^
build	Build DaddyBoard (HeliBoard fork)	2026-09-30T15:54:38.6860541Z C/C++: /home/runner/work/daddyboard/daddyboard/daddyboard-main/app/src/main/jni/com_android_inputmethod_latin_BinaryDictionary.cpp:213:17: warning: variable length arrays in C++ are a Clang extension [-Wvla-cxx-extension]
build	Build DaddyBoard (HeliBoard fork)	2026-09-30T15:54:38.6862173Z C/C++:   213 |     int options[numberOfOptions];
build	Build DaddyBoard (HeliBoard fork)	2026-09-30T15:54:38.6862681Z C/C++:       |                 ^~~~~~~~~~~~~~~
build	Build DaddyBoard (HeliBoard fork)	2026-09-30T15:54:38.6864248Z C/C++: /home/runner/work/daddyboard/daddyboard/daddyboard-main/app/src/main/jni/com_android_inputmethod_latin_BinaryDictionary.cpp:213:17: note: initializer of 'numberOfOptions' is not a constant expression
build	Build DaddyBoard (HeliBoard fork)	2026-09-30T15:54:38.6866315Z C/C++: /home/runner/work/daddyboard/daddyboard/daddyboard-main/app/src/main/jni/com_android_inputmethod_latin_BinaryDictionary.cpp:212:17: note: declared here
build	Build DaddyBoard (HeliBoard fork)	2026-09-30T15:54:38.6867633Z C/C++:   212 |     const jsize numberOfOptions = env->GetArrayLength(suggestOptions);
build	Build DaddyBoard (HeliBoard fork)	2026-09-30T15:54:38.6868291Z C/C++:       |                 ^
build	Build DaddyBoard (HeliBoard fork)	2026-09-30T15:54:38.6869723Z C/C++: /home/runner/work/daddyboard/daddyboard/daddyboard-main/app/src/main/jni/com_android_inputmethod_latin_BinaryDictionary.cpp:268:20: warning: variable length arrays in C++ are a Clang extension [-Wvla-cxx-extension]
build	Build DaddyBoard (HeliBoard fork)	2026-09-30T15:54:38.6871244Z C/C++:   268 |     int codePoints[codePointCount];
build	Build DaddyBoard (HeliBoard fork)	2026-09-30T15:54:38.6871720Z C/C++:       |                    ^~~~~~~~~~~~~~
build	Build DaddyBoard (HeliBoard fork)	2026-09-30T15:54:38.6873242Z C/C++: /home/runner/work/daddyboard/daddyboard/daddyboard-main/app/src/main/jni/com_android_inputmethod_latin_BinaryDictionary.cpp:268:20: note: initializer of 'codePointCount' is not a constant expression
build	Build DaddyBoard (HeliBoard fork)	2026-09-30T15:54:38.6875575Z C/C++: /home/runner/work/daddyboard/daddyboard/daddyboard-main/app/src/main/jni/com_android_inputmethod_latin_BinaryDictionary.cpp:267:17: note: declared here
build	Build DaddyBoard (HeliBoard fork)	2026-09-30T15:54:38.6876807Z C/C++:   267 |     const jsize codePointCount = env->GetArrayLength(word);
build	Build DaddyBoard (HeliBoard fork)	2026-09-30T15:54:38.6877383Z C/C++:       |                 ^
build	Build DaddyBoard (HeliBoard fork)	2026-09-30T15:54:38.6878763Z C/C++: /home/runner/work/daddyboard/daddyboard/daddyboard-main/app/src/main/jni/com_android_inputmethod_latin_BinaryDictionary.cpp:278:20: warning: variable length arrays in C++ are a Clang extension [-Wvla-cxx-extension]
build	Build DaddyBoard (HeliBoard fork)	2026-09-30T15:54:38.6880275Z C/C++:   278 |     int codePoints[codePointCount];
build	Build DaddyBoard (HeliBoard fork)	2026-09-30T15:54:38.6880770Z C/C++:       |                    ^~~~~~~~~~~~~~
build	Build DaddyBoard (HeliBoard fork)	2026-09-30T15:54:38.6882139Z C/C++: /home/runner/work/daddyboard/daddyboard/daddyboard-main/app/src/main/jni/com_android_inputmethod_latin_BinaryDictionary.cpp:278:20: note: initializer of 'codePointCount' is not a constant expression
build	Build DaddyBoard (HeliBoard fork)	2026-09-30T15:54:38.6934736Z C/C++: /home/runner/work/daddyboard/daddyboard/daddyboard-main/app/src/main/jni/com_android_inputmethod_latin_BinaryDictionary.cpp:277:17: note: declared here
build	Build DaddyBoard (HeliBoard fork)	2026-09-30T15:54:38.6936061Z C/C++:   277 |     const jsize codePointCount = env->GetArrayLength(word);
build	Build DaddyBoard (HeliBoard fork)	2026-09-30T15:54:38.6936670Z C/C++:       |                 ^
build	Build DaddyBoard (HeliBoard fork)	2026-09-30T15:54:38.6938118Z C/C++: /home/runner/work/daddyboard/daddyboard/daddyboard-main/app/src/main/jni/com_android_inputmethod_latin_BinaryDictionary.cpp:290:24: warning: variable length arrays in C++ are a Clang extension [-Wvla-cxx-extension]
build	Build DaddyBoard (HeliBoard fork)	2026-09-30T15:54:38.6939685Z C/C++:   290 |     int wordCodePoints[wordLength];
build	Build DaddyBoard (HeliBoard fork)	2026-09-30T15:54:38.6940429Z C/C++:       |                        ^~~~~~~~~~
build	Build DaddyBoard (HeliBoard fork)	2026-09-30T15:54:38.6941806Z C/C++: /home/runner/work/daddyboard/daddyboard/daddyboard-main/app/src/main/jni/com_android_inputmethod_latin_BinaryDictionary.cpp:290:24: note: initializer of 'wordLength' is not a constant expression
build	Build DaddyBoard (HeliBoard fork)	2026-09-30T15:54:38.6943968Z C/C++: /home/runner/work/daddyboard/daddyboard/daddyboard-main/app/src/main/jni/com_android_inputmethod_latin_BinaryDictionary.cpp:289:17: note: declared here
build	Build DaddyBoard (HeliBoard fork)	2026-09-30T15:54:38.6945202Z C/C++:   289 |     const jsize wordLength = env->GetArrayLength(word);
build	Build DaddyBoard (HeliBoard fork)	2026-09-30T15:54:38.6945735Z C/C++:       |                 ^
build	Build DaddyBoard (HeliBoard fork)	2026-09-30T15:54:38.6947137Z C/C++: /home/runner/work/daddyboard/daddyboard/daddyboard-main/app/src/main/jni/com_android_inputmethod_latin_BinaryDictionary.cpp:312:24: warning: variable length arrays in C++ are a Clang extension [-Wvla-cxx-extension]
build	Build DaddyBoard (HeliBoard fork)	2026-09-30T15:54:38.6948603Z C/C++:   312 |     int wordCodePoints[codePointBufSize];
build	Build DaddyBoard (HeliBoard fork)	2026-09-30T15:54:38.6949139Z C/C++:       |                        ^~~~~~~~~~~~~~~~
build	Build DaddyBoard (HeliBoard fork)	2026-09-30T15:54:38.6950509Z C/C++: /home/runner/work/daddyboard/daddyboard/daddyboard-main/app/src/main/jni/com_android_inputmethod_latin_BinaryDictionary.cpp:312:24: note: initializer of 'codePointBufSize' is not a constant expression
build	Build DaddyBoard (HeliBoard fork)	2026-09-30T15:54:38.6952574Z C/C++: /home/runner/work/daddyboard/daddyboard/daddyboard-main/app/src/main/jni/com_android_inputmethod_latin_BinaryDictionary.cpp:306:17: note: declared here
build	Build DaddyBoard (HeliBoard fork)	2026-09-30T15:54:38.6954083Z C/C++:   306 |     const jsize codePointBufSize = env->GetArrayLength(outCodePoints);
build	Build DaddyBoard (HeliBoard fork)	2026-09-30T15:54:38.6954784Z C/C++:       |                 ^
build	Build DaddyBoard (HeliBoard fork)	2026-09-30T15:54:38.6956180Z C/C++: /home/runner/work/daddyboard/daddyboard/daddyboard-main/app/src/main/jni/com_android_inputmethod_latin_BinaryDictionary.cpp:368:20: warning: variable length arrays in C++ are a Clang extension [-Wvla-cxx-extension]
build	Build DaddyBoard (HeliBoard fork)	2026-09-30T15:54:38.6957639Z C/C++:   368 |     int codePoints[codePointCount];
build	Build DaddyBoard (HeliBoard fork)	2026-09-30T15:54:38.6958152Z C/C++:       |                    ^~~~~~~~~~~~~~
build	Build DaddyBoard (HeliBoard fork)	2026-09-30T15:54:38.6959593Z C/C++: /home/runner/work/daddyboard/daddyboard/daddyboard-main/app/src/main/jni/com_android_inputmethod_latin_BinaryDictionary.cpp:368:20: note: read of non-const variable 'codePointCount' is not allowed in a constant expression
build	Build DaddyBoard (HeliBoard fork)	2026-09-30T15:54:38.6995394Z C/C++: /home/runner/work/daddyboard/daddyboard/daddyboard-main/app/src/main/jni/com_android_inputmethod_latin_BinaryDictionary.cpp:367:11: note: declared here
build	Build DaddyBoard (HeliBoard fork)	2026-09-30T15:54:38.6996708Z C/C++:   367 |     jsize codePointCount = env->GetArrayLength(word);
build	Build DaddyBoard (HeliBoard fork)	2026-09-30T15:54:38.6997268Z C/C++:       |           ^
build	Build DaddyBoard (HeliBoard fork)	2026-09-30T15:54:38.6998695Z C/C++: /home/runner/work/daddyboard/daddyboard/daddyboard-main/app/src/main/jni/com_android_inputmethod_latin_BinaryDictionary.cpp:393:20: warning: variable length arrays in C++ are a Clang extension [-Wvla-cxx-extension]
build	Build DaddyBoard (HeliBoard fork)	2026-09-30T15:54:38.7000236Z C/C++:   393 |     int codePoints[codePointCount];
build	Build DaddyBoard (HeliBoard fork)	2026-09-30T15:54:38.7000730Z C/C++:       |                    ^~~~~~~~~~~~~~
build	Build DaddyBoard (HeliBoard fork)	2026-09-30T15:54:38.7002289Z C/C++: /home/runner/work/daddyboard/daddyboard/daddyboard-main/app/src/main/jni/com_android_inputmethod_latin_BinaryDictionary.cpp:393:20: note: read of non-const variable 'codePointCount' is not allowed in a constant expression
build	Build DaddyBoard (HeliBoard fork)	2026-09-30T15:54:38.7004576Z C/C++: /home/runner/work/daddyboard/daddyboard/daddyboard-main/app/src/main/jni/com_android_inputmethod_latin_BinaryDictionary.cpp:392:11: note: declared here
build	Build DaddyBoard (HeliBoard fork)	2026-09-30T15:54:38.7005790Z C/C++:   392 |     jsize codePointCount = env->GetArrayLength(word);
build	Build DaddyBoard (HeliBoard fork)	2026-09-30T15:54:38.7006320Z C/C++:       |           ^
build	Build DaddyBoard (HeliBoard fork)	2026-09-30T15:54:38.7007669Z C/C++: /home/runner/work/daddyboard/daddyboard/daddyboard-main/app/src/main/jni/com_android_inputmethod_latin_BinaryDictionary.cpp:409:24: warning: variable length arrays in C++ are a Clang extension [-Wvla-cxx-extension]
build	Build DaddyBoard (HeliBoard fork)	2026-09-30T15:54:38.7009134Z C/C++:   409 |     int wordCodePoints[wordLength];
build	Build DaddyBoard (HeliBoard fork)	2026-09-30T15:54:38.7009611Z C/C++:       |                        ^~~~~~~~~~
build	Build DaddyBoard (HeliBoard fork)	2026-09-30T15:54:38.7011300Z C/C++: /home/runner/work/daddyboard/daddyboard/daddyboard-main/app/src/main/jni/com_android_inputmethod_latin_BinaryDictionary.cpp:409:24: note: read of non-const variable 'wordLength' is not allowed in a constant expression
build	Build DaddyBoard (HeliBoard fork)	2026-09-30T15:54:38.7013639Z C/C++: /home/runner/work/daddyboard/daddyboard/daddyboard-main/app/src/main/jni/com_android_inputmethod_latin_BinaryDictionary.cpp:408:11: note: declared here
build	Build DaddyBoard (HeliBoard fork)	2026-09-30T15:54:38.7014837Z C/C++:   408 |     jsize wordLength = env->GetArrayLength(word);
build	Build DaddyBoard (HeliBoard fork)	2026-09-30T15:54:38.7015342Z C/C++:       |           ^
build	Build DaddyBoard (HeliBoard fork)	2026-09-30T15:54:38.7016703Z C/C++: /home/runner/work/daddyboard/daddyboard/daddyboard-main/app/src/main/jni/com_android_inputmethod_latin_BinaryDictionary.cpp:429:24: warning: variable length arrays in C++ are a Clang extension [-Wvla-cxx-extension]
build	Build DaddyBoard (HeliBoard fork)	2026-09-30T15:54:38.7018180Z C/C++:   429 |     int wordCodePoints[codePointCount];
build	Build DaddyBoard (HeliBoard fork)	2026-09-30T15:54:38.7018695Z C/C++:       |                        ^~~~~~~~~~~~~~
build	Build DaddyBoard (HeliBoard fork)	2026-09-30T15:54:38.7020135Z C/C++: /home/runner/work/daddyboard/daddyboard/daddyboard-main/app/src/main/jni/com_android_inputmethod_latin_BinaryDictionary.cpp:429:24: note: read of non-const variable 'codePointCount' is not allowed in a constant expression
build	Build DaddyBoard (HeliBoard fork)	2026-09-30T15:54:38.7022178Z C/C++: /home/runner/work/daddyboard/daddyboard/daddyboard-main/app/src/main/jni/com_android_inputmethod_latin_BinaryDictionary.cpp:428:11: note: declared here
build	Build DaddyBoard (HeliBoard fork)	2026-09-30T15:54:38.7052238Z C/C++:   428 |     jsize codePointCount = env->GetArrayLength(word);
build	Build DaddyBoard (HeliBoard fork)	2026-09-30T15:54:38.7052971Z C/C++:       |           ^
build	Build DaddyBoard (HeliBoard fork)	2026-09-30T15:54:38.7054416Z C/C++: /home/runner/work/daddyboard/daddyboard/daddyboard-main/app/src/main/jni/com_android_inputmethod_latin_BinaryDictionary.cpp:447:24: warning: variable length arrays in C++ are a Clang extension [-Wvla-cxx-extension]
build	Build DaddyBoard (HeliBoard fork)	2026-09-30T15:54:38.7056268Z C/C++:   447 |     int wordCodePoints[codePointCount];
build	Build DaddyBoard (HeliBoard fork)	2026-09-30T15:54:38.7056802Z C/C++:       |                        ^~~~~~~~~~~~~~
build	Build DaddyBoard (HeliBoard fork)	2026-09-30T15:54:38.7058383Z C/C++: /home/runner/work/daddyboard/daddyboard/daddyboard-main/app/src/main/jni/com_android_inputmethod_latin_BinaryDictionary.cpp:447:24: note: read of non-const variable 'codePointCount' is not allowed in a constant expression
build	Build DaddyBoard (HeliBoard fork)	2026-09-30T15:54:38.7060621Z C/C++: /home/runner/work/daddyboard/daddyboard/daddyboard-main/app/src/main/jni/com_android_inputmethod_latin_BinaryDictionary.cpp:446:11: note: declared here
build	Build DaddyBoard (HeliBoard fork)	2026-09-30T15:54:38.7062152Z C/C++:   446 |     jsize codePointCount = env->GetArrayLength(word);
build	Build DaddyBoard (HeliBoard fork)	2026-09-30T15:54:38.7062699Z C/C++:       |           ^
build	Build DaddyBoard (HeliBoard fork)	2026-09-30T15:54:38.7064199Z C/C++: /home/runner/work/daddyboard/daddyboard/daddyboard-main/app/src/main/jni/com_android_inputmethod_latin_BinaryDictionary.cpp:484:28: warning: variable length arrays in C++ are a Clang extension [-Wvla-cxx-extension]
build	Build DaddyBoard (HeliBoard fork)	2026-09-30T15:54:38.7065696Z C/C++:   484 |         int wordCodePoints[wordLength];
build	Build DaddyBoard (HeliBoard fork)	2026-09-30T15:54:38.7066208Z C/C++:       |                            ^~~~~~~~~~
build	Build DaddyBoard (HeliBoard fork)	2026-09-30T15:54:38.7067717Z C/C++: /home/runner/work/daddyboard/daddyboard/daddyboard-main/app/src/main/jni/com_android_inputmethod_latin_BinaryDictionary.cpp:484:28: note: read of non-const variable 'wordLength' is not allowed in a constant expression
build	Build DaddyBoard (HeliBoard fork)	2026-09-30T15:54:38.7069832Z C/C++: /home/runner/work/daddyboard/daddyboard/daddyboard-main/app/src/main/jni/com_android_inputmethod_latin_BinaryDictionary.cpp:483:15: note: declared here
build	Build DaddyBoard (HeliBoard fork)	2026-09-30T15:54:38.7071052Z C/C++:   483 |         jsize wordLength = env->GetArrayLength(targetWord);
build	Build DaddyBoard (HeliBoard fork)	2026-09-30T15:54:38.7071588Z C/C++:       |               ^
build	Build DaddyBoard (HeliBoard fork)	2026-09-30T15:54:38.7093257Z C/C++: /home/runner/work/daddyboard/daddyboard/daddyboard-main/app/src/main/jni/com_android_inputmethod_latin_BinaryDictionary.cpp:518:21: warning: variable length arrays in C++ are a Clang extension [-Wvla-cxx-extension]
build	Build DaddyBoard (HeliBoard fork)	2026-09-30T15:54:38.7094920Z C/C++:   518 |     char queryChars[queryUtf8Length + 1];
build	Build DaddyBoard (HeliBoard fork)	2026-09-30T15:54:38.7095483Z C/C++:       |                     ^~~~~~~~~~~~~~~~~~~
build	Build DaddyBoard (HeliBoard fork)	2026-09-30T15:54:38.7114586Z C/C++: /home/runner/work/daddyboard/daddyboard/daddyboard-main/app/src/main/jni/com_android_inputmethod_latin_BinaryDictionary.cpp:518:21: note: initializer of 'queryUtf8Length' is not a constant expression
build	Build DaddyBoard (HeliBoard fork)	2026-09-30T15:54:38.7116732Z C/C++: /home/runner/work/daddyboard/daddyboard/daddyboard-main/app/src/main/jni/com_android_inputmethod_latin_BinaryDictionary.cpp:517:17: note: declared here
build	Build DaddyBoard (HeliBoard fork)	2026-09-30T15:54:38.7118070Z C/C++:   517 |     const jsize queryUtf8Length = env->GetStringUTFLength(query);
build	Build DaddyBoard (HeliBoard fork)	2026-09-30T15:54:38.7118689Z C/C++:       |                 ^
build	Build DaddyBoard (HeliBoard fork)	2026-09-30T15:54:38.7120127Z C/C++: /home/runner/work/daddyboard/daddyboard/daddyboard-main/app/src/main/jni/com_android_inputmethod_latin_BinaryDictionary.cpp:552:28: warning: variable length arrays in C++ are a Clang extension [-Wvla-cxx-extension]
build	Build DaddyBoard (HeliBoard fork)	2026-09-30T15:54:38.7121720Z C/C++:   552 |     char dictFilePathChars[filePathUtf8Length + 1];
build	Build DaddyBoard (HeliBoard fork)	2026-09-30T15:54:38.7122314Z C/C++:       |                            ^~~~~~~~~~~~~~~~~~~~~~
build	Build DaddyBoard (HeliBoard fork)	2026-09-30T15:54:38.7123875Z C/C++: /home/runner/work/daddyboard/daddyboard/daddyboard-main/app/src/main/jni/com_android_inputmethod_latin_BinaryDictionary.cpp:552:28: note: initializer of 'filePathUtf8Length' is not a constant expression
build	Build DaddyBoard (HeliBoard fork)	2026-09-30T15:54:38.7125931Z C/C++: /home/runner/work/daddyboard/daddyboard/daddyboard-main/app/src/main/jni/com_android_inputmethod_latin_BinaryDictionary.cpp:551:17: note: declared here
build	Build DaddyBoard (HeliBoard fork)	2026-09-30T15:54:38.7127254Z C/C++:   551 |     const jsize filePathUtf8Length = env->GetStringUTFLength(dictFilePath);
build	Build DaddyBoard (HeliBoard fork)	2026-09-30T15:54:38.7127969Z C/C++:       |                 ^
build	Build DaddyBoard (HeliBoard fork)	2026-09-30T15:54:38.7364657Z C/C++: In file included from /home/runner/work/daddyboard/daddyboard/daddyboard-main/app/src/main/jni/com_android_inputmethod_latin_BinaryDictionary.cpp:26:
build	Build DaddyBoard (HeliBoard fork)	2026-09-30T15:54:38.7434171Z C/C++: In file included from /home/runner/work/daddyboard/daddyboard/daddyboard-main/app/src/main/jni/src/dictionary/property/ngram_context.h:23:
build	Build DaddyBoard (HeliBoard fork)	2026-09-30T15:54:38.7465029Z C/C++: /home/runner/work/daddyboard/daddyboard/daddyboard-main/app/src/main/jni/src/utils/int_array_view.h:160:5: warning: definition of implicit copy constructor for 'IntArrayView' is deprecated because it has a user-declared copy assignment operator [-Wdeprecated-copy]
build	Build DaddyBoard (HeliBoard fork)	2026-09-30T15:54:38.7493424Z C/C++:   160 |     DISALLOW_ASSIGNMENT_OPERATOR(IntArrayView);
build	Build DaddyBoard (HeliBoard fork)	2026-09-30T15:54:38.7513319Z C/C++:       |     ^
build	Build DaddyBoard (HeliBoard fork)	2026-09-30T15:54:38.7518774Z C/C++: /home/runner/work/daddyboard/daddyboard/daddyboard-main/app/src/main/jni/src/defines.h:289:8: note: expanded from macro 'DISALLOW_ASSIGNMENT_OPERATOR'
build	Build DaddyBoard (HeliBoard fork)	2026-09-30T15:54:38.7543444Z C/C++:   289 |   void operator=(const TypeName&) = delete
build	Build DaddyBoard (HeliBoard fork)	2026-09-30T15:54:38.7575092Z C/C++:       |        ^
build	Build DaddyBoard (HeliBoard fork)	2026-09-30T15:54:38.7604288Z C/C++: /usr/local/lib/android/sdk/ndk/28.0.13004108/toolchains/llvm/prebuilt/linux-x86_64/sysroot/usr/include/c++/v1/__memory/allocator.h:173:24: note: in implicit copy constructor for 'latinime::IntArrayView' first required here
build	Build DaddyBoard (HeliBoard fork)	2026-09-30T15:54:38.7613508Z C/C++:   173 |     ::new ((void*)__p) _Up(std::forward<_Args>(__args)...);
build	Build DaddyBoard (HeliBoard fork)	2026-09-30T15:54:38.7633521Z C/C++:       |                        ^
build	Build DaddyBoard (HeliBoard fork)	2026-09-30T15:54:38.7665039Z C/C++: /usr/local/lib/android/sdk/ndk/28.0.13004108/toolchains/llvm/prebuilt/linux-x86_64/sysroot/usr/include/c++/v1/__memory/allocator_traits.h:320:9: note: in instantiation of function template specialization 'std::allocator<latinime::IntArrayView>::construct<latinime::IntArrayView, latinime::IntArrayView>' requested here
build	Build DaddyBoard (HeliBoard fork)	2026-09-30T15:54:38.7693377Z C/C++:   320 |     __a.construct(__p, std::forward<_Args>(__args)...);
build	Build DaddyBoard (HeliBoard fork)	2026-09-30T15:54:38.7693993Z C/C++:       |         ^
build	Build DaddyBoard (HeliBoard fork)	2026-09-30T15:54:38.7725258Z C/C++: /usr/local/lib/android/sdk/ndk/28.0.13004108/toolchains/llvm/prebuilt/linux-x86_64/sysroot/usr/include/c++/v1/__memory/uninitialized_algorithms.h:639:33: note: in instantiation of function template specialization 'std::allocator_traits<std::allocator<latinime::IntArrayView>>::construct<latinime::IntArrayView, latinime::IntArrayView, 0>' requested here
build	Build DaddyBoard (HeliBoard fork)	2026-09-30T15:54:38.7753643Z C/C++:   639 |       allocator_traits<_Alloc>::construct(__alloc, __result, std::move(*__iter));
build	Build DaddyBoard (HeliBoard fork)	2026-09-30T15:54:38.7777272Z C/C++:       |                                 ^
build	Build DaddyBoard (HeliBoard fork)	2026-09-30T15:54:38.7821577Z C/C++: /usr/local/lib/android/sdk/ndk/28.0.13004108/toolchains/llvm/prebuilt/linux-x86_64/sysroot/usr/include/c++/v1/vector:1511:3: note: in instantiation of member function 'std::vector<latinime::IntArrayView>::__swap_out_circular_buffer' requested here
build	Build DaddyBoard (HeliBoard fork)	2026-09-30T15:54:38.7823547Z C/C++:  1511 |   __swap_out_circular_buffer(__v);
build	Build DaddyBoard (HeliBoard fork)	2026-09-30T15:54:38.7853372Z C/C++:       |   ^
build	Build DaddyBoard (HeliBoard fork)	2026-09-30T15:54:38.7884851Z C/C++: /usr/local/lib/android/sdk/ndk/28.0.13004108/toolchains/llvm/prebuilt/linux-x86_64/sysroot/usr/include/c++/v1/vector:1529:13: note: in instantiation of function template specialization 'std::vector<latinime::IntArrayView>::__emplace_back_slow_path<const int *const &, const unsigned long &>' requested here
build	Build DaddyBoard (HeliBoard fork)	2026-09-30T15:54:38.7887166Z C/C++:  1529 |     __end = __emplace_back_slow_path(std::forward<_Args>(__args)...);
build	Build DaddyBoard (HeliBoard fork)	2026-09-30T15:54:38.7913421Z C/C++:       |             ^
build	Build DaddyBoard (HeliBoard fork)	2026-09-30T15:54:38.7937523Z C/C++: /home/runner/work/daddyboard/daddyboard/daddyboard-main/app/src/main/jni/src/utils/int_array_view.h:142:20: note: in instantiation of function template specialization 'std::vector<latinime::IntArrayView>::emplace_back<const int *const &, const unsigned long &>' requested here
build	Build DaddyBoard (HeliBoard fork)	2026-09-30T15:54:38.8023764Z C/C++:   142 |             result.emplace_back(mPtr, mSize);
build	Build DaddyBoard (HeliBoard fork)	2026-09-30T15:54:38.8083343Z C/C++:       |                    ^
build	Build DaddyBoard (HeliBoard fork)	2026-09-30T15:54:38.8134006Z C/C++: In file included from /home/runner/work/daddyboard/daddyboard/daddyboard-main/app/src/main/jni/com_android_inputmethod_latin_BinaryDictionary.cpp:27:
build	Build DaddyBoard (HeliBoard fork)	2026-09-30T15:54:38.8135870Z C/C++: In file included from /home/runner/work/daddyboard/daddyboard/daddyboard-main/app/src/main/jni/src/dictionary/property/word_property.h:23:
build	Build DaddyBoard (HeliBoard fork)	2026-09-30T15:54:38.8138309Z C/C++: /home/runner/work/daddyboard/daddyboard/daddyboard-main/app/src/main/jni/src/dictionary/property/ngram_property.h:54:5: warning: definition of implicit copy constructor for 'NgramProperty' is deprecated because it has a user-declared copy assignment operator [-Wdeprecated-copy]
build	Build DaddyBoard (HeliBoard fork)	2026-09-30T15:54:38.8140296Z C/C++:    54 |     DISALLOW_ASSIGNMENT_OPERATOR(NgramProperty);
build	Build DaddyBoard (HeliBoard fork)	2026-09-30T15:54:38.8141329Z C/C++:       |     ^
build	Build DaddyBoard (HeliBoard fork)	2026-09-30T15:54:38.8142298Z C/C++: /home/runner/work/daddyboard/daddyboard/daddyboard-main/app/src/main/jni/src/defines.h:289:8: note: expanded from macro 'DISALLOW_ASSIGNMENT_OPERATOR'
build	Build DaddyBoard (HeliBoard fork)	2026-09-30T15:54:38.8143538Z C/C++:   289 |   void operator=(const TypeName&) = delete
build	Build DaddyBoard (HeliBoard fork)	2026-09-30T15:54:38.8144014Z C/C++:       |        ^
build	Build DaddyBoard (HeliBoard fork)	2026-09-30T15:54:38.8145452Z C/C++: /usr/local/lib/android/sdk/ndk/28.0.13004108/toolchains/llvm/prebuilt/linux-x86_64/sysroot/usr/include/c++/v1/__memory/allocator.h:173:24: note: in implicit copy constructor for 'latinime::NgramProperty' first required here
build	Build DaddyBoard (HeliBoard fork)	2026-09-30T15:54:38.8147005Z C/C++:   173 |     ::new ((void*)__p) _Up(std::forward<_Args>(__args)...);
build	Build DaddyBoard (HeliBoard fork)	2026-09-30T15:54:38.8147538Z C/C++:       |                        ^
build	Build DaddyBoard (HeliBoard fork)	2026-09-30T15:54:38.8164812Z C/C++: /usr/local/lib/android/sdk/ndk/28.0.13004108/toolchains/llvm/prebuilt/linux-x86_64/sysroot/usr/include/c++/v1/__memory/allocator_traits.h:320:9: note: in instantiation of function template specialization 'std::allocator<latinime::NgramProperty>::construct<latinime::NgramProperty, latinime::NgramProperty &>' requested here
build	Build DaddyBoard (HeliBoard fork)	2026-09-30T15:54:38.8167041Z C/C++:   320 |     __a.construct(__p, std::forward<_Args>(__args)...);
build	Build DaddyBoard (HeliBoard fork)	2026-09-30T15:54:38.8167548Z C/C++:       |         ^
build	Build DaddyBoard (HeliBoard fork)	2026-09-30T15:54:38.8169652Z C/C++: /usr/local/lib/android/sdk/ndk/28.0.13004108/toolchains/llvm/prebuilt/linux-x86_64/sysroot/usr/include/c++/v1/__memory/uninitialized_algorithms.h:551:31: note: in instantiation of function template specialization 'std::allocator_traits<std::allocator<latinime::NgramProperty>>::construct<latinime::NgramProperty, latinime::NgramProperty &, 0>' requested here
build	Build DaddyBoard (HeliBoard fork)	2026-09-30T15:54:38.8172340Z C/C++:   551 |     allocator_traits<_Alloc>::construct(__alloc, std::__to_address(__first2), *__first1);
build	Build DaddyBoard (HeliBoard fork)	2026-09-30T15:54:38.8173266Z C/C++:       |                               ^
build	Build DaddyBoard (HeliBoard fork)	2026-09-30T15:54:38.8175617Z C/C++: /usr/local/lib/android/sdk/ndk/28.0.13004108/toolchains/llvm/prebuilt/linux-x86_64/sysroot/usr/include/c++/v1/__memory/uninitialized_algorithms.h:594:33: note: in instantiation of function template specialization 'std::__uninitialized_allocator_copy_impl<std::allocator<latinime::NgramProperty>, latinime::NgramProperty *, latinime::NgramProperty *, latinime::NgramProperty *>' requested here
build	Build DaddyBoard (HeliBoard fork)	2026-09-30T15:54:38.8178106Z C/C++:   594 |   auto __result          = std::__uninitialized_allocator_copy_impl(
build	Build DaddyBoard (HeliBoard fork)	2026-09-30T15:54:38.8178701Z C/C++:       |                                 ^
build	Build DaddyBoard (HeliBoard fork)	2026-09-30T15:54:38.8180812Z C/C++: /usr/local/lib/android/sdk/ndk/28.0.13004108/toolchains/llvm/prebuilt/linux-x86_64/sysroot/usr/include/c++/v1/vector:1100:22: note: in instantiation of function template specialization 'std::__uninitialized_allocator_copy<std::allocator<latinime::NgramProperty>, latinime::NgramProperty *, latinime::NgramProperty *, latinime::NgramProperty *>' requested here
build	Build DaddyBoard (HeliBoard fork)	2026-09-30T15:54:38.8193489Z C/C++:  1100 |   __tx.__pos_ = std::__uninitialized_allocator_copy(__alloc(), __first, __last, __tx.__pos_);
build	Build DaddyBoard (HeliBoard fork)	2026-09-30T15:54:38.8194272Z C/C++:       |                      ^
build	Build DaddyBoard (HeliBoard fork)	2026-09-30T15:54:38.8196145Z C/C++: /usr/local/lib/android/sdk/ndk/28.0.13004108/toolchains/llvm/prebuilt/linux-x86_64/sysroot/usr/include/c++/v1/vector:761:7: note: in instantiation of function template specialization 'std::vector<latinime::NgramProperty>::__construct_at_end<latinime::NgramProperty *, latinime::NgramProperty *>' requested here
build	Build DaddyBoard (HeliBoard fork)	2026-09-30T15:54:38.8223526Z C/C++:   761 |       __construct_at_end(__first, __last, __n);
build	Build DaddyBoard (HeliBoard fork)	2026-09-30T15:54:38.8224017Z C/C++:       |       ^
build	Build DaddyBoard (HeliBoard fork)	2026-09-30T15:54:38.8225862Z C/C++: /usr/local/lib/android/sdk/ndk/28.0.13004108/toolchains/llvm/prebuilt/linux-x86_64/sysroot/usr/include/c++/v1/vector:1213:3: note: in instantiation of function template specialization 'std::vector<latinime::NgramProperty>::__init_with_size<latinime::NgramProperty *, latinime::NgramProperty *>' requested here
build	Build DaddyBoard (HeliBoard fork)	2026-09-30T15:54:38.8227912Z C/C++:  1213 |   __init_with_size(__x.__begin_, __x.__end_, __x.size());
build	Build DaddyBoard (HeliBoard fork)	2026-09-30T15:54:38.8228700Z C/C++:       |   ^
build	Build DaddyBoard (HeliBoard fork)	2026-09-30T15:54:38.8230240Z C/C++: /home/runner/work/daddyboard/daddyboard/daddyboard-main/app/src/main/jni/src/dictionary/property/word_property.h:39:15: note: in instantiation of member function 'std::vector<latinime::NgramProperty>::vector' requested here
build	Build DaddyBoard (HeliBoard fork)	2026-09-30T15:54:38.8231784Z C/C++:    39 |               mNgrams(ngrams) {}
build	Build DaddyBoard (HeliBoard fork)	2026-09-30T15:54:38.8232214Z C/C++:       |               ^
build	Build DaddyBoard (HeliBoard fork)	2026-09-30T15:54:39.2364115Z C/C++: 29 warnings generated.
build	Build DaddyBoard (HeliBoard fork)	2026-09-30T15:54:39.2393077Z 
build	Build DaddyBoard (HeliBoard fork)	2026-09-30T15:54:39.2403526Z > Task :app:processDebugResources
build	Build DaddyBoard (HeliBoard fork)	2026-09-30T15:54:41.1383390Z 
build	Build DaddyBoard (HeliBoard fork)	2026-09-30T15:54:41.1463742Z > Task :app:buildNdkBuildDebug[arm64-v8a]
build	Build DaddyBoard (HeliBoard fork)	2026-09-30T15:54:41.1497127Z C/C++: In file included from /home/runner/work/daddyboard/daddyboard/daddyboard-main/app/src/main/jni/com_android_inputmethod_latin_BinaryDictionaryUtils.cpp:27:
build	Build DaddyBoard (HeliBoard fork)	2026-09-30T15:54:41.1538765Z C/C++: In file included from /home/runner/work/daddyboard/daddyboard/daddyboard-main/app/src/main/jni/src/utils/jni_data_utils.h:26:
build	Build DaddyBoard (HeliBoard fork)	2026-09-30T15:54:41.1563941Z C/C++: In file included from /home/runner/work/daddyboard/daddyboard/daddyboard-main/app/src/main/jni/src/dictionary/property/word_property.h:23:
build	Build DaddyBoard (HeliBoard fork)	2026-09-30T15:54:41.1593969Z C/C++: In file included from /home/runner/work/daddyboard/daddyboard/daddyboard-main/app/src/main/jni/src/dictionary/property/ngram_property.h:23:
build	Build DaddyBoard (HeliBoard fork)	2026-09-30T15:54:41.1596833Z C/C++: /home/runner/work/daddyboard/daddyboard/daddyboard-main/app/src/main/jni/src/dictionary/property/historical_info.h:52:5: warning: definition of implicit copy constructor for 'HistoricalInfo' is deprecated because it has a user-declared copy assignment operator [-Wdeprecated-copy]
build	Build DaddyBoard (HeliBoard fork)	2026-09-30T15:54:41.1623535Z C/C++:    52 |     DISALLOW_ASSIGNMENT_OPERATOR(HistoricalInfo);
build	Build DaddyBoard (HeliBoard fork)	2026-09-30T15:54:41.1653282Z C/C++:       |     ^
build	Build DaddyBoard (HeliBoard fork)	2026-09-30T15:54:41.1683970Z C/C++: /home/runner/work/daddyboard/daddyboard/daddyboard-main/app/src/main/jni/src/defines.h:289:8: note: expanded from macro 'DISALLOW_ASSIGNMENT_OPERATOR'
build	Build DaddyBoard (HeliBoard fork)	2026-09-30T15:54:41.1713413Z C/C++:   289 |   void operator=(const TypeName&) = delete
build	Build DaddyBoard (HeliBoard fork)	2026-09-30T15:54:41.1773595Z C/C++:       |        ^
build	Build DaddyBoard (HeliBoard fork)	2026-09-30T15:54:41.1804617Z C/C++: /home/runner/work/daddyboard/daddyboard/daddyboard-main/app/src/main/jni/src/dictionary/property/ngram_property.h:33:42: note: in implicit copy constructor for 'latinime::HistoricalInfo' first required here
build	Build DaddyBoard (HeliBoard fork)	2026-09-30T15:54:41.1843807Z C/C++:    33 |               mProbability(probability), mHistoricalInfo(historicalInfo) {}
build	Build DaddyBoard (HeliBoard fork)	2026-09-30T15:54:41.1873431Z C/C++:       |                                          ^
build	Build DaddyBoard (HeliBoard fork)	2026-09-30T15:54:41.1944157Z C/C++: In file included from /home/runner/work/daddyboard/daddyboard/daddyboard-main/app/src/main/jni/com_android_inputmethod_latin_BinaryDictionaryUtils.cpp:27:
build	Build DaddyBoard (HeliBoard fork)	2026-09-30T15:54:41.2003961Z C/C++: In file included from /home/runner/work/daddyboard/daddyboard/daddyboard-main/app/src/main/jni/src/utils/jni_data_utils.h:26:
build	Build DaddyBoard (HeliBoard fork)	2026-09-30T15:54:41.2064153Z C/C++: In file included from /home/runner/work/daddyboard/daddyboard/daddyboard-main/app/src/main/jni/src/dictionary/property/word_property.h:24:
build	Build DaddyBoard (HeliBoard fork)	2026-09-30T15:54:41.2154869Z C/C++: /home/runner/work/daddyboard/daddyboard/daddyboard-main/app/src/main/jni/src/dictionary/property/unigram_property.h:126:5: warning: definition of implicit copy constructor for 'UnigramProperty' is deprecated because it has a user-declared copy assignment operator [-Wdeprecated-copy]
build	Build DaddyBoard (HeliBoard fork)	2026-09-30T15:54:41.2213513Z C/C++:   126 |     DISALLOW_ASSIGNMENT_OPERATOR(UnigramProperty);
build	Build DaddyBoard (HeliBoard fork)	2026-09-30T15:54:41.2243505Z C/C++:       |     ^
build	Build DaddyBoard (HeliBoard fork)	2026-09-30T15:54:41.2267305Z C/C++: /home/runner/work/daddyboard/daddyboard/daddyboard-main/app/src/main/jni/src/defines.h:289:8: note: expanded from macro 'DISALLOW_ASSIGNMENT_OPERATOR'
build	Build DaddyBoard (HeliBoard fork)	2026-09-30T15:54:41.2323592Z C/C++:   289 |   void operator=(const TypeName&) = delete
build	Build DaddyBoard (HeliBoard fork)	2026-09-30T15:54:41.2343935Z C/C++:       |        ^
build	Build DaddyBoard (HeliBoard fork)	2026-09-30T15:54:41.2356584Z C/C++: /home/runner/work/daddyboard/daddyboard/daddyboard-main/app/src/main/jni/src/dictionary/property/word_property.h:38:51: note: in implicit copy constructor for 'latinime::UnigramProperty' first required here
build	Build DaddyBoard (HeliBoard fork)	2026-09-30T15:54:41.2359184Z C/C++:    38 |             : mCodePoints(std::move(codePoints)), mUnigramProperty(unigramProperty),
build	Build DaddyBoard (HeliBoard fork)	2026-09-30T15:54:41.2360043Z C/C++:       |                                                   ^
build	Build DaddyBoard (HeliBoard fork)	2026-09-30T15:54:41.2361301Z C/C++: In file included from /home/runner/work/daddyboard/daddyboard/daddyboard-main/app/src/main/jni/com_android_inputmethod_latin_BinaryDictionaryUtils.cpp:27:
build	Build DaddyBoard (HeliBoard fork)	2026-09-30T15:54:41.2365423Z C/C++: /home/runner/work/daddyboard/daddyboard/daddyboard-main/app/src/main/jni/src/utils/jni_data_utils.h:52:27: warning: variable length arrays in C++ are a Clang extension [-Wvla-cxx-extension]
build	Build DaddyBoard (HeliBoard fork)	2026-09-30T15:54:41.2367001Z C/C++:    52 |             char keyChars[keyUtf8Length + 1];
build	Build DaddyBoard (HeliBoard fork)	2026-09-30T15:54:41.2426232Z C/C++:       |                           ^~~~~~~~~~~~~~~~~
build	Build DaddyBoard (HeliBoard fork)	2026-09-30T15:54:41.2544678Z C/C++: /home/runner/work/daddyboard/daddyboard/daddyboard-main/app/src/main/jni/src/utils/jni_data_utils.h:52:27: note: initializer of 'keyUtf8Length' is not a constant expression
build	Build DaddyBoard (HeliBoard fork)	2026-09-30T15:54:41.2546960Z C/C++: /home/runner/work/daddyboard/daddyboard/daddyboard-main/app/src/main/jni/src/utils/jni_data_utils.h:51:25: note: declared here
build	Build DaddyBoard (HeliBoard fork)	2026-09-30T15:54:41.2585425Z C/C++:    51 |             const jsize keyUtf8Length = env->GetStringUTFLength(keyString);
build	Build DaddyBoard (HeliBoard fork)	2026-09-30T15:54:41.2613439Z C/C++:       |                         ^
build	Build DaddyBoard (HeliBoard fork)	2026-09-30T15:54:41.2644441Z C/C++: /home/runner/work/daddyboard/daddyboard/daddyboard-main/app/src/main/jni/src/utils/jni_data_utils.h:62:29: warning: variable length arrays in C++ are a Clang extension [-Wvla-cxx-extension]
build	Build DaddyBoard (HeliBoard fork)	2026-09-30T15:54:41.2646774Z C/C++:    62 |             char valueChars[valueUtf8Length + 1];
build	Build DaddyBoard (HeliBoard fork)	2026-09-30T15:54:41.2673515Z C/C++:       |                             ^~~~~~~~~~~~~~~~~~~
build	Build DaddyBoard (HeliBoard fork)	2026-09-30T15:54:41.2704232Z C/C++: /home/runner/work/daddyboard/daddyboard/daddyboard-main/app/src/main/jni/src/utils/jni_data_utils.h:62:29: note: initializer of 'valueUtf8Length' is not a constant expression
build	Build DaddyBoard (HeliBoard fork)	2026-09-30T15:54:41.2734025Z C/C++: /home/runner/work/daddyboard/daddyboard/daddyboard-main/app/src/main/jni/src/utils/jni_data_utils.h:61:25: note: declared here
build	Build DaddyBoard (HeliBoard fork)	2026-09-30T15:54:41.2735564Z C/C++:    61 |             const jsize valueUtf8Length = env->GetStringUTFLength(valueString);
build	Build DaddyBoard (HeliBoard fork)	2026-09-30T15:54:41.2754219Z C/C++:       |                         ^
build	Build DaddyBoard (HeliBoard fork)	2026-09-30T15:54:41.2757427Z C/C++: /home/runner/work/daddyboard/daddyboard/daddyboard-main/app/src/main/jni/src/utils/jni_data_utils.h:77:29: warning: variable length arrays in C++ are a Clang extension [-Wvla-cxx-extension]
build	Build DaddyBoard (HeliBoard fork)	2026-09-30T15:54:41.2771272Z C/C++:    77 |         int outputCodePonts[codePointBufSize];
build	Build DaddyBoard (HeliBoard fork)	2026-09-30T15:54:41.2823611Z C/C++:       |                             ^~~~~~~~~~~~~~~~
build	Build DaddyBoard (HeliBoard fork)	2026-09-30T15:54:41.2825206Z C/C++: /home/runner/work/daddyboard/daddyboard/daddyboard-main/app/src/main/jni/src/utils/jni_data_utils.h:77:29: note: initializer of 'codePointBufSize' is not a constant expression
build	Build DaddyBoard (HeliBoard fork)	2026-09-30T15:54:41.2854045Z C/C++: /home/runner/work/daddyboard/daddyboard/daddyboard-main/app/src/main/jni/src/utils/jni_data_utils.h:76:19: note: declared here
build	Build DaddyBoard (HeliBoard fork)	2026-09-30T15:54:41.2883659Z C/C++:    76 |         const int codePointBufSize = std::min(maxLength, codePointCount);
build	Build DaddyBoard (HeliBoard fork)	2026-09-30T15:54:41.2911570Z C/C++:       |                   ^
build	Build DaddyBoard (HeliBoard fork)	2026-09-30T15:54:41.2944480Z C/C++: /home/runner/work/daddyboard/daddyboard/daddyboard-main/app/src/main/jni/com_android_inputmethod_latin_BinaryDictionaryUtils.cpp:36:24: warning: variable length arrays in C++ are a Clang extension [-Wvla-cxx-extension]
build	Build DaddyBoard (HeliBoard fork)	2026-09-30T15:54:41.2946438Z C/C++:    36 |     char filePathChars[filePathUtf8Length + 1];
build	Build DaddyBoard (HeliBoard fork)	2026-09-30T15:54:41.2973369Z C/C++:       |                        ^~~~~~~~~~~~~~~~~~~~~~
build	Build DaddyBoard (HeliBoard fork)	2026-09-30T15:54:41.3004461Z C/C++: /home/runner/work/daddyboard/daddyboard/daddyboard-main/app/src/main/jni/com_android_inputmethod_latin_BinaryDictionaryUtils.cpp:36:24: note: initializer of 'filePathUtf8Length' is not a constant expression
build	Build DaddyBoard (HeliBoard fork)	2026-09-30T15:54:41.3007462Z C/C++: /home/runner/work/daddyboard/daddyboard/daddyboard-main/app/src/main/jni/com_android_inputmethod_latin_BinaryDictionaryUtils.cpp:35:17: note: declared here
build	Build DaddyBoard (HeliBoard fork)	2026-09-30T15:54:41.3033733Z C/C++:    35 |     const jsize filePathUtf8Length = env->GetStringUTFLength(filePath);
build	Build DaddyBoard (HeliBoard fork)	2026-09-30T15:54:41.3063456Z C/C++:       |                 ^
build	Build DaddyBoard (HeliBoard fork)	2026-09-30T15:54:41.3094449Z C/C++: /home/runner/work/daddyboard/daddyboard/daddyboard-main/app/src/main/jni/com_android_inputmethod_latin_BinaryDictionaryUtils.cpp:41:22: warning: variable length arrays in C++ are a Clang extension [-Wvla-cxx-extension]
build	Build DaddyBoard (HeliBoard fork)	2026-09-30T15:54:41.3123509Z C/C++:    41 |     char localeChars[localeUtf8Length + 1];
build	Build DaddyBoard (HeliBoard fork)	2026-09-30T15:54:41.3124345Z C/C++:       |                      ^~~~~~~~~~~~~~~~~~~~
build	Build DaddyBoard (HeliBoard fork)	2026-09-30T15:54:41.3150654Z C/C++: /home/runner/work/daddyboard/daddyboard/daddyboard-main/app/src/main/jni/com_android_inputmethod_latin_BinaryDictionaryUtils.cpp:41:22: note: initializer of 'localeUtf8Length' is not a constant expression
build	Build DaddyBoard (HeliBoard fork)	2026-09-30T15:54:41.3184069Z C/C++: /home/runner/work/daddyboard/daddyboard/daddyboard-main/app/src/main/jni/com_android_inputmethod_latin_BinaryDictionaryUtils.cpp:40:17: note: declared here
build	Build DaddyBoard (HeliBoard fork)	2026-09-30T15:54:41.3213502Z C/C++:    40 |     const jsize localeUtf8Length = env->GetStringUTFLength(locale);
build	Build DaddyBoard (HeliBoard fork)	2026-09-30T15:54:41.3214189Z C/C++:       |                 ^
build	Build DaddyBoard (HeliBoard fork)	2026-09-30T15:54:41.3244501Z C/C++: /home/runner/work/daddyboard/daddyboard/daddyboard-main/app/src/main/jni/com_android_inputmethod_latin_BinaryDictionaryUtils.cpp:63:26: warning: variable length arrays in C++ are a Clang extension [-Wvla-cxx-extension]
build	Build DaddyBoard (HeliBoard fork)	2026-09-30T15:54:41.3273473Z C/C++:    63 |     int beforeCodePoints[beforeLength];
build	Build DaddyBoard (HeliBoard fork)	2026-09-30T15:54:41.3274873Z C/C++:       |                          ^~~~~~~~~~~~
build	Build DaddyBoard (HeliBoard fork)	2026-09-30T15:54:41.3304503Z C/C++: /home/runner/work/daddyboard/daddyboard/daddyboard-main/app/src/main/jni/com_android_inputmethod_latin_BinaryDictionaryUtils.cpp:63:26: note: read of non-const variable 'beforeLength' is not allowed in a constant expression
build	Build DaddyBoard (HeliBoard fork)	2026-09-30T15:54:41.3334009Z C/C++: /home/runner/work/daddyboard/daddyboard/daddyboard-main/app/src/main/jni/com_android_inputmethod_latin_BinaryDictionaryUtils.cpp:61:11: note: declared here
build	Build DaddyBoard (HeliBoard fork)	2026-09-30T15:54:41.3335334Z C/C++:    61 |     jsize beforeLength = env->GetArrayLength(before);
build	Build DaddyBoard (HeliBoard fork)	2026-09-30T15:54:41.3335905Z C/C++:       |           ^
build	Build DaddyBoard (HeliBoard fork)	2026-09-30T15:54:41.3337357Z C/C++: /home/runner/work/daddyboard/daddyboard/daddyboard-main/app/src/main/jni/com_android_inputmethod_latin_BinaryDictionaryUtils.cpp:64:25: warning: variable length arrays in C++ are a Clang extension [-Wvla-cxx-extension]
build	Build DaddyBoard (HeliBoard fork)	2026-09-30T15:54:41.3363496Z C/C++:    64 |     int afterCodePoints[afterLength];
build	Build DaddyBoard (HeliBoard fork)	2026-09-30T15:54:41.3364307Z C/C++:       |                         ^~~~~~~~~~~
build	Build DaddyBoard (HeliBoard fork)	2026-09-30T15:54:41.3394426Z C/C++: /home/runner/work/daddyboard/daddyboard/daddyboard-main/app/src/main/jni/com_android_inputmethod_latin_BinaryDictionaryUtils.cpp:64:25: note: read of non-const variable 'afterLength' is not allowed in a constant expression
build	Build DaddyBoard (HeliBoard fork)	2026-09-30T15:54:41.3424224Z C/C++: /home/runner/work/daddyboard/daddyboard/daddyboard-main/app/src/main/jni/com_android_inputmethod_latin_BinaryDictionaryUtils.cpp:62:11: note: declared here
build	Build DaddyBoard (HeliBoard fork)	2026-09-30T15:54:41.3453484Z C/C++:    62 |     jsize afterLength = env->GetArrayLength(after);
build	Build DaddyBoard (HeliBoard fork)	2026-09-30T15:54:41.3483362Z C/C++:       |           ^
build	Build DaddyBoard (HeliBoard fork)	2026-09-30T15:54:41.3484772Z C/C++: In file included from /home/runner/work/daddyboard/daddyboard/daddyboard-main/app/src/main/jni/com_android_inputmethod_latin_BinaryDictionaryUtils.cpp:27:
build	Build DaddyBoard (HeliBoard fork)	2026-09-30T15:54:41.3513964Z C/C++: In file included from /home/runner/work/daddyboard/daddyboard/daddyboard-main/app/src/main/jni/src/utils/jni_data_utils.h:25:
build	Build DaddyBoard (HeliBoard fork)	2026-09-30T15:54:41.3544108Z C/C++: In file included from /home/runner/work/daddyboard/daddyboard/daddyboard-main/app/src/main/jni/src/dictionary/property/ngram_context.h:23:
build	Build DaddyBoard (HeliBoard fork)	2026-09-30T15:54:41.3574787Z C/C++: /home/runner/work/daddyboard/daddyboard/daddyboard-main/app/src/main/jni/src/utils/int_array_view.h:160:5: warning: definition of implicit copy constructor for 'IntArrayView' is deprecated because it has a user-declared copy assignment operator [-Wdeprecated-copy]
build	Build DaddyBoard (HeliBoard fork)	2026-09-30T15:54:41.3577479Z C/C++:   160 |     DISALLOW_ASSIGNMENT_OPERATOR(IntArrayView);
build	Build DaddyBoard (HeliBoard fork)	2026-09-30T15:54:41.3603380Z C/C++:       |     ^
build	Build DaddyBoard (HeliBoard fork)	2026-09-30T15:54:41.3634133Z C/C++: /home/runner/work/daddyboard/daddyboard/daddyboard-main/app/src/main/jni/src/defines.h:289:8: note: expanded from macro 'DISALLOW_ASSIGNMENT_OPERATOR'
build	Build DaddyBoard (HeliBoard fork)	2026-09-30T15:54:41.3663540Z C/C++:   289 |   void operator=(const TypeName&) = delete
build	Build DaddyBoard (HeliBoard fork)	2026-09-30T15:54:41.3664295Z C/C++:       |        ^
build	Build DaddyBoard (HeliBoard fork)	2026-09-30T15:54:41.3694598Z C/C++: /usr/local/lib/android/sdk/ndk/28.0.13004108/toolchains/llvm/prebuilt/linux-x86_64/sysroot/usr/include/c++/v1/__memory/allocator.h:173:24: note: in implicit copy constructor for 'latinime::IntArrayView' first required here
build	Build DaddyBoard (HeliBoard fork)	2026-09-30T15:54:41.3723549Z C/C++:   173 |     ::new ((void*)__p) _Up(std::forward<_Args>(__args)...);
build	Build DaddyBoard (HeliBoard fork)	2026-09-30T15:54:41.3753460Z C/C++:       |                        ^
build	Build DaddyBoard (HeliBoard fork)	2026-09-30T15:54:41.3755774Z C/C++: /usr/local/lib/android/sdk/ndk/28.0.13004108/toolchains/llvm/prebuilt/linux-x86_64/sysroot/usr/include/c++/v1/__memory/allocator_traits.h:320:9: note: in instantiation of function template specialization 'std::allocator<latinime::IntArrayView>::construct<latinime::IntArrayView, latinime::IntArrayView>' requested here
build	Build DaddyBoard (HeliBoard fork)	2026-09-30T15:54:41.3783565Z C/C++:   320 |     __a.construct(__p, std::forward<_Args>(__args)...);
build	Build DaddyBoard (HeliBoard fork)	2026-09-30T15:54:41.3813396Z C/C++:       |         ^
build	Build DaddyBoard (HeliBoard fork)	2026-09-30T15:54:41.3845224Z C/C++: /usr/local/lib/android/sdk/ndk/28.0.13004108/toolchains/llvm/prebuilt/linux-x86_64/sysroot/usr/include/c++/v1/__memory/uninitialized_algorithms.h:639:33: note: in instantiation of function template specialization 'std::allocator_traits<std::allocator<latinime::IntArrayView>>::construct<latinime::IntArrayView, latinime::IntArrayView, 0>' requested here
build	Build DaddyBoard (HeliBoard fork)	2026-09-30T15:54:41.3848545Z C/C++:   639 |       allocator_traits<_Alloc>::construct(__alloc, __result, std::move(*__iter));
build	Build DaddyBoard (HeliBoard fork)	2026-09-30T15:54:41.3873447Z C/C++:       |                                 ^
build	Build DaddyBoard (HeliBoard fork)	2026-09-30T15:54:41.3904656Z C/C++: /usr/local/lib/android/sdk/ndk/28.0.13004108/toolchains/llvm/prebuilt/linux-x86_64/sysroot/usr/include/c++/v1/vector:1511:3: note: in instantiation of member function 'std::vector<latinime::IntArrayView>::__swap_out_circular_buffer' requested here
build	Build DaddyBoard (HeliBoard fork)	2026-09-30T15:54:41.3933586Z C/C++:  1511 |   __swap_out_circular_buffer(__v);
build	Build DaddyBoard (HeliBoard fork)	2026-09-30T15:54:41.3963363Z C/C++:       |   ^
build	Build DaddyBoard (HeliBoard fork)	2026-09-30T15:54:41.3965326Z C/C++: /usr/local/lib/android/sdk/ndk/28.0.13004108/toolchains/llvm/prebuilt/linux-x86_64/sysroot/usr/include/c++/v1/vector:1529:13: note: in instantiation of function template specialization 'std::vector<latinime::IntArrayView>::__emplace_back_slow_path<const int *const &, const unsigned long &>' requested here
build	Build DaddyBoard (HeliBoard fork)	2026-09-30T15:54:41.3993635Z C/C++:  1529 |     __end = __emplace_back_slow_path(std::forward<_Args>(__args)...);
build	Build DaddyBoard (HeliBoard fork)	2026-09-30T15:54:41.4023441Z C/C++:       |             ^
build	Build DaddyBoard (HeliBoard fork)	2026-09-30T15:54:41.4025529Z C/C++: /home/runner/work/daddyboard/daddyboard/daddyboard-main/app/src/main/jni/src/utils/int_array_view.h:142:20: note: in instantiation of function template specialization 'std::vector<latinime::IntArrayView>::emplace_back<const int *const &, const unsigned long &>' requested here
build	Build DaddyBoard (HeliBoard fork)	2026-09-30T15:54:41.4053449Z C/C++:   142 |             result.emplace_back(mPtr, mSize);
build	Build DaddyBoard (HeliBoard fork)	2026-09-30T15:54:41.4054018Z C/C++:       |                    ^
build	Build DaddyBoard (HeliBoard fork)	2026-09-30T15:54:41.4055222Z C/C++: In file included from /home/runner/work/daddyboard/daddyboard/daddyboard-main/app/src/main/jni/com_android_inputmethod_latin_BinaryDictionaryUtils.cpp:27:
build	Build DaddyBoard (HeliBoard fork)	2026-09-30T15:54:41.4083998Z C/C++: In file included from /home/runner/work/daddyboard/daddyboard/daddyboard-main/app/src/main/jni/src/utils/jni_data_utils.h:26:
build	Build DaddyBoard (HeliBoard fork)	2026-09-30T15:54:41.4085620Z C/C++: In file included from /home/runner/work/daddyboard/daddyboard/daddyboard-main/app/src/main/jni/src/dictionary/property/word_property.h:23:
build	Build DaddyBoard (HeliBoard fork)	2026-09-30T15:54:41.4088686Z C/C++: /home/runner/work/daddyboard/daddyboard/daddyboard-main/app/src/main/jni/src/dictionary/property/ngram_property.h:54:5: warning: definition of implicit copy constructor for 'NgramProperty' is deprecated because it has a user-declared copy assignment operator [-Wdeprecated-copy]
build	Build DaddyBoard (HeliBoard fork)	2026-09-30T15:54:41.4090784Z C/C++:    54 |     DISALLOW_ASSIGNMENT_OPERATOR(NgramProperty);
build	Build DaddyBoard (HeliBoard fork)	2026-09-30T15:54:41.4091323Z C/C++:       |     ^
build	Build DaddyBoard (HeliBoard fork)	2026-09-30T15:54:41.4092373Z C/C++: /home/runner/work/daddyboard/daddyboard/daddyboard-main/app/src/main/jni/src/defines.h:289:8: note: expanded from macro 'DISALLOW_ASSIGNMENT_OPERATOR'
build	Build DaddyBoard (HeliBoard fork)	2026-09-30T15:54:41.4093724Z C/C++:   289 |   void operator=(const TypeName&) = delete
build	Build DaddyBoard (HeliBoard fork)	2026-09-30T15:54:41.4094237Z C/C++:       |        ^
build	Build DaddyBoard (HeliBoard fork)	2026-09-30T15:54:41.4095656Z C/C++: /usr/local/lib/android/sdk/ndk/28.0.13004108/toolchains/llvm/prebuilt/linux-x86_64/sysroot/usr/include/c++/v1/__memory/allocator.h:173:24: note: in implicit copy constructor for 'latinime::NgramProperty' first required here
build	Build DaddyBoard (HeliBoard fork)	2026-09-30T15:54:41.4097265Z C/C++:   173 |     ::new ((void*)__p) _Up(std::forward<_Args>(__args)...);
build	Build DaddyBoard (HeliBoard fork)	2026-09-30T15:54:41.4097837Z C/C++:       |                        ^
build	Build DaddyBoard (HeliBoard fork)	2026-09-30T15:54:41.4099914Z C/C++: /usr/local/lib/android/sdk/ndk/28.0.13004108/toolchains/llvm/prebuilt/linux-x86_64/sysroot/usr/include/c++/v1/__memory/allocator_traits.h:320:9: note: in instantiation of function template specialization 'std::allocator<latinime::NgramProperty>::construct<latinime::NgramProperty, latinime::NgramProperty &>' requested here
build	Build DaddyBoard (HeliBoard fork)	2026-09-30T15:54:41.4102184Z C/C++:   320 |     __a.construct(__p, std::forward<_Args>(__args)...);
build	Build DaddyBoard (HeliBoard fork)	2026-09-30T15:54:41.4103175Z C/C++:       |         ^
build	Build DaddyBoard (HeliBoard fork)	2026-09-30T15:54:41.4105402Z C/C++: /usr/local/lib/android/sdk/ndk/28.0.13004108/toolchains/llvm/prebuilt/linux-x86_64/sysroot/usr/include/c++/v1/__memory/uninitialized_algorithms.h:551:31: note: in instantiation of function template specialization 'std::allocator_traits<std::allocator<latinime::NgramProperty>>::construct<latinime::NgramProperty, latinime::NgramProperty &, 0>' requested here
build	Build DaddyBoard (HeliBoard fork)	2026-09-30T15:54:41.4108012Z C/C++:   551 |     allocator_traits<_Alloc>::construct(__alloc, std::__to_address(__first2), *__first1);
build	Build DaddyBoard (HeliBoard fork)	2026-09-30T15:54:41.4108775Z C/C++:       |                               ^
build	Build DaddyBoard (HeliBoard fork)	2026-09-30T15:54:41.4111300Z C/C++: /usr/local/lib/android/sdk/ndk/28.0.13004108/toolchains/llvm/prebuilt/linux-x86_64/sysroot/usr/include/c++/v1/__memory/uninitialized_algorithms.h:594:33: note: in instantiation of function template specialization 'std::__uninitialized_allocator_copy_impl<std::allocator<latinime::NgramProperty>, latinime::NgramProperty *, latinime::NgramProperty *, latinime::NgramProperty *>' requested here
build	Build DaddyBoard (HeliBoard fork)	2026-09-30T15:54:41.4144505Z C/C++:   594 |   auto __result          = std::__uninitialized_allocator_copy_impl(
build	Build DaddyBoard (HeliBoard fork)	2026-09-30T15:54:41.4145181Z C/C++:       |                                 ^
build	Build DaddyBoard (HeliBoard fork)	2026-09-30T15:54:41.4147505Z C/C++: /usr/local/lib/android/sdk/ndk/28.0.13004108/toolchains/llvm/prebuilt/linux-x86_64/sysroot/usr/include/c++/v1/vector:1100:22: note: in instantiation of function template specialization 'std::__uninitialized_allocator_copy<std::allocator<latinime::NgramProperty>, latinime::NgramProperty *, latinime::NgramProperty *, latinime::NgramProperty *>' requested here
build	Build DaddyBoard (HeliBoard fork)	2026-09-30T15:54:41.4150131Z C/C++:  1100 |   __tx.__pos_ = std::__uninitialized_allocator_copy(__alloc(), __first, __last, __tx.__pos_);
build	Build DaddyBoard (HeliBoard fork)	2026-09-30T15:54:41.4150872Z C/C++:       |                      ^
build	Build DaddyBoard (HeliBoard fork)	2026-09-30T15:54:41.4152935Z C/C++: /usr/local/lib/android/sdk/ndk/28.0.13004108/toolchains/llvm/prebuilt/linux-x86_64/sysroot/usr/include/c++/v1/vector:761:7: note: in instantiation of function template specialization 'std::vector<latinime::NgramProperty>::__construct_at_end<latinime::NgramProperty *, latinime::NgramProperty *>' requested here
build	Build DaddyBoard (HeliBoard fork)	2026-09-30T15:54:41.4155011Z C/C++:   761 |       __construct_at_end(__first, __last, __n);
build	Build DaddyBoard (HeliBoard fork)	2026-09-30T15:54:41.4155513Z C/C++:       |       ^
build	Build DaddyBoard (HeliBoard fork)	2026-09-30T15:54:41.4157798Z C/C++: /usr/local/lib/android/sdk/ndk/28.0.13004108/toolchains/llvm/prebuilt/linux-x86_64/sysroot/usr/include/c++/v1/vector:1213:3: note: in instantiation of function template specialization 'std::vector<latinime::NgramProperty>::__init_with_size<latinime::NgramProperty *, latinime::NgramProperty *>' requested here
build	Build DaddyBoard (HeliBoard fork)	2026-09-30T15:54:41.4159924Z C/C++:  1213 |   __init_with_size(__x.__begin_, __x.__end_, __x.size());
build	Build DaddyBoard (HeliBoard fork)	2026-09-30T15:54:41.4160465Z C/C++:       |   ^
build	Build DaddyBoard (HeliBoard fork)	2026-09-30T15:54:41.4161891Z C/C++: /home/runner/work/daddyboard/daddyboard/daddyboard-main/app/src/main/jni/src/dictionary/property/word_property.h:39:15: note: in instantiation of member function 'std::vector<latinime::NgramProperty>::vector' requested here
build	Build DaddyBoard (HeliBoard fork)	2026-09-30T15:54:41.4163602Z C/C++:    39 |               mNgrams(ngrams) {}
build	Build DaddyBoard (HeliBoard fork)	2026-09-30T15:54:41.4164046Z C/C++:       |               ^
build	Build DaddyBoard (HeliBoard fork)	2026-09-30T15:54:41.4164427Z C/C++: 11 warnings generated.
build	Build DaddyBoard (HeliBoard fork)	2026-09-30T15:54:41.4165481Z C/C++: In file included from /home/runner/work/daddyboard/daddyboard/daddyboard-main/app/src/main/jni/com_android_inputmethod_latin_DicTraverseSession.cpp:25:
build	Build DaddyBoard (HeliBoard fork)	2026-09-30T15:54:41.4167209Z C/C++: In file included from /home/runner/work/daddyboard/daddyboard/daddyboard-main/app/src/main/jni/src/suggest/core/session/dic_traverse_session.h:23:
build	Build DaddyBoard (HeliBoard fork)	2026-09-30T15:54:41.4168851Z C/C++: In file included from /home/runner/work/daddyboard/daddyboard/daddyboard-main/app/src/main/jni/src/dictionary/utils/multi_bigram_map.h:24:
build	Build DaddyBoard (HeliBoard fork)	2026-09-30T15:54:41.4170591Z C/C++: In file included from /home/runner/work/daddyboard/daddyboard/daddyboard-main/app/src/main/jni/src/dictionary/interface/dictionary_structure_with_buffer_policy.h:23:
build	Build DaddyBoard (HeliBoard fork)	2026-09-30T15:54:41.4216112Z C/C++: /home/runner/work/daddyboard/daddyboard/daddyboard-main/app/src/main/jni/src/dictionary/property/historical_info.h:52:5: warning: definition of implicit copy constructor for 'HistoricalInfo' is deprecated because it has a user-declared copy assignment operator [-Wdeprecated-copy]
build	Build DaddyBoard (HeliBoard fork)	2026-09-30T15:54:41.4218642Z C/C++:    52 |     DISALLOW_ASSIGNMENT_OPERATOR(HistoricalInfo);
build	Build DaddyBoard (HeliBoard fork)	2026-09-30T15:54:41.4219199Z C/C++:       |     ^
build	Build DaddyBoard (HeliBoard fork)	2026-09-30T15:54:41.4220248Z C/C++: /home/runner/work/daddyboard/daddyboard/daddyboard-main/app/src/main/jni/src/defines.h:289:8: note: expanded from macro 'DISALLOW_ASSIGNMENT_OPERATOR'
build	Build DaddyBoard (HeliBoard fork)	2026-09-30T15:54:41.4221464Z C/C++:   289 |   void operator=(const TypeName&) = delete
build	Build DaddyBoard (HeliBoard fork)	2026-09-30T15:54:41.4221963Z C/C++:       |        ^
build	Build DaddyBoard (HeliBoard fork)	2026-09-30T15:54:41.4223552Z C/C++: /home/runner/work/daddyboard/daddyboard/daddyboard-main/app/src/main/jni/src/dictionary/property/ngram_property.h:33:42: note: in implicit copy constructor for 'latinime::HistoricalInfo' first required here
build	Build DaddyBoard (HeliBoard fork)	2026-09-30T15:54:41.4225219Z C/C++:    33 |               mProbability(probability), mHistoricalInfo(historicalInfo) {}
build	Build DaddyBoard (HeliBoard fork)	2026-09-30T15:54:41.4225919Z C/C++:       |                                          ^
build	Build DaddyBoard (HeliBoard fork)	2026-09-30T15:54:41.4227084Z C/C++: In file included from /home/runner/work/daddyboard/daddyboard/daddyboard-main/app/src/main/jni/com_android_inputmethod_latin_DicTraverseSession.cpp:25:
build	Build DaddyBoard (HeliBoard fork)	2026-09-30T15:54:41.4228889Z C/C++: In file included from /home/runner/work/daddyboard/daddyboard/daddyboard-main/app/src/main/jni/src/suggest/core/session/dic_traverse_session.h:23:
build	Build DaddyBoard (HeliBoard fork)	2026-09-30T15:54:41.4230570Z C/C++: In file included from /home/runner/work/daddyboard/daddyboard/daddyboard-main/app/src/main/jni/src/dictionary/utils/multi_bigram_map.h:24:
build	Build DaddyBoard (HeliBoard fork)	2026-09-30T15:54:41.4232381Z C/C++: In file included from /home/runner/work/daddyboard/daddyboard/daddyboard-main/app/src/main/jni/src/dictionary/interface/dictionary_structure_with_buffer_policy.h:25:
build	Build DaddyBoard (HeliBoard fork)	2026-09-30T15:54:41.4234322Z C/C++: In file included from /home/runner/work/daddyboard/daddyboard/daddyboard-main/app/src/main/jni/src/dictionary/property/word_property.h:24:
build	Build DaddyBoard (HeliBoard fork)	2026-09-30T15:54:41.4236816Z C/C++: /home/runner/work/daddyboard/daddyboard/daddyboard-main/app/src/main/jni/src/dictionary/property/unigram_property.h:126:5: warning: definition of implicit copy constructor for 'UnigramProperty' is deprecated because it has a user-declared copy assignment operator [-Wdeprecated-copy]
build	Build DaddyBoard (HeliBoard fork)	2026-09-30T15:54:41.4239044Z C/C++:   126 |     DISALLOW_ASSIGNMENT_OPERATOR(UnigramProperty);
build	Build DaddyBoard (HeliBoard fork)	2026-09-30T15:54:41.4239598Z C/C++:       |     ^
build	Build DaddyBoard (HeliBoard fork)	2026-09-30T15:54:41.4240611Z C/C++: /home/runner/work/daddyboard/daddyboard/daddyboard-main/app/src/main/jni/src/defines.h:289:8: note: expanded from macro 'DISALLOW_ASSIGNMENT_OPERATOR'
build	Build DaddyBoard (HeliBoard fork)	2026-09-30T15:54:41.4241782Z C/C++:   289 |   void operator=(const TypeName&) = delete
build	Build DaddyBoard (HeliBoard fork)	2026-09-30T15:54:41.4242262Z C/C++:       |        ^
build	Build DaddyBoard (HeliBoard fork)	2026-09-30T15:54:41.4274125Z C/C++: /home/runner/work/daddyboard/daddyboard/daddyboard-main/app/src/main/jni/src/dictionary/property/word_property.h:38:51: note: in implicit copy constructor for 'latinime::UnigramProperty' first required here
build	Build DaddyBoard (HeliBoard fork)	2026-09-30T15:54:41.4276083Z C/C++:    38 |             : mCodePoints(std::move(codePoints)), mUnigramProperty(unigramProperty),
build	Build DaddyBoard (HeliBoard fork)	2026-09-30T15:54:41.4276892Z C/C++:       |                                                   ^
build	Build DaddyBoard (HeliBoard fork)	2026-09-30T15:54:41.4278160Z C/C++: In file included from /home/runner/work/daddyboard/daddyboard/daddyboard-main/app/src/main/jni/com_android_inputmethod_latin_DicTraverseSession.cpp:25:
build	Build DaddyBoard (HeliBoard fork)	2026-09-30T15:54:41.4280012Z C/C++: In file included from /home/runner/work/daddyboard/daddyboard/daddyboard-main/app/src/main/jni/src/suggest/core/session/dic_traverse_session.h:23:
build	Build DaddyBoard (HeliBoard fork)	2026-09-30T15:54:41.4281804Z C/C++: In file included from /home/runner/work/daddyboard/daddyboard/daddyboard-main/app/src/main/jni/src/dictionary/utils/multi_bigram_map.h:27:
build	Build DaddyBoard (HeliBoard fork)	2026-09-30T15:54:41.4284478Z C/C++: /home/runner/work/daddyboard/daddyboard/daddyboard-main/app/src/main/jni/src/dictionary/utils/bloom_filter.h:47:5: warning: definition of implicit copy constructor for 'BloomFilter' is deprecated because it has a user-declared copy assignment operator [-Wdeprecated-copy]
build	Build DaddyBoard (HeliBoard fork)	2026-09-30T15:54:41.4286739Z C/C++:    47 |     DISALLOW_ASSIGNMENT_OPERATOR(BloomFilter);
build	Build DaddyBoard (HeliBoard fork)	2026-09-30T15:54:41.4287269Z C/C++:       |     ^
build	Build DaddyBoard (HeliBoard fork)	2026-09-30T15:54:41.4288316Z C/C++: /home/runner/work/daddyboard/daddyboard/daddyboard-main/app/src/main/jni/src/defines.h:289:8: note: expanded from macro 'DISALLOW_ASSIGNMENT_OPERATOR'
build	Build DaddyBoard (HeliBoard fork)	2026-09-30T15:54:41.4289532Z C/C++:   289 |   void operator=(const TypeName&) = delete
build	Build DaddyBoard (HeliBoard fork)	2026-09-30T15:54:41.4290059Z C/C++:       |        ^
build	Build DaddyBoard (HeliBoard fork)	2026-09-30T15:54:41.4291444Z C/C++: /home/runner/work/daddyboard/daddyboard/daddyboard-main/app/src/main/jni/src/dictionary/utils/multi_bigram_map.h:57:53: note: in implicit copy constructor for 'latinime::BloomFilter' first required here
build	Build DaddyBoard (HeliBoard fork)	2026-09-30T15:54:41.4293385Z C/C++:    57 |                 : mBigramMap(bigramMap.mBigramMap), mBloomFilter(bigramMap.mBloomFilter) {}
build	Build DaddyBoard (HeliBoard fork)	2026-09-30T15:54:41.4294219Z C/C++:       |                                                     ^
build	Build DaddyBoard (HeliBoard fork)	2026-09-30T15:54:41.4295458Z C/C++: In file included from /home/runner/work/daddyboard/daddyboard/daddyboard-main/app/src/main/jni/com_android_inputmethod_latin_DicTraverseSession.cpp:22:
build	Build DaddyBoard (HeliBoard fork)	2026-09-30T15:54:41.4297256Z C/C++: In file included from /home/runner/work/daddyboard/daddyboard/daddyboard-main/app/src/main/jni/src/dictionary/property/ngram_context.h:23:
build	Build DaddyBoard (HeliBoard fork)	2026-09-30T15:54:41.4299760Z C/C++: /home/runner/work/daddyboard/daddyboard/daddyboard-main/app/src/main/jni/src/utils/int_array_view.h:160:5: warning: definition of implicit copy constructor for 'IntArrayView' is deprecated because it has a user-declared copy assignment operator [-Wdeprecated-copy]
build	Build DaddyBoard (HeliBoard fork)	2026-09-30T15:54:41.4301674Z C/C++:   160 |     DISALLOW_ASSIGNMENT_OPERATOR(IntArrayView);
build	Build DaddyBoard (HeliBoard fork)	2026-09-30T15:54:41.4302224Z C/C++:       |     ^
build	Build DaddyBoard (HeliBoard fork)	2026-09-30T15:54:41.4333696Z C/C++: /home/runner/work/daddyboard/daddyboard/daddyboard-main/app/src/main/jni/src/defines.h:289:8: note: expanded from macro 'DISALLOW_ASSIGNMENT_OPERATOR'
build	Build DaddyBoard (HeliBoard fork)	2026-09-30T15:54:41.4335080Z C/C++:   289 |   void operator=(const TypeName&) = delete
build	Build DaddyBoard (HeliBoard fork)	2026-09-30T15:54:41.4335609Z C/C++:       |        ^
build	Build DaddyBoard (HeliBoard fork)	2026-09-30T15:54:41.4337019Z C/C++: /home/runner/work/daddyboard/daddyboard/daddyboard-main/app/src/main/jni/src/suggest/core/dicnode/dic_node.h:110:53: note: in implicit copy constructor for 'latinime::IntArrayView' first required here
build	Build DaddyBoard (HeliBoard fork)	2026-09-30T15:54:41.4338945Z C/C++:   110 |         mDicNodeProperties.init(rootPtNodeArrayPos, prevWordIds);
build	Build DaddyBoard (HeliBoard fork)	2026-09-30T15:54:41.4339663Z C/C++:       |                                                     ^
build	Build DaddyBoard (HeliBoard fork)	2026-09-30T15:54:41.4341295Z C/C++: /home/runner/work/daddyboard/daddyboard/daddyboard-main/app/src/main/jni/com_android_inputmethod_latin_DicTraverseSession.cpp:47:18: warning: variable length arrays in C++ are a Clang extension [-Wvla-cxx-extension]
build	Build DaddyBoard (HeliBoard fork)	2026-09-30T15:54:41.4343187Z C/C++:    47 |     int prevWord[previousWordLength];
build	Build DaddyBoard (HeliBoard fork)	2026-09-30T15:54:41.4343711Z C/C++:       |                  ^~~~~~~~~~~~~~~~~~
build	Build DaddyBoard (HeliBoard fork)	2026-09-30T15:54:41.4345418Z C/C++: /home/runner/work/daddyboard/daddyboard/daddyboard-main/app/src/main/jni/com_android_inputmethod_latin_DicTraverseSession.cpp:47:18: note: function parameter 'previousWordLength' with unknown value cannot be used in a constant expression
build	Build DaddyBoard (HeliBoard fork)	2026-09-30T15:54:41.4347860Z C/C++: /home/runner/work/daddyboard/daddyboard/daddyboard-main/app/src/main/jni/com_android_inputmethod_latin_DicTraverseSession.cpp:36:56: note: declared here
build	Build DaddyBoard (HeliBoard fork)	2026-09-30T15:54:41.4349265Z C/C++:    36 |         jlong dictionary, jintArray previousWord, jint previousWordLength) {
build	Build DaddyBoard (HeliBoard fork)	2026-09-30T15:54:41.4350013Z C/C++:       |                                                        ^
build	Build DaddyBoard (HeliBoard fork)	2026-09-30T15:54:41.4351265Z C/C++: In file included from /home/runner/work/daddyboard/daddyboard/daddyboard-main/app/src/main/jni/com_android_inputmethod_latin_DicTraverseSession.cpp:25:
build	Build DaddyBoard (HeliBoard fork)	2026-09-30T15:54:41.4353215Z C/C++: In file included from /home/runner/work/daddyboard/daddyboard/daddyboard-main/app/src/main/jni/src/suggest/core/session/dic_traverse_session.h:23:
build	Build DaddyBoard (HeliBoard fork)	2026-09-30T15:54:41.4354877Z C/C++: In file included from /home/runner/work/daddyboard/daddyboard/daddyboard-main/app/src/main/jni/src/dictionary/utils/multi_bigram_map.h:24:
build	Build DaddyBoard (HeliBoard fork)	2026-09-30T15:54:41.4356356Z C/C++: In file included from /home/runner/work/daddyboard/daddyboard/daddyboard-main/app/src/main/jni/src/dictionary/interface/dictionary_structure_with_buffer_policy.h:25:
build	Build DaddyBoard (HeliBoard fork)	2026-09-30T15:54:41.4357919Z C/C++: In file included from /home/runner/work/daddyboard/daddyboard/daddyboard-main/app/src/main/jni/src/dictionary/property/word_property.h:23:
build	Build DaddyBoard (HeliBoard fork)	2026-09-30T15:54:41.4360233Z C/C++: /home/runner/work/daddyboard/daddyboard/daddyboard-main/app/src/main/jni/src/dictionary/property/ngram_property.h:54:5: warning: definition of implicit copy constructor for 'NgramProperty' is deprecated because it has a user-declared copy assignment operator [-Wdeprecated-copy]
build	Build DaddyBoard (HeliBoard fork)	2026-09-30T15:54:41.4362283Z C/C++:    54 |     DISALLOW_ASSIGNMENT_OPERATOR(NgramProperty);
build	Build DaddyBoard (HeliBoard fork)	2026-09-30T15:54:41.4393153Z C/C++:       |     ^
build	Build DaddyBoard (HeliBoard fork)	2026-09-30T15:54:41.4394347Z C/C++: /home/runner/work/daddyboard/daddyboard/daddyboard-main/app/src/main/jni/src/defines.h:289:8: note: expanded from macro 'DISALLOW_ASSIGNMENT_OPERATOR'
build	Build DaddyBoard (HeliBoard fork)	2026-09-30T15:54:41.4395412Z C/C++:   289 |   void operator=(const TypeName&) = delete
build	Build DaddyBoard (HeliBoard fork)	2026-09-30T15:54:41.4395853Z C/C++:       |        ^
build	Build DaddyBoard (HeliBoard fork)	2026-09-30T15:54:41.4397490Z C/C++: /usr/local/lib/android/sdk/ndk/28.0.13004108/toolchains/llvm/prebuilt/linux-x86_64/sysroot/usr/include/c++/v1/__memory/allocator.h:173:24: note: in implicit copy constructor for 'latinime::NgramProperty' first required here
build	Build DaddyBoard (HeliBoard fork)	2026-09-30T15:54:41.4398872Z C/C++:   173 |     ::new ((void*)__p) _Up(std::forward<_Args>(__args)...);
build	Build DaddyBoard (HeliBoard fork)	2026-09-30T15:54:41.4399382Z C/C++:       |                        ^
build	Build DaddyBoard (HeliBoard fork)	2026-09-30T15:54:41.4401195Z C/C++: /usr/local/lib/android/sdk/ndk/28.0.13004108/toolchains/llvm/prebuilt/linux-x86_64/sysroot/usr/include/c++/v1/__memory/allocator_traits.h:320:9: note: in instantiation of function template specialization 'std::allocator<latinime::NgramProperty>::construct<latinime::NgramProperty, latinime::NgramProperty &>' requested here
build	Build DaddyBoard (HeliBoard fork)	2026-09-30T15:54:41.4403311Z C/C++:   320 |     __a.construct(__p, std::forward<_Args>(__args)...);
build	Build DaddyBoard (HeliBoard fork)	2026-09-30T15:54:41.4403788Z C/C++:       |         ^
build	Build DaddyBoard (HeliBoard fork)	2026-09-30T15:54:41.4405745Z C/C++: /usr/local/lib/android/sdk/ndk/28.0.13004108/toolchains/llvm/prebuilt/linux-x86_64/sysroot/usr/include/c++/v1/__memory/uninitialized_algorithms.h:551:31: note: in instantiation of function template specialization 'std::allocator_traits<std::allocator<latinime::NgramProperty>>::construct<latinime::NgramProperty, latinime::NgramProperty &, 0>' requested here
build	Build DaddyBoard (HeliBoard fork)	2026-09-30T15:54:41.4408274Z C/C++:   551 |     allocator_traits<_Alloc>::construct(__alloc, std::__to_address(__first2), *__first1);
build	Build DaddyBoard (HeliBoard fork)	2026-09-30T15:54:41.4409043Z C/C++:       |                               ^
build	Build DaddyBoard (HeliBoard fork)	2026-09-30T15:54:41.4411472Z C/C++: /usr/local/lib/android/sdk/ndk/28.0.13004108/toolchains/llvm/prebuilt/linux-x86_64/sysroot/usr/include/c++/v1/__memory/uninitialized_algorithms.h:594:33: note: in instantiation of function template specialization 'std::__uninitialized_allocator_copy_impl<std::allocator<latinime::NgramProperty>, latinime::NgramProperty *, latinime::NgramProperty *, latinime::NgramProperty *>' requested here
build	Build DaddyBoard (HeliBoard fork)	2026-09-30T15:54:41.4414232Z C/C++:   594 |   auto __result          = std::__uninitialized_allocator_copy_impl(
build	Build DaddyBoard (HeliBoard fork)	2026-09-30T15:54:41.4414801Z C/C++:       |                                 ^
build	Build DaddyBoard (HeliBoard fork)	2026-09-30T15:54:41.4416830Z C/C++: /usr/local/lib/android/sdk/ndk/28.0.13004108/toolchains/llvm/prebuilt/linux-x86_64/sysroot/usr/include/c++/v1/vector:1100:22: note: in instantiation of function template specialization 'std::__uninitialized_allocator_copy<std::allocator<latinime::NgramProperty>, latinime::NgramProperty *, latinime::NgramProperty *, latinime::NgramProperty *>' requested here
build	Build DaddyBoard (HeliBoard fork)	2026-09-30T15:54:41.4419090Z C/C++:  1100 |   __tx.__pos_ = std::__uninitialized_allocator_copy(__alloc(), __first, __last, __tx.__pos_);
build	Build DaddyBoard (HeliBoard fork)	2026-09-30T15:54:41.4420008Z C/C++:       |                      ^
build	Build DaddyBoard (HeliBoard fork)	2026-09-30T15:54:41.4421983Z C/C++: /usr/local/lib/android/sdk/ndk/28.0.13004108/toolchains/llvm/prebuilt/linux-x86_64/sysroot/usr/include/c++/v1/vector:761:7: note: in instantiation of function template specialization 'std::vector<latinime::NgramProperty>::__construct_at_end<latinime::NgramProperty *, latinime::NgramProperty *>' requested here
build	Build DaddyBoard (HeliBoard fork)	2026-09-30T15:54:41.4471217Z C/C++:   761 |       __construct_at_end(__first, __last, __n);
build	Build DaddyBoard (HeliBoard fork)	2026-09-30T15:54:41.4471792Z C/C++:       |       ^
build	Build DaddyBoard (HeliBoard fork)	2026-09-30T15:54:41.4474017Z C/C++: /usr/local/lib/android/sdk/ndk/28.0.13004108/toolchains/llvm/prebuilt/linux-x86_64/sysroot/usr/include/c++/v1/vector:1213:3: note: in instantiation of function template specialization 'std::vector<latinime::NgramProperty>::__init_with_size<latinime::NgramProperty *, latinime::NgramProperty *>' requested here
build	Build DaddyBoard (HeliBoard fork)	2026-09-30T15:54:41.4476237Z C/C++:  1213 |   __init_with_size(__x.__begin_, __x.__end_, __x.size());
build	Build DaddyBoard (HeliBoard fork)	2026-09-30T15:54:41.4476791Z C/C++:       |   ^
build	Build DaddyBoard (HeliBoard fork)	2026-09-30T15:54:41.4478306Z C/C++: /home/runner/work/daddyboard/daddyboard/daddyboard-main/app/src/main/jni/src/dictionary/property/word_property.h:39:15: note: in instantiation of member function 'std::vector<latinime::NgramProperty>::vector' requested here
build	Build DaddyBoard (HeliBoard fork)	2026-09-30T15:54:41.4479932Z C/C++:    39 |               mNgrams(ngrams) {}
build	Build DaddyBoard (HeliBoard fork)	2026-09-30T15:54:41.4480409Z C/C++:       |               ^
build	Build DaddyBoard (HeliBoard fork)	2026-09-30T15:54:41.4480814Z C/C++: 6 warnings generated.
build	Build DaddyBoard (HeliBoard fork)	2026-09-30T15:54:42.2351834Z C/C++: In file included from /home/runner/work/daddyboard/daddyboard/daddyboard-main/app/src/main/jni/src/dictionary/header/header_policy.cpp:17:
build	Build DaddyBoard (HeliBoard fork)	2026-09-30T15:54:42.2384338Z C/C++: In file included from /home/runner/work/daddyboard/daddyboard/daddyboard-main/app/src/main/jni/src/dictionary/header/header_policy.h:25:
build	Build DaddyBoard (HeliBoard fork)	2026-09-30T15:54:42.2414941Z C/C++: /home/runner/work/daddyboard/daddyboard/daddyboard-main/app/src/main/jni/src/dictionary/utils/entry_counters.h:44:5: warning: definition of implicit copy constructor for 'EntryCounts' is deprecated because it has a user-declared copy assignment operator [-Wdeprecated-copy]
build	Build DaddyBoard (HeliBoard fork)	2026-09-30T15:54:42.2417291Z C/C++:    44 |     DISALLOW_ASSIGNMENT_OPERATOR(EntryCounts);
build	Build DaddyBoard (HeliBoard fork)	2026-09-30T15:54:42.2473399Z C/C++:       |     ^
build	Build DaddyBoard (HeliBoard fork)	2026-09-30T15:54:42.2504107Z C/C++: /home/runner/work/daddyboard/daddyboard/daddyboard-main/app/src/main/jni/src/defines.h:289:8: note: expanded from macro 'DISALLOW_ASSIGNMENT_OPERATOR'
build	Build DaddyBoard (HeliBoard fork)	2026-09-30T15:54:42.2533380Z C/C++:   289 |   void operator=(const TypeName&) = delete
build	Build DaddyBoard (HeliBoard fork)	2026-09-30T15:54:42.2584773Z C/C++:       |        ^
build	Build DaddyBoard (HeliBoard fork)	2026-09-30T15:54:42.2624386Z C/C++: /home/runner/work/daddyboard/daddyboard/daddyboard-main/app/src/main/jni/src/dictionary/header/header_policy.h:92:15: note: in implicit copy constructor for 'latinime::EntryCounts' first required here
build	Build DaddyBoard (HeliBoard fork)	2026-09-30T15:54:42.2651843Z C/C++:    92 |               mNgramCounts(headerPolicy->mNgramCounts),
build	Build DaddyBoard (HeliBoard fork)	2026-09-30T15:54:42.2713739Z C/C++:       |               ^
build	Build DaddyBoard (HeliBoard fork)	2026-09-30T15:54:42.6369185Z C/C++: 1 warning generated.
build	Build DaddyBoard (HeliBoard fork)	2026-09-30T15:54:44.6350995Z C/C++: In file included from /home/runner/work/daddyboard/daddyboard/daddyboard-main/app/src/main/jni/src/dictionary/property/ngram_context.cpp:19:
build	Build DaddyBoard (HeliBoard fork)	2026-09-30T15:54:44.6362122Z C/C++: In file included from /home/runner/work/daddyboard/daddyboard/daddyboard-main/app/src/main/jni/src/dictionary/interface/dictionary_structure_with_buffer_policy.h:23:
build	Build DaddyBoard (HeliBoard fork)	2026-09-30T15:54:44.6365110Z C/C++: /home/runner/work/daddyboard/daddyboard/daddyboard-main/app/src/main/jni/src/dictionary/property/historical_info.h:52:5: warning: definition of implicit copy constructor for 'HistoricalInfo' is deprecated because it has a user-declared copy assignment operator [-Wdeprecated-copy]
build	Build DaddyBoard (HeliBoard fork)	2026-09-30T15:54:44.6397498Z C/C++:    52 |     DISALLOW_ASSIGNMENT_OPERATOR(HistoricalInfo);
build	Build DaddyBoard (HeliBoard fork)	2026-09-30T15:54:44.6398067Z C/C++:       |     ^
build	Build DaddyBoard (HeliBoard fork)	2026-09-30T15:54:44.6399125Z C/C++: /home/runner/work/daddyboard/daddyboard/daddyboard-main/app/src/main/jni/src/defines.h:289:8: note: expanded from macro 'DISALLOW_ASSIGNMENT_OPERATOR'
build	Build DaddyBoard (HeliBoard fork)	2026-09-30T15:54:44.6400817Z C/C++:   289 |   void operator=(const TypeName&) = delete
build	Build DaddyBoard (HeliBoard fork)	2026-09-30T15:54:44.6401271Z C/C++:       |        ^
build	Build DaddyBoard (HeliBoard fork)	2026-09-30T15:54:44.6402652Z C/C++: /home/runner/work/daddyboard/daddyboard/daddyboard-main/app/src/main/jni/src/dictionary/property/ngram_property.h:33:42: note: in implicit copy constructor for 'latinime::HistoricalInfo' first required here
build	Build DaddyBoard (HeliBoard fork)	2026-09-30T15:54:44.6404495Z C/C++:    33 |               mProbability(probability), mHistoricalInfo(historicalInfo) {}
build	Build DaddyBoard (HeliBoard fork)	2026-09-30T15:54:44.6405198Z C/C++:       |                                          ^
build	Build DaddyBoard (HeliBoard fork)	2026-09-30T15:54:44.6406280Z C/C++: In file included from /home/runner/work/daddyboard/daddyboard/daddyboard-main/app/src/main/jni/src/dictionary/property/ngram_context.cpp:19:
build	Build DaddyBoard (HeliBoard fork)	2026-09-30T15:54:44.6408085Z C/C++: In file included from /home/runner/work/daddyboard/daddyboard/daddyboard-main/app/src/main/jni/src/dictionary/interface/dictionary_structure_with_buffer_policy.h:25:
build	Build DaddyBoard (HeliBoard fork)	2026-09-30T15:54:44.6409917Z C/C++: In file included from /home/runner/work/daddyboard/daddyboard/daddyboard-main/app/src/main/jni/src/dictionary/property/word_property.h:24:
build	Build DaddyBoard (HeliBoard fork)	2026-09-30T15:54:44.6412532Z C/C++: /home/runner/work/daddyboard/daddyboard/daddyboard-main/app/src/main/jni/src/dictionary/property/unigram_property.h:126:5: warning: definition of implicit copy constructor for 'UnigramProperty' is deprecated because it has a user-declared copy assignment operator [-Wdeprecated-copy]
build	Build DaddyBoard (HeliBoard fork)	2026-09-30T15:54:44.6414738Z C/C++:   126 |     DISALLOW_ASSIGNMENT_OPERATOR(UnigramProperty);
build	Build DaddyBoard (HeliBoard fork)	2026-09-30T15:54:44.6415266Z C/C++:       |     ^
build	Build DaddyBoard (HeliBoard fork)	2026-09-30T15:54:44.6416289Z C/C++: /home/runner/work/daddyboard/daddyboard/daddyboard-main/app/src/main/jni/src/defines.h:289:8: note: expanded from macro 'DISALLOW_ASSIGNMENT_OPERATOR'
build	Build DaddyBoard (HeliBoard fork)	2026-09-30T15:54:44.6417471Z C/C++:   289 |   void operator=(const TypeName&) = delete
build	Build DaddyBoard (HeliBoard fork)	2026-09-30T15:54:44.6417991Z C/C++:       |        ^
build	Build DaddyBoard (HeliBoard fork)	2026-09-30T15:54:44.6419366Z C/C++: /home/runner/work/daddyboard/daddyboard/daddyboard-main/app/src/main/jni/src/dictionary/property/word_property.h:38:51: note: in implicit copy constructor for 'latinime::UnigramProperty' first required here
build	Build DaddyBoard (HeliBoard fork)	2026-09-30T15:54:44.6421078Z C/C++:    38 |             : mCodePoints(std::move(codePoints)), mUnigramProperty(unigramProperty),
build	Build DaddyBoard (HeliBoard fork)	2026-09-30T15:54:44.6421858Z C/C++:       |                                                   ^
build	Build DaddyBoard (HeliBoard fork)	2026-09-30T15:54:44.6423497Z C/C++: In file included from /home/runner/work/daddyboard/daddyboard/daddyboard-main/app/src/main/jni/src/dictionary/property/ngram_context.cpp:17:
build	Build DaddyBoard (HeliBoard fork)	2026-09-30T15:54:44.6425142Z C/C++: In file included from /home/runner/work/daddyboard/daddyboard/daddyboard-main/app/src/main/jni/src/dictionary/property/ngram_context.h:23:
build	Build DaddyBoard (HeliBoard fork)	2026-09-30T15:54:44.6427427Z C/C++: /home/runner/work/daddyboard/daddyboard/daddyboard-main/app/src/main/jni/src/utils/int_array_view.h:160:5: warning: definition of implicit copy constructor for 'IntArrayView' is deprecated because it has a user-declared copy assignment operator [-Wdeprecated-copy]
build	Build DaddyBoard (HeliBoard fork)	2026-09-30T15:54:44.6429250Z C/C++:   160 |     DISALLOW_ASSIGNMENT_OPERATOR(IntArrayView);
build	Build DaddyBoard (HeliBoard fork)	2026-09-30T15:54:44.6429772Z C/C++:       |     ^
build	Build DaddyBoard (HeliBoard fork)	2026-09-30T15:54:44.6430765Z C/C++: /home/runner/work/daddyboard/daddyboard/daddyboard-main/app/src/main/jni/src/defines.h:289:8: note: expanded from macro 'DISALLOW_ASSIGNMENT_OPERATOR'
build	Build DaddyBoard (HeliBoard fork)	2026-09-30T15:54:44.6431844Z C/C++:   289 |   void operator=(const TypeName&) = delete
build	Build DaddyBoard (HeliBoard fork)	2026-09-30T15:54:44.6432331Z C/C++:       |        ^
build	Build DaddyBoard (HeliBoard fork)	2026-09-30T15:54:44.6433879Z C/C++: /home/runner/work/daddyboard/daddyboard/daddyboard-main/app/src/main/jni/src/dictionary/property/ngram_context.cpp:106:55: note: in implicit copy constructor for 'latinime::IntArrayView' first required here
build	Build DaddyBoard (HeliBoard fork)	2026-09-30T15:54:44.6435541Z C/C++:   106 |     const int wordId = dictStructurePolicy->getWordId(codePointArrayView,
build	Build DaddyBoard (HeliBoard fork)	2026-09-30T15:54:44.6436255Z C/C++:       |                                                       ^
build	Build DaddyBoard (HeliBoard fork)	2026-09-30T15:54:44.7350999Z C/C++: In file included from /home/runner/work/daddyboard/daddyboard/daddyboard-main/app/src/main/jni/src/dictionary/property/ngram_context.cpp:19:
build	Build DaddyBoard (HeliBoard fork)	2026-09-30T15:54:44.7354424Z C/C++: In file included from /home/runner/work/daddyboard/daddyboard/daddyboard-main/app/src/main/jni/src/dictionary/interface/dictionary_structure_with_buffer_policy.h:25:
build	Build DaddyBoard (HeliBoard fork)	2026-09-30T15:54:44.7356351Z C/C++: In file included from /home/runner/work/daddyboard/daddyboard/daddyboard-main/app/src/main/jni/src/dictionary/property/word_property.h:23:
build	Build DaddyBoard (HeliBoard fork)	2026-09-30T15:54:44.7358915Z C/C++: /home/runner/work/daddyboard/daddyboard/daddyboard-main/app/src/main/jni/src/dictionary/property/ngram_property.h:54:5: warning: definition of implicit copy constructor for 'NgramProperty' is deprecated because it has a user-declared copy assignment operator [-Wdeprecated-copy]
build	Build DaddyBoard (HeliBoard fork)	2026-09-30T15:54:44.7360919Z C/C++:    54 |     DISALLOW_ASSIGNMENT_OPERATOR(NgramProperty);
build	Build DaddyBoard (HeliBoard fork)	2026-09-30T15:54:44.7361435Z C/C++:       |     ^
build	Build DaddyBoard (HeliBoard fork)	2026-09-30T15:54:44.7362440Z C/C++: /home/runner/work/daddyboard/daddyboard/daddyboard-main/app/src/main/jni/src/defines.h:289:8: note: expanded from macro 'DISALLOW_ASSIGNMENT_OPERATOR'
build	Build DaddyBoard (HeliBoard fork)	2026-09-30T15:54:44.7363796Z C/C++:   289 |   void operator=(const TypeName&) = delete
build	Build DaddyBoard (HeliBoard fork)	2026-09-30T15:54:44.7364297Z C/C++:       |        ^
build	Build DaddyBoard (HeliBoard fork)	2026-09-30T15:54:44.7365738Z C/C++: /usr/local/lib/android/sdk/ndk/28.0.13004108/toolchains/llvm/prebuilt/linux-x86_64/sysroot/usr/include/c++/v1/__memory/allocator.h:173:24: note: in implicit copy constructor for 'latinime::NgramProperty' first required here
build	Build DaddyBoard (HeliBoard fork)	2026-09-30T15:54:44.7367371Z C/C++:   173 |     ::new ((void*)__p) _Up(std::forward<_Args>(__args)...);
build	Build DaddyBoard (HeliBoard fork)	2026-09-30T15:54:44.7367934Z C/C++:       |                        ^
build	Build DaddyBoard (HeliBoard fork)	2026-09-30T15:54:44.7370074Z C/C++: /usr/local/lib/android/sdk/ndk/28.0.13004108/toolchains/llvm/prebuilt/linux-x86_64/sysroot/usr/include/c++/v1/__memory/allocator_traits.h:320:9: note: in instantiation of function template specialization 'std::allocator<latinime::NgramProperty>::construct<latinime::NgramProperty, latinime::NgramProperty &>' requested here
build	Build DaddyBoard (HeliBoard fork)	2026-09-30T15:54:44.7372301Z C/C++:   320 |     __a.construct(__p, std::forward<_Args>(__args)...);
build	Build DaddyBoard (HeliBoard fork)	2026-09-30T15:54:44.7373018Z C/C++:       |         ^
build	Build DaddyBoard (HeliBoard fork)	2026-09-30T15:54:44.7375248Z C/C++: /usr/local/lib/android/sdk/ndk/28.0.13004108/toolchains/llvm/prebuilt/linux-x86_64/sysroot/usr/include/c++/v1/__memory/uninitialized_algorithms.h:551:31: note: in instantiation of function template specialization 'std::allocator_traits<std::allocator<latinime::NgramProperty>>::construct<latinime::NgramProperty, latinime::NgramProperty &, 0>' requested here
build	Build DaddyBoard (HeliBoard fork)	2026-09-30T15:54:44.7378150Z C/C++:   551 |     allocator_traits<_Alloc>::construct(__alloc, std::__to_address(__first2), *__first1);
build	Build DaddyBoard (HeliBoard fork)	2026-09-30T15:54:44.7378897Z C/C++:       |                               ^
build	Build DaddyBoard (HeliBoard fork)	2026-09-30T15:54:44.7381398Z C/C++: /usr/local/lib/android/sdk/ndk/28.0.13004108/toolchains/llvm/prebuilt/linux-x86_64/sysroot/usr/include/c++/v1/__memory/uninitialized_algorithms.h:594:33: note: in instantiation of function template specialization 'std::__uninitialized_allocator_copy_impl<std::allocator<latinime::NgramProperty>, latinime::NgramProperty *, latinime::NgramProperty *, latinime::NgramProperty *>' requested here
build	Build DaddyBoard (HeliBoard fork)	2026-09-30T15:54:44.7384176Z C/C++:   594 |   auto __result          = std::__uninitialized_allocator_copy_impl(
build	Build DaddyBoard (HeliBoard fork)	2026-09-30T15:54:44.7384795Z C/C++:       |                                 ^
build	Build DaddyBoard (HeliBoard fork)	2026-09-30T15:54:44.7387073Z C/C++: /usr/local/lib/android/sdk/ndk/28.0.13004108/toolchains/llvm/prebuilt/linux-x86_64/sysroot/usr/include/c++/v1/vector:1100:22: note: in instantiation of function template specialization 'std::__uninitialized_allocator_copy<std::allocator<latinime::NgramProperty>, latinime::NgramProperty *, latinime::NgramProperty *, latinime::NgramProperty *>' requested here
build	Build DaddyBoard (HeliBoard fork)	2026-09-30T15:54:44.7389613Z C/C++:  1100 |   __tx.__pos_ = std::__uninitialized_allocator_copy(__alloc(), __first, __last, __tx.__pos_);
build	Build DaddyBoard (HeliBoard fork)	2026-09-30T15:54:44.7390366Z C/C++:       |                      ^
build	Build DaddyBoard (HeliBoard fork)	2026-09-30T15:54:44.7392329Z C/C++: /usr/local/lib/android/sdk/ndk/28.0.13004108/toolchains/llvm/prebuilt/linux-x86_64/sysroot/usr/include/c++/v1/vector:761:7: note: in instantiation of function template specialization 'std::vector<latinime::NgramProperty>::__construct_at_end<latinime::NgramProperty *, latinime::NgramProperty *>' requested here
build	Build DaddyBoard (HeliBoard fork)	2026-09-30T15:54:44.7394683Z C/C++:   761 |       __construct_at_end(__first, __last, __n);
build	Build DaddyBoard (HeliBoard fork)	2026-09-30T15:54:44.7395188Z C/C++:       |       ^
build	Build DaddyBoard (HeliBoard fork)	2026-09-30T15:54:44.7397049Z C/C++: /usr/local/lib/android/sdk/ndk/28.0.13004108/toolchains/llvm/prebuilt/linux-x86_64/sysroot/usr/include/c++/v1/vector:1213:3: note: in instantiation of function template specialization 'std::vector<latinime::NgramProperty>::__init_with_size<latinime::NgramProperty *, latinime::NgramProperty *>' requested here
build	Build DaddyBoard (HeliBoard fork)	2026-09-30T15:54:44.7399140Z C/C++:  1213 |   __init_with_size(__x.__begin_, __x.__end_, __x.size());
build	Build DaddyBoard (HeliBoard fork)	2026-09-30T15:54:44.7399695Z C/C++:       |   ^
build	Build DaddyBoard (HeliBoard fork)	2026-09-30T15:54:44.7401142Z C/C++: /home/runner/work/daddyboard/daddyboard/daddyboard-main/app/src/main/jni/src/dictionary/property/word_property.h:39:15: note: in instantiation of member function 'std::vector<latinime::NgramProperty>::vector' requested here
build	Build DaddyBoard (HeliBoard fork)	2026-09-30T15:54:44.7402692Z C/C++:    39 |               mNgrams(ngrams) {}
build	Build DaddyBoard (HeliBoard fork)	2026-09-30T15:54:44.7403307Z C/C++:       |               ^
build	Build DaddyBoard (HeliBoard fork)	2026-09-30T15:54:44.7403693Z C/C++: 4 warnings generated.
build	Build DaddyBoard (HeliBoard fork)	2026-09-30T15:54:45.2350960Z C/C++: In file included from /home/runner/work/daddyboard/daddyboard/daddyboard-main/app/src/main/jni/src/dictionary/structure/dictionary_structure_with_buffer_policy_factory.cpp:17:
build	Build DaddyBoard (HeliBoard fork)	2026-09-30T15:54:45.2358757Z C/C++: In file included from /home/runner/work/daddyboard/daddyboard/daddyboard-main/app/src/main/jni/src/dictionary/structure/dictionary_structure_with_buffer_policy_factory.h:24:
build	Build DaddyBoard (HeliBoard fork)	2026-09-30T15:54:45.2361164Z C/C++: In file included from /home/runner/work/daddyboard/daddyboard/daddyboard-main/app/src/main/jni/src/dictionary/interface/dictionary_structure_with_buffer_policy.h:23:
build	Build DaddyBoard (HeliBoard fork)	2026-09-30T15:54:45.2364370Z C/C++: /home/runner/work/daddyboard/daddyboard/daddyboard-main/app/src/main/jni/src/dictionary/property/historical_info.h:52:5: warning: definition of implicit copy constructor for 'HistoricalInfo' is deprecated because it has a user-declared copy assignment operator [-Wdeprecated-copy]
build	Build DaddyBoard (HeliBoard fork)	2026-09-30T15:54:45.2366791Z C/C++:    52 |     DISALLOW_ASSIGNMENT_OPERATOR(HistoricalInfo);
build	Build DaddyBoard (HeliBoard fork)	2026-09-30T15:54:45.2368003Z C/C++:       |     ^
build	Build DaddyBoard (HeliBoard fork)	2026-09-30T15:54:45.2369341Z C/C++: /home/runner/work/daddyboard/daddyboard/daddyboard-main/app/src/main/jni/src/defines.h:289:8: note: expanded from macro 'DISALLOW_ASSIGNMENT_OPERATOR'
build	Build DaddyBoard (HeliBoard fork)	2026-09-30T15:54:45.2370682Z C/C++:   289 |   void operator=(const TypeName&) = delete
build	Build DaddyBoard (HeliBoard fork)	2026-09-30T15:54:45.2371195Z C/C++:       |        ^
build	Build DaddyBoard (HeliBoard fork)	2026-09-30T15:54:45.2372598Z C/C++: /home/runner/work/daddyboard/daddyboard/daddyboard-main/app/src/main/jni/src/dictionary/property/ngram_property.h:33:42: note: in implicit copy constructor for 'latinime::HistoricalInfo' first required here
build	Build DaddyBoard (HeliBoard fork)	2026-09-30T15:54:45.2374401Z C/C++:    33 |               mProbability(probability), mHistoricalInfo(historicalInfo) {}
build	Build DaddyBoard (HeliBoard fork)	2026-09-30T15:54:45.2375101Z C/C++:       |                                          ^
build	Build DaddyBoard (HeliBoard fork)	2026-09-30T15:54:45.2376425Z C/C++: In file included from /home/runner/work/daddyboard/daddyboard/daddyboard-main/app/src/main/jni/src/dictionary/structure/dictionary_structure_with_buffer_policy_factory.cpp:17:
build	Build DaddyBoard (HeliBoard fork)	2026-09-30T15:54:45.2378539Z C/C++: In file included from /home/runner/work/daddyboard/daddyboard/daddyboard-main/app/src/main/jni/src/dictionary/structure/dictionary_structure_with_buffer_policy_factory.h:24:
build	Build DaddyBoard (HeliBoard fork)	2026-09-30T15:54:45.2380591Z C/C++: In file included from /home/runner/work/daddyboard/daddyboard/daddyboard-main/app/src/main/jni/src/dictionary/interface/dictionary_structure_with_buffer_policy.h:25:
build	Build DaddyBoard (HeliBoard fork)	2026-09-30T15:54:45.2382411Z C/C++: In file included from /home/runner/work/daddyboard/daddyboard/daddyboard-main/app/src/main/jni/src/dictionary/property/word_property.h:24:
build	Build DaddyBoard (HeliBoard fork)	2026-09-30T15:54:45.2385096Z C/C++: /home/runner/work/daddyboard/daddyboard/daddyboard-main/app/src/main/jni/src/dictionary/property/unigram_property.h:126:5: warning: definition of implicit copy constructor for 'UnigramProperty' is deprecated because it has a user-declared copy assignment operator [-Wdeprecated-copy]
build	Build DaddyBoard (HeliBoard fork)	2026-09-30T15:54:45.2387399Z C/C++:   126 |     DISALLOW_ASSIGNMENT_OPERATOR(UnigramProperty);
build	Build DaddyBoard (HeliBoard fork)	2026-09-30T15:54:45.2387944Z C/C++:       |     ^
build	Build DaddyBoard (HeliBoard fork)	2026-09-30T15:54:45.2388953Z C/C++: /home/runner/work/daddyboard/daddyboard/daddyboard-main/app/src/main/jni/src/defines.h:289:8: note: expanded from macro 'DISALLOW_ASSIGNMENT_OPERATOR'
build	Build DaddyBoard (HeliBoard fork)	2026-09-30T15:54:45.2390114Z C/C++:   289 |   void operator=(const TypeName&) = delete
build	Build DaddyBoard (HeliBoard fork)	2026-09-30T15:54:45.2390606Z C/C++:       |        ^
build	Build DaddyBoard (HeliBoard fork)	2026-09-30T15:54:45.2391973Z C/C++: /home/runner/work/daddyboard/daddyboard/daddyboard-main/app/src/main/jni/src/dictionary/property/word_property.h:38:51: note: in implicit copy constructor for 'latinime::UnigramProperty' first required here
build	Build DaddyBoard (HeliBoard fork)	2026-09-30T15:54:45.2393824Z C/C++:    38 |             : mCodePoints(std::move(codePoints)), mUnigramProperty(unigramProperty),
build	Build DaddyBoard (HeliBoard fork)	2026-09-30T15:54:45.2394581Z C/C++:       |                                                   ^
build	Build DaddyBoard (HeliBoard fork)	2026-09-30T15:54:45.2395911Z C/C++: In file included from /home/runner/work/daddyboard/daddyboard/daddyboard-main/app/src/main/jni/src/dictionary/structure/dictionary_structure_with_buffer_policy_factory.cpp:22:
build	Build DaddyBoard (HeliBoard fork)	2026-09-30T15:54:45.2397925Z C/C++: In file included from /home/runner/work/daddyboard/daddyboard/daddyboard-main/app/src/main/jni/src/dictionary/structure/backward/v402/ver4_dict_buffers.h:30:
build	Build DaddyBoard (HeliBoard fork)	2026-09-30T15:54:45.2399689Z C/C++: In file included from /home/runner/work/daddyboard/daddyboard/daddyboard-main/app/src/main/jni/src/dictionary/header/header_policy.h:25:
build	Build DaddyBoard (HeliBoard fork)	2026-09-30T15:54:45.2402120Z C/C++: /home/runner/work/daddyboard/daddyboard/daddyboard-main/app/src/main/jni/src/dictionary/utils/entry_counters.h:44:5: warning: definition of implicit copy constructor for 'EntryCounts' is deprecated because it has a user-declared copy assignment operator [-Wdeprecated-copy]
build	Build DaddyBoard (HeliBoard fork)	2026-09-30T15:54:45.2404174Z C/C++:    44 |     DISALLOW_ASSIGNMENT_OPERATOR(EntryCounts);
build	Build DaddyBoard (HeliBoard fork)	2026-09-30T15:54:45.2404676Z C/C++:       |     ^
build	Build DaddyBoard (HeliBoard fork)	2026-09-30T15:54:45.2405677Z C/C++: /home/runner/work/daddyboard/daddyboard/daddyboard-main/app/src/main/jni/src/defines.h:289:8: note: expanded from macro 'DISALLOW_ASSIGNMENT_OPERATOR'
build	Build DaddyBoard (HeliBoard fork)	2026-09-30T15:54:45.2407051Z C/C++:   289 |   void operator=(const TypeName&) = delete
build	Build DaddyBoard (HeliBoard fork)	2026-09-30T15:54:45.2407537Z C/C++:       |        ^
build	Build DaddyBoard (HeliBoard fork)	2026-09-30T15:54:45.2408848Z C/C++: /home/runner/work/daddyboard/daddyboard/daddyboard-main/app/src/main/jni/src/dictionary/header/header_policy.h:92:15: note: in implicit copy constructor for 'latinime::EntryCounts' first required here
build	Build DaddyBoard (HeliBoard fork)	2026-09-30T15:54:45.2410336Z C/C++:    92 |               mNgramCounts(headerPolicy->mNgramCounts),
build	Build DaddyBoard (HeliBoard fork)	2026-09-30T15:54:45.2410868Z C/C++:       |               ^
build	Build DaddyBoard (HeliBoard fork)	2026-09-30T15:54:45.2412105Z C/C++: In file included from /home/runner/work/daddyboard/daddyboard/daddyboard-main/app/src/main/jni/src/dictionary/structure/dictionary_structure_with_buffer_policy_factory.cpp:17:
build	Build DaddyBoard (HeliBoard fork)	2026-09-30T15:54:45.2414388Z C/C++: In file included from /home/runner/work/daddyboard/daddyboard/daddyboard-main/app/src/main/jni/src/dictionary/structure/dictionary_structure_with_buffer_policy_factory.h:25:
build	Build DaddyBoard (HeliBoard fork)	2026-09-30T15:54:45.2416256Z C/C++: In file included from /home/runner/work/daddyboard/daddyboard/daddyboard-main/app/src/main/jni/src/dictionary/utils/format_utils.h:23:
build	Build DaddyBoard (HeliBoard fork)	2026-09-30T15:54:45.2418660Z C/C++: /home/runner/work/daddyboard/daddyboard/daddyboard-main/app/src/main/jni/src/utils/byte_array_view.h:53:5: warning: definition of implicit copy constructor for 'ReadOnlyByteArrayView' is deprecated because it has a user-declared copy assignment operator [-Wdeprecated-copy]
build	Build DaddyBoard (HeliBoard fork)	2026-09-30T15:54:45.2420603Z C/C++:    53 |     DISALLOW_ASSIGNMENT_OPERATOR(ReadOnlyByteArrayView);
build	Build DaddyBoard (HeliBoard fork)	2026-09-30T15:54:45.2421159Z C/C++:       |     ^
build	Build DaddyBoard (HeliBoard fork)	2026-09-30T15:54:45.2422172Z C/C++: /home/runner/work/daddyboard/daddyboard/daddyboard-main/app/src/main/jni/src/defines.h:289:8: note: expanded from macro 'DISALLOW_ASSIGNMENT_OPERATOR'
build	Build DaddyBoard (HeliBoard fork)	2026-09-30T15:54:45.2423671Z C/C++:   289 |   void operator=(const TypeName&) = delete
build	Build DaddyBoard (HeliBoard fork)	2026-09-30T15:54:45.2424161Z C/C++:       |        ^
build	Build DaddyBoard (HeliBoard fork)	2026-09-30T15:54:45.2425801Z C/C++: /home/runner/work/daddyboard/daddyboard/daddyboard-main/app/src/main/jni/src/dictionary/structure/pt_common/shortcut/shortcut_list_reading_utils.h:52:75: note: in implicit copy constructor for 'latinime::ReadOnlyByteArrayView' first required here
build	Build DaddyBoard (HeliBoard fork)	2026-09-30T15:54:45.2427821Z C/C++:    52 |         const int shortcutListSize = getShortcutListSizeAndForwardPointer(buffer, pos);
build	Build DaddyBoard (HeliBoard fork)	2026-09-30T15:54:45.2428662Z C/C++:       |                                                                           ^
build	Build DaddyBoard (HeliBoard fork)	2026-09-30T15:54:45.3350546Z C/C++: In file included from /home/runner/work/daddyboard/daddyboard/daddyboard-main/app/src/main/jni/src/dictionary/structure/dictionary_structure_with_buffer_policy_factory.cpp:27:
build	Build DaddyBoard (HeliBoard fork)	2026-09-30T15:54:45.3360872Z C/C++: In file included from /home/runner/work/daddyboard/daddyboard/daddyboard-main/app/src/main/jni/src/dictionary/structure/v4/ver4_dict_buffers.h:25:
build	Build DaddyBoard (HeliBoard fork)	2026-09-30T15:54:45.3363325Z C/C++: In file included from /home/runner/work/daddyboard/daddyboard/daddyboard-main/app/src/main/jni/src/dictionary/structure/v4/content/language_model_dict_content.h:30:
build	Build DaddyBoard (HeliBoard fork)	2026-09-30T15:54:45.3366190Z C/C++: /home/runner/work/daddyboard/daddyboard/daddyboard-main/app/src/main/jni/src/dictionary/utils/trie_map.h:129:9: warning: definition of implicit copy constructor for 'TrieMapIterator' is deprecated because it has a user-declared copy assignment operator [-Wdeprecated-copy]
build	Build DaddyBoard (HeliBoard fork)	2026-09-30T15:54:45.3368361Z C/C++:   129 |         DISALLOW_ASSIGNMENT_OPERATOR(TrieMapIterator);
build	Build DaddyBoard (HeliBoard fork)	2026-09-30T15:54:45.3369132Z C/C++:       |         ^
build	Build DaddyBoard (HeliBoard fork)	2026-09-30T15:54:45.3370306Z C/C++: /home/runner/work/daddyboard/daddyboard/daddyboard-main/app/src/main/jni/src/defines.h:289:8: note: expanded from macro 'DISALLOW_ASSIGNMENT_OPERATOR'
build	Build DaddyBoard (HeliBoard fork)	2026-09-30T15:54:45.3371507Z C/C++:   289 |   void operator=(const TypeName&) = delete
build	Build DaddyBoard (HeliBoard fork)	2026-09-30T15:54:45.3372023Z C/C++:       |        ^
build	Build DaddyBoard (HeliBoard fork)	2026-09-30T15:54:45.3373850Z C/C++: /home/runner/work/daddyboard/daddyboard/daddyboard-main/app/src/main/jni/src/dictionary/structure/v4/content/language_model_dict_content.h:67:19: note: in implicit copy constructor for 'latinime::TrieMap::TrieMapIterator' first required here
build	Build DaddyBoard (HeliBoard fork)	2026-09-30T15:54:45.3376246Z C/C++:    67 |                 : mTrieMapIterator(trieMapIterator), mHasHistoricalInfo(hasHistoricalInfo) {}
build	Build DaddyBoard (HeliBoard fork)	2026-09-30T15:54:45.3377002Z C/C++:       |                   ^
build	Build DaddyBoard (HeliBoard fork)	2026-09-30T15:54:45.3378256Z C/C++: In file included from /home/runner/work/daddyboard/daddyboard/daddyboard-main/app/src/main/jni/src/dictionary/structure/dictionary_structure_with_buffer_policy_factory.cpp:27:
build	Build DaddyBoard (HeliBoard fork)	2026-09-30T15:54:45.3380189Z C/C++: In file included from /home/runner/work/daddyboard/daddyboard/daddyboard-main/app/src/main/jni/src/dictionary/structure/v4/ver4_dict_buffers.h:25:
build	Build DaddyBoard (HeliBoard fork)	2026-09-30T15:54:45.3382061Z C/C++: In file included from /home/runner/work/daddyboard/daddyboard/daddyboard-main/app/src/main/jni/src/dictionary/structure/v4/content/language_model_dict_content.h:30:
build	Build DaddyBoard (HeliBoard fork)	2026-09-30T15:54:45.3384783Z C/C++: /home/runner/work/daddyboard/daddyboard/daddyboard-main/app/src/main/jni/src/dictionary/utils/trie_map.h:158:9: warning: definition of implicit copy constructor for 'TrieMapRange' is deprecated because it has a user-declared copy assignment operator [-Wdeprecated-copy]
build	Build DaddyBoard (HeliBoard fork)	2026-09-30T15:54:45.3386697Z C/C++:   158 |         DISALLOW_ASSIGNMENT_OPERATOR(TrieMapRange);
build	Build DaddyBoard (HeliBoard fork)	2026-09-30T15:54:45.3387239Z C/C++:       |         ^
build	Build DaddyBoard (HeliBoard fork)	2026-09-30T15:54:45.3388275Z C/C++: /home/runner/work/daddyboard/daddyboard/daddyboard-main/app/src/main/jni/src/defines.h:289:8: note: expanded from macro 'DISALLOW_ASSIGNMENT_OPERATOR'
build	Build DaddyBoard (HeliBoard fork)	2026-09-30T15:54:45.3389436Z C/C++:   289 |   void operator=(const TypeName&) = delete
build	Build DaddyBoard (HeliBoard fork)	2026-09-30T15:54:45.3389920Z C/C++:       |        ^
build	Build DaddyBoard (HeliBoard fork)	2026-09-30T15:54:45.3391464Z C/C++: /home/runner/work/daddyboard/daddyboard/daddyboard-main/app/src/main/jni/src/dictionary/structure/v4/content/language_model_dict_content.h:96:19: note: in implicit copy constructor for 'latinime::TrieMap::TrieMapRange' first required here
build	Build DaddyBoard (HeliBoard fork)	2026-09-30T15:54:45.3393813Z C/C++:    96 |                 : mTrieMapRange(trieMapRange), mHasHistoricalInfo(hasHistoricalInfo) {}
build	Build DaddyBoard (HeliBoard fork)	2026-09-30T15:54:45.3394521Z C/C++:       |                   ^
build	Build DaddyBoard (HeliBoard fork)	2026-09-30T15:54:45.3395758Z C/C++: In file included from /home/runner/work/daddyboard/daddyboard/daddyboard-main/app/src/main/jni/src/dictionary/structure/dictionary_structure_with_buffer_policy_factory.cpp:17:
build	Build DaddyBoard (HeliBoard fork)	2026-09-30T15:54:45.3397863Z C/C++: In file included from /home/runner/work/daddyboard/daddyboard/daddyboard-main/app/src/main/jni/src/dictionary/structure/dictionary_structure_with_buffer_policy_factory.h:24:
build	Build DaddyBoard (HeliBoard fork)	2026-09-30T15:54:45.3399902Z C/C++: In file included from /home/runner/work/daddyboard/daddyboard/daddyboard-main/app/src/main/jni/src/dictionary/interface/dictionary_structure_with_buffer_policy.h:24:
build	Build DaddyBoard (HeliBoard fork)	2026-09-30T15:54:45.3402575Z C/C++: /home/runner/work/daddyboard/daddyboard/daddyboard-main/app/src/main/jni/src/dictionary/property/word_attributes.h:59:5: warning: definition of implicit copy constructor for 'WordAttributes' is deprecated because it has a user-declared copy assignment operator [-Wdeprecated-copy]
build	Build DaddyBoard (HeliBoard fork)	2026-09-30T15:54:45.3404706Z C/C++:    59 |     DISALLOW_ASSIGNMENT_OPERATOR(WordAttributes);
build	Build DaddyBoard (HeliBoard fork)	2026-09-30T15:54:45.3405227Z C/C++:       |     ^
build	Build DaddyBoard (HeliBoard fork)	2026-09-30T15:54:45.3406237Z C/C++: /home/runner/work/daddyboard/daddyboard/daddyboard-main/app/src/main/jni/src/defines.h:289:8: note: expanded from macro 'DISALLOW_ASSIGNMENT_OPERATOR'
build	Build DaddyBoard (HeliBoard fork)	2026-09-30T15:54:45.3407401Z C/C++:   289 |   void operator=(const TypeName&) = delete
build	Build DaddyBoard (HeliBoard fork)	2026-09-30T15:54:45.3407889Z C/C++:       |        ^
build	Build DaddyBoard (HeliBoard fork)	2026-09-30T15:54:45.3409339Z C/C++: /home/runner/work/daddyboard/daddyboard/daddyboard-main/app/src/main/jni/src/dictionary/structure/v4/content/language_model_dict_content.h:119:19: note: in implicit copy constructor for 'WordAttributes' first required here
build	Build DaddyBoard (HeliBoard fork)	2026-09-30T15:54:45.3411165Z C/C++:   119 |                   mWordAttributes(wordAttributes), mProbabilityEntry(probabilityEntry) {}
build	Build DaddyBoard (HeliBoard fork)	2026-09-30T15:54:45.3411877Z C/C++:       |                   ^
build	Build DaddyBoard (HeliBoard fork)	2026-09-30T15:54:45.3413644Z C/C++: /home/runner/work/daddyboard/daddyboard/daddyboard-main/app/src/main/jni/src/dictionary/structure/dictionary_structure_with_buffer_policy_factory.cpp:148:19: warning: variable length arrays in C++ are a Clang extension [-Wvla-cxx-extension]
build	Build DaddyBoard (HeliBoard fork)	2026-09-30T15:54:45.3415535Z C/C++:   148 |     char dictPath[dictDirPathBufSize];
build	Build DaddyBoard (HeliBoard fork)	2026-09-30T15:54:45.3416043Z C/C++:       |                   ^~~~~~~~~~~~~~~~~~
build	Build DaddyBoard (HeliBoard fork)	2026-09-30T15:54:45.3417640Z C/C++: /home/runner/work/daddyboard/daddyboard/daddyboard-main/app/src/main/jni/src/dictionary/structure/dictionary_structure_with_buffer_policy_factory.cpp:148:19: note: initializer of 'dictDirPathBufSize' is not a constant expression
build	Build DaddyBoard (HeliBoard fork)	2026-09-30T15:54:45.3420078Z C/C++: /home/runner/work/daddyboard/daddyboard/daddyboard-main/app/src/main/jni/src/dictionary/structure/dictionary_structure_with_buffer_policy_factory.cpp:147:15: note: declared here
build	Build DaddyBoard (HeliBoard fork)	2026-09-30T15:54:45.3421638Z C/C++:   147 |     const int dictDirPathBufSize = strlen(headerFilePath) + 1 /* terminator */;
build	Build DaddyBoard (HeliBoard fork)	2026-09-30T15:54:45.3422349Z C/C++:       |               ^
build	Build DaddyBoard (HeliBoard fork)	2026-09-30T15:54:45.3424076Z C/C++: /home/runner/work/daddyboard/daddyboard/daddyboard-main/app/src/main/jni/src/dictionary/structure/dictionary_structure_with_buffer_policy_factory.cpp:203:19: warning: variable length arrays in C++ are a Clang extension [-Wvla-cxx-extension]
build	Build DaddyBoard (HeliBoard fork)	2026-09-30T15:54:45.3425769Z C/C++:   203 |     char dictName[dictNameBufSize];
build	Build DaddyBoard (HeliBoard fork)	2026-09-30T15:54:45.3426255Z C/C++:       |                   ^~~~~~~~~~~~~~~
build	Build DaddyBoard (HeliBoard fork)	2026-09-30T15:54:45.3427827Z C/C++: /home/runner/work/daddyboard/daddyboard/daddyboard-main/app/src/main/jni/src/dictionary/structure/dictionary_structure_with_buffer_policy_factory.cpp:203:19: note: initializer of 'dictNameBufSize' is not a constant expression
build	Build DaddyBoard (HeliBoard fork)	2026-09-30T15:54:45.3430257Z C/C++: /home/runner/work/daddyboard/daddyboard/daddyboard-main/app/src/main/jni/src/dictionary/structure/dictionary_structure_with_buffer_policy_factory.cpp:202:15: note: declared here
build	Build DaddyBoard (HeliBoard fork)	2026-09-30T15:54:45.3432013Z C/C++:   202 |     const int dictNameBufSize = strlen(dictDirPath) + 1 /* terminator */;
build	Build DaddyBoard (HeliBoard fork)	2026-09-30T15:54:45.3432673Z C/C++:       |               ^
build	Build DaddyBoard (HeliBoard fork)	2026-09-30T15:54:45.3434063Z C/C++: In file included from /home/runner/work/daddyboard/daddyboard/daddyboard-main/app/src/main/jni/src/dictionary/structure/dictionary_structure_with_buffer_policy_factory.cpp:17:
build	Build DaddyBoard (HeliBoard fork)	2026-09-30T15:54:45.3436166Z C/C++: In file included from /home/runner/work/daddyboard/daddyboard/daddyboard-main/app/src/main/jni/src/dictionary/structure/dictionary_structure_with_buffer_policy_factory.h:24:
build	Build DaddyBoard (HeliBoard fork)	2026-09-30T15:54:45.3438168Z C/C++: In file included from /home/runner/work/daddyboard/daddyboard/daddyboard-main/app/src/main/jni/src/dictionary/interface/dictionary_structure_with_buffer_policy.h:25:
build	Build DaddyBoard (HeliBoard fork)	2026-09-30T15:54:45.3439969Z C/C++: In file included from /home/runner/work/daddyboard/daddyboard/daddyboard-main/app/src/main/jni/src/dictionary/property/word_property.h:23:
build	Build DaddyBoard (HeliBoard fork)	2026-09-30T15:54:45.3441638Z C/C++: In file included from /home/runner/work/daddyboard/daddyboard/daddyboard-main/app/src/main/jni/src/dictionary/property/ngram_property.h:24:
build	Build DaddyBoard (HeliBoard fork)	2026-09-30T15:54:45.3443415Z C/C++: In file included from /home/runner/work/daddyboard/daddyboard/daddyboard-main/app/src/main/jni/src/dictionary/property/ngram_context.h:23:
build	Build DaddyBoard (HeliBoard fork)	2026-09-30T15:54:45.3445771Z C/C++: /home/runner/work/daddyboard/daddyboard/daddyboard-main/app/src/main/jni/src/utils/int_array_view.h:160:5: warning: definition of implicit copy constructor for 'IntArrayView' is deprecated because it has a user-declared copy assignment operator [-Wdeprecated-copy]
build	Build DaddyBoard (HeliBoard fork)	2026-09-30T15:54:45.3447603Z C/C++:   160 |     DISALLOW_ASSIGNMENT_OPERATOR(IntArrayView);
build	Build DaddyBoard (HeliBoard fork)	2026-09-30T15:54:45.3448116Z C/C++:       |     ^
build	Build DaddyBoard (HeliBoard fork)	2026-09-30T15:54:45.3449126Z C/C++: /home/runner/work/daddyboard/daddyboard/daddyboard-main/app/src/main/jni/src/defines.h:289:8: note: expanded from macro 'DISALLOW_ASSIGNMENT_OPERATOR'
build	Build DaddyBoard (HeliBoard fork)	2026-09-30T15:54:45.3450309Z C/C++:   289 |   void operator=(const TypeName&) = delete
build	Build DaddyBoard (HeliBoard fork)	2026-09-30T15:54:45.3450785Z C/C++:       |        ^
build	Build DaddyBoard (HeliBoard fork)	2026-09-30T15:54:45.3452201Z C/C++: /usr/local/lib/android/sdk/ndk/28.0.13004108/toolchains/llvm/prebuilt/linux-x86_64/sysroot/usr/include/c++/v1/__memory/allocator.h:173:24: note: in implicit copy constructor for 'latinime::IntArrayView' first required here
build	Build DaddyBoard (HeliBoard fork)	2026-09-30T15:54:45.3454120Z C/C++:   173 |     ::new ((void*)__p) _Up(std::forward<_Args>(__args)...);
build	Build DaddyBoard (HeliBoard fork)	2026-09-30T15:54:45.3454676Z C/C++:       |                        ^
build	Build DaddyBoard (HeliBoard fork)	2026-09-30T15:54:45.3456700Z C/C++: /usr/local/lib/android/sdk/ndk/28.0.13004108/toolchains/llvm/prebuilt/linux-x86_64/sysroot/usr/include/c++/v1/__memory/allocator_traits.h:320:9: note: in instantiation of function template specialization 'std::allocator<latinime::IntArrayView>::construct<latinime::IntArrayView, latinime::IntArrayView>' requested here
build	Build DaddyBoard (HeliBoard fork)	2026-09-30T15:54:45.3458821Z C/C++:   320 |     __a.construct(__p, std::forward<_Args>(__args)...);
build	Build DaddyBoard (HeliBoard fork)	2026-09-30T15:54:45.3459361Z C/C++:       |         ^
build	Build DaddyBoard (HeliBoard fork)	2026-09-30T15:54:45.3461514Z C/C++: /usr/local/lib/android/sdk/ndk/28.0.13004108/toolchains/llvm/prebuilt/linux-x86_64/sysroot/usr/include/c++/v1/__memory/uninitialized_algorithms.h:639:33: note: in instantiation of function template specialization 'std::allocator_traits<std::allocator<latinime::IntArrayView>>::construct<latinime::IntArrayView, latinime::IntArrayView, 0>' requested here
build	Build DaddyBoard (HeliBoard fork)	2026-09-30T15:54:45.3464063Z C/C++:   639 |       allocator_traits<_Alloc>::construct(__alloc, __result, std::move(*__iter));
build	Build DaddyBoard (HeliBoard fork)	2026-09-30T15:54:45.3464756Z C/C++:       |                                 ^
build	Build DaddyBoard (HeliBoard fork)	2026-09-30T15:54:45.3466375Z C/C++: /usr/local/lib/android/sdk/ndk/28.0.13004108/toolchains/llvm/prebuilt/linux-x86_64/sysroot/usr/include/c++/v1/vector:1511:3: note: in instantiation of member function 'std::vector<latinime::IntArrayView>::__swap_out_circular_buffer' requested here
build	Build DaddyBoard (HeliBoard fork)	2026-09-30T15:54:45.3468004Z C/C++:  1511 |   __swap_out_circular_buffer(__v);
build	Build DaddyBoard (HeliBoard fork)	2026-09-30T15:54:45.3468625Z C/C++:       |   ^
build	Build DaddyBoard (HeliBoard fork)	2026-09-30T15:54:45.3470470Z C/C++: /usr/local/lib/android/sdk/ndk/28.0.13004108/toolchains/llvm/prebuilt/linux-x86_64/sysroot/usr/include/c++/v1/vector:1529:13: note: in instantiation of function template specialization 'std::vector<latinime::IntArrayView>::__emplace_back_slow_path<const int *const &, const unsigned long &>' requested here
build	Build DaddyBoard (HeliBoard fork)	2026-09-30T15:54:45.3472556Z C/C++:  1529 |     __end = __emplace_back_slow_path(std::forward<_Args>(__args)...);
build	Build DaddyBoard (HeliBoard fork)	2026-09-30T15:54:45.3473308Z C/C++:       |             ^
build	Build DaddyBoard (HeliBoard fork)	2026-09-30T15:54:45.3475111Z C/C++: /home/runner/work/daddyboard/daddyboard/daddyboard-main/app/src/main/jni/src/utils/int_array_view.h:142:20: note: in instantiation of function template specialization 'std::vector<latinime::IntArrayView>::emplace_back<const int *const &, const unsigned long &>' requested here
build	Build DaddyBoard (HeliBoard fork)	2026-09-30T15:54:45.3476969Z C/C++:   142 |             result.emplace_back(mPtr, mSize);
build	Build DaddyBoard (HeliBoard fork)	2026-09-30T15:54:45.3477469Z C/C++:       |                    ^
build	Build DaddyBoard (HeliBoard fork)	2026-09-30T15:54:45.4350740Z C/C++: In file included from /home/runner/work/daddyboard/daddyboard/daddyboard-main/app/src/main/jni/src/dictionary/structure/dictionary_structure_with_buffer_policy_factory.cpp:17:
build	Build DaddyBoard (HeliBoard fork)	2026-09-30T15:54:45.4361080Z C/C++: In file included from /home/runner/work/daddyboard/daddyboard/daddyboard-main/app/src/main/jni/src/dictionary/structure/dictionary_structure_with_buffer_policy_factory.h:24:
build	Build DaddyBoard (HeliBoard fork)	2026-09-30T15:54:45.4363394Z C/C++: In file included from /home/runner/work/daddyboard/daddyboard/daddyboard-main/app/src/main/jni/src/dictionary/interface/dictionary_structure_with_buffer_policy.h:25:
build	Build DaddyBoard (HeliBoard fork)	2026-09-30T15:54:45.4365281Z C/C++: In file included from /home/runner/work/daddyboard/daddyboard/daddyboard-main/app/src/main/jni/src/dictionary/property/word_property.h:23:
build	Build DaddyBoard (HeliBoard fork)	2026-09-30T15:54:45.4367762Z C/C++: /home/runner/work/daddyboard/daddyboard/daddyboard-main/app/src/main/jni/src/dictionary/property/ngram_property.h:54:5: warning: definition of implicit copy constructor for 'NgramProperty' is deprecated because it has a user-declared copy assignment operator [-Wdeprecated-copy]
build	Build DaddyBoard (HeliBoard fork)	2026-09-30T15:54:45.4369767Z C/C++:    54 |     DISALLOW_ASSIGNMENT_OPERATOR(NgramProperty);
build	Build DaddyBoard (HeliBoard fork)	2026-09-30T15:54:45.4370285Z C/C++:       |     ^
build	Build DaddyBoard (HeliBoard fork)	2026-09-30T15:54:45.4371689Z C/C++: /home/runner/work/daddyboard/daddyboard/daddyboard-main/app/src/main/jni/src/defines.h:289:8: note: expanded from macro 'DISALLOW_ASSIGNMENT_OPERATOR'
build	Build DaddyBoard (HeliBoard fork)	2026-09-30T15:54:45.4373002Z C/C++:   289 |   void operator=(const TypeName&) = delete
build	Build DaddyBoard (HeliBoard fork)	2026-09-30T15:54:45.4373486Z C/C++:       |        ^
build	Build DaddyBoard (HeliBoard fork)	2026-09-30T15:54:45.4374985Z C/C++: /usr/local/lib/android/sdk/ndk/28.0.13004108/toolchains/llvm/prebuilt/linux-x86_64/sysroot/usr/include/c++/v1/__memory/allocator.h:173:24: note: in implicit copy constructor for 'latinime::NgramProperty' first required here
build	Build DaddyBoard (HeliBoard fork)	2026-09-30T15:54:45.4376573Z C/C++:   173 |     ::new ((void*)__p) _Up(std::forward<_Args>(__args)...);
build	Build DaddyBoard (HeliBoard fork)	2026-09-30T15:54:45.4377139Z C/C++:       |                        ^
build	Build DaddyBoard (HeliBoard fork)	2026-09-30T15:54:45.4379203Z C/C++: /usr/local/lib/android/sdk/ndk/28.0.13004108/toolchains/llvm/prebuilt/linux-x86_64/sysroot/usr/include/c++/v1/__memory/allocator_traits.h:320:9: note: in instantiation of function template specialization 'std::allocator<latinime::NgramProperty>::construct<latinime::NgramProperty, latinime::NgramProperty &>' requested here
build	Build DaddyBoard (HeliBoard fork)	2026-09-30T15:54:45.4381369Z C/C++:   320 |     __a.construct(__p, std::forward<_Args>(__args)...);
build	Build DaddyBoard (HeliBoard fork)	2026-09-30T15:54:45.4381909Z C/C++:       |         ^
build	Build DaddyBoard (HeliBoard fork)	2026-09-30T15:54:45.4384389Z C/C++: /usr/local/lib/android/sdk/ndk/28.0.13004108/toolchains/llvm/prebuilt/linux-x86_64/sysroot/usr/include/c++/v1/__memory/uninitialized_algorithms.h:551:31: note: in instantiation of function template specialization 'std::allocator_traits<std::allocator<latinime::NgramProperty>>::construct<latinime::NgramProperty, latinime::NgramProperty &, 0>' requested here
build	Build DaddyBoard (HeliBoard fork)	2026-09-30T15:54:45.4386961Z C/C++:   551 |     allocator_traits<_Alloc>::construct(__alloc, std::__to_address(__first2), *__first1);
build	Build DaddyBoard (HeliBoard fork)	2026-09-30T15:54:45.4387942Z C/C++:       |                               ^
build	Build DaddyBoard (HeliBoard fork)	2026-09-30T15:54:45.4390391Z C/C++: /usr/local/lib/android/sdk/ndk/28.0.13004108/toolchains/llvm/prebuilt/linux-x86_64/sysroot/usr/include/c++/v1/__memory/uninitialized_algorithms.h:594:33: note: in instantiation of function template specialization 'std::__uninitialized_allocator_copy_impl<std::allocator<latinime::NgramProperty>, latinime::NgramProperty *, latinime::NgramProperty *, latinime::NgramProperty *>' requested here
build	Build DaddyBoard (HeliBoard fork)	2026-09-30T15:54:45.4393138Z C/C++:   594 |   auto __result          = std::__uninitialized_allocator_copy_impl(
build	Build DaddyBoard (HeliBoard fork)	2026-09-30T15:54:45.4393773Z C/C++:       |                                 ^
build	Build DaddyBoard (HeliBoard fork)	2026-09-30T15:54:45.4396056Z C/C++: /usr/local/lib/android/sdk/ndk/28.0.13004108/toolchains/llvm/prebuilt/linux-x86_64/sysroot/usr/include/c++/v1/vector:1100:22: note: in instantiation of function template specialization 'std::__uninitialized_allocator_copy<std::allocator<latinime::NgramProperty>, latinime::NgramProperty *, latinime::NgramProperty *, latinime::NgramProperty *>' requested here
build	Build DaddyBoard (HeliBoard fork)	2026-09-30T15:54:45.4398614Z C/C++:  1100 |   __tx.__pos_ = std::__uninitialized_allocator_copy(__alloc(), __first, __last, __tx.__pos_);
build	Build DaddyBoard (HeliBoard fork)	2026-09-30T15:54:45.4399356Z C/C++:       |                      ^
build	Build DaddyBoard (HeliBoard fork)	2026-09-30T15:54:45.4401325Z C/C++: /usr/local/lib/android/sdk/ndk/28.0.13004108/toolchains/llvm/prebuilt/linux-x86_64/sysroot/usr/include/c++/v1/vector:761:7: note: in instantiation of function template specialization 'std::vector<latinime::NgramProperty>::__construct_at_end<latinime::NgramProperty *, latinime::NgramProperty *>' requested here
build	Build DaddyBoard (HeliBoard fork)	2026-09-30T15:54:45.4403507Z C/C++:   761 |       __construct_at_end(__first, __last, __n);
build	Build DaddyBoard (HeliBoard fork)	2026-09-30T15:54:45.4403997Z C/C++:       |       ^
build	Build DaddyBoard (HeliBoard fork)	2026-09-30T15:54:45.4405891Z C/C++: /usr/local/lib/android/sdk/ndk/28.0.13004108/toolchains/llvm/prebuilt/linux-x86_64/sysroot/usr/include/c++/v1/vector:1213:3: note: in instantiation of function template specialization 'std::vector<latinime::NgramProperty>::__init_with_size<latinime::NgramProperty *, latinime::NgramProperty *>' requested here
build	Build DaddyBoard (HeliBoard fork)	2026-09-30T15:54:45.4407983Z C/C++:  1213 |   __init_with_size(__x.__begin_, __x.__end_, __x.size());
build	Build DaddyBoard (HeliBoard fork)	2026-09-30T15:54:45.4408520Z C/C++:       |   ^
build	Build DaddyBoard (HeliBoard fork)	2026-09-30T15:54:45.4410168Z C/C++: /home/runner/work/daddyboard/daddyboard/daddyboard-main/app/src/main/jni/src/dictionary/property/word_property.h:39:15: note: in instantiation of member function 'std::vector<latinime::NgramProperty>::vector' requested here
build	Build DaddyBoard (HeliBoard fork)	2026-09-30T15:54:45.4411715Z C/C++:    39 |               mNgrams(ngrams) {}
build	Build DaddyBoard (HeliBoard fork)	2026-09-30T15:54:45.4412167Z C/C++:       |               ^
build	Build DaddyBoard (HeliBoard fork)	2026-09-30T15:54:45.4413904Z C/C++: /home/runner/work/daddyboard/daddyboard/daddyboard-main/app/src/main/jni/src/dictionary/structure/dictionary_structure_with_buffer_policy_factory.cpp:148:19: warning: variable length arrays in C++ are a Clang extension [-Wvla-cxx-extension]
build	Build DaddyBoard (HeliBoard fork)	2026-09-30T15:54:45.4415612Z C/C++:   148 |     char dictPath[dictDirPathBufSize];
build	Build DaddyBoard (HeliBoard fork)	2026-09-30T15:54:45.4416132Z C/C++:       |                   ^~~~~~~~~~~~~~~~~~
build	Build DaddyBoard (HeliBoard fork)	2026-09-30T15:54:45.4419381Z C/C++: /home/runner/work/daddyboard/daddyboard/daddyboard-main/app/src/main/jni/src/dictionary/structure/dictionary_structure_with_buffer_policy_factory.cpp:122:20: note: in instantiation of function template specialization 'latinime::DictionaryStructureWithBufferPolicyFactory::newPolicyForV4Dict<latinime::backward::v402::Ver4DictConstants, latinime::backward::v402::Ver4DictBuffers, std::unique_ptr<latinime::backward::v402::Ver4DictBuffers>, latinime::backward::v402::Ver4PatriciaTriePolicy>' requested here
build	Build DaddyBoard (HeliBoard fork)	2026-09-30T15:54:45.4422970Z C/C++:   122 |             return newPolicyForV4Dict<backward::v402::Ver4DictConstants,
build	Build DaddyBoard (HeliBoard fork)	2026-09-30T15:54:45.4423600Z C/C++:       |                    ^
build	Build DaddyBoard (HeliBoard fork)	2026-09-30T15:54:45.4425143Z C/C++: /home/runner/work/daddyboard/daddyboard/daddyboard-main/app/src/main/jni/src/dictionary/structure/dictionary_structure_with_buffer_policy_factory.cpp:148:19: note: initializer of 'dictDirPathBufSize' is not a constant expression
build	Build DaddyBoard (HeliBoard fork)	2026-09-30T15:54:45.4426987Z C/C++:   148 |     char dictPath[dictDirPathBufSize];
build	Build DaddyBoard (HeliBoard fork)	2026-09-30T15:54:45.4427472Z C/C++:       |                   ^
build	Build DaddyBoard (HeliBoard fork)	2026-09-30T15:54:45.4428733Z C/C++: /home/runner/work/daddyboard/daddyboard/daddyboard-main/app/src/main/jni/src/dictionary/structure/dictionary_structure_with_buffer_policy_factory.cpp:147:15: note: declared here
build	Build DaddyBoard (HeliBoard fork)	2026-09-30T15:54:45.4430333Z C/C++:   147 |     const int dictDirPathBufSize = strlen(headerFilePath) + 1 /* terminator */;
build	Build DaddyBoard (HeliBoard fork)	2026-09-30T15:54:45.4431026Z C/C++:       |               ^
build	Build DaddyBoard (HeliBoard fork)	2026-09-30T15:54:45.4432613Z C/C++: /home/runner/work/daddyboard/daddyboard/daddyboard-main/app/src/main/jni/src/dictionary/structure/dictionary_structure_with_buffer_policy_factory.cpp:148:19: warning: variable length arrays in C++ are a Clang extension [-Wvla-cxx-extension]
build	Build DaddyBoard (HeliBoard fork)	2026-09-30T15:54:45.4434448Z C/C++:   148 |     char dictPath[dictDirPathBufSize];
build	Build DaddyBoard (HeliBoard fork)	2026-09-30T15:54:45.4434948Z C/C++:       |                   ^~~~~~~~~~~~~~~~~~
build	Build DaddyBoard (HeliBoard fork)	2026-09-30T15:54:45.4437877Z C/C++: /home/runner/work/daddyboard/daddyboard/daddyboard-main/app/src/main/jni/src/dictionary/structure/dictionary_structure_with_buffer_policy_factory.cpp:130:20: note: in instantiation of function template specialization 'latinime::DictionaryStructureWithBufferPolicyFactory::newPolicyForV4Dict<latinime::Ver4DictConstants, latinime::Ver4DictBuffers, std::unique_ptr<latinime::Ver4DictBuffers>, latinime::Ver4PatriciaTriePolicy>' requested here
build	Build DaddyBoard (HeliBoard fork)	2026-09-30T15:54:45.4440953Z C/C++:   130 |             return newPolicyForV4Dict<Ver4DictConstants, Ver4DictBuffers,
build	Build DaddyBoard (HeliBoard fork)	2026-09-30T15:54:45.4441598Z C/C++:       |                    ^
build	Build DaddyBoard (HeliBoard fork)	2026-09-30T15:54:45.4443350Z C/C++: /home/runner/work/daddyboard/daddyboard/daddyboard-main/app/src/main/jni/src/dictionary/structure/dictionary_structure_with_buffer_policy_factory.cpp:148:19: note: initializer of 'dictDirPathBufSize' is not a constant expression
build	Build DaddyBoard (HeliBoard fork)	2026-09-30T15:54:45.4444984Z C/C++:   148 |     char dictPath[dictDirPathBufSize];
build	Build DaddyBoard (HeliBoard fork)	2026-09-30T15:54:45.4445475Z C/C++:       |                   ^
build	Build DaddyBoard (HeliBoard fork)	2026-09-30T15:54:45.4446724Z C/C++: /home/runner/work/daddyboard/daddyboard/daddyboard-main/app/src/main/jni/src/dictionary/structure/dictionary_structure_with_buffer_policy_factory.cpp:147:15: note: declared here
build	Build DaddyBoard (HeliBoard fork)	2026-09-30T15:54:45.4448455Z C/C++:   147 |     const int dictDirPathBufSize = strlen(headerFilePath) + 1 /* terminator */;
build	Build DaddyBoard (HeliBoard fork)	2026-09-30T15:54:45.4449144Z C/C++:       |               ^
build	Build DaddyBoard (HeliBoard fork)	2026-09-30T15:54:45.6357797Z C/C++: 13 warnings generated.
build	Build DaddyBoard (HeliBoard fork)	2026-09-30T15:54:46.2364875Z C/C++: In file included from /home/runner/work/daddyboard/daddyboard/daddyboard-main/app/src/main/jni/src/dictionary/structure/pt_common/bigram/bigram_list_read_write_utils.cpp:17:
build	Build DaddyBoard (HeliBoard fork)	2026-09-30T15:54:46.2394395Z C/C++: In file included from /home/runner/work/daddyboard/daddyboard/daddyboard-main/app/src/main/jni/src/dictionary/structure/pt_common/bigram/bigram_list_read_write_utils.h:24:
build	Build DaddyBoard (HeliBoard fork)	2026-09-30T15:54:46.2397152Z C/C++: /home/runner/work/daddyboard/daddyboard/daddyboard-main/app/src/main/jni/src/utils/byte_array_view.h:53:5: warning: definition of implicit copy constructor for 'ReadOnlyByteArrayView' is deprecated because it has a user-declared copy assignment operator [-Wdeprecated-copy]
build	Build DaddyBoard (HeliBoard fork)	2026-09-30T15:54:46.2423632Z C/C++:    53 |     DISALLOW_ASSIGNMENT_OPERATOR(ReadOnlyByteArrayView);
build	Build DaddyBoard (HeliBoard fork)	2026-09-30T15:54:46.2453842Z C/C++:       |     ^
build	Build DaddyBoard (HeliBoard fork)	2026-09-30T15:54:46.2473986Z C/C++: /home/runner/work/daddyboard/daddyboard/daddyboard-main/app/src/main/jni/src/defines.h:289:8: note: expanded from macro 'DISALLOW_ASSIGNMENT_OPERATOR'
build	Build DaddyBoard (HeliBoard fork)	2026-09-30T15:54:46.2494845Z C/C++:   289 |   void operator=(const TypeName&) = delete
build	Build DaddyBoard (HeliBoard fork)	2026-09-30T15:54:46.2513583Z C/C++:       |        ^
build	Build DaddyBoard (HeliBoard fork)	2026-09-30T15:54:46.2534403Z C/C++: /home/runner/work/daddyboard/daddyboard/daddyboard-main/app/src/main/jni/src/dictionary/structure/pt_common/bigram/bigram_list_read_write_utils.cpp:54:62: note: in implicit copy constructor for 'latinime::ReadOnlyByteArrayView' first required here
build	Build DaddyBoard (HeliBoard fork)	2026-09-30T15:54:46.2543721Z C/C++:    54 |     const int targetPos = getBigramAddressAndAdvancePosition(buffer, bigramFlags, bigramEntryPos);
build	Build DaddyBoard (HeliBoard fork)	2026-09-30T15:54:46.2545090Z C/C++:       |                                                              ^
build	Build DaddyBoard (HeliBoard fork)	2026-09-30T15:54:46.2545583Z C/C++: 1 warning generated.
build	Build DaddyBoard (HeliBoard fork)	2026-09-30T15:54:47.1351131Z C/C++: In file included from /home/runner/work/daddyboard/daddyboard/daddyboard-main/app/src/main/jni/src/dictionary/structure/pt_common/dynamic_pt_gc_event_listeners.cpp:17:
build	Build DaddyBoard (HeliBoard fork)	2026-09-30T15:54:47.1356804Z C/C++: In file included from /home/runner/work/daddyboard/daddyboard/daddyboard-main/app/src/main/jni/src/dictionary/structure/pt_common/dynamic_pt_gc_event_listeners.h:23:
build	Build DaddyBoard (HeliBoard fork)	2026-09-30T15:54:47.1359138Z C/C++: In file included from /home/runner/work/daddyboard/daddyboard/daddyboard-main/app/src/main/jni/src/dictionary/structure/pt_common/dynamic_pt_reading_helper.h:24:
build	Build DaddyBoard (HeliBoard fork)	2026-09-30T15:54:47.1361204Z C/C++: In file included from /home/runner/work/daddyboard/daddyboard/daddyboard-main/app/src/main/jni/src/dictionary/structure/pt_common/pt_node_params.h:27:
build	Build DaddyBoard (HeliBoard fork)	2026-09-30T15:54:47.1364145Z C/C++: /home/runner/work/daddyboard/daddyboard/daddyboard-main/app/src/main/jni/src/utils/int_array_view.h:160:5: warning: definition of implicit copy constructor for 'IntArrayView' is deprecated because it has a user-declared copy assignment operator [-Wdeprecated-copy]
build	Build DaddyBoard (HeliBoard fork)	2026-09-30T15:54:47.1366635Z C/C++:   160 |     DISALLOW_ASSIGNMENT_OPERATOR(IntArrayView);
build	Build DaddyBoard (HeliBoard fork)	2026-09-30T15:54:47.1367339Z C/C++:       |     ^
build	Build DaddyBoard (HeliBoard fork)	2026-09-30T15:54:47.1368547Z C/C++: /home/runner/work/daddyboard/daddyboard/daddyboard-main/app/src/main/jni/src/defines.h:289:8: note: expanded from macro 'DISALLOW_ASSIGNMENT_OPERATOR'
build	Build DaddyBoard (HeliBoard fork)	2026-09-30T15:54:47.1369943Z C/C++:   289 |   void operator=(const TypeName&) = delete
build	Build DaddyBoard (HeliBoard fork)	2026-09-30T15:54:47.1370603Z C/C++:       |        ^
build	Build DaddyBoard (HeliBoard fork)	2026-09-30T15:54:47.1372216Z C/C++: /usr/local/lib/android/sdk/ndk/28.0.13004108/toolchains/llvm/prebuilt/linux-x86_64/sysroot/usr/include/c++/v1/__memory/allocator.h:173:24: note: in implicit copy constructor for 'latinime::IntArrayView' first required here
build	Build DaddyBoard (HeliBoard fork)	2026-09-30T15:54:47.1374208Z C/C++:   173 |     ::new ((void*)__p) _Up(std::forward<_Args>(__args)...);
build	Build DaddyBoard (HeliBoard fork)	2026-09-30T15:54:47.1375002Z C/C++:       |                        ^
build	Build DaddyBoard (HeliBoard fork)	2026-09-30T15:54:47.1377585Z C/C++: /usr/local/lib/android/sdk/ndk/28.0.13004108/toolchains/llvm/prebuilt/linux-x86_64/sysroot/usr/include/c++/v1/__memory/allocator_traits.h:320:9: note: in instantiation of function template specialization 'std::allocator<latinime::IntArrayView>::construct<latinime::IntArrayView, latinime::IntArrayView>' requested here
build	Build DaddyBoard (HeliBoard fork)	2026-09-30T15:54:47.1380612Z C/C++:   320 |     __a.construct(__p, std::forward<_Args>(__args)...);
build	Build DaddyBoard (HeliBoard fork)	2026-09-30T15:54:47.1381349Z C/C++:       |         ^
build	Build DaddyBoard (HeliBoard fork)	2026-09-30T15:54:47.1383931Z C/C++: /usr/local/lib/android/sdk/ndk/28.0.13004108/toolchains/llvm/prebuilt/linux-x86_64/sysroot/usr/include/c++/v1/__memory/uninitialized_algorithms.h:639:33: note: in instantiation of function template specialization 'std::allocator_traits<std::allocator<latinime::IntArrayView>>::construct<latinime::IntArrayView, latinime::IntArrayView, 0>' requested here
build	Build DaddyBoard (HeliBoard fork)	2026-09-30T15:54:47.1386819Z C/C++:   639 |       allocator_traits<_Alloc>::construct(__alloc, __result, std::move(*__iter));
build	Build DaddyBoard (HeliBoard fork)	2026-09-30T15:54:47.1387736Z C/C++:       |                                 ^
build	Build DaddyBoard (HeliBoard fork)	2026-09-30T15:54:47.1389631Z C/C++: /usr/local/lib/android/sdk/ndk/28.0.13004108/toolchains/llvm/prebuilt/linux-x86_64/sysroot/usr/include/c++/v1/vector:1511:3: note: in instantiation of member function 'std::vector<latinime::IntArrayView>::__swap_out_circular_buffer' requested here
build	Build DaddyBoard (HeliBoard fork)	2026-09-30T15:54:47.1391545Z C/C++:  1511 |   __swap_out_circular_buffer(__v);
build	Build DaddyBoard (HeliBoard fork)	2026-09-30T15:54:47.1392184Z C/C++:       |   ^
build	Build DaddyBoard (HeliBoard fork)	2026-09-30T15:54:47.1394367Z C/C++: /usr/local/lib/android/sdk/ndk/28.0.13004108/toolchains/llvm/prebuilt/linux-x86_64/sysroot/usr/include/c++/v1/vector:1529:13: note: in instantiation of function template specialization 'std::vector<latinime::IntArrayView>::__emplace_back_slow_path<const int *const &, const unsigned long &>' requested here
build	Build DaddyBoard (HeliBoard fork)	2026-09-30T15:54:47.1397606Z C/C++:  1529 |     __end = __emplace_back_slow_path(std::forward<_Args>(__args)...);
build	Build DaddyBoard (HeliBoard fork)	2026-09-30T15:54:47.1399476Z C/C++:       |             ^
build	Build DaddyBoard (HeliBoard fork)	2026-09-30T15:54:47.1401492Z C/C++: /home/runner/work/daddyboard/daddyboard/daddyboard-main/app/src/main/jni/src/utils/int_array_view.h:142:20: note: in instantiation of function template specialization 'std::vector<latinime::IntArrayView>::emplace_back<const int *const &, const unsigned long &>' requested here
build	Build DaddyBoard (HeliBoard fork)	2026-09-30T15:54:47.1403833Z C/C++:   142 |             result.emplace_back(mPtr, mSize);
build	Build DaddyBoard (HeliBoard fork)	2026-09-30T15:54:47.1404498Z C/C++:       |                    ^
build	Build DaddyBoard (HeliBoard fork)	2026-09-30T15:54:47.2350179Z C/C++: 1 warning generated.
build	Build DaddyBoard (HeliBoard fork)	2026-09-30T15:54:47.6435219Z C/C++: /home/runner/work/daddyboard/daddyboard/daddyboard-main/app/src/main/jni/src/dictionary/structure/pt_common/dynamic_pt_reading_helper.cpp:182:27: warning: variable length arrays in C++ are a Clang extension [-Wvla-cxx-extension]
build	Build DaddyBoard (HeliBoard fork)	2026-09-30T15:54:47.6463613Z C/C++:   182 |     int reverseCodePoints[maxCodePointCount];
build	Build DaddyBoard (HeliBoard fork)	2026-09-30T15:54:47.6513346Z C/C++:       |                           ^~~~~~~~~~~~~~~~~
build	Build DaddyBoard (HeliBoard fork)	2026-09-30T15:54:47.6544733Z C/C++: /home/runner/work/daddyboard/daddyboard/daddyboard-main/app/src/main/jni/src/dictionary/structure/pt_common/dynamic_pt_reading_helper.cpp:182:27: note: function parameter 'maxCodePointCount' with unknown value cannot be used in a constant expression
build	Build DaddyBoard (HeliBoard fork)	2026-09-30T15:54:47.6555725Z C/C++: /home/runner/work/daddyboard/daddyboard/daddyboard-main/app/src/main/jni/src/dictionary/structure/pt_common/dynamic_pt_reading_helper.cpp:178:76: note: declared here
build	Build DaddyBoard (HeliBoard fork)	2026-09-30T15:54:47.6574097Z C/C++:   178 | int DynamicPtReadingHelper::getCodePointsAndReturnCodePointCount(const int maxCodePointCount,
build	Build DaddyBoard (HeliBoard fork)	2026-09-30T15:54:47.6575343Z C/C++:       |                                                                            ^
build	Build DaddyBoard (HeliBoard fork)	2026-09-30T15:54:47.6577287Z C/C++: /home/runner/work/daddyboard/daddyboard/daddyboard-main/app/src/main/jni/src/dictionary/structure/pt_common/dynamic_pt_reading_helper.cpp:217:26: warning: variable length arrays in C++ are a Clang extension [-Wvla-cxx-extension]
build	Build DaddyBoard (HeliBoard fork)	2026-09-30T15:54:47.6579208Z C/C++:   217 |     int searchCodePoints[length];
build	Build DaddyBoard (HeliBoard fork)	2026-09-30T15:54:47.6579758Z C/C++:       |                          ^~~~~~
build	Build DaddyBoard (HeliBoard fork)	2026-09-30T15:54:47.6581907Z C/C++: /home/runner/work/daddyboard/daddyboard/daddyboard-main/app/src/main/jni/src/dictionary/structure/pt_common/dynamic_pt_reading_helper.cpp:217:26: note: function parameter 'length' with unknown value cannot be used in a constant expression
build	Build DaddyBoard (HeliBoard fork)	2026-09-30T15:54:47.6583517Z C/C++: /home/runner/work/daddyboard/daddyboard/daddyboard-main/app/src/main/jni/src/dictionary/structure/pt_common/dynamic_pt_reading_helper.cpp:216:22: note: declared here
build	Build DaddyBoard (HeliBoard fork)	2026-09-30T15:54:47.6584315Z C/C++:   216 |         const size_t length, const bool forceLowerCaseSearch) {
build	Build DaddyBoard (HeliBoard fork)	2026-09-30T15:54:47.6584681Z C/C++:       |                      ^
build	Build DaddyBoard (HeliBoard fork)	2026-09-30T15:54:47.7354849Z C/C++: In file included from /home/runner/work/daddyboard/daddyboard/daddyboard-main/app/src/main/jni/src/dictionary/structure/pt_common/dynamic_pt_reading_helper.cpp:17:
build	Build DaddyBoard (HeliBoard fork)	2026-09-30T15:54:47.7357014Z C/C++: In file included from /home/runner/work/daddyboard/daddyboard/daddyboard-main/app/src/main/jni/src/dictionary/structure/pt_common/dynamic_pt_reading_helper.h:24:
build	Build DaddyBoard (HeliBoard fork)	2026-09-30T15:54:47.7358942Z C/C++: In file included from /home/runner/work/daddyboard/daddyboard/daddyboard-main/app/src/main/jni/src/dictionary/structure/pt_common/pt_node_params.h:27:
build	Build DaddyBoard (HeliBoard fork)	2026-09-30T15:54:47.7361254Z C/C++: /home/runner/work/daddyboard/daddyboard/daddyboard-main/app/src/main/jni/src/utils/int_array_view.h:160:5: warning: definition of implicit copy constructor for 'IntArrayView' is deprecated because it has a user-declared copy assignment operator [-Wdeprecated-copy]
build	Build DaddyBoard (HeliBoard fork)	2026-09-30T15:54:47.7363296Z C/C++:   160 |     DISALLOW_ASSIGNMENT_OPERATOR(IntArrayView);
build	Build DaddyBoard (HeliBoard fork)	2026-09-30T15:54:47.7363861Z C/C++:       |     ^
build	Build DaddyBoard (HeliBoard fork)	2026-09-30T15:54:47.7364875Z C/C++: /home/runner/work/daddyboard/daddyboard/daddyboard-main/app/src/main/jni/src/defines.h:289:8: note: expanded from macro 'DISALLOW_ASSIGNMENT_OPERATOR'
build	Build DaddyBoard (HeliBoard fork)	2026-09-30T15:54:47.7366670Z C/C++:   289 |   void operator=(const TypeName&) = delete
build	Build DaddyBoard (HeliBoard fork)	2026-09-30T15:54:47.7367131Z C/C++:       |        ^
build	Build DaddyBoard (HeliBoard fork)	2026-09-30T15:54:47.7369354Z C/C++: /usr/local/lib/android/sdk/ndk/28.0.13004108/toolchains/llvm/prebuilt/linux-x86_64/sysroot/usr/include/c++/v1/__memory/allocator.h:173:24: note: in implicit copy constructor for 'latinime::IntArrayView' first required here
build	Build DaddyBoard (HeliBoard fork)	2026-09-30T15:54:47.7370975Z C/C++:   173 |     ::new ((void*)__p) _Up(std::forward<_Args>(__args)...);
build	Build DaddyBoard (HeliBoard fork)	2026-09-30T15:54:47.7371509Z C/C++:       |                        ^
build	Build DaddyBoard (HeliBoard fork)	2026-09-30T15:54:47.7373574Z C/C++: /usr/local/lib/android/sdk/ndk/28.0.13004108/toolchains/llvm/prebuilt/linux-x86_64/sysroot/usr/include/c++/v1/__memory/allocator_traits.h:320:9: note: in instantiation of function template specialization 'std::allocator<latinime::IntArrayView>::construct<latinime::IntArrayView, latinime::IntArrayView>' requested here
build	Build DaddyBoard (HeliBoard fork)	2026-09-30T15:54:47.7375592Z C/C++:   320 |     __a.construct(__p, std::forward<_Args>(__args)...);
build	Build DaddyBoard (HeliBoard fork)	2026-09-30T15:54:47.7376109Z C/C++:       |         ^
build	Build DaddyBoard (HeliBoard fork)	2026-09-30T15:54:47.7384586Z C/C++: /usr/local/lib/android/sdk/ndk/28.0.13004108/toolchains/llvm/prebuilt/linux-x86_64/sysroot/usr/include/c++/v1/__memory/uninitialized_algorithms.h:639:33: note: in instantiation of function template specialization 'std::allocator_traits<std::allocator<latinime::IntArrayView>>::construct<latinime::IntArrayView, latinime::IntArrayView, 0>' requested here
build	Build DaddyBoard (HeliBoard fork)	2026-09-30T15:54:47.7387299Z C/C++:   639 |       allocator_traits<_Alloc>::construct(__alloc, __result, std::move(*__iter));
build	Build DaddyBoard (HeliBoard fork)	2026-09-30T15:54:47.7388393Z C/C++:       |                                 ^
build	Build DaddyBoard (HeliBoard fork)	2026-09-30T15:54:47.7390235Z C/C++: /usr/local/lib/android/sdk/ndk/28.0.13004108/toolchains/llvm/prebuilt/linux-x86_64/sysroot/usr/include/c++/v1/vector:1511:3: note: in instantiation of member function 'std::vector<latinime::IntArrayView>::__swap_out_circular_buffer' requested here
build	Build DaddyBoard (HeliBoard fork)	2026-09-30T15:54:47.7392020Z C/C++:  1511 |   __swap_out_circular_buffer(__v);
build	Build DaddyBoard (HeliBoard fork)	2026-09-30T15:54:47.7392623Z C/C++:       |   ^
build	Build DaddyBoard (HeliBoard fork)	2026-09-30T15:54:47.7394713Z C/C++: /usr/local/lib/android/sdk/ndk/28.0.13004108/toolchains/llvm/prebuilt/linux-x86_64/sysroot/usr/include/c++/v1/vector:1529:13: note: in instantiation of function template specialization 'std::vector<latinime::IntArrayView>::__emplace_back_slow_path<const int *const &, const unsigned long &>' requested here
build	Build DaddyBoard (HeliBoard fork)	2026-09-30T15:54:47.7397341Z C/C++:  1529 |     __end = __emplace_back_slow_path(std::forward<_Args>(__args)...);
build	Build DaddyBoard (HeliBoard fork)	2026-09-30T15:54:47.7398165Z C/C++:       |             ^
build	Build DaddyBoard (HeliBoard fork)	2026-09-30T15:54:47.7400057Z C/C++: /home/runner/work/daddyboard/daddyboard/daddyboard-main/app/src/main/jni/src/utils/int_array_view.h:142:20: note: in instantiation of function template specialization 'std::vector<latinime::IntArrayView>::emplace_back<const int *const &, const unsigned long &>' requested here
build	Build DaddyBoard (HeliBoard fork)	2026-09-30T15:54:47.7402159Z C/C++:   142 |             result.emplace_back(mPtr, mSize);
build	Build DaddyBoard (HeliBoard fork)	2026-09-30T15:54:47.7403051Z C/C++:       |                    ^
build	Build DaddyBoard (HeliBoard fork)	2026-09-30T15:54:47.8354257Z C/C++: 3 warnings generated.
build	Build DaddyBoard (HeliBoard fork)	2026-09-30T15:54:48.5352022Z C/C++: In file included from /home/runner/work/daddyboard/daddyboard/daddyboard-main/app/src/main/jni/src/dictionary/structure/pt_common/dynamic_pt_updating_helper.cpp:19:
build	Build DaddyBoard (HeliBoard fork)	2026-09-30T15:54:48.5384107Z C/C++: In file included from /home/runner/work/daddyboard/daddyboard/daddyboard-main/app/src/main/jni/src/dictionary/property/unigram_property.h:23:
build	Build DaddyBoard (HeliBoard fork)	2026-09-30T15:54:48.5386985Z C/C++: /home/runner/work/daddyboard/daddyboard/daddyboard-main/app/src/main/jni/src/dictionary/property/historical_info.h:52:5: warning: definition of implicit copy constructor for 'HistoricalInfo' is deprecated because it has a user-declared copy assignment operator [-Wdeprecated-copy]
build	Build DaddyBoard (HeliBoard fork)	2026-09-30T15:54:48.5389292Z C/C++:    52 |     DISALLOW_ASSIGNMENT_OPERATOR(HistoricalInfo);
build	Build DaddyBoard (HeliBoard fork)	2026-09-30T15:54:48.5390032Z C/C++:       |     ^
build	Build DaddyBoard (HeliBoard fork)	2026-09-30T15:54:48.5391792Z C/C++: /home/runner/work/daddyboard/daddyboard/daddyboard-main/app/src/main/jni/src/defines.h:289:8: note: expanded from macro 'DISALLOW_ASSIGNMENT_OPERATOR'
build	Build DaddyBoard (HeliBoard fork)	2026-09-30T15:54:48.5393422Z C/C++:   289 |   void operator=(const TypeName&) = delete
build	Build DaddyBoard (HeliBoard fork)	2026-09-30T15:54:48.5394086Z C/C++:       |        ^
build	Build DaddyBoard (HeliBoard fork)	2026-09-30T15:54:48.5395670Z C/C++: /home/runner/work/daddyboard/daddyboard/daddyboard-main/app/src/main/jni/src/dictionary/property/unigram_property.h:63:15: note: in implicit copy constructor for 'latinime::HistoricalInfo' first required here
build	Build DaddyBoard (HeliBoard fork)	2026-09-30T15:54:48.5397595Z C/C++:    63 |               mHistoricalInfo(historicalInfo), mShortcuts(std::move(shortcuts)) {}
build	Build DaddyBoard (HeliBoard fork)	2026-09-30T15:54:48.5398552Z C/C++:       |               ^
build	Build DaddyBoard (HeliBoard fork)	2026-09-30T15:54:48.5399930Z C/C++: In file included from /home/runner/work/daddyboard/daddyboard/daddyboard-main/app/src/main/jni/src/dictionary/structure/pt_common/dynamic_pt_updating_helper.cpp:17:
build	Build DaddyBoard (HeliBoard fork)	2026-09-30T15:54:48.5402227Z C/C++: In file included from /home/runner/work/daddyboard/daddyboard/daddyboard-main/app/src/main/jni/src/dictionary/structure/pt_common/dynamic_pt_updating_helper.h:21:
build	Build DaddyBoard (HeliBoard fork)	2026-09-30T15:54:48.5404530Z C/C++: In file included from /home/runner/work/daddyboard/daddyboard/daddyboard-main/app/src/main/jni/src/dictionary/structure/pt_common/pt_node_params.h:27:
build	Build DaddyBoard (HeliBoard fork)	2026-09-30T15:54:48.5407038Z C/C++: /home/runner/work/daddyboard/daddyboard/daddyboard-main/app/src/main/jni/src/utils/int_array_view.h:160:5: warning: definition of implicit copy constructor for 'IntArrayView' is deprecated because it has a user-declared copy assignment operator [-Wdeprecated-copy]
build	Build DaddyBoard (HeliBoard fork)	2026-09-30T15:54:48.5409093Z C/C++:   160 |     DISALLOW_ASSIGNMENT_OPERATOR(IntArrayView);
build	Build DaddyBoard (HeliBoard fork)	2026-09-30T15:54:48.5409834Z C/C++:       |     ^
build	Build DaddyBoard (HeliBoard fork)	2026-09-30T15:54:48.5411025Z C/C++: /home/runner/work/daddyboard/daddyboard/daddyboard-main/app/src/main/jni/src/defines.h:289:8: note: expanded from macro 'DISALLOW_ASSIGNMENT_OPERATOR'
build	Build DaddyBoard (HeliBoard fork)	2026-09-30T15:54:48.5412483Z C/C++:   289 |   void operator=(const TypeName&) = delete
build	Build DaddyBoard (HeliBoard fork)	2026-09-30T15:54:48.5413421Z C/C++:       |        ^
build	Build DaddyBoard (HeliBoard fork)	2026-09-30T15:54:48.5415122Z C/C++: /home/runner/work/daddyboard/daddyboard/daddyboard-main/app/src/main/jni/src/dictionary/structure/pt_common/dynamic_pt_updating_helper.cpp:99:41: note: in implicit copy constructor for 'latinime::IntArrayView' first required here
build	Build DaddyBoard (HeliBoard fork)	2026-09-30T15:54:48.5417673Z C/C++:    99 |     return mPtNodeWriter->addNgramEntry(prevWordIds, wordId, ngramProperty, outAddedNewEntry);
build	Build DaddyBoard (HeliBoard fork)	2026-09-30T15:54:48.5418697Z C/C++:       |                                         ^
build	Build DaddyBoard (HeliBoard fork)	2026-09-30T15:54:48.7356031Z C/C++: 2 warnings generated.
build	Build DaddyBoard (HeliBoard fork)	2026-09-30T15:54:49.5354931Z C/C++: In file included from /home/runner/work/daddyboard/daddyboard/daddyboard-main/app/src/main/jni/src/dictionary/structure/pt_common/shortcut/shortcut_list_reading_utils.cpp:17:
build	Build DaddyBoard (HeliBoard fork)	2026-09-30T15:54:49.5357079Z C/C++: In file included from /home/runner/work/daddyboard/daddyboard/daddyboard-main/app/src/main/jni/src/dictionary/structure/pt_common/shortcut/shortcut_list_reading_utils.h:23:
build	Build DaddyBoard (HeliBoard fork)	2026-09-30T15:54:49.5359125Z C/C++: /home/runner/work/daddyboard/daddyboard/daddyboard-main/app/src/main/jni/src/utils/byte_array_view.h:53:5: warning: definition of implicit copy constructor for 'ReadOnlyByteArrayView' is deprecated because it has a user-declared copy assignment operator [-Wdeprecated-copy]
build	Build DaddyBoard (HeliBoard fork)	2026-09-30T15:54:49.5360371Z C/C++:    53 |     DISALLOW_ASSIGNMENT_OPERATOR(ReadOnlyByteArrayView);
build	Build DaddyBoard (HeliBoard fork)	2026-09-30T15:54:49.5360722Z C/C++:       |     ^
build	Build DaddyBoard (HeliBoard fork)	2026-09-30T15:54:49.5361335Z C/C++: /home/runner/work/daddyboard/daddyboard/daddyboard-main/app/src/main/jni/src/defines.h:289:8: note: expanded from macro 'DISALLOW_ASSIGNMENT_OPERATOR'
build	Build DaddyBoard (HeliBoard fork)	2026-09-30T15:54:49.5362028Z C/C++:   289 |   void operator=(const TypeName&) = delete
build	Build DaddyBoard (HeliBoard fork)	2026-09-30T15:54:49.5362326Z C/C++:       |        ^
build	Build DaddyBoard (HeliBoard fork)	2026-09-30T15:54:49.5363424Z C/C++: /home/runner/work/daddyboard/daddyboard/daddyboard-main/app/src/main/jni/src/dictionary/structure/pt_common/shortcut/shortcut_list_reading_utils.h:52:75: note: in implicit copy constructor for 'latinime::ReadOnlyByteArrayView' first required here
build	Build DaddyBoard (HeliBoard fork)	2026-09-30T15:54:49.5364975Z C/C++:    52 |         const int shortcutListSize = getShortcutListSizeAndForwardPointer(buffer, pos);
build	Build DaddyBoard (HeliBoard fork)	2026-09-30T15:54:49.5365485Z C/C++:       |                                                                           ^
build	Build DaddyBoard (HeliBoard fork)	2026-09-30T15:54:49.5365834Z C/C++: 1 warning generated.
build	Build DaddyBoard (HeliBoard fork)	2026-09-30T15:54:50.1364742Z C/C++: In file included from /home/runner/work/daddyboard/daddyboard/daddyboard-main/app/src/main/jni/src/dictionary/structure/v2/patricia_trie_policy.cpp:17:
build	Build DaddyBoard (HeliBoard fork)	2026-09-30T15:54:50.1424230Z C/C++: In file included from /home/runner/work/daddyboard/daddyboard/daddyboard-main/app/src/main/jni/src/dictionary/structure/v2/patricia_trie_policy.h:24:
build	Build DaddyBoard (HeliBoard fork)	2026-09-30T15:54:50.1484080Z C/C++: In file included from /home/runner/work/daddyboard/daddyboard/daddyboard-main/app/src/main/jni/src/dictionary/header/header_policy.h:25:
build	Build DaddyBoard (HeliBoard fork)	2026-09-30T15:54:50.1514768Z C/C++: /home/runner/work/daddyboard/daddyboard/daddyboard-main/app/src/main/jni/src/dictionary/utils/entry_counters.h:44:5: warning: definition of implicit copy constructor for 'EntryCounts' is deprecated because it has a user-declared copy assignment operator [-Wdeprecated-copy]
build	Build DaddyBoard (HeliBoard fork)	2026-09-30T15:54:50.1516917Z C/C++:    44 |     DISALLOW_ASSIGNMENT_OPERATOR(EntryCounts);
build	Build DaddyBoard (HeliBoard fork)	2026-09-30T15:54:50.1543305Z C/C++:       |     ^
build	Build DaddyBoard (HeliBoard fork)	2026-09-30T15:54:50.1544441Z C/C++: /home/runner/work/daddyboard/daddyboard/daddyboard-main/app/src/main/jni/src/defines.h:289:8: note: expanded from macro 'DISALLOW_ASSIGNMENT_OPERATOR'
build	Build DaddyBoard (HeliBoard fork)	2026-09-30T15:54:50.1545645Z C/C++:   289 |   void operator=(const TypeName&) = delete
build	Build DaddyBoard (HeliBoard fork)	2026-09-30T15:54:50.1546137Z C/C++:       |        ^
build	Build DaddyBoard (HeliBoard fork)	2026-09-30T15:54:50.1547505Z C/C++: /home/runner/work/daddyboard/daddyboard/daddyboard-main/app/src/main/jni/src/dictionary/header/header_policy.h:92:15: note: in implicit copy constructor for 'latinime::EntryCounts' first required here
build	Build DaddyBoard (HeliBoard fork)	2026-09-30T15:54:50.1549047Z C/C++:    92 |               mNgramCounts(headerPolicy->mNgramCounts),
build	Build DaddyBoard (HeliBoard fork)	2026-09-30T15:54:50.1549598Z C/C++:       |               ^
build	Build DaddyBoard (HeliBoard fork)	2026-09-30T15:54:50.2364706Z C/C++: In file included from /home/runner/work/daddyboard/daddyboard/daddyboard-main/app/src/main/jni/src/dictionary/structure/v2/patricia_trie_policy.cpp:17:
build	Build DaddyBoard (HeliBoard fork)	2026-09-30T15:54:50.2415800Z C/C++: In file included from /home/runner/work/daddyboard/daddyboard/daddyboard-main/app/src/main/jni/src/dictionary/structure/v2/patricia_trie_policy.h:25:
build	Build DaddyBoard (HeliBoard fork)	2026-09-30T15:54:50.2444280Z C/C++: In file included from /home/runner/work/daddyboard/daddyboard/daddyboard-main/app/src/main/jni/src/dictionary/interface/dictionary_structure_with_buffer_policy.h:23:
build	Build DaddyBoard (HeliBoard fork)	2026-09-30T15:54:50.2459051Z C/C++: /home/runner/work/daddyboard/daddyboard/daddyboard-main/app/src/main/jni/src/dictionary/property/historical_info.h:52:5: warning: definition of implicit copy constructor for 'HistoricalInfo' is deprecated because it has a user-declared copy assignment operator [-Wdeprecated-copy]
build	Build DaddyBoard (HeliBoard fork)	2026-09-30T15:54:50.2483401Z C/C++:    52 |     DISALLOW_ASSIGNMENT_OPERATOR(HistoricalInfo);
build	Build DaddyBoard (HeliBoard fork)	2026-09-30T15:54:50.2484024Z C/C++:       |     ^
build	Build DaddyBoard (HeliBoard fork)	2026-09-30T15:54:50.2485068Z C/C++: /home/runner/work/daddyboard/daddyboard/daddyboard-main/app/src/main/jni/src/defines.h:289:8: note: expanded from macro 'DISALLOW_ASSIGNMENT_OPERATOR'
build	Build DaddyBoard (HeliBoard fork)	2026-09-30T15:54:50.2486235Z C/C++:   289 |   void operator=(const TypeName&) = delete
build	Build DaddyBoard (HeliBoard fork)	2026-09-30T15:54:50.2486742Z C/C++:       |        ^
build	Build DaddyBoard (HeliBoard fork)	2026-09-30T15:54:50.2488120Z C/C++: /home/runner/work/daddyboard/daddyboard/daddyboard-main/app/src/main/jni/src/dictionary/property/ngram_property.h:33:42: note: in implicit copy constructor for 'latinime::HistoricalInfo' first required here
build	Build DaddyBoard (HeliBoard fork)	2026-09-30T15:54:50.2489725Z C/C++:    33 |               mProbability(probability), mHistoricalInfo(historicalInfo) {}
build	Build DaddyBoard (HeliBoard fork)	2026-09-30T15:54:50.2490396Z C/C++:       |                                          ^
build	Build DaddyBoard (HeliBoard fork)	2026-09-30T15:54:50.2491555Z C/C++: In file included from /home/runner/work/daddyboard/daddyboard/daddyboard-main/app/src/main/jni/src/dictionary/structure/v2/patricia_trie_policy.cpp:17:
build	Build DaddyBoard (HeliBoard fork)	2026-09-30T15:54:50.2493886Z C/C++: In file included from /home/runner/work/daddyboard/daddyboard/daddyboard-main/app/src/main/jni/src/dictionary/structure/v2/patricia_trie_policy.h:25:
build	Build DaddyBoard (HeliBoard fork)	2026-09-30T15:54:50.2495775Z C/C++: In file included from /home/runner/work/daddyboard/daddyboard/daddyboard-main/app/src/main/jni/src/dictionary/interface/dictionary_structure_with_buffer_policy.h:25:
build	Build DaddyBoard (HeliBoard fork)	2026-09-30T15:54:50.2497539Z C/C++: In file included from /home/runner/work/daddyboard/daddyboard/daddyboard-main/app/src/main/jni/src/dictionary/property/word_property.h:24:
build	Build DaddyBoard (HeliBoard fork)	2026-09-30T15:54:50.2499969Z C/C++: /home/runner/work/daddyboard/daddyboard/daddyboard-main/app/src/main/jni/src/dictionary/property/unigram_property.h:126:5: warning: definition of implicit copy constructor for 'UnigramProperty' is deprecated because it has a user-declared copy assignment operator [-Wdeprecated-copy]
build	Build DaddyBoard (HeliBoard fork)	2026-09-30T15:54:50.2501963Z C/C++:   126 |     DISALLOW_ASSIGNMENT_OPERATOR(UnigramProperty);
build	Build DaddyBoard (HeliBoard fork)	2026-09-30T15:54:50.2502496Z C/C++:       |     ^
build	Build DaddyBoard (HeliBoard fork)	2026-09-30T15:54:50.2533971Z C/C++: /home/runner/work/daddyboard/daddyboard/daddyboard-main/app/src/main/jni/src/defines.h:289:8: note: expanded from macro 'DISALLOW_ASSIGNMENT_OPERATOR'
build	Build DaddyBoard (HeliBoard fork)	2026-09-30T15:54:50.2557103Z C/C++:   289 |   void operator=(const TypeName&) = delete
build	Build DaddyBoard (HeliBoard fork)	2026-09-30T15:54:50.2573328Z C/C++:       |        ^
build	Build DaddyBoard (HeliBoard fork)	2026-09-30T15:54:50.2574867Z C/C++: /home/runner/work/daddyboard/daddyboard/daddyboard-main/app/src/main/jni/src/dictionary/property/word_property.h:38:51: note: in implicit copy constructor for 'latinime::UnigramProperty' first required here
build	Build DaddyBoard (HeliBoard fork)	2026-09-30T15:54:50.2576545Z C/C++:    38 |             : mCodePoints(std::move(codePoints)), mUnigramProperty(unigramProperty),
build	Build DaddyBoard (HeliBoard fork)	2026-09-30T15:54:50.2577270Z C/C++:       |                                                   ^
build	Build DaddyBoard (HeliBoard fork)	2026-09-30T15:54:50.2578443Z C/C++: In file included from /home/runner/work/daddyboard/daddyboard/daddyboard-main/app/src/main/jni/src/dictionary/structure/v2/patricia_trie_policy.cpp:17:
build	Build DaddyBoard (HeliBoard fork)	2026-09-30T15:54:50.2580360Z C/C++: In file included from /home/runner/work/daddyboard/daddyboard/daddyboard-main/app/src/main/jni/src/dictionary/structure/v2/patricia_trie_policy.h:24:
build	Build DaddyBoard (HeliBoard fork)	2026-09-30T15:54:50.2582071Z C/C++: In file included from /home/runner/work/daddyboard/daddyboard/daddyboard-main/app/src/main/jni/src/dictionary/header/header_policy.h:23:
build	Build DaddyBoard (HeliBoard fork)	2026-09-30T15:54:50.2584296Z C/C++: In file included from /home/runner/work/daddyboard/daddyboard/daddyboard-main/app/src/main/jni/src/dictionary/header/header_read_write_utils.h:24:
build	Build DaddyBoard (HeliBoard fork)	2026-09-30T15:54:50.2585412Z C/C++: In file included from /home/runner/work/daddyboard/daddyboard/daddyboard-main/app/src/main/jni/src/dictionary/utils/format_utils.h:23:
build	Build DaddyBoard (HeliBoard fork)	2026-09-30T15:54:50.2586831Z C/C++: /home/runner/work/daddyboard/daddyboard/daddyboard-main/app/src/main/jni/src/utils/byte_array_view.h:53:5: warning: definition of implicit copy constructor for 'ReadOnlyByteArrayView' is deprecated because it has a user-declared copy assignment operator [-Wdeprecated-copy]
build	Build DaddyBoard (HeliBoard fork)	2026-09-30T15:54:50.2587979Z C/C++:    53 |     DISALLOW_ASSIGNMENT_OPERATOR(ReadOnlyByteArrayView);
build	Build DaddyBoard (HeliBoard fork)	2026-09-30T15:54:50.2588338Z C/C++:       |     ^
build	Build DaddyBoard (HeliBoard fork)	2026-09-30T15:54:50.2588954Z C/C++: /home/runner/work/daddyboard/daddyboard/daddyboard-main/app/src/main/jni/src/defines.h:289:8: note: expanded from macro 'DISALLOW_ASSIGNMENT_OPERATOR'
build	Build DaddyBoard (HeliBoard fork)	2026-09-30T15:54:50.2613351Z C/C++:   289 |   void operator=(const TypeName&) = delete
build	Build DaddyBoard (HeliBoard fork)	2026-09-30T15:54:50.2633339Z C/C++:       |        ^
build	Build DaddyBoard (HeliBoard fork)	2026-09-30T15:54:50.2644457Z C/C++: /home/runner/work/daddyboard/daddyboard/daddyboard-main/app/src/main/jni/src/dictionary/structure/v2/bigram/bigram_list_policy.h:31:60: note: in implicit copy constructor for 'latinime::ReadOnlyByteArrayView' first required here
build	Build DaddyBoard (HeliBoard fork)	2026-09-30T15:54:50.2673562Z C/C++:    31 |     BigramListPolicy(const ReadOnlyByteArrayView buffer) : mBuffer(buffer) {}
build	Build DaddyBoard (HeliBoard fork)	2026-09-30T15:54:50.2693423Z C/C++:       |                                                            ^
build	Build DaddyBoard (HeliBoard fork)	2026-09-30T15:54:50.2703949Z C/C++: In file included from /home/runner/work/daddyboard/daddyboard/daddyboard-main/app/src/main/jni/src/dictionary/structure/v2/patricia_trie_policy.cpp:17:
build	Build DaddyBoard (HeliBoard fork)	2026-09-30T15:54:50.2733935Z C/C++: In file included from /home/runner/work/daddyboard/daddyboard/daddyboard-main/app/src/main/jni/src/dictionary/structure/v2/patricia_trie_policy.h:25:
build	Build DaddyBoard (HeliBoard fork)	2026-09-30T15:54:50.2759301Z C/C++: In file included from /home/runner/work/daddyboard/daddyboard/daddyboard-main/app/src/main/jni/src/dictionary/interface/dictionary_structure_with_buffer_policy.h:25:
build	Build DaddyBoard (HeliBoard fork)	2026-09-30T15:54:50.2776698Z C/C++: In file included from /home/runner/work/daddyboard/daddyboard/daddyboard-main/app/src/main/jni/src/dictionary/property/word_property.h:23:
build	Build DaddyBoard (HeliBoard fork)	2026-09-30T15:54:50.2793964Z C/C++: In file included from /home/runner/work/daddyboard/daddyboard/daddyboard-main/app/src/main/jni/src/dictionary/property/ngram_property.h:24:
build	Build DaddyBoard (HeliBoard fork)	2026-09-30T15:54:50.2823923Z C/C++: In file included from /home/runner/work/daddyboard/daddyboard/daddyboard-main/app/src/main/jni/src/dictionary/property/ngram_context.h:23:
build	Build DaddyBoard (HeliBoard fork)	2026-09-30T15:54:50.2844773Z C/C++: /home/runner/work/daddyboard/daddyboard/daddyboard-main/app/src/main/jni/src/utils/int_array_view.h:160:5: warning: definition of implicit copy constructor for 'IntArrayView' is deprecated because it has a user-declared copy assignment operator [-Wdeprecated-copy]
build	Build DaddyBoard (HeliBoard fork)	2026-09-30T15:54:50.2846918Z C/C++:   160 |     DISALLOW_ASSIGNMENT_OPERATOR(IntArrayView);
build	Build DaddyBoard (HeliBoard fork)	2026-09-30T15:54:50.2873398Z C/C++:       |     ^
build	Build DaddyBoard (HeliBoard fork)	2026-09-30T15:54:50.2904058Z C/C++: /home/runner/work/daddyboard/daddyboard/daddyboard-main/app/src/main/jni/src/defines.h:289:8: note: expanded from macro 'DISALLOW_ASSIGNMENT_OPERATOR'
build	Build DaddyBoard (HeliBoard fork)	2026-09-30T15:54:50.2905281Z C/C++:   289 |   void operator=(const TypeName&) = delete
build	Build DaddyBoard (HeliBoard fork)	2026-09-30T15:54:50.2905782Z C/C++:       |        ^
build	Build DaddyBoard (HeliBoard fork)	2026-09-30T15:54:50.2907129Z C/C++: /home/runner/work/daddyboard/daddyboard/daddyboard-main/app/src/main/jni/src/suggest/core/dicnode/dic_node.h:110:53: note: in implicit copy constructor for 'latinime::IntArrayView' first required here
build	Build DaddyBoard (HeliBoard fork)	2026-09-30T15:54:50.2908708Z C/C++:   110 |         mDicNodeProperties.init(rootPtNodeArrayPos, prevWordIds);
build	Build DaddyBoard (HeliBoard fork)	2026-09-30T15:54:50.2909418Z C/C++:       |                                                     ^
build	Build DaddyBoard (HeliBoard fork)	2026-09-30T15:54:50.3364586Z C/C++: In file included from /home/runner/work/daddyboard/daddyboard/daddyboard-main/app/src/main/jni/src/dictionary/structure/v2/patricia_trie_policy.cpp:27:
build	Build DaddyBoard (HeliBoard fork)	2026-09-30T15:54:50.3384143Z C/C++: In file included from /home/runner/work/daddyboard/daddyboard/daddyboard-main/app/src/main/jni/src/dictionary/utils/multi_bigram_map.h:27:
build	Build DaddyBoard (HeliBoard fork)	2026-09-30T15:54:50.3404689Z C/C++: /home/runner/work/daddyboard/daddyboard/daddyboard-main/app/src/main/jni/src/dictionary/utils/bloom_filter.h:47:5: warning: definition of implicit copy constructor for 'BloomFilter' is deprecated because it has a user-declared copy assignment operator [-Wdeprecated-copy]
build	Build DaddyBoard (HeliBoard fork)	2026-09-30T15:54:50.3406555Z C/C++:    47 |     DISALLOW_ASSIGNMENT_OPERATOR(BloomFilter);
build	Build DaddyBoard (HeliBoard fork)	2026-09-30T15:54:50.3450389Z C/C++:       |     ^
build	Build DaddyBoard (HeliBoard fork)	2026-09-30T15:54:50.3464162Z C/C++: /home/runner/work/daddyboard/daddyboard/daddyboard-main/app/src/main/jni/src/defines.h:289:8: note: expanded from macro 'DISALLOW_ASSIGNMENT_OPERATOR'
build	Build DaddyBoard (HeliBoard fork)	2026-09-30T15:54:50.3473379Z C/C++:   289 |   void operator=(const TypeName&) = delete
build	Build DaddyBoard (HeliBoard fork)	2026-09-30T15:54:50.3503307Z C/C++:       |        ^
build	Build DaddyBoard (HeliBoard fork)	2026-09-30T15:54:50.3533365Z C/C++: /home/runner/work/daddyboard/daddyboard/daddyboard-main/app/src/main/jni/src/dictionary/utils/multi_bigram_map.h:57:53: note: in implicit copy constructor for 'latinime::BloomFilter' first required here
build	Build DaddyBoard (HeliBoard fork)	2026-09-30T15:54:50.3553708Z C/C++:    57 |                 : mBigramMap(bigramMap.mBigramMap), mBloomFilter(bigramMap.mBloomFilter) {}
build	Build DaddyBoard (HeliBoard fork)	2026-09-30T15:54:50.3563350Z C/C++:       |                                                     ^
build	Build DaddyBoard (HeliBoard fork)	2026-09-30T15:54:50.4354646Z C/C++: In file included from /home/runner/work/daddyboard/daddyboard/daddyboard-main/app/src/main/jni/src/dictionary/structure/v2/patricia_trie_policy.cpp:17:
build	Build DaddyBoard (HeliBoard fork)	2026-09-30T15:54:50.4374251Z C/C++: In file included from /home/runner/work/daddyboard/daddyboard/daddyboard-main/app/src/main/jni/src/dictionary/structure/v2/patricia_trie_policy.h:25:
build	Build DaddyBoard (HeliBoard fork)	2026-09-30T15:54:50.4389983Z C/C++: In file included from /home/runner/work/daddyboard/daddyboard/daddyboard-main/app/src/main/jni/src/dictionary/interface/dictionary_structure_with_buffer_policy.h:25:
build	Build DaddyBoard (HeliBoard fork)	2026-09-30T15:54:50.4423939Z C/C++: In file included from /home/runner/work/daddyboard/daddyboard/daddyboard-main/app/src/main/jni/src/dictionary/property/word_property.h:23:
build	Build DaddyBoard (HeliBoard fork)	2026-09-30T15:54:50.4454902Z C/C++: /home/runner/work/daddyboard/daddyboard/daddyboard-main/app/src/main/jni/src/dictionary/property/ngram_property.h:54:5: warning: definition of implicit copy constructor for 'NgramProperty' is deprecated because it has a user-declared copy assignment operator [-Wdeprecated-copy]
build	Build DaddyBoard (HeliBoard fork)	2026-09-30T15:54:50.4483422Z C/C++:    54 |     DISALLOW_ASSIGNMENT_OPERATOR(NgramProperty);
build	Build DaddyBoard (HeliBoard fork)	2026-09-30T15:54:50.4509963Z C/C++:       |     ^
build	Build DaddyBoard (HeliBoard fork)	2026-09-30T15:54:50.4543986Z C/C++: /home/runner/work/daddyboard/daddyboard/daddyboard-main/app/src/main/jni/src/defines.h:289:8: note: expanded from macro 'DISALLOW_ASSIGNMENT_OPERATOR'
build	Build DaddyBoard (HeliBoard fork)	2026-09-30T15:54:50.4563419Z C/C++:   289 |   void operator=(const TypeName&) = delete
build	Build DaddyBoard (HeliBoard fork)	2026-09-30T15:54:50.4573289Z C/C++:       |        ^
build	Build DaddyBoard (HeliBoard fork)	2026-09-30T15:54:50.4574753Z C/C++: /usr/local/lib/android/sdk/ndk/28.0.13004108/toolchains/llvm/prebuilt/linux-x86_64/sysroot/usr/include/c++/v1/__memory/allocator.h:173:24: note: in implicit copy constructor for 'latinime::NgramProperty' first required here
build	Build DaddyBoard (HeliBoard fork)	2026-09-30T15:54:50.4576333Z C/C++:   173 |     ::new ((void*)__p) _Up(std::forward<_Args>(__args)...);
build	Build DaddyBoard (HeliBoard fork)	2026-09-30T15:54:50.4576898Z C/C++:       |                        ^
build	Build DaddyBoard (HeliBoard fork)	2026-09-30T15:54:50.4578853Z C/C++: /usr/local/lib/android/sdk/ndk/28.0.13004108/toolchains/llvm/prebuilt/linux-x86_64/sysroot/usr/include/c++/v1/__memory/allocator_traits.h:320:9: note: in instantiation of function template specialization 'std::allocator<latinime::NgramProperty>::construct<latinime::NgramProperty, latinime::NgramProperty &>' requested here
build	Build DaddyBoard (HeliBoard fork)	2026-09-30T15:54:50.4580898Z C/C++:   320 |     __a.construct(__p, std::forward<_Args>(__args)...);
build	Build DaddyBoard (HeliBoard fork)	2026-09-30T15:54:50.4581429Z C/C++:       |         ^
build	Build DaddyBoard (HeliBoard fork)	2026-09-30T15:54:50.4583689Z C/C++: /usr/local/lib/android/sdk/ndk/28.0.13004108/toolchains/llvm/prebuilt/linux-x86_64/sysroot/usr/include/c++/v1/__memory/uninitialized_algorithms.h:551:31: note: in instantiation of function template specialization 'std::allocator_traits<std::allocator<latinime::NgramProperty>>::construct<latinime::NgramProperty, latinime::NgramProperty &, 0>' requested here
build	Build DaddyBoard (HeliBoard fork)	2026-09-30T15:54:50.4586319Z C/C++:   551 |     allocator_traits<_Alloc>::construct(__alloc, std::__to_address(__first2), *__first1);
build	Build DaddyBoard (HeliBoard fork)	2026-09-30T15:54:50.4593351Z C/C++:       |                               ^
build	Build DaddyBoard (HeliBoard fork)	2026-09-30T15:54:50.4595947Z C/C++: /usr/local/lib/android/sdk/ndk/28.0.13004108/toolchains/llvm/prebuilt/linux-x86_64/sysroot/usr/include/c++/v1/__memory/uninitialized_algorithms.h:594:33: note: in instantiation of function template specialization 'std::__uninitialized_allocator_copy_impl<std::allocator<latinime::NgramProperty>, latinime::NgramProperty *, latinime::NgramProperty *, latinime::NgramProperty *>' requested here
build	Build DaddyBoard (HeliBoard fork)	2026-09-30T15:54:50.4600090Z C/C++:   594 |   auto __result          = std::__uninitialized_allocator_copy_impl(
build	Build DaddyBoard (HeliBoard fork)	2026-09-30T15:54:50.4600785Z C/C++:       |                                 ^
build	Build DaddyBoard (HeliBoard fork)	2026-09-30T15:54:50.4603372Z C/C++: /usr/local/lib/android/sdk/ndk/28.0.13004108/toolchains/llvm/prebuilt/linux-x86_64/sysroot/usr/include/c++/v1/vector:1100:22: note: in instantiation of function template specialization 'std::__uninitialized_allocator_copy<std::allocator<latinime::NgramProperty>, latinime::NgramProperty *, latinime::NgramProperty *, latinime::NgramProperty *>' requested here
build	Build DaddyBoard (HeliBoard fork)	2026-09-30T15:54:50.4605991Z C/C++:  1100 |   __tx.__pos_ = std::__uninitialized_allocator_copy(__alloc(), __first, __last, __tx.__pos_);
build	Build DaddyBoard (HeliBoard fork)	2026-09-30T15:54:50.4606748Z C/C++:       |                      ^
build	Build DaddyBoard (HeliBoard fork)	2026-09-30T15:54:50.4608727Z C/C++: /usr/local/lib/android/sdk/ndk/28.0.13004108/toolchains/llvm/prebuilt/linux-x86_64/sysroot/usr/include/c++/v1/vector:761:7: note: in instantiation of function template specialization 'std::vector<latinime::NgramProperty>::__construct_at_end<latinime::NgramProperty *, latinime::NgramProperty *>' requested here
build	Build DaddyBoard (HeliBoard fork)	2026-09-30T15:54:50.4611182Z C/C++:   761 |       __construct_at_end(__first, __last, __n);
build	Build DaddyBoard (HeliBoard fork)	2026-09-30T15:54:50.4611717Z C/C++:       |       ^
build	Build DaddyBoard (HeliBoard fork)	2026-09-30T15:54:50.4613874Z C/C++: /usr/local/lib/android/sdk/ndk/28.0.13004108/toolchains/llvm/prebuilt/linux-x86_64/sysroot/usr/include/c++/v1/vector:1213:3: note: in instantiation of function template specialization 'std::vector<latinime::NgramProperty>::__init_with_size<latinime::NgramProperty *, latinime::NgramProperty *>' requested here
build	Build DaddyBoard (HeliBoard fork)	2026-09-30T15:54:50.4616008Z C/C++:  1213 |   __init_with_size(__x.__begin_, __x.__end_, __x.size());
build	Build DaddyBoard (HeliBoard fork)	2026-09-30T15:54:50.4643245Z C/C++:       |   ^
build	Build DaddyBoard (HeliBoard fork)	2026-09-30T15:54:50.4665550Z C/C++: /home/runner/work/daddyboard/daddyboard/daddyboard-main/app/src/main/jni/src/dictionary/property/word_property.h:39:15: note: in instantiation of member function 'std::vector<latinime::NgramProperty>::vector' requested here
build	Build DaddyBoard (HeliBoard fork)	2026-09-30T15:54:50.4703260Z C/C++:    39 |               mNgrams(ngrams) {}
build	Build DaddyBoard (HeliBoard fork)	2026-09-30T15:54:50.4714300Z C/C++:       |               ^
build	Build DaddyBoard (HeliBoard fork)	2026-09-30T15:54:50.8364146Z C/C++: 7 warnings generated.
build	Build DaddyBoard (HeliBoard fork)	2026-09-30T15:54:51.5364758Z C/C++: In file included from /home/runner/work/daddyboard/daddyboard/daddyboard-main/app/src/main/jni/src/dictionary/structure/v2/ver2_patricia_trie_node_reader.cpp:17:
build	Build DaddyBoard (HeliBoard fork)	2026-09-30T15:54:51.5394223Z C/C++: In file included from /home/runner/work/daddyboard/daddyboard/daddyboard-main/app/src/main/jni/src/dictionary/structure/v2/ver2_patricia_trie_node_reader.h:25:
build	Build DaddyBoard (HeliBoard fork)	2026-09-30T15:54:51.5424890Z C/C++: /home/runner/work/daddyboard/daddyboard/daddyboard-main/app/src/main/jni/src/utils/byte_array_view.h:53:5: warning: definition of implicit copy constructor for 'ReadOnlyByteArrayView' is deprecated because it has a user-declared copy assignment operator [-Wdeprecated-copy]
build	Build DaddyBoard (HeliBoard fork)	2026-09-30T15:54:51.5443477Z C/C++:    53 |     DISALLOW_ASSIGNMENT_OPERATOR(ReadOnlyByteArrayView);
build	Build DaddyBoard (HeliBoard fork)	2026-09-30T15:54:51.5483298Z C/C++:       |     ^
build	Build DaddyBoard (HeliBoard fork)	2026-09-30T15:54:51.5504023Z C/C++: /home/runner/work/daddyboard/daddyboard/daddyboard-main/app/src/main/jni/src/defines.h:289:8: note: expanded from macro 'DISALLOW_ASSIGNMENT_OPERATOR'
build	Build DaddyBoard (HeliBoard fork)	2026-09-30T15:54:51.5528294Z C/C++:   289 |   void operator=(const TypeName&) = delete
build	Build DaddyBoard (HeliBoard fork)	2026-09-30T15:54:51.5563430Z C/C++:       |        ^
build	Build DaddyBoard (HeliBoard fork)	2026-09-30T15:54:51.5594503Z C/C++: /home/runner/work/daddyboard/daddyboard/daddyboard-main/app/src/main/jni/src/dictionary/structure/v2/ver2_patricia_trie_node_reader.h:38:15: note: in implicit copy constructor for 'latinime::ReadOnlyByteArrayView' first required here
build	Build DaddyBoard (HeliBoard fork)	2026-09-30T15:54:51.5623596Z C/C++:    38 |             : mBuffer(buffer), mBigramPolicy(bigramPolicy), mShortcutPolicy(shortcutPolicy),
build	Build DaddyBoard (HeliBoard fork)	2026-09-30T15:54:51.5653279Z C/C++:       |               ^
build	Build DaddyBoard (HeliBoard fork)	2026-09-30T15:54:51.6364775Z C/C++: In file included from /home/runner/work/daddyboard/daddyboard/daddyboard-main/app/src/main/jni/src/dictionary/structure/v2/ver2_patricia_trie_node_reader.cpp:17:
build	Build DaddyBoard (HeliBoard fork)	2026-09-30T15:54:51.6404175Z C/C++: In file included from /home/runner/work/daddyboard/daddyboard/daddyboard-main/app/src/main/jni/src/dictionary/structure/v2/ver2_patricia_trie_node_reader.h:23:
build	Build DaddyBoard (HeliBoard fork)	2026-09-30T15:54:51.6433980Z C/C++: In file included from /home/runner/work/daddyboard/daddyboard/daddyboard-main/app/src/main/jni/src/dictionary/structure/pt_common/pt_node_params.h:27:
build	Build DaddyBoard (HeliBoard fork)	2026-09-30T15:54:51.6464765Z C/C++: /home/runner/work/daddyboard/daddyboard/daddyboard-main/app/src/main/jni/src/utils/int_array_view.h:160:5: warning: definition of implicit copy constructor for 'IntArrayView' is deprecated because it has a user-declared copy assignment operator [-Wdeprecated-copy]
build	Build DaddyBoard (HeliBoard fork)	2026-09-30T15:54:51.6513584Z C/C++:   160 |     DISALLOW_ASSIGNMENT_OPERATOR(IntArrayView);
build	Build DaddyBoard (HeliBoard fork)	2026-09-30T15:54:51.6543401Z C/C++:       |     ^
build	Build DaddyBoard (HeliBoard fork)	2026-09-30T15:54:51.6556308Z C/C++: /home/runner/work/daddyboard/daddyboard/daddyboard-main/app/src/main/jni/src/defines.h:289:8: note: expanded from macro 'DISALLOW_ASSIGNMENT_OPERATOR'
build	Build DaddyBoard (HeliBoard fork)	2026-09-30T15:54:51.6583639Z C/C++:   289 |   void operator=(const TypeName&) = delete
build	Build DaddyBoard (HeliBoard fork)	2026-09-30T15:54:51.6603368Z C/C++:       |        ^
build	Build DaddyBoard (HeliBoard fork)	2026-09-30T15:54:51.6633874Z C/C++: /usr/local/lib/android/sdk/ndk/28.0.13004108/toolchains/llvm/prebuilt/linux-x86_64/sysroot/usr/include/c++/v1/__memory/allocator.h:173:24: note: in implicit copy constructor for 'latinime::IntArrayView' first required here
build	Build DaddyBoard (HeliBoard fork)	2026-09-30T15:54:51.6635850Z C/C++:   173 |     ::new ((void*)__p) _Up(std::forward<_Args>(__args)...);
build	Build DaddyBoard (HeliBoard fork)	2026-09-30T15:54:51.6636552Z C/C++:       |                        ^
build	Build DaddyBoard (HeliBoard fork)	2026-09-30T15:54:51.6638631Z C/C++: /usr/local/lib/android/sdk/ndk/28.0.13004108/toolchains/llvm/prebuilt/linux-x86_64/sysroot/usr/include/c++/v1/__memory/allocator_traits.h:320:9: note: in instantiation of function template specialization 'std::allocator<latinime::IntArrayView>::construct<latinime::IntArrayView, latinime::IntArrayView>' requested here
build	Build DaddyBoard (HeliBoard fork)	2026-09-30T15:54:51.6640814Z C/C++:   320 |     __a.construct(__p, std::forward<_Args>(__args)...);
build	Build DaddyBoard (HeliBoard fork)	2026-09-30T15:54:51.6713510Z C/C++:       |         ^
build	Build DaddyBoard (HeliBoard fork)	2026-09-30T15:54:51.6716466Z C/C++: /usr/local/lib/android/sdk/ndk/28.0.13004108/toolchains/llvm/prebuilt/linux-x86_64/sysroot/usr/include/c++/v1/__memory/uninitialized_algorithms.h:639:33: note: in instantiation of function template specialization 'std::allocator_traits<std::allocator<latinime::IntArrayView>>::construct<latinime::IntArrayView, latinime::IntArrayView, 0>' requested here
build	Build DaddyBoard (HeliBoard fork)	2026-09-30T15:54:51.6733605Z C/C++:   639 |       allocator_traits<_Alloc>::construct(__alloc, __result, std::move(*__iter));
build	Build DaddyBoard (HeliBoard fork)	2026-09-30T15:54:51.6743550Z C/C++:       |                                 ^
build	Build DaddyBoard (HeliBoard fork)	2026-09-30T15:54:51.6774645Z C/C++: /usr/local/lib/android/sdk/ndk/28.0.13004108/toolchains/llvm/prebuilt/linux-x86_64/sysroot/usr/include/c++/v1/vector:1511:3: note: in instantiation of member function 'std::vector<latinime::IntArrayView>::__swap_out_circular_buffer' requested here
build	Build DaddyBoard (HeliBoard fork)	2026-09-30T15:54:51.6803461Z C/C++:  1511 |   __swap_out_circular_buffer(__v);
build	Build DaddyBoard (HeliBoard fork)	2026-09-30T15:54:51.6820438Z C/C++:       |   ^
build	Build DaddyBoard (HeliBoard fork)	2026-09-30T15:54:51.6822590Z C/C++: /usr/local/lib/android/sdk/ndk/28.0.13004108/toolchains/llvm/prebuilt/linux-x86_64/sysroot/usr/include/c++/v1/vector:1529:13: note: in instantiation of function template specialization 'std::vector<latinime::IntArrayView>::__emplace_back_slow_path<const int *const &, const unsigned long &>' requested here
build	Build DaddyBoard (HeliBoard fork)	2026-09-30T15:54:51.6825697Z C/C++:  1529 |     __end = __emplace_back_slow_path(std::forward<_Args>(__args)...);
build	Build DaddyBoard (HeliBoard fork)	2026-09-30T15:54:51.6826541Z C/C++:       |             ^
build	Build DaddyBoard (HeliBoard fork)	2026-09-30T15:54:51.6828457Z C/C++: /home/runner/work/daddyboard/daddyboard/daddyboard-main/app/src/main/jni/src/utils/int_array_view.h:142:20: note: in instantiation of function template specialization 'std::vector<latinime::IntArrayView>::emplace_back<const int *const &, const unsigned long &>' requested here
build	Build DaddyBoard (HeliBoard fork)	2026-09-30T15:54:51.6830591Z C/C++:   142 |             result.emplace_back(mPtr, mSize);
build	Build DaddyBoard (HeliBoard fork)	2026-09-30T15:54:51.6831277Z C/C++:       |                    ^
build	Build DaddyBoard (HeliBoard fork)	2026-09-30T15:54:51.6831883Z C/C++: 2 warnings generated.
build	Build DaddyBoard (HeliBoard fork)	2026-09-30T15:54:51.7377019Z C/C++: In file included from /home/runner/work/daddyboard/daddyboard/daddyboard-main/app/src/main/jni/src/dictionary/structure/v2/ver2_pt_node_array_reader.cpp:17:
build	Build DaddyBoard (HeliBoard fork)	2026-09-30T15:54:51.7404386Z C/C++: In file included from /home/runner/work/daddyboard/daddyboard/daddyboard-main/app/src/main/jni/src/dictionary/structure/v2/ver2_pt_node_array_reader.h:24:
build	Build DaddyBoard (HeliBoard fork)	2026-09-30T15:54:51.7414701Z C/C++: /home/runner/work/daddyboard/daddyboard/daddyboard-main/app/src/main/jni/src/utils/byte_array_view.h:53:5: warning: definition of implicit copy constructor for 'ReadOnlyByteArrayView' is deprecated because it has a user-declared copy assignment operator [-Wdeprecated-copy]
build	Build DaddyBoard (HeliBoard fork)	2026-09-30T15:54:51.7433667Z C/C++:    53 |     DISALLOW_ASSIGNMENT_OPERATOR(ReadOnlyByteArrayView);
build	Build DaddyBoard (HeliBoard fork)	2026-09-30T15:54:51.7463444Z C/C++:       |     ^
build	Build DaddyBoard (HeliBoard fork)	2026-09-30T15:54:51.7494098Z C/C++: /home/runner/work/daddyboard/daddyboard/daddyboard-main/app/src/main/jni/src/defines.h:289:8: note: expanded from macro 'DISALLOW_ASSIGNMENT_OPERATOR'
build	Build DaddyBoard (HeliBoard fork)	2026-09-30T15:54:51.7503305Z C/C++:   289 |   void operator=(const TypeName&) = delete
build	Build DaddyBoard (HeliBoard fork)	2026-09-30T15:54:51.7523506Z C/C++:       |        ^
build	Build DaddyBoard (HeliBoard fork)	2026-09-30T15:54:51.7554672Z C/C++: /home/runner/work/daddyboard/daddyboard/daddyboard-main/app/src/main/jni/src/dictionary/structure/v2/ver2_pt_node_array_reader.h:30:65: note: in implicit copy constructor for 'latinime::ReadOnlyByteArrayView' first required here
build	Build DaddyBoard (HeliBoard fork)	2026-09-30T15:54:51.7583737Z C/C++:    30 |     Ver2PtNodeArrayReader(const ReadOnlyByteArrayView buffer) : mBuffer(buffer) {};
build	Build DaddyBoard (HeliBoard fork)	2026-09-30T15:54:51.7593287Z C/C++:       |                                                                 ^
build	Build DaddyBoard (HeliBoard fork)	2026-09-30T15:54:51.7613525Z C/C++: 1 warning generated.
build	Build DaddyBoard (HeliBoard fork)	2026-09-30T15:54:52.4364807Z C/C++: In file included from /home/runner/work/daddyboard/daddyboard/daddyboard-main/app/src/main/jni/src/dictionary/structure/v4/ver4_dict_buffers.cpp:17:
build	Build DaddyBoard (HeliBoard fork)	2026-09-30T15:54:52.4401487Z C/C++: In file included from /home/runner/work/daddyboard/daddyboard/daddyboard-main/app/src/main/jni/src/dictionary/structure/v4/ver4_dict_buffers.h:24:
build	Build DaddyBoard (HeliBoard fork)	2026-09-30T15:54:52.4414026Z C/C++: In file included from /home/runner/work/daddyboard/daddyboard/daddyboard-main/app/src/main/jni/src/dictionary/header/header_policy.h:25:
build	Build DaddyBoard (HeliBoard fork)	2026-09-30T15:54:52.4463624Z C/C++: /home/runner/work/daddyboard/daddyboard/daddyboard-main/app/src/main/jni/src/dictionary/utils/entry_counters.h:44:5: warning: definition of implicit copy constructor for 'EntryCounts' is deprecated because it has a user-declared copy assignment operator [-Wdeprecated-copy]
build	Build DaddyBoard (HeliBoard fork)	2026-09-30T15:54:52.4466126Z C/C++:    44 |     DISALLOW_ASSIGNMENT_OPERATOR(EntryCounts);
build	Build DaddyBoard (HeliBoard fork)	2026-09-30T15:54:52.4473272Z C/C++:       |     ^
build	Build DaddyBoard (HeliBoard fork)	2026-09-30T15:54:52.4503905Z C/C++: /home/runner/work/daddyboard/daddyboard/daddyboard-main/app/src/main/jni/src/defines.h:289:8: note: expanded from macro 'DISALLOW_ASSIGNMENT_OPERATOR'
build	Build DaddyBoard (HeliBoard fork)	2026-09-30T15:54:52.4514750Z C/C++:   289 |   void operator=(const TypeName&) = delete
build	Build DaddyBoard (HeliBoard fork)	2026-09-30T15:54:52.4563276Z C/C++:       |        ^
build	Build DaddyBoard (HeliBoard fork)	2026-09-30T15:54:52.4574396Z C/C++: /home/runner/work/daddyboard/daddyboard/daddyboard-main/app/src/main/jni/src/dictionary/header/header_policy.h:92:15: note: in implicit copy constructor for 'latinime::EntryCounts' first required here
build	Build DaddyBoard (HeliBoard fork)	2026-09-30T15:54:52.4593397Z C/C++:    92 |               mNgramCounts(headerPolicy->mNgramCounts),
build	Build DaddyBoard (HeliBoard fork)	2026-09-30T15:54:52.4614111Z C/C++:       |               ^
build	Build DaddyBoard (HeliBoard fork)	2026-09-30T15:54:52.4634084Z C/C++: In file included from /home/runner/work/daddyboard/daddyboard/daddyboard-main/app/src/main/jni/src/dictionary/structure/v4/ver4_dict_buffers.cpp:17:
build	Build DaddyBoard (HeliBoard fork)	2026-09-30T15:54:52.4663983Z C/C++: In file included from /home/runner/work/daddyboard/daddyboard/daddyboard-main/app/src/main/jni/src/dictionary/structure/v4/ver4_dict_buffers.h:25:
build	Build DaddyBoard (HeliBoard fork)	2026-09-30T15:54:52.4684103Z C/C++: In file included from /home/runner/work/daddyboard/daddyboard/daddyboard-main/app/src/main/jni/src/dictionary/structure/v4/content/language_model_dict_content.h:26:
build	Build DaddyBoard (HeliBoard fork)	2026-09-30T15:54:52.4713999Z C/C++: In file included from /home/runner/work/daddyboard/daddyboard/daddyboard-main/app/src/main/jni/src/dictionary/structure/v4/content/probability_entry.h:24:
build	Build DaddyBoard (HeliBoard fork)	2026-09-30T15:54:52.4744745Z C/C++: /home/runner/work/daddyboard/daddyboard/daddyboard-main/app/src/main/jni/src/dictionary/property/historical_info.h:52:5: warning: definition of implicit copy constructor for 'HistoricalInfo' is deprecated because it has a user-declared copy assignment operator [-Wdeprecated-copy]
build	Build DaddyBoard (HeliBoard fork)	2026-09-30T15:54:52.4746805Z C/C++:    52 |     DISALLOW_ASSIGNMENT_OPERATOR(HistoricalInfo);
build	Build DaddyBoard (HeliBoard fork)	2026-09-30T15:54:52.4773295Z C/C++:       |     ^
build	Build DaddyBoard (HeliBoard fork)	2026-09-30T15:54:52.4804081Z C/C++: /home/runner/work/daddyboard/daddyboard/daddyboard-main/app/src/main/jni/src/defines.h:289:8: note: expanded from macro 'DISALLOW_ASSIGNMENT_OPERATOR'
build	Build DaddyBoard (HeliBoard fork)	2026-09-30T15:54:52.4833387Z C/C++:   289 |   void operator=(const TypeName&) = delete
build	Build DaddyBoard (HeliBoard fork)	2026-09-30T15:54:52.4863273Z C/C++:       |        ^
build	Build DaddyBoard (HeliBoard fork)	2026-09-30T15:54:52.4874345Z C/C++: /home/runner/work/daddyboard/daddyboard/daddyboard-main/app/src/main/jni/src/dictionary/property/ngram_property.h:33:42: note: in implicit copy constructor for 'latinime::HistoricalInfo' first required here
build	Build DaddyBoard (HeliBoard fork)	2026-09-30T15:54:52.4875830Z C/C++:    33 |               mProbability(probability), mHistoricalInfo(historicalInfo) {}
build	Build DaddyBoard (HeliBoard fork)	2026-09-30T15:54:52.4876447Z C/C++:       |                                          ^
build	Build DaddyBoard (HeliBoard fork)	2026-09-30T15:54:52.4877568Z C/C++: In file included from /home/runner/work/daddyboard/daddyboard/daddyboard-main/app/src/main/jni/src/dictionary/structure/v4/ver4_dict_buffers.cpp:17:
build	Build DaddyBoard (HeliBoard fork)	2026-09-30T15:54:52.4903983Z C/C++: In file included from /home/runner/work/daddyboard/daddyboard/daddyboard-main/app/src/main/jni/src/dictionary/structure/v4/ver4_dict_buffers.h:25:
build	Build DaddyBoard (HeliBoard fork)	2026-09-30T15:54:52.4934170Z C/C++: In file included from /home/runner/work/daddyboard/daddyboard/daddyboard-main/app/src/main/jni/src/dictionary/structure/v4/content/language_model_dict_content.h:30:
build	Build DaddyBoard (HeliBoard fork)	2026-09-30T15:54:52.4936843Z C/C++: /home/runner/work/daddyboard/daddyboard/daddyboard-main/app/src/main/jni/src/dictionary/utils/trie_map.h:129:9: warning: definition of implicit copy constructor for 'TrieMapIterator' is deprecated because it has a user-declared copy assignment operator [-Wdeprecated-copy]
build	Build DaddyBoard (HeliBoard fork)	2026-09-30T15:54:52.4938846Z C/C++:   129 |         DISALLOW_ASSIGNMENT_OPERATOR(TrieMapIterator);
build	Build DaddyBoard (HeliBoard fork)	2026-09-30T15:54:52.4939411Z C/C++:       |         ^
build	Build DaddyBoard (HeliBoard fork)	2026-09-30T15:54:52.4940488Z C/C++: /home/runner/work/daddyboard/daddyboard/daddyboard-main/app/src/main/jni/src/defines.h:289:8: note: expanded from macro 'DISALLOW_ASSIGNMENT_OPERATOR'
build	Build DaddyBoard (HeliBoard fork)	2026-09-30T15:54:52.4941675Z C/C++:   289 |   void operator=(const TypeName&) = delete
build	Build DaddyBoard (HeliBoard fork)	2026-09-30T15:54:52.4942152Z C/C++:       |        ^
build	Build DaddyBoard (HeliBoard fork)	2026-09-30T15:54:52.4943896Z C/C++: /home/runner/work/daddyboard/daddyboard/daddyboard-main/app/src/main/jni/src/dictionary/structure/v4/content/language_model_dict_content.h:67:19: note: in implicit copy constructor for 'latinime::TrieMap::TrieMapIterator' first required here
build	Build DaddyBoard (HeliBoard fork)	2026-09-30T15:54:52.4973624Z C/C++:    67 |                 : mTrieMapIterator(trieMapIterator), mHasHistoricalInfo(hasHistoricalInfo) {}
build	Build DaddyBoard (HeliBoard fork)	2026-09-30T15:54:52.5003289Z C/C++:       |                   ^
build	Build DaddyBoard (HeliBoard fork)	2026-09-30T15:54:52.5030085Z C/C++: In file included from /home/runner/work/daddyboard/daddyboard/daddyboard-main/app/src/main/jni/src/dictionary/structure/v4/ver4_dict_buffers.cpp:17:
build	Build DaddyBoard (HeliBoard fork)	2026-09-30T15:54:52.5053941Z C/C++: In file included from /home/runner/work/daddyboard/daddyboard/daddyboard-main/app/src/main/jni/src/dictionary/structure/v4/ver4_dict_buffers.h:25:
build	Build DaddyBoard (HeliBoard fork)	2026-09-30T15:54:52.5084065Z C/C++: In file included from /home/runner/work/daddyboard/daddyboard/daddyboard-main/app/src/main/jni/src/dictionary/structure/v4/content/language_model_dict_content.h:30:
build	Build DaddyBoard (HeliBoard fork)	2026-09-30T15:54:52.5114604Z C/C++: /home/runner/work/daddyboard/daddyboard/daddyboard-main/app/src/main/jni/src/dictionary/utils/trie_map.h:158:9: warning: definition of implicit copy constructor for 'TrieMapRange' is deprecated because it has a user-declared copy assignment operator [-Wdeprecated-copy]
build	Build DaddyBoard (HeliBoard fork)	2026-09-30T15:54:52.5143431Z C/C++:   158 |         DISALLOW_ASSIGNMENT_OPERATOR(TrieMapRange);
build	Build DaddyBoard (HeliBoard fork)	2026-09-30T15:54:52.5173321Z C/C++:       |         ^
build	Build DaddyBoard (HeliBoard fork)	2026-09-30T15:54:52.5203990Z C/C++: /home/runner/work/daddyboard/daddyboard/daddyboard-main/app/src/main/jni/src/defines.h:289:8: note: expanded from macro 'DISALLOW_ASSIGNMENT_OPERATOR'
build	Build DaddyBoard (HeliBoard fork)	2026-09-30T15:54:52.5218930Z C/C++:   289 |   void operator=(const TypeName&) = delete
build	Build DaddyBoard (HeliBoard fork)	2026-09-30T15:54:52.5263266Z C/C++:       |        ^
build	Build DaddyBoard (HeliBoard fork)	2026-09-30T15:54:52.5294561Z C/C++: /home/runner/work/daddyboard/daddyboard/daddyboard-main/app/src/main/jni/src/dictionary/structure/v4/content/language_model_dict_content.h:96:19: note: in implicit copy constructor for 'latinime::TrieMap::TrieMapRange' first required here
build	Build DaddyBoard (HeliBoard fork)	2026-09-30T15:54:52.5319982Z C/C++:    96 |                 : mTrieMapRange(trieMapRange), mHasHistoricalInfo(hasHistoricalInfo) {}
build	Build DaddyBoard (HeliBoard fork)	2026-09-30T15:54:52.5343289Z C/C++:       |                   ^
build	Build DaddyBoard (HeliBoard fork)	2026-09-30T15:54:52.5377921Z C/C++: In file included from /home/runner/work/daddyboard/daddyboard/daddyboard-main/app/src/main/jni/src/dictionary/structure/v4/ver4_dict_buffers.cpp:17:
build	Build DaddyBoard (HeliBoard fork)	2026-09-30T15:54:52.5403980Z C/C++: In file included from /home/runner/work/daddyboard/daddyboard/daddyboard-main/app/src/main/jni/src/dictionary/structure/v4/ver4_dict_buffers.h:25:
build	Build DaddyBoard (HeliBoard fork)	2026-09-30T15:54:52.5444102Z C/C++: In file included from /home/runner/work/daddyboard/daddyboard/daddyboard-main/app/src/main/jni/src/dictionary/structure/v4/content/language_model_dict_content.h:24:
build	Build DaddyBoard (HeliBoard fork)	2026-09-30T15:54:52.5464721Z C/C++: /home/runner/work/daddyboard/daddyboard/daddyboard-main/app/src/main/jni/src/dictionary/property/word_attributes.h:59:5: warning: definition of implicit copy constructor for 'WordAttributes' is deprecated because it has a user-declared copy assignment operator [-Wdeprecated-copy]
build	Build DaddyBoard (HeliBoard fork)	2026-09-30T15:54:52.5473431Z C/C++:    59 |     DISALLOW_ASSIGNMENT_OPERATOR(WordAttributes);
build	Build DaddyBoard (HeliBoard fork)	2026-09-30T15:54:52.5503290Z C/C++:       |     ^
build	Build DaddyBoard (HeliBoard fork)	2026-09-30T15:54:52.5504390Z C/C++: /home/runner/work/daddyboard/daddyboard/daddyboard-main/app/src/main/jni/src/defines.h:289:8: note: expanded from macro 'DISALLOW_ASSIGNMENT_OPERATOR'
build	Build DaddyBoard (HeliBoard fork)	2026-09-30T15:54:52.5505618Z C/C++:   289 |   void operator=(const TypeName&) = delete
build	Build DaddyBoard (HeliBoard fork)	2026-09-30T15:54:52.5506121Z C/C++:       |        ^
build	Build DaddyBoard (HeliBoard fork)	2026-09-30T15:54:52.5507572Z C/C++: /home/runner/work/daddyboard/daddyboard/daddyboard-main/app/src/main/jni/src/dictionary/structure/v4/content/language_model_dict_content.h:119:19: note: in implicit copy constructor for 'WordAttributes' first required here
build	Build DaddyBoard (HeliBoard fork)	2026-09-30T15:54:52.5509414Z C/C++:   119 |                   mWordAttributes(wordAttributes), mProbabilityEntry(probabilityEntry) {}
build	Build DaddyBoard (HeliBoard fork)	2026-09-30T15:54:52.5510155Z C/C++:       |                   ^
build	Build DaddyBoard (HeliBoard fork)	2026-09-30T15:54:52.5511635Z C/C++: /home/runner/work/daddyboard/daddyboard/daddyboard-main/app/src/main/jni/src/dictionary/structure/v4/ver4_dict_buffers.cpp:74:21: warning: variable length arrays in C++ are a Clang extension [-Wvla-cxx-extension]
build	Build DaddyBoard (HeliBoard fork)	2026-09-30T15:54:52.5533472Z C/C++:    74 |     char tmpDirPath[tmpDirPathBufSize];
build	Build DaddyBoard (HeliBoard fork)	2026-09-30T15:54:52.5563475Z C/C++:       |                     ^~~~~~~~~~~~~~~~~
build	Build DaddyBoard (HeliBoard fork)	2026-09-30T15:54:52.5604292Z C/C++: /home/runner/work/daddyboard/daddyboard/daddyboard-main/app/src/main/jni/src/dictionary/structure/v4/ver4_dict_buffers.cpp:74:21: note: initializer of 'tmpDirPathBufSize' is not a constant expression
build	Build DaddyBoard (HeliBoard fork)	2026-09-30T15:54:52.5633965Z C/C++: /home/runner/work/daddyboard/daddyboard/daddyboard-main/app/src/main/jni/src/dictionary/structure/v4/ver4_dict_buffers.cpp:72:15: note: declared here
build	Build DaddyBoard (HeliBoard fork)	2026-09-30T15:54:52.5663117Z C/C++:    72 |     const int tmpDirPathBufSize = FileUtils::getFilePathWithSuffixBufSize(dictDirPath,
build	Build DaddyBoard (HeliBoard fork)	2026-09-30T15:54:52.5693332Z C/C++:       |               ^
build	Build DaddyBoard (HeliBoard fork)	2026-09-30T15:54:52.5704825Z C/C++: /home/runner/work/daddyboard/daddyboard/daddyboard-main/app/src/main/jni/src/dictionary/structure/v4/ver4_dict_buffers.cpp:92:19: warning: variable length arrays in C++ are a Clang extension [-Wvla-cxx-extension]
build	Build DaddyBoard (HeliBoard fork)	2026-09-30T15:54:52.5725448Z C/C++:    92 |     char dictName[dictNameBufSize];
build	Build DaddyBoard (HeliBoard fork)	2026-09-30T15:54:52.5753272Z C/C++:       |                   ^~~~~~~~~~~~~~~
build	Build DaddyBoard (HeliBoard fork)	2026-09-30T15:54:52.5784252Z C/C++: /home/runner/work/daddyboard/daddyboard/daddyboard-main/app/src/main/jni/src/dictionary/structure/v4/ver4_dict_buffers.cpp:92:19: note: initializer of 'dictNameBufSize' is not a constant expression
build	Build DaddyBoard (HeliBoard fork)	2026-09-30T15:54:52.5814083Z C/C++: /home/runner/work/daddyboard/daddyboard/daddyboard-main/app/src/main/jni/src/dictionary/structure/v4/ver4_dict_buffers.cpp:91:15: note: declared here
build	Build DaddyBoard (HeliBoard fork)	2026-09-30T15:54:52.5826387Z C/C++:    91 |     const int dictNameBufSize = strlen(dictDirPath) + 1 /* terminator */;
build	Build DaddyBoard (HeliBoard fork)	2026-09-30T15:54:52.5860470Z C/C++:       |               ^
build	Build DaddyBoard (HeliBoard fork)	2026-09-30T15:54:52.5898418Z C/C++: /home/runner/work/daddyboard/daddyboard/daddyboard-main/app/src/main/jni/src/dictionary/structure/v4/ver4_dict_buffers.cpp:95:19: warning: variable length arrays in C++ are a Clang extension [-Wvla-cxx-extension]
build	Build DaddyBoard (HeliBoard fork)	2026-09-30T15:54:52.5927041Z C/C++:    95 |     char dictPath[dictPathBufSize];
build	Build DaddyBoard (HeliBoard fork)	2026-09-30T15:54:52.5938841Z C/C++:       |                   ^~~~~~~~~~~~~~~
build	Build DaddyBoard (HeliBoard fork)	2026-09-30T15:54:52.5954287Z C/C++: /home/runner/work/daddyboard/daddyboard/daddyboard-main/app/src/main/jni/src/dictionary/structure/v4/ver4_dict_buffers.cpp:95:19: note: initializer of 'dictPathBufSize' is not a constant expression
build	Build DaddyBoard (HeliBoard fork)	2026-09-30T15:54:52.5956436Z C/C++: /home/runner/work/daddyboard/daddyboard/daddyboard-main/app/src/main/jni/src/dictionary/structure/v4/ver4_dict_buffers.cpp:94:15: note: declared here
build	Build DaddyBoard (HeliBoard fork)	2026-09-30T15:54:52.5957921Z C/C++:    94 |     const int dictPathBufSize = FileUtils::getFilePathBufSize(tmpDirPath, dictName);
build	Build DaddyBoard (HeliBoard fork)	2026-09-30T15:54:52.5958647Z C/C++:       |               ^
build	Build DaddyBoard (HeliBoard fork)	2026-09-30T15:54:52.5960043Z C/C++: /home/runner/work/daddyboard/daddyboard/daddyboard-main/app/src/main/jni/src/dictionary/structure/v4/ver4_dict_buffers.cpp:109:23: warning: variable length arrays in C++ are a Clang extension [-Wvla-cxx-extension]
build	Build DaddyBoard (HeliBoard fork)	2026-09-30T15:54:52.5961588Z C/C++:   109 |     char bodyFilePath[bodyFilePathBufSize];
build	Build DaddyBoard (HeliBoard fork)	2026-09-30T15:54:52.5962140Z C/C++:       |                       ^~~~~~~~~~~~~~~~~~~
build	Build DaddyBoard (HeliBoard fork)	2026-09-30T15:54:52.5963733Z C/C++: /home/runner/work/daddyboard/daddyboard/daddyboard-main/app/src/main/jni/src/dictionary/structure/v4/ver4_dict_buffers.cpp:109:23: note: initializer of 'bodyFilePathBufSize' is not a constant expression
build	Build DaddyBoard (HeliBoard fork)	2026-09-30T15:54:52.5965787Z C/C++: /home/runner/work/daddyboard/daddyboard/daddyboard-main/app/src/main/jni/src/dictionary/structure/v4/ver4_dict_buffers.cpp:107:15: note: declared here
build	Build DaddyBoard (HeliBoard fork)	2026-09-30T15:54:52.5967199Z C/C++:   107 |     const int bodyFilePathBufSize = FileUtils::getFilePathWithSuffixBufSize(dictPath,
build	Build DaddyBoard (HeliBoard fork)	2026-09-30T15:54:52.5967928Z C/C++:       |               ^
build	Build DaddyBoard (HeliBoard fork)	2026-09-30T15:54:52.6377885Z C/C++: In file included from /home/runner/work/daddyboard/daddyboard/daddyboard-main/app/src/main/jni/src/dictionary/structure/v4/ver4_dict_buffers.cpp:17:
build	Build DaddyBoard (HeliBoard fork)	2026-09-30T15:54:52.6431584Z C/C++: In file included from /home/runner/work/daddyboard/daddyboard/daddyboard-main/app/src/main/jni/src/dictionary/structure/v4/ver4_dict_buffers.h:25:
build	Build DaddyBoard (HeliBoard fork)	2026-09-30T15:54:52.6464232Z C/C++: In file included from /home/runner/work/daddyboard/daddyboard/daddyboard-main/app/src/main/jni/src/dictionary/structure/v4/content/language_model_dict_content.h:26:
build	Build DaddyBoard (HeliBoard fork)	2026-09-30T15:54:52.6494055Z C/C++: In file included from /home/runner/work/daddyboard/daddyboard/daddyboard-main/app/src/main/jni/src/dictionary/structure/v4/content/probability_entry.h:25:
build	Build DaddyBoard (HeliBoard fork)	2026-09-30T15:54:52.6524177Z C/C++: In file included from /home/runner/work/daddyboard/daddyboard/daddyboard-main/app/src/main/jni/src/dictionary/property/ngram_property.h:24:
build	Build DaddyBoard (HeliBoard fork)	2026-09-30T15:54:52.6554041Z C/C++: In file included from /home/runner/work/daddyboard/daddyboard/daddyboard-main/app/src/main/jni/src/dictionary/property/ngram_context.h:23:
build	Build DaddyBoard (HeliBoard fork)	2026-09-30T15:54:52.6556392Z C/C++: /home/runner/work/daddyboard/daddyboard/daddyboard-main/app/src/main/jni/src/utils/int_array_view.h:160:5: warning: definition of implicit copy constructor for 'IntArrayView' is deprecated because it has a user-declared copy assignment operator [-Wdeprecated-copy]
build	Build DaddyBoard (HeliBoard fork)	2026-09-30T15:54:52.6558315Z C/C++:   160 |     DISALLOW_ASSIGNMENT_OPERATOR(IntArrayView);
build	Build DaddyBoard (HeliBoard fork)	2026-09-30T15:54:52.6558847Z C/C++:       |     ^
build	Build DaddyBoard (HeliBoard fork)	2026-09-30T15:54:52.6559853Z C/C++: /home/runner/work/daddyboard/daddyboard/daddyboard-main/app/src/main/jni/src/defines.h:289:8: note: expanded from macro 'DISALLOW_ASSIGNMENT_OPERATOR'
build	Build DaddyBoard (HeliBoard fork)	2026-09-30T15:54:52.6561035Z C/C++:   289 |   void operator=(const TypeName&) = delete
build	Build DaddyBoard (HeliBoard fork)	2026-09-30T15:54:52.6561545Z C/C++:       |        ^
build	Build DaddyBoard (HeliBoard fork)	2026-09-30T15:54:52.6563172Z C/C++: /usr/local/lib/android/sdk/ndk/28.0.13004108/toolchains/llvm/prebuilt/linux-x86_64/sysroot/usr/include/c++/v1/__memory/allocator.h:173:24: note: in implicit copy constructor for 'latinime::IntArrayView' first required here
build	Build DaddyBoard (HeliBoard fork)	2026-09-30T15:54:52.6564735Z C/C++:   173 |     ::new ((void*)__p) _Up(std::forward<_Args>(__args)...);
build	Build DaddyBoard (HeliBoard fork)	2026-09-30T15:54:52.6565701Z C/C++:       |                        ^
build	Build DaddyBoard (HeliBoard fork)	2026-09-30T15:54:52.6567726Z C/C++: /usr/local/lib/android/sdk/ndk/28.0.13004108/toolchains/llvm/prebuilt/linux-x86_64/sysroot/usr/include/c++/v1/__memory/allocator_traits.h:320:9: note: in instantiation of function template specialization 'std::allocator<latinime::IntArrayView>::construct<latinime::IntArrayView, latinime::IntArrayView>' requested here
build	Build DaddyBoard (HeliBoard fork)	2026-09-30T15:54:52.6569866Z C/C++:   320 |     __a.construct(__p, std::forward<_Args>(__args)...);
build	Build DaddyBoard (HeliBoard fork)	2026-09-30T15:54:52.6570403Z C/C++:       |         ^
build	Build DaddyBoard (HeliBoard fork)	2026-09-30T15:54:52.6572535Z C/C++: /usr/local/lib/android/sdk/ndk/28.0.13004108/toolchains/llvm/prebuilt/linux-x86_64/sysroot/usr/include/c++/v1/__memory/uninitialized_algorithms.h:639:33: note: in instantiation of function template specialization 'std::allocator_traits<std::allocator<latinime::IntArrayView>>::construct<latinime::IntArrayView, latinime::IntArrayView, 0>' requested here
build	Build DaddyBoard (HeliBoard fork)	2026-09-30T15:54:52.6575219Z C/C++:   639 |       allocator_traits<_Alloc>::construct(__alloc, __result, std::move(*__iter));
build	Build DaddyBoard (HeliBoard fork)	2026-09-30T15:54:52.6575932Z C/C++:       |                                 ^
build	Build DaddyBoard (HeliBoard fork)	2026-09-30T15:54:52.6577499Z C/C++: /usr/local/lib/android/sdk/ndk/28.0.13004108/toolchains/llvm/prebuilt/linux-x86_64/sysroot/usr/include/c++/v1/vector:1511:3: note: in instantiation of member function 'std::vector<latinime::IntArrayView>::__swap_out_circular_buffer' requested here
build	Build DaddyBoard (HeliBoard fork)	2026-09-30T15:54:52.6579187Z C/C++:  1511 |   __swap_out_circular_buffer(__v);
build	Build DaddyBoard (HeliBoard fork)	2026-09-30T15:54:52.6579614Z C/C++:       |   ^
build	Build DaddyBoard (HeliBoard fork)	2026-09-30T15:54:52.6581338Z C/C++: /usr/local/lib/android/sdk/ndk/28.0.13004108/toolchains/llvm/prebuilt/linux-x86_64/sysroot/usr/include/c++/v1/vector:1529:13: note: in instantiation of function template specialization 'std::vector<latinime::IntArrayView>::__emplace_back_slow_path<const int *const &, const unsigned long &>' requested here
build	Build DaddyBoard (HeliBoard fork)	2026-09-30T15:54:52.6623555Z C/C++:  1529 |     __end = __emplace_back_slow_path(std::forward<_Args>(__args)...);
build	Build DaddyBoard (HeliBoard fork)	2026-09-30T15:54:52.6624238Z C/C++:       |             ^
build	Build DaddyBoard (HeliBoard fork)	2026-09-30T15:54:52.6625995Z C/C++: /home/runner/work/daddyboard/daddyboard/daddyboard-main/app/src/main/jni/src/utils/int_array_view.h:142:20: note: in instantiation of function template specialization 'std::vector<latinime::IntArrayView>::emplace_back<const int *const &, const unsigned long &>' requested here
build	Build DaddyBoard (HeliBoard fork)	2026-09-30T15:54:52.6628210Z C/C++:   142 |             result.emplace_back(mPtr, mSize);
build	Build DaddyBoard (HeliBoard fork)	2026-09-30T15:54:52.6628700Z C/C++:       |                    ^
build	Build DaddyBoard (HeliBoard fork)	2026-09-30T15:54:52.8364005Z C/C++: 10 warnings generated.
build	Build DaddyBoard (HeliBoard fork)	2026-09-30T15:54:53.6355079Z C/C++: In file included from /home/runner/work/daddyboard/daddyboard/daddyboard-main/app/src/main/jni/src/dictionary/structure/v4/ver4_patricia_trie_node_reader.cpp:19:
build	Build DaddyBoard (HeliBoard fork)	2026-09-30T15:54:53.6364131Z C/C++: In file included from /home/runner/work/daddyboard/daddyboard/daddyboard-main/app/src/main/jni/src/dictionary/header/header_policy.h:25:
build	Build DaddyBoard (HeliBoard fork)	2026-09-30T15:54:53.6366474Z C/C++: /home/runner/work/daddyboard/daddyboard/daddyboard-main/app/src/main/jni/src/dictionary/utils/entry_counters.h:44:5: warning: definition of implicit copy constructor for 'EntryCounts' is deprecated because it has a user-declared copy assignment operator [-Wdeprecated-copy]
build	Build DaddyBoard (HeliBoard fork)	2026-09-30T15:54:53.6368066Z C/C++:    44 |     DISALLOW_ASSIGNMENT_OPERATOR(EntryCounts);
build	Build DaddyBoard (HeliBoard fork)	2026-09-30T15:54:53.6371333Z C/C++:       |     ^
build	Build DaddyBoard (HeliBoard fork)	2026-09-30T15:54:53.6434291Z C/C++: /home/runner/work/daddyboard/daddyboard/daddyboard-main/app/src/main/jni/src/defines.h:289:8: note: expanded from macro 'DISALLOW_ASSIGNMENT_OPERATOR'
build	Build DaddyBoard (HeliBoard fork)	2026-09-30T15:54:53.6505397Z C/C++:   289 |   void operator=(const TypeName&) = delete
build	Build DaddyBoard (HeliBoard fork)	2026-09-30T15:54:53.6531035Z C/C++:       |        ^
build	Build DaddyBoard (HeliBoard fork)	2026-09-30T15:54:53.6532471Z C/C++: /home/runner/work/daddyboard/daddyboard/daddyboard-main/app/src/main/jni/src/dictionary/header/header_policy.h:92:15: note: in implicit copy constructor for 'latinime::EntryCounts' first required here
build	Build DaddyBoard (HeliBoard fork)	2026-09-30T15:54:53.6534140Z C/C++:    92 |               mNgramCounts(headerPolicy->mNgramCounts),
build	Build DaddyBoard (HeliBoard fork)	2026-09-30T15:54:53.6535157Z C/C++:       |               ^
build	Build DaddyBoard (HeliBoard fork)	2026-09-30T15:54:53.6536328Z C/C++: In file included from /home/runner/work/daddyboard/daddyboard/daddyboard-main/app/src/main/jni/src/dictionary/structure/v4/ver4_patricia_trie_node_reader.cpp:22:
build	Build DaddyBoard (HeliBoard fork)	2026-09-30T15:54:53.6538137Z C/C++: In file included from /home/runner/work/daddyboard/daddyboard/daddyboard-main/app/src/main/jni/src/dictionary/structure/v4/content/language_model_dict_content.h:26:
build	Build DaddyBoard (HeliBoard fork)	2026-09-30T15:54:53.6539793Z C/C++: In file included from /home/runner/work/daddyboard/daddyboard/daddyboard-main/app/src/main/jni/src/dictionary/structure/v4/content/probability_entry.h:24:
build	Build DaddyBoard (HeliBoard fork)	2026-09-30T15:54:53.6542153Z C/C++: /home/runner/work/daddyboard/daddyboard/daddyboard-main/app/src/main/jni/src/dictionary/property/historical_info.h:52:5: warning: definition of implicit copy constructor for 'HistoricalInfo' is deprecated because it has a user-declared copy assignment operator [-Wdeprecated-copy]
build	Build DaddyBoard (HeliBoard fork)	2026-09-30T15:54:53.6544297Z C/C++:    52 |     DISALLOW_ASSIGNMENT_OPERATOR(HistoricalInfo);
build	Build DaddyBoard (HeliBoard fork)	2026-09-30T15:54:53.6544828Z C/C++:       |     ^
build	Build DaddyBoard (HeliBoard fork)	2026-09-30T15:54:53.6545827Z C/C++: /home/runner/work/daddyboard/daddyboard/daddyboard-main/app/src/main/jni/src/defines.h:289:8: note: expanded from macro 'DISALLOW_ASSIGNMENT_OPERATOR'
build	Build DaddyBoard (HeliBoard fork)	2026-09-30T15:54:53.6547002Z C/C++:   289 |   void operator=(const TypeName&) = delete
build	Build DaddyBoard (HeliBoard fork)	2026-09-30T15:54:53.6547453Z C/C++:       |        ^
build	Build DaddyBoard (HeliBoard fork)	2026-09-30T15:54:53.6548779Z C/C++: /home/runner/work/daddyboard/daddyboard/daddyboard-main/app/src/main/jni/src/dictionary/property/ngram_property.h:33:42: note: in implicit copy constructor for 'latinime::HistoricalInfo' first required here
build	Build DaddyBoard (HeliBoard fork)	2026-09-30T15:54:53.6550394Z C/C++:    33 |               mProbability(probability), mHistoricalInfo(historicalInfo) {}
build	Build DaddyBoard (HeliBoard fork)	2026-09-30T15:54:53.6551071Z C/C++:       |                                          ^
build	Build DaddyBoard (HeliBoard fork)	2026-09-30T15:54:53.6552282Z C/C++: In file included from /home/runner/work/daddyboard/daddyboard/daddyboard-main/app/src/main/jni/src/dictionary/structure/v4/ver4_patricia_trie_node_reader.cpp:22:
build	Build DaddyBoard (HeliBoard fork)	2026-09-30T15:54:53.6554589Z C/C++: In file included from /home/runner/work/daddyboard/daddyboard/daddyboard-main/app/src/main/jni/src/dictionary/structure/v4/content/language_model_dict_content.h:30:
build	Build DaddyBoard (HeliBoard fork)	2026-09-30T15:54:53.6557494Z C/C++: /home/runner/work/daddyboard/daddyboard/daddyboard-main/app/src/main/jni/src/dictionary/utils/trie_map.h:129:9: warning: definition of implicit copy constructor for 'TrieMapIterator' is deprecated because it has a user-declared copy assignment operator [-Wdeprecated-copy]
build	Build DaddyBoard (HeliBoard fork)	2026-09-30T15:54:53.6559400Z C/C++:   129 |         DISALLOW_ASSIGNMENT_OPERATOR(TrieMapIterator);
build	Build DaddyBoard (HeliBoard fork)	2026-09-30T15:54:53.6559929Z C/C++:       |         ^
build	Build DaddyBoard (HeliBoard fork)	2026-09-30T15:54:53.6560942Z C/C++: /home/runner/work/daddyboard/daddyboard/daddyboard-main/app/src/main/jni/src/defines.h:289:8: note: expanded from macro 'DISALLOW_ASSIGNMENT_OPERATOR'
build	Build DaddyBoard (HeliBoard fork)	2026-09-30T15:54:53.6562084Z C/C++:   289 |   void operator=(const TypeName&) = delete
build	Build DaddyBoard (HeliBoard fork)	2026-09-30T15:54:53.6562534Z C/C++:       |        ^
build	Build DaddyBoard (HeliBoard fork)	2026-09-30T15:54:53.6564308Z C/C++: /home/runner/work/daddyboard/daddyboard/daddyboard-main/app/src/main/jni/src/dictionary/structure/v4/content/language_model_dict_content.h:67:19: note: in implicit copy constructor for 'latinime::TrieMap::TrieMapIterator' first required here
build	Build DaddyBoard (HeliBoard fork)	2026-09-30T15:54:53.6566240Z C/C++:    67 |                 : mTrieMapIterator(trieMapIterator), mHasHistoricalInfo(hasHistoricalInfo) {}
build	Build DaddyBoard (HeliBoard fork)	2026-09-30T15:54:53.6566975Z C/C++:       |                   ^
build	Build DaddyBoard (HeliBoard fork)	2026-09-30T15:54:53.6568136Z C/C++: In file included from /home/runner/work/daddyboard/daddyboard/daddyboard-main/app/src/main/jni/src/dictionary/structure/v4/ver4_patricia_trie_node_reader.cpp:22:
build	Build DaddyBoard (HeliBoard fork)	2026-09-30T15:54:53.6570070Z C/C++: In file included from /home/runner/work/daddyboard/daddyboard/daddyboard-main/app/src/main/jni/src/dictionary/structure/v4/content/language_model_dict_content.h:30:
build	Build DaddyBoard (HeliBoard fork)	2026-09-30T15:54:53.6572572Z C/C++: /home/runner/work/daddyboard/daddyboard/daddyboard-main/app/src/main/jni/src/dictionary/utils/trie_map.h:158:9: warning: definition of implicit copy constructor for 'TrieMapRange' is deprecated because it has a user-declared copy assignment operator [-Wdeprecated-copy]
build	Build DaddyBoard (HeliBoard fork)	2026-09-30T15:54:53.6574804Z C/C++:   158 |         DISALLOW_ASSIGNMENT_OPERATOR(TrieMapRange);
build	Build DaddyBoard (HeliBoard fork)	2026-09-30T15:54:53.6575313Z C/C++:       |         ^
build	Build DaddyBoard (HeliBoard fork)	2026-09-30T15:54:53.6576289Z C/C++: /home/runner/work/daddyboard/daddyboard/daddyboard-main/app/src/main/jni/src/defines.h:289:8: note: expanded from macro 'DISALLOW_ASSIGNMENT_OPERATOR'
build	Build DaddyBoard (HeliBoard fork)	2026-09-30T15:54:53.6577446Z C/C++:   289 |   void operator=(const TypeName&) = delete
build	Build DaddyBoard (HeliBoard fork)	2026-09-30T15:54:53.6577923Z C/C++:       |        ^
build	Build DaddyBoard (HeliBoard fork)	2026-09-30T15:54:53.6579458Z C/C++: /home/runner/work/daddyboard/daddyboard/daddyboard-main/app/src/main/jni/src/dictionary/structure/v4/content/language_model_dict_content.h:96:19: note: in implicit copy constructor for 'latinime::TrieMap::TrieMapRange' first required here
build	Build DaddyBoard (HeliBoard fork)	2026-09-30T15:54:53.6581809Z C/C++:    96 |                 : mTrieMapRange(trieMapRange), mHasHistoricalInfo(hasHistoricalInfo) {}
build	Build DaddyBoard (HeliBoard fork)	2026-09-30T15:54:53.6582526Z C/C++:       |                   ^
build	Build DaddyBoard (HeliBoard fork)	2026-09-30T15:54:53.6583999Z C/C++: In file included from /home/runner/work/daddyboard/daddyboard/daddyboard-main/app/src/main/jni/src/dictionary/structure/v4/ver4_patricia_trie_node_reader.cpp:22:
build	Build DaddyBoard (HeliBoard fork)	2026-09-30T15:54:53.6585977Z C/C++: In file included from /home/runner/work/daddyboard/daddyboard/daddyboard-main/app/src/main/jni/src/dictionary/structure/v4/content/language_model_dict_content.h:24:
build	Build DaddyBoard (HeliBoard fork)	2026-09-30T15:54:53.6588593Z C/C++: /home/runner/work/daddyboard/daddyboard/daddyboard-main/app/src/main/jni/src/dictionary/property/word_attributes.h:59:5: warning: definition of implicit copy constructor for 'WordAttributes' is deprecated because it has a user-declared copy assignment operator [-Wdeprecated-copy]
build	Build DaddyBoard (HeliBoard fork)	2026-09-30T15:54:53.6589755Z C/C++:    59 |     DISALLOW_ASSIGNMENT_OPERATOR(WordAttributes);
build	Build DaddyBoard (HeliBoard fork)	2026-09-30T15:54:53.6590080Z C/C++:       |     ^
build	Build DaddyBoard (HeliBoard fork)	2026-09-30T15:54:53.6590694Z C/C++: /home/runner/work/daddyboard/daddyboard/daddyboard-main/app/src/main/jni/src/defines.h:289:8: note: expanded from macro 'DISALLOW_ASSIGNMENT_OPERATOR'
build	Build DaddyBoard (HeliBoard fork)	2026-09-30T15:54:53.6591385Z C/C++:   289 |   void operator=(const TypeName&) = delete
build	Build DaddyBoard (HeliBoard fork)	2026-09-30T15:54:53.6591690Z C/C++:       |        ^
build	Build DaddyBoard (HeliBoard fork)	2026-09-30T15:54:53.6592731Z C/C++: /home/runner/work/daddyboard/daddyboard/daddyboard-main/app/src/main/jni/src/dictionary/structure/v4/content/language_model_dict_content.h:119:19: note: in implicit copy constructor for 'WordAttributes' first required here
build	Build DaddyBoard (HeliBoard fork)	2026-09-30T15:54:53.6594148Z C/C++:   119 |                   mWordAttributes(wordAttributes), mProbabilityEntry(probabilityEntry) {}
build	Build DaddyBoard (HeliBoard fork)	2026-09-30T15:54:53.6594605Z C/C++:       |                   ^
build	Build DaddyBoard (HeliBoard fork)	2026-09-30T15:54:53.7374884Z C/C++: In file included from /home/runner/work/daddyboard/daddyboard/daddyboard-main/app/src/main/jni/src/dictionary/structure/v4/ver4_patricia_trie_node_reader.cpp:17:
build	Build DaddyBoard (HeliBoard fork)	2026-09-30T15:54:53.7434125Z C/C++: In file included from /home/runner/work/daddyboard/daddyboard/daddyboard-main/app/src/main/jni/src/dictionary/structure/v4/ver4_patricia_trie_node_reader.h:21:
build	Build DaddyBoard (HeliBoard fork)	2026-09-30T15:54:53.7464165Z C/C++: In file included from /home/runner/work/daddyboard/daddyboard/daddyboard-main/app/src/main/jni/src/dictionary/structure/pt_common/pt_node_params.h:27:
build	Build DaddyBoard (HeliBoard fork)	2026-09-30T15:54:53.7494592Z C/C++: /home/runner/work/daddyboard/daddyboard/daddyboard-main/app/src/main/jni/src/utils/int_array_view.h:160:5: warning: definition of implicit copy constructor for 'IntArrayView' is deprecated because it has a user-declared copy assignment operator [-Wdeprecated-copy]
build	Build DaddyBoard (HeliBoard fork)	2026-09-30T15:54:53.7523265Z C/C++:   160 |     DISALLOW_ASSIGNMENT_OPERATOR(IntArrayView);
build	Build DaddyBoard (HeliBoard fork)	2026-09-30T15:54:53.7553395Z C/C++:       |     ^
build	Build DaddyBoard (HeliBoard fork)	2026-09-30T15:54:53.7575517Z C/C++: /home/runner/work/daddyboard/daddyboard/daddyboard-main/app/src/main/jni/src/defines.h:289:8: note: expanded from macro 'DISALLOW_ASSIGNMENT_OPERATOR'
build	Build DaddyBoard (HeliBoard fork)	2026-09-30T15:54:53.7613411Z C/C++:   289 |   void operator=(const TypeName&) = delete
build	Build DaddyBoard (HeliBoard fork)	2026-09-30T15:54:53.7633349Z C/C++:       |        ^
build	Build DaddyBoard (HeliBoard fork)	2026-09-30T15:54:53.7664384Z C/C++: /usr/local/lib/android/sdk/ndk/28.0.13004108/toolchains/llvm/prebuilt/linux-x86_64/sysroot/usr/include/c++/v1/__memory/allocator.h:173:24: note: in implicit copy constructor for 'latinime::IntArrayView' first required here
build	Build DaddyBoard (HeliBoard fork)	2026-09-30T15:54:53.7703435Z C/C++:   173 |     ::new ((void*)__p) _Up(std::forward<_Args>(__args)...);
build	Build DaddyBoard (HeliBoard fork)	2026-09-30T15:54:53.7723333Z C/C++:       |                        ^
build	Build DaddyBoard (HeliBoard fork)	2026-09-30T15:54:53.7754063Z C/C++: /usr/local/lib/android/sdk/ndk/28.0.13004108/toolchains/llvm/prebuilt/linux-x86_64/sysroot/usr/include/c++/v1/__memory/allocator_traits.h:320:9: note: in instantiation of function template specialization 'std::allocator<latinime::IntArrayView>::construct<latinime::IntArrayView, latinime::IntArrayView>' requested here
build	Build DaddyBoard (HeliBoard fork)	2026-09-30T15:54:53.7756364Z C/C++:   320 |     __a.construct(__p, std::forward<_Args>(__args)...);
build	Build DaddyBoard (HeliBoard fork)	2026-09-30T15:54:53.7788557Z C/C++:       |         ^
build	Build DaddyBoard (HeliBoard fork)	2026-09-30T15:54:53.7825272Z C/C++: /usr/local/lib/android/sdk/ndk/28.0.13004108/toolchains/llvm/prebuilt/linux-x86_64/sysroot/usr/include/c++/v1/__memory/uninitialized_algorithms.h:639:33: note: in instantiation of function template specialization 'std::allocator_traits<std::allocator<latinime::IntArrayView>>::construct<latinime::IntArrayView, latinime::IntArrayView, 0>' requested here
build	Build DaddyBoard (HeliBoard fork)	2026-09-30T15:54:53.7827917Z C/C++:   639 |       allocator_traits<_Alloc>::construct(__alloc, __result, std::move(*__iter));
build	Build DaddyBoard (HeliBoard fork)	2026-09-30T15:54:53.7828682Z C/C++:       |                                 ^
build	Build DaddyBoard (HeliBoard fork)	2026-09-30T15:54:53.7830393Z C/C++: /usr/local/lib/android/sdk/ndk/28.0.13004108/toolchains/llvm/prebuilt/linux-x86_64/sysroot/usr/include/c++/v1/vector:1511:3: note: in instantiation of member function 'std::vector<latinime::IntArrayView>::__swap_out_circular_buffer' requested here
build	Build DaddyBoard (HeliBoard fork)	2026-09-30T15:54:53.7832115Z C/C++:  1511 |   __swap_out_circular_buffer(__v);
build	Build DaddyBoard (HeliBoard fork)	2026-09-30T15:54:53.7832601Z C/C++:       |   ^
build	Build DaddyBoard (HeliBoard fork)	2026-09-30T15:54:53.7834531Z C/C++: /usr/local/lib/android/sdk/ndk/28.0.13004108/toolchains/llvm/prebuilt/linux-x86_64/sysroot/usr/include/c++/v1/vector:1529:13: note: in instantiation of function template specialization 'std::vector<latinime::IntArrayView>::__emplace_back_slow_path<const int *const &, const unsigned long &>' requested here
build	Build DaddyBoard (HeliBoard fork)	2026-09-30T15:54:53.7837121Z C/C++:  1529 |     __end = __emplace_back_slow_path(std::forward<_Args>(__args)...);
build	Build DaddyBoard (HeliBoard fork)	2026-09-30T15:54:53.7837755Z C/C++:       |             ^
build	Build DaddyBoard (HeliBoard fork)	2026-09-30T15:54:53.7839592Z C/C++: /home/runner/work/daddyboard/daddyboard/daddyboard-main/app/src/main/jni/src/utils/int_array_view.h:142:20: note: in instantiation of function template specialization 'std::vector<latinime::IntArrayView>::emplace_back<const int *const &, const unsigned long &>' requested here
build	Build DaddyBoard (HeliBoard fork)	2026-09-30T15:54:53.7841533Z C/C++:   142 |             result.emplace_back(mPtr, mSize);
build	Build DaddyBoard (HeliBoard fork)	2026-09-30T15:54:53.7842055Z C/C++:       |                    ^
build	Build DaddyBoard (HeliBoard fork)	2026-09-30T15:54:53.8384046Z C/C++: 6 warnings generated.
build	Build DaddyBoard (HeliBoard fork)	2026-09-30T15:54:54.5374626Z C/C++: In file included from /home/runner/work/daddyboard/daddyboard/daddyboard-main/app/src/main/jni/src/dictionary/structure/v4/ver4_patricia_trie_node_writer.cpp:17:
build	Build DaddyBoard (HeliBoard fork)	2026-09-30T15:54:54.5376714Z C/C++: In file included from /home/runner/work/daddyboard/daddyboard/daddyboard-main/app/src/main/jni/src/dictionary/structure/v4/ver4_patricia_trie_node_writer.h:24:
build	Build DaddyBoard (HeliBoard fork)	2026-09-30T15:54:54.5434072Z C/C++: In file included from /home/runner/work/daddyboard/daddyboard/daddyboard-main/app/src/main/jni/src/dictionary/structure/v4/content/probability_entry.h:24:
build	Build DaddyBoard (HeliBoard fork)	2026-09-30T15:54:54.5459285Z C/C++: /home/runner/work/daddyboard/daddyboard/daddyboard-main/app/src/main/jni/src/dictionary/property/historical_info.h:52:5: warning: definition of implicit copy constructor for 'HistoricalInfo' is deprecated because it has a user-declared copy assignment operator [-Wdeprecated-copy]
build	Build DaddyBoard (HeliBoard fork)	2026-09-30T15:54:54.5474315Z C/C++:    52 |     DISALLOW_ASSIGNMENT_OPERATOR(HistoricalInfo);
build	Build DaddyBoard (HeliBoard fork)	2026-09-30T15:54:54.5475109Z C/C++:       |     ^
build	Build DaddyBoard (HeliBoard fork)	2026-09-30T15:54:54.5480024Z C/C++: /home/runner/work/daddyboard/daddyboard/daddyboard-main/app/src/main/jni/src/defines.h:289:8: note: expanded from macro 'DISALLOW_ASSIGNMENT_OPERATOR'
build	Build DaddyBoard (HeliBoard fork)	2026-09-30T15:54:54.5481508Z C/C++:   289 |   void operator=(const TypeName&) = delete
build	Build DaddyBoard (HeliBoard fork)	2026-09-30T15:54:54.5482249Z C/C++:       |        ^
build	Build DaddyBoard (HeliBoard fork)	2026-09-30T15:54:54.5484232Z C/C++: /home/runner/work/daddyboard/daddyboard/daddyboard-main/app/src/main/jni/src/dictionary/property/ngram_property.h:33:42: note: in implicit copy constructor for 'latinime::HistoricalInfo' first required here
build	Build DaddyBoard (HeliBoard fork)	2026-09-30T15:54:54.5486145Z C/C++:    33 |               mProbability(probability), mHistoricalInfo(historicalInfo) {}
build	Build DaddyBoard (HeliBoard fork)	2026-09-30T15:54:54.5487091Z C/C++:       |                                          ^
build	Build DaddyBoard (HeliBoard fork)	2026-09-30T15:54:54.5488502Z C/C++: In file included from /home/runner/work/daddyboard/daddyboard/daddyboard-main/app/src/main/jni/src/dictionary/structure/v4/ver4_patricia_trie_node_writer.cpp:19:
build	Build DaddyBoard (HeliBoard fork)	2026-09-30T15:54:54.5490629Z C/C++: In file included from /home/runner/work/daddyboard/daddyboard/daddyboard-main/app/src/main/jni/src/dictionary/header/header_policy.h:25:
build	Build DaddyBoard (HeliBoard fork)	2026-09-30T15:54:54.6375519Z C/C++: /home/runner/work/daddyboard/daddyboard/daddyboard-main/app/src/main/jni/src/dictionary/utils/entry_counters.h:44:5: warning: definition of implicit copy constructor for 'EntryCounts' is deprecated because it has a user-declared copy assignment operator [-Wdeprecated-copy]
build	Build DaddyBoard (HeliBoard fork)	2026-09-30T15:54:54.6378378Z C/C++:    44 |     DISALLOW_ASSIGNMENT_OPERATOR(EntryCounts);
build	Build DaddyBoard (HeliBoard fork)	2026-09-30T15:54:54.6401849Z C/C++:       |     ^
build	Build DaddyBoard (HeliBoard fork)	2026-09-30T15:54:54.6433981Z C/C++: /home/runner/work/daddyboard/daddyboard/daddyboard-main/app/src/main/jni/src/defines.h:289:8: note: expanded from macro 'DISALLOW_ASSIGNMENT_OPERATOR'
build	Build DaddyBoard (HeliBoard fork)	2026-09-30T15:54:54.6435253Z C/C++:   289 |   void operator=(const TypeName&) = delete
build	Build DaddyBoard (HeliBoard fork)	2026-09-30T15:54:54.6463441Z C/C++:       |        ^
build	Build DaddyBoard (HeliBoard fork)	2026-09-30T15:54:54.6494338Z C/C++: /home/runner/work/daddyboard/daddyboard/daddyboard-main/app/src/main/jni/src/dictionary/header/header_policy.h:92:15: note: in implicit copy constructor for 'latinime::EntryCounts' first required here
build	Build DaddyBoard (HeliBoard fork)	2026-09-30T15:54:54.6495978Z C/C++:    92 |               mNgramCounts(headerPolicy->mNgramCounts),
build	Build DaddyBoard (HeliBoard fork)	2026-09-30T15:54:54.6523396Z C/C++:       |               ^
build	Build DaddyBoard (HeliBoard fork)	2026-09-30T15:54:54.6525173Z C/C++: In file included from /home/runner/work/daddyboard/daddyboard/daddyboard-main/app/src/main/jni/src/dictionary/structure/v4/ver4_patricia_trie_node_writer.cpp:19:
build	Build DaddyBoard (HeliBoard fork)	2026-09-30T15:54:54.6526938Z C/C++: In file included from /home/runner/work/daddyboard/daddyboard/daddyboard-main/app/src/main/jni/src/dictionary/header/header_policy.h:23:
build	Build DaddyBoard (HeliBoard fork)	2026-09-30T15:54:54.6528582Z C/C++: In file included from /home/runner/work/daddyboard/daddyboard/daddyboard-main/app/src/main/jni/src/dictionary/header/header_read_write_utils.h:24:
build	Build DaddyBoard (HeliBoard fork)	2026-09-30T15:54:54.6530253Z C/C++: In file included from /home/runner/work/daddyboard/daddyboard/daddyboard-main/app/src/main/jni/src/dictionary/utils/format_utils.h:23:
build	Build DaddyBoard (HeliBoard fork)	2026-09-30T15:54:54.6532645Z C/C++: /home/runner/work/daddyboard/daddyboard/daddyboard-main/app/src/main/jni/src/utils/byte_array_view.h:53:5: warning: definition of implicit copy constructor for 'ReadOnlyByteArrayView' is deprecated because it has a user-declared copy assignment operator [-Wdeprecated-copy]
build	Build DaddyBoard (HeliBoard fork)	2026-09-30T15:54:54.6534913Z C/C++:    53 |     DISALLOW_ASSIGNMENT_OPERATOR(ReadOnlyByteArrayView);
build	Build DaddyBoard (HeliBoard fork)	2026-09-30T15:54:54.6535476Z C/C++:       |     ^
build	Build DaddyBoard (HeliBoard fork)	2026-09-30T15:54:54.6536477Z C/C++: /home/runner/work/daddyboard/daddyboard/daddyboard-main/app/src/main/jni/src/defines.h:289:8: note: expanded from macro 'DISALLOW_ASSIGNMENT_OPERATOR'
build	Build DaddyBoard (HeliBoard fork)	2026-09-30T15:54:54.6553555Z C/C++:   289 |   void operator=(const TypeName&) = delete
build	Build DaddyBoard (HeliBoard fork)	2026-09-30T15:54:54.6583385Z C/C++:       |        ^
build	Build DaddyBoard (HeliBoard fork)	2026-09-30T15:54:54.6594552Z C/C++: /home/runner/work/daddyboard/daddyboard/daddyboard-main/app/src/main/jni/src/dictionary/structure/pt_common/shortcut/shortcut_list_reading_utils.h:52:75: note: in implicit copy constructor for 'latinime::ReadOnlyByteArrayView' first required here
build	Build DaddyBoard (HeliBoard fork)	2026-09-30T15:54:54.6612648Z C/C++:    52 |         const int shortcutListSize = getShortcutListSizeAndForwardPointer(buffer, pos);
build	Build DaddyBoard (HeliBoard fork)	2026-09-30T15:54:54.6643519Z C/C++:       |                                                                           ^
build	Build DaddyBoard (HeliBoard fork)	2026-09-30T15:54:54.6674185Z C/C++: In file included from /home/runner/work/daddyboard/daddyboard/daddyboard-main/app/src/main/jni/src/dictionary/structure/v4/ver4_patricia_trie_node_writer.cpp:27:
build	Build DaddyBoard (HeliBoard fork)	2026-09-30T15:54:54.6676211Z C/C++: In file included from /home/runner/work/daddyboard/daddyboard/daddyboard-main/app/src/main/jni/src/dictionary/structure/v4/ver4_dict_buffers.h:25:
build	Build DaddyBoard (HeliBoard fork)	2026-09-30T15:54:54.6704146Z C/C++: In file included from /home/runner/work/daddyboard/daddyboard/daddyboard-main/app/src/main/jni/src/dictionary/structure/v4/content/language_model_dict_content.h:30:
build	Build DaddyBoard (HeliBoard fork)	2026-09-30T15:54:54.6734701Z C/C++: /home/runner/work/daddyboard/daddyboard/daddyboard-main/app/src/main/jni/src/dictionary/utils/trie_map.h:129:9: warning: definition of implicit copy constructor for 'TrieMapIterator' is deprecated because it has a user-declared copy assignment operator [-Wdeprecated-copy]
build	Build DaddyBoard (HeliBoard fork)	2026-09-30T15:54:54.6736745Z C/C++:   129 |         DISALLOW_ASSIGNMENT_OPERATOR(TrieMapIterator);
build	Build DaddyBoard (HeliBoard fork)	2026-09-30T15:54:54.6763348Z C/C++:       |         ^
build	Build DaddyBoard (HeliBoard fork)	2026-09-30T15:54:54.6764454Z C/C++: /home/runner/work/daddyboard/daddyboard/daddyboard-main/app/src/main/jni/src/defines.h:289:8: note: expanded from macro 'DISALLOW_ASSIGNMENT_OPERATOR'
build	Build DaddyBoard (HeliBoard fork)	2026-09-30T15:54:54.6765571Z C/C++:   289 |   void operator=(const TypeName&) = delete
build	Build DaddyBoard (HeliBoard fork)	2026-09-30T15:54:54.6766031Z C/C++:       |        ^
build	Build DaddyBoard (HeliBoard fork)	2026-09-30T15:54:54.6767486Z C/C++: /home/runner/work/daddyboard/daddyboard/daddyboard-main/app/src/main/jni/src/dictionary/structure/v4/content/language_model_dict_content.h:67:19: note: in implicit copy constructor for 'latinime::TrieMap::TrieMapIterator' first required here
build	Build DaddyBoard (HeliBoard fork)	2026-09-30T15:54:54.6769303Z C/C++:    67 |                 : mTrieMapIterator(trieMapIterator), mHasHistoricalInfo(hasHistoricalInfo) {}
build	Build DaddyBoard (HeliBoard fork)	2026-09-30T15:54:54.6770020Z C/C++:       |                   ^
build	Build DaddyBoard (HeliBoard fork)	2026-09-30T15:54:54.6771130Z C/C++: In file included from /home/runner/work/daddyboard/daddyboard/daddyboard-main/app/src/main/jni/src/dictionary/structure/v4/ver4_patricia_trie_node_writer.cpp:27:
build	Build DaddyBoard (HeliBoard fork)	2026-09-30T15:54:54.6794036Z C/C++: In file included from /home/runner/work/daddyboard/daddyboard/daddyboard-main/app/src/main/jni/src/dictionary/structure/v4/ver4_dict_buffers.h:25:
build	Build DaddyBoard (HeliBoard fork)	2026-09-30T15:54:54.6824231Z C/C++: In file included from /home/runner/work/daddyboard/daddyboard/daddyboard-main/app/src/main/jni/src/dictionary/structure/v4/content/language_model_dict_content.h:30:
build	Build DaddyBoard (HeliBoard fork)	2026-09-30T15:54:54.6834654Z C/C++: /home/runner/work/daddyboard/daddyboard/daddyboard-main/app/src/main/jni/src/dictionary/utils/trie_map.h:158:9: warning: definition of implicit copy constructor for 'TrieMapRange' is deprecated because it has a user-declared copy assignment operator [-Wdeprecated-copy]
build	Build DaddyBoard (HeliBoard fork)	2026-09-30T15:54:54.6853637Z C/C++:   158 |         DISALLOW_ASSIGNMENT_OPERATOR(TrieMapRange);
build	Build DaddyBoard (HeliBoard fork)	2026-09-30T15:54:54.6883330Z C/C++:       |         ^
build	Build DaddyBoard (HeliBoard fork)	2026-09-30T15:54:54.6893703Z C/C++: /home/runner/work/daddyboard/daddyboard/daddyboard-main/app/src/main/jni/src/defines.h:289:8: note: expanded from macro 'DISALLOW_ASSIGNMENT_OPERATOR'
build	Build DaddyBoard (HeliBoard fork)	2026-09-30T15:54:54.6895243Z C/C++:   289 |   void operator=(const TypeName&) = delete
build	Build DaddyBoard (HeliBoard fork)	2026-09-30T15:54:54.6896055Z C/C++:       |        ^
build	Build DaddyBoard (HeliBoard fork)	2026-09-30T15:54:54.6897912Z C/C++: /home/runner/work/daddyboard/daddyboard/daddyboard-main/app/src/main/jni/src/dictionary/structure/v4/content/language_model_dict_content.h:96:19: note: in implicit copy constructor for 'latinime::TrieMap::TrieMapRange' first required here
build	Build DaddyBoard (HeliBoard fork)	2026-09-30T15:54:54.6900100Z C/C++:    96 |                 : mTrieMapRange(trieMapRange), mHasHistoricalInfo(hasHistoricalInfo) {}
build	Build DaddyBoard (HeliBoard fork)	2026-09-30T15:54:54.6901097Z C/C++:       |                   ^
build	Build DaddyBoard (HeliBoard fork)	2026-09-30T15:54:54.6902459Z C/C++: In file included from /home/runner/work/daddyboard/daddyboard/daddyboard-main/app/src/main/jni/src/dictionary/structure/v4/ver4_patricia_trie_node_writer.cpp:27:
build	Build DaddyBoard (HeliBoard fork)	2026-09-30T15:54:54.6905424Z C/C++: In file included from /home/runner/work/daddyboard/daddyboard/daddyboard-main/app/src/main/jni/src/dictionary/structure/v4/ver4_dict_buffers.h:25:
build	Build DaddyBoard (HeliBoard fork)	2026-09-30T15:54:54.6907571Z C/C++: In file included from /home/runner/work/daddyboard/daddyboard/daddyboard-main/app/src/main/jni/src/dictionary/structure/v4/content/language_model_dict_content.h:24:
build	Build DaddyBoard (HeliBoard fork)	2026-09-30T15:54:54.6934837Z C/C++: /home/runner/work/daddyboard/daddyboard/daddyboard-main/app/src/main/jni/src/dictionary/property/word_attributes.h:59:5: warning: definition of implicit copy constructor for 'WordAttributes' is deprecated because it has a user-declared copy assignment operator [-Wdeprecated-copy]
build	Build DaddyBoard (HeliBoard fork)	2026-09-30T15:54:54.6959173Z C/C++:    59 |     DISALLOW_ASSIGNMENT_OPERATOR(WordAttributes);
build	Build DaddyBoard (HeliBoard fork)	2026-09-30T15:54:54.6983244Z C/C++:       |     ^
build	Build DaddyBoard (HeliBoard fork)	2026-09-30T15:54:54.7014189Z C/C++: /home/runner/work/daddyboard/daddyboard/daddyboard-main/app/src/main/jni/src/defines.h:289:8: note: expanded from macro 'DISALLOW_ASSIGNMENT_OPERATOR'
build	Build DaddyBoard (HeliBoard fork)	2026-09-30T15:54:54.7015712Z C/C++:   289 |   void operator=(const TypeName&) = delete
build	Build DaddyBoard (HeliBoard fork)	2026-09-30T15:54:54.7063316Z C/C++:       |        ^
build	Build DaddyBoard (HeliBoard fork)	2026-09-30T15:54:54.7074543Z C/C++: /home/runner/work/daddyboard/daddyboard/daddyboard-main/app/src/main/jni/src/dictionary/structure/v4/content/language_model_dict_content.h:119:19: note: in implicit copy constructor for 'WordAttributes' first required here
build	Build DaddyBoard (HeliBoard fork)	2026-09-30T15:54:54.7103767Z C/C++:   119 |                   mWordAttributes(wordAttributes), mProbabilityEntry(probabilityEntry) {}
build	Build DaddyBoard (HeliBoard fork)	2026-09-30T15:54:54.7123298Z C/C++:       |                   ^
build	Build DaddyBoard (HeliBoard fork)	2026-09-30T15:54:54.7144208Z C/C++: In file included from /home/runner/work/daddyboard/daddyboard/daddyboard-main/app/src/main/jni/src/dictionary/structure/v4/ver4_patricia_trie_node_writer.cpp:17:
build	Build DaddyBoard (HeliBoard fork)	2026-09-30T15:54:54.7184071Z C/C++: In file included from /home/runner/work/daddyboard/daddyboard/daddyboard-main/app/src/main/jni/src/dictionary/structure/v4/ver4_patricia_trie_node_writer.h:21:
build	Build DaddyBoard (HeliBoard fork)	2026-09-30T15:54:54.7186109Z C/C++: In file included from /home/runner/work/daddyboard/daddyboard/daddyboard-main/app/src/main/jni/src/dictionary/structure/pt_common/dynamic_pt_reading_helper.h:24:
build	Build DaddyBoard (HeliBoard fork)	2026-09-30T15:54:54.7214064Z C/C++: In file included from /home/runner/work/daddyboard/daddyboard/daddyboard-main/app/src/main/jni/src/dictionary/structure/pt_common/pt_node_params.h:27:
build	Build DaddyBoard (HeliBoard fork)	2026-09-30T15:54:54.7217063Z C/C++: /home/runner/work/daddyboard/daddyboard/daddyboard-main/app/src/main/jni/src/utils/int_array_view.h:160:5: warning: definition of implicit copy constructor for 'IntArrayView' is deprecated because it has a user-declared copy assignment operator [-Wdeprecated-copy]
build	Build DaddyBoard (HeliBoard fork)	2026-09-30T15:54:54.7263992Z C/C++:   160 |     DISALLOW_ASSIGNMENT_OPERATOR(IntArrayView);
build	Build DaddyBoard (HeliBoard fork)	2026-09-30T15:54:54.7273264Z C/C++:       |     ^
build	Build DaddyBoard (HeliBoard fork)	2026-09-30T15:54:54.7291429Z C/C++: /home/runner/work/daddyboard/daddyboard/daddyboard-main/app/src/main/jni/src/defines.h:289:8: note: expanded from macro 'DISALLOW_ASSIGNMENT_OPERATOR'
build	Build DaddyBoard (HeliBoard fork)	2026-09-30T15:54:54.7323377Z C/C++:   289 |   void operator=(const TypeName&) = delete
build	Build DaddyBoard (HeliBoard fork)	2026-09-30T15:54:54.7324957Z C/C++:       |        ^
build	Build DaddyBoard (HeliBoard fork)	2026-09-30T15:54:54.7334845Z C/C++: /home/runner/work/daddyboard/daddyboard/daddyboard-main/app/src/main/jni/src/dictionary/structure/v4/ver4_patricia_trie_node_writer.cpp:211:64: note: in implicit copy constructor for 'latinime::IntArrayView' first required here
build	Build DaddyBoard (HeliBoard fork)	2026-09-30T15:54:54.7337123Z C/C++:   211 |             languageModelDictContent->getNgramProbabilityEntry(prevWordIds, wordId);
build	Build DaddyBoard (HeliBoard fork)	2026-09-30T15:54:54.7338208Z C/C++:       |                                                                ^
build	Build DaddyBoard (HeliBoard fork)	2026-09-30T15:54:54.9375903Z C/C++: 7 warnings generated.
build	Build DaddyBoard (HeliBoard fork)	2026-09-30T15:54:55.6404937Z C/C++: In file included from /home/runner/work/daddyboard/daddyboard/daddyboard-main/app/src/main/jni/src/dictionary/structure/v4/ver4_patricia_trie_policy.cpp:17:
build	Build DaddyBoard (HeliBoard fork)	2026-09-30T15:54:55.6454239Z C/C++: In file included from /home/runner/work/daddyboard/daddyboard/daddyboard-main/app/src/main/jni/src/dictionary/structure/v4/ver4_patricia_trie_policy.h:23:
build	Build DaddyBoard (HeliBoard fork)	2026-09-30T15:54:55.6456332Z C/C++: In file included from /home/runner/work/daddyboard/daddyboard/daddyboard-main/app/src/main/jni/src/dictionary/header/header_policy.h:25:
build	Build DaddyBoard (HeliBoard fork)	2026-09-30T15:54:55.6494730Z C/C++: /home/runner/work/daddyboard/daddyboard/daddyboard-main/app/src/main/jni/src/dictionary/utils/entry_counters.h:44:5: warning: definition of implicit copy constructor for 'EntryCounts' is deprecated because it has a user-declared copy assignment operator [-Wdeprecated-copy]
build	Build DaddyBoard (HeliBoard fork)	2026-09-30T15:54:55.6496932Z C/C++:    44 |     DISALLOW_ASSIGNMENT_OPERATOR(EntryCounts);
build	Build DaddyBoard (HeliBoard fork)	2026-09-30T15:54:55.6523344Z C/C++:       |     ^
build	Build DaddyBoard (HeliBoard fork)	2026-09-30T15:54:55.6554001Z C/C++: /home/runner/work/daddyboard/daddyboard/daddyboard-main/app/src/main/jni/src/defines.h:289:8: note: expanded from macro 'DISALLOW_ASSIGNMENT_OPERATOR'
build	Build DaddyBoard (HeliBoard fork)	2026-09-30T15:54:55.6563559Z C/C++:   289 |   void operator=(const TypeName&) = delete
build	Build DaddyBoard (HeliBoard fork)	2026-09-30T15:54:55.6604895Z C/C++:       |        ^
build	Build DaddyBoard (HeliBoard fork)	2026-09-30T15:54:55.6610975Z C/C++: /home/runner/work/daddyboard/daddyboard/daddyboard-main/app/src/main/jni/src/dictionary/header/header_policy.h:92:15: note: in implicit copy constructor for 'latinime::EntryCounts' first required here
build	Build DaddyBoard (HeliBoard fork)	2026-09-30T15:54:55.6627910Z C/C++:    92 |               mNgramCounts(headerPolicy->mNgramCounts),
build	Build DaddyBoard (HeliBoard fork)	2026-09-30T15:54:55.6653394Z C/C++:       |               ^
build	Build DaddyBoard (HeliBoard fork)	2026-09-30T15:54:55.7374757Z C/C++: In file included from /home/runner/work/daddyboard/daddyboard/daddyboard-main/app/src/main/jni/src/dictionary/structure/v4/ver4_patricia_trie_policy.cpp:17:
build	Build DaddyBoard (HeliBoard fork)	2026-09-30T15:54:55.7431655Z C/C++: In file included from /home/runner/work/daddyboard/daddyboard/daddyboard-main/app/src/main/jni/src/dictionary/structure/v4/ver4_patricia_trie_policy.h:24:
build	Build DaddyBoard (HeliBoard fork)	2026-09-30T15:54:55.7437098Z C/C++: In file included from /home/runner/work/daddyboard/daddyboard/daddyboard-main/app/src/main/jni/src/dictionary/interface/dictionary_structure_with_buffer_policy.h:23:
build	Build DaddyBoard (HeliBoard fork)	2026-09-30T15:54:55.7462729Z C/C++: /home/runner/work/daddyboard/daddyboard/daddyboard-main/app/src/main/jni/src/dictionary/property/historical_info.h:52:5: warning: definition of implicit copy constructor for 'HistoricalInfo' is deprecated because it has a user-declared copy assignment operator [-Wdeprecated-copy]
build	Build DaddyBoard (HeliBoard fork)	2026-09-30T15:54:55.7465573Z C/C++:    52 |     DISALLOW_ASSIGNMENT_OPERATOR(HistoricalInfo);
build	Build DaddyBoard (HeliBoard fork)	2026-09-30T15:54:55.7466120Z C/C++:       |     ^
build	Build DaddyBoard (HeliBoard fork)	2026-09-30T15:54:55.7467171Z C/C++: /home/runner/work/daddyboard/daddyboard/daddyboard-main/app/src/main/jni/src/defines.h:289:8: note: expanded from macro 'DISALLOW_ASSIGNMENT_OPERATOR'
build	Build DaddyBoard (HeliBoard fork)	2026-09-30T15:54:55.7468370Z C/C++:   289 |   void operator=(const TypeName&) = delete
build	Build DaddyBoard (HeliBoard fork)	2026-09-30T15:54:55.7468869Z C/C++:       |        ^
build	Build DaddyBoard (HeliBoard fork)	2026-09-30T15:54:55.7470239Z C/C++: /home/runner/work/daddyboard/daddyboard/daddyboard-main/app/src/main/jni/src/dictionary/property/ngram_property.h:33:42: note: in implicit copy constructor for 'latinime::HistoricalInfo' first required here
build	Build DaddyBoard (HeliBoard fork)	2026-09-30T15:54:55.7471873Z C/C++:    33 |               mProbability(probability), mHistoricalInfo(historicalInfo) {}
build	Build DaddyBoard (HeliBoard fork)	2026-09-30T15:54:55.7472554Z C/C++:       |                                          ^
build	Build DaddyBoard (HeliBoard fork)	2026-09-30T15:54:55.7473916Z C/C++: In file included from /home/runner/work/daddyboard/daddyboard/daddyboard-main/app/src/main/jni/src/dictionary/structure/v4/ver4_patricia_trie_policy.cpp:17:
build	Build DaddyBoard (HeliBoard fork)	2026-09-30T15:54:55.7475492Z C/C++: In file included from /home/runner/work/daddyboard/daddyboard/daddyboard-main/app/src/main/jni/src/dictionary/structure/v4/ver4_patricia_trie_policy.h:24:
build	Build DaddyBoard (HeliBoard fork)	2026-09-30T15:54:55.7477334Z C/C++: In file included from /home/runner/work/daddyboard/daddyboard/daddyboard-main/app/src/main/jni/src/dictionary/interface/dictionary_structure_with_buffer_policy.h:25:
build	Build DaddyBoard (HeliBoard fork)	2026-09-30T15:54:55.7479155Z C/C++: In file included from /home/runner/work/daddyboard/daddyboard/daddyboard-main/app/src/main/jni/src/dictionary/property/word_property.h:24:
build	Build DaddyBoard (HeliBoard fork)	2026-09-30T15:54:55.7481631Z C/C++: /home/runner/work/daddyboard/daddyboard/daddyboard-main/app/src/main/jni/src/dictionary/property/unigram_property.h:126:5: warning: definition of implicit copy constructor for 'UnigramProperty' is deprecated because it has a user-declared copy assignment operator [-Wdeprecated-copy]
build	Build DaddyBoard (HeliBoard fork)	2026-09-30T15:54:55.7514207Z C/C++:   126 |     DISALLOW_ASSIGNMENT_OPERATOR(UnigramProperty);
build	Build DaddyBoard (HeliBoard fork)	2026-09-30T15:54:55.7514723Z C/C++:       |     ^
build	Build DaddyBoard (HeliBoard fork)	2026-09-30T15:54:55.7515605Z C/C++: /home/runner/work/daddyboard/daddyboard/daddyboard-main/app/src/main/jni/src/defines.h:289:8: note: expanded from macro 'DISALLOW_ASSIGNMENT_OPERATOR'
build	Build DaddyBoard (HeliBoard fork)	2026-09-30T15:54:55.7516625Z C/C++:   289 |   void operator=(const TypeName&) = delete
build	Build DaddyBoard (HeliBoard fork)	2026-09-30T15:54:55.7517065Z C/C++:       |        ^
build	Build DaddyBoard (HeliBoard fork)	2026-09-30T15:54:55.7518236Z C/C++: /home/runner/work/daddyboard/daddyboard/daddyboard-main/app/src/main/jni/src/dictionary/property/word_property.h:38:51: note: in implicit copy constructor for 'latinime::UnigramProperty' first required here
build	Build DaddyBoard (HeliBoard fork)	2026-09-30T15:54:55.7519652Z C/C++:    38 |             : mCodePoints(std::move(codePoints)), mUnigramProperty(unigramProperty),
build	Build DaddyBoard (HeliBoard fork)	2026-09-30T15:54:55.7520285Z C/C++:       |                                                   ^
build	Build DaddyBoard (HeliBoard fork)	2026-09-30T15:54:55.7521308Z C/C++: In file included from /home/runner/work/daddyboard/daddyboard/daddyboard-main/app/src/main/jni/src/dictionary/structure/v4/ver4_patricia_trie_policy.cpp:17:
build	Build DaddyBoard (HeliBoard fork)	2026-09-30T15:54:55.7523066Z C/C++: In file included from /home/runner/work/daddyboard/daddyboard/daddyboard-main/app/src/main/jni/src/dictionary/structure/v4/ver4_patricia_trie_policy.h:23:
build	Build DaddyBoard (HeliBoard fork)	2026-09-30T15:54:55.7524540Z C/C++: In file included from /home/runner/work/daddyboard/daddyboard/daddyboard-main/app/src/main/jni/src/dictionary/header/header_policy.h:23:
build	Build DaddyBoard (HeliBoard fork)	2026-09-30T15:54:55.7525960Z C/C++: In file included from /home/runner/work/daddyboard/daddyboard/daddyboard-main/app/src/main/jni/src/dictionary/header/header_read_write_utils.h:24:
build	Build DaddyBoard (HeliBoard fork)	2026-09-30T15:54:55.7527354Z C/C++: In file included from /home/runner/work/daddyboard/daddyboard/daddyboard-main/app/src/main/jni/src/dictionary/utils/format_utils.h:23:
build	Build DaddyBoard (HeliBoard fork)	2026-09-30T15:54:55.7529400Z C/C++: /home/runner/work/daddyboard/daddyboard/daddyboard-main/app/src/main/jni/src/utils/byte_array_view.h:53:5: warning: definition of implicit copy constructor for 'ReadOnlyByteArrayView' is deprecated because it has a user-declared copy assignment operator [-Wdeprecated-copy]
build	Build DaddyBoard (HeliBoard fork)	2026-09-30T15:54:55.7531332Z C/C++:    53 |     DISALLOW_ASSIGNMENT_OPERATOR(ReadOnlyByteArrayView);
build	Build DaddyBoard (HeliBoard fork)	2026-09-30T15:54:55.7531809Z C/C++:       |     ^
build	Build DaddyBoard (HeliBoard fork)	2026-09-30T15:54:55.7532659Z C/C++: /home/runner/work/daddyboard/daddyboard/daddyboard-main/app/src/main/jni/src/defines.h:289:8: note: expanded from macro 'DISALLOW_ASSIGNMENT_OPERATOR'
build	Build DaddyBoard (HeliBoard fork)	2026-09-30T15:54:55.7533937Z C/C++:   289 |   void operator=(const TypeName&) = delete
build	Build DaddyBoard (HeliBoard fork)	2026-09-30T15:54:55.7534409Z C/C++:       |        ^
build	Build DaddyBoard (HeliBoard fork)	2026-09-30T15:54:55.7536014Z C/C++: /home/runner/work/daddyboard/daddyboard/daddyboard-main/app/src/main/jni/src/dictionary/structure/pt_common/shortcut/shortcut_list_reading_utils.h:52:75: note: in implicit copy constructor for 'latinime::ReadOnlyByteArrayView' first required here
build	Build DaddyBoard (HeliBoard fork)	2026-09-30T15:54:55.7538036Z C/C++:    52 |         const int shortcutListSize = getShortcutListSizeAndForwardPointer(buffer, pos);
build	Build DaddyBoard (HeliBoard fork)	2026-09-30T15:54:55.7538879Z C/C++:       |                                                                           ^
build	Build DaddyBoard (HeliBoard fork)	2026-09-30T15:54:55.7540098Z C/C++: In file included from /home/runner/work/daddyboard/daddyboard/daddyboard-main/app/src/main/jni/src/dictionary/structure/v4/ver4_patricia_trie_policy.cpp:17:
build	Build DaddyBoard (HeliBoard fork)	2026-09-30T15:54:55.7541909Z C/C++: In file included from /home/runner/work/daddyboard/daddyboard/daddyboard-main/app/src/main/jni/src/dictionary/structure/v4/ver4_patricia_trie_policy.h:27:
build	Build DaddyBoard (HeliBoard fork)	2026-09-30T15:54:55.7574063Z C/C++: In file included from /home/runner/work/daddyboard/daddyboard/daddyboard-main/app/src/main/jni/src/dictionary/structure/v4/ver4_dict_buffers.h:25:
build	Build DaddyBoard (HeliBoard fork)	2026-09-30T15:54:55.7575922Z C/C++: In file included from /home/runner/work/daddyboard/daddyboard/daddyboard-main/app/src/main/jni/src/dictionary/structure/v4/content/language_model_dict_content.h:30:
build	Build DaddyBoard (HeliBoard fork)	2026-09-30T15:54:55.7578786Z C/C++: /home/runner/work/daddyboard/daddyboard/daddyboard-main/app/src/main/jni/src/dictionary/utils/trie_map.h:129:9: warning: definition of implicit copy constructor for 'TrieMapIterator' is deprecated because it has a user-declared copy assignment operator [-Wdeprecated-copy]
build	Build DaddyBoard (HeliBoard fork)	2026-09-30T15:54:55.7580713Z C/C++:   129 |         DISALLOW_ASSIGNMENT_OPERATOR(TrieMapIterator);
build	Build DaddyBoard (HeliBoard fork)	2026-09-30T15:54:55.7581293Z C/C++:       |         ^
build	Build DaddyBoard (HeliBoard fork)	2026-09-30T15:54:55.7582284Z C/C++: /home/runner/work/daddyboard/daddyboard/daddyboard-main/app/src/main/jni/src/defines.h:289:8: note: expanded from macro 'DISALLOW_ASSIGNMENT_OPERATOR'
build	Build DaddyBoard (HeliBoard fork)	2026-09-30T15:54:55.7583601Z C/C++:   289 |   void operator=(const TypeName&) = delete
build	Build DaddyBoard (HeliBoard fork)	2026-09-30T15:54:55.7584100Z C/C++:       |        ^
build	Build DaddyBoard (HeliBoard fork)	2026-09-30T15:54:55.7585637Z C/C++: /home/runner/work/daddyboard/daddyboard/daddyboard-main/app/src/main/jni/src/dictionary/structure/v4/content/language_model_dict_content.h:67:19: note: in implicit copy constructor for 'latinime::TrieMap::TrieMapIterator' first required here
build	Build DaddyBoard (HeliBoard fork)	2026-09-30T15:54:55.7587527Z C/C++:    67 |                 : mTrieMapIterator(trieMapIterator), mHasHistoricalInfo(hasHistoricalInfo) {}
build	Build DaddyBoard (HeliBoard fork)	2026-09-30T15:54:55.7588281Z C/C++:       |                   ^
build	Build DaddyBoard (HeliBoard fork)	2026-09-30T15:54:55.7589396Z C/C++: In file included from /home/runner/work/daddyboard/daddyboard/daddyboard-main/app/src/main/jni/src/dictionary/structure/v4/ver4_patricia_trie_policy.cpp:17:
build	Build DaddyBoard (HeliBoard fork)	2026-09-30T15:54:55.7591157Z C/C++: In file included from /home/runner/work/daddyboard/daddyboard/daddyboard-main/app/src/main/jni/src/dictionary/structure/v4/ver4_patricia_trie_policy.h:27:
build	Build DaddyBoard (HeliBoard fork)	2026-09-30T15:54:55.7593049Z C/C++: In file included from /home/runner/work/daddyboard/daddyboard/daddyboard-main/app/src/main/jni/src/dictionary/structure/v4/ver4_dict_buffers.h:25:
build	Build DaddyBoard (HeliBoard fork)	2026-09-30T15:54:55.7594925Z C/C++: In file included from /home/runner/work/daddyboard/daddyboard/daddyboard-main/app/src/main/jni/src/dictionary/structure/v4/content/language_model_dict_content.h:30:
build	Build DaddyBoard (HeliBoard fork)	2026-09-30T15:54:55.7597477Z C/C++: /home/runner/work/daddyboard/daddyboard/daddyboard-main/app/src/main/jni/src/dictionary/utils/trie_map.h:158:9: warning: definition of implicit copy constructor for 'TrieMapRange' is deprecated because it has a user-declared copy assignment operator [-Wdeprecated-copy]
build	Build DaddyBoard (HeliBoard fork)	2026-09-30T15:54:55.7599590Z C/C++:   158 |         DISALLOW_ASSIGNMENT_OPERATOR(TrieMapRange);
build	Build DaddyBoard (HeliBoard fork)	2026-09-30T15:54:55.7600116Z C/C++:       |         ^
build	Build DaddyBoard (HeliBoard fork)	2026-09-30T15:54:55.7601117Z C/C++: /home/runner/work/daddyboard/daddyboard/daddyboard-main/app/src/main/jni/src/defines.h:289:8: note: expanded from macro 'DISALLOW_ASSIGNMENT_OPERATOR'
build	Build DaddyBoard (HeliBoard fork)	2026-09-30T15:54:55.7602293Z C/C++:   289 |   void operator=(const TypeName&) = delete
build	Build DaddyBoard (HeliBoard fork)	2026-09-30T15:54:55.7633063Z C/C++:       |        ^
build	Build DaddyBoard (HeliBoard fork)	2026-09-30T15:54:55.7634708Z C/C++: /home/runner/work/daddyboard/daddyboard/daddyboard-main/app/src/main/jni/src/dictionary/structure/v4/content/language_model_dict_content.h:96:19: note: in implicit copy constructor for 'latinime::TrieMap::TrieMapRange' first required here
build	Build DaddyBoard (HeliBoard fork)	2026-09-30T15:54:55.7636568Z C/C++:    96 |                 : mTrieMapRange(trieMapRange), mHasHistoricalInfo(hasHistoricalInfo) {}
build	Build DaddyBoard (HeliBoard fork)	2026-09-30T15:54:55.7637315Z C/C++:       |                   ^
build	Build DaddyBoard (HeliBoard fork)	2026-09-30T15:54:55.7638433Z C/C++: In file included from /home/runner/work/daddyboard/daddyboard/daddyboard-main/app/src/main/jni/src/dictionary/structure/v4/ver4_patricia_trie_policy.cpp:17:
build	Build DaddyBoard (HeliBoard fork)	2026-09-30T15:54:55.7640222Z C/C++: In file included from /home/runner/work/daddyboard/daddyboard/daddyboard-main/app/src/main/jni/src/dictionary/structure/v4/ver4_patricia_trie_policy.h:24:
build	Build DaddyBoard (HeliBoard fork)	2026-09-30T15:54:55.7642109Z C/C++: In file included from /home/runner/work/daddyboard/daddyboard/daddyboard-main/app/src/main/jni/src/dictionary/interface/dictionary_structure_with_buffer_policy.h:24:
build	Build DaddyBoard (HeliBoard fork)	2026-09-30T15:54:55.7644856Z C/C++: /home/runner/work/daddyboard/daddyboard/daddyboard-main/app/src/main/jni/src/dictionary/property/word_attributes.h:59:5: warning: definition of implicit copy constructor for 'WordAttributes' is deprecated because it has a user-declared copy assignment operator [-Wdeprecated-copy]
build	Build DaddyBoard (HeliBoard fork)	2026-09-30T15:54:55.7647077Z C/C++:    59 |     DISALLOW_ASSIGNMENT_OPERATOR(WordAttributes);
build	Build DaddyBoard (HeliBoard fork)	2026-09-30T15:54:55.7647609Z C/C++:       |     ^
build	Build DaddyBoard (HeliBoard fork)	2026-09-30T15:54:55.7648581Z C/C++: /home/runner/work/daddyboard/daddyboard/daddyboard-main/app/src/main/jni/src/defines.h:289:8: note: expanded from macro 'DISALLOW_ASSIGNMENT_OPERATOR'
build	Build DaddyBoard (HeliBoard fork)	2026-09-30T15:54:55.7649705Z C/C++:   289 |   void operator=(const TypeName&) = delete
build	Build DaddyBoard (HeliBoard fork)	2026-09-30T15:54:55.7650176Z C/C++:       |        ^
build	Build DaddyBoard (HeliBoard fork)	2026-09-30T15:54:55.7651631Z C/C++: /home/runner/work/daddyboard/daddyboard/daddyboard-main/app/src/main/jni/src/dictionary/structure/v4/content/language_model_dict_content.h:119:19: note: in implicit copy constructor for 'WordAttributes' first required here
build	Build DaddyBoard (HeliBoard fork)	2026-09-30T15:54:55.7653687Z C/C++:   119 |                   mWordAttributes(wordAttributes), mProbabilityEntry(probabilityEntry) {}
build	Build DaddyBoard (HeliBoard fork)	2026-09-30T15:54:55.7654427Z C/C++:       |                   ^
build	Build DaddyBoard (HeliBoard fork)	2026-09-30T15:54:55.8364603Z C/C++: In file included from /home/runner/work/daddyboard/daddyboard/daddyboard-main/app/src/main/jni/src/dictionary/structure/v4/ver4_patricia_trie_policy.cpp:17:
build	Build DaddyBoard (HeliBoard fork)	2026-09-30T15:54:55.8394065Z C/C++: In file included from /home/runner/work/daddyboard/daddyboard/daddyboard-main/app/src/main/jni/src/dictionary/structure/v4/ver4_patricia_trie_policy.h:24:
build	Build DaddyBoard (HeliBoard fork)	2026-09-30T15:54:55.8424188Z C/C++: In file included from /home/runner/work/daddyboard/daddyboard/daddyboard-main/app/src/main/jni/src/dictionary/interface/dictionary_structure_with_buffer_policy.h:25:
build	Build DaddyBoard (HeliBoard fork)	2026-09-30T15:54:55.8434055Z C/C++: In file included from /home/runner/work/daddyboard/daddyboard/daddyboard-main/app/src/main/jni/src/dictionary/property/word_property.h:23:
build	Build DaddyBoard (HeliBoard fork)	2026-09-30T15:54:55.8464075Z C/C++: In file included from /home/runner/work/daddyboard/daddyboard/daddyboard-main/app/src/main/jni/src/dictionary/property/ngram_property.h:24:
build	Build DaddyBoard (HeliBoard fork)	2026-09-30T15:54:55.8466141Z C/C++: In file included from /home/runner/work/daddyboard/daddyboard/daddyboard-main/app/src/main/jni/src/dictionary/property/ngram_context.h:23:
build	Build DaddyBoard (HeliBoard fork)	2026-09-30T15:54:55.8494716Z C/C++: /home/runner/work/daddyboard/daddyboard/daddyboard-main/app/src/main/jni/src/utils/int_array_view.h:160:5: warning: definition of implicit copy constructor for 'IntArrayView' is deprecated because it has a user-declared copy assignment operator [-Wdeprecated-copy]
build	Build DaddyBoard (HeliBoard fork)	2026-09-30T15:54:55.8523454Z C/C++:   160 |     DISALLOW_ASSIGNMENT_OPERATOR(IntArrayView);
build	Build DaddyBoard (HeliBoard fork)	2026-09-30T15:54:55.8524028Z C/C++:       |     ^
build	Build DaddyBoard (HeliBoard fork)	2026-09-30T15:54:55.8525077Z C/C++: /home/runner/work/daddyboard/daddyboard/daddyboard-main/app/src/main/jni/src/defines.h:289:8: note: expanded from macro 'DISALLOW_ASSIGNMENT_OPERATOR'
build	Build DaddyBoard (HeliBoard fork)	2026-09-30T15:54:55.8526258Z C/C++:   289 |   void operator=(const TypeName&) = delete
build	Build DaddyBoard (HeliBoard fork)	2026-09-30T15:54:55.8526759Z C/C++:       |        ^
build	Build DaddyBoard (HeliBoard fork)	2026-09-30T15:54:55.8528120Z C/C++: /home/runner/work/daddyboard/daddyboard/daddyboard-main/app/src/main/jni/src/suggest/core/dicnode/dic_node.h:110:53: note: in implicit copy constructor for 'latinime::IntArrayView' first required here
build	Build DaddyBoard (HeliBoard fork)	2026-09-30T15:54:55.8529731Z C/C++:   110 |         mDicNodeProperties.init(rootPtNodeArrayPos, prevWordIds);
build	Build DaddyBoard (HeliBoard fork)	2026-09-30T15:54:55.8530443Z C/C++:       |                                                     ^
build	Build DaddyBoard (HeliBoard fork)	2026-09-30T15:54:55.8531681Z C/C++: In file included from /home/runner/work/daddyboard/daddyboard/daddyboard-main/app/src/main/jni/src/dictionary/structure/v4/ver4_patricia_trie_policy.cpp:32:
build	Build DaddyBoard (HeliBoard fork)	2026-09-30T15:54:55.8533601Z C/C++: In file included from /home/runner/work/daddyboard/daddyboard/daddyboard-main/app/src/main/jni/src/dictionary/utils/multi_bigram_map.h:27:
build	Build DaddyBoard (HeliBoard fork)	2026-09-30T15:54:55.8536050Z C/C++: /home/runner/work/daddyboard/daddyboard/daddyboard-main/app/src/main/jni/src/dictionary/utils/bloom_filter.h:47:5: warning: definition of implicit copy constructor for 'BloomFilter' is deprecated because it has a user-declared copy assignment operator [-Wdeprecated-copy]
build	Build DaddyBoard (HeliBoard fork)	2026-09-30T15:54:55.8538282Z C/C++:    47 |     DISALLOW_ASSIGNMENT_OPERATOR(BloomFilter);
build	Build DaddyBoard (HeliBoard fork)	2026-09-30T15:54:55.8538779Z C/C++:       |     ^
build	Build DaddyBoard (HeliBoard fork)	2026-09-30T15:54:55.8539770Z C/C++: /home/runner/work/daddyboard/daddyboard/daddyboard-main/app/src/main/jni/src/defines.h:289:8: note: expanded from macro 'DISALLOW_ASSIGNMENT_OPERATOR'
build	Build DaddyBoard (HeliBoard fork)	2026-09-30T15:54:55.8540941Z C/C++:   289 |   void operator=(const TypeName&) = delete
build	Build DaddyBoard (HeliBoard fork)	2026-09-30T15:54:55.8541417Z C/C++:       |        ^
build	Build DaddyBoard (HeliBoard fork)	2026-09-30T15:54:55.8542915Z C/C++: /home/runner/work/daddyboard/daddyboard/daddyboard-main/app/src/main/jni/src/dictionary/utils/multi_bigram_map.h:57:53: note: in implicit copy constructor for 'latinime::BloomFilter' first required here
build	Build DaddyBoard (HeliBoard fork)	2026-09-30T15:54:55.8568948Z C/C++:    57 |                 : mBigramMap(bigramMap.mBigramMap), mBloomFilter(bigramMap.mBloomFilter) {}
build	Build DaddyBoard (HeliBoard fork)	2026-09-30T15:54:55.8569754Z C/C++:       |                                                     ^
build	Build DaddyBoard (HeliBoard fork)	2026-09-30T15:54:56.0368048Z C/C++: In file included from /home/runner/work/daddyboard/daddyboard/daddyboard-main/app/src/main/jni/src/dictionary/structure/v4/ver4_patricia_trie_policy.cpp:17:
build	Build DaddyBoard (HeliBoard fork)	2026-09-30T15:54:56.0383977Z C/C++: In file included from /home/runner/work/daddyboard/daddyboard/daddyboard-main/app/src/main/jni/src/dictionary/structure/v4/ver4_patricia_trie_policy.h:24:
build	Build DaddyBoard (HeliBoard fork)	2026-09-30T15:54:56.0414110Z C/C++: In file included from /home/runner/work/daddyboard/daddyboard/daddyboard-main/app/src/main/jni/src/dictionary/interface/dictionary_structure_with_buffer_policy.h:25:
build	Build DaddyBoard (HeliBoard fork)	2026-09-30T15:54:56.0443963Z C/C++: In file included from /home/runner/work/daddyboard/daddyboard/daddyboard-main/app/src/main/jni/src/dictionary/property/word_property.h:23:
build	Build DaddyBoard (HeliBoard fork)	2026-09-30T15:54:56.0474643Z C/C++: /home/runner/work/daddyboard/daddyboard/daddyboard-main/app/src/main/jni/src/dictionary/property/ngram_property.h:54:5: warning: definition of implicit copy constructor for 'NgramProperty' is deprecated because it has a user-declared copy assignment operator [-Wdeprecated-copy]
build	Build DaddyBoard (HeliBoard fork)	2026-09-30T15:54:56.0503372Z C/C++:    54 |     DISALLOW_ASSIGNMENT_OPERATOR(NgramProperty);
build	Build DaddyBoard (HeliBoard fork)	2026-09-30T15:54:56.0533300Z C/C++:       |     ^
build	Build DaddyBoard (HeliBoard fork)	2026-09-30T15:54:56.0564044Z C/C++: /home/runner/work/daddyboard/daddyboard/daddyboard-main/app/src/main/jni/src/defines.h:289:8: note: expanded from macro 'DISALLOW_ASSIGNMENT_OPERATOR'
build	Build DaddyBoard (HeliBoard fork)	2026-09-30T15:54:56.0593379Z C/C++:   289 |   void operator=(const TypeName&) = delete
build	Build DaddyBoard (HeliBoard fork)	2026-09-30T15:54:56.0623322Z C/C++:       |        ^
build	Build DaddyBoard (HeliBoard fork)	2026-09-30T15:54:56.0654388Z C/C++: /usr/local/lib/android/sdk/ndk/28.0.13004108/toolchains/llvm/prebuilt/linux-x86_64/sysroot/usr/include/c++/v1/__memory/allocator.h:173:24: note: in implicit copy constructor for 'latinime::NgramProperty' first required here
build	Build DaddyBoard (HeliBoard fork)	2026-09-30T15:54:56.0683483Z C/C++:   173 |     ::new ((void*)__p) _Up(std::forward<_Args>(__args)...);
build	Build DaddyBoard (HeliBoard fork)	2026-09-30T15:54:56.0713292Z C/C++:       |                        ^
build	Build DaddyBoard (HeliBoard fork)	2026-09-30T15:54:56.0744886Z C/C++: /usr/local/lib/android/sdk/ndk/28.0.13004108/toolchains/llvm/prebuilt/linux-x86_64/sysroot/usr/include/c++/v1/__memory/allocator_traits.h:320:9: note: in instantiation of function template specialization 'std::allocator<latinime::NgramProperty>::construct<latinime::NgramProperty, latinime::NgramProperty &>' requested here
build	Build DaddyBoard (HeliBoard fork)	2026-09-30T15:54:56.0773573Z C/C++:   320 |     __a.construct(__p, std::forward<_Args>(__args)...);
build	Build DaddyBoard (HeliBoard fork)	2026-09-30T15:54:56.0803327Z C/C++:       |         ^
build	Build DaddyBoard (HeliBoard fork)	2026-09-30T15:54:56.0835096Z C/C++: /usr/local/lib/android/sdk/ndk/28.0.13004108/toolchains/llvm/prebuilt/linux-x86_64/sysroot/usr/include/c++/v1/__memory/uninitialized_algorithms.h:551:31: note: in instantiation of function template specialization 'std::allocator_traits<std::allocator<latinime::NgramProperty>>::construct<latinime::NgramProperty, latinime::NgramProperty &, 0>' requested here
build	Build DaddyBoard (HeliBoard fork)	2026-09-30T15:54:56.0884020Z C/C++:   551 |     allocator_traits<_Alloc>::construct(__alloc, std::__to_address(__first2), *__first1);
build	Build DaddyBoard (HeliBoard fork)	2026-09-30T15:54:56.0893361Z C/C++:       |                               ^
build	Build DaddyBoard (HeliBoard fork)	2026-09-30T15:54:56.0895826Z C/C++: /usr/local/lib/android/sdk/ndk/28.0.13004108/toolchains/llvm/prebuilt/linux-x86_64/sysroot/usr/include/c++/v1/__memory/uninitialized_algorithms.h:594:33: note: in instantiation of function template specialization 'std::__uninitialized_allocator_copy_impl<std::allocator<latinime::NgramProperty>, latinime::NgramProperty *, latinime::NgramProperty *, latinime::NgramProperty *>' requested here
build	Build DaddyBoard (HeliBoard fork)	2026-09-30T15:54:56.0899049Z C/C++:   594 |   auto __result          = std::__uninitialized_allocator_copy_impl(
build	Build DaddyBoard (HeliBoard fork)	2026-09-30T15:54:56.0899665Z C/C++:       |                                 ^
build	Build DaddyBoard (HeliBoard fork)	2026-09-30T15:54:56.0901866Z C/C++: /usr/local/lib/android/sdk/ndk/28.0.13004108/toolchains/llvm/prebuilt/linux-x86_64/sysroot/usr/include/c++/v1/vector:1100:22: note: in instantiation of function template specialization 'std::__uninitialized_allocator_copy<std::allocator<latinime::NgramProperty>, latinime::NgramProperty *, latinime::NgramProperty *, latinime::NgramProperty *>' requested here
build	Build DaddyBoard (HeliBoard fork)	2026-09-30T15:54:56.0904519Z C/C++:  1100 |   __tx.__pos_ = std::__uninitialized_allocator_copy(__alloc(), __first, __last, __tx.__pos_);
build	Build DaddyBoard (HeliBoard fork)	2026-09-30T15:54:56.0905236Z C/C++:       |                      ^
build	Build DaddyBoard (HeliBoard fork)	2026-09-30T15:54:56.0907080Z C/C++: /usr/local/lib/android/sdk/ndk/28.0.13004108/toolchains/llvm/prebuilt/linux-x86_64/sysroot/usr/include/c++/v1/vector:761:7: note: in instantiation of function template specialization 'std::vector<latinime::NgramProperty>::__construct_at_end<latinime::NgramProperty *, latinime::NgramProperty *>' requested here
build	Build DaddyBoard (HeliBoard fork)	2026-09-30T15:54:56.0909056Z C/C++:   761 |       __construct_at_end(__first, __last, __n);
build	Build DaddyBoard (HeliBoard fork)	2026-09-30T15:54:56.0909561Z C/C++:       |       ^
build	Build DaddyBoard (HeliBoard fork)	2026-09-30T15:54:56.0911391Z C/C++: /usr/local/lib/android/sdk/ndk/28.0.13004108/toolchains/llvm/prebuilt/linux-x86_64/sysroot/usr/include/c++/v1/vector:1213:3: note: in instantiation of function template specialization 'std::vector<latinime::NgramProperty>::__init_with_size<latinime::NgramProperty *, latinime::NgramProperty *>' requested here
build	Build DaddyBoard (HeliBoard fork)	2026-09-30T15:54:56.0923466Z C/C++:  1213 |   __init_with_size(__x.__begin_, __x.__end_, __x.size());
build	Build DaddyBoard (HeliBoard fork)	2026-09-30T15:54:56.0953379Z C/C++:       |   ^
build	Build DaddyBoard (HeliBoard fork)	2026-09-30T15:54:56.0978500Z C/C++: /home/runner/work/daddyboard/daddyboard/daddyboard-main/app/src/main/jni/src/dictionary/property/word_property.h:39:15: note: in instantiation of member function 'std::vector<latinime::NgramProperty>::vector' requested here
build	Build DaddyBoard (HeliBoard fork)	2026-09-30T15:54:56.1003553Z C/C++:    39 |               mNgrams(ngrams) {}
build	Build DaddyBoard (HeliBoard fork)	2026-09-30T15:54:56.1004060Z C/C++:       |               ^
build	Build DaddyBoard (HeliBoard fork)	2026-09-30T15:54:56.6363811Z C/C++: 10 warnings generated.
build	Build DaddyBoard (HeliBoard fork)	2026-09-30T15:54:57.5363989Z C/C++: In file included from /home/runner/work/daddyboard/daddyboard/daddyboard-main/app/src/main/jni/src/dictionary/structure/v4/ver4_patricia_trie_writing_helper.cpp:17:
build	Build DaddyBoard (HeliBoard fork)	2026-09-30T15:54:57.5384287Z C/C++: In file included from /home/runner/work/daddyboard/daddyboard/daddyboard-main/app/src/main/jni/src/dictionary/structure/v4/ver4_patricia_trie_writing_helper.h:23:
build	Build DaddyBoard (HeliBoard fork)	2026-09-30T15:54:57.5424723Z C/C++: /home/runner/work/daddyboard/daddyboard/daddyboard-main/app/src/main/jni/src/dictionary/utils/entry_counters.h:44:5: warning: definition of implicit copy constructor for 'EntryCounts' is deprecated because it has a user-declared copy assignment operator [-Wdeprecated-copy]
build	Build DaddyBoard (HeliBoard fork)	2026-09-30T15:54:57.5447739Z C/C++:    44 |     DISALLOW_ASSIGNMENT_OPERATOR(EntryCounts);
build	Build DaddyBoard (HeliBoard fork)	2026-09-30T15:54:57.5448658Z C/C++:       |     ^
build	Build DaddyBoard (HeliBoard fork)	2026-09-30T15:54:57.5449965Z C/C++: /home/runner/work/daddyboard/daddyboard/daddyboard-main/app/src/main/jni/src/defines.h:289:8: note: expanded from macro 'DISALLOW_ASSIGNMENT_OPERATOR'
build	Build DaddyBoard (HeliBoard fork)	2026-09-30T15:54:57.5451381Z C/C++:   289 |   void operator=(const TypeName&) = delete
build	Build DaddyBoard (HeliBoard fork)	2026-09-30T15:54:57.5452094Z C/C++:       |        ^
build	Build DaddyBoard (HeliBoard fork)	2026-09-30T15:54:57.5453844Z C/C++: /home/runner/work/daddyboard/daddyboard/daddyboard-main/app/src/main/jni/src/dictionary/header/header_policy.h:92:15: note: in implicit copy constructor for 'latinime::EntryCounts' first required here
build	Build DaddyBoard (HeliBoard fork)	2026-09-30T15:54:57.5455519Z C/C++:    92 |               mNgramCounts(headerPolicy->mNgramCounts),
build	Build DaddyBoard (HeliBoard fork)	2026-09-30T15:54:57.5456889Z C/C++:       |               ^
build	Build DaddyBoard (HeliBoard fork)	2026-09-30T15:54:57.5458220Z C/C++: In file included from /home/runner/work/daddyboard/daddyboard/daddyboard-main/app/src/main/jni/src/dictionary/structure/v4/ver4_patricia_trie_writing_helper.cpp:17:
build	Build DaddyBoard (HeliBoard fork)	2026-09-30T15:54:57.5460364Z C/C++: In file included from /home/runner/work/daddyboard/daddyboard/daddyboard-main/app/src/main/jni/src/dictionary/structure/v4/ver4_patricia_trie_writing_helper.h:21:
build	Build DaddyBoard (HeliBoard fork)	2026-09-30T15:54:57.5462587Z C/C++: In file included from /home/runner/work/daddyboard/daddyboard/daddyboard-main/app/src/main/jni/src/dictionary/structure/pt_common/dynamic_pt_gc_event_listeners.h:25:
build	Build DaddyBoard (HeliBoard fork)	2026-09-30T15:54:57.5484382Z C/C++: In file included from /home/runner/work/daddyboard/daddyboard/daddyboard-main/app/src/main/jni/src/dictionary/utils/buffer_with_extendable_buffer.h:26:
build	Build DaddyBoard (HeliBoard fork)	2026-09-30T15:54:57.5487093Z C/C++: /home/runner/work/daddyboard/daddyboard/daddyboard-main/app/src/main/jni/src/utils/byte_array_view.h:53:5: warning: definition of implicit copy constructor for 'ReadOnlyByteArrayView' is deprecated because it has a user-declared copy assignment operator [-Wdeprecated-copy]
build	Build DaddyBoard (HeliBoard fork)	2026-09-30T15:54:57.5489261Z C/C++:    53 |     DISALLOW_ASSIGNMENT_OPERATOR(ReadOnlyByteArrayView);
build	Build DaddyBoard (HeliBoard fork)	2026-09-30T15:54:57.5490247Z C/C++:       |     ^
build	Build DaddyBoard (HeliBoard fork)	2026-09-30T15:54:57.5491436Z C/C++: /home/runner/work/daddyboard/daddyboard/daddyboard-main/app/src/main/jni/src/defines.h:289:8: note: expanded from macro 'DISALLOW_ASSIGNMENT_OPERATOR'
build	Build DaddyBoard (HeliBoard fork)	2026-09-30T15:54:57.5493012Z C/C++:   289 |   void operator=(const TypeName&) = delete
build	Build DaddyBoard (HeliBoard fork)	2026-09-30T15:54:57.5493624Z C/C++:       |        ^
build	Build DaddyBoard (HeliBoard fork)	2026-09-30T15:54:57.5495303Z C/C++: /home/runner/work/daddyboard/daddyboard/daddyboard-main/app/src/main/jni/src/dictionary/structure/pt_common/shortcut/shortcut_list_reading_utils.h:52:75: note: in implicit copy constructor for 'latinime::ReadOnlyByteArrayView' first required here
build	Build DaddyBoard (HeliBoard fork)	2026-09-30T15:54:57.5500508Z C/C++:    52 |         const int shortcutListSize = getShortcutListSizeAndForwardPointer(buffer, pos);
build	Build DaddyBoard (HeliBoard fork)	2026-09-30T15:54:57.5501979Z C/C++:       |                                                                           ^
build	Build DaddyBoard (HeliBoard fork)	2026-09-30T15:54:57.5503756Z C/C++: In file included from /home/runner/work/daddyboard/daddyboard/daddyboard-main/app/src/main/jni/src/dictionary/structure/v4/ver4_patricia_trie_writing_helper.cpp:24:
build	Build DaddyBoard (HeliBoard fork)	2026-09-30T15:54:57.5513558Z C/C++: In file included from /home/runner/work/daddyboard/daddyboard/daddyboard-main/app/src/main/jni/src/dictionary/structure/v4/ver4_dict_buffers.h:25:
build	Build DaddyBoard (HeliBoard fork)	2026-09-30T15:54:57.5518947Z C/C++: In file included from /home/runner/work/daddyboard/daddyboard/daddyboard-main/app/src/main/jni/src/dictionary/structure/v4/content/language_model_dict_content.h:26:
build	Build DaddyBoard (HeliBoard fork)	2026-09-30T15:54:57.5533013Z C/C++: In file included from /home/runner/work/daddyboard/daddyboard/daddyboard-main/app/src/main/jni/src/dictionary/structure/v4/content/probability_entry.h:24:
build	Build DaddyBoard (HeliBoard fork)	2026-09-30T15:54:57.5564958Z C/C++: /home/runner/work/daddyboard/daddyboard/daddyboard-main/app/src/main/jni/src/dictionary/property/historical_info.h:52:5: warning: definition of implicit copy constructor for 'HistoricalInfo' is deprecated because it has a user-declared copy assignment operator [-Wdeprecated-copy]
build	Build DaddyBoard (HeliBoard fork)	2026-09-30T15:54:57.5572409Z C/C++:    52 |     DISALLOW_ASSIGNMENT_OPERATOR(HistoricalInfo);
build	Build DaddyBoard (HeliBoard fork)	2026-09-30T15:54:57.5587806Z C/C++:       |     ^
build	Build DaddyBoard (HeliBoard fork)	2026-09-30T15:54:57.5614015Z C/C++: /home/runner/work/daddyboard/daddyboard/daddyboard-main/app/src/main/jni/src/defines.h:289:8: note: expanded from macro 'DISALLOW_ASSIGNMENT_OPERATOR'
build	Build DaddyBoard (HeliBoard fork)	2026-09-30T15:54:57.5619198Z C/C++:   289 |   void operator=(const TypeName&) = delete
build	Build DaddyBoard (HeliBoard fork)	2026-09-30T15:54:57.5619940Z C/C++:       |        ^
build	Build DaddyBoard (HeliBoard fork)	2026-09-30T15:54:57.5621382Z C/C++: /home/runner/work/daddyboard/daddyboard/daddyboard-main/app/src/main/jni/src/dictionary/property/ngram_property.h:33:42: note: in implicit copy constructor for 'latinime::HistoricalInfo' first required here
build	Build DaddyBoard (HeliBoard fork)	2026-09-30T15:54:57.5623306Z C/C++:    33 |               mProbability(probability), mHistoricalInfo(historicalInfo) {}
build	Build DaddyBoard (HeliBoard fork)	2026-09-30T15:54:57.5624434Z C/C++:       |                                          ^
build	Build DaddyBoard (HeliBoard fork)	2026-09-30T15:54:57.5625807Z C/C++: In file included from /home/runner/work/daddyboard/daddyboard/daddyboard-main/app/src/main/jni/src/dictionary/structure/v4/ver4_patricia_trie_writing_helper.cpp:24:
build	Build DaddyBoard (HeliBoard fork)	2026-09-30T15:54:57.5627626Z C/C++: In file included from /home/runner/work/daddyboard/daddyboard/daddyboard-main/app/src/main/jni/src/dictionary/structure/v4/ver4_dict_buffers.h:25:
build	Build DaddyBoard (HeliBoard fork)	2026-09-30T15:54:57.5629482Z C/C++: In file included from /home/runner/work/daddyboard/daddyboard/daddyboard-main/app/src/main/jni/src/dictionary/structure/v4/content/language_model_dict_content.h:30:
build	Build DaddyBoard (HeliBoard fork)	2026-09-30T15:54:57.5632035Z C/C++: /home/runner/work/daddyboard/daddyboard/daddyboard-main/app/src/main/jni/src/dictionary/utils/trie_map.h:129:9: warning: definition of implicit copy constructor for 'TrieMapIterator' is deprecated because it has a user-declared copy assignment operator [-Wdeprecated-copy]
build	Build DaddyBoard (HeliBoard fork)	2026-09-30T15:54:57.5634570Z C/C++:   129 |         DISALLOW_ASSIGNMENT_OPERATOR(TrieMapIterator);
build	Build DaddyBoard (HeliBoard fork)	2026-09-30T15:54:57.5635134Z C/C++:       |         ^
build	Build DaddyBoard (HeliBoard fork)	2026-09-30T15:54:57.5636193Z C/C++: /home/runner/work/daddyboard/daddyboard/daddyboard-main/app/src/main/jni/src/defines.h:289:8: note: expanded from macro 'DISALLOW_ASSIGNMENT_OPERATOR'
build	Build DaddyBoard (HeliBoard fork)	2026-09-30T15:54:57.5637396Z C/C++:   289 |   void operator=(const TypeName&) = delete
build	Build DaddyBoard (HeliBoard fork)	2026-09-30T15:54:57.5637886Z C/C++:       |        ^
build	Build DaddyBoard (HeliBoard fork)	2026-09-30T15:54:57.5639007Z C/C++: /home/runner/work/daddyboard/daddyboard/daddyboard-main/app/src/main/jni/src/dictionary/structure/v4/content/language_model_dict_content.h:67:19: note: in implicit copy constructor for 'latinime::TrieMap::TrieMapIterator' first required here
build	Build DaddyBoard (HeliBoard fork)	2026-09-30T15:54:57.5640567Z C/C++:    67 |                 : mTrieMapIterator(trieMapIterator), mHasHistoricalInfo(hasHistoricalInfo) {}
build	Build DaddyBoard (HeliBoard fork)	2026-09-30T15:54:57.5641325Z C/C++:       |                   ^
build	Build DaddyBoard (HeliBoard fork)	2026-09-30T15:54:57.5642274Z C/C++: In file included from /home/runner/work/daddyboard/daddyboard/daddyboard-main/app/src/main/jni/src/dictionary/structure/v4/ver4_patricia_trie_writing_helper.cpp:24:
build	Build DaddyBoard (HeliBoard fork)	2026-09-30T15:54:57.5644176Z C/C++: In file included from /home/runner/work/daddyboard/daddyboard/daddyboard-main/app/src/main/jni/src/dictionary/structure/v4/ver4_dict_buffers.h:25:
build	Build DaddyBoard (HeliBoard fork)	2026-09-30T15:54:57.5646340Z C/C++: In file included from /home/runner/work/daddyboard/daddyboard/daddyboard-main/app/src/main/jni/src/dictionary/structure/v4/content/language_model_dict_content.h:30:
build	Build DaddyBoard (HeliBoard fork)	2026-09-30T15:54:57.5648274Z C/C++: /home/runner/work/daddyboard/daddyboard/daddyboard-main/app/src/main/jni/src/dictionary/utils/trie_map.h:158:9: warning: definition of implicit copy constructor for 'TrieMapRange' is deprecated because it has a user-declared copy assignment operator [-Wdeprecated-copy]
build	Build DaddyBoard (HeliBoard fork)	2026-09-30T15:54:57.5649692Z C/C++:   158 |         DISALLOW_ASSIGNMENT_OPERATOR(TrieMapRange);
build	Build DaddyBoard (HeliBoard fork)	2026-09-30T15:54:57.5650206Z C/C++:       |         ^
build	Build DaddyBoard (HeliBoard fork)	2026-09-30T15:54:57.5651173Z C/C++: /home/runner/work/daddyboard/daddyboard/daddyboard-main/app/src/main/jni/src/defines.h:289:8: note: expanded from macro 'DISALLOW_ASSIGNMENT_OPERATOR'
build	Build DaddyBoard (HeliBoard fork)	2026-09-30T15:54:57.5652340Z C/C++:   289 |   void operator=(const TypeName&) = delete
build	Build DaddyBoard (HeliBoard fork)	2026-09-30T15:54:57.5653024Z C/C++:       |        ^
build	Build DaddyBoard (HeliBoard fork)	2026-09-30T15:54:57.5654510Z C/C++: /home/runner/work/daddyboard/daddyboard/daddyboard-main/app/src/main/jni/src/dictionary/structure/v4/content/language_model_dict_content.h:96:19: note: in implicit copy constructor for 'latinime::TrieMap::TrieMapRange' first required here
build	Build DaddyBoard (HeliBoard fork)	2026-09-30T15:54:57.5656372Z C/C++:    96 |                 : mTrieMapRange(trieMapRange), mHasHistoricalInfo(hasHistoricalInfo) {}
build	Build DaddyBoard (HeliBoard fork)	2026-09-30T15:54:57.5657077Z C/C++:       |                   ^
build	Build DaddyBoard (HeliBoard fork)	2026-09-30T15:54:57.5658221Z C/C++: In file included from /home/runner/work/daddyboard/daddyboard/daddyboard-main/app/src/main/jni/src/dictionary/structure/v4/ver4_patricia_trie_writing_helper.cpp:24:
build	Build DaddyBoard (HeliBoard fork)	2026-09-30T15:54:57.5660081Z C/C++: In file included from /home/runner/work/daddyboard/daddyboard/daddyboard-main/app/src/main/jni/src/dictionary/structure/v4/ver4_dict_buffers.h:25:
build	Build DaddyBoard (HeliBoard fork)	2026-09-30T15:54:57.5662219Z C/C++: In file included from /home/runner/work/daddyboard/daddyboard/daddyboard-main/app/src/main/jni/src/dictionary/structure/v4/content/language_model_dict_content.h:24:
build	Build DaddyBoard (HeliBoard fork)	2026-09-30T15:54:57.5665048Z C/C++: /home/runner/work/daddyboard/daddyboard/daddyboard-main/app/src/main/jni/src/dictionary/property/word_attributes.h:59:5: warning: definition of implicit copy constructor for 'WordAttributes' is deprecated because it has a user-declared copy assignment operator [-Wdeprecated-copy]
build	Build DaddyBoard (HeliBoard fork)	2026-09-30T15:54:57.5667001Z C/C++:    59 |     DISALLOW_ASSIGNMENT_OPERATOR(WordAttributes);
build	Build DaddyBoard (HeliBoard fork)	2026-09-30T15:54:57.5667532Z C/C++:       |     ^
build	Build DaddyBoard (HeliBoard fork)	2026-09-30T15:54:57.5668554Z C/C++: /home/runner/work/daddyboard/daddyboard/daddyboard-main/app/src/main/jni/src/defines.h:289:8: note: expanded from macro 'DISALLOW_ASSIGNMENT_OPERATOR'
build	Build DaddyBoard (HeliBoard fork)	2026-09-30T15:54:57.5669717Z C/C++:   289 |   void operator=(const TypeName&) = delete
build	Build DaddyBoard (HeliBoard fork)	2026-09-30T15:54:57.5670231Z C/C++:       |        ^
build	Build DaddyBoard (HeliBoard fork)	2026-09-30T15:54:57.5671657Z C/C++: /home/runner/work/daddyboard/daddyboard/daddyboard-main/app/src/main/jni/src/dictionary/structure/v4/content/language_model_dict_content.h:119:19: note: in implicit copy constructor for 'WordAttributes' first required here
build	Build DaddyBoard (HeliBoard fork)	2026-09-30T15:54:57.5673669Z C/C++:   119 |                   mWordAttributes(wordAttributes), mProbabilityEntry(probabilityEntry) {}
build	Build DaddyBoard (HeliBoard fork)	2026-09-30T15:54:57.5674422Z C/C++:       |                   ^
build	Build DaddyBoard (HeliBoard fork)	2026-09-30T15:54:57.6394727Z C/C++: In file included from /home/runner/work/daddyboard/daddyboard/daddyboard-main/app/src/main/jni/src/dictionary/structure/v4/ver4_patricia_trie_writing_helper.cpp:17:
build	Build DaddyBoard (HeliBoard fork)	2026-09-30T15:54:57.6424288Z C/C++: In file included from /home/runner/work/daddyboard/daddyboard/daddyboard-main/app/src/main/jni/src/dictionary/structure/v4/ver4_patricia_trie_writing_helper.h:21:
build	Build DaddyBoard (HeliBoard fork)	2026-09-30T15:54:57.6454124Z C/C++: In file included from /home/runner/work/daddyboard/daddyboard/daddyboard-main/app/src/main/jni/src/dictionary/structure/pt_common/dynamic_pt_gc_event_listeners.h:23:
build	Build DaddyBoard (HeliBoard fork)	2026-09-30T15:54:57.6456310Z C/C++: In file included from /home/runner/work/daddyboard/daddyboard/daddyboard-main/app/src/main/jni/src/dictionary/structure/pt_common/dynamic_pt_reading_helper.h:24:
build	Build DaddyBoard (HeliBoard fork)	2026-09-30T15:54:57.6458843Z C/C++: In file included from /home/runner/work/daddyboard/daddyboard/daddyboard-main/app/src/main/jni/src/dictionary/structure/pt_common/pt_node_params.h:27:
build	Build DaddyBoard (HeliBoard fork)	2026-09-30T15:54:57.6461431Z C/C++: /home/runner/work/daddyboard/daddyboard/daddyboard-main/app/src/main/jni/src/utils/int_array_view.h:160:5: warning: definition of implicit copy constructor for 'IntArrayView' is deprecated because it has a user-declared copy assignment operator [-Wdeprecated-copy]
build	Build DaddyBoard (HeliBoard fork)	2026-09-30T15:54:57.6463553Z C/C++:   160 |     DISALLOW_ASSIGNMENT_OPERATOR(IntArrayView);
build	Build DaddyBoard (HeliBoard fork)	2026-09-30T15:54:57.6464118Z C/C++:       |     ^
build	Build DaddyBoard (HeliBoard fork)	2026-09-30T15:54:57.6465194Z C/C++: /home/runner/work/daddyboard/daddyboard/daddyboard-main/app/src/main/jni/src/defines.h:289:8: note: expanded from macro 'DISALLOW_ASSIGNMENT_OPERATOR'
build	Build DaddyBoard (HeliBoard fork)	2026-09-30T15:54:57.6466436Z C/C++:   289 |   void operator=(const TypeName&) = delete
build	Build DaddyBoard (HeliBoard fork)	2026-09-30T15:54:57.6466955Z C/C++:       |        ^
build	Build DaddyBoard (HeliBoard fork)	2026-09-30T15:54:57.6468464Z C/C++: /usr/local/lib/android/sdk/ndk/28.0.13004108/toolchains/llvm/prebuilt/linux-x86_64/sysroot/usr/include/c++/v1/__memory/allocator.h:173:24: note: in implicit copy constructor for 'latinime::IntArrayView' first required here
build	Build DaddyBoard (HeliBoard fork)	2026-09-30T15:54:57.6470186Z C/C++:   173 |     ::new ((void*)__p) _Up(std::forward<_Args>(__args)...);
build	Build DaddyBoard (HeliBoard fork)	2026-09-30T15:54:57.6470773Z C/C++:       |                        ^
build	Build DaddyBoard (HeliBoard fork)	2026-09-30T15:54:57.6473053Z C/C++: /usr/local/lib/android/sdk/ndk/28.0.13004108/toolchains/llvm/prebuilt/linux-x86_64/sysroot/usr/include/c++/v1/__memory/allocator_traits.h:320:9: note: in instantiation of function template specialization 'std::allocator<latinime::IntArrayView>::construct<latinime::IntArrayView, latinime::IntArrayView>' requested here
build	Build DaddyBoard (HeliBoard fork)	2026-09-30T15:54:57.6475507Z C/C++:   320 |     __a.construct(__p, std::forward<_Args>(__args)...);
build	Build DaddyBoard (HeliBoard fork)	2026-09-30T15:54:57.6476086Z C/C++:       |         ^
build	Build DaddyBoard (HeliBoard fork)	2026-09-30T15:54:57.6478361Z C/C++: /usr/local/lib/android/sdk/ndk/28.0.13004108/toolchains/llvm/prebuilt/linux-x86_64/sysroot/usr/include/c++/v1/__memory/uninitialized_algorithms.h:639:33: note: in instantiation of function template specialization 'std::allocator_traits<std::allocator<latinime::IntArrayView>>::construct<latinime::IntArrayView, latinime::IntArrayView, 0>' requested here
build	Build DaddyBoard (HeliBoard fork)	2026-09-30T15:54:57.6480950Z C/C++:   639 |       allocator_traits<_Alloc>::construct(__alloc, __result, std::move(*__iter));
build	Build DaddyBoard (HeliBoard fork)	2026-09-30T15:54:57.6481681Z C/C++:       |                                 ^
build	Build DaddyBoard (HeliBoard fork)	2026-09-30T15:54:57.6513895Z C/C++: /usr/local/lib/android/sdk/ndk/28.0.13004108/toolchains/llvm/prebuilt/linux-x86_64/sysroot/usr/include/c++/v1/vector:1511:3: note: in instantiation of member function 'std::vector<latinime::IntArrayView>::__swap_out_circular_buffer' requested here
build	Build DaddyBoard (HeliBoard fork)	2026-09-30T15:54:57.6515784Z C/C++:  1511 |   __swap_out_circular_buffer(__v);
build	Build DaddyBoard (HeliBoard fork)	2026-09-30T15:54:57.6516267Z C/C++:       |   ^
build	Build DaddyBoard (HeliBoard fork)	2026-09-30T15:54:57.6518168Z C/C++: /usr/local/lib/android/sdk/ndk/28.0.13004108/toolchains/llvm/prebuilt/linux-x86_64/sysroot/usr/include/c++/v1/vector:1529:13: note: in instantiation of function template specialization 'std::vector<latinime::IntArrayView>::__emplace_back_slow_path<const int *const &, const unsigned long &>' requested here
build	Build DaddyBoard (HeliBoard fork)	2026-09-30T15:54:57.6520321Z C/C++:  1529 |     __end = __emplace_back_slow_path(std::forward<_Args>(__args)...);
build	Build DaddyBoard (HeliBoard fork)	2026-09-30T15:54:57.6520944Z C/C++:       |             ^
build	Build DaddyBoard (HeliBoard fork)	2026-09-30T15:54:57.6522749Z C/C++: /home/runner/work/daddyboard/daddyboard/daddyboard-main/app/src/main/jni/src/utils/int_array_view.h:142:20: note: in instantiation of function template specialization 'std::vector<latinime::IntArrayView>::emplace_back<const int *const &, const unsigned long &>' requested here
build	Build DaddyBoard (HeliBoard fork)	2026-09-30T15:54:57.6524798Z C/C++:   142 |             result.emplace_back(mPtr, mSize);
build	Build DaddyBoard (HeliBoard fork)	2026-09-30T15:54:57.6525352Z C/C++:       |                    ^
build	Build DaddyBoard (HeliBoard fork)	2026-09-30T15:54:57.9350140Z C/C++: 7 warnings generated.
build	Build DaddyBoard (HeliBoard fork)	2026-09-30T15:54:59.9354748Z C/C++: In file included from /home/runner/work/daddyboard/daddyboard/daddyboard-main/app/src/main/jni/src/dictionary/structure/v4/content/language_model_dict_content.cpp:17:
build	Build DaddyBoard (HeliBoard fork)	2026-09-30T15:54:59.9357589Z C/C++: In file included from /home/runner/work/daddyboard/daddyboard/daddyboard-main/app/src/main/jni/src/dictionary/structure/v4/content/language_model_dict_content.h:26:
build	Build DaddyBoard (HeliBoard fork)	2026-09-30T15:54:59.9393990Z C/C++: In file included from /home/runner/work/daddyboard/daddyboard/daddyboard-main/app/src/main/jni/src/dictionary/structure/v4/content/probability_entry.h:24:
build	Build DaddyBoard (HeliBoard fork)	2026-09-30T15:54:59.9424804Z C/C++: /home/runner/work/daddyboard/daddyboard/daddyboard-main/app/src/main/jni/src/dictionary/property/historical_info.h:52:5: warning: definition of implicit copy constructor for 'HistoricalInfo' is deprecated because it has a user-declared copy assignment operator [-Wdeprecated-copy]
build	Build DaddyBoard (HeliBoard fork)	2026-09-30T15:54:59.9433307Z C/C++:    52 |     DISALLOW_ASSIGNMENT_OPERATOR(HistoricalInfo);
build	Build DaddyBoard (HeliBoard fork)	2026-09-30T15:54:59.9463246Z C/C++:       |     ^
build	Build DaddyBoard (HeliBoard fork)	2026-09-30T15:54:59.9464358Z C/C++: /home/runner/work/daddyboard/daddyboard/daddyboard-main/app/src/main/jni/src/defines.h:289:8: note: expanded from macro 'DISALLOW_ASSIGNMENT_OPERATOR'
build	Build DaddyBoard (HeliBoard fork)	2026-09-30T15:54:59.9465582Z C/C++:   289 |   void operator=(const TypeName&) = delete
build	Build DaddyBoard (HeliBoard fork)	2026-09-30T15:54:59.9466079Z C/C++:       |        ^
build	Build DaddyBoard (HeliBoard fork)	2026-09-30T15:54:59.9467488Z C/C++: /home/runner/work/daddyboard/daddyboard/daddyboard-main/app/src/main/jni/src/dictionary/property/ngram_property.h:33:42: note: in implicit copy constructor for 'latinime::HistoricalInfo' first required here
build	Build DaddyBoard (HeliBoard fork)	2026-09-30T15:54:59.9469192Z C/C++:    33 |               mProbability(probability), mHistoricalInfo(historicalInfo) {}
build	Build DaddyBoard (HeliBoard fork)	2026-09-30T15:54:59.9469900Z C/C++:       |                                          ^
build	Build DaddyBoard (HeliBoard fork)	2026-09-30T15:54:59.9471177Z C/C++: In file included from /home/runner/work/daddyboard/daddyboard/daddyboard-main/app/src/main/jni/src/dictionary/structure/v4/content/language_model_dict_content.cpp:17:
build	Build DaddyBoard (HeliBoard fork)	2026-09-30T15:54:59.9473792Z C/C++: In file included from /home/runner/work/daddyboard/daddyboard/daddyboard-main/app/src/main/jni/src/dictionary/structure/v4/content/language_model_dict_content.h:30:
build	Build DaddyBoard (HeliBoard fork)	2026-09-30T15:54:59.9476387Z C/C++: /home/runner/work/daddyboard/daddyboard/daddyboard-main/app/src/main/jni/src/dictionary/utils/trie_map.h:129:9: warning: definition of implicit copy constructor for 'TrieMapIterator' is deprecated because it has a user-declared copy assignment operator [-Wdeprecated-copy]
build	Build DaddyBoard (HeliBoard fork)	2026-09-30T15:54:59.9478354Z C/C++:   129 |         DISALLOW_ASSIGNMENT_OPERATOR(TrieMapIterator);
build	Build DaddyBoard (HeliBoard fork)	2026-09-30T15:54:59.9478922Z C/C++:       |         ^
build	Build DaddyBoard (HeliBoard fork)	2026-09-30T15:54:59.9479954Z C/C++: /home/runner/work/daddyboard/daddyboard/daddyboard-main/app/src/main/jni/src/defines.h:289:8: note: expanded from macro 'DISALLOW_ASSIGNMENT_OPERATOR'
build	Build DaddyBoard (HeliBoard fork)	2026-09-30T15:54:59.9481130Z C/C++:   289 |   void operator=(const TypeName&) = delete
build	Build DaddyBoard (HeliBoard fork)	2026-09-30T15:54:59.9481636Z C/C++:       |        ^
build	Build DaddyBoard (HeliBoard fork)	2026-09-30T15:54:59.9483338Z C/C++: /home/runner/work/daddyboard/daddyboard/daddyboard-main/app/src/main/jni/src/dictionary/structure/v4/content/language_model_dict_content.h:67:19: note: in implicit copy constructor for 'latinime::TrieMap::TrieMapIterator' first required here
build	Build DaddyBoard (HeliBoard fork)	2026-09-30T15:54:59.9485335Z C/C++:    67 |                 : mTrieMapIterator(trieMapIterator), mHasHistoricalInfo(hasHistoricalInfo) {}
build	Build DaddyBoard (HeliBoard fork)	2026-09-30T15:54:59.9486113Z C/C++:       |                   ^
build	Build DaddyBoard (HeliBoard fork)	2026-09-30T15:54:59.9487322Z C/C++: In file included from /home/runner/work/daddyboard/daddyboard/daddyboard-main/app/src/main/jni/src/dictionary/structure/v4/content/language_model_dict_content.cpp:17:
build	Build DaddyBoard (HeliBoard fork)	2026-09-30T15:54:59.9489347Z C/C++: In file included from /home/runner/work/daddyboard/daddyboard/daddyboard-main/app/src/main/jni/src/dictionary/structure/v4/content/language_model_dict_content.h:30:
build	Build DaddyBoard (HeliBoard fork)	2026-09-30T15:54:59.9491855Z C/C++: /home/runner/work/daddyboard/daddyboard/daddyboard-main/app/src/main/jni/src/dictionary/utils/trie_map.h:158:9: warning: definition of implicit copy constructor for 'TrieMapRange' is deprecated because it has a user-declared copy assignment operator [-Wdeprecated-copy]
build	Build DaddyBoard (HeliBoard fork)	2026-09-30T15:54:59.9493923Z C/C++:   158 |         DISALLOW_ASSIGNMENT_OPERATOR(TrieMapRange);
build	Build DaddyBoard (HeliBoard fork)	2026-09-30T15:54:59.9494451Z C/C++:       |         ^
build	Build DaddyBoard (HeliBoard fork)	2026-09-30T15:54:59.9495454Z C/C++: /home/runner/work/daddyboard/daddyboard/daddyboard-main/app/src/main/jni/src/defines.h:289:8: note: expanded from macro 'DISALLOW_ASSIGNMENT_OPERATOR'
build	Build DaddyBoard (HeliBoard fork)	2026-09-30T15:54:59.9496620Z C/C++:   289 |   void operator=(const TypeName&) = delete
build	Build DaddyBoard (HeliBoard fork)	2026-09-30T15:54:59.9497095Z C/C++:       |        ^
build	Build DaddyBoard (HeliBoard fork)	2026-09-30T15:54:59.9498586Z C/C++: /home/runner/work/daddyboard/daddyboard/daddyboard-main/app/src/main/jni/src/dictionary/structure/v4/content/language_model_dict_content.h:96:19: note: in implicit copy constructor for 'latinime::TrieMap::TrieMapRange' first required here
build	Build DaddyBoard (HeliBoard fork)	2026-09-30T15:54:59.9500404Z C/C++:    96 |                 : mTrieMapRange(trieMapRange), mHasHistoricalInfo(hasHistoricalInfo) {}
build	Build DaddyBoard (HeliBoard fork)	2026-09-30T15:54:59.9501106Z C/C++:       |                   ^
build	Build DaddyBoard (HeliBoard fork)	2026-09-30T15:54:59.9502321Z C/C++: In file included from /home/runner/work/daddyboard/daddyboard/daddyboard-main/app/src/main/jni/src/dictionary/structure/v4/content/language_model_dict_content.cpp:17:
build	Build DaddyBoard (HeliBoard fork)	2026-09-30T15:54:59.9504067Z C/C++: In file included from /home/runner/work/daddyboard/daddyboard/daddyboard-main/app/src/main/jni/src/dictionary/structure/v4/content/language_model_dict_content.h:24:
build	Build DaddyBoard (HeliBoard fork)	2026-09-30T15:54:59.9506625Z C/C++: /home/runner/work/daddyboard/daddyboard/daddyboard-main/app/src/main/jni/src/dictionary/property/word_attributes.h:59:5: warning: definition of implicit copy constructor for 'WordAttributes' is deprecated because it has a user-declared copy assignment operator [-Wdeprecated-copy]
build	Build DaddyBoard (HeliBoard fork)	2026-09-30T15:54:59.9508496Z C/C++:    59 |     DISALLOW_ASSIGNMENT_OPERATOR(WordAttributes);
build	Build DaddyBoard (HeliBoard fork)	2026-09-30T15:54:59.9509296Z C/C++:       |     ^
build	Build DaddyBoard (HeliBoard fork)	2026-09-30T15:54:59.9510300Z C/C++: /home/runner/work/daddyboard/daddyboard/daddyboard-main/app/src/main/jni/src/defines.h:289:8: note: expanded from macro 'DISALLOW_ASSIGNMENT_OPERATOR'
build	Build DaddyBoard (HeliBoard fork)	2026-09-30T15:54:59.9511544Z C/C++:   289 |   void operator=(const TypeName&) = delete
build	Build DaddyBoard (HeliBoard fork)	2026-09-30T15:54:59.9512044Z C/C++:       |        ^
build	Build DaddyBoard (HeliBoard fork)	2026-09-30T15:54:59.9513761Z C/C++: /home/runner/work/daddyboard/daddyboard/daddyboard-main/app/src/main/jni/src/dictionary/structure/v4/content/language_model_dict_content.h:119:19: note: in implicit copy constructor for 'WordAttributes' first required here
build	Build DaddyBoard (HeliBoard fork)	2026-09-30T15:54:59.9515597Z C/C++:   119 |                   mWordAttributes(wordAttributes), mProbabilityEntry(probabilityEntry) {}
build	Build DaddyBoard (HeliBoard fork)	2026-09-30T15:54:59.9516346Z C/C++:       |                   ^
build	Build DaddyBoard (HeliBoard fork)	2026-09-30T15:54:59.9517573Z C/C++: In file included from /home/runner/work/daddyboard/daddyboard/daddyboard-main/app/src/main/jni/src/dictionary/structure/v4/content/language_model_dict_content.cpp:17:
build	Build DaddyBoard (HeliBoard fork)	2026-09-30T15:54:59.9519606Z C/C++: In file included from /home/runner/work/daddyboard/daddyboard/daddyboard-main/app/src/main/jni/src/dictionary/structure/v4/content/language_model_dict_content.h:26:
build	Build DaddyBoard (HeliBoard fork)	2026-09-30T15:54:59.9521502Z C/C++: In file included from /home/runner/work/daddyboard/daddyboard/daddyboard-main/app/src/main/jni/src/dictionary/structure/v4/content/probability_entry.h:25:
build	Build DaddyBoard (HeliBoard fork)	2026-09-30T15:54:59.9523432Z C/C++: In file included from /home/runner/work/daddyboard/daddyboard/daddyboard-main/app/src/main/jni/src/dictionary/property/ngram_property.h:24:
build	Build DaddyBoard (HeliBoard fork)	2026-09-30T15:54:59.9525092Z C/C++: In file included from /home/runner/work/daddyboard/daddyboard/daddyboard-main/app/src/main/jni/src/dictionary/property/ngram_context.h:23:
build	Build DaddyBoard (HeliBoard fork)	2026-09-30T15:54:59.9527516Z C/C++: /home/runner/work/daddyboard/daddyboard/daddyboard-main/app/src/main/jni/src/utils/int_array_view.h:160:5: warning: definition of implicit copy constructor for 'IntArrayView' is deprecated because it has a user-declared copy assignment operator [-Wdeprecated-copy]
build	Build DaddyBoard (HeliBoard fork)	2026-09-30T15:54:59.9529486Z C/C++:   160 |     DISALLOW_ASSIGNMENT_OPERATOR(IntArrayView);
build	Build DaddyBoard (HeliBoard fork)	2026-09-30T15:54:59.9529991Z C/C++:       |     ^
build	Build DaddyBoard (HeliBoard fork)	2026-09-30T15:54:59.9530982Z C/C++: /home/runner/work/daddyboard/daddyboard/daddyboard-main/app/src/main/jni/src/defines.h:289:8: note: expanded from macro 'DISALLOW_ASSIGNMENT_OPERATOR'
build	Build DaddyBoard (HeliBoard fork)	2026-09-30T15:54:59.9532299Z C/C++:   289 |   void operator=(const TypeName&) = delete
build	Build DaddyBoard (HeliBoard fork)	2026-09-30T15:54:59.9532757Z C/C++:       |        ^
build	Build DaddyBoard (HeliBoard fork)	2026-09-30T15:54:59.9534396Z C/C++: /home/runner/work/daddyboard/daddyboard/daddyboard-main/app/src/main/jni/src/dictionary/structure/v4/content/language_model_dict_content.cpp:119:54: note: in implicit copy constructor for 'latinime::IntArrayView' first required here
build	Build DaddyBoard (HeliBoard fork)	2026-09-30T15:54:59.9536170Z C/C++:   119 |     const int bitmapEntryIndex = getBitmapEntryIndex(prevWordIds);
build	Build DaddyBoard (HeliBoard fork)	2026-09-30T15:54:59.9536865Z C/C++:       |                                                      ^
build	Build DaddyBoard (HeliBoard fork)	2026-09-30T15:55:00.2350872Z C/C++: In file included from /home/runner/work/daddyboard/daddyboard/daddyboard-main/app/src/main/jni/src/dictionary/structure/v4/content/language_model_dict_content.cpp:17:
build	Build DaddyBoard (HeliBoard fork)	2026-09-30T15:55:00.2375621Z C/C++: /home/runner/work/daddyboard/daddyboard/daddyboard-main/app/src/main/jni/src/dictionary/structure/v4/content/language_model_dict_content.h:127:9: warning: definition of implicit copy constructor for 'DumppedFullEntryInfo' is deprecated because it has a user-declared copy assignment operator [-Wdeprecated-copy]
build	Build DaddyBoard (HeliBoard fork)	2026-09-30T15:55:00.2403870Z C/C++:   127 |         DISALLOW_ASSIGNMENT_OPERATOR(DumppedFullEntryInfo);
build	Build DaddyBoard (HeliBoard fork)	2026-09-30T15:55:00.2433479Z C/C++:       |         ^
build	Build DaddyBoard (HeliBoard fork)	2026-09-30T15:55:00.2460023Z C/C++: /home/runner/work/daddyboard/daddyboard/daddyboard-main/app/src/main/jni/src/defines.h:289:8: note: expanded from macro 'DISALLOW_ASSIGNMENT_OPERATOR'
build	Build DaddyBoard (HeliBoard fork)	2026-09-30T15:55:00.2461682Z C/C++:   289 |   void operator=(const TypeName&) = delete
build	Build DaddyBoard (HeliBoard fork)	2026-09-30T15:55:00.2493534Z C/C++:       |        ^
build	Build DaddyBoard (HeliBoard fork)	2026-09-30T15:55:00.2524626Z C/C++: /usr/local/lib/android/sdk/ndk/28.0.13004108/toolchains/llvm/prebuilt/linux-x86_64/sysroot/usr/include/c++/v1/__memory/allocator.h:173:24: note: in implicit copy constructor for 'latinime::LanguageModelDictContent::DumppedFullEntryInfo' first required here
build	Build DaddyBoard (HeliBoard fork)	2026-09-30T15:55:00.2553522Z C/C++:   173 |     ::new ((void*)__p) _Up(std::forward<_Args>(__args)...);
build	Build DaddyBoard (HeliBoard fork)	2026-09-30T15:55:00.2554524Z C/C++:       |                        ^
build	Build DaddyBoard (HeliBoard fork)	2026-09-30T15:55:00.2586137Z C/C++: /usr/local/lib/android/sdk/ndk/28.0.13004108/toolchains/llvm/prebuilt/linux-x86_64/sysroot/usr/include/c++/v1/__memory/allocator_traits.h:320:9: note: in instantiation of function template specialization 'std::allocator<latinime::LanguageModelDictContent::DumppedFullEntryInfo>::construct<latinime::LanguageModelDictContent::DumppedFullEntryInfo, latinime::LanguageModelDictContent::DumppedFullEntryInfo>' requested here
build	Build DaddyBoard (HeliBoard fork)	2026-09-30T15:55:00.2613562Z C/C++:   320 |     __a.construct(__p, std::forward<_Args>(__args)...);
build	Build DaddyBoard (HeliBoard fork)	2026-09-30T15:55:00.2643402Z C/C++:       |         ^
build	Build DaddyBoard (HeliBoard fork)	2026-09-30T15:55:00.2675670Z C/C++: /usr/local/lib/android/sdk/ndk/28.0.13004108/toolchains/llvm/prebuilt/linux-x86_64/sysroot/usr/include/c++/v1/__memory/uninitialized_algorithms.h:639:33: note: in instantiation of function template specialization 'std::allocator_traits<std::allocator<latinime::LanguageModelDictContent::DumppedFullEntryInfo>>::construct<latinime::LanguageModelDictContent::DumppedFullEntryInfo, latinime::LanguageModelDictContent::DumppedFullEntryInfo, 0>' requested here
build	Build DaddyBoard (HeliBoard fork)	2026-09-30T15:55:00.2678974Z C/C++:   639 |       allocator_traits<_Alloc>::construct(__alloc, __result, std::move(*__iter));
build	Build DaddyBoard (HeliBoard fork)	2026-09-30T15:55:00.2703895Z C/C++:       |                                 ^
build	Build DaddyBoard (HeliBoard fork)	2026-09-30T15:55:00.2730291Z C/C++: /usr/local/lib/android/sdk/ndk/28.0.13004108/toolchains/llvm/prebuilt/linux-x86_64/sysroot/usr/include/c++/v1/vector:1511:3: note: in instantiation of member function 'std::vector<latinime::LanguageModelDictContent::DumppedFullEntryInfo>::__swap_out_circular_buffer' requested here
build	Build DaddyBoard (HeliBoard fork)	2026-09-30T15:55:00.2733012Z C/C++:  1511 |   __swap_out_circular_buffer(__v);
build	Build DaddyBoard (HeliBoard fork)	2026-09-30T15:55:00.2763425Z C/C++:       |   ^
build	Build DaddyBoard (HeliBoard fork)	2026-09-30T15:55:00.2795526Z C/C++: /usr/local/lib/android/sdk/ndk/28.0.13004108/toolchains/llvm/prebuilt/linux-x86_64/sysroot/usr/include/c++/v1/vector:1529:13: note: in instantiation of function template specialization 'std::vector<latinime::LanguageModelDictContent::DumppedFullEntryInfo>::__emplace_back_slow_path<std::vector<int> &, const int &, const WordAttributes &, const latinime::ProbabilityEntry &>' requested here
build	Build DaddyBoard (HeliBoard fork)	2026-09-30T15:55:00.2798990Z C/C++:  1529 |     __end = __emplace_back_slow_path(std::forward<_Args>(__args)...);
build	Build DaddyBoard (HeliBoard fork)	2026-09-30T15:55:00.2821090Z C/C++:       |             ^
build	Build DaddyBoard (HeliBoard fork)	2026-09-30T15:55:00.2845480Z C/C++: /home/runner/work/daddyboard/daddyboard/daddyboard-main/app/src/main/jni/src/dictionary/structure/v4/content/language_model_dict_content.cpp:186:38: note: in instantiation of function template specialization 'std::vector<latinime::LanguageModelDictContent::DumppedFullEntryInfo>::emplace_back<std::vector<int> &, const int &, const WordAttributes &, const latinime::ProbabilityEntry &>' requested here
build	Build DaddyBoard (HeliBoard fork)	2026-09-30T15:55:00.2866159Z C/C++:   186 |             outBummpedFullEntryInfo->emplace_back(*prevWordIds, wordId,
build	Build DaddyBoard (HeliBoard fork)	2026-09-30T15:55:00.2893479Z C/C++:       |                                      ^
build	Build DaddyBoard (HeliBoard fork)	2026-09-30T15:55:00.5350080Z C/C++: 6 warnings generated.
build	Build DaddyBoard (HeliBoard fork)	2026-09-30T15:55:03.9355173Z C/C++: /home/runner/work/daddyboard/daddyboard/daddyboard-main/app/src/main/jni/src/dictionary/structure/v4/content/terminal_position_lookup_table.cpp:74:9: warning: variable 'removedEntryCount' set but not used [-Wunused-but-set-variable]
build	Build DaddyBoard (HeliBoard fork)	2026-09-30T15:55:03.9383768Z C/C++:    74 |     int removedEntryCount = 0;
build	Build DaddyBoard (HeliBoard fork)	2026-09-30T15:55:03.9403487Z C/C++:       |         ^
build	Build DaddyBoard (HeliBoard fork)	2026-09-30T15:55:04.1353967Z C/C++: 1 warning generated.
build	Build DaddyBoard (HeliBoard fork)	2026-09-30T15:55:05.6353137Z C/C++: In file included from /home/runner/work/daddyboard/daddyboard/daddyboard-main/app/src/main/jni/src/dictionary/utils/dict_file_writing_utils.cpp:25:
build	Build DaddyBoard (HeliBoard fork)	2026-09-30T15:55:05.6374219Z C/C++: In file included from /home/runner/work/daddyboard/daddyboard/daddyboard-main/app/src/main/jni/src/dictionary/header/header_policy.h:25:
build	Build DaddyBoard (HeliBoard fork)	2026-09-30T15:55:05.6405025Z C/C++: /home/runner/work/daddyboard/daddyboard/daddyboard-main/app/src/main/jni/src/dictionary/utils/entry_counters.h:44:5: warning: definition of implicit copy constructor for 'EntryCounts' is deprecated because it has a user-declared copy assignment operator [-Wdeprecated-copy]
build	Build DaddyBoard (HeliBoard fork)	2026-09-30T15:55:05.6425236Z C/C++:    44 |     DISALLOW_ASSIGNMENT_OPERATOR(EntryCounts);
build	Build DaddyBoard (HeliBoard fork)	2026-09-30T15:55:05.6434742Z C/C++:       |     ^
build	Build DaddyBoard (HeliBoard fork)	2026-09-30T15:55:05.6445249Z C/C++: /home/runner/work/daddyboard/daddyboard/daddyboard-main/app/src/main/jni/src/defines.h:289:8: note: expanded from macro 'DISALLOW_ASSIGNMENT_OPERATOR'
build	Build DaddyBoard (HeliBoard fork)	2026-09-30T15:55:05.6446442Z C/C++:   289 |   void operator=(const TypeName&) = delete
build	Build DaddyBoard (HeliBoard fork)	2026-09-30T15:55:05.6447009Z C/C++:       |        ^
build	Build DaddyBoard (HeliBoard fork)	2026-09-30T15:55:05.6448286Z C/C++: /home/runner/work/daddyboard/daddyboard/daddyboard-main/app/src/main/jni/src/dictionary/header/header_policy.h:92:15: note: in implicit copy constructor for 'latinime::EntryCounts' first required here
build	Build DaddyBoard (HeliBoard fork)	2026-09-30T15:55:05.6449690Z C/C++:    92 |               mNgramCounts(headerPolicy->mNgramCounts),
build	Build DaddyBoard (HeliBoard fork)	2026-09-30T15:55:05.6453490Z C/C++:       |               ^
build	Build DaddyBoard (HeliBoard fork)	2026-09-30T15:55:05.6454823Z C/C++: In file included from /home/runner/work/daddyboard/daddyboard/daddyboard-main/app/src/main/jni/src/dictionary/utils/dict_file_writing_utils.cpp:26:
build	Build DaddyBoard (HeliBoard fork)	2026-09-30T15:55:05.6458545Z C/C++: In file included from /home/runner/work/daddyboard/daddyboard/daddyboard-main/app/src/main/jni/src/dictionary/structure/backward/v402/ver4_dict_buffers.h:31:
build	Build DaddyBoard (HeliBoard fork)	2026-09-30T15:55:05.6461434Z C/C++: In file included from /home/runner/work/daddyboard/daddyboard/daddyboard-main/app/src/main/jni/src/dictionary/structure/backward/v402/content/bigram_dict_content.h:28:
build	Build DaddyBoard (HeliBoard fork)	2026-09-30T15:55:05.6464280Z C/C++: In file included from /home/runner/work/daddyboard/daddyboard/daddyboard-main/app/src/main/jni/src/dictionary/structure/backward/v402/content/bigram_entry.h:28:
build	Build DaddyBoard (HeliBoard fork)	2026-09-30T15:55:05.6467766Z C/C++: /home/runner/work/daddyboard/daddyboard/daddyboard-main/app/src/main/jni/src/dictionary/property/historical_info.h:52:5: warning: definition of implicit copy constructor for 'HistoricalInfo' is deprecated because it has a user-declared copy assignment operator [-Wdeprecated-copy]
build	Build DaddyBoard (HeliBoard fork)	2026-09-30T15:55:05.6471548Z C/C++:    52 |     DISALLOW_ASSIGNMENT_OPERATOR(HistoricalInfo);
build	Build DaddyBoard (HeliBoard fork)	2026-09-30T15:55:05.6493926Z C/C++:       |     ^
build	Build DaddyBoard (HeliBoard fork)	2026-09-30T15:55:05.6495535Z C/C++: /home/runner/work/daddyboard/daddyboard/daddyboard-main/app/src/main/jni/src/defines.h:289:8: note: expanded from macro 'DISALLOW_ASSIGNMENT_OPERATOR'
build	Build DaddyBoard (HeliBoard fork)	2026-09-30T15:55:05.6513402Z C/C++:   289 |   void operator=(const TypeName&) = delete
build	Build DaddyBoard (HeliBoard fork)	2026-09-30T15:55:05.6534003Z C/C++:       |        ^
build	Build DaddyBoard (HeliBoard fork)	2026-09-30T15:55:05.6538929Z C/C++: /home/runner/work/daddyboard/daddyboard/daddyboard-main/app/src/main/jni/src/dictionary/structure/backward/v402/content/bigram_entry.h:49:61: note: in implicit copy constructor for 'latinime::HistoricalInfo' first required here
build	Build DaddyBoard (HeliBoard fork)	2026-09-30T15:55:05.6541293Z C/C++:    49 |             : mHasNext(hasNext), mProbability(probability), mHistoricalInfo(*historicalInfo),
build	Build DaddyBoard (HeliBoard fork)	2026-09-30T15:55:05.6542990Z C/C++:       |                                                             ^
build	Build DaddyBoard (HeliBoard fork)	2026-09-30T15:55:05.7364882Z C/C++: In file included from /home/runner/work/daddyboard/daddyboard/daddyboard-main/app/src/main/jni/src/dictionary/utils/dict_file_writing_utils.cpp:28:
build	Build DaddyBoard (HeliBoard fork)	2026-09-30T15:55:05.7394334Z C/C++: In file included from /home/runner/work/daddyboard/daddyboard/daddyboard-main/app/src/main/jni/src/dictionary/structure/v4/ver4_dict_buffers.h:25:
build	Build DaddyBoard (HeliBoard fork)	2026-09-30T15:55:05.7424189Z C/C++: In file included from /home/runner/work/daddyboard/daddyboard/daddyboard-main/app/src/main/jni/src/dictionary/structure/v4/content/language_model_dict_content.h:30:
build	Build DaddyBoard (HeliBoard fork)	2026-09-30T15:55:05.7484802Z C/C++: /home/runner/work/daddyboard/daddyboard/daddyboard-main/app/src/main/jni/src/dictionary/utils/trie_map.h:129:9: warning: definition of implicit copy constructor for 'TrieMapIterator' is deprecated because it has a user-declared copy assignment operator [-Wdeprecated-copy]
build	Build DaddyBoard (HeliBoard fork)	2026-09-30T15:55:05.7519980Z C/C++:   129 |         DISALLOW_ASSIGNMENT_OPERATOR(TrieMapIterator);
build	Build DaddyBoard (HeliBoard fork)	2026-09-30T15:55:05.7543335Z C/C++:       |         ^
build	Build DaddyBoard (HeliBoard fork)	2026-09-30T15:55:05.7544503Z C/C++: /home/runner/work/daddyboard/daddyboard/daddyboard-main/app/src/main/jni/src/defines.h:289:8: note: expanded from macro 'DISALLOW_ASSIGNMENT_OPERATOR'
build	Build DaddyBoard (HeliBoard fork)	2026-09-30T15:55:05.7545742Z C/C++:   289 |   void operator=(const TypeName&) = delete
build	Build DaddyBoard (HeliBoard fork)	2026-09-30T15:55:05.7546247Z C/C++:       |        ^
build	Build DaddyBoard (HeliBoard fork)	2026-09-30T15:55:05.7547730Z C/C++: /home/runner/work/daddyboard/daddyboard/daddyboard-main/app/src/main/jni/src/dictionary/structure/v4/content/language_model_dict_content.h:67:19: note: in implicit copy constructor for 'latinime::TrieMap::TrieMapIterator' first required here
build	Build DaddyBoard (HeliBoard fork)	2026-09-30T15:55:05.7558516Z C/C++:    67 |                 : mTrieMapIterator(trieMapIterator), mHasHistoricalInfo(hasHistoricalInfo) {}
build	Build DaddyBoard (HeliBoard fork)	2026-09-30T15:55:05.7559401Z C/C++:       |                   ^
build	Build DaddyBoard (HeliBoard fork)	2026-09-30T15:55:05.7560437Z C/C++: In file included from /home/runner/work/daddyboard/daddyboard/daddyboard-main/app/src/main/jni/src/dictionary/utils/dict_file_writing_utils.cpp:28:
build	Build DaddyBoard (HeliBoard fork)	2026-09-30T15:55:05.7562136Z C/C++: In file included from /home/runner/work/daddyboard/daddyboard/daddyboard-main/app/src/main/jni/src/dictionary/structure/v4/ver4_dict_buffers.h:25:
build	Build DaddyBoard (HeliBoard fork)	2026-09-30T15:55:05.7564162Z C/C++: In file included from /home/runner/work/daddyboard/daddyboard/daddyboard-main/app/src/main/jni/src/dictionary/structure/v4/content/language_model_dict_content.h:30:
build	Build DaddyBoard (HeliBoard fork)	2026-09-30T15:55:05.7566708Z C/C++: /home/runner/work/daddyboard/daddyboard/daddyboard-main/app/src/main/jni/src/dictionary/utils/trie_map.h:158:9: warning: definition of implicit copy constructor for 'TrieMapRange' is deprecated because it has a user-declared copy assignment operator [-Wdeprecated-copy]
build	Build DaddyBoard (HeliBoard fork)	2026-09-30T15:55:05.7568621Z C/C++:   158 |         DISALLOW_ASSIGNMENT_OPERATOR(TrieMapRange);
build	Build DaddyBoard (HeliBoard fork)	2026-09-30T15:55:05.7569179Z C/C++:       |         ^
build	Build DaddyBoard (HeliBoard fork)	2026-09-30T15:55:05.7570223Z C/C++: /home/runner/work/daddyboard/daddyboard/daddyboard-main/app/src/main/jni/src/defines.h:289:8: note: expanded from macro 'DISALLOW_ASSIGNMENT_OPERATOR'
build	Build DaddyBoard (HeliBoard fork)	2026-09-30T15:55:05.7571914Z C/C++:   289 |   void operator=(const TypeName&) = delete
build	Build DaddyBoard (HeliBoard fork)	2026-09-30T15:55:05.7572417Z C/C++:       |        ^
build	Build DaddyBoard (HeliBoard fork)	2026-09-30T15:55:05.7604534Z C/C++: /home/runner/work/daddyboard/daddyboard/daddyboard-main/app/src/main/jni/src/dictionary/structure/v4/content/language_model_dict_content.h:96:19: note: in implicit copy constructor for 'latinime::TrieMap::TrieMapRange' first required here
build	Build DaddyBoard (HeliBoard fork)	2026-09-30T15:55:05.7606559Z C/C++:    96 |                 : mTrieMapRange(trieMapRange), mHasHistoricalInfo(hasHistoricalInfo) {}
build	Build DaddyBoard (HeliBoard fork)	2026-09-30T15:55:05.7607294Z C/C++:       |                   ^
build	Build DaddyBoard (HeliBoard fork)	2026-09-30T15:55:05.7608389Z C/C++: In file included from /home/runner/work/daddyboard/daddyboard/daddyboard-main/app/src/main/jni/src/dictionary/utils/dict_file_writing_utils.cpp:28:
build	Build DaddyBoard (HeliBoard fork)	2026-09-30T15:55:05.7610196Z C/C++: In file included from /home/runner/work/daddyboard/daddyboard/daddyboard-main/app/src/main/jni/src/dictionary/structure/v4/ver4_dict_buffers.h:25:
build	Build DaddyBoard (HeliBoard fork)	2026-09-30T15:55:05.7612082Z C/C++: In file included from /home/runner/work/daddyboard/daddyboard/daddyboard-main/app/src/main/jni/src/dictionary/structure/v4/content/language_model_dict_content.h:24:
build	Build DaddyBoard (HeliBoard fork)	2026-09-30T15:55:05.7614922Z C/C++: /home/runner/work/daddyboard/daddyboard/daddyboard-main/app/src/main/jni/src/dictionary/property/word_attributes.h:59:5: warning: definition of implicit copy constructor for 'WordAttributes' is deprecated because it has a user-declared copy assignment operator [-Wdeprecated-copy]
build	Build DaddyBoard (HeliBoard fork)	2026-09-30T15:55:05.7616902Z C/C++:    59 |     DISALLOW_ASSIGNMENT_OPERATOR(WordAttributes);
build	Build DaddyBoard (HeliBoard fork)	2026-09-30T15:55:05.7617421Z C/C++:       |     ^
build	Build DaddyBoard (HeliBoard fork)	2026-09-30T15:55:05.7618426Z C/C++: /home/runner/work/daddyboard/daddyboard/daddyboard-main/app/src/main/jni/src/defines.h:289:8: note: expanded from macro 'DISALLOW_ASSIGNMENT_OPERATOR'
build	Build DaddyBoard (HeliBoard fork)	2026-09-30T15:55:05.7619917Z C/C++:   289 |   void operator=(const TypeName&) = delete
build	Build DaddyBoard (HeliBoard fork)	2026-09-30T15:55:05.7620405Z C/C++:       |        ^
build	Build DaddyBoard (HeliBoard fork)	2026-09-30T15:55:05.7621864Z C/C++: /home/runner/work/daddyboard/daddyboard/daddyboard-main/app/src/main/jni/src/dictionary/structure/v4/content/language_model_dict_content.h:119:19: note: in implicit copy constructor for 'WordAttributes' first required here
build	Build DaddyBoard (HeliBoard fork)	2026-09-30T15:55:05.7623881Z C/C++:   119 |                   mWordAttributes(wordAttributes), mProbabilityEntry(probabilityEntry) {}
build	Build DaddyBoard (HeliBoard fork)	2026-09-30T15:55:05.7624618Z C/C++:       |                   ^
build	Build DaddyBoard (HeliBoard fork)	2026-09-30T15:55:05.7625962Z C/C++: /home/runner/work/daddyboard/daddyboard/daddyboard-main/app/src/main/jni/src/dictionary/utils/dict_file_writing_utils.cpp:85:19: warning: variable length arrays in C++ are a Clang extension [-Wvla-cxx-extension]
build	Build DaddyBoard (HeliBoard fork)	2026-09-30T15:55:05.7627416Z C/C++:    85 |     char filePath[filePathBufSize];
build	Build DaddyBoard (HeliBoard fork)	2026-09-30T15:55:05.7627923Z C/C++:       |                   ^~~~~~~~~~~~~~~
build	Build DaddyBoard (HeliBoard fork)	2026-09-30T15:55:05.7629291Z C/C++: /home/runner/work/daddyboard/daddyboard/daddyboard-main/app/src/main/jni/src/dictionary/utils/dict_file_writing_utils.cpp:85:19: note: initializer of 'filePathBufSize' is not a constant expression
build	Build DaddyBoard (HeliBoard fork)	2026-09-30T15:55:05.7631361Z C/C++: /home/runner/work/daddyboard/daddyboard/daddyboard-main/app/src/main/jni/src/dictionary/utils/dict_file_writing_utils.cpp:84:15: note: declared here
build	Build DaddyBoard (HeliBoard fork)	2026-09-30T15:55:05.7663388Z C/C++:    84 |     const int filePathBufSize = FileUtils::getFilePathWithSuffixBufSize(basePath, suffix);
build	Build DaddyBoard (HeliBoard fork)	2026-09-30T15:55:05.7664278Z C/C++:       |               ^
build	Build DaddyBoard (HeliBoard fork)	2026-09-30T15:55:05.8354606Z C/C++: In file included from /home/runner/work/daddyboard/daddyboard/daddyboard-main/app/src/main/jni/src/dictionary/utils/dict_file_writing_utils.cpp:28:
build	Build DaddyBoard (HeliBoard fork)	2026-09-30T15:55:05.8384151Z C/C++: In file included from /home/runner/work/daddyboard/daddyboard/daddyboard-main/app/src/main/jni/src/dictionary/structure/v4/ver4_dict_buffers.h:25:
build	Build DaddyBoard (HeliBoard fork)	2026-09-30T15:55:05.8414192Z C/C++: In file included from /home/runner/work/daddyboard/daddyboard/daddyboard-main/app/src/main/jni/src/dictionary/structure/v4/content/language_model_dict_content.h:26:
build	Build DaddyBoard (HeliBoard fork)	2026-09-30T15:55:05.8416165Z C/C++: In file included from /home/runner/work/daddyboard/daddyboard/daddyboard-main/app/src/main/jni/src/dictionary/structure/v4/content/probability_entry.h:25:
build	Build DaddyBoard (HeliBoard fork)	2026-09-30T15:55:05.8418582Z C/C++: In file included from /home/runner/work/daddyboard/daddyboard/daddyboard-main/app/src/main/jni/src/dictionary/property/ngram_property.h:24:
build	Build DaddyBoard (HeliBoard fork)	2026-09-30T15:55:05.8444163Z C/C++: In file included from /home/runner/work/daddyboard/daddyboard/daddyboard-main/app/src/main/jni/src/dictionary/property/ngram_context.h:23:
build	Build DaddyBoard (HeliBoard fork)	2026-09-30T15:55:05.8464722Z C/C++: /home/runner/work/daddyboard/daddyboard/daddyboard-main/app/src/main/jni/src/utils/int_array_view.h:160:5: warning: definition of implicit copy constructor for 'IntArrayView' is deprecated because it has a user-declared copy assignment operator [-Wdeprecated-copy]
build	Build DaddyBoard (HeliBoard fork)	2026-09-30T15:55:05.8473527Z C/C++:   160 |     DISALLOW_ASSIGNMENT_OPERATOR(IntArrayView);
build	Build DaddyBoard (HeliBoard fork)	2026-09-30T15:55:05.8503298Z C/C++:       |     ^
build	Build DaddyBoard (HeliBoard fork)	2026-09-30T15:55:05.8531500Z C/C++: /home/runner/work/daddyboard/daddyboard/daddyboard-main/app/src/main/jni/src/defines.h:289:8: note: expanded from macro 'DISALLOW_ASSIGNMENT_OPERATOR'
build	Build DaddyBoard (HeliBoard fork)	2026-09-30T15:55:05.8563411Z C/C++:   289 |   void operator=(const TypeName&) = delete
build	Build DaddyBoard (HeliBoard fork)	2026-09-30T15:55:05.8589986Z C/C++:       |        ^
build	Build DaddyBoard (HeliBoard fork)	2026-09-30T15:55:05.8614395Z C/C++: /usr/local/lib/android/sdk/ndk/28.0.13004108/toolchains/llvm/prebuilt/linux-x86_64/sysroot/usr/include/c++/v1/__memory/allocator.h:173:24: note: in implicit copy constructor for 'latinime::IntArrayView' first required here
build	Build DaddyBoard (HeliBoard fork)	2026-09-30T15:55:05.8639160Z C/C++:   173 |     ::new ((void*)__p) _Up(std::forward<_Args>(__args)...);
build	Build DaddyBoard (HeliBoard fork)	2026-09-30T15:55:05.8673292Z C/C++:       |                        ^
build	Build DaddyBoard (HeliBoard fork)	2026-09-30T15:55:05.8695073Z C/C++: /usr/local/lib/android/sdk/ndk/28.0.13004108/toolchains/llvm/prebuilt/linux-x86_64/sysroot/usr/include/c++/v1/__memory/allocator_traits.h:320:9: note: in instantiation of function template specialization 'std::allocator<latinime::IntArrayView>::construct<latinime::IntArrayView, latinime::IntArrayView>' requested here
build	Build DaddyBoard (HeliBoard fork)	2026-09-30T15:55:05.8733489Z C/C++:   320 |     __a.construct(__p, std::forward<_Args>(__args)...);
build	Build DaddyBoard (HeliBoard fork)	2026-09-30T15:55:05.8755252Z C/C++:       |         ^
build	Build DaddyBoard (HeliBoard fork)	2026-09-30T15:55:05.8795131Z C/C++: /usr/local/lib/android/sdk/ndk/28.0.13004108/toolchains/llvm/prebuilt/linux-x86_64/sysroot/usr/include/c++/v1/__memory/uninitialized_algorithms.h:639:33: note: in instantiation of function template specialization 'std::allocator_traits<std::allocator<latinime::IntArrayView>>::construct<latinime::IntArrayView, latinime::IntArrayView, 0>' requested here
build	Build DaddyBoard (HeliBoard fork)	2026-09-30T15:55:05.8816861Z C/C++:   639 |       allocator_traits<_Alloc>::construct(__alloc, __result, std::move(*__iter));
build	Build DaddyBoard (HeliBoard fork)	2026-09-30T15:55:05.8863319Z C/C++:       |                                 ^
build	Build DaddyBoard (HeliBoard fork)	2026-09-30T15:55:05.8894260Z C/C++: /usr/local/lib/android/sdk/ndk/28.0.13004108/toolchains/llvm/prebuilt/linux-x86_64/sysroot/usr/include/c++/v1/vector:1511:3: note: in instantiation of member function 'std::vector<latinime::IntArrayView>::__swap_out_circular_buffer' requested here
build	Build DaddyBoard (HeliBoard fork)	2026-09-30T15:55:05.8930851Z C/C++:  1511 |   __swap_out_circular_buffer(__v);
build	Build DaddyBoard (HeliBoard fork)	2026-09-30T15:55:05.8943360Z C/C++:       |   ^
build	Build DaddyBoard (HeliBoard fork)	2026-09-30T15:55:05.8983786Z C/C++: /usr/local/lib/android/sdk/ndk/28.0.13004108/toolchains/llvm/prebuilt/linux-x86_64/sysroot/usr/include/c++/v1/vector:1529:13: note: in instantiation of function template specialization 'std::vector<latinime::IntArrayView>::__emplace_back_slow_path<const int *const &, const unsigned long &>' requested here
build	Build DaddyBoard (HeliBoard fork)	2026-09-30T15:55:05.9013413Z C/C++:  1529 |     __end = __emplace_back_slow_path(std::forward<_Args>(__args)...);
build	Build DaddyBoard (HeliBoard fork)	2026-09-30T15:55:05.9043297Z C/C++:       |             ^
build	Build DaddyBoard (HeliBoard fork)	2026-09-30T15:55:05.9074698Z C/C++: /home/runner/work/daddyboard/daddyboard/daddyboard-main/app/src/main/jni/src/utils/int_array_view.h:142:20: note: in instantiation of function template specialization 'std::vector<latinime::IntArrayView>::emplace_back<const int *const &, const unsigned long &>' requested here
build	Build DaddyBoard (HeliBoard fork)	2026-09-30T15:55:05.9090911Z C/C++:   142 |             result.emplace_back(mPtr, mSize);
build	Build DaddyBoard (HeliBoard fork)	2026-09-30T15:55:05.9143325Z C/C++:       |                    ^
build	Build DaddyBoard (HeliBoard fork)	2026-09-30T15:55:06.0394030Z C/C++: 7 warnings generated.
build	Build DaddyBoard (HeliBoard fork)	2026-09-30T15:55:06.1375189Z C/C++: /home/runner/work/daddyboard/daddyboard/daddyboard-main/app/src/main/jni/src/dictionary/utils/file_utils.cpp:75:23: warning: variable length arrays in C++ are a Clang extension [-Wvla-cxx-extension]
build	Build DaddyBoard (HeliBoard fork)	2026-09-30T15:55:06.1402355Z C/C++:    75 |         char filePath[filePathBufSize];
build	Build DaddyBoard (HeliBoard fork)	2026-09-30T15:55:06.1433758Z C/C++:       |                       ^~~~~~~~~~~~~~~
build	Build DaddyBoard (HeliBoard fork)	2026-09-30T15:55:06.1435175Z C/C++: /home/runner/work/daddyboard/daddyboard/daddyboard-main/app/src/main/jni/src/dictionary/utils/file_utils.cpp:75:23: note: initializer of 'filePathBufSize' is not a constant expression
build	Build DaddyBoard (HeliBoard fork)	2026-09-30T15:55:06.1437189Z C/C++: /home/runner/work/daddyboard/daddyboard/daddyboard-main/app/src/main/jni/src/dictionary/utils/file_utils.cpp:74:19: note: declared here
build	Build DaddyBoard (HeliBoard fork)	2026-09-30T15:55:06.1438507Z C/C++:    74 |         const int filePathBufSize = getFilePathBufSize(dirPath, dirent->d_name);
build	Build DaddyBoard (HeliBoard fork)	2026-09-30T15:55:06.1439232Z C/C++:       |                   ^
build	Build DaddyBoard (HeliBoard fork)	2026-09-30T15:55:06.1440595Z C/C++: /home/runner/work/daddyboard/daddyboard/daddyboard-main/app/src/main/jni/src/dictionary/utils/file_utils.cpp:159:22: warning: variable length arrays in C++ are a Clang extension [-Wvla-cxx-extension]
build	Build DaddyBoard (HeliBoard fork)	2026-09-30T15:55:06.1442069Z C/C++:   159 |     char filePathBuf[filePathBufSize];
build	Build DaddyBoard (HeliBoard fork)	2026-09-30T15:55:06.1442570Z C/C++:       |                      ^~~~~~~~~~~~~~~
build	Build DaddyBoard (HeliBoard fork)	2026-09-30T15:55:06.1444100Z C/C++: /home/runner/work/daddyboard/daddyboard/daddyboard-main/app/src/main/jni/src/dictionary/utils/file_utils.cpp:159:22: note: initializer of 'filePathBufSize' is not a constant expression
build	Build DaddyBoard (HeliBoard fork)	2026-09-30T15:55:06.1447024Z C/C++: /home/runner/work/daddyboard/daddyboard/daddyboard-main/app/src/main/jni/src/dictionary/utils/file_utils.cpp:158:15: note: declared here
build	Build DaddyBoard (HeliBoard fork)	2026-09-30T15:55:06.1448238Z C/C++:   158 |     const int filePathBufSize = strlen(filePath) + 1 /* terminator */;
build	Build DaddyBoard (HeliBoard fork)	2026-09-30T15:55:06.1448874Z C/C++:       |               ^
build	Build DaddyBoard (HeliBoard fork)	2026-09-30T15:55:06.1449232Z C/C++: 2 warnings generated.
build	Build DaddyBoard (HeliBoard fork)	2026-09-30T15:55:06.9354555Z C/C++: In file included from /home/runner/work/daddyboard/daddyboard/daddyboard-main/app/src/main/jni/src/dictionary/utils/forgetting_curve_utils.cpp:17:
build	Build DaddyBoard (HeliBoard fork)	2026-09-30T15:55:06.9384012Z C/C++: In file included from /home/runner/work/daddyboard/daddyboard/daddyboard-main/app/src/main/jni/src/dictionary/utils/forgetting_curve_utils.h:24:
build	Build DaddyBoard (HeliBoard fork)	2026-09-30T15:55:06.9386726Z C/C++: /home/runner/work/daddyboard/daddyboard/daddyboard-main/app/src/main/jni/src/dictionary/utils/entry_counters.h:44:5: warning: definition of implicit copy constructor for 'EntryCounts' is deprecated because it has a user-declared copy assignment operator [-Wdeprecated-copy]
build	Build DaddyBoard (HeliBoard fork)	2026-09-30T15:55:06.9388600Z C/C++:    44 |     DISALLOW_ASSIGNMENT_OPERATOR(EntryCounts);
build	Build DaddyBoard (HeliBoard fork)	2026-09-30T15:55:06.9389063Z C/C++:       |     ^
build	Build DaddyBoard (HeliBoard fork)	2026-09-30T15:55:06.9390050Z C/C++: /home/runner/work/daddyboard/daddyboard/daddyboard-main/app/src/main/jni/src/defines.h:289:8: note: expanded from macro 'DISALLOW_ASSIGNMENT_OPERATOR'
build	Build DaddyBoard (HeliBoard fork)	2026-09-30T15:55:06.9413959Z C/C++:   289 |   void operator=(const TypeName&) = delete
build	Build DaddyBoard (HeliBoard fork)	2026-09-30T15:55:06.9443708Z C/C++:       |        ^
build	Build DaddyBoard (HeliBoard fork)	2026-09-30T15:55:06.9484512Z C/C++: /home/runner/work/daddyboard/daddyboard/daddyboard-main/app/src/main/jni/src/dictionary/header/header_policy.h:92:15: note: in implicit copy constructor for 'latinime::EntryCounts' first required here
build	Build DaddyBoard (HeliBoard fork)	2026-09-30T15:55:06.9513401Z C/C++:    92 |               mNgramCounts(headerPolicy->mNgramCounts),
build	Build DaddyBoard (HeliBoard fork)	2026-09-30T15:55:06.9543659Z C/C++:       |               ^
build	Build DaddyBoard (HeliBoard fork)	2026-09-30T15:55:06.9573893Z C/C++: In file included from /home/runner/work/daddyboard/daddyboard/daddyboard-main/app/src/main/jni/src/dictionary/utils/forgetting_curve_utils.cpp:17:
build	Build DaddyBoard (HeliBoard fork)	2026-09-30T15:55:06.9604012Z C/C++: In file included from /home/runner/work/daddyboard/daddyboard/daddyboard-main/app/src/main/jni/src/dictionary/utils/forgetting_curve_utils.h:23:
build	Build DaddyBoard (HeliBoard fork)	2026-09-30T15:55:06.9634787Z C/C++: /home/runner/work/daddyboard/daddyboard/daddyboard-main/app/src/main/jni/src/dictionary/property/historical_info.h:52:5: warning: definition of implicit copy constructor for 'HistoricalInfo' is deprecated because it has a user-declared copy assignment operator [-Wdeprecated-copy]
build	Build DaddyBoard (HeliBoard fork)	2026-09-30T15:55:06.9657429Z C/C++:    52 |     DISALLOW_ASSIGNMENT_OPERATOR(HistoricalInfo);
build	Build DaddyBoard (HeliBoard fork)	2026-09-30T15:55:06.9683459Z C/C++:       |     ^
build	Build DaddyBoard (HeliBoard fork)	2026-09-30T15:55:06.9688164Z C/C++: /home/runner/work/daddyboard/daddyboard/daddyboard-main/app/src/main/jni/src/defines.h:289:8: note: expanded from macro 'DISALLOW_ASSIGNMENT_OPERATOR'
build	Build DaddyBoard (HeliBoard fork)	2026-09-30T15:55:06.9733241Z C/C++:   289 |   void operator=(const TypeName&) = delete
build	Build DaddyBoard (HeliBoard fork)	2026-09-30T15:55:06.9733967Z C/C++:       |        ^
build	Build DaddyBoard (HeliBoard fork)	2026-09-30T15:55:06.9774359Z C/C++: /home/runner/work/daddyboard/daddyboard/daddyboard-main/app/src/main/jni/src/dictionary/utils/forgetting_curve_utils.cpp:115:16: note: in implicit copy constructor for 'latinime::HistoricalInfo' first required here
build	Build DaddyBoard (HeliBoard fork)	2026-09-30T15:55:06.9793144Z C/C++:   115 |         return *originalHistoricalInfo;
build	Build DaddyBoard (HeliBoard fork)	2026-09-30T15:55:06.9803241Z C/C++:       |                ^
build	Build DaddyBoard (HeliBoard fork)	2026-09-30T15:55:07.2354103Z C/C++: 2 warnings generated.
build	Build DaddyBoard (HeliBoard fork)	2026-09-30T15:55:08.0353294Z 
build	Build DaddyBoard (HeliBoard fork)	2026-09-30T15:55:08.0403754Z > Task :app:compileDebugKotlin
build	Build DaddyBoard (HeliBoard fork)	2026-09-30T15:55:37.1355487Z 
build	Build DaddyBoard (HeliBoard fork)	2026-09-30T15:55:37.1394101Z > Task :app:buildNdkBuildDebug[arm64-v8a]
build	Build DaddyBoard (HeliBoard fork)	2026-09-30T15:55:37.1453922Z C/C++: In file included from /home/runner/work/daddyboard/daddyboard/daddyboard-main/app/src/main/jni/src/dictionary/utils/multi_bigram_map.cpp:17:
build	Build DaddyBoard (HeliBoard fork)	2026-09-30T15:55:37.1493798Z C/C++: In file included from /home/runner/work/daddyboard/daddyboard/daddyboard-main/app/src/main/jni/src/dictionary/utils/multi_bigram_map.h:24:
build	Build DaddyBoard (HeliBoard fork)	2026-09-30T15:55:37.1564326Z C/C++: In file included from /home/runner/work/daddyboard/daddyboard/daddyboard-main/app/src/main/jni/src/dictionary/interface/dictionary_structure_with_buffer_policy.h:23:
build	Build DaddyBoard (HeliBoard fork)	2026-09-30T15:55:37.1604755Z C/C++: /home/runner/work/daddyboard/daddyboard/daddyboard-main/app/src/main/jni/src/dictionary/property/historical_info.h:52:5: warning: definition of implicit copy constructor for 'HistoricalInfo' is deprecated because it has a user-declared copy assignment operator [-Wdeprecated-copy]
build	Build DaddyBoard (HeliBoard fork)	2026-09-30T15:55:37.1633211Z C/C++:    52 |     DISALLOW_ASSIGNMENT_OPERATOR(HistoricalInfo);
build	Build DaddyBoard (HeliBoard fork)	2026-09-30T15:55:37.1663098Z C/C++:       |     ^
build	Build DaddyBoard (HeliBoard fork)	2026-09-30T15:55:37.1693944Z C/C++: /home/runner/work/daddyboard/daddyboard/daddyboard-main/app/src/main/jni/src/defines.h:289:8: note: expanded from macro 'DISALLOW_ASSIGNMENT_OPERATOR'
build	Build DaddyBoard (HeliBoard fork)	2026-09-30T15:55:37.1723220Z C/C++:   289 |   void operator=(const TypeName&) = delete
build	Build DaddyBoard (HeliBoard fork)	2026-09-30T15:55:37.1723758Z C/C++:       |        ^
build	Build DaddyBoard (HeliBoard fork)	2026-09-30T15:55:37.1754192Z C/C++: /home/runner/work/daddyboard/daddyboard/daddyboard-main/app/src/main/jni/src/dictionary/property/ngram_property.h:33:42: note: in implicit copy constructor for 'latinime::HistoricalInfo' first required here
build	Build DaddyBoard (HeliBoard fork)	2026-09-30T15:55:37.1783317Z C/C++:    33 |               mProbability(probability), mHistoricalInfo(historicalInfo) {}
build	Build DaddyBoard (HeliBoard fork)	2026-09-30T15:55:37.1804602Z C/C++:       |                                          ^
build	Build DaddyBoard (HeliBoard fork)	2026-09-30T15:55:37.1843922Z C/C++: In file included from /home/runner/work/daddyboard/daddyboard/daddyboard-main/app/src/main/jni/src/dictionary/utils/multi_bigram_map.cpp:17:
build	Build DaddyBoard (HeliBoard fork)	2026-09-30T15:55:37.1845664Z C/C++: In file included from /home/runner/work/daddyboard/daddyboard/daddyboard-main/app/src/main/jni/src/dictionary/utils/multi_bigram_map.h:24:
build	Build DaddyBoard (HeliBoard fork)	2026-09-30T15:55:37.1873938Z C/C++: In file included from /home/runner/work/daddyboard/daddyboard/daddyboard-main/app/src/main/jni/src/dictionary/interface/dictionary_structure_with_buffer_policy.h:25:
build	Build DaddyBoard (HeliBoard fork)	2026-09-30T15:55:37.1903775Z C/C++: In file included from /home/runner/work/daddyboard/daddyboard/daddyboard-main/app/src/main/jni/src/dictionary/property/word_property.h:24:
build	Build DaddyBoard (HeliBoard fork)	2026-09-30T15:55:37.1934644Z C/C++: /home/runner/work/daddyboard/daddyboard/daddyboard-main/app/src/main/jni/src/dictionary/property/unigram_property.h:126:5: warning: definition of implicit copy constructor for 'UnigramProperty' is deprecated because it has a user-declared copy assignment operator [-Wdeprecated-copy]
build	Build DaddyBoard (HeliBoard fork)	2026-09-30T15:55:37.1963238Z C/C++:   126 |     DISALLOW_ASSIGNMENT_OPERATOR(UnigramProperty);
build	Build DaddyBoard (HeliBoard fork)	2026-09-30T15:55:37.1973382Z C/C++:       |     ^
build	Build DaddyBoard (HeliBoard fork)	2026-09-30T15:55:37.1993811Z C/C++: /home/runner/work/daddyboard/daddyboard/daddyboard-main/app/src/main/jni/src/defines.h:289:8: note: expanded from macro 'DISALLOW_ASSIGNMENT_OPERATOR'
build	Build DaddyBoard (HeliBoard fork)	2026-09-30T15:55:37.2053376Z C/C++:   289 |   void operator=(const TypeName&) = delete
build	Build DaddyBoard (HeliBoard fork)	2026-09-30T15:55:37.2103424Z C/C++:       |        ^
build	Build DaddyBoard (HeliBoard fork)	2026-09-30T15:55:37.2154409Z C/C++: /home/runner/work/daddyboard/daddyboard/daddyboard-main/app/src/main/jni/src/dictionary/property/word_property.h:38:51: note: in implicit copy constructor for 'latinime::UnigramProperty' first required here
build	Build DaddyBoard (HeliBoard fork)	2026-09-30T15:55:37.2207703Z C/C++:    38 |             : mCodePoints(std::move(codePoints)), mUnigramProperty(unigramProperty),
build	Build DaddyBoard (HeliBoard fork)	2026-09-30T15:55:37.2243532Z C/C++:       |                                                   ^
build	Build DaddyBoard (HeliBoard fork)	2026-09-30T15:55:37.2273945Z C/C++: In file included from /home/runner/work/daddyboard/daddyboard/daddyboard-main/app/src/main/jni/src/dictionary/utils/multi_bigram_map.cpp:17:
build	Build DaddyBoard (HeliBoard fork)	2026-09-30T15:55:37.2303771Z C/C++: In file included from /home/runner/work/daddyboard/daddyboard/daddyboard-main/app/src/main/jni/src/dictionary/utils/multi_bigram_map.h:27:
build	Build DaddyBoard (HeliBoard fork)	2026-09-30T15:55:37.2334581Z C/C++: /home/runner/work/daddyboard/daddyboard/daddyboard-main/app/src/main/jni/src/dictionary/utils/bloom_filter.h:47:5: warning: definition of implicit copy constructor for 'BloomFilter' is deprecated because it has a user-declared copy assignment operator [-Wdeprecated-copy]
build	Build DaddyBoard (HeliBoard fork)	2026-09-30T15:55:37.2363224Z C/C++:    47 |     DISALLOW_ASSIGNMENT_OPERATOR(BloomFilter);
build	Build DaddyBoard (HeliBoard fork)	2026-09-30T15:55:37.2393093Z C/C++:       |     ^
build	Build DaddyBoard (HeliBoard fork)	2026-09-30T15:55:37.2423845Z C/C++: /home/runner/work/daddyboard/daddyboard/daddyboard-main/app/src/main/jni/src/defines.h:289:8: note: expanded from macro 'DISALLOW_ASSIGNMENT_OPERATOR'
build	Build DaddyBoard (HeliBoard fork)	2026-09-30T15:55:37.2425112Z C/C++:   289 |   void operator=(const TypeName&) = delete
build	Build DaddyBoard (HeliBoard fork)	2026-09-30T15:55:37.2483148Z C/C++:       |        ^
build	Build DaddyBoard (HeliBoard fork)	2026-09-30T15:55:37.2484568Z C/C++: /home/runner/work/daddyboard/daddyboard/daddyboard-main/app/src/main/jni/src/dictionary/utils/multi_bigram_map.h:57:53: note: in implicit copy constructor for 'latinime::BloomFilter' first required here
build	Build DaddyBoard (HeliBoard fork)	2026-09-30T15:55:37.2513608Z C/C++:    57 |                 : mBigramMap(bigramMap.mBigramMap), mBloomFilter(bigramMap.mBloomFilter) {}
build	Build DaddyBoard (HeliBoard fork)	2026-09-30T15:55:37.2514443Z C/C++:       |                                                     ^
build	Build DaddyBoard (HeliBoard fork)	2026-09-30T15:55:37.2515575Z C/C++: In file included from /home/runner/work/daddyboard/daddyboard/daddyboard-main/app/src/main/jni/src/dictionary/utils/multi_bigram_map.cpp:17:
build	Build DaddyBoard (HeliBoard fork)	2026-09-30T15:55:37.2517272Z C/C++: In file included from /home/runner/work/daddyboard/daddyboard/daddyboard-main/app/src/main/jni/src/dictionary/utils/multi_bigram_map.h:24:
build	Build DaddyBoard (HeliBoard fork)	2026-09-30T15:55:37.2519100Z C/C++: In file included from /home/runner/work/daddyboard/daddyboard/daddyboard-main/app/src/main/jni/src/dictionary/interface/dictionary_structure_with_buffer_policy.h:25:
build	Build DaddyBoard (HeliBoard fork)	2026-09-30T15:55:37.2520916Z C/C++: In file included from /home/runner/work/daddyboard/daddyboard/daddyboard-main/app/src/main/jni/src/dictionary/property/word_property.h:23:
build	Build DaddyBoard (HeliBoard fork)	2026-09-30T15:55:37.2522573Z C/C++: In file included from /home/runner/work/daddyboard/daddyboard/daddyboard-main/app/src/main/jni/src/dictionary/property/ngram_property.h:24:
build	Build DaddyBoard (HeliBoard fork)	2026-09-30T15:55:37.2554652Z C/C++: In file included from /home/runner/work/daddyboard/daddyboard/daddyboard-main/app/src/main/jni/src/dictionary/property/ngram_context.h:23:
build	Build DaddyBoard (HeliBoard fork)	2026-09-30T15:55:37.2557048Z C/C++: /home/runner/work/daddyboard/daddyboard/daddyboard-main/app/src/main/jni/src/utils/int_array_view.h:160:5: warning: definition of implicit copy constructor for 'IntArrayView' is deprecated because it has a user-declared copy assignment operator [-Wdeprecated-copy]
build	Build DaddyBoard (HeliBoard fork)	2026-09-30T15:55:37.2559300Z C/C++:   160 |     DISALLOW_ASSIGNMENT_OPERATOR(IntArrayView);
build	Build DaddyBoard (HeliBoard fork)	2026-09-30T15:55:37.2559816Z C/C++:       |     ^
build	Build DaddyBoard (HeliBoard fork)	2026-09-30T15:55:37.2560819Z C/C++: /home/runner/work/daddyboard/daddyboard/daddyboard-main/app/src/main/jni/src/defines.h:289:8: note: expanded from macro 'DISALLOW_ASSIGNMENT_OPERATOR'
build	Build DaddyBoard (HeliBoard fork)	2026-09-30T15:55:37.2561964Z C/C++:   289 |   void operator=(const TypeName&) = delete
build	Build DaddyBoard (HeliBoard fork)	2026-09-30T15:55:37.2562439Z C/C++:       |        ^
build	Build DaddyBoard (HeliBoard fork)	2026-09-30T15:55:37.2563908Z C/C++: /home/runner/work/daddyboard/daddyboard/daddyboard-main/app/src/main/jni/src/dictionary/utils/multi_bigram_map.cpp:49:44: note: in implicit copy constructor for 'latinime::IntArrayView' first required here
build	Build DaddyBoard (HeliBoard fork)	2026-09-30T15:55:37.2565402Z C/C++:    49 |         addBigramsForWord(structurePolicy, prevWordIds);
build	Build DaddyBoard (HeliBoard fork)	2026-09-30T15:55:37.2566000Z C/C++:       |                                            ^
build	Build DaddyBoard (HeliBoard fork)	2026-09-30T15:55:37.2567077Z C/C++: In file included from /home/runner/work/daddyboard/daddyboard/daddyboard-main/app/src/main/jni/src/dictionary/utils/multi_bigram_map.cpp:17:
build	Build DaddyBoard (HeliBoard fork)	2026-09-30T15:55:37.2568653Z C/C++: In file included from /home/runner/work/daddyboard/daddyboard/daddyboard-main/app/src/main/jni/src/dictionary/utils/multi_bigram_map.h:24:
build	Build DaddyBoard (HeliBoard fork)	2026-09-30T15:55:37.2570401Z C/C++: In file included from /home/runner/work/daddyboard/daddyboard/daddyboard-main/app/src/main/jni/src/dictionary/interface/dictionary_structure_with_buffer_policy.h:25:
build	Build DaddyBoard (HeliBoard fork)	2026-09-30T15:55:37.2572278Z C/C++: In file included from /home/runner/work/daddyboard/daddyboard/daddyboard-main/app/src/main/jni/src/dictionary/property/word_property.h:23:
build	Build DaddyBoard (HeliBoard fork)	2026-09-30T15:55:37.2574696Z C/C++: /home/runner/work/daddyboard/daddyboard/daddyboard-main/app/src/main/jni/src/dictionary/property/ngram_property.h:54:5: warning: definition of implicit copy constructor for 'NgramProperty' is deprecated because it has a user-declared copy assignment operator [-Wdeprecated-copy]
build	Build DaddyBoard (HeliBoard fork)	2026-09-30T15:55:37.2576739Z C/C++:    54 |     DISALLOW_ASSIGNMENT_OPERATOR(NgramProperty);
build	Build DaddyBoard (HeliBoard fork)	2026-09-30T15:55:37.2577216Z C/C++:       |     ^
build	Build DaddyBoard (HeliBoard fork)	2026-09-30T15:55:37.2578121Z C/C++: /home/runner/work/daddyboard/daddyboard/daddyboard-main/app/src/main/jni/src/defines.h:289:8: note: expanded from macro 'DISALLOW_ASSIGNMENT_OPERATOR'
build	Build DaddyBoard (HeliBoard fork)	2026-09-30T15:55:37.2579222Z C/C++:   289 |   void operator=(const TypeName&) = delete
build	Build DaddyBoard (HeliBoard fork)	2026-09-30T15:55:37.2579692Z C/C++:       |        ^
build	Build DaddyBoard (HeliBoard fork)	2026-09-30T15:55:37.2580983Z C/C++: /usr/local/lib/android/sdk/ndk/28.0.13004108/toolchains/llvm/prebuilt/linux-x86_64/sysroot/usr/include/c++/v1/__memory/allocator.h:173:24: note: in implicit copy constructor for 'latinime::NgramProperty' first required here
build	Build DaddyBoard (HeliBoard fork)	2026-09-30T15:55:37.2582540Z C/C++:   173 |     ::new ((void*)__p) _Up(std::forward<_Args>(__args)...);
build	Build DaddyBoard (HeliBoard fork)	2026-09-30T15:55:37.2583309Z C/C++:       |                        ^
build	Build DaddyBoard (HeliBoard fork)	2026-09-30T15:55:37.2585396Z C/C++: /usr/local/lib/android/sdk/ndk/28.0.13004108/toolchains/llvm/prebuilt/linux-x86_64/sysroot/usr/include/c++/v1/__memory/allocator_traits.h:320:9: note: in instantiation of function template specialization 'std::allocator<latinime::NgramProperty>::construct<latinime::NgramProperty, latinime::NgramProperty &>' requested here
build	Build DaddyBoard (HeliBoard fork)	2026-09-30T15:55:37.2587611Z C/C++:   320 |     __a.construct(__p, std::forward<_Args>(__args)...);
build	Build DaddyBoard (HeliBoard fork)	2026-09-30T15:55:37.2588145Z C/C++:       |         ^
build	Build DaddyBoard (HeliBoard fork)	2026-09-30T15:55:37.2590380Z C/C++: /usr/local/lib/android/sdk/ndk/28.0.13004108/toolchains/llvm/prebuilt/linux-x86_64/sysroot/usr/include/c++/v1/__memory/uninitialized_algorithms.h:551:31: note: in instantiation of function template specialization 'std::allocator_traits<std::allocator<latinime::NgramProperty>>::construct<latinime::NgramProperty, latinime::NgramProperty &, 0>' requested here
build	Build DaddyBoard (HeliBoard fork)	2026-09-30T15:55:37.2593107Z C/C++:   551 |     allocator_traits<_Alloc>::construct(__alloc, std::__to_address(__first2), *__first1);
build	Build DaddyBoard (HeliBoard fork)	2026-09-30T15:55:37.2593842Z C/C++:       |                               ^
build	Build DaddyBoard (HeliBoard fork)	2026-09-30T15:55:37.2596349Z C/C++: /usr/local/lib/android/sdk/ndk/28.0.13004108/toolchains/llvm/prebuilt/linux-x86_64/sysroot/usr/include/c++/v1/__memory/uninitialized_algorithms.h:594:33: note: in instantiation of function template specialization 'std::__uninitialized_allocator_copy_impl<std::allocator<latinime::NgramProperty>, latinime::NgramProperty *, latinime::NgramProperty *, latinime::NgramProperty *>' requested here
build	Build DaddyBoard (HeliBoard fork)	2026-09-30T15:55:37.2599213Z C/C++:   594 |   auto __result          = std::__uninitialized_allocator_copy_impl(
build	Build DaddyBoard (HeliBoard fork)	2026-09-30T15:55:37.2599828Z C/C++:       |                                 ^
build	Build DaddyBoard (HeliBoard fork)	2026-09-30T15:55:37.2602110Z C/C++: /usr/local/lib/android/sdk/ndk/28.0.13004108/toolchains/llvm/prebuilt/linux-x86_64/sysroot/usr/include/c++/v1/vector:1100:22: note: in instantiation of function template specialization 'std::__uninitialized_allocator_copy<std::allocator<latinime::NgramProperty>, latinime::NgramProperty *, latinime::NgramProperty *, latinime::NgramProperty *>' requested here
build	Build DaddyBoard (HeliBoard fork)	2026-09-30T15:55:37.2635206Z C/C++:  1100 |   __tx.__pos_ = std::__uninitialized_allocator_copy(__alloc(), __first, __last, __tx.__pos_);
build	Build DaddyBoard (HeliBoard fork)	2026-09-30T15:55:37.2636029Z C/C++:       |                      ^
build	Build DaddyBoard (HeliBoard fork)	2026-09-30T15:55:37.2638089Z C/C++: /usr/local/lib/android/sdk/ndk/28.0.13004108/toolchains/llvm/prebuilt/linux-x86_64/sysroot/usr/include/c++/v1/vector:761:7: note: in instantiation of function template specialization 'std::vector<latinime::NgramProperty>::__construct_at_end<latinime::NgramProperty *, latinime::NgramProperty *>' requested here
build	Build DaddyBoard (HeliBoard fork)	2026-09-30T15:55:37.2640324Z C/C++:   761 |       __construct_at_end(__first, __last, __n);
build	Build DaddyBoard (HeliBoard fork)	2026-09-30T15:55:37.2640835Z C/C++:       |       ^
build	Build DaddyBoard (HeliBoard fork)	2026-09-30T15:55:37.2642731Z C/C++: /usr/local/lib/android/sdk/ndk/28.0.13004108/toolchains/llvm/prebuilt/linux-x86_64/sysroot/usr/include/c++/v1/vector:1213:3: note: in instantiation of function template specialization 'std::vector<latinime::NgramProperty>::__init_with_size<latinime::NgramProperty *, latinime::NgramProperty *>' requested here
build	Build DaddyBoard (HeliBoard fork)	2026-09-30T15:55:37.2645275Z C/C++:  1213 |   __init_with_size(__x.__begin_, __x.__end_, __x.size());
build	Build DaddyBoard (HeliBoard fork)	2026-09-30T15:55:37.2645820Z C/C++:       |   ^
build	Build DaddyBoard (HeliBoard fork)	2026-09-30T15:55:37.2647234Z C/C++: /home/runner/work/daddyboard/daddyboard/daddyboard-main/app/src/main/jni/src/dictionary/property/word_property.h:39:15: note: in instantiation of member function 'std::vector<latinime::NgramProperty>::vector' requested here
build	Build DaddyBoard (HeliBoard fork)	2026-09-30T15:55:37.2648732Z C/C++:    39 |               mNgrams(ngrams) {}
build	Build DaddyBoard (HeliBoard fork)	2026-09-30T15:55:37.2649162Z C/C++:       |               ^
build	Build DaddyBoard (HeliBoard fork)	2026-09-30T15:55:37.2649535Z C/C++: 5 warnings generated.
build	Build DaddyBoard (HeliBoard fork)	2026-09-30T15:55:37.2650823Z C/C++: /home/runner/work/daddyboard/daddyboard/daddyboard-main/app/src/main/jni/src/dictionary/utils/trie_map.cpp:56:9: warning: variable 'unusedRegionSize' set but not used [-Wunused-but-set-variable]
build	Build DaddyBoard (HeliBoard fork)	2026-09-30T15:55:37.2652205Z C/C++:    56 |     int unusedRegionSize = 0;
build	Build DaddyBoard (HeliBoard fork)	2026-09-30T15:55:37.2652628Z C/C++:       |         ^
build	Build DaddyBoard (HeliBoard fork)	2026-09-30T15:55:37.2683409Z C/C++: 1 warning generated.
build	Build DaddyBoard (HeliBoard fork)	2026-09-30T15:55:37.2684419Z C/C++: In file included from /home/runner/work/daddyboard/daddyboard/daddyboard-main/app/src/main/jni/src/suggest/core/suggest.cpp:19:
build	Build DaddyBoard (HeliBoard fork)	2026-09-30T15:55:37.2686225Z C/C++: In file included from /home/runner/work/daddyboard/daddyboard/daddyboard-main/app/src/main/jni/src/dictionary/interface/dictionary_structure_with_buffer_policy.h:23:
build	Build DaddyBoard (HeliBoard fork)	2026-09-30T15:55:37.2688953Z C/C++: /home/runner/work/daddyboard/daddyboard/daddyboard-main/app/src/main/jni/src/dictionary/property/historical_info.h:52:5: warning: definition of implicit copy constructor for 'HistoricalInfo' is deprecated because it has a user-declared copy assignment operator [-Wdeprecated-copy]
build	Build DaddyBoard (HeliBoard fork)	2026-09-30T15:55:37.2690931Z C/C++:    52 |     DISALLOW_ASSIGNMENT_OPERATOR(HistoricalInfo);
build	Build DaddyBoard (HeliBoard fork)	2026-09-30T15:55:37.2691443Z C/C++:       |     ^
build	Build DaddyBoard (HeliBoard fork)	2026-09-30T15:55:37.2694188Z C/C++: /home/runner/work/daddyboard/daddyboard/daddyboard-main/app/src/main/jni/src/defines.h:289:8: note: expanded from macro 'DISALLOW_ASSIGNMENT_OPERATOR'
build	Build DaddyBoard (HeliBoard fork)	2026-09-30T15:55:37.2695394Z C/C++:   289 |   void operator=(const TypeName&) = delete
build	Build DaddyBoard (HeliBoard fork)	2026-09-30T15:55:37.2700065Z C/C++:       |        ^
build	Build DaddyBoard (HeliBoard fork)	2026-09-30T15:55:37.2701770Z C/C++: /home/runner/work/daddyboard/daddyboard/daddyboard-main/app/src/main/jni/src/dictionary/property/ngram_property.h:33:42: note: in implicit copy constructor for 'latinime::HistoricalInfo' first required here
build	Build DaddyBoard (HeliBoard fork)	2026-09-30T15:55:37.2703612Z C/C++:    33 |               mProbability(probability), mHistoricalInfo(historicalInfo) {}
build	Build DaddyBoard (HeliBoard fork)	2026-09-30T15:55:37.2704311Z C/C++:       |                                          ^
build	Build DaddyBoard (HeliBoard fork)	2026-09-30T15:55:37.2705296Z C/C++: In file included from /home/runner/work/daddyboard/daddyboard/daddyboard-main/app/src/main/jni/src/suggest/core/suggest.cpp:19:
build	Build DaddyBoard (HeliBoard fork)	2026-09-30T15:55:37.2706986Z C/C++: In file included from /home/runner/work/daddyboard/daddyboard/daddyboard-main/app/src/main/jni/src/dictionary/interface/dictionary_structure_with_buffer_policy.h:25:
build	Build DaddyBoard (HeliBoard fork)	2026-09-30T15:55:37.2708726Z C/C++: In file included from /home/runner/work/daddyboard/daddyboard/daddyboard-main/app/src/main/jni/src/dictionary/property/word_property.h:24:
build	Build DaddyBoard (HeliBoard fork)	2026-09-30T15:55:37.2711201Z C/C++: /home/runner/work/daddyboard/daddyboard/daddyboard-main/app/src/main/jni/src/dictionary/property/unigram_property.h:126:5: warning: definition of implicit copy constructor for 'UnigramProperty' is deprecated because it has a user-declared copy assignment operator [-Wdeprecated-copy]
build	Build DaddyBoard (HeliBoard fork)	2026-09-30T15:55:37.2713425Z C/C++:   126 |     DISALLOW_ASSIGNMENT_OPERATOR(UnigramProperty);
build	Build DaddyBoard (HeliBoard fork)	2026-09-30T15:55:37.2713972Z C/C++:       |     ^
build	Build DaddyBoard (HeliBoard fork)	2026-09-30T15:55:37.2714957Z C/C++: /home/runner/work/daddyboard/daddyboard/daddyboard-main/app/src/main/jni/src/defines.h:289:8: note: expanded from macro 'DISALLOW_ASSIGNMENT_OPERATOR'
build	Build DaddyBoard (HeliBoard fork)	2026-09-30T15:55:37.2716041Z C/C++:   289 |   void operator=(const TypeName&) = delete
build	Build DaddyBoard (HeliBoard fork)	2026-09-30T15:55:37.2716775Z C/C++:       |        ^
build	Build DaddyBoard (HeliBoard fork)	2026-09-30T15:55:37.2718101Z C/C++: /home/runner/work/daddyboard/daddyboard/daddyboard-main/app/src/main/jni/src/dictionary/property/word_property.h:38:51: note: in implicit copy constructor for 'latinime::UnigramProperty' first required here
build	Build DaddyBoard (HeliBoard fork)	2026-09-30T15:55:37.2719740Z C/C++:    38 |             : mCodePoints(std::move(codePoints)), mUnigramProperty(unigramProperty),
build	Build DaddyBoard (HeliBoard fork)	2026-09-30T15:55:37.2720448Z C/C++:       |                                                   ^
build	Build DaddyBoard (HeliBoard fork)	2026-09-30T15:55:37.2721443Z C/C++: In file included from /home/runner/work/daddyboard/daddyboard/daddyboard-main/app/src/main/jni/src/suggest/core/suggest.cpp:19:
build	Build DaddyBoard (HeliBoard fork)	2026-09-30T15:55:37.2753552Z C/C++: In file included from /home/runner/work/daddyboard/daddyboard/daddyboard-main/app/src/main/jni/src/dictionary/interface/dictionary_structure_with_buffer_policy.h:25:
build	Build DaddyBoard (HeliBoard fork)	2026-09-30T15:55:37.2755498Z C/C++: In file included from /home/runner/work/daddyboard/daddyboard/daddyboard-main/app/src/main/jni/src/dictionary/property/word_property.h:23:
build	Build DaddyBoard (HeliBoard fork)	2026-09-30T15:55:37.2757200Z C/C++: In file included from /home/runner/work/daddyboard/daddyboard/daddyboard-main/app/src/main/jni/src/dictionary/property/ngram_property.h:24:
build	Build DaddyBoard (HeliBoard fork)	2026-09-30T15:55:37.2758870Z C/C++: In file included from /home/runner/work/daddyboard/daddyboard/daddyboard-main/app/src/main/jni/src/dictionary/property/ngram_context.h:23:
build	Build DaddyBoard (HeliBoard fork)	2026-09-30T15:55:37.2761280Z C/C++: /home/runner/work/daddyboard/daddyboard/daddyboard-main/app/src/main/jni/src/utils/int_array_view.h:160:5: warning: definition of implicit copy constructor for 'IntArrayView' is deprecated because it has a user-declared copy assignment operator [-Wdeprecated-copy]
build	Build DaddyBoard (HeliBoard fork)	2026-09-30T15:55:37.2763315Z C/C++:   160 |     DISALLOW_ASSIGNMENT_OPERATOR(IntArrayView);
build	Build DaddyBoard (HeliBoard fork)	2026-09-30T15:55:37.2763816Z C/C++:       |     ^
build	Build DaddyBoard (HeliBoard fork)	2026-09-30T15:55:37.2764824Z C/C++: /home/runner/work/daddyboard/daddyboard/daddyboard-main/app/src/main/jni/src/defines.h:289:8: note: expanded from macro 'DISALLOW_ASSIGNMENT_OPERATOR'
build	Build DaddyBoard (HeliBoard fork)	2026-09-30T15:55:37.2765989Z C/C++:   289 |   void operator=(const TypeName&) = delete
build	Build DaddyBoard (HeliBoard fork)	2026-09-30T15:55:37.2766467Z C/C++:       |        ^
build	Build DaddyBoard (HeliBoard fork)	2026-09-30T15:55:37.2767796Z C/C++: /home/runner/work/daddyboard/daddyboard/daddyboard-main/app/src/main/jni/src/suggest/core/dicnode/dic_node.h:110:53: note: in implicit copy constructor for 'latinime::IntArrayView' first required here
build	Build DaddyBoard (HeliBoard fork)	2026-09-30T15:55:37.2769696Z C/C++:   110 |         mDicNodeProperties.init(rootPtNodeArrayPos, prevWordIds);
build	Build DaddyBoard (HeliBoard fork)	2026-09-30T15:55:37.2770387Z C/C++:       |                                                     ^
build	Build DaddyBoard (HeliBoard fork)	2026-09-30T15:55:37.2771444Z C/C++: In file included from /home/runner/work/daddyboard/daddyboard/daddyboard-main/app/src/main/jni/src/suggest/core/suggest.cpp:26:
build	Build DaddyBoard (HeliBoard fork)	2026-09-30T15:55:37.2773256Z C/C++: In file included from /home/runner/work/daddyboard/daddyboard/daddyboard-main/app/src/main/jni/src/suggest/core/layout/proximity_info.h:25:
build	Build DaddyBoard (HeliBoard fork)	2026-09-30T15:55:37.2775353Z C/C++: /home/runner/work/daddyboard/daddyboard/daddyboard-main/app/src/main/jni/src/suggest/core/layout/proximity_info_utils.h:75:25: warning: variable 'proximityChar' set but not used [-Wunused-but-set-variable]
build	Build DaddyBoard (HeliBoard fork)	2026-09-30T15:55:37.2776830Z C/C++:    75 |                     int proximityChar =
build	Build DaddyBoard (HeliBoard fork)	2026-09-30T15:55:37.2777317Z C/C++:       |                         ^
build	Build DaddyBoard (HeliBoard fork)	2026-09-30T15:55:37.2778279Z C/C++: In file included from /home/runner/work/daddyboard/daddyboard/daddyboard-main/app/src/main/jni/src/suggest/core/suggest.cpp:30:
build	Build DaddyBoard (HeliBoard fork)	2026-09-30T15:55:37.2779784Z C/C++: In file included from /home/runner/work/daddyboard/daddyboard/daddyboard-main/app/src/main/jni/src/suggest/core/session/dic_traverse_session.h:23:
build	Build DaddyBoard (HeliBoard fork)	2026-09-30T15:55:37.2781412Z C/C++: In file included from /home/runner/work/daddyboard/daddyboard/daddyboard-main/app/src/main/jni/src/dictionary/utils/multi_bigram_map.h:27:
build	Build DaddyBoard (HeliBoard fork)	2026-09-30T15:55:37.2814166Z C/C++: /home/runner/work/daddyboard/daddyboard/daddyboard-main/app/src/main/jni/src/dictionary/utils/bloom_filter.h:47:5: warning: definition of implicit copy constructor for 'BloomFilter' is deprecated because it has a user-declared copy assignment operator [-Wdeprecated-copy]
build	Build DaddyBoard (HeliBoard fork)	2026-09-30T15:55:37.2816476Z C/C++:    47 |     DISALLOW_ASSIGNMENT_OPERATOR(BloomFilter);
build	Build DaddyBoard (HeliBoard fork)	2026-09-30T15:55:37.2816996Z C/C++:       |     ^
build	Build DaddyBoard (HeliBoard fork)	2026-09-30T15:55:37.2818026Z C/C++: /home/runner/work/daddyboard/daddyboard/daddyboard-main/app/src/main/jni/src/defines.h:289:8: note: expanded from macro 'DISALLOW_ASSIGNMENT_OPERATOR'
build	Build DaddyBoard (HeliBoard fork)	2026-09-30T15:55:37.2819229Z C/C++:   289 |   void operator=(const TypeName&) = delete
build	Build DaddyBoard (HeliBoard fork)	2026-09-30T15:55:37.2819711Z C/C++:       |        ^
build	Build DaddyBoard (HeliBoard fork)	2026-09-30T15:55:37.2821055Z C/C++: /home/runner/work/daddyboard/daddyboard/daddyboard-main/app/src/main/jni/src/dictionary/utils/multi_bigram_map.h:57:53: note: in implicit copy constructor for 'latinime::BloomFilter' first required here
build	Build DaddyBoard (HeliBoard fork)	2026-09-30T15:55:37.2822749Z C/C++:    57 |                 : mBigramMap(bigramMap.mBigramMap), mBloomFilter(bigramMap.mBloomFilter) {}
build	Build DaddyBoard (HeliBoard fork)	2026-09-30T15:55:37.2823633Z C/C++:       |                                                     ^
build	Build DaddyBoard (HeliBoard fork)	2026-09-30T15:55:37.2824656Z C/C++: In file included from /home/runner/work/daddyboard/daddyboard/daddyboard-main/app/src/main/jni/src/suggest/core/suggest.cpp:19:
build	Build DaddyBoard (HeliBoard fork)	2026-09-30T15:55:37.2826384Z C/C++: In file included from /home/runner/work/daddyboard/daddyboard/daddyboard-main/app/src/main/jni/src/dictionary/interface/dictionary_structure_with_buffer_policy.h:24:
build	Build DaddyBoard (HeliBoard fork)	2026-09-30T15:55:37.2829070Z C/C++: /home/runner/work/daddyboard/daddyboard/daddyboard-main/app/src/main/jni/src/dictionary/property/word_attributes.h:59:5: warning: definition of implicit copy constructor for 'WordAttributes' is deprecated because it has a user-declared copy assignment operator [-Wdeprecated-copy]
build	Build DaddyBoard (HeliBoard fork)	2026-09-30T15:55:37.2831035Z C/C++:    59 |     DISALLOW_ASSIGNMENT_OPERATOR(WordAttributes);
build	Build DaddyBoard (HeliBoard fork)	2026-09-30T15:55:37.2831572Z C/C++:       |     ^
build	Build DaddyBoard (HeliBoard fork)	2026-09-30T15:55:37.2832588Z C/C++: /home/runner/work/daddyboard/daddyboard/daddyboard-main/app/src/main/jni/src/defines.h:289:8: note: expanded from macro 'DISALLOW_ASSIGNMENT_OPERATOR'
build	Build DaddyBoard (HeliBoard fork)	2026-09-30T15:55:37.2833977Z C/C++:   289 |   void operator=(const TypeName&) = delete
build	Build DaddyBoard (HeliBoard fork)	2026-09-30T15:55:37.2834471Z C/C++:       |        ^
build	Build DaddyBoard (HeliBoard fork)	2026-09-30T15:55:37.2835675Z C/C++: /home/runner/work/daddyboard/daddyboard/daddyboard-main/app/src/main/jni/src/suggest/core/suggest.cpp:420:22: note: in implicit copy constructor for 'WordAttributes' first required here
build	Build DaddyBoard (HeliBoard fork)	2026-09-30T15:55:37.2837495Z C/C++:   420 |             dicNode, wordAttributes, false /* isLastWord */)) {
build	Build DaddyBoard (HeliBoard fork)	2026-09-30T15:55:37.2838064Z C/C++:       |                      ^
build	Build DaddyBoard (HeliBoard fork)	2026-09-30T15:55:37.2839025Z C/C++: In file included from /home/runner/work/daddyboard/daddyboard/daddyboard-main/app/src/main/jni/src/suggest/core/suggest.cpp:19:
build	Build DaddyBoard (HeliBoard fork)	2026-09-30T15:55:37.2840724Z C/C++: In file included from /home/runner/work/daddyboard/daddyboard/daddyboard-main/app/src/main/jni/src/dictionary/interface/dictionary_structure_with_buffer_policy.h:25:
build	Build DaddyBoard (HeliBoard fork)	2026-09-30T15:55:37.2842523Z C/C++: In file included from /home/runner/work/daddyboard/daddyboard/daddyboard-main/app/src/main/jni/src/dictionary/property/word_property.h:23:
build	Build DaddyBoard (HeliBoard fork)	2026-09-30T15:55:37.2875404Z C/C++: /home/runner/work/daddyboard/daddyboard/daddyboard-main/app/src/main/jni/src/dictionary/property/ngram_property.h:54:5: warning: definition of implicit copy constructor for 'NgramProperty' is deprecated because it has a user-declared copy assignment operator [-Wdeprecated-copy]
build	Build DaddyBoard (HeliBoard fork)	2026-09-30T15:55:37.2877456Z C/C++:    54 |     DISALLOW_ASSIGNMENT_OPERATOR(NgramProperty);
build	Build DaddyBoard (HeliBoard fork)	2026-09-30T15:55:37.2877971Z C/C++:       |     ^
build	Build DaddyBoard (HeliBoard fork)	2026-09-30T15:55:37.2878997Z C/C++: /home/runner/work/daddyboard/daddyboard/daddyboard-main/app/src/main/jni/src/defines.h:289:8: note: expanded from macro 'DISALLOW_ASSIGNMENT_OPERATOR'
build	Build DaddyBoard (HeliBoard fork)	2026-09-30T15:55:37.2880193Z C/C++:   289 |   void operator=(const TypeName&) = delete
build	Build DaddyBoard (HeliBoard fork)	2026-09-30T15:55:37.2880682Z C/C++:       |        ^
build	Build DaddyBoard (HeliBoard fork)	2026-09-30T15:55:37.2882124Z C/C++: /usr/local/lib/android/sdk/ndk/28.0.13004108/toolchains/llvm/prebuilt/linux-x86_64/sysroot/usr/include/c++/v1/__memory/allocator.h:173:24: note: in implicit copy constructor for 'latinime::NgramProperty' first required here
build	Build DaddyBoard (HeliBoard fork)	2026-09-30T15:55:37.2884135Z C/C++:   173 |     ::new ((void*)__p) _Up(std::forward<_Args>(__args)...);
build	Build DaddyBoard (HeliBoard fork)	2026-09-30T15:55:37.2884684Z C/C++:       |                        ^
build	Build DaddyBoard (HeliBoard fork)	2026-09-30T15:55:37.2886744Z C/C++: /usr/local/lib/android/sdk/ndk/28.0.13004108/toolchains/llvm/prebuilt/linux-x86_64/sysroot/usr/include/c++/v1/__memory/allocator_traits.h:320:9: note: in instantiation of function template specialization 'std::allocator<latinime::NgramProperty>::construct<latinime::NgramProperty, latinime::NgramProperty &>' requested here
build	Build DaddyBoard (HeliBoard fork)	2026-09-30T15:55:37.2888945Z C/C++:   320 |     __a.construct(__p, std::forward<_Args>(__args)...);
build	Build DaddyBoard (HeliBoard fork)	2026-09-30T15:55:37.2889491Z C/C++:       |         ^
build	Build DaddyBoard (HeliBoard fork)	2026-09-30T15:55:37.2891688Z C/C++: /usr/local/lib/android/sdk/ndk/28.0.13004108/toolchains/llvm/prebuilt/linux-x86_64/sysroot/usr/include/c++/v1/__memory/uninitialized_algorithms.h:551:31: note: in instantiation of function template specialization 'std::allocator_traits<std::allocator<latinime::NgramProperty>>::construct<latinime::NgramProperty, latinime::NgramProperty &, 0>' requested here
build	Build DaddyBoard (HeliBoard fork)	2026-09-30T15:55:37.2894396Z C/C++:   551 |     allocator_traits<_Alloc>::construct(__alloc, std::__to_address(__first2), *__first1);
build	Build DaddyBoard (HeliBoard fork)	2026-09-30T15:55:37.2895155Z C/C++:       |                               ^
build	Build DaddyBoard (HeliBoard fork)	2026-09-30T15:55:37.2897663Z C/C++: /usr/local/lib/android/sdk/ndk/28.0.13004108/toolchains/llvm/prebuilt/linux-x86_64/sysroot/usr/include/c++/v1/__memory/uninitialized_algorithms.h:594:33: note: in instantiation of function template specialization 'std::__uninitialized_allocator_copy_impl<std::allocator<latinime::NgramProperty>, latinime::NgramProperty *, latinime::NgramProperty *, latinime::NgramProperty *>' requested here
build	Build DaddyBoard (HeliBoard fork)	2026-09-30T15:55:37.2900294Z C/C++:   594 |   auto __result          = std::__uninitialized_allocator_copy_impl(
build	Build DaddyBoard (HeliBoard fork)	2026-09-30T15:55:37.2900915Z C/C++:       |                                 ^
build	Build DaddyBoard (HeliBoard fork)	2026-09-30T15:55:37.2933556Z C/C++: /usr/local/lib/android/sdk/ndk/28.0.13004108/toolchains/llvm/prebuilt/linux-x86_64/sysroot/usr/include/c++/v1/vector:1100:22: note: in instantiation of function template specialization 'std::__uninitialized_allocator_copy<std::allocator<latinime::NgramProperty>, latinime::NgramProperty *, latinime::NgramProperty *, latinime::NgramProperty *>' requested here
build	Build DaddyBoard (HeliBoard fork)	2026-09-30T15:55:37.2936694Z C/C++:  1100 |   __tx.__pos_ = std::__uninitialized_allocator_copy(__alloc(), __first, __last, __tx.__pos_);
build	Build DaddyBoard (HeliBoard fork)	2026-09-30T15:55:37.2937465Z C/C++:       |                      ^
build	Build DaddyBoard (HeliBoard fork)	2026-09-30T15:55:37.2939478Z C/C++: /usr/local/lib/android/sdk/ndk/28.0.13004108/toolchains/llvm/prebuilt/linux-x86_64/sysroot/usr/include/c++/v1/vector:761:7: note: in instantiation of function template specialization 'std::vector<latinime::NgramProperty>::__construct_at_end<latinime::NgramProperty *, latinime::NgramProperty *>' requested here
build	Build DaddyBoard (HeliBoard fork)	2026-09-30T15:55:37.2941547Z C/C++:   761 |       __construct_at_end(__first, __last, __n);
build	Build DaddyBoard (HeliBoard fork)	2026-09-30T15:55:37.2942048Z C/C++:       |       ^
build	Build DaddyBoard (HeliBoard fork)	2026-09-30T15:55:37.2944100Z C/C++: /usr/local/lib/android/sdk/ndk/28.0.13004108/toolchains/llvm/prebuilt/linux-x86_64/sysroot/usr/include/c++/v1/vector:1213:3: note: in instantiation of function template specialization 'std::vector<latinime::NgramProperty>::__init_with_size<latinime::NgramProperty *, latinime::NgramProperty *>' requested here
build	Build DaddyBoard (HeliBoard fork)	2026-09-30T15:55:37.2946223Z C/C++:  1213 |   __init_with_size(__x.__begin_, __x.__end_, __x.size());
build	Build DaddyBoard (HeliBoard fork)	2026-09-30T15:55:37.2946774Z C/C++:       |   ^
build	Build DaddyBoard (HeliBoard fork)	2026-09-30T15:55:37.2948215Z C/C++: /home/runner/work/daddyboard/daddyboard/daddyboard-main/app/src/main/jni/src/dictionary/property/word_property.h:39:15: note: in instantiation of member function 'std::vector<latinime::NgramProperty>::vector' requested here
build	Build DaddyBoard (HeliBoard fork)	2026-09-30T15:55:37.2949782Z C/C++:    39 |               mNgrams(ngrams) {}
build	Build DaddyBoard (HeliBoard fork)	2026-09-30T15:55:37.2950236Z C/C++:       |               ^
build	Build DaddyBoard (HeliBoard fork)	2026-09-30T15:55:37.2950627Z C/C++: 7 warnings generated.
build	Build DaddyBoard (HeliBoard fork)	2026-09-30T15:55:37.2951625Z C/C++: In file included from /home/runner/work/daddyboard/daddyboard/daddyboard-main/app/src/main/jni/src/suggest/core/dicnode/dic_node.cpp:17:
build	Build DaddyBoard (HeliBoard fork)	2026-09-30T15:55:37.2953628Z C/C++: In file included from /home/runner/work/daddyboard/daddyboard/daddyboard-main/app/src/main/jni/src/suggest/core/dicnode/dic_node.h:22:
build	Build DaddyBoard (HeliBoard fork)	2026-09-30T15:55:37.2955266Z C/C++: In file included from /home/runner/work/daddyboard/daddyboard/daddyboard-main/app/src/main/jni/src/suggest/core/dicnode/dic_node_utils.h:21:
build	Build DaddyBoard (HeliBoard fork)	2026-09-30T15:55:37.2957639Z C/C++: /home/runner/work/daddyboard/daddyboard/daddyboard-main/app/src/main/jni/src/utils/int_array_view.h:160:5: warning: definition of implicit copy constructor for 'IntArrayView' is deprecated because it has a user-declared copy assignment operator [-Wdeprecated-copy]
build	Build DaddyBoard (HeliBoard fork)	2026-09-30T15:55:37.2959510Z C/C++:   160 |     DISALLOW_ASSIGNMENT_OPERATOR(IntArrayView);
build	Build DaddyBoard (HeliBoard fork)	2026-09-30T15:55:37.2960028Z C/C++:       |     ^
build	Build DaddyBoard (HeliBoard fork)	2026-09-30T15:55:37.2961045Z C/C++: /home/runner/work/daddyboard/daddyboard/daddyboard-main/app/src/main/jni/src/defines.h:289:8: note: expanded from macro 'DISALLOW_ASSIGNMENT_OPERATOR'
build	Build DaddyBoard (HeliBoard fork)	2026-09-30T15:55:37.2962221Z C/C++:   289 |   void operator=(const TypeName&) = delete
build	Build DaddyBoard (HeliBoard fork)	2026-09-30T15:55:37.2962700Z C/C++:       |        ^
build	Build DaddyBoard (HeliBoard fork)	2026-09-30T15:55:37.2994365Z C/C++: /home/runner/work/daddyboard/daddyboard/daddyboard-main/app/src/main/jni/src/suggest/core/dicnode/dic_node.h:110:53: note: in implicit copy constructor for 'latinime::IntArrayView' first required here
build	Build DaddyBoard (HeliBoard fork)	2026-09-30T15:55:37.2996015Z C/C++:   110 |         mDicNodeProperties.init(rootPtNodeArrayPos, prevWordIds);
build	Build DaddyBoard (HeliBoard fork)	2026-09-30T15:55:37.2996704Z C/C++:       |                                                     ^
build	Build DaddyBoard (HeliBoard fork)	2026-09-30T15:55:37.2997196Z C/C++: 1 warning generated.
build	Build DaddyBoard (HeliBoard fork)	2026-09-30T15:55:37.2998225Z C/C++: In file included from /home/runner/work/daddyboard/daddyboard/daddyboard-main/app/src/main/jni/src/suggest/core/dicnode/dic_node_utils.cpp:19:
build	Build DaddyBoard (HeliBoard fork)	2026-09-30T15:55:37.3000085Z C/C++: In file included from /home/runner/work/daddyboard/daddyboard/daddyboard-main/app/src/main/jni/src/dictionary/interface/dictionary_structure_with_buffer_policy.h:23:
build	Build DaddyBoard (HeliBoard fork)	2026-09-30T15:55:37.3002918Z C/C++: /home/runner/work/daddyboard/daddyboard/daddyboard-main/app/src/main/jni/src/dictionary/property/historical_info.h:52:5: warning: definition of implicit copy constructor for 'HistoricalInfo' is deprecated because it has a user-declared copy assignment operator [-Wdeprecated-copy]
build	Build DaddyBoard (HeliBoard fork)	2026-09-30T15:55:37.3005127Z C/C++:    52 |     DISALLOW_ASSIGNMENT_OPERATOR(HistoricalInfo);
build	Build DaddyBoard (HeliBoard fork)	2026-09-30T15:55:37.3005632Z C/C++:       |     ^
build	Build DaddyBoard (HeliBoard fork)	2026-09-30T15:55:37.3006615Z C/C++: /home/runner/work/daddyboard/daddyboard/daddyboard-main/app/src/main/jni/src/defines.h:289:8: note: expanded from macro 'DISALLOW_ASSIGNMENT_OPERATOR'
build	Build DaddyBoard (HeliBoard fork)	2026-09-30T15:55:37.3007801Z C/C++:   289 |   void operator=(const TypeName&) = delete
build	Build DaddyBoard (HeliBoard fork)	2026-09-30T15:55:37.3008278Z C/C++:       |        ^
build	Build DaddyBoard (HeliBoard fork)	2026-09-30T15:55:37.3009652Z C/C++: /home/runner/work/daddyboard/daddyboard/daddyboard-main/app/src/main/jni/src/dictionary/property/ngram_property.h:33:42: note: in implicit copy constructor for 'latinime::HistoricalInfo' first required here
build	Build DaddyBoard (HeliBoard fork)	2026-09-30T15:55:37.3011312Z C/C++:    33 |               mProbability(probability), mHistoricalInfo(historicalInfo) {}
build	Build DaddyBoard (HeliBoard fork)	2026-09-30T15:55:37.3012008Z C/C++:       |                                          ^
build	Build DaddyBoard (HeliBoard fork)	2026-09-30T15:55:37.3013299Z C/C++: In file included from /home/runner/work/daddyboard/daddyboard/daddyboard-main/app/src/main/jni/src/suggest/core/dicnode/dic_node_utils.cpp:19:
build	Build DaddyBoard (HeliBoard fork)	2026-09-30T15:55:37.3015211Z C/C++: In file included from /home/runner/work/daddyboard/daddyboard/daddyboard-main/app/src/main/jni/src/dictionary/interface/dictionary_structure_with_buffer_policy.h:25:
build	Build DaddyBoard (HeliBoard fork)	2026-09-30T15:55:37.3016990Z C/C++: In file included from /home/runner/work/daddyboard/daddyboard/daddyboard-main/app/src/main/jni/src/dictionary/property/word_property.h:24:
build	Build DaddyBoard (HeliBoard fork)	2026-09-30T15:55:37.3019479Z C/C++: /home/runner/work/daddyboard/daddyboard/daddyboard-main/app/src/main/jni/src/dictionary/property/unigram_property.h:126:5: warning: definition of implicit copy constructor for 'UnigramProperty' is deprecated because it has a user-declared copy assignment operator [-Wdeprecated-copy]
build	Build DaddyBoard (HeliBoard fork)	2026-09-30T15:55:37.3021758Z C/C++:   126 |     DISALLOW_ASSIGNMENT_OPERATOR(UnigramProperty);
build	Build DaddyBoard (HeliBoard fork)	2026-09-30T15:55:37.3022290Z C/C++:       |     ^
build	Build DaddyBoard (HeliBoard fork)	2026-09-30T15:55:37.3053645Z C/C++: /home/runner/work/daddyboard/daddyboard/daddyboard-main/app/src/main/jni/src/defines.h:289:8: note: expanded from macro 'DISALLOW_ASSIGNMENT_OPERATOR'
build	Build DaddyBoard (HeliBoard fork)	2026-09-30T15:55:37.3054878Z C/C++:   289 |   void operator=(const TypeName&) = delete
build	Build DaddyBoard (HeliBoard fork)	2026-09-30T15:55:37.3055374Z C/C++:       |        ^
build	Build DaddyBoard (HeliBoard fork)	2026-09-30T15:55:37.3056708Z C/C++: /home/runner/work/daddyboard/daddyboard/daddyboard-main/app/src/main/jni/src/dictionary/property/word_property.h:38:51: note: in implicit copy constructor for 'latinime::UnigramProperty' first required here
build	Build DaddyBoard (HeliBoard fork)	2026-09-30T15:55:37.3058384Z C/C++:    38 |             : mCodePoints(std::move(codePoints)), mUnigramProperty(unigramProperty),
build	Build DaddyBoard (HeliBoard fork)	2026-09-30T15:55:37.3059141Z C/C++:       |                                                   ^
build	Build DaddyBoard (HeliBoard fork)	2026-09-30T15:55:37.3060262Z C/C++: In file included from /home/runner/work/daddyboard/daddyboard/daddyboard-main/app/src/main/jni/src/suggest/core/dicnode/dic_node_utils.cpp:17:
build	Build DaddyBoard (HeliBoard fork)	2026-09-30T15:55:37.3061958Z C/C++: In file included from /home/runner/work/daddyboard/daddyboard/daddyboard-main/app/src/main/jni/src/suggest/core/dicnode/dic_node_utils.h:21:
build	Build DaddyBoard (HeliBoard fork)	2026-09-30T15:55:37.3064543Z C/C++: /home/runner/work/daddyboard/daddyboard/daddyboard-main/app/src/main/jni/src/utils/int_array_view.h:160:5: warning: definition of implicit copy constructor for 'IntArrayView' is deprecated because it has a user-declared copy assignment operator [-Wdeprecated-copy]
build	Build DaddyBoard (HeliBoard fork)	2026-09-30T15:55:37.3066346Z C/C++:   160 |     DISALLOW_ASSIGNMENT_OPERATOR(IntArrayView);
build	Build DaddyBoard (HeliBoard fork)	2026-09-30T15:55:37.3066857Z C/C++:       |     ^
build	Build DaddyBoard (HeliBoard fork)	2026-09-30T15:55:37.3067900Z C/C++: /home/runner/work/daddyboard/daddyboard/daddyboard-main/app/src/main/jni/src/defines.h:289:8: note: expanded from macro 'DISALLOW_ASSIGNMENT_OPERATOR'
build	Build DaddyBoard (HeliBoard fork)	2026-09-30T15:55:37.3069119Z C/C++:   289 |   void operator=(const TypeName&) = delete
build	Build DaddyBoard (HeliBoard fork)	2026-09-30T15:55:37.3069604Z C/C++:       |        ^
build	Build DaddyBoard (HeliBoard fork)	2026-09-30T15:55:37.3070905Z C/C++: /home/runner/work/daddyboard/daddyboard/daddyboard-main/app/src/main/jni/src/suggest/core/dicnode/dic_node.h:110:53: note: in implicit copy constructor for 'latinime::IntArrayView' first required here
build	Build DaddyBoard (HeliBoard fork)	2026-09-30T15:55:37.3073005Z C/C++:   110 |         mDicNodeProperties.init(rootPtNodeArrayPos, prevWordIds);
build	Build DaddyBoard (HeliBoard fork)	2026-09-30T15:55:37.3073659Z C/C++:       |                                                     ^
build	Build DaddyBoard (HeliBoard fork)	2026-09-30T15:55:37.3074838Z C/C++: In file included from /home/runner/work/daddyboard/daddyboard/daddyboard-main/app/src/main/jni/src/suggest/core/dicnode/dic_node_utils.cpp:19:
build	Build DaddyBoard (HeliBoard fork)	2026-09-30T15:55:37.3076703Z C/C++: In file included from /home/runner/work/daddyboard/daddyboard/daddyboard-main/app/src/main/jni/src/dictionary/interface/dictionary_structure_with_buffer_policy.h:25:
build	Build DaddyBoard (HeliBoard fork)	2026-09-30T15:55:37.3078500Z C/C++: In file included from /home/runner/work/daddyboard/daddyboard/daddyboard-main/app/src/main/jni/src/dictionary/property/word_property.h:23:
build	Build DaddyBoard (HeliBoard fork)	2026-09-30T15:55:37.3081043Z C/C++: /home/runner/work/daddyboard/daddyboard/daddyboard-main/app/src/main/jni/src/dictionary/property/ngram_property.h:54:5: warning: definition of implicit copy constructor for 'NgramProperty' is deprecated because it has a user-declared copy assignment operator [-Wdeprecated-copy]
build	Build DaddyBoard (HeliBoard fork)	2026-09-30T15:55:37.3113349Z C/C++:    54 |     DISALLOW_ASSIGNMENT_OPERATOR(NgramProperty);
build	Build DaddyBoard (HeliBoard fork)	2026-09-30T15:55:37.3113910Z C/C++:       |     ^
build	Build DaddyBoard (HeliBoard fork)	2026-09-30T15:55:37.3114967Z C/C++: /home/runner/work/daddyboard/daddyboard/daddyboard-main/app/src/main/jni/src/defines.h:289:8: note: expanded from macro 'DISALLOW_ASSIGNMENT_OPERATOR'
build	Build DaddyBoard (HeliBoard fork)	2026-09-30T15:55:37.3116159Z C/C++:   289 |   void operator=(const TypeName&) = delete
build	Build DaddyBoard (HeliBoard fork)	2026-09-30T15:55:37.3116648Z C/C++:       |        ^
build	Build DaddyBoard (HeliBoard fork)	2026-09-30T15:55:37.3118088Z C/C++: /usr/local/lib/android/sdk/ndk/28.0.13004108/toolchains/llvm/prebuilt/linux-x86_64/sysroot/usr/include/c++/v1/__memory/allocator.h:173:24: note: in implicit copy constructor for 'latinime::NgramProperty' first required here
build	Build DaddyBoard (HeliBoard fork)	2026-09-30T15:55:37.3119927Z C/C++:   173 |     ::new ((void*)__p) _Up(std::forward<_Args>(__args)...);
build	Build DaddyBoard (HeliBoard fork)	2026-09-30T15:55:37.3120484Z C/C++:       |                        ^
build	Build DaddyBoard (HeliBoard fork)	2026-09-30T15:55:37.3122575Z C/C++: /usr/local/lib/android/sdk/ndk/28.0.13004108/toolchains/llvm/prebuilt/linux-x86_64/sysroot/usr/include/c++/v1/__memory/allocator_traits.h:320:9: note: in instantiation of function template specialization 'std::allocator<latinime::NgramProperty>::construct<latinime::NgramProperty, latinime::NgramProperty &>' requested here
build	Build DaddyBoard (HeliBoard fork)	2026-09-30T15:55:37.3124952Z C/C++:   320 |     __a.construct(__p, std::forward<_Args>(__args)...);
build	Build DaddyBoard (HeliBoard fork)	2026-09-30T15:55:37.3125496Z C/C++:       |         ^
build	Build DaddyBoard (HeliBoard fork)	2026-09-30T15:55:37.3127745Z C/C++: /usr/local/lib/android/sdk/ndk/28.0.13004108/toolchains/llvm/prebuilt/linux-x86_64/sysroot/usr/include/c++/v1/__memory/uninitialized_algorithms.h:551:31: note: in instantiation of function template specialization 'std::allocator_traits<std::allocator<latinime::NgramProperty>>::construct<latinime::NgramProperty, latinime::NgramProperty &, 0>' requested here
build	Build DaddyBoard (HeliBoard fork)	2026-09-30T15:55:37.3130326Z C/C++:   551 |     allocator_traits<_Alloc>::construct(__alloc, std::__to_address(__first2), *__first1);
build	Build DaddyBoard (HeliBoard fork)	2026-09-30T15:55:37.3131089Z C/C++:       |                               ^
build	Build DaddyBoard (HeliBoard fork)	2026-09-30T15:55:37.3133724Z C/C++: /usr/local/lib/android/sdk/ndk/28.0.13004108/toolchains/llvm/prebuilt/linux-x86_64/sysroot/usr/include/c++/v1/__memory/uninitialized_algorithms.h:594:33: note: in instantiation of function template specialization 'std::__uninitialized_allocator_copy_impl<std::allocator<latinime::NgramProperty>, latinime::NgramProperty *, latinime::NgramProperty *, latinime::NgramProperty *>' requested here
build	Build DaddyBoard (HeliBoard fork)	2026-09-30T15:55:37.3136488Z C/C++:   594 |   auto __result          = std::__uninitialized_allocator_copy_impl(
build	Build DaddyBoard (HeliBoard fork)	2026-09-30T15:55:37.3137211Z C/C++:       |                                 ^
build	Build DaddyBoard (HeliBoard fork)	2026-09-30T15:55:37.3139596Z C/C++: /usr/local/lib/android/sdk/ndk/28.0.13004108/toolchains/llvm/prebuilt/linux-x86_64/sysroot/usr/include/c++/v1/vector:1100:22: note: in instantiation of function template specialization 'std::__uninitialized_allocator_copy<std::allocator<latinime::NgramProperty>, latinime::NgramProperty *, latinime::NgramProperty *, latinime::NgramProperty *>' requested here
build	Build DaddyBoard (HeliBoard fork)	2026-09-30T15:55:37.3142472Z C/C++:  1100 |   __tx.__pos_ = std::__uninitialized_allocator_copy(__alloc(), __first, __last, __tx.__pos_);
build	Build DaddyBoard (HeliBoard fork)	2026-09-30T15:55:37.3173803Z C/C++:       |                      ^
build	Build DaddyBoard (HeliBoard fork)	2026-09-30T15:55:37.3175909Z C/C++: /usr/local/lib/android/sdk/ndk/28.0.13004108/toolchains/llvm/prebuilt/linux-x86_64/sysroot/usr/include/c++/v1/vector:761:7: note: in instantiation of function template specialization 'std::vector<latinime::NgramProperty>::__construct_at_end<latinime::NgramProperty *, latinime::NgramProperty *>' requested here
build	Build DaddyBoard (HeliBoard fork)	2026-09-30T15:55:37.3178010Z C/C++:   761 |       __construct_at_end(__first, __last, __n);
build	Build DaddyBoard (HeliBoard fork)	2026-09-30T15:55:37.3178547Z C/C++:       |       ^
build	Build DaddyBoard (HeliBoard fork)	2026-09-30T15:55:37.3180518Z C/C++: /usr/local/lib/android/sdk/ndk/28.0.13004108/toolchains/llvm/prebuilt/linux-x86_64/sysroot/usr/include/c++/v1/vector:1213:3: note: in instantiation of function template specialization 'std::vector<latinime::NgramProperty>::__init_with_size<latinime::NgramProperty *, latinime::NgramProperty *>' requested here
build	Build DaddyBoard (HeliBoard fork)	2026-09-30T15:55:37.3182684Z C/C++:  1213 |   __init_with_size(__x.__begin_, __x.__end_, __x.size());
build	Build DaddyBoard (HeliBoard fork)	2026-09-30T15:55:37.3183397Z C/C++:       |   ^
build	Build DaddyBoard (HeliBoard fork)	2026-09-30T15:55:37.3184848Z C/C++: /home/runner/work/daddyboard/daddyboard/daddyboard-main/app/src/main/jni/src/dictionary/property/word_property.h:39:15: note: in instantiation of member function 'std::vector<latinime::NgramProperty>::vector' requested here
build	Build DaddyBoard (HeliBoard fork)	2026-09-30T15:55:37.3186426Z C/C++:    39 |               mNgrams(ngrams) {}
build	Build DaddyBoard (HeliBoard fork)	2026-09-30T15:55:37.3186874Z C/C++:       |               ^
build	Build DaddyBoard (HeliBoard fork)	2026-09-30T15:55:37.3187266Z C/C++: 4 warnings generated.
build	Build DaddyBoard (HeliBoard fork)	2026-09-30T15:55:37.3188559Z C/C++: In file included from /home/runner/work/daddyboard/daddyboard/daddyboard-main/app/src/main/jni/src/suggest/core/dicnode/dic_nodes_cache.cpp:20:
build	Build DaddyBoard (HeliBoard fork)	2026-09-30T15:55:37.3190322Z C/C++: In file included from /home/runner/work/daddyboard/daddyboard/daddyboard-main/app/src/main/jni/src/suggest/core/dicnode/dic_node_priority_queue.h:25:
build	Build DaddyBoard (HeliBoard fork)	2026-09-30T15:55:37.3192052Z C/C++: In file included from /home/runner/work/daddyboard/daddyboard/daddyboard-main/app/src/main/jni/src/suggest/core/dicnode/dic_node.h:22:
build	Build DaddyBoard (HeliBoard fork)	2026-09-30T15:55:37.3193852Z C/C++: In file included from /home/runner/work/daddyboard/daddyboard/daddyboard-main/app/src/main/jni/src/suggest/core/dicnode/dic_node_utils.h:21:
build	Build DaddyBoard (HeliBoard fork)	2026-09-30T15:55:37.3196277Z C/C++: /home/runner/work/daddyboard/daddyboard/daddyboard-main/app/src/main/jni/src/utils/int_array_view.h:160:5: warning: definition of implicit copy constructor for 'IntArrayView' is deprecated because it has a user-declared copy assignment operator [-Wdeprecated-copy]
build	Build DaddyBoard (HeliBoard fork)	2026-09-30T15:55:37.3198149Z C/C++:   160 |     DISALLOW_ASSIGNMENT_OPERATOR(IntArrayView);
build	Build DaddyBoard (HeliBoard fork)	2026-09-30T15:55:37.3198657Z C/C++:       |     ^
build	Build DaddyBoard (HeliBoard fork)	2026-09-30T15:55:37.3199676Z C/C++: /home/runner/work/daddyboard/daddyboard/daddyboard-main/app/src/main/jni/src/defines.h:289:8: note: expanded from macro 'DISALLOW_ASSIGNMENT_OPERATOR'
build	Build DaddyBoard (HeliBoard fork)	2026-09-30T15:55:37.3200836Z C/C++:   289 |   void operator=(const TypeName&) = delete
build	Build DaddyBoard (HeliBoard fork)	2026-09-30T15:55:37.3201317Z C/C++:       |        ^
build	Build DaddyBoard (HeliBoard fork)	2026-09-30T15:55:37.3202630Z C/C++: /home/runner/work/daddyboard/daddyboard/daddyboard-main/app/src/main/jni/src/suggest/core/dicnode/dic_node.h:110:53: note: in implicit copy constructor for 'latinime::IntArrayView' first required here
build	Build DaddyBoard (HeliBoard fork)	2026-09-30T15:55:37.3234600Z C/C++:   110 |         mDicNodeProperties.init(rootPtNodeArrayPos, prevWordIds);
build	Build DaddyBoard (HeliBoard fork)	2026-09-30T15:55:37.3235343Z C/C++:       |                                                     ^
build	Build DaddyBoard (HeliBoard fork)	2026-09-30T15:55:37.3235847Z C/C++: 1 warning generated.
build	Build DaddyBoard (HeliBoard fork)	2026-09-30T15:55:37.3236975Z C/C++: In file included from /home/runner/work/daddyboard/daddyboard/daddyboard-main/app/src/main/jni/src/suggest/core/dictionary/dictionary.cpp:19:
build	Build DaddyBoard (HeliBoard fork)	2026-09-30T15:55:37.3238706Z C/C++: In file included from /home/runner/work/daddyboard/daddyboard/daddyboard-main/app/src/main/jni/src/suggest/core/dictionary/dictionary.h:25:
build	Build DaddyBoard (HeliBoard fork)	2026-09-30T15:55:37.3240830Z C/C++: In file included from /home/runner/work/daddyboard/daddyboard/daddyboard-main/app/src/main/jni/src/dictionary/interface/dictionary_structure_with_buffer_policy.h:23:
build	Build DaddyBoard (HeliBoard fork)	2026-09-30T15:55:37.3243756Z C/C++: /home/runner/work/daddyboard/daddyboard/daddyboard-main/app/src/main/jni/src/dictionary/property/historical_info.h:52:5: warning: definition of implicit copy constructor for 'HistoricalInfo' is deprecated because it has a user-declared copy assignment operator [-Wdeprecated-copy]
build	Build DaddyBoard (HeliBoard fork)	2026-09-30T15:55:37.3245883Z C/C++:    52 |     DISALLOW_ASSIGNMENT_OPERATOR(HistoricalInfo);
build	Build DaddyBoard (HeliBoard fork)	2026-09-30T15:55:37.3246406Z C/C++:       |     ^
build	Build DaddyBoard (HeliBoard fork)	2026-09-30T15:55:37.3247433Z C/C++: /home/runner/work/daddyboard/daddyboard/daddyboard-main/app/src/main/jni/src/defines.h:289:8: note: expanded from macro 'DISALLOW_ASSIGNMENT_OPERATOR'
build	Build DaddyBoard (HeliBoard fork)	2026-09-30T15:55:37.3248637Z C/C++:   289 |   void operator=(const TypeName&) = delete
build	Build DaddyBoard (HeliBoard fork)	2026-09-30T15:55:37.3249126Z C/C++:       |        ^
build	Build DaddyBoard (HeliBoard fork)	2026-09-30T15:55:37.3250518Z C/C++: /home/runner/work/daddyboard/daddyboard/daddyboard-main/app/src/main/jni/src/dictionary/property/ngram_property.h:33:42: note: in implicit copy constructor for 'latinime::HistoricalInfo' first required here
build	Build DaddyBoard (HeliBoard fork)	2026-09-30T15:55:37.3252234Z C/C++:    33 |               mProbability(probability), mHistoricalInfo(historicalInfo) {}
build	Build DaddyBoard (HeliBoard fork)	2026-09-30T15:55:37.3253059Z C/C++:       |                                          ^
build	Build DaddyBoard (HeliBoard fork)	2026-09-30T15:55:37.3254168Z C/C++: In file included from /home/runner/work/daddyboard/daddyboard/daddyboard-main/app/src/main/jni/src/suggest/core/dictionary/dictionary.cpp:19:
build	Build DaddyBoard (HeliBoard fork)	2026-09-30T15:55:37.3255880Z C/C++: In file included from /home/runner/work/daddyboard/daddyboard/daddyboard-main/app/src/main/jni/src/suggest/core/dictionary/dictionary.h:25:
build	Build DaddyBoard (HeliBoard fork)	2026-09-30T15:55:37.3257915Z C/C++: In file included from /home/runner/work/daddyboard/daddyboard/daddyboard-main/app/src/main/jni/src/dictionary/interface/dictionary_structure_with_buffer_policy.h:25:
build	Build DaddyBoard (HeliBoard fork)	2026-09-30T15:55:37.3259757Z C/C++: In file included from /home/runner/work/daddyboard/daddyboard/daddyboard-main/app/src/main/jni/src/dictionary/property/word_property.h:24:
build	Build DaddyBoard (HeliBoard fork)	2026-09-30T15:55:37.3262288Z C/C++: /home/runner/work/daddyboard/daddyboard/daddyboard-main/app/src/main/jni/src/dictionary/property/unigram_property.h:126:5: warning: definition of implicit copy constructor for 'UnigramProperty' is deprecated because it has a user-declared copy assignment operator [-Wdeprecated-copy]
build	Build DaddyBoard (HeliBoard fork)	2026-09-30T15:55:37.3294751Z C/C++:   126 |     DISALLOW_ASSIGNMENT_OPERATOR(UnigramProperty);
build	Build DaddyBoard (HeliBoard fork)	2026-09-30T15:55:37.3295324Z C/C++:       |     ^
build	Build DaddyBoard (HeliBoard fork)	2026-09-30T15:55:37.3296386Z C/C++: /home/runner/work/daddyboard/daddyboard/daddyboard-main/app/src/main/jni/src/defines.h:289:8: note: expanded from macro 'DISALLOW_ASSIGNMENT_OPERATOR'
build	Build DaddyBoard (HeliBoard fork)	2026-09-30T15:55:37.3297628Z C/C++:   289 |   void operator=(const TypeName&) = delete
build	Build DaddyBoard (HeliBoard fork)	2026-09-30T15:55:37.3298127Z C/C++:       |        ^
build	Build DaddyBoard (HeliBoard fork)	2026-09-30T15:55:37.3299527Z C/C++: /home/runner/work/daddyboard/daddyboard/daddyboard-main/app/src/main/jni/src/dictionary/property/word_property.h:38:51: note: in implicit copy constructor for 'latinime::UnigramProperty' first required here
build	Build DaddyBoard (HeliBoard fork)	2026-09-30T15:55:37.3301291Z C/C++:    38 |             : mCodePoints(std::move(codePoints)), mUnigramProperty(unigramProperty),
build	Build DaddyBoard (HeliBoard fork)	2026-09-30T15:55:37.3302044Z C/C++:       |                                                   ^
build	Build DaddyBoard (HeliBoard fork)	2026-09-30T15:55:37.3303327Z C/C++: In file included from /home/runner/work/daddyboard/daddyboard/daddyboard-main/app/src/main/jni/src/suggest/core/dictionary/dictionary.cpp:26:
build	Build DaddyBoard (HeliBoard fork)	2026-09-30T15:55:37.3305100Z C/C++: In file included from /home/runner/work/daddyboard/daddyboard/daddyboard-main/app/src/main/jni/src/suggest/core/session/dic_traverse_session.h:23:
build	Build DaddyBoard (HeliBoard fork)	2026-09-30T15:55:37.3306796Z C/C++: In file included from /home/runner/work/daddyboard/daddyboard/daddyboard-main/app/src/main/jni/src/dictionary/utils/multi_bigram_map.h:27:
build	Build DaddyBoard (HeliBoard fork)	2026-09-30T15:55:37.3309210Z C/C++: /home/runner/work/daddyboard/daddyboard/daddyboard-main/app/src/main/jni/src/dictionary/utils/bloom_filter.h:47:5: warning: definition of implicit copy constructor for 'BloomFilter' is deprecated because it has a user-declared copy assignment operator [-Wdeprecated-copy]
build	Build DaddyBoard (HeliBoard fork)	2026-09-30T15:55:37.3311366Z C/C++:    47 |     DISALLOW_ASSIGNMENT_OPERATOR(BloomFilter);
build	Build DaddyBoard (HeliBoard fork)	2026-09-30T15:55:37.3311859Z C/C++:       |     ^
build	Build DaddyBoard (HeliBoard fork)	2026-09-30T15:55:37.3312994Z C/C++: /home/runner/work/daddyboard/daddyboard/daddyboard-main/app/src/main/jni/src/defines.h:289:8: note: expanded from macro 'DISALLOW_ASSIGNMENT_OPERATOR'
build	Build DaddyBoard (HeliBoard fork)	2026-09-30T15:55:37.3313980Z C/C++:   289 |   void operator=(const TypeName&) = delete
build	Build DaddyBoard (HeliBoard fork)	2026-09-30T15:55:37.3314381Z C/C++:       |        ^
build	Build DaddyBoard (HeliBoard fork)	2026-09-30T15:55:37.3315485Z C/C++: /home/runner/work/daddyboard/daddyboard/daddyboard-main/app/src/main/jni/src/dictionary/utils/multi_bigram_map.h:57:53: note: in implicit copy constructor for 'latinime::BloomFilter' first required here
build	Build DaddyBoard (HeliBoard fork)	2026-09-30T15:55:37.3316881Z C/C++:    57 |                 : mBigramMap(bigramMap.mBigramMap), mBloomFilter(bigramMap.mBloomFilter) {}
build	Build DaddyBoard (HeliBoard fork)	2026-09-30T15:55:37.3317532Z C/C++:       |                                                     ^
build	Build DaddyBoard (HeliBoard fork)	2026-09-30T15:55:37.3318533Z C/C++: In file included from /home/runner/work/daddyboard/daddyboard/daddyboard-main/app/src/main/jni/src/suggest/core/dictionary/dictionary.cpp:19:
build	Build DaddyBoard (HeliBoard fork)	2026-09-30T15:55:37.3319970Z C/C++: In file included from /home/runner/work/daddyboard/daddyboard/daddyboard-main/app/src/main/jni/src/suggest/core/dictionary/dictionary.h:25:
build	Build DaddyBoard (HeliBoard fork)	2026-09-30T15:55:37.3321625Z C/C++: In file included from /home/runner/work/daddyboard/daddyboard/daddyboard-main/app/src/main/jni/src/dictionary/interface/dictionary_structure_with_buffer_policy.h:25:
build	Build DaddyBoard (HeliBoard fork)	2026-09-30T15:55:37.3353741Z C/C++: In file included from /home/runner/work/daddyboard/daddyboard/daddyboard-main/app/src/main/jni/src/dictionary/property/word_property.h:23:
build	Build DaddyBoard (HeliBoard fork)	2026-09-30T15:55:37.3355829Z C/C++: In file included from /home/runner/work/daddyboard/daddyboard/daddyboard-main/app/src/main/jni/src/dictionary/property/ngram_property.h:24:
build	Build DaddyBoard (HeliBoard fork)	2026-09-30T15:55:37.3357526Z C/C++: In file included from /home/runner/work/daddyboard/daddyboard/daddyboard-main/app/src/main/jni/src/dictionary/property/ngram_context.h:23:
build	Build DaddyBoard (HeliBoard fork)	2026-09-30T15:55:37.3359960Z C/C++: /home/runner/work/daddyboard/daddyboard/daddyboard-main/app/src/main/jni/src/utils/int_array_view.h:160:5: warning: definition of implicit copy constructor for 'IntArrayView' is deprecated because it has a user-declared copy assignment operator [-Wdeprecated-copy]
build	Build DaddyBoard (HeliBoard fork)	2026-09-30T15:55:37.3361840Z C/C++:   160 |     DISALLOW_ASSIGNMENT_OPERATOR(IntArrayView);
build	Build DaddyBoard (HeliBoard fork)	2026-09-30T15:55:37.3362352Z C/C++:       |     ^
build	Build DaddyBoard (HeliBoard fork)	2026-09-30T15:55:37.3363529Z C/C++: /home/runner/work/daddyboard/daddyboard/daddyboard-main/app/src/main/jni/src/defines.h:289:8: note: expanded from macro 'DISALLOW_ASSIGNMENT_OPERATOR'
build	Build DaddyBoard (HeliBoard fork)	2026-09-30T15:55:37.3364719Z C/C++:   289 |   void operator=(const TypeName&) = delete
build	Build DaddyBoard (HeliBoard fork)	2026-09-30T15:55:37.3365199Z C/C++:       |        ^
build	Build DaddyBoard (HeliBoard fork)	2026-09-30T15:55:37.3366507Z C/C++: /home/runner/work/daddyboard/daddyboard/daddyboard-main/app/src/main/jni/src/suggest/core/dicnode/dic_node.h:110:53: note: in implicit copy constructor for 'latinime::IntArrayView' first required here
build	Build DaddyBoard (HeliBoard fork)	2026-09-30T15:55:37.3368084Z C/C++:   110 |         mDicNodeProperties.init(rootPtNodeArrayPos, prevWordIds);
build	Build DaddyBoard (HeliBoard fork)	2026-09-30T15:55:37.3368759Z C/C++:       |                                                     ^
build	Build DaddyBoard (HeliBoard fork)	2026-09-30T15:55:37.3369876Z C/C++: In file included from /home/runner/work/daddyboard/daddyboard/daddyboard-main/app/src/main/jni/src/suggest/core/dictionary/dictionary.cpp:30:
build	Build DaddyBoard (HeliBoard fork)	2026-09-30T15:55:37.3371723Z C/C++: In file included from /home/runner/work/daddyboard/daddyboard/daddyboard-main/app/src/main/jni/src/suggest/policyimpl/typing/typing_suggest_policy_factory.h:21:
build	Build DaddyBoard (HeliBoard fork)	2026-09-30T15:55:37.3373620Z C/C++: In file included from /home/runner/work/daddyboard/daddyboard/daddyboard-main/app/src/main/jni/src/suggest/policyimpl/typing/typing_suggest_policy.h:23:
build	Build DaddyBoard (HeliBoard fork)	2026-09-30T15:55:37.3375285Z C/C++: In file included from /home/runner/work/daddyboard/daddyboard/daddyboard-main/app/src/main/jni/src/suggest/policyimpl/typing/typing_traversal.h:26:
build	Build DaddyBoard (HeliBoard fork)	2026-09-30T15:55:37.3377533Z C/C++: /home/runner/work/daddyboard/daddyboard/daddyboard-main/app/src/main/jni/src/suggest/core/layout/proximity_info_utils.h:75:25: warning: variable 'proximityChar' set but not used [-Wunused-but-set-variable]
build	Build DaddyBoard (HeliBoard fork)	2026-09-30T15:55:37.3378934Z C/C++:    75 |                     int proximityChar =
build	Build DaddyBoard (HeliBoard fork)	2026-09-30T15:55:37.3379405Z C/C++:       |                         ^
build	Build DaddyBoard (HeliBoard fork)	2026-09-30T15:55:37.3380420Z C/C++: In file included from /home/runner/work/daddyboard/daddyboard/daddyboard-main/app/src/main/jni/src/suggest/core/dictionary/dictionary.cpp:19:
build	Build DaddyBoard (HeliBoard fork)	2026-09-30T15:55:37.3381991Z C/C++: In file included from /home/runner/work/daddyboard/daddyboard/daddyboard-main/app/src/main/jni/src/suggest/core/dictionary/dictionary.h:25:
build	Build DaddyBoard (HeliBoard fork)	2026-09-30T15:55:37.3414191Z C/C++: In file included from /home/runner/work/daddyboard/daddyboard/daddyboard-main/app/src/main/jni/src/dictionary/interface/dictionary_structure_with_buffer_policy.h:25:
build	Build DaddyBoard (HeliBoard fork)	2026-09-30T15:55:37.3416134Z C/C++: In file included from /home/runner/work/daddyboard/daddyboard/daddyboard-main/app/src/main/jni/src/dictionary/property/word_property.h:23:
build	Build DaddyBoard (HeliBoard fork)	2026-09-30T15:55:37.3418648Z C/C++: /home/runner/work/daddyboard/daddyboard/daddyboard-main/app/src/main/jni/src/dictionary/property/ngram_property.h:54:5: warning: definition of implicit copy constructor for 'NgramProperty' is deprecated because it has a user-declared copy assignment operator [-Wdeprecated-copy]
build	Build DaddyBoard (HeliBoard fork)	2026-09-30T15:55:37.3420624Z C/C++:    54 |     DISALLOW_ASSIGNMENT_OPERATOR(NgramProperty);
build	Build DaddyBoard (HeliBoard fork)	2026-09-30T15:55:37.3421136Z C/C++:       |     ^
build	Build DaddyBoard (HeliBoard fork)	2026-09-30T15:55:37.3422149Z C/C++: /home/runner/work/daddyboard/daddyboard/daddyboard-main/app/src/main/jni/src/defines.h:289:8: note: expanded from macro 'DISALLOW_ASSIGNMENT_OPERATOR'
build	Build DaddyBoard (HeliBoard fork)	2026-09-30T15:55:37.3423737Z C/C++:   289 |   void operator=(const TypeName&) = delete
build	Build DaddyBoard (HeliBoard fork)	2026-09-30T15:55:37.3424228Z C/C++:       |        ^
build	Build DaddyBoard (HeliBoard fork)	2026-09-30T15:55:37.3425663Z C/C++: /usr/local/lib/android/sdk/ndk/28.0.13004108/toolchains/llvm/prebuilt/linux-x86_64/sysroot/usr/include/c++/v1/__memory/allocator.h:173:24: note: in implicit copy constructor for 'latinime::NgramProperty' first required here
build	Build DaddyBoard (HeliBoard fork)	2026-09-30T15:55:37.3427271Z C/C++:   173 |     ::new ((void*)__p) _Up(std::forward<_Args>(__args)...);
build	Build DaddyBoard (HeliBoard fork)	2026-09-30T15:55:37.3427822Z C/C++:       |                        ^
build	Build DaddyBoard (HeliBoard fork)	2026-09-30T15:55:37.3429894Z C/C++: /usr/local/lib/android/sdk/ndk/28.0.13004108/toolchains/llvm/prebuilt/linux-x86_64/sysroot/usr/include/c++/v1/__memory/allocator_traits.h:320:9: note: in instantiation of function template specialization 'std::allocator<latinime::NgramProperty>::construct<latinime::NgramProperty, latinime::NgramProperty &>' requested here
build	Build DaddyBoard (HeliBoard fork)	2026-09-30T15:55:37.3432067Z C/C++:   320 |     __a.construct(__p, std::forward<_Args>(__args)...);
build	Build DaddyBoard (HeliBoard fork)	2026-09-30T15:55:37.3432600Z C/C++:       |         ^
build	Build DaddyBoard (HeliBoard fork)	2026-09-30T15:55:37.3434979Z C/C++: /usr/local/lib/android/sdk/ndk/28.0.13004108/toolchains/llvm/prebuilt/linux-x86_64/sysroot/usr/include/c++/v1/__memory/uninitialized_algorithms.h:551:31: note: in instantiation of function template specialization 'std::allocator_traits<std::allocator<latinime::NgramProperty>>::construct<latinime::NgramProperty, latinime::NgramProperty &, 0>' requested here
build	Build DaddyBoard (HeliBoard fork)	2026-09-30T15:55:37.3437628Z C/C++:   551 |     allocator_traits<_Alloc>::construct(__alloc, std::__to_address(__first2), *__first1);
build	Build DaddyBoard (HeliBoard fork)	2026-09-30T15:55:37.3438375Z C/C++:       |                               ^
build	Build DaddyBoard (HeliBoard fork)	2026-09-30T15:55:37.3440855Z C/C++: /usr/local/lib/android/sdk/ndk/28.0.13004108/toolchains/llvm/prebuilt/linux-x86_64/sysroot/usr/include/c++/v1/__memory/uninitialized_algorithms.h:594:33: note: in instantiation of function template specialization 'std::__uninitialized_allocator_copy_impl<std::allocator<latinime::NgramProperty>, latinime::NgramProperty *, latinime::NgramProperty *, latinime::NgramProperty *>' requested here
build	Build DaddyBoard (HeliBoard fork)	2026-09-30T15:55:37.3473918Z C/C++:   594 |   auto __result          = std::__uninitialized_allocator_copy_impl(
build	Build DaddyBoard (HeliBoard fork)	2026-09-30T15:55:37.3474596Z C/C++:       |                                 ^
build	Build DaddyBoard (HeliBoard fork)	2026-09-30T15:55:37.3477220Z C/C++: /usr/local/lib/android/sdk/ndk/28.0.13004108/toolchains/llvm/prebuilt/linux-x86_64/sysroot/usr/include/c++/v1/vector:1100:22: note: in instantiation of function template specialization 'std::__uninitialized_allocator_copy<std::allocator<latinime::NgramProperty>, latinime::NgramProperty *, latinime::NgramProperty *, latinime::NgramProperty *>' requested here
build	Build DaddyBoard (HeliBoard fork)	2026-09-30T15:55:37.3479835Z C/C++:  1100 |   __tx.__pos_ = std::__uninitialized_allocator_copy(__alloc(), __first, __last, __tx.__pos_);
build	Build DaddyBoard (HeliBoard fork)	2026-09-30T15:55:37.3480584Z C/C++:       |                      ^
build	Build DaddyBoard (HeliBoard fork)	2026-09-30T15:55:37.3482558Z C/C++: /usr/local/lib/android/sdk/ndk/28.0.13004108/toolchains/llvm/prebuilt/linux-x86_64/sysroot/usr/include/c++/v1/vector:761:7: note: in instantiation of function template specialization 'std::vector<latinime::NgramProperty>::__construct_at_end<latinime::NgramProperty *, latinime::NgramProperty *>' requested here
build	Build DaddyBoard (HeliBoard fork)	2026-09-30T15:55:37.3484796Z C/C++:   761 |       __construct_at_end(__first, __last, __n);
build	Build DaddyBoard (HeliBoard fork)	2026-09-30T15:55:37.3485304Z C/C++:       |       ^
build	Build DaddyBoard (HeliBoard fork)	2026-09-30T15:55:37.3487207Z C/C++: /usr/local/lib/android/sdk/ndk/28.0.13004108/toolchains/llvm/prebuilt/linux-x86_64/sysroot/usr/include/c++/v1/vector:1213:3: note: in instantiation of function template specialization 'std::vector<latinime::NgramProperty>::__init_with_size<latinime::NgramProperty *, latinime::NgramProperty *>' requested here
build	Build DaddyBoard (HeliBoard fork)	2026-09-30T15:55:37.3489273Z C/C++:  1213 |   __init_with_size(__x.__begin_, __x.__end_, __x.size());
build	Build DaddyBoard (HeliBoard fork)	2026-09-30T15:55:37.3489814Z C/C++:       |   ^
build	Build DaddyBoard (HeliBoard fork)	2026-09-30T15:55:37.3491260Z C/C++: /home/runner/work/daddyboard/daddyboard/daddyboard-main/app/src/main/jni/src/dictionary/property/word_property.h:39:15: note: in instantiation of member function 'std::vector<latinime::NgramProperty>::vector' requested here
build	Build DaddyBoard (HeliBoard fork)	2026-09-30T15:55:37.3493147Z C/C++:    39 |               mNgrams(ngrams) {}
build	Build DaddyBoard (HeliBoard fork)	2026-09-30T15:55:37.3493592Z C/C++:       |               ^
build	Build DaddyBoard (HeliBoard fork)	2026-09-30T15:55:37.3493986Z C/C++: 6 warnings generated.
build	Build DaddyBoard (HeliBoard fork)	2026-09-30T15:55:37.3495056Z C/C++: In file included from /home/runner/work/daddyboard/daddyboard/daddyboard-main/app/src/main/jni/src/suggest/core/dictionary/dictionary_utils.cpp:19:
build	Build DaddyBoard (HeliBoard fork)	2026-09-30T15:55:37.3496939Z C/C++: In file included from /home/runner/work/daddyboard/daddyboard/daddyboard-main/app/src/main/jni/src/dictionary/interface/dictionary_structure_with_buffer_policy.h:23:
build	Build DaddyBoard (HeliBoard fork)	2026-09-30T15:55:37.3499610Z C/C++: /home/runner/work/daddyboard/daddyboard/daddyboard-main/app/src/main/jni/src/dictionary/property/historical_info.h:52:5: warning: definition of implicit copy constructor for 'HistoricalInfo' is deprecated because it has a user-declared copy assignment operator [-Wdeprecated-copy]
build	Build DaddyBoard (HeliBoard fork)	2026-09-30T15:55:37.3501598Z C/C++:    52 |     DISALLOW_ASSIGNMENT_OPERATOR(HistoricalInfo);
build	Build DaddyBoard (HeliBoard fork)	2026-09-30T15:55:37.3502106Z C/C++:       |     ^
build	Build DaddyBoard (HeliBoard fork)	2026-09-30T15:55:37.3533443Z C/C++: /home/runner/work/daddyboard/daddyboard/daddyboard-main/app/src/main/jni/src/defines.h:289:8: note: expanded from macro 'DISALLOW_ASSIGNMENT_OPERATOR'
build	Build DaddyBoard (HeliBoard fork)	2026-09-30T15:55:37.3534777Z C/C++:   289 |   void operator=(const TypeName&) = delete
build	Build DaddyBoard (HeliBoard fork)	2026-09-30T15:55:37.3535347Z C/C++:       |        ^
build	Build DaddyBoard (HeliBoard fork)	2026-09-30T15:55:37.3536753Z C/C++: /home/runner/work/daddyboard/daddyboard/daddyboard-main/app/src/main/jni/src/dictionary/property/ngram_property.h:33:42: note: in implicit copy constructor for 'latinime::HistoricalInfo' first required here
build	Build DaddyBoard (HeliBoard fork)	2026-09-30T15:55:37.3538412Z C/C++:    33 |               mProbability(probability), mHistoricalInfo(historicalInfo) {}
build	Build DaddyBoard (HeliBoard fork)	2026-09-30T15:55:37.3539095Z C/C++:       |                                          ^
build	Build DaddyBoard (HeliBoard fork)	2026-09-30T15:55:37.3540226Z C/C++: In file included from /home/runner/work/daddyboard/daddyboard/daddyboard-main/app/src/main/jni/src/suggest/core/dictionary/dictionary_utils.cpp:19:
build	Build DaddyBoard (HeliBoard fork)	2026-09-30T15:55:37.3542120Z C/C++: In file included from /home/runner/work/daddyboard/daddyboard/daddyboard-main/app/src/main/jni/src/dictionary/interface/dictionary_structure_with_buffer_policy.h:25:
build	Build DaddyBoard (HeliBoard fork)	2026-09-30T15:55:37.3544256Z C/C++: In file included from /home/runner/work/daddyboard/daddyboard/daddyboard-main/app/src/main/jni/src/dictionary/property/word_property.h:24:
build	Build DaddyBoard (HeliBoard fork)	2026-09-30T15:55:37.3546816Z C/C++: /home/runner/work/daddyboard/daddyboard/daddyboard-main/app/src/main/jni/src/dictionary/property/unigram_property.h:126:5: warning: definition of implicit copy constructor for 'UnigramProperty' is deprecated because it has a user-declared copy assignment operator [-Wdeprecated-copy]
build	Build DaddyBoard (HeliBoard fork)	2026-09-30T15:55:37.3548840Z C/C++:   126 |     DISALLOW_ASSIGNMENT_OPERATOR(UnigramProperty);
build	Build DaddyBoard (HeliBoard fork)	2026-09-30T15:55:37.3549359Z C/C++:       |     ^
build	Build DaddyBoard (HeliBoard fork)	2026-09-30T15:55:37.3550364Z C/C++: /home/runner/work/daddyboard/daddyboard/daddyboard-main/app/src/main/jni/src/defines.h:289:8: note: expanded from macro 'DISALLOW_ASSIGNMENT_OPERATOR'
build	Build DaddyBoard (HeliBoard fork)	2026-09-30T15:55:37.3551539Z C/C++:   289 |   void operator=(const TypeName&) = delete
build	Build DaddyBoard (HeliBoard fork)	2026-09-30T15:55:37.3552014Z C/C++:       |        ^
build	Build DaddyBoard (HeliBoard fork)	2026-09-30T15:55:37.3553547Z C/C++: /home/runner/work/daddyboard/daddyboard/daddyboard-main/app/src/main/jni/src/dictionary/property/word_property.h:38:51: note: in implicit copy constructor for 'latinime::UnigramProperty' first required here
build	Build DaddyBoard (HeliBoard fork)	2026-09-30T15:55:37.3555262Z C/C++:    38 |             : mCodePoints(std::move(codePoints)), mUnigramProperty(unigramProperty),
build	Build DaddyBoard (HeliBoard fork)	2026-09-30T15:55:37.3556002Z C/C++:       |                                                   ^
build	Build DaddyBoard (HeliBoard fork)	2026-09-30T15:55:37.3557149Z C/C++: In file included from /home/runner/work/daddyboard/daddyboard/daddyboard-main/app/src/main/jni/src/suggest/core/dictionary/dictionary_utils.cpp:17:
build	Build DaddyBoard (HeliBoard fork)	2026-09-30T15:55:37.3558896Z C/C++: In file included from /home/runner/work/daddyboard/daddyboard/daddyboard-main/app/src/main/jni/src/suggest/core/dictionary/dictionary_utils.h:23:
build	Build DaddyBoard (HeliBoard fork)	2026-09-30T15:55:37.3561535Z C/C++: /home/runner/work/daddyboard/daddyboard/daddyboard-main/app/src/main/jni/src/utils/int_array_view.h:160:5: warning: definition of implicit copy constructor for 'IntArrayView' is deprecated because it has a user-declared copy assignment operator [-Wdeprecated-copy]
build	Build DaddyBoard (HeliBoard fork)	2026-09-30T15:55:37.3593823Z C/C++:   160 |     DISALLOW_ASSIGNMENT_OPERATOR(IntArrayView);
build	Build DaddyBoard (HeliBoard fork)	2026-09-30T15:55:37.3594377Z C/C++:       |     ^
build	Build DaddyBoard (HeliBoard fork)	2026-09-30T15:55:37.3595424Z C/C++: /home/runner/work/daddyboard/daddyboard/daddyboard-main/app/src/main/jni/src/defines.h:289:8: note: expanded from macro 'DISALLOW_ASSIGNMENT_OPERATOR'
build	Build DaddyBoard (HeliBoard fork)	2026-09-30T15:55:37.3596623Z C/C++:   289 |   void operator=(const TypeName&) = delete
build	Build DaddyBoard (HeliBoard fork)	2026-09-30T15:55:37.3597107Z C/C++:       |        ^
build	Build DaddyBoard (HeliBoard fork)	2026-09-30T15:55:37.3598437Z C/C++: /home/runner/work/daddyboard/daddyboard/daddyboard-main/app/src/main/jni/src/suggest/core/dicnode/dic_node.h:110:53: note: in implicit copy constructor for 'latinime::IntArrayView' first required here
build	Build DaddyBoard (HeliBoard fork)	2026-09-30T15:55:37.3600039Z C/C++:   110 |         mDicNodeProperties.init(rootPtNodeArrayPos, prevWordIds);
build	Build DaddyBoard (HeliBoard fork)	2026-09-30T15:55:37.3600708Z C/C++:       |                                                     ^
build	Build DaddyBoard (HeliBoard fork)	2026-09-30T15:55:37.3601863Z C/C++: In file included from /home/runner/work/daddyboard/daddyboard/daddyboard-main/app/src/main/jni/src/suggest/core/dictionary/dictionary_utils.cpp:19:
build	Build DaddyBoard (HeliBoard fork)	2026-09-30T15:55:37.3603914Z C/C++: In file included from /home/runner/work/daddyboard/daddyboard/daddyboard-main/app/src/main/jni/src/dictionary/interface/dictionary_structure_with_buffer_policy.h:25:
build	Build DaddyBoard (HeliBoard fork)	2026-09-30T15:55:37.3605750Z C/C++: In file included from /home/runner/work/daddyboard/daddyboard/daddyboard-main/app/src/main/jni/src/dictionary/property/word_property.h:23:
build	Build DaddyBoard (HeliBoard fork)	2026-09-30T15:55:37.3608232Z C/C++: /home/runner/work/daddyboard/daddyboard/daddyboard-main/app/src/main/jni/src/dictionary/property/ngram_property.h:54:5: warning: definition of implicit copy constructor for 'NgramProperty' is deprecated because it has a user-declared copy assignment operator [-Wdeprecated-copy]
build	Build DaddyBoard (HeliBoard fork)	2026-09-30T15:55:37.3610199Z C/C++:    54 |     DISALLOW_ASSIGNMENT_OPERATOR(NgramProperty);
build	Build DaddyBoard (HeliBoard fork)	2026-09-30T15:55:37.3610705Z C/C++:       |     ^
build	Build DaddyBoard (HeliBoard fork)	2026-09-30T15:55:37.3611711Z C/C++: /home/runner/work/daddyboard/daddyboard/daddyboard-main/app/src/main/jni/src/defines.h:289:8: note: expanded from macro 'DISALLOW_ASSIGNMENT_OPERATOR'
build	Build DaddyBoard (HeliBoard fork)	2026-09-30T15:55:37.3613278Z C/C++:   289 |   void operator=(const TypeName&) = delete
build	Build DaddyBoard (HeliBoard fork)	2026-09-30T15:55:37.3613764Z C/C++:       |        ^
build	Build DaddyBoard (HeliBoard fork)	2026-09-30T15:55:37.3615191Z C/C++: /usr/local/lib/android/sdk/ndk/28.0.13004108/toolchains/llvm/prebuilt/linux-x86_64/sysroot/usr/include/c++/v1/__memory/allocator.h:173:24: note: in implicit copy constructor for 'latinime::NgramProperty' first required here
build	Build DaddyBoard (HeliBoard fork)	2026-09-30T15:55:37.3616789Z C/C++:   173 |     ::new ((void*)__p) _Up(std::forward<_Args>(__args)...);
build	Build DaddyBoard (HeliBoard fork)	2026-09-30T15:55:37.3617335Z C/C++:       |                        ^
build	Build DaddyBoard (HeliBoard fork)	2026-09-30T15:55:37.3619411Z C/C++: /usr/local/lib/android/sdk/ndk/28.0.13004108/toolchains/llvm/prebuilt/linux-x86_64/sysroot/usr/include/c++/v1/__memory/allocator_traits.h:320:9: note: in instantiation of function template specialization 'std::allocator<latinime::NgramProperty>::construct<latinime::NgramProperty, latinime::NgramProperty &>' requested here
build	Build DaddyBoard (HeliBoard fork)	2026-09-30T15:55:37.3621611Z C/C++:   320 |     __a.construct(__p, std::forward<_Args>(__args)...);
build	Build DaddyBoard (HeliBoard fork)	2026-09-30T15:55:37.3622143Z C/C++:       |         ^
build	Build DaddyBoard (HeliBoard fork)	2026-09-30T15:55:37.3645718Z C/C++: /usr/local/lib/android/sdk/ndk/28.0.13004108/toolchains/llvm/prebuilt/linux-x86_64/sysroot/usr/include/c++/v1/__memory/uninitialized_algorithms.h:551:31: note: in instantiation of function template specialization 'std::allocator_traits<std::allocator<latinime::NgramProperty>>::construct<latinime::NgramProperty, latinime::NgramProperty &, 0>' requested here
build	Build DaddyBoard (HeliBoard fork)	2026-09-30T15:55:37.3648437Z C/C++:   551 |     allocator_traits<_Alloc>::construct(__alloc, std::__to_address(__first2), *__first1);
build	Build DaddyBoard (HeliBoard fork)	2026-09-30T15:55:37.3649468Z C/C++:       |                               ^
build	Build DaddyBoard (HeliBoard fork)	2026-09-30T15:55:37.3652014Z C/C++: /usr/local/lib/android/sdk/ndk/28.0.13004108/toolchains/llvm/prebuilt/linux-x86_64/sysroot/usr/include/c++/v1/__memory/uninitialized_algorithms.h:594:33: note: in instantiation of function template specialization 'std::__uninitialized_allocator_copy_impl<std::allocator<latinime::NgramProperty>, latinime::NgramProperty *, latinime::NgramProperty *, latinime::NgramProperty *>' requested here
build	Build DaddyBoard (HeliBoard fork)	2026-09-30T15:55:37.3654852Z C/C++:   594 |   auto __result          = std::__uninitialized_allocator_copy_impl(
build	Build DaddyBoard (HeliBoard fork)	2026-09-30T15:55:37.3655474Z C/C++:       |                                 ^
build	Build DaddyBoard (HeliBoard fork)	2026-09-30T15:55:37.3657784Z C/C++: /usr/local/lib/android/sdk/ndk/28.0.13004108/toolchains/llvm/prebuilt/linux-x86_64/sysroot/usr/include/c++/v1/vector:1100:22: note: in instantiation of function template specialization 'std::__uninitialized_allocator_copy<std::allocator<latinime::NgramProperty>, latinime::NgramProperty *, latinime::NgramProperty *, latinime::NgramProperty *>' requested here
build	Build DaddyBoard (HeliBoard fork)	2026-09-30T15:55:37.3660380Z C/C++:  1100 |   __tx.__pos_ = std::__uninitialized_allocator_copy(__alloc(), __first, __last, __tx.__pos_);
build	Build DaddyBoard (HeliBoard fork)	2026-09-30T15:55:37.3661136Z C/C++:       |                      ^
build	Build DaddyBoard (HeliBoard fork)	2026-09-30T15:55:37.3663219Z C/C++: /usr/local/lib/android/sdk/ndk/28.0.13004108/toolchains/llvm/prebuilt/linux-x86_64/sysroot/usr/include/c++/v1/vector:761:7: note: in instantiation of function template specialization 'std::vector<latinime::NgramProperty>::__construct_at_end<latinime::NgramProperty *, latinime::NgramProperty *>' requested here
build	Build DaddyBoard (HeliBoard fork)	2026-09-30T15:55:37.3665289Z C/C++:   761 |       __construct_at_end(__first, __last, __n);
build	Build DaddyBoard (HeliBoard fork)	2026-09-30T15:55:37.3665779Z C/C++:       |       ^
build	Build DaddyBoard (HeliBoard fork)	2026-09-30T15:55:37.3667686Z C/C++: /usr/local/lib/android/sdk/ndk/28.0.13004108/toolchains/llvm/prebuilt/linux-x86_64/sysroot/usr/include/c++/v1/vector:1213:3: note: in instantiation of function template specialization 'std::vector<latinime::NgramProperty>::__init_with_size<latinime::NgramProperty *, latinime::NgramProperty *>' requested here
build	Build DaddyBoard (HeliBoard fork)	2026-09-30T15:55:37.3669770Z C/C++:  1213 |   __init_with_size(__x.__begin_, __x.__end_, __x.size());
build	Build DaddyBoard (HeliBoard fork)	2026-09-30T15:55:37.3670309Z C/C++:       |   ^
build	Build DaddyBoard (HeliBoard fork)	2026-09-30T15:55:37.3671756Z C/C++: /home/runner/work/daddyboard/daddyboard/daddyboard-main/app/src/main/jni/src/dictionary/property/word_property.h:39:15: note: in instantiation of member function 'std::vector<latinime::NgramProperty>::vector' requested here
build	Build DaddyBoard (HeliBoard fork)	2026-09-30T15:55:37.3703907Z C/C++:    39 |               mNgrams(ngrams) {}
build	Build DaddyBoard (HeliBoard fork)	2026-09-30T15:55:37.3704391Z C/C++:       |               ^
build	Build DaddyBoard (HeliBoard fork)	2026-09-30T15:55:37.3704774Z C/C++: 4 warnings generated.
build	Build DaddyBoard (HeliBoard fork)	2026-09-30T15:55:37.3705819Z C/C++: In file included from /home/runner/work/daddyboard/daddyboard/daddyboard-main/app/src/main/jni/src/suggest/core/layout/proximity_info.cpp:19:
build	Build DaddyBoard (HeliBoard fork)	2026-09-30T15:55:37.3707504Z C/C++: In file included from /home/runner/work/daddyboard/daddyboard/daddyboard-main/app/src/main/jni/src/suggest/core/layout/proximity_info.h:25:
build	Build DaddyBoard (HeliBoard fork)	2026-09-30T15:55:37.3709613Z C/C++: /home/runner/work/daddyboard/daddyboard/daddyboard-main/app/src/main/jni/src/suggest/core/layout/proximity_info_utils.h:75:25: warning: variable 'proximityChar' set but not used [-Wunused-but-set-variable]
build	Build DaddyBoard (HeliBoard fork)	2026-09-30T15:55:37.3711109Z C/C++:    75 |                     int proximityChar =
build	Build DaddyBoard (HeliBoard fork)	2026-09-30T15:55:37.3711590Z C/C++:       |                         ^
build	Build DaddyBoard (HeliBoard fork)	2026-09-30T15:55:37.3712004Z C/C++: 1 warning generated.
build	Build DaddyBoard (HeliBoard fork)	2026-09-30T15:55:37.3713200Z C/C++: In file included from /home/runner/work/daddyboard/daddyboard/daddyboard-main/app/src/main/jni/src/suggest/core/layout/proximity_info_state.cpp:29:
build	Build DaddyBoard (HeliBoard fork)	2026-09-30T15:55:37.3714916Z C/C++: In file included from /home/runner/work/daddyboard/daddyboard/daddyboard-main/app/src/main/jni/src/suggest/core/layout/proximity_info.h:25:
build	Build DaddyBoard (HeliBoard fork)	2026-09-30T15:55:37.3716980Z C/C++: /home/runner/work/daddyboard/daddyboard/daddyboard-main/app/src/main/jni/src/suggest/core/layout/proximity_info_utils.h:75:25: warning: variable 'proximityChar' set but not used [-Wunused-but-set-variable]
build	Build DaddyBoard (HeliBoard fork)	2026-09-30T15:55:37.3718779Z C/C++:    75 |                     int proximityChar =
build	Build DaddyBoard (HeliBoard fork)	2026-09-30T15:55:37.3719248Z C/C++:       |                         ^
build	Build DaddyBoard (HeliBoard fork)	2026-09-30T15:55:37.3719663Z C/C++: 1 warning generated.
build	Build DaddyBoard (HeliBoard fork)	2026-09-30T15:55:37.3720785Z C/C++: In file included from /home/runner/work/daddyboard/daddyboard/daddyboard-main/app/src/main/jni/src/suggest/core/layout/proximity_info_state_utils.cpp:29:
build	Build DaddyBoard (HeliBoard fork)	2026-09-30T15:55:37.3722544Z C/C++: In file included from /home/runner/work/daddyboard/daddyboard/daddyboard-main/app/src/main/jni/src/suggest/core/layout/proximity_info.h:25:
build	Build DaddyBoard (HeliBoard fork)	2026-09-30T15:55:37.3724765Z C/C++: /home/runner/work/daddyboard/daddyboard/daddyboard-main/app/src/main/jni/src/suggest/core/layout/proximity_info_utils.h:75:25: warning: variable 'proximityChar' set but not used [-Wunused-but-set-variable]
build	Build DaddyBoard (HeliBoard fork)	2026-09-30T15:55:37.3726265Z C/C++:    75 |                     int proximityChar =
build	Build DaddyBoard (HeliBoard fork)	2026-09-30T15:55:37.3726743Z C/C++:       |                         ^
build	Build DaddyBoard (HeliBoard fork)	2026-09-30T15:55:37.3728192Z C/C++: /home/runner/work/daddyboard/daddyboard/daddyboard-main/app/src/main/jni/src/suggest/core/layout/proximity_info_state_utils.cpp:493:9: warning: variable 'tempTime' set but not used [-Wunused-but-set-variable]
build	Build DaddyBoard (HeliBoard fork)	2026-09-30T15:55:37.3729645Z C/C++:   493 |     int tempTime = 0;
build	Build DaddyBoard (HeliBoard fork)	2026-09-30T15:55:37.3730048Z C/C++:       |         ^
build	Build DaddyBoard (HeliBoard fork)	2026-09-30T15:55:37.3730404Z C/C++: 2 warnings generated.
build	Build DaddyBoard (HeliBoard fork)	2026-09-30T15:55:37.3731379Z C/C++: In file included from /home/runner/work/daddyboard/daddyboard/daddyboard-main/app/src/main/jni/src/suggest/core/policy/weighting.cpp:20:
build	Build DaddyBoard (HeliBoard fork)	2026-09-30T15:55:37.3773335Z C/C++: In file included from /home/runner/work/daddyboard/daddyboard/daddyboard-main/app/src/main/jni/src/suggest/core/dicnode/dic_node.h:22:
build	Build DaddyBoard (HeliBoard fork)	2026-09-30T15:55:37.3775168Z C/C++: In file included from /home/runner/work/daddyboard/daddyboard/daddyboard-main/app/src/main/jni/src/suggest/core/dicnode/dic_node_utils.h:21:
build	Build DaddyBoard (HeliBoard fork)	2026-09-30T15:55:37.3777600Z C/C++: /home/runner/work/daddyboard/daddyboard/daddyboard-main/app/src/main/jni/src/utils/int_array_view.h:160:5: warning: definition of implicit copy constructor for 'IntArrayView' is deprecated because it has a user-declared copy assignment operator [-Wdeprecated-copy]
build	Build DaddyBoard (HeliBoard fork)	2026-09-30T15:55:37.3779481Z C/C++:   160 |     DISALLOW_ASSIGNMENT_OPERATOR(IntArrayView);
build	Build DaddyBoard (HeliBoard fork)	2026-09-30T15:55:37.3780331Z C/C++:       |     ^
build	Build DaddyBoard (HeliBoard fork)	2026-09-30T15:55:37.3781349Z C/C++: /home/runner/work/daddyboard/daddyboard/daddyboard-main/app/src/main/jni/src/defines.h:289:8: note: expanded from macro 'DISALLOW_ASSIGNMENT_OPERATOR'
build	Build DaddyBoard (HeliBoard fork)	2026-09-30T15:55:37.3782526Z C/C++:   289 |   void operator=(const TypeName&) = delete
build	Build DaddyBoard (HeliBoard fork)	2026-09-30T15:55:37.3783149Z C/C++:       |        ^
build	Build DaddyBoard (HeliBoard fork)	2026-09-30T15:55:37.3784477Z C/C++: /home/runner/work/daddyboard/daddyboard/daddyboard-main/app/src/main/jni/src/suggest/core/dicnode/dic_node.h:110:53: note: in implicit copy constructor for 'latinime::IntArrayView' first required here
build	Build DaddyBoard (HeliBoard fork)	2026-09-30T15:55:37.3786044Z C/C++:   110 |         mDicNodeProperties.init(rootPtNodeArrayPos, prevWordIds);
build	Build DaddyBoard (HeliBoard fork)	2026-09-30T15:55:37.3786720Z C/C++:       |                                                     ^
build	Build DaddyBoard (HeliBoard fork)	2026-09-30T15:55:37.3787819Z C/C++: In file included from /home/runner/work/daddyboard/daddyboard/daddyboard-main/app/src/main/jni/src/suggest/core/policy/weighting.cpp:24:
build	Build DaddyBoard (HeliBoard fork)	2026-09-30T15:55:37.3789516Z C/C++: In file included from /home/runner/work/daddyboard/daddyboard/daddyboard-main/app/src/main/jni/src/suggest/core/session/dic_traverse_session.h:23:
build	Build DaddyBoard (HeliBoard fork)	2026-09-30T15:55:37.3791215Z C/C++: In file included from /home/runner/work/daddyboard/daddyboard/daddyboard-main/app/src/main/jni/src/dictionary/utils/multi_bigram_map.h:24:
build	Build DaddyBoard (HeliBoard fork)	2026-09-30T15:55:37.3793171Z C/C++: In file included from /home/runner/work/daddyboard/daddyboard/daddyboard-main/app/src/main/jni/src/dictionary/interface/dictionary_structure_with_buffer_policy.h:23:
build	Build DaddyBoard (HeliBoard fork)	2026-09-30T15:55:37.3795848Z C/C++: /home/runner/work/daddyboard/daddyboard/daddyboard-main/app/src/main/jni/src/dictionary/property/historical_info.h:52:5: warning: definition of implicit copy constructor for 'HistoricalInfo' is deprecated because it has a user-declared copy assignment operator [-Wdeprecated-copy]
build	Build DaddyBoard (HeliBoard fork)	2026-09-30T15:55:37.3798014Z C/C++:    52 |     DISALLOW_ASSIGNMENT_OPERATOR(HistoricalInfo);
build	Build DaddyBoard (HeliBoard fork)	2026-09-30T15:55:37.3798521Z C/C++:       |     ^
build	Build DaddyBoard (HeliBoard fork)	2026-09-30T15:55:37.3799530Z C/C++: /home/runner/work/daddyboard/daddyboard/daddyboard-main/app/src/main/jni/src/defines.h:289:8: note: expanded from macro 'DISALLOW_ASSIGNMENT_OPERATOR'
build	Build DaddyBoard (HeliBoard fork)	2026-09-30T15:55:37.3800712Z C/C++:   289 |   void operator=(const TypeName&) = delete
build	Build DaddyBoard (HeliBoard fork)	2026-09-30T15:55:37.3801187Z C/C++:       |        ^
build	Build DaddyBoard (HeliBoard fork)	2026-09-30T15:55:37.3802549Z C/C++: /home/runner/work/daddyboard/daddyboard/daddyboard-main/app/src/main/jni/src/dictionary/property/ngram_property.h:33:42: note: in implicit copy constructor for 'latinime::HistoricalInfo' first required here
build	Build DaddyBoard (HeliBoard fork)	2026-09-30T15:55:37.3834666Z C/C++:    33 |               mProbability(probability), mHistoricalInfo(historicalInfo) {}
build	Build DaddyBoard (HeliBoard fork)	2026-09-30T15:55:37.3835389Z C/C++:       |                                          ^
build	Build DaddyBoard (HeliBoard fork)	2026-09-30T15:55:37.3836491Z C/C++: In file included from /home/runner/work/daddyboard/daddyboard/daddyboard-main/app/src/main/jni/src/suggest/core/policy/weighting.cpp:24:
build	Build DaddyBoard (HeliBoard fork)	2026-09-30T15:55:37.3838190Z C/C++: In file included from /home/runner/work/daddyboard/daddyboard/daddyboard-main/app/src/main/jni/src/suggest/core/session/dic_traverse_session.h:23:
build	Build DaddyBoard (HeliBoard fork)	2026-09-30T15:55:37.3839898Z C/C++: In file included from /home/runner/work/daddyboard/daddyboard/daddyboard-main/app/src/main/jni/src/dictionary/utils/multi_bigram_map.h:24:
build	Build DaddyBoard (HeliBoard fork)	2026-09-30T15:55:37.3841711Z C/C++: In file included from /home/runner/work/daddyboard/daddyboard/daddyboard-main/app/src/main/jni/src/dictionary/interface/dictionary_structure_with_buffer_policy.h:25:
build	Build DaddyBoard (HeliBoard fork)	2026-09-30T15:55:37.3843689Z C/C++: In file included from /home/runner/work/daddyboard/daddyboard/daddyboard-main/app/src/main/jni/src/dictionary/property/word_property.h:24:
build	Build DaddyBoard (HeliBoard fork)	2026-09-30T15:55:37.3846246Z C/C++: /home/runner/work/daddyboard/daddyboard/daddyboard-main/app/src/main/jni/src/dictionary/property/unigram_property.h:126:5: warning: definition of implicit copy constructor for 'UnigramProperty' is deprecated because it has a user-declared copy assignment operator [-Wdeprecated-copy]
build	Build DaddyBoard (HeliBoard fork)	2026-09-30T15:55:37.3848296Z C/C++:   126 |     DISALLOW_ASSIGNMENT_OPERATOR(UnigramProperty);
build	Build DaddyBoard (HeliBoard fork)	2026-09-30T15:55:37.3890695Z C/C++:       |     ^
build	Build DaddyBoard (HeliBoard fork)	2026-09-30T15:55:37.3891921Z C/C++: /home/runner/work/daddyboard/daddyboard/daddyboard-main/app/src/main/jni/src/defines.h:289:8: note: expanded from macro 'DISALLOW_ASSIGNMENT_OPERATOR'
build	Build DaddyBoard (HeliBoard fork)	2026-09-30T15:55:37.3893270Z C/C++:   289 |   void operator=(const TypeName&) = delete
build	Build DaddyBoard (HeliBoard fork)	2026-09-30T15:55:37.3893770Z C/C++:       |        ^
build	Build DaddyBoard (HeliBoard fork)	2026-09-30T15:55:37.3895198Z C/C++: /home/runner/work/daddyboard/daddyboard/daddyboard-main/app/src/main/jni/src/dictionary/property/word_property.h:38:51: note: in implicit copy constructor for 'latinime::UnigramProperty' first required here
build	Build DaddyBoard (HeliBoard fork)	2026-09-30T15:55:37.3896915Z C/C++:    38 |             : mCodePoints(std::move(codePoints)), mUnigramProperty(unigramProperty),
build	Build DaddyBoard (HeliBoard fork)	2026-09-30T15:55:37.3897671Z C/C++:       |                                                   ^
build	Build DaddyBoard (HeliBoard fork)	2026-09-30T15:55:37.3898760Z C/C++: In file included from /home/runner/work/daddyboard/daddyboard/daddyboard-main/app/src/main/jni/src/suggest/core/policy/weighting.cpp:24:
build	Build DaddyBoard (HeliBoard fork)	2026-09-30T15:55:37.3900477Z C/C++: In file included from /home/runner/work/daddyboard/daddyboard/daddyboard-main/app/src/main/jni/src/suggest/core/session/dic_traverse_session.h:23:
build	Build DaddyBoard (HeliBoard fork)	2026-09-30T15:55:37.3902174Z C/C++: In file included from /home/runner/work/daddyboard/daddyboard/daddyboard-main/app/src/main/jni/src/dictionary/utils/multi_bigram_map.h:27:
build	Build DaddyBoard (HeliBoard fork)	2026-09-30T15:55:37.3904767Z C/C++: /home/runner/work/daddyboard/daddyboard/daddyboard-main/app/src/main/jni/src/dictionary/utils/bloom_filter.h:47:5: warning: definition of implicit copy constructor for 'BloomFilter' is deprecated because it has a user-declared copy assignment operator [-Wdeprecated-copy]
build	Build DaddyBoard (HeliBoard fork)	2026-09-30T15:55:37.3906669Z C/C++:    47 |     DISALLOW_ASSIGNMENT_OPERATOR(BloomFilter);
build	Build DaddyBoard (HeliBoard fork)	2026-09-30T15:55:37.3907442Z C/C++:       |     ^
build	Build DaddyBoard (HeliBoard fork)	2026-09-30T15:55:37.3908456Z C/C++: /home/runner/work/daddyboard/daddyboard/daddyboard-main/app/src/main/jni/src/defines.h:289:8: note: expanded from macro 'DISALLOW_ASSIGNMENT_OPERATOR'
build	Build DaddyBoard (HeliBoard fork)	2026-09-30T15:55:37.3909628Z C/C++:   289 |   void operator=(const TypeName&) = delete
build	Build DaddyBoard (HeliBoard fork)	2026-09-30T15:55:37.3910113Z C/C++:       |        ^
build	Build DaddyBoard (HeliBoard fork)	2026-09-30T15:55:37.3911438Z C/C++: /home/runner/work/daddyboard/daddyboard/daddyboard-main/app/src/main/jni/src/dictionary/utils/multi_bigram_map.h:57:53: note: in implicit copy constructor for 'latinime::BloomFilter' first required here
build	Build DaddyBoard (HeliBoard fork)	2026-09-30T15:55:37.3943439Z C/C++:    57 |                 : mBigramMap(bigramMap.mBigramMap), mBloomFilter(bigramMap.mBloomFilter) {}
build	Build DaddyBoard (HeliBoard fork)	2026-09-30T15:55:37.3944306Z C/C++:       |                                                     ^
build	Build DaddyBoard (HeliBoard fork)	2026-09-30T15:55:37.3945449Z C/C++: In file included from /home/runner/work/daddyboard/daddyboard/daddyboard-main/app/src/main/jni/src/suggest/core/policy/weighting.cpp:24:
build	Build DaddyBoard (HeliBoard fork)	2026-09-30T15:55:37.3947175Z C/C++: In file included from /home/runner/work/daddyboard/daddyboard/daddyboard-main/app/src/main/jni/src/suggest/core/session/dic_traverse_session.h:23:
build	Build DaddyBoard (HeliBoard fork)	2026-09-30T15:55:37.3948875Z C/C++: In file included from /home/runner/work/daddyboard/daddyboard/daddyboard-main/app/src/main/jni/src/dictionary/utils/multi_bigram_map.h:24:
build	Build DaddyBoard (HeliBoard fork)	2026-09-30T15:55:37.3950707Z C/C++: In file included from /home/runner/work/daddyboard/daddyboard/daddyboard-main/app/src/main/jni/src/dictionary/interface/dictionary_structure_with_buffer_policy.h:25:
build	Build DaddyBoard (HeliBoard fork)	2026-09-30T15:55:37.3952541Z C/C++: In file included from /home/runner/work/daddyboard/daddyboard/daddyboard-main/app/src/main/jni/src/dictionary/property/word_property.h:23:
build	Build DaddyBoard (HeliBoard fork)	2026-09-30T15:55:37.3955192Z C/C++: /home/runner/work/daddyboard/daddyboard/daddyboard-main/app/src/main/jni/src/dictionary/property/ngram_property.h:54:5: warning: definition of implicit copy constructor for 'NgramProperty' is deprecated because it has a user-declared copy assignment operator [-Wdeprecated-copy]
build	Build DaddyBoard (HeliBoard fork)	2026-09-30T15:55:37.3957186Z C/C++:    54 |     DISALLOW_ASSIGNMENT_OPERATOR(NgramProperty);
build	Build DaddyBoard (HeliBoard fork)	2026-09-30T15:55:37.3957702Z C/C++:       |     ^
build	Build DaddyBoard (HeliBoard fork)	2026-09-30T15:55:37.3958715Z C/C++: /home/runner/work/daddyboard/daddyboard/daddyboard-main/app/src/main/jni/src/defines.h:289:8: note: expanded from macro 'DISALLOW_ASSIGNMENT_OPERATOR'
build	Build DaddyBoard (HeliBoard fork)	2026-09-30T15:55:37.3960137Z C/C++:   289 |   void operator=(const TypeName&) = delete
build	Build DaddyBoard (HeliBoard fork)	2026-09-30T15:55:37.3960633Z C/C++:       |        ^
build	Build DaddyBoard (HeliBoard fork)	2026-09-30T15:55:37.3962035Z C/C++: /usr/local/lib/android/sdk/ndk/28.0.13004108/toolchains/llvm/prebuilt/linux-x86_64/sysroot/usr/include/c++/v1/__memory/allocator.h:173:24: note: in implicit copy constructor for 'latinime::NgramProperty' first required here
build	Build DaddyBoard (HeliBoard fork)	2026-09-30T15:55:37.3963770Z C/C++:   173 |     ::new ((void*)__p) _Up(std::forward<_Args>(__args)...);
build	Build DaddyBoard (HeliBoard fork)	2026-09-30T15:55:37.3964326Z C/C++:       |                        ^
build	Build DaddyBoard (HeliBoard fork)	2026-09-30T15:55:37.3966408Z C/C++: /usr/local/lib/android/sdk/ndk/28.0.13004108/toolchains/llvm/prebuilt/linux-x86_64/sysroot/usr/include/c++/v1/__memory/allocator_traits.h:320:9: note: in instantiation of function template specialization 'std::allocator<latinime::NgramProperty>::construct<latinime::NgramProperty, latinime::NgramProperty &>' requested here
build	Build DaddyBoard (HeliBoard fork)	2026-09-30T15:55:37.3968596Z C/C++:   320 |     __a.construct(__p, std::forward<_Args>(__args)...);
build	Build DaddyBoard (HeliBoard fork)	2026-09-30T15:55:37.3969133Z C/C++:       |         ^
build	Build DaddyBoard (HeliBoard fork)	2026-09-30T15:55:37.3971346Z C/C++: /usr/local/lib/android/sdk/ndk/28.0.13004108/toolchains/llvm/prebuilt/linux-x86_64/sysroot/usr/include/c++/v1/__memory/uninitialized_algorithms.h:551:31: note: in instantiation of function template specialization 'std::allocator_traits<std::allocator<latinime::NgramProperty>>::construct<latinime::NgramProperty, latinime::NgramProperty &, 0>' requested here
build	Build DaddyBoard (HeliBoard fork)	2026-09-30T15:55:37.4004345Z C/C++:   551 |     allocator_traits<_Alloc>::construct(__alloc, std::__to_address(__first2), *__first1);
build	Build DaddyBoard (HeliBoard fork)	2026-09-30T15:55:37.4005410Z C/C++:       |                               ^
build	Build DaddyBoard (HeliBoard fork)	2026-09-30T15:55:37.4007985Z C/C++: /usr/local/lib/android/sdk/ndk/28.0.13004108/toolchains/llvm/prebuilt/linux-x86_64/sysroot/usr/include/c++/v1/__memory/uninitialized_algorithms.h:594:33: note: in instantiation of function template specialization 'std::__uninitialized_allocator_copy_impl<std::allocator<latinime::NgramProperty>, latinime::NgramProperty *, latinime::NgramProperty *, latinime::NgramProperty *>' requested here
build	Build DaddyBoard (HeliBoard fork)	2026-09-30T15:55:37.4010688Z C/C++:   594 |   auto __result          = std::__uninitialized_allocator_copy_impl(
build	Build DaddyBoard (HeliBoard fork)	2026-09-30T15:55:37.4011317Z C/C++:       |                                 ^
build	Build DaddyBoard (HeliBoard fork)	2026-09-30T15:55:37.4013768Z C/C++: /usr/local/lib/android/sdk/ndk/28.0.13004108/toolchains/llvm/prebuilt/linux-x86_64/sysroot/usr/include/c++/v1/vector:1100:22: note: in instantiation of function template specialization 'std::__uninitialized_allocator_copy<std::allocator<latinime::NgramProperty>, latinime::NgramProperty *, latinime::NgramProperty *, latinime::NgramProperty *>' requested here
build	Build DaddyBoard (HeliBoard fork)	2026-09-30T15:55:37.4016366Z C/C++:  1100 |   __tx.__pos_ = std::__uninitialized_allocator_copy(__alloc(), __first, __last, __tx.__pos_);
build	Build DaddyBoard (HeliBoard fork)	2026-09-30T15:55:37.4017108Z C/C++:       |                      ^
build	Build DaddyBoard (HeliBoard fork)	2026-09-30T15:55:37.4019081Z C/C++: /usr/local/lib/android/sdk/ndk/28.0.13004108/toolchains/llvm/prebuilt/linux-x86_64/sysroot/usr/include/c++/v1/vector:761:7: note: in instantiation of function template specialization 'std::vector<latinime::NgramProperty>::__construct_at_end<latinime::NgramProperty *, latinime::NgramProperty *>' requested here
build	Build DaddyBoard (HeliBoard fork)	2026-09-30T15:55:37.4021139Z C/C++:   761 |       __construct_at_end(__first, __last, __n);
build	Build DaddyBoard (HeliBoard fork)	2026-09-30T15:55:37.4021629Z C/C++:       |       ^
build	Build DaddyBoard (HeliBoard fork)	2026-09-30T15:55:37.4023657Z C/C++: /usr/local/lib/android/sdk/ndk/28.0.13004108/toolchains/llvm/prebuilt/linux-x86_64/sysroot/usr/include/c++/v1/vector:1213:3: note: in instantiation of function template specialization 'std::vector<latinime::NgramProperty>::__init_with_size<latinime::NgramProperty *, latinime::NgramProperty *>' requested here
build	Build DaddyBoard (HeliBoard fork)	2026-09-30T15:55:37.4025503Z C/C++:  1213 |   __init_with_size(__x.__begin_, __x.__end_, __x.size());
build	Build DaddyBoard (HeliBoard fork)	2026-09-30T15:55:37.4025957Z C/C++:       |   ^
build	Build DaddyBoard (HeliBoard fork)	2026-09-30T15:55:37.4027179Z C/C++: /home/runner/work/daddyboard/daddyboard/daddyboard-main/app/src/main/jni/src/dictionary/property/word_property.h:39:15: note: in instantiation of member function 'std::vector<latinime::NgramProperty>::vector' requested here
build	Build DaddyBoard (HeliBoard fork)	2026-09-30T15:55:37.4028753Z C/C++:    39 |               mNgrams(ngrams) {}
build	Build DaddyBoard (HeliBoard fork)	2026-09-30T15:55:37.4029197Z C/C++:       |               ^
build	Build DaddyBoard (HeliBoard fork)	2026-09-30T15:55:37.4029569Z C/C++: 5 warnings generated.
build	Build DaddyBoard (HeliBoard fork)	2026-09-30T15:55:37.4030628Z C/C++: In file included from /home/runner/work/daddyboard/daddyboard/daddyboard-main/app/src/main/jni/src/suggest/core/session/dic_traverse_session.cpp:17:
build	Build DaddyBoard (HeliBoard fork)	2026-09-30T15:55:37.4032379Z C/C++: In file included from /home/runner/work/daddyboard/daddyboard/daddyboard-main/app/src/main/jni/src/suggest/core/session/dic_traverse_session.h:23:
build	Build DaddyBoard (HeliBoard fork)	2026-09-30T15:55:37.4064506Z C/C++: In file included from /home/runner/work/daddyboard/daddyboard/daddyboard-main/app/src/main/jni/src/dictionary/utils/multi_bigram_map.h:24:
build	Build DaddyBoard (HeliBoard fork)	2026-09-30T15:55:37.4066264Z C/C++: In file included from /home/runner/work/daddyboard/daddyboard/daddyboard-main/app/src/main/jni/src/dictionary/interface/dictionary_structure_with_buffer_policy.h:23:
build	Build DaddyBoard (HeliBoard fork)	2026-09-30T15:55:37.4068537Z C/C++: /home/runner/work/daddyboard/daddyboard/daddyboard-main/app/src/main/jni/src/dictionary/property/historical_info.h:52:5: warning: definition of implicit copy constructor for 'HistoricalInfo' is deprecated because it has a user-declared copy assignment operator [-Wdeprecated-copy]
build	Build DaddyBoard (HeliBoard fork)	2026-09-30T15:55:37.4070457Z C/C++:    52 |     DISALLOW_ASSIGNMENT_OPERATOR(HistoricalInfo);
build	Build DaddyBoard (HeliBoard fork)	2026-09-30T15:55:37.4070974Z C/C++:       |     ^
build	Build DaddyBoard (HeliBoard fork)	2026-09-30T15:55:37.4071978Z C/C++: /home/runner/work/daddyboard/daddyboard/daddyboard-main/app/src/main/jni/src/defines.h:289:8: note: expanded from macro 'DISALLOW_ASSIGNMENT_OPERATOR'
build	Build DaddyBoard (HeliBoard fork)	2026-09-30T15:55:37.4073554Z C/C++:   289 |   void operator=(const TypeName&) = delete
build	Build DaddyBoard (HeliBoard fork)	2026-09-30T15:55:37.4074034Z C/C++:       |        ^
build	Build DaddyBoard (HeliBoard fork)	2026-09-30T15:55:37.4075371Z C/C++: /home/runner/work/daddyboard/daddyboard/daddyboard-main/app/src/main/jni/src/dictionary/property/ngram_property.h:33:42: note: in implicit copy constructor for 'latinime::HistoricalInfo' first required here
build	Build DaddyBoard (HeliBoard fork)	2026-09-30T15:55:37.4076987Z C/C++:    33 |               mProbability(probability), mHistoricalInfo(historicalInfo) {}
build	Build DaddyBoard (HeliBoard fork)	2026-09-30T15:55:37.4077674Z C/C++:       |                                          ^
build	Build DaddyBoard (HeliBoard fork)	2026-09-30T15:55:37.4078817Z C/C++: In file included from /home/runner/work/daddyboard/daddyboard/daddyboard-main/app/src/main/jni/src/suggest/core/session/dic_traverse_session.cpp:17:
build	Build DaddyBoard (HeliBoard fork)	2026-09-30T15:55:37.4080587Z C/C++: In file included from /home/runner/work/daddyboard/daddyboard/daddyboard-main/app/src/main/jni/src/suggest/core/session/dic_traverse_session.h:23:
build	Build DaddyBoard (HeliBoard fork)	2026-09-30T15:55:37.4082291Z C/C++: In file included from /home/runner/work/daddyboard/daddyboard/daddyboard-main/app/src/main/jni/src/dictionary/utils/multi_bigram_map.h:24:
build	Build DaddyBoard (HeliBoard fork)	2026-09-30T15:55:37.4084319Z C/C++: In file included from /home/runner/work/daddyboard/daddyboard/daddyboard-main/app/src/main/jni/src/dictionary/interface/dictionary_structure_with_buffer_policy.h:25:
build	Build DaddyBoard (HeliBoard fork)	2026-09-30T15:55:37.4086170Z C/C++: In file included from /home/runner/work/daddyboard/daddyboard/daddyboard-main/app/src/main/jni/src/dictionary/property/word_property.h:24:
build	Build DaddyBoard (HeliBoard fork)	2026-09-30T15:55:37.4088702Z C/C++: /home/runner/work/daddyboard/daddyboard/daddyboard-main/app/src/main/jni/src/dictionary/property/unigram_property.h:126:5: warning: definition of implicit copy constructor for 'UnigramProperty' is deprecated because it has a user-declared copy assignment operator [-Wdeprecated-copy]
build	Build DaddyBoard (HeliBoard fork)	2026-09-30T15:55:37.4090702Z C/C++:   126 |     DISALLOW_ASSIGNMENT_OPERATOR(UnigramProperty);
build	Build DaddyBoard (HeliBoard fork)	2026-09-30T15:55:37.4091233Z C/C++:       |     ^
build	Build DaddyBoard (HeliBoard fork)	2026-09-30T15:55:37.4092234Z C/C++: /home/runner/work/daddyboard/daddyboard/daddyboard-main/app/src/main/jni/src/defines.h:289:8: note: expanded from macro 'DISALLOW_ASSIGNMENT_OPERATOR'
build	Build DaddyBoard (HeliBoard fork)	2026-09-30T15:55:37.4124082Z C/C++:   289 |   void operator=(const TypeName&) = delete
build	Build DaddyBoard (HeliBoard fork)	2026-09-30T15:55:37.4124609Z C/C++:       |        ^
build	Build DaddyBoard (HeliBoard fork)	2026-09-30T15:55:37.4126017Z C/C++: /home/runner/work/daddyboard/daddyboard/daddyboard-main/app/src/main/jni/src/dictionary/property/word_property.h:38:51: note: in implicit copy constructor for 'latinime::UnigramProperty' first required here
build	Build DaddyBoard (HeliBoard fork)	2026-09-30T15:55:37.4127967Z C/C++:    38 |             : mCodePoints(std::move(codePoints)), mUnigramProperty(unigramProperty),
build	Build DaddyBoard (HeliBoard fork)	2026-09-30T15:55:37.4128720Z C/C++:       |                                                   ^
build	Build DaddyBoard (HeliBoard fork)	2026-09-30T15:55:37.4129882Z C/C++: In file included from /home/runner/work/daddyboard/daddyboard/daddyboard-main/app/src/main/jni/src/suggest/core/session/dic_traverse_session.cpp:17:
build	Build DaddyBoard (HeliBoard fork)	2026-09-30T15:55:37.4131644Z C/C++: In file included from /home/runner/work/daddyboard/daddyboard/daddyboard-main/app/src/main/jni/src/suggest/core/session/dic_traverse_session.h:23:
build	Build DaddyBoard (HeliBoard fork)	2026-09-30T15:55:37.4133498Z C/C++: In file included from /home/runner/work/daddyboard/daddyboard/daddyboard-main/app/src/main/jni/src/dictionary/utils/multi_bigram_map.h:27:
build	Build DaddyBoard (HeliBoard fork)	2026-09-30T15:55:37.4136067Z C/C++: /home/runner/work/daddyboard/daddyboard/daddyboard-main/app/src/main/jni/src/dictionary/utils/bloom_filter.h:47:5: warning: definition of implicit copy constructor for 'BloomFilter' is deprecated because it has a user-declared copy assignment operator [-Wdeprecated-copy]
build	Build DaddyBoard (HeliBoard fork)	2026-09-30T15:55:37.4137991Z C/C++:    47 |     DISALLOW_ASSIGNMENT_OPERATOR(BloomFilter);
build	Build DaddyBoard (HeliBoard fork)	2026-09-30T15:55:37.4138496Z C/C++:       |     ^
build	Build DaddyBoard (HeliBoard fork)	2026-09-30T15:55:37.4139503Z C/C++: /home/runner/work/daddyboard/daddyboard/daddyboard-main/app/src/main/jni/src/defines.h:289:8: note: expanded from macro 'DISALLOW_ASSIGNMENT_OPERATOR'
build	Build DaddyBoard (HeliBoard fork)	2026-09-30T15:55:37.4140669Z C/C++:   289 |   void operator=(const TypeName&) = delete
build	Build DaddyBoard (HeliBoard fork)	2026-09-30T15:55:37.4141142Z C/C++:       |        ^
build	Build DaddyBoard (HeliBoard fork)	2026-09-30T15:55:37.4142663Z C/C++: /home/runner/work/daddyboard/daddyboard/daddyboard-main/app/src/main/jni/src/dictionary/utils/multi_bigram_map.h:57:53: note: in implicit copy constructor for 'latinime::BloomFilter' first required here
build	Build DaddyBoard (HeliBoard fork)	2026-09-30T15:55:37.4144510Z C/C++:    57 |                 : mBigramMap(bigramMap.mBigramMap), mBloomFilter(bigramMap.mBloomFilter) {}
build	Build DaddyBoard (HeliBoard fork)	2026-09-30T15:55:37.4145300Z C/C++:       |                                                     ^
build	Build DaddyBoard (HeliBoard fork)	2026-09-30T15:55:37.4146473Z C/C++: In file included from /home/runner/work/daddyboard/daddyboard/daddyboard-main/app/src/main/jni/src/suggest/core/session/dic_traverse_session.cpp:17:
build	Build DaddyBoard (HeliBoard fork)	2026-09-30T15:55:37.4148226Z C/C++: In file included from /home/runner/work/daddyboard/daddyboard/daddyboard-main/app/src/main/jni/src/suggest/core/session/dic_traverse_session.h:23:
build	Build DaddyBoard (HeliBoard fork)	2026-09-30T15:55:37.4149908Z C/C++: In file included from /home/runner/work/daddyboard/daddyboard/daddyboard-main/app/src/main/jni/src/dictionary/utils/multi_bigram_map.h:24:
build	Build DaddyBoard (HeliBoard fork)	2026-09-30T15:55:37.4151731Z C/C++: In file included from /home/runner/work/daddyboard/daddyboard/daddyboard-main/app/src/main/jni/src/dictionary/interface/dictionary_structure_with_buffer_policy.h:25:
build	Build DaddyBoard (HeliBoard fork)	2026-09-30T15:55:37.4183939Z C/C++: In file included from /home/runner/work/daddyboard/daddyboard/daddyboard-main/app/src/main/jni/src/dictionary/property/word_property.h:23:
build	Build DaddyBoard (HeliBoard fork)	2026-09-30T15:55:37.4185719Z C/C++: In file included from /home/runner/work/daddyboard/daddyboard/daddyboard-main/app/src/main/jni/src/dictionary/property/ngram_property.h:24:
build	Build DaddyBoard (HeliBoard fork)	2026-09-30T15:55:37.4187389Z C/C++: In file included from /home/runner/work/daddyboard/daddyboard/daddyboard-main/app/src/main/jni/src/dictionary/property/ngram_context.h:23:
build	Build DaddyBoard (HeliBoard fork)	2026-09-30T15:55:37.4189780Z C/C++: /home/runner/work/daddyboard/daddyboard/daddyboard-main/app/src/main/jni/src/utils/int_array_view.h:160:5: warning: definition of implicit copy constructor for 'IntArrayView' is deprecated because it has a user-declared copy assignment operator [-Wdeprecated-copy]
build	Build DaddyBoard (HeliBoard fork)	2026-09-30T15:55:37.4191660Z C/C++:   160 |     DISALLOW_ASSIGNMENT_OPERATOR(IntArrayView);
build	Build DaddyBoard (HeliBoard fork)	2026-09-30T15:55:37.4192170Z C/C++:       |     ^
build	Build DaddyBoard (HeliBoard fork)	2026-09-30T15:55:37.4193336Z C/C++: /home/runner/work/daddyboard/daddyboard/daddyboard-main/app/src/main/jni/src/defines.h:289:8: note: expanded from macro 'DISALLOW_ASSIGNMENT_OPERATOR'
build	Build DaddyBoard (HeliBoard fork)	2026-09-30T15:55:37.4194787Z C/C++:   289 |   void operator=(const TypeName&) = delete
build	Build DaddyBoard (HeliBoard fork)	2026-09-30T15:55:37.4195269Z C/C++:       |        ^
build	Build DaddyBoard (HeliBoard fork)	2026-09-30T15:55:37.4196597Z C/C++: /home/runner/work/daddyboard/daddyboard/daddyboard-main/app/src/main/jni/src/suggest/core/dicnode/dic_node.h:110:53: note: in implicit copy constructor for 'latinime::IntArrayView' first required here
build	Build DaddyBoard (HeliBoard fork)	2026-09-30T15:55:37.4198151Z C/C++:   110 |         mDicNodeProperties.init(rootPtNodeArrayPos, prevWordIds);
build	Build DaddyBoard (HeliBoard fork)	2026-09-30T15:55:37.4198823Z C/C++:       |                                                     ^
build	Build DaddyBoard (HeliBoard fork)	2026-09-30T15:55:37.4199981Z C/C++: In file included from /home/runner/work/daddyboard/daddyboard/daddyboard-main/app/src/main/jni/src/suggest/core/session/dic_traverse_session.cpp:17:
build	Build DaddyBoard (HeliBoard fork)	2026-09-30T15:55:37.4201750Z C/C++: In file included from /home/runner/work/daddyboard/daddyboard/daddyboard-main/app/src/main/jni/src/suggest/core/session/dic_traverse_session.h:23:
build	Build DaddyBoard (HeliBoard fork)	2026-09-30T15:55:37.4203557Z C/C++: In file included from /home/runner/work/daddyboard/daddyboard/daddyboard-main/app/src/main/jni/src/dictionary/utils/multi_bigram_map.h:24:
build	Build DaddyBoard (HeliBoard fork)	2026-09-30T15:55:37.4205380Z C/C++: In file included from /home/runner/work/daddyboard/daddyboard/daddyboard-main/app/src/main/jni/src/dictionary/interface/dictionary_structure_with_buffer_policy.h:25:
build	Build DaddyBoard (HeliBoard fork)	2026-09-30T15:55:37.4207206Z C/C++: In file included from /home/runner/work/daddyboard/daddyboard/daddyboard-main/app/src/main/jni/src/dictionary/property/word_property.h:23:
build	Build DaddyBoard (HeliBoard fork)	2026-09-30T15:55:37.4209716Z C/C++: /home/runner/work/daddyboard/daddyboard/daddyboard-main/app/src/main/jni/src/dictionary/property/ngram_property.h:54:5: warning: definition of implicit copy constructor for 'NgramProperty' is deprecated because it has a user-declared copy assignment operator [-Wdeprecated-copy]
build	Build DaddyBoard (HeliBoard fork)	2026-09-30T15:55:37.4211873Z C/C++:    54 |     DISALLOW_ASSIGNMENT_OPERATOR(NgramProperty);
build	Build DaddyBoard (HeliBoard fork)	2026-09-30T15:55:37.4212394Z C/C++:       |     ^
build	Build DaddyBoard (HeliBoard fork)	2026-09-30T15:55:37.4243801Z C/C++: /home/runner/work/daddyboard/daddyboard/daddyboard-main/app/src/main/jni/src/defines.h:289:8: note: expanded from macro 'DISALLOW_ASSIGNMENT_OPERATOR'
build	Build DaddyBoard (HeliBoard fork)	2026-09-30T15:55:37.4245106Z C/C++:   289 |   void operator=(const TypeName&) = delete
build	Build DaddyBoard (HeliBoard fork)	2026-09-30T15:55:37.4245603Z C/C++:       |        ^
build	Build DaddyBoard (HeliBoard fork)	2026-09-30T15:55:37.4247056Z C/C++: /usr/local/lib/android/sdk/ndk/28.0.13004108/toolchains/llvm/prebuilt/linux-x86_64/sysroot/usr/include/c++/v1/__memory/allocator.h:173:24: note: in implicit copy constructor for 'latinime::NgramProperty' first required here
build	Build DaddyBoard (HeliBoard fork)	2026-09-30T15:55:37.4248674Z C/C++:   173 |     ::new ((void*)__p) _Up(std::forward<_Args>(__args)...);
build	Build DaddyBoard (HeliBoard fork)	2026-09-30T15:55:37.4249224Z C/C++:       |                        ^
build	Build DaddyBoard (HeliBoard fork)	2026-09-30T15:55:37.4251314Z C/C++: /usr/local/lib/android/sdk/ndk/28.0.13004108/toolchains/llvm/prebuilt/linux-x86_64/sysroot/usr/include/c++/v1/__memory/allocator_traits.h:320:9: note: in instantiation of function template specialization 'std::allocator<latinime::NgramProperty>::construct<latinime::NgramProperty, latinime::NgramProperty &>' requested here
build	Build DaddyBoard (HeliBoard fork)	2026-09-30T15:55:37.4253653Z C/C++:   320 |     __a.construct(__p, std::forward<_Args>(__args)...);
build	Build DaddyBoard (HeliBoard fork)	2026-09-30T15:55:37.4254189Z C/C++:       |         ^
build	Build DaddyBoard (HeliBoard fork)	2026-09-30T15:55:37.4256407Z C/C++: /usr/local/lib/android/sdk/ndk/28.0.13004108/toolchains/llvm/prebuilt/linux-x86_64/sysroot/usr/include/c++/v1/__memory/uninitialized_algorithms.h:551:31: note: in instantiation of function template specialization 'std::allocator_traits<std::allocator<latinime::NgramProperty>>::construct<latinime::NgramProperty, latinime::NgramProperty &, 0>' requested here
build	Build DaddyBoard (HeliBoard fork)	2026-09-30T15:55:37.4258997Z C/C++:   551 |     allocator_traits<_Alloc>::construct(__alloc, std::__to_address(__first2), *__first1);
build	Build DaddyBoard (HeliBoard fork)	2026-09-30T15:55:37.4259760Z C/C++:       |                               ^
build	Build DaddyBoard (HeliBoard fork)	2026-09-30T15:55:37.4262251Z C/C++: /usr/local/lib/android/sdk/ndk/28.0.13004108/toolchains/llvm/prebuilt/linux-x86_64/sysroot/usr/include/c++/v1/__memory/uninitialized_algorithms.h:594:33: note: in instantiation of function template specialization 'std::__uninitialized_allocator_copy_impl<std::allocator<latinime::NgramProperty>, latinime::NgramProperty *, latinime::NgramProperty *, latinime::NgramProperty *>' requested here
build	Build DaddyBoard (HeliBoard fork)	2026-09-30T15:55:37.4265362Z C/C++:   594 |   auto __result          = std::__uninitialized_allocator_copy_impl(
build	Build DaddyBoard (HeliBoard fork)	2026-09-30T15:55:37.4265984Z C/C++:       |                                 ^
build	Build DaddyBoard (HeliBoard fork)	2026-09-30T15:55:37.4268289Z C/C++: /usr/local/lib/android/sdk/ndk/28.0.13004108/toolchains/llvm/prebuilt/linux-x86_64/sysroot/usr/include/c++/v1/vector:1100:22: note: in instantiation of function template specialization 'std::__uninitialized_allocator_copy<std::allocator<latinime::NgramProperty>, latinime::NgramProperty *, latinime::NgramProperty *, latinime::NgramProperty *>' requested here
build	Build DaddyBoard (HeliBoard fork)	2026-09-30T15:55:37.4270880Z C/C++:  1100 |   __tx.__pos_ = std::__uninitialized_allocator_copy(__alloc(), __first, __last, __tx.__pos_);
build	Build DaddyBoard (HeliBoard fork)	2026-09-30T15:55:37.4271623Z C/C++:       |                      ^
build	Build DaddyBoard (HeliBoard fork)	2026-09-30T15:55:37.4303972Z C/C++: /usr/local/lib/android/sdk/ndk/28.0.13004108/toolchains/llvm/prebuilt/linux-x86_64/sysroot/usr/include/c++/v1/vector:761:7: note: in instantiation of function template specialization 'std::vector<latinime::NgramProperty>::__construct_at_end<latinime::NgramProperty *, latinime::NgramProperty *>' requested here
build	Build DaddyBoard (HeliBoard fork)	2026-09-30T15:55:37.4306170Z C/C++:   761 |       __construct_at_end(__first, __last, __n);
build	Build DaddyBoard (HeliBoard fork)	2026-09-30T15:55:37.4306679Z C/C++:       |       ^
build	Build DaddyBoard (HeliBoard fork)	2026-09-30T15:55:37.4308627Z C/C++: /usr/local/lib/android/sdk/ndk/28.0.13004108/toolchains/llvm/prebuilt/linux-x86_64/sysroot/usr/include/c++/v1/vector:1213:3: note: in instantiation of function template specialization 'std::vector<latinime::NgramProperty>::__init_with_size<latinime::NgramProperty *, latinime::NgramProperty *>' requested here
build	Build DaddyBoard (HeliBoard fork)	2026-09-30T15:55:37.4311037Z C/C++:  1213 |   __init_with_size(__x.__begin_, __x.__end_, __x.size());
build	Build DaddyBoard (HeliBoard fork)	2026-09-30T15:55:37.4311584Z C/C++:       |   ^
build	Build DaddyBoard (HeliBoard fork)	2026-09-30T15:55:37.4313171Z C/C++: /home/runner/work/daddyboard/daddyboard/daddyboard-main/app/src/main/jni/src/dictionary/property/word_property.h:39:15: note: in instantiation of member function 'std::vector<latinime::NgramProperty>::vector' requested here
build	Build DaddyBoard (HeliBoard fork)	2026-09-30T15:55:37.4314743Z C/C++:    39 |               mNgrams(ngrams) {}
build	Build DaddyBoard (HeliBoard fork)	2026-09-30T15:55:37.4315181Z C/C++:       |               ^
build	Build DaddyBoard (HeliBoard fork)	2026-09-30T15:55:37.4315560Z C/C++: 5 warnings generated.
build	Build DaddyBoard (HeliBoard fork)	2026-09-30T15:55:37.4316616Z C/C++: In file included from /home/runner/work/daddyboard/daddyboard/daddyboard-main/app/src/main/jni/src/suggest/core/result/suggestion_results.cpp:17:
build	Build DaddyBoard (HeliBoard fork)	2026-09-30T15:55:37.4318345Z C/C++: In file included from /home/runner/work/daddyboard/daddyboard/daddyboard-main/app/src/main/jni/src/suggest/core/result/suggestion_results.h:25:
build	Build DaddyBoard (HeliBoard fork)	2026-09-30T15:55:37.4320031Z C/C++: In file included from /home/runner/work/daddyboard/daddyboard/daddyboard-main/app/src/main/jni/src/suggest/core/result/suggested_word.h:23:
build	Build DaddyBoard (HeliBoard fork)	2026-09-30T15:55:37.4321677Z C/C++: In file included from /home/runner/work/daddyboard/daddyboard/daddyboard-main/app/src/main/jni/src/suggest/core/dictionary/dictionary.h:25:
build	Build DaddyBoard (HeliBoard fork)	2026-09-30T15:55:37.4323644Z C/C++: In file included from /home/runner/work/daddyboard/daddyboard/daddyboard-main/app/src/main/jni/src/dictionary/interface/dictionary_structure_with_buffer_policy.h:23:
build	Build DaddyBoard (HeliBoard fork)	2026-09-30T15:55:37.4326338Z C/C++: /home/runner/work/daddyboard/daddyboard/daddyboard-main/app/src/main/jni/src/dictionary/property/historical_info.h:52:5: warning: definition of implicit copy constructor for 'HistoricalInfo' is deprecated because it has a user-declared copy assignment operator [-Wdeprecated-copy]
build	Build DaddyBoard (HeliBoard fork)	2026-09-30T15:55:37.4328322Z C/C++:    52 |     DISALLOW_ASSIGNMENT_OPERATOR(HistoricalInfo);
build	Build DaddyBoard (HeliBoard fork)	2026-09-30T15:55:37.4328829Z C/C++:       |     ^
build	Build DaddyBoard (HeliBoard fork)	2026-09-30T15:55:37.4329853Z C/C++: /home/runner/work/daddyboard/daddyboard/daddyboard-main/app/src/main/jni/src/defines.h:289:8: note: expanded from macro 'DISALLOW_ASSIGNMENT_OPERATOR'
build	Build DaddyBoard (HeliBoard fork)	2026-09-30T15:55:37.4331021Z C/C++:   289 |   void operator=(const TypeName&) = delete
build	Build DaddyBoard (HeliBoard fork)	2026-09-30T15:55:37.4331687Z C/C++:       |        ^
build	Build DaddyBoard (HeliBoard fork)	2026-09-30T15:55:37.4363370Z C/C++: /home/runner/work/daddyboard/daddyboard/daddyboard-main/app/src/main/jni/src/dictionary/property/ngram_property.h:33:42: note: in implicit copy constructor for 'latinime::HistoricalInfo' first required here
build	Build DaddyBoard (HeliBoard fork)	2026-09-30T15:55:37.4365148Z C/C++:    33 |               mProbability(probability), mHistoricalInfo(historicalInfo) {}
build	Build DaddyBoard (HeliBoard fork)	2026-09-30T15:55:37.4365859Z C/C++:       |                                          ^
build	Build DaddyBoard (HeliBoard fork)	2026-09-30T15:55:37.4366996Z C/C++: In file included from /home/runner/work/daddyboard/daddyboard/daddyboard-main/app/src/main/jni/src/suggest/core/result/suggestion_results.cpp:17:
build	Build DaddyBoard (HeliBoard fork)	2026-09-30T15:55:37.4368749Z C/C++: In file included from /home/runner/work/daddyboard/daddyboard/daddyboard-main/app/src/main/jni/src/suggest/core/result/suggestion_results.h:25:
build	Build DaddyBoard (HeliBoard fork)	2026-09-30T15:55:37.4370446Z C/C++: In file included from /home/runner/work/daddyboard/daddyboard/daddyboard-main/app/src/main/jni/src/suggest/core/result/suggested_word.h:23:
build	Build DaddyBoard (HeliBoard fork)	2026-09-30T15:55:37.4372101Z C/C++: In file included from /home/runner/work/daddyboard/daddyboard/daddyboard-main/app/src/main/jni/src/suggest/core/dictionary/dictionary.h:25:
build	Build DaddyBoard (HeliBoard fork)	2026-09-30T15:55:37.4374060Z C/C++: In file included from /home/runner/work/daddyboard/daddyboard/daddyboard-main/app/src/main/jni/src/dictionary/interface/dictionary_structure_with_buffer_policy.h:25:
build	Build DaddyBoard (HeliBoard fork)	2026-09-30T15:55:37.4375915Z C/C++: In file included from /home/runner/work/daddyboard/daddyboard/daddyboard-main/app/src/main/jni/src/dictionary/property/word_property.h:24:
build	Build DaddyBoard (HeliBoard fork)	2026-09-30T15:55:37.4378430Z C/C++: /home/runner/work/daddyboard/daddyboard/daddyboard-main/app/src/main/jni/src/dictionary/property/unigram_property.h:126:5: warning: definition of implicit copy constructor for 'UnigramProperty' is deprecated because it has a user-declared copy assignment operator [-Wdeprecated-copy]
build	Build DaddyBoard (HeliBoard fork)	2026-09-30T15:55:37.4380721Z C/C++:   126 |     DISALLOW_ASSIGNMENT_OPERATOR(UnigramProperty);
build	Build DaddyBoard (HeliBoard fork)	2026-09-30T15:55:37.4381247Z C/C++:       |     ^
build	Build DaddyBoard (HeliBoard fork)	2026-09-30T15:55:37.4382269Z C/C++: /home/runner/work/daddyboard/daddyboard/daddyboard-main/app/src/main/jni/src/defines.h:289:8: note: expanded from macro 'DISALLOW_ASSIGNMENT_OPERATOR'
build	Build DaddyBoard (HeliBoard fork)	2026-09-30T15:55:37.4383574Z C/C++:   289 |   void operator=(const TypeName&) = delete
build	Build DaddyBoard (HeliBoard fork)	2026-09-30T15:55:37.4384062Z C/C++:       |        ^
build	Build DaddyBoard (HeliBoard fork)	2026-09-30T15:55:37.4385426Z C/C++: /home/runner/work/daddyboard/daddyboard/daddyboard-main/app/src/main/jni/src/dictionary/property/word_property.h:38:51: note: in implicit copy constructor for 'latinime::UnigramProperty' first required here
build	Build DaddyBoard (HeliBoard fork)	2026-09-30T15:55:37.4387105Z C/C++:    38 |             : mCodePoints(std::move(codePoints)), mUnigramProperty(unigramProperty),
build	Build DaddyBoard (HeliBoard fork)	2026-09-30T15:55:37.4387848Z C/C++:       |                                                   ^
build	Build DaddyBoard (HeliBoard fork)	2026-09-30T15:55:37.4388976Z C/C++: In file included from /home/runner/work/daddyboard/daddyboard/daddyboard-main/app/src/main/jni/src/suggest/core/result/suggestion_results.cpp:19:
build	Build DaddyBoard (HeliBoard fork)	2026-09-30T15:55:37.4390986Z C/C++: /home/runner/work/daddyboard/daddyboard/daddyboard-main/app/src/main/jni/src/utils/jni_data_utils.h:52:27: warning: variable length arrays in C++ are a Clang extension [-Wvla-cxx-extension]
build	Build DaddyBoard (HeliBoard fork)	2026-09-30T15:55:37.4392359Z C/C++:    52 |             char keyChars[keyUtf8Length + 1];
build	Build DaddyBoard (HeliBoard fork)	2026-09-30T15:55:37.4423274Z C/C++:       |                           ^~~~~~~~~~~~~~~~~
build	Build DaddyBoard (HeliBoard fork)	2026-09-30T15:55:37.4424655Z C/C++: /home/runner/work/daddyboard/daddyboard/daddyboard-main/app/src/main/jni/src/utils/jni_data_utils.h:52:27: note: initializer of 'keyUtf8Length' is not a constant expression
build	Build DaddyBoard (HeliBoard fork)	2026-09-30T15:55:37.4426448Z C/C++: /home/runner/work/daddyboard/daddyboard/daddyboard-main/app/src/main/jni/src/utils/jni_data_utils.h:51:25: note: declared here
build	Build DaddyBoard (HeliBoard fork)	2026-09-30T15:55:37.4427641Z C/C++:    51 |             const jsize keyUtf8Length = env->GetStringUTFLength(keyString);
build	Build DaddyBoard (HeliBoard fork)	2026-09-30T15:55:37.4428279Z C/C++:       |                         ^
build	Build DaddyBoard (HeliBoard fork)	2026-09-30T15:55:37.4429581Z C/C++: /home/runner/work/daddyboard/daddyboard/daddyboard-main/app/src/main/jni/src/utils/jni_data_utils.h:62:29: warning: variable length arrays in C++ are a Clang extension [-Wvla-cxx-extension]
build	Build DaddyBoard (HeliBoard fork)	2026-09-30T15:55:37.4431274Z C/C++:    62 |             char valueChars[valueUtf8Length + 1];
build	Build DaddyBoard (HeliBoard fork)	2026-09-30T15:55:37.4431818Z C/C++:       |                             ^~~~~~~~~~~~~~~~~~~
build	Build DaddyBoard (HeliBoard fork)	2026-09-30T15:55:37.4433209Z C/C++: /home/runner/work/daddyboard/daddyboard/daddyboard-main/app/src/main/jni/src/utils/jni_data_utils.h:62:29: note: initializer of 'valueUtf8Length' is not a constant expression
build	Build DaddyBoard (HeliBoard fork)	2026-09-30T15:55:37.4435041Z C/C++: /home/runner/work/daddyboard/daddyboard/daddyboard-main/app/src/main/jni/src/utils/jni_data_utils.h:61:25: note: declared here
build	Build DaddyBoard (HeliBoard fork)	2026-09-30T15:55:37.4436223Z C/C++:    61 |             const jsize valueUtf8Length = env->GetStringUTFLength(valueString);
build	Build DaddyBoard (HeliBoard fork)	2026-09-30T15:55:37.4436894Z C/C++:       |                         ^
build	Build DaddyBoard (HeliBoard fork)	2026-09-30T15:55:37.4438176Z C/C++: /home/runner/work/daddyboard/daddyboard/daddyboard-main/app/src/main/jni/src/utils/jni_data_utils.h:77:29: warning: variable length arrays in C++ are a Clang extension [-Wvla-cxx-extension]
build	Build DaddyBoard (HeliBoard fork)	2026-09-30T15:55:37.4439562Z C/C++:    77 |         int outputCodePonts[codePointBufSize];
build	Build DaddyBoard (HeliBoard fork)	2026-09-30T15:55:37.4440101Z C/C++:       |                             ^~~~~~~~~~~~~~~~
build	Build DaddyBoard (HeliBoard fork)	2026-09-30T15:55:37.4441350Z C/C++: /home/runner/work/daddyboard/daddyboard/daddyboard-main/app/src/main/jni/src/utils/jni_data_utils.h:77:29: note: initializer of 'codePointBufSize' is not a constant expression
build	Build DaddyBoard (HeliBoard fork)	2026-09-30T15:55:37.4443245Z C/C++: /home/runner/work/daddyboard/daddyboard/daddyboard-main/app/src/main/jni/src/utils/jni_data_utils.h:76:19: note: declared here
build	Build DaddyBoard (HeliBoard fork)	2026-09-30T15:55:37.4444419Z C/C++:    76 |         const int codePointBufSize = std::min(maxLength, codePointCount);
build	Build DaddyBoard (HeliBoard fork)	2026-09-30T15:55:37.4445236Z C/C++:       |                   ^
build	Build DaddyBoard (HeliBoard fork)	2026-09-30T15:55:37.4446599Z C/C++: /home/runner/work/daddyboard/daddyboard/daddyboard-main/app/src/main/jni/src/suggest/core/result/suggestion_results.cpp:100:9: warning: variable 'index' set but not used [-Wunused-but-set-variable]
build	Build DaddyBoard (HeliBoard fork)	2026-09-30T15:55:37.4447999Z C/C++:   100 |     int index = 0;
build	Build DaddyBoard (HeliBoard fork)	2026-09-30T15:55:37.4448382Z C/C++:       |         ^
build	Build DaddyBoard (HeliBoard fork)	2026-09-30T15:55:37.4449400Z C/C++: In file included from /home/runner/work/daddyboard/daddyboard/daddyboard-main/app/src/main/jni/src/suggest/core/result/suggestion_results.cpp:17:
build	Build DaddyBoard (HeliBoard fork)	2026-09-30T15:55:37.4451143Z C/C++: In file included from /home/runner/work/daddyboard/daddyboard/daddyboard-main/app/src/main/jni/src/suggest/core/result/suggestion_results.h:25:
build	Build DaddyBoard (HeliBoard fork)	2026-09-30T15:55:37.4483111Z C/C++: In file included from /home/runner/work/daddyboard/daddyboard/daddyboard-main/app/src/main/jni/src/suggest/core/result/suggested_word.h:23:
build	Build DaddyBoard (HeliBoard fork)	2026-09-30T15:55:37.4484957Z C/C++: In file included from /home/runner/work/daddyboard/daddyboard/daddyboard-main/app/src/main/jni/src/suggest/core/dictionary/dictionary.h:25:
build	Build DaddyBoard (HeliBoard fork)	2026-09-30T15:55:37.4486835Z C/C++: In file included from /home/runner/work/daddyboard/daddyboard/daddyboard-main/app/src/main/jni/src/dictionary/interface/dictionary_structure_with_buffer_policy.h:25:
build	Build DaddyBoard (HeliBoard fork)	2026-09-30T15:55:37.4488664Z C/C++: In file included from /home/runner/work/daddyboard/daddyboard/daddyboard-main/app/src/main/jni/src/dictionary/property/word_property.h:23:
build	Build DaddyBoard (HeliBoard fork)	2026-09-30T15:55:37.4490321Z C/C++: In file included from /home/runner/work/daddyboard/daddyboard/daddyboard-main/app/src/main/jni/src/dictionary/property/ngram_property.h:24:
build	Build DaddyBoard (HeliBoard fork)	2026-09-30T15:55:37.4491954Z C/C++: In file included from /home/runner/work/daddyboard/daddyboard/daddyboard-main/app/src/main/jni/src/dictionary/property/ngram_context.h:23:
build	Build DaddyBoard (HeliBoard fork)	2026-09-30T15:55:37.4494485Z C/C++: /home/runner/work/daddyboard/daddyboard/daddyboard-main/app/src/main/jni/src/utils/int_array_view.h:160:5: warning: definition of implicit copy constructor for 'IntArrayView' is deprecated because it has a user-declared copy assignment operator [-Wdeprecated-copy]
build	Build DaddyBoard (HeliBoard fork)	2026-09-30T15:55:37.4496378Z C/C++:   160 |     DISALLOW_ASSIGNMENT_OPERATOR(IntArrayView);
build	Build DaddyBoard (HeliBoard fork)	2026-09-30T15:55:37.4496880Z C/C++:       |     ^
build	Build DaddyBoard (HeliBoard fork)	2026-09-30T15:55:37.4498194Z C/C++: /home/runner/work/daddyboard/daddyboard/daddyboard-main/app/src/main/jni/src/defines.h:289:8: note: expanded from macro 'DISALLOW_ASSIGNMENT_OPERATOR'
build	Build DaddyBoard (HeliBoard fork)	2026-09-30T15:55:37.4499394Z C/C++:   289 |   void operator=(const TypeName&) = delete
build	Build DaddyBoard (HeliBoard fork)	2026-09-30T15:55:37.4499884Z C/C++:       |        ^
build	Build DaddyBoard (HeliBoard fork)	2026-09-30T15:55:37.4501312Z C/C++: /usr/local/lib/android/sdk/ndk/28.0.13004108/toolchains/llvm/prebuilt/linux-x86_64/sysroot/usr/include/c++/v1/__memory/allocator.h:173:24: note: in implicit copy constructor for 'latinime::IntArrayView' first required here
build	Build DaddyBoard (HeliBoard fork)	2026-09-30T15:55:37.4503033Z C/C++:   173 |     ::new ((void*)__p) _Up(std::forward<_Args>(__args)...);
build	Build DaddyBoard (HeliBoard fork)	2026-09-30T15:55:37.4503590Z C/C++:       |                        ^
build	Build DaddyBoard (HeliBoard fork)	2026-09-30T15:55:37.4505654Z C/C++: /usr/local/lib/android/sdk/ndk/28.0.13004108/toolchains/llvm/prebuilt/linux-x86_64/sysroot/usr/include/c++/v1/__memory/allocator_traits.h:320:9: note: in instantiation of function template specialization 'std::allocator<latinime::IntArrayView>::construct<latinime::IntArrayView, latinime::IntArrayView>' requested here
build	Build DaddyBoard (HeliBoard fork)	2026-09-30T15:55:37.4507819Z C/C++:   320 |     __a.construct(__p, std::forward<_Args>(__args)...);
build	Build DaddyBoard (HeliBoard fork)	2026-09-30T15:55:37.4508346Z C/C++:       |         ^
build	Build DaddyBoard (HeliBoard fork)	2026-09-30T15:55:37.4510526Z C/C++: /usr/local/lib/android/sdk/ndk/28.0.13004108/toolchains/llvm/prebuilt/linux-x86_64/sysroot/usr/include/c++/v1/__memory/uninitialized_algorithms.h:639:33: note: in instantiation of function template specialization 'std::allocator_traits<std::allocator<latinime::IntArrayView>>::construct<latinime::IntArrayView, latinime::IntArrayView, 0>' requested here
build	Build DaddyBoard (HeliBoard fork)	2026-09-30T15:55:37.4543394Z C/C++:   639 |       allocator_traits<_Alloc>::construct(__alloc, __result, std::move(*__iter));
build	Build DaddyBoard (HeliBoard fork)	2026-09-30T15:55:37.4544522Z C/C++:       |                                 ^
build	Build DaddyBoard (HeliBoard fork)	2026-09-30T15:55:37.4546172Z C/C++: /usr/local/lib/android/sdk/ndk/28.0.13004108/toolchains/llvm/prebuilt/linux-x86_64/sysroot/usr/include/c++/v1/vector:1511:3: note: in instantiation of member function 'std::vector<latinime::IntArrayView>::__swap_out_circular_buffer' requested here
build	Build DaddyBoard (HeliBoard fork)	2026-09-30T15:55:37.4547825Z C/C++:  1511 |   __swap_out_circular_buffer(__v);
build	Build DaddyBoard (HeliBoard fork)	2026-09-30T15:55:37.4548281Z C/C++:       |   ^
build	Build DaddyBoard (HeliBoard fork)	2026-09-30T15:55:37.4550094Z C/C++: /usr/local/lib/android/sdk/ndk/28.0.13004108/toolchains/llvm/prebuilt/linux-x86_64/sysroot/usr/include/c++/v1/vector:1529:13: note: in instantiation of function template specialization 'std::vector<latinime::IntArrayView>::__emplace_back_slow_path<const int *const &, const unsigned long &>' requested here
build	Build DaddyBoard (HeliBoard fork)	2026-09-30T15:55:37.4552198Z C/C++:  1529 |     __end = __emplace_back_slow_path(std::forward<_Args>(__args)...);
build	Build DaddyBoard (HeliBoard fork)	2026-09-30T15:55:37.4553037Z C/C++:       |             ^
build	Build DaddyBoard (HeliBoard fork)	2026-09-30T15:55:37.4554766Z C/C++: /home/runner/work/daddyboard/daddyboard/daddyboard-main/app/src/main/jni/src/utils/int_array_view.h:142:20: note: in instantiation of function template specialization 'std::vector<latinime::IntArrayView>::emplace_back<const int *const &, const unsigned long &>' requested here
build	Build DaddyBoard (HeliBoard fork)	2026-09-30T15:55:37.4556620Z C/C++:   142 |             result.emplace_back(mPtr, mSize);
build	Build DaddyBoard (HeliBoard fork)	2026-09-30T15:55:37.4557134Z C/C++:       |                    ^
build	Build DaddyBoard (HeliBoard fork)	2026-09-30T15:55:37.4558189Z C/C++: In file included from /home/runner/work/daddyboard/daddyboard/daddyboard-main/app/src/main/jni/src/suggest/core/result/suggestion_results.cpp:17:
build	Build DaddyBoard (HeliBoard fork)	2026-09-30T15:55:37.4559888Z C/C++: In file included from /home/runner/work/daddyboard/daddyboard/daddyboard-main/app/src/main/jni/src/suggest/core/result/suggestion_results.h:25:
build	Build DaddyBoard (HeliBoard fork)	2026-09-30T15:55:37.4561575Z C/C++: In file included from /home/runner/work/daddyboard/daddyboard/daddyboard-main/app/src/main/jni/src/suggest/core/result/suggested_word.h:23:
build	Build DaddyBoard (HeliBoard fork)	2026-09-30T15:55:37.4563397Z C/C++: In file included from /home/runner/work/daddyboard/daddyboard/daddyboard-main/app/src/main/jni/src/suggest/core/dictionary/dictionary.h:25:
build	Build DaddyBoard (HeliBoard fork)	2026-09-30T15:55:37.4565215Z C/C++: In file included from /home/runner/work/daddyboard/daddyboard/daddyboard-main/app/src/main/jni/src/dictionary/interface/dictionary_structure_with_buffer_policy.h:25:
build	Build DaddyBoard (HeliBoard fork)	2026-09-30T15:55:37.4567303Z C/C++: In file included from /home/runner/work/daddyboard/daddyboard/daddyboard-main/app/src/main/jni/src/dictionary/property/word_property.h:23:
build	Build DaddyBoard (HeliBoard fork)	2026-09-30T15:55:37.4569784Z C/C++: /home/runner/work/daddyboard/daddyboard/daddyboard-main/app/src/main/jni/src/dictionary/property/ngram_property.h:54:5: warning: definition of implicit copy constructor for 'NgramProperty' is deprecated because it has a user-declared copy assignment operator [-Wdeprecated-copy]
build	Build DaddyBoard (HeliBoard fork)	2026-09-30T15:55:37.4571702Z C/C++:    54 |     DISALLOW_ASSIGNMENT_OPERATOR(NgramProperty);
build	Build DaddyBoard (HeliBoard fork)	2026-09-30T15:55:37.4572221Z C/C++:       |     ^
build	Build DaddyBoard (HeliBoard fork)	2026-09-30T15:55:37.4603575Z C/C++: /home/runner/work/daddyboard/daddyboard/daddyboard-main/app/src/main/jni/src/defines.h:289:8: note: expanded from macro 'DISALLOW_ASSIGNMENT_OPERATOR'
build	Build DaddyBoard (HeliBoard fork)	2026-09-30T15:55:37.4604865Z C/C++:   289 |   void operator=(const TypeName&) = delete
build	Build DaddyBoard (HeliBoard fork)	2026-09-30T15:55:37.4605372Z C/C++:       |        ^
build	Build DaddyBoard (HeliBoard fork)	2026-09-30T15:55:37.4606783Z C/C++: /usr/local/lib/android/sdk/ndk/28.0.13004108/toolchains/llvm/prebuilt/linux-x86_64/sysroot/usr/include/c++/v1/__memory/allocator.h:173:24: note: in implicit copy constructor for 'latinime::NgramProperty' first required here
build	Build DaddyBoard (HeliBoard fork)	2026-09-30T15:55:37.4608393Z C/C++:   173 |     ::new ((void*)__p) _Up(std::forward<_Args>(__args)...);
build	Build DaddyBoard (HeliBoard fork)	2026-09-30T15:55:37.4608963Z C/C++:       |                        ^
build	Build DaddyBoard (HeliBoard fork)	2026-09-30T15:55:37.4611011Z C/C++: /usr/local/lib/android/sdk/ndk/28.0.13004108/toolchains/llvm/prebuilt/linux-x86_64/sysroot/usr/include/c++/v1/__memory/allocator_traits.h:320:9: note: in instantiation of function template specialization 'std::allocator<latinime::NgramProperty>::construct<latinime::NgramProperty, latinime::NgramProperty &>' requested here
build	Build DaddyBoard (HeliBoard fork)	2026-09-30T15:55:37.4613740Z C/C++:   320 |     __a.construct(__p, std::forward<_Args>(__args)...);
build	Build DaddyBoard (HeliBoard fork)	2026-09-30T15:55:37.4614293Z C/C++:       |         ^
build	Build DaddyBoard (HeliBoard fork)	2026-09-30T15:55:37.4616488Z C/C++: /usr/local/lib/android/sdk/ndk/28.0.13004108/toolchains/llvm/prebuilt/linux-x86_64/sysroot/usr/include/c++/v1/__memory/uninitialized_algorithms.h:551:31: note: in instantiation of function template specialization 'std::allocator_traits<std::allocator<latinime::NgramProperty>>::construct<latinime::NgramProperty, latinime::NgramProperty &, 0>' requested here
build	Build DaddyBoard (HeliBoard fork)	2026-09-30T15:55:37.4619053Z C/C++:   551 |     allocator_traits<_Alloc>::construct(__alloc, std::__to_address(__first2), *__first1);
build	Build DaddyBoard (HeliBoard fork)	2026-09-30T15:55:37.4619807Z C/C++:       |                               ^
build	Build DaddyBoard (HeliBoard fork)	2026-09-30T15:55:37.4622211Z C/C++: /usr/local/lib/android/sdk/ndk/28.0.13004108/toolchains/llvm/prebuilt/linux-x86_64/sysroot/usr/include/c++/v1/__memory/uninitialized_algorithms.h:594:33: note: in instantiation of function template specialization 'std::__uninitialized_allocator_copy_impl<std::allocator<latinime::NgramProperty>, latinime::NgramProperty *, latinime::NgramProperty *, latinime::NgramProperty *>' requested here
build	Build DaddyBoard (HeliBoard fork)	2026-09-30T15:55:37.4625071Z C/C++:   594 |   auto __result          = std::__uninitialized_allocator_copy_impl(
build	Build DaddyBoard (HeliBoard fork)	2026-09-30T15:55:37.4625707Z C/C++:       |                                 ^
build	Build DaddyBoard (HeliBoard fork)	2026-09-30T15:55:37.4627979Z C/C++: /usr/local/lib/android/sdk/ndk/28.0.13004108/toolchains/llvm/prebuilt/linux-x86_64/sysroot/usr/include/c++/v1/vector:1100:22: note: in instantiation of function template specialization 'std::__uninitialized_allocator_copy<std::allocator<latinime::NgramProperty>, latinime::NgramProperty *, latinime::NgramProperty *, latinime::NgramProperty *>' requested here
build	Build DaddyBoard (HeliBoard fork)	2026-09-30T15:55:37.4630532Z C/C++:  1100 |   __tx.__pos_ = std::__uninitialized_allocator_copy(__alloc(), __first, __last, __tx.__pos_);
build	Build DaddyBoard (HeliBoard fork)	2026-09-30T15:55:37.4631288Z C/C++:       |                      ^
build	Build DaddyBoard (HeliBoard fork)	2026-09-30T15:55:37.4663601Z C/C++: /usr/local/lib/android/sdk/ndk/28.0.13004108/toolchains/llvm/prebuilt/linux-x86_64/sysroot/usr/include/c++/v1/vector:761:7: note: in instantiation of function template specialization 'std::vector<latinime::NgramProperty>::__construct_at_end<latinime::NgramProperty *, latinime::NgramProperty *>' requested here
build	Build DaddyBoard (HeliBoard fork)	2026-09-30T15:55:37.4666000Z C/C++:   761 |       __construct_at_end(__first, __last, __n);
build	Build DaddyBoard (HeliBoard fork)	2026-09-30T15:55:37.4666524Z C/C++:       |       ^
build	Build DaddyBoard (HeliBoard fork)	2026-09-30T15:55:37.4668461Z C/C++: /usr/local/lib/android/sdk/ndk/28.0.13004108/toolchains/llvm/prebuilt/linux-x86_64/sysroot/usr/include/c++/v1/vector:1213:3: note: in instantiation of function template specialization 'std::vector<latinime::NgramProperty>::__init_with_size<latinime::NgramProperty *, latinime::NgramProperty *>' requested here
build	Build DaddyBoard (HeliBoard fork)	2026-09-30T15:55:37.4670493Z C/C++:  1213 |   __init_with_size(__x.__begin_, __x.__end_, __x.size());
build	Build DaddyBoard (HeliBoard fork)	2026-09-30T15:55:37.4671050Z C/C++:       |   ^
build	Build DaddyBoard (HeliBoard fork)	2026-09-30T15:55:37.4672483Z C/C++: /home/runner/work/daddyboard/daddyboard/daddyboard-main/app/src/main/jni/src/dictionary/property/word_property.h:39:15: note: in instantiation of member function 'std::vector<latinime::NgramProperty>::vector' requested here
build	Build DaddyBoard (HeliBoard fork)	2026-09-30T15:55:37.4674239Z C/C++:    39 |               mNgrams(ngrams) {}
build	Build DaddyBoard (HeliBoard fork)	2026-09-30T15:55:37.4674704Z C/C++:       |               ^
build	Build DaddyBoard (HeliBoard fork)	2026-09-30T15:55:37.4675727Z C/C++: In file included from /home/runner/work/daddyboard/daddyboard/daddyboard-main/app/src/main/jni/src/suggest/core/result/suggestion_results.cpp:17:
build	Build DaddyBoard (HeliBoard fork)	2026-09-30T15:55:37.4677436Z C/C++: In file included from /home/runner/work/daddyboard/daddyboard/daddyboard-main/app/src/main/jni/src/suggest/core/result/suggestion_results.h:25:
build	Build DaddyBoard (HeliBoard fork)	2026-09-30T15:55:37.4679866Z C/C++: /home/runner/work/daddyboard/daddyboard/daddyboard-main/app/src/main/jni/src/suggest/core/result/suggested_word.h:39:9: warning: definition of implicit copy constructor for 'Comparator' is deprecated because it has a user-declared copy assignment operator [-Wdeprecated-copy]
build	Build DaddyBoard (HeliBoard fork)	2026-09-30T15:55:37.4682452Z C/C++:    39 |         DISALLOW_ASSIGNMENT_OPERATOR(Comparator);
build	Build DaddyBoard (HeliBoard fork)	2026-09-30T15:55:37.4683152Z C/C++:       |         ^
build	Build DaddyBoard (HeliBoard fork)	2026-09-30T15:55:37.4684172Z C/C++: /home/runner/work/daddyboard/daddyboard/daddyboard-main/app/src/main/jni/src/defines.h:289:8: note: expanded from macro 'DISALLOW_ASSIGNMENT_OPERATOR'
build	Build DaddyBoard (HeliBoard fork)	2026-09-30T15:55:37.4685318Z C/C++:   289 |   void operator=(const TypeName&) = delete
build	Build DaddyBoard (HeliBoard fork)	2026-09-30T15:55:37.4685801Z C/C++:       |        ^
build	Build DaddyBoard (HeliBoard fork)	2026-09-30T15:55:37.4687162Z C/C++: /usr/local/lib/android/sdk/ndk/28.0.13004108/toolchains/llvm/prebuilt/linux-x86_64/sysroot/usr/include/c++/v1/queue:920:37: note: in implicit copy constructor for 'latinime::SuggestedWord::Comparator' first required here
build	Build DaddyBoard (HeliBoard fork)	2026-09-30T15:55:37.4688684Z C/C++:   920 |   std::pop_heap(c.begin(), c.end(), comp);
build	Build DaddyBoard (HeliBoard fork)	2026-09-30T15:55:37.4689193Z C/C++:       |                                     ^
build	Build DaddyBoard (HeliBoard fork)	2026-09-30T15:55:37.4691218Z C/C++: /home/runner/work/daddyboard/daddyboard/daddyboard-main/app/src/main/jni/src/suggest/core/result/suggestion_results.cpp:44:25: note: in instantiation of member function 'std::priority_queue<latinime::SuggestedWord, std::vector<latinime::SuggestedWord>, latinime::SuggestedWord::Comparator>::pop' requested here
build	Build DaddyBoard (HeliBoard fork)	2026-09-30T15:55:37.4693906Z C/C++:    44 |         mSuggestedWords.pop();
build	Build DaddyBoard (HeliBoard fork)	2026-09-30T15:55:37.4694403Z C/C++:       |                         ^
build	Build DaddyBoard (HeliBoard fork)	2026-09-30T15:55:37.4694828Z C/C++: 9 warnings generated.
build	Build DaddyBoard (HeliBoard fork)	2026-09-30T15:55:37.4695913Z C/C++: In file included from /home/runner/work/daddyboard/daddyboard/daddyboard-main/app/src/main/jni/src/suggest/core/result/suggestions_output_utils.cpp:23:
build	Build DaddyBoard (HeliBoard fork)	2026-09-30T15:55:37.4697635Z C/C++: In file included from /home/runner/work/daddyboard/daddyboard/daddyboard-main/app/src/main/jni/src/suggest/core/dicnode/dic_node.h:22:
build	Build DaddyBoard (HeliBoard fork)	2026-09-30T15:55:37.4699267Z C/C++: In file included from /home/runner/work/daddyboard/daddyboard/daddyboard-main/app/src/main/jni/src/suggest/core/dicnode/dic_node_utils.h:21:
build	Build DaddyBoard (HeliBoard fork)	2026-09-30T15:55:37.4701652Z C/C++: /home/runner/work/daddyboard/daddyboard/daddyboard-main/app/src/main/jni/src/utils/int_array_view.h:160:5: warning: definition of implicit copy constructor for 'IntArrayView' is deprecated because it has a user-declared copy assignment operator [-Wdeprecated-copy]
build	Build DaddyBoard (HeliBoard fork)	2026-09-30T15:55:37.4703614Z C/C++:   160 |     DISALLOW_ASSIGNMENT_OPERATOR(IntArrayView);
build	Build DaddyBoard (HeliBoard fork)	2026-09-30T15:55:37.4704401Z C/C++:       |     ^
build	Build DaddyBoard (HeliBoard fork)	2026-09-30T15:55:37.4705425Z C/C++: /home/runner/work/daddyboard/daddyboard/daddyboard-main/app/src/main/jni/src/defines.h:289:8: note: expanded from macro 'DISALLOW_ASSIGNMENT_OPERATOR'
build	Build DaddyBoard (HeliBoard fork)	2026-09-30T15:55:37.4706604Z C/C++:   289 |   void operator=(const TypeName&) = delete
build	Build DaddyBoard (HeliBoard fork)	2026-09-30T15:55:37.4707082Z C/C++:       |        ^
build	Build DaddyBoard (HeliBoard fork)	2026-09-30T15:55:37.4708412Z C/C++: /home/runner/work/daddyboard/daddyboard/daddyboard-main/app/src/main/jni/src/suggest/core/dicnode/dic_node.h:110:53: note: in implicit copy constructor for 'latinime::IntArrayView' first required here
build	Build DaddyBoard (HeliBoard fork)	2026-09-30T15:55:37.4709996Z C/C++:   110 |         mDicNodeProperties.init(rootPtNodeArrayPos, prevWordIds);
build	Build DaddyBoard (HeliBoard fork)	2026-09-30T15:55:37.4710679Z C/C++:       |                                                     ^
build	Build DaddyBoard (HeliBoard fork)	2026-09-30T15:55:37.4711877Z C/C++: In file included from /home/runner/work/daddyboard/daddyboard/daddyboard-main/app/src/main/jni/src/suggest/core/result/suggestions_output_utils.cpp:27:
build	Build DaddyBoard (HeliBoard fork)	2026-09-30T15:55:37.4713816Z C/C++: In file included from /home/runner/work/daddyboard/daddyboard/daddyboard-main/app/src/main/jni/src/suggest/core/result/suggestion_results.h:25:
build	Build DaddyBoard (HeliBoard fork)	2026-09-30T15:55:37.4715511Z C/C++: In file included from /home/runner/work/daddyboard/daddyboard/daddyboard-main/app/src/main/jni/src/suggest/core/result/suggested_word.h:23:
build	Build DaddyBoard (HeliBoard fork)	2026-09-30T15:55:37.4717161Z C/C++: In file included from /home/runner/work/daddyboard/daddyboard/daddyboard-main/app/src/main/jni/src/suggest/core/dictionary/dictionary.h:25:
build	Build DaddyBoard (HeliBoard fork)	2026-09-30T15:55:37.4718987Z C/C++: In file included from /home/runner/work/daddyboard/daddyboard/daddyboard-main/app/src/main/jni/src/dictionary/interface/dictionary_structure_with_buffer_policy.h:23:
build	Build DaddyBoard (HeliBoard fork)	2026-09-30T15:55:37.4721952Z C/C++: /home/runner/work/daddyboard/daddyboard/daddyboard-main/app/src/main/jni/src/dictionary/property/historical_info.h:52:5: warning: definition of implicit copy constructor for 'HistoricalInfo' is deprecated because it has a user-declared copy assignment operator [-Wdeprecated-copy]
build	Build DaddyBoard (HeliBoard fork)	2026-09-30T15:55:37.4754382Z C/C++:    52 |     DISALLOW_ASSIGNMENT_OPERATOR(HistoricalInfo);
build	Build DaddyBoard (HeliBoard fork)	2026-09-30T15:55:37.4754945Z C/C++:       |     ^
build	Build DaddyBoard (HeliBoard fork)	2026-09-30T15:55:37.4755993Z C/C++: /home/runner/work/daddyboard/daddyboard/daddyboard-main/app/src/main/jni/src/defines.h:289:8: note: expanded from macro 'DISALLOW_ASSIGNMENT_OPERATOR'
build	Build DaddyBoard (HeliBoard fork)	2026-09-30T15:55:37.4757191Z C/C++:   289 |   void operator=(const TypeName&) = delete
build	Build DaddyBoard (HeliBoard fork)	2026-09-30T15:55:37.4757669Z C/C++:       |        ^
build	Build DaddyBoard (HeliBoard fork)	2026-09-30T15:55:37.4759053Z C/C++: /home/runner/work/daddyboard/daddyboard/daddyboard-main/app/src/main/jni/src/dictionary/property/ngram_property.h:33:42: note: in implicit copy constructor for 'latinime::HistoricalInfo' first required here
build	Build DaddyBoard (HeliBoard fork)	2026-09-30T15:55:37.4760721Z C/C++:    33 |               mProbability(probability), mHistoricalInfo(historicalInfo) {}
build	Build DaddyBoard (HeliBoard fork)	2026-09-30T15:55:37.4761394Z C/C++:       |                                          ^
build	Build DaddyBoard (HeliBoard fork)	2026-09-30T15:55:37.4762558Z C/C++: In file included from /home/runner/work/daddyboard/daddyboard/daddyboard-main/app/src/main/jni/src/suggest/core/result/suggestions_output_utils.cpp:27:
build	Build DaddyBoard (HeliBoard fork)	2026-09-30T15:55:37.4764518Z C/C++: In file included from /home/runner/work/daddyboard/daddyboard/daddyboard-main/app/src/main/jni/src/suggest/core/result/suggestion_results.h:25:
build	Build DaddyBoard (HeliBoard fork)	2026-09-30T15:55:37.4766203Z C/C++: In file included from /home/runner/work/daddyboard/daddyboard/daddyboard-main/app/src/main/jni/src/suggest/core/result/suggested_word.h:23:
build	Build DaddyBoard (HeliBoard fork)	2026-09-30T15:55:37.4767869Z C/C++: In file included from /home/runner/work/daddyboard/daddyboard/daddyboard-main/app/src/main/jni/src/suggest/core/dictionary/dictionary.h:25:
build	Build DaddyBoard (HeliBoard fork)	2026-09-30T15:55:37.4769729Z C/C++: In file included from /home/runner/work/daddyboard/daddyboard/daddyboard-main/app/src/main/jni/src/dictionary/interface/dictionary_structure_with_buffer_policy.h:25:
build	Build DaddyBoard (HeliBoard fork)	2026-09-30T15:55:37.4771589Z C/C++: In file included from /home/runner/work/daddyboard/daddyboard/daddyboard-main/app/src/main/jni/src/dictionary/property/word_property.h:24:
build	Build DaddyBoard (HeliBoard fork)	2026-09-30T15:55:37.4776681Z C/C++: /home/runner/work/daddyboard/daddyboard/daddyboard-main/app/src/main/jni/src/dictionary/property/unigram_property.h:126:5: warning: definition of implicit copy constructor for 'UnigramProperty' is deprecated because it has a user-declared copy assignment operator [-Wdeprecated-copy]
build	Build DaddyBoard (HeliBoard fork)	2026-09-30T15:55:37.4778700Z C/C++:   126 |     DISALLOW_ASSIGNMENT_OPERATOR(UnigramProperty);
build	Build DaddyBoard (HeliBoard fork)	2026-09-30T15:55:37.4779213Z C/C++:       |     ^
build	Build DaddyBoard (HeliBoard fork)	2026-09-30T15:55:37.4780211Z C/C++: /home/runner/work/daddyboard/daddyboard/daddyboard-main/app/src/main/jni/src/defines.h:289:8: note: expanded from macro 'DISALLOW_ASSIGNMENT_OPERATOR'
build	Build DaddyBoard (HeliBoard fork)	2026-09-30T15:55:37.4781370Z C/C++:   289 |   void operator=(const TypeName&) = delete
build	Build DaddyBoard (HeliBoard fork)	2026-09-30T15:55:37.4781878Z C/C++:       |        ^
build	Build DaddyBoard (HeliBoard fork)	2026-09-30T15:55:37.4813461Z C/C++: /home/runner/work/daddyboard/daddyboard/daddyboard-main/app/src/main/jni/src/dictionary/property/word_property.h:38:51: note: in implicit copy constructor for 'latinime::UnigramProperty' first required here
build	Build DaddyBoard (HeliBoard fork)	2026-09-30T15:55:37.4815241Z C/C++:    38 |             : mCodePoints(std::move(codePoints)), mUnigramProperty(unigramProperty),
build	Build DaddyBoard (HeliBoard fork)	2026-09-30T15:55:37.4815992Z C/C++:       |                                                   ^
build	Build DaddyBoard (HeliBoard fork)	2026-09-30T15:55:37.4817199Z C/C++: In file included from /home/runner/work/daddyboard/daddyboard/daddyboard-main/app/src/main/jni/src/suggest/core/result/suggestions_output_utils.cpp:28:
build	Build DaddyBoard (HeliBoard fork)	2026-09-30T15:55:37.4819004Z C/C++: In file included from /home/runner/work/daddyboard/daddyboard/daddyboard-main/app/src/main/jni/src/suggest/core/session/dic_traverse_session.h:23:
build	Build DaddyBoard (HeliBoard fork)	2026-09-30T15:55:37.4820694Z C/C++: In file included from /home/runner/work/daddyboard/daddyboard/daddyboard-main/app/src/main/jni/src/dictionary/utils/multi_bigram_map.h:27:
build	Build DaddyBoard (HeliBoard fork)	2026-09-30T15:55:37.4823562Z C/C++: /home/runner/work/daddyboard/daddyboard/daddyboard-main/app/src/main/jni/src/dictionary/utils/bloom_filter.h:47:5: warning: definition of implicit copy constructor for 'BloomFilter' is deprecated because it has a user-declared copy assignment operator [-Wdeprecated-copy]
build	Build DaddyBoard (HeliBoard fork)	2026-09-30T15:55:37.4825479Z C/C++:    47 |     DISALLOW_ASSIGNMENT_OPERATOR(BloomFilter);
build	Build DaddyBoard (HeliBoard fork)	2026-09-30T15:55:37.4825973Z C/C++:       |     ^
build	Build DaddyBoard (HeliBoard fork)	2026-09-30T15:55:37.4826974Z C/C++: /home/runner/work/daddyboard/daddyboard/daddyboard-main/app/src/main/jni/src/defines.h:289:8: note: expanded from macro 'DISALLOW_ASSIGNMENT_OPERATOR'
build	Build DaddyBoard (HeliBoard fork)	2026-09-30T15:55:37.4828143Z C/C++:   289 |   void operator=(const TypeName&) = delete
build	Build DaddyBoard (HeliBoard fork)	2026-09-30T15:55:37.4828624Z C/C++:       |        ^
build	Build DaddyBoard (HeliBoard fork)	2026-09-30T15:55:37.4829963Z C/C++: /home/runner/work/daddyboard/daddyboard/daddyboard-main/app/src/main/jni/src/dictionary/utils/multi_bigram_map.h:57:53: note: in implicit copy constructor for 'latinime::BloomFilter' first required here
build	Build DaddyBoard (HeliBoard fork)	2026-09-30T15:55:37.4831659Z C/C++:    57 |                 : mBigramMap(bigramMap.mBigramMap), mBloomFilter(bigramMap.mBloomFilter) {}
build	Build DaddyBoard (HeliBoard fork)	2026-09-30T15:55:37.4832435Z C/C++:       |                                                     ^
build	Build DaddyBoard (HeliBoard fork)	2026-09-30T15:55:37.4833763Z C/C++: In file included from /home/runner/work/daddyboard/daddyboard/daddyboard-main/app/src/main/jni/src/suggest/core/result/suggestions_output_utils.cpp:17:
build	Build DaddyBoard (HeliBoard fork)	2026-09-30T15:55:37.4835645Z C/C++: In file included from /home/runner/work/daddyboard/daddyboard/daddyboard-main/app/src/main/jni/src/suggest/core/result/suggestions_output_utils.h:21:
build	Build DaddyBoard (HeliBoard fork)	2026-09-30T15:55:37.4838191Z C/C++: /home/runner/work/daddyboard/daddyboard/daddyboard-main/app/src/main/jni/src/dictionary/property/word_attributes.h:59:5: warning: definition of implicit copy constructor for 'WordAttributes' is deprecated because it has a user-declared copy assignment operator [-Wdeprecated-copy]
build	Build DaddyBoard (HeliBoard fork)	2026-09-30T15:55:37.4840172Z C/C++:    59 |     DISALLOW_ASSIGNMENT_OPERATOR(WordAttributes);
build	Build DaddyBoard (HeliBoard fork)	2026-09-30T15:55:37.4840694Z C/C++:       |     ^
build	Build DaddyBoard (HeliBoard fork)	2026-09-30T15:55:37.4841708Z C/C++: /home/runner/work/daddyboard/daddyboard/daddyboard-main/app/src/main/jni/src/defines.h:289:8: note: expanded from macro 'DISALLOW_ASSIGNMENT_OPERATOR'
build	Build DaddyBoard (HeliBoard fork)	2026-09-30T15:55:37.4873305Z C/C++:   289 |   void operator=(const TypeName&) = delete
build	Build DaddyBoard (HeliBoard fork)	2026-09-30T15:55:37.4873819Z C/C++:       |        ^
build	Build DaddyBoard (HeliBoard fork)	2026-09-30T15:55:37.4875236Z C/C++: /home/runner/work/daddyboard/daddyboard/daddyboard-main/app/src/main/jni/src/suggest/core/result/suggestions_output_utils.cpp:161:30: note: in implicit copy constructor for 'WordAttributes' first required here
build	Build DaddyBoard (HeliBoard fork)	2026-09-30T15:55:37.4876894Z C/C++:   161 |             terminalDicNode, wordAttributes, true /* isLastWord */);
build	Build DaddyBoard (HeliBoard fork)	2026-09-30T15:55:37.4877514Z C/C++:       |                              ^
build	Build DaddyBoard (HeliBoard fork)	2026-09-30T15:55:37.4878649Z C/C++: In file included from /home/runner/work/daddyboard/daddyboard/daddyboard-main/app/src/main/jni/src/suggest/core/result/suggestions_output_utils.cpp:27:
build	Build DaddyBoard (HeliBoard fork)	2026-09-30T15:55:37.4880446Z C/C++: In file included from /home/runner/work/daddyboard/daddyboard/daddyboard-main/app/src/main/jni/src/suggest/core/result/suggestion_results.h:25:
build	Build DaddyBoard (HeliBoard fork)	2026-09-30T15:55:37.4882136Z C/C++: In file included from /home/runner/work/daddyboard/daddyboard/daddyboard-main/app/src/main/jni/src/suggest/core/result/suggested_word.h:23:
build	Build DaddyBoard (HeliBoard fork)	2026-09-30T15:55:37.4883915Z C/C++: In file included from /home/runner/work/daddyboard/daddyboard/daddyboard-main/app/src/main/jni/src/suggest/core/dictionary/dictionary.h:25:
build	Build DaddyBoard (HeliBoard fork)	2026-09-30T15:55:37.4885748Z C/C++: In file included from /home/runner/work/daddyboard/daddyboard/daddyboard-main/app/src/main/jni/src/dictionary/interface/dictionary_structure_with_buffer_policy.h:25:
build	Build DaddyBoard (HeliBoard fork)	2026-09-30T15:55:37.4887583Z C/C++: In file included from /home/runner/work/daddyboard/daddyboard/daddyboard-main/app/src/main/jni/src/dictionary/property/word_property.h:23:
build	Build DaddyBoard (HeliBoard fork)	2026-09-30T15:55:37.4890075Z C/C++: /home/runner/work/daddyboard/daddyboard/daddyboard-main/app/src/main/jni/src/dictionary/property/ngram_property.h:54:5: warning: definition of implicit copy constructor for 'NgramProperty' is deprecated because it has a user-declared copy assignment operator [-Wdeprecated-copy]
build	Build DaddyBoard (HeliBoard fork)	2026-09-30T15:55:37.4892237Z C/C++:    54 |     DISALLOW_ASSIGNMENT_OPERATOR(NgramProperty);
build	Build DaddyBoard (HeliBoard fork)	2026-09-30T15:55:37.4892753Z C/C++:       |     ^
build	Build DaddyBoard (HeliBoard fork)	2026-09-30T15:55:37.4893917Z C/C++: /home/runner/work/daddyboard/daddyboard/daddyboard-main/app/src/main/jni/src/defines.h:289:8: note: expanded from macro 'DISALLOW_ASSIGNMENT_OPERATOR'
build	Build DaddyBoard (HeliBoard fork)	2026-09-30T15:55:37.4895102Z C/C++:   289 |   void operator=(const TypeName&) = delete
build	Build DaddyBoard (HeliBoard fork)	2026-09-30T15:55:37.4895584Z C/C++:       |        ^
build	Build DaddyBoard (HeliBoard fork)	2026-09-30T15:55:37.4896986Z C/C++: /usr/local/lib/android/sdk/ndk/28.0.13004108/toolchains/llvm/prebuilt/linux-x86_64/sysroot/usr/include/c++/v1/__memory/allocator.h:173:24: note: in implicit copy constructor for 'latinime::NgramProperty' first required here
build	Build DaddyBoard (HeliBoard fork)	2026-09-30T15:55:37.4898571Z C/C++:   173 |     ::new ((void*)__p) _Up(std::forward<_Args>(__args)...);
build	Build DaddyBoard (HeliBoard fork)	2026-09-30T15:55:37.4899130Z C/C++:       |                        ^
build	Build DaddyBoard (HeliBoard fork)	2026-09-30T15:55:37.4901201Z C/C++: /usr/local/lib/android/sdk/ndk/28.0.13004108/toolchains/llvm/prebuilt/linux-x86_64/sysroot/usr/include/c++/v1/__memory/allocator_traits.h:320:9: note: in instantiation of function template specialization 'std::allocator<latinime::NgramProperty>::construct<latinime::NgramProperty, latinime::NgramProperty &>' requested here
build	Build DaddyBoard (HeliBoard fork)	2026-09-30T15:55:37.4933638Z C/C++:   320 |     __a.construct(__p, std::forward<_Args>(__args)...);
build	Build DaddyBoard (HeliBoard fork)	2026-09-30T15:55:37.4934251Z C/C++:       |         ^
build	Build DaddyBoard (HeliBoard fork)	2026-09-30T15:55:37.4936507Z C/C++: /usr/local/lib/android/sdk/ndk/28.0.13004108/toolchains/llvm/prebuilt/linux-x86_64/sysroot/usr/include/c++/v1/__memory/uninitialized_algorithms.h:551:31: note: in instantiation of function template specialization 'std::allocator_traits<std::allocator<latinime::NgramProperty>>::construct<latinime::NgramProperty, latinime::NgramProperty &, 0>' requested here
build	Build DaddyBoard (HeliBoard fork)	2026-09-30T15:55:37.4939105Z C/C++:   551 |     allocator_traits<_Alloc>::construct(__alloc, std::__to_address(__first2), *__first1);
build	Build DaddyBoard (HeliBoard fork)	2026-09-30T15:55:37.4939850Z C/C++:       |                               ^
build	Build DaddyBoard (HeliBoard fork)	2026-09-30T15:55:37.4942338Z C/C++: /usr/local/lib/android/sdk/ndk/28.0.13004108/toolchains/llvm/prebuilt/linux-x86_64/sysroot/usr/include/c++/v1/__memory/uninitialized_algorithms.h:594:33: note: in instantiation of function template specialization 'std::__uninitialized_allocator_copy_impl<std::allocator<latinime::NgramProperty>, latinime::NgramProperty *, latinime::NgramProperty *, latinime::NgramProperty *>' requested here
build	Build DaddyBoard (HeliBoard fork)	2026-09-30T15:55:37.4945343Z C/C++:   594 |   auto __result          = std::__uninitialized_allocator_copy_impl(
build	Build DaddyBoard (HeliBoard fork)	2026-09-30T15:55:37.4945967Z C/C++:       |                                 ^
build	Build DaddyBoard (HeliBoard fork)	2026-09-30T15:55:37.4948256Z C/C++: /usr/local/lib/android/sdk/ndk/28.0.13004108/toolchains/llvm/prebuilt/linux-x86_64/sysroot/usr/include/c++/v1/vector:1100:22: note: in instantiation of function template specialization 'std::__uninitialized_allocator_copy<std::allocator<latinime::NgramProperty>, latinime::NgramProperty *, latinime::NgramProperty *, latinime::NgramProperty *>' requested here
build	Build DaddyBoard (HeliBoard fork)	2026-09-30T15:55:37.4950837Z C/C++:  1100 |   __tx.__pos_ = std::__uninitialized_allocator_copy(__alloc(), __first, __last, __tx.__pos_);
build	Build DaddyBoard (HeliBoard fork)	2026-09-30T15:55:37.4951585Z C/C++:       |                      ^
build	Build DaddyBoard (HeliBoard fork)	2026-09-30T15:55:37.4953725Z C/C++: /usr/local/lib/android/sdk/ndk/28.0.13004108/toolchains/llvm/prebuilt/linux-x86_64/sysroot/usr/include/c++/v1/vector:761:7: note: in instantiation of function template specialization 'std::vector<latinime::NgramProperty>::__construct_at_end<latinime::NgramProperty *, latinime::NgramProperty *>' requested here
build	Build DaddyBoard (HeliBoard fork)	2026-09-30T15:55:37.4955787Z C/C++:   761 |       __construct_at_end(__first, __last, __n);
build	Build DaddyBoard (HeliBoard fork)	2026-09-30T15:55:37.4956276Z C/C++:       |       ^
build	Build DaddyBoard (HeliBoard fork)	2026-09-30T15:55:37.4958162Z C/C++: /usr/local/lib/android/sdk/ndk/28.0.13004108/toolchains/llvm/prebuilt/linux-x86_64/sysroot/usr/include/c++/v1/vector:1213:3: note: in instantiation of function template specialization 'std::vector<latinime::NgramProperty>::__init_with_size<latinime::NgramProperty *, latinime::NgramProperty *>' requested here
build	Build DaddyBoard (HeliBoard fork)	2026-09-30T15:55:37.4960438Z C/C++:  1213 |   __init_with_size(__x.__begin_, __x.__end_, __x.size());
build	Build DaddyBoard (HeliBoard fork)	2026-09-30T15:55:37.4960987Z C/C++:       |   ^
build	Build DaddyBoard (HeliBoard fork)	2026-09-30T15:55:37.4962440Z C/C++: /home/runner/work/daddyboard/daddyboard/daddyboard-main/app/src/main/jni/src/dictionary/property/word_property.h:39:15: note: in instantiation of member function 'std::vector<latinime::NgramProperty>::vector' requested here
build	Build DaddyBoard (HeliBoard fork)	2026-09-30T15:55:37.4994281Z C/C++:    39 |               mNgrams(ngrams) {}
build	Build DaddyBoard (HeliBoard fork)	2026-09-30T15:55:37.4994750Z C/C++:       |               ^
build	Build DaddyBoard (HeliBoard fork)	2026-09-30T15:55:37.4995130Z C/C++: 6 warnings generated.
build	Build DaddyBoard (HeliBoard fork)	2026-09-30T15:55:37.4996212Z C/C++: In file included from /home/runner/work/daddyboard/daddyboard/daddyboard-main/app/src/main/jni/src/suggest/policyimpl/typing/typing_scoring.cpp:17:
build	Build DaddyBoard (HeliBoard fork)	2026-09-30T15:55:37.4998011Z C/C++: In file included from /home/runner/work/daddyboard/daddyboard/daddyboard-main/app/src/main/jni/src/suggest/policyimpl/typing/typing_scoring.h:23:
build	Build DaddyBoard (HeliBoard fork)	2026-09-30T15:55:37.4999735Z C/C++: In file included from /home/runner/work/daddyboard/daddyboard/daddyboard-main/app/src/main/jni/src/suggest/core/session/dic_traverse_session.h:23:
build	Build DaddyBoard (HeliBoard fork)	2026-09-30T15:55:37.5001436Z C/C++: In file included from /home/runner/work/daddyboard/daddyboard/daddyboard-main/app/src/main/jni/src/dictionary/utils/multi_bigram_map.h:24:
build	Build DaddyBoard (HeliBoard fork)	2026-09-30T15:55:37.5003462Z C/C++: In file included from /home/runner/work/daddyboard/daddyboard/daddyboard-main/app/src/main/jni/src/dictionary/interface/dictionary_structure_with_buffer_policy.h:23:
build	Build DaddyBoard (HeliBoard fork)	2026-09-30T15:55:37.5006168Z C/C++: /home/runner/work/daddyboard/daddyboard/daddyboard-main/app/src/main/jni/src/dictionary/property/historical_info.h:52:5: warning: definition of implicit copy constructor for 'HistoricalInfo' is deprecated because it has a user-declared copy assignment operator [-Wdeprecated-copy]
build	Build DaddyBoard (HeliBoard fork)	2026-09-30T15:55:37.5008175Z C/C++:    52 |     DISALLOW_ASSIGNMENT_OPERATOR(HistoricalInfo);
build	Build DaddyBoard (HeliBoard fork)	2026-09-30T15:55:37.5008684Z C/C++:       |     ^
build	Build DaddyBoard (HeliBoard fork)	2026-09-30T15:55:37.5009708Z C/C++: /home/runner/work/daddyboard/daddyboard/daddyboard-main/app/src/main/jni/src/defines.h:289:8: note: expanded from macro 'DISALLOW_ASSIGNMENT_OPERATOR'
build	Build DaddyBoard (HeliBoard fork)	2026-09-30T15:55:37.5011084Z C/C++:   289 |   void operator=(const TypeName&) = delete
build	Build DaddyBoard (HeliBoard fork)	2026-09-30T15:55:37.5011565Z C/C++:       |        ^
build	Build DaddyBoard (HeliBoard fork)	2026-09-30T15:55:37.5013062Z C/C++: /home/runner/work/daddyboard/daddyboard/daddyboard-main/app/src/main/jni/src/dictionary/property/ngram_property.h:33:42: note: in implicit copy constructor for 'latinime::HistoricalInfo' first required here
build	Build DaddyBoard (HeliBoard fork)	2026-09-30T15:55:37.5014733Z C/C++:    33 |               mProbability(probability), mHistoricalInfo(historicalInfo) {}
build	Build DaddyBoard (HeliBoard fork)	2026-09-30T15:55:37.5015411Z C/C++:       |                                          ^
build	Build DaddyBoard (HeliBoard fork)	2026-09-30T15:55:37.5016560Z C/C++: In file included from /home/runner/work/daddyboard/daddyboard/daddyboard-main/app/src/main/jni/src/suggest/policyimpl/typing/typing_scoring.cpp:17:
build	Build DaddyBoard (HeliBoard fork)	2026-09-30T15:55:37.5018350Z C/C++: In file included from /home/runner/work/daddyboard/daddyboard/daddyboard-main/app/src/main/jni/src/suggest/policyimpl/typing/typing_scoring.h:23:
build	Build DaddyBoard (HeliBoard fork)	2026-09-30T15:55:37.5020091Z C/C++: In file included from /home/runner/work/daddyboard/daddyboard/daddyboard-main/app/src/main/jni/src/suggest/core/session/dic_traverse_session.h:23:
build	Build DaddyBoard (HeliBoard fork)	2026-09-30T15:55:37.5021786Z C/C++: In file included from /home/runner/work/daddyboard/daddyboard/daddyboard-main/app/src/main/jni/src/dictionary/utils/multi_bigram_map.h:24:
build	Build DaddyBoard (HeliBoard fork)	2026-09-30T15:55:37.5053910Z C/C++: In file included from /home/runner/work/daddyboard/daddyboard/daddyboard-main/app/src/main/jni/src/dictionary/interface/dictionary_structure_with_buffer_policy.h:25:
build	Build DaddyBoard (HeliBoard fork)	2026-09-30T15:55:37.5055824Z C/C++: In file included from /home/runner/work/daddyboard/daddyboard/daddyboard-main/app/src/main/jni/src/dictionary/property/word_property.h:24:
build	Build DaddyBoard (HeliBoard fork)	2026-09-30T15:55:37.5058632Z C/C++: /home/runner/work/daddyboard/daddyboard/daddyboard-main/app/src/main/jni/src/dictionary/property/unigram_property.h:126:5: warning: definition of implicit copy constructor for 'UnigramProperty' is deprecated because it has a user-declared copy assignment operator [-Wdeprecated-copy]
build	Build DaddyBoard (HeliBoard fork)	2026-09-30T15:55:37.5060649Z C/C++:   126 |     DISALLOW_ASSIGNMENT_OPERATOR(UnigramProperty);
build	Build DaddyBoard (HeliBoard fork)	2026-09-30T15:55:37.5061166Z C/C++:       |     ^
build	Build DaddyBoard (HeliBoard fork)	2026-09-30T15:55:37.5062177Z C/C++: /home/runner/work/daddyboard/daddyboard/daddyboard-main/app/src/main/jni/src/defines.h:289:8: note: expanded from macro 'DISALLOW_ASSIGNMENT_OPERATOR'
build	Build DaddyBoard (HeliBoard fork)	2026-09-30T15:55:37.5063490Z C/C++:   289 |   void operator=(const TypeName&) = delete
build	Build DaddyBoard (HeliBoard fork)	2026-09-30T15:55:37.5063975Z C/C++:       |        ^
build	Build DaddyBoard (HeliBoard fork)	2026-09-30T15:55:37.5065351Z C/C++: /home/runner/work/daddyboard/daddyboard/daddyboard-main/app/src/main/jni/src/dictionary/property/word_property.h:38:51: note: in implicit copy constructor for 'latinime::UnigramProperty' first required here
build	Build DaddyBoard (HeliBoard fork)	2026-09-30T15:55:37.5067055Z C/C++:    38 |             : mCodePoints(std::move(codePoints)), mUnigramProperty(unigramProperty),
build	Build DaddyBoard (HeliBoard fork)	2026-09-30T15:55:37.5067788Z C/C++:       |                                                   ^
build	Build DaddyBoard (HeliBoard fork)	2026-09-30T15:55:37.5068937Z C/C++: In file included from /home/runner/work/daddyboard/daddyboard/daddyboard-main/app/src/main/jni/src/suggest/policyimpl/typing/typing_scoring.cpp:17:
build	Build DaddyBoard (HeliBoard fork)	2026-09-30T15:55:37.5070706Z C/C++: In file included from /home/runner/work/daddyboard/daddyboard/daddyboard-main/app/src/main/jni/src/suggest/policyimpl/typing/typing_scoring.h:23:
build	Build DaddyBoard (HeliBoard fork)	2026-09-30T15:55:37.5072444Z C/C++: In file included from /home/runner/work/daddyboard/daddyboard/daddyboard-main/app/src/main/jni/src/suggest/core/session/dic_traverse_session.h:23:
build	Build DaddyBoard (HeliBoard fork)	2026-09-30T15:55:37.5074267Z C/C++: In file included from /home/runner/work/daddyboard/daddyboard/daddyboard-main/app/src/main/jni/src/dictionary/utils/multi_bigram_map.h:27:
build	Build DaddyBoard (HeliBoard fork)	2026-09-30T15:55:37.5076699Z C/C++: /home/runner/work/daddyboard/daddyboard/daddyboard-main/app/src/main/jni/src/dictionary/utils/bloom_filter.h:47:5: warning: definition of implicit copy constructor for 'BloomFilter' is deprecated because it has a user-declared copy assignment operator [-Wdeprecated-copy]
build	Build DaddyBoard (HeliBoard fork)	2026-09-30T15:55:37.5078595Z C/C++:    47 |     DISALLOW_ASSIGNMENT_OPERATOR(BloomFilter);
build	Build DaddyBoard (HeliBoard fork)	2026-09-30T15:55:37.5079277Z C/C++:       |     ^
build	Build DaddyBoard (HeliBoard fork)	2026-09-30T15:55:37.5080286Z C/C++: /home/runner/work/daddyboard/daddyboard/daddyboard-main/app/src/main/jni/src/defines.h:289:8: note: expanded from macro 'DISALLOW_ASSIGNMENT_OPERATOR'
build	Build DaddyBoard (HeliBoard fork)	2026-09-30T15:55:37.5081452Z C/C++:   289 |   void operator=(const TypeName&) = delete
build	Build DaddyBoard (HeliBoard fork)	2026-09-30T15:55:37.5081929Z C/C++:       |        ^
build	Build DaddyBoard (HeliBoard fork)	2026-09-30T15:55:37.5116038Z C/C++: /home/runner/work/daddyboard/daddyboard/daddyboard-main/app/src/main/jni/src/dictionary/utils/multi_bigram_map.h:57:53: note: in implicit copy constructor for 'latinime::BloomFilter' first required here
build	Build DaddyBoard (HeliBoard fork)	2026-09-30T15:55:37.5117841Z C/C++:    57 |                 : mBigramMap(bigramMap.mBigramMap), mBloomFilter(bigramMap.mBloomFilter) {}
build	Build DaddyBoard (HeliBoard fork)	2026-09-30T15:55:37.5118652Z C/C++:       |                                                     ^
build	Build DaddyBoard (HeliBoard fork)	2026-09-30T15:55:37.5119828Z C/C++: In file included from /home/runner/work/daddyboard/daddyboard/daddyboard-main/app/src/main/jni/src/suggest/policyimpl/typing/typing_scoring.cpp:17:
build	Build DaddyBoard (HeliBoard fork)	2026-09-30T15:55:37.5121602Z C/C++: In file included from /home/runner/work/daddyboard/daddyboard/daddyboard-main/app/src/main/jni/src/suggest/policyimpl/typing/typing_scoring.h:23:
build	Build DaddyBoard (HeliBoard fork)	2026-09-30T15:55:37.5123504Z C/C++: In file included from /home/runner/work/daddyboard/daddyboard/daddyboard-main/app/src/main/jni/src/suggest/core/session/dic_traverse_session.h:23:
build	Build DaddyBoard (HeliBoard fork)	2026-09-30T15:55:37.5125221Z C/C++: In file included from /home/runner/work/daddyboard/daddyboard/daddyboard-main/app/src/main/jni/src/dictionary/utils/multi_bigram_map.h:24:
build	Build DaddyBoard (HeliBoard fork)	2026-09-30T15:55:37.5127037Z C/C++: In file included from /home/runner/work/daddyboard/daddyboard/daddyboard-main/app/src/main/jni/src/dictionary/interface/dictionary_structure_with_buffer_policy.h:25:
build	Build DaddyBoard (HeliBoard fork)	2026-09-30T15:55:37.5129090Z C/C++: In file included from /home/runner/work/daddyboard/daddyboard/daddyboard-main/app/src/main/jni/src/dictionary/property/word_property.h:23:
build	Build DaddyBoard (HeliBoard fork)	2026-09-30T15:55:37.5130745Z C/C++: In file included from /home/runner/work/daddyboard/daddyboard/daddyboard-main/app/src/main/jni/src/dictionary/property/ngram_property.h:24:
build	Build DaddyBoard (HeliBoard fork)	2026-09-30T15:55:37.5132402Z C/C++: In file included from /home/runner/work/daddyboard/daddyboard/daddyboard-main/app/src/main/jni/src/dictionary/property/ngram_context.h:23:
build	Build DaddyBoard (HeliBoard fork)	2026-09-30T15:55:37.5135064Z C/C++: /home/runner/work/daddyboard/daddyboard/daddyboard-main/app/src/main/jni/src/utils/int_array_view.h:160:5: warning: definition of implicit copy constructor for 'IntArrayView' is deprecated because it has a user-declared copy assignment operator [-Wdeprecated-copy]
build	Build DaddyBoard (HeliBoard fork)	2026-09-30T15:55:37.5136950Z C/C++:   160 |     DISALLOW_ASSIGNMENT_OPERATOR(IntArrayView);
build	Build DaddyBoard (HeliBoard fork)	2026-09-30T15:55:37.5137469Z C/C++:       |     ^
build	Build DaddyBoard (HeliBoard fork)	2026-09-30T15:55:37.5138498Z C/C++: /home/runner/work/daddyboard/daddyboard/daddyboard-main/app/src/main/jni/src/defines.h:289:8: note: expanded from macro 'DISALLOW_ASSIGNMENT_OPERATOR'
build	Build DaddyBoard (HeliBoard fork)	2026-09-30T15:55:37.5139666Z C/C++:   289 |   void operator=(const TypeName&) = delete
build	Build DaddyBoard (HeliBoard fork)	2026-09-30T15:55:37.5140147Z C/C++:       |        ^
build	Build DaddyBoard (HeliBoard fork)	2026-09-30T15:55:37.5141477Z C/C++: /home/runner/work/daddyboard/daddyboard/daddyboard-main/app/src/main/jni/src/suggest/core/dicnode/dic_node.h:110:53: note: in implicit copy constructor for 'latinime::IntArrayView' first required here
build	Build DaddyBoard (HeliBoard fork)	2026-09-30T15:55:37.5173263Z C/C++:   110 |         mDicNodeProperties.init(rootPtNodeArrayPos, prevWordIds);
build	Build DaddyBoard (HeliBoard fork)	2026-09-30T15:55:37.5173977Z C/C++:       |                                                     ^
build	Build DaddyBoard (HeliBoard fork)	2026-09-30T15:55:37.5175156Z C/C++: In file included from /home/runner/work/daddyboard/daddyboard/daddyboard-main/app/src/main/jni/src/suggest/policyimpl/typing/typing_scoring.cpp:17:
build	Build DaddyBoard (HeliBoard fork)	2026-09-30T15:55:37.5176922Z C/C++: In file included from /home/runner/work/daddyboard/daddyboard/daddyboard-main/app/src/main/jni/src/suggest/policyimpl/typing/typing_scoring.h:23:
build	Build DaddyBoard (HeliBoard fork)	2026-09-30T15:55:37.5178668Z C/C++: In file included from /home/runner/work/daddyboard/daddyboard/daddyboard-main/app/src/main/jni/src/suggest/core/session/dic_traverse_session.h:23:
build	Build DaddyBoard (HeliBoard fork)	2026-09-30T15:55:37.5180557Z C/C++: In file included from /home/runner/work/daddyboard/daddyboard/daddyboard-main/app/src/main/jni/src/dictionary/utils/multi_bigram_map.h:24:
build	Build DaddyBoard (HeliBoard fork)	2026-09-30T15:55:37.5182375Z C/C++: In file included from /home/runner/work/daddyboard/daddyboard/daddyboard-main/app/src/main/jni/src/dictionary/interface/dictionary_structure_with_buffer_policy.h:25:
build	Build DaddyBoard (HeliBoard fork)	2026-09-30T15:55:37.5184354Z C/C++: In file included from /home/runner/work/daddyboard/daddyboard/daddyboard-main/app/src/main/jni/src/dictionary/property/word_property.h:23:
build	Build DaddyBoard (HeliBoard fork)	2026-09-30T15:55:37.5186416Z C/C++: /home/runner/work/daddyboard/daddyboard/daddyboard-main/app/src/main/jni/src/dictionary/property/ngram_property.h:54:5: warning: definition of implicit copy constructor for 'NgramProperty' is deprecated because it has a user-declared copy assignment operator [-Wdeprecated-copy]
build	Build DaddyBoard (HeliBoard fork)	2026-09-30T15:55:37.5188391Z C/C++:    54 |     DISALLOW_ASSIGNMENT_OPERATOR(NgramProperty);
build	Build DaddyBoard (HeliBoard fork)	2026-09-30T15:55:37.5188896Z C/C++:       |     ^
build	Build DaddyBoard (HeliBoard fork)	2026-09-30T15:55:37.5189911Z C/C++: /home/runner/work/daddyboard/daddyboard/daddyboard-main/app/src/main/jni/src/defines.h:289:8: note: expanded from macro 'DISALLOW_ASSIGNMENT_OPERATOR'
build	Build DaddyBoard (HeliBoard fork)	2026-09-30T15:55:37.5191087Z C/C++:   289 |   void operator=(const TypeName&) = delete
build	Build DaddyBoard (HeliBoard fork)	2026-09-30T15:55:37.5191567Z C/C++:       |        ^
build	Build DaddyBoard (HeliBoard fork)	2026-09-30T15:55:37.5193135Z C/C++: /usr/local/lib/android/sdk/ndk/28.0.13004108/toolchains/llvm/prebuilt/linux-x86_64/sysroot/usr/include/c++/v1/__memory/allocator.h:173:24: note: in implicit copy constructor for 'latinime::NgramProperty' first required here
build	Build DaddyBoard (HeliBoard fork)	2026-09-30T15:55:37.5194730Z C/C++:   173 |     ::new ((void*)__p) _Up(std::forward<_Args>(__args)...);
build	Build DaddyBoard (HeliBoard fork)	2026-09-30T15:55:37.5195280Z C/C++:       |                        ^
build	Build DaddyBoard (HeliBoard fork)	2026-09-30T15:55:37.5197568Z C/C++: /usr/local/lib/android/sdk/ndk/28.0.13004108/toolchains/llvm/prebuilt/linux-x86_64/sysroot/usr/include/c++/v1/__memory/allocator_traits.h:320:9: note: in instantiation of function template specialization 'std::allocator<latinime::NgramProperty>::construct<latinime::NgramProperty, latinime::NgramProperty &>' requested here
build	Build DaddyBoard (HeliBoard fork)	2026-09-30T15:55:37.5199776Z C/C++:   320 |     __a.construct(__p, std::forward<_Args>(__args)...);
build	Build DaddyBoard (HeliBoard fork)	2026-09-30T15:55:37.5200301Z C/C++:       |         ^
build	Build DaddyBoard (HeliBoard fork)	2026-09-30T15:55:37.5202521Z C/C++: /usr/local/lib/android/sdk/ndk/28.0.13004108/toolchains/llvm/prebuilt/linux-x86_64/sysroot/usr/include/c++/v1/__memory/uninitialized_algorithms.h:551:31: note: in instantiation of function template specialization 'std::allocator_traits<std::allocator<latinime::NgramProperty>>::construct<latinime::NgramProperty, latinime::NgramProperty &, 0>' requested here
build	Build DaddyBoard (HeliBoard fork)	2026-09-30T15:55:37.5227185Z C/C++:   551 |     allocator_traits<_Alloc>::construct(__alloc, std::__to_address(__first2), *__first1);
build	Build DaddyBoard (HeliBoard fork)	2026-09-30T15:55:37.5227956Z C/C++:       |                               ^
build	Build DaddyBoard (HeliBoard fork)	2026-09-30T15:55:37.5230478Z C/C++: /usr/local/lib/android/sdk/ndk/28.0.13004108/toolchains/llvm/prebuilt/linux-x86_64/sysroot/usr/include/c++/v1/__memory/uninitialized_algorithms.h:594:33: note: in instantiation of function template specialization 'std::__uninitialized_allocator_copy_impl<std::allocator<latinime::NgramProperty>, latinime::NgramProperty *, latinime::NgramProperty *, latinime::NgramProperty *>' requested here
build	Build DaddyBoard (HeliBoard fork)	2026-09-30T15:55:37.5233281Z C/C++:   594 |   auto __result          = std::__uninitialized_allocator_copy_impl(
build	Build DaddyBoard (HeliBoard fork)	2026-09-30T15:55:37.5233963Z C/C++:       |                                 ^
build	Build DaddyBoard (HeliBoard fork)	2026-09-30T15:55:37.5236261Z C/C++: /usr/local/lib/android/sdk/ndk/28.0.13004108/toolchains/llvm/prebuilt/linux-x86_64/sysroot/usr/include/c++/v1/vector:1100:22: note: in instantiation of function template specialization 'std::__uninitialized_allocator_copy<std::allocator<latinime::NgramProperty>, latinime::NgramProperty *, latinime::NgramProperty *, latinime::NgramProperty *>' requested here
build	Build DaddyBoard (HeliBoard fork)	2026-09-30T15:55:37.5238840Z C/C++:  1100 |   __tx.__pos_ = std::__uninitialized_allocator_copy(__alloc(), __first, __last, __tx.__pos_);
build	Build DaddyBoard (HeliBoard fork)	2026-09-30T15:55:37.5239577Z C/C++:       |                      ^
build	Build DaddyBoard (HeliBoard fork)	2026-09-30T15:55:37.5241800Z C/C++: /usr/local/lib/android/sdk/ndk/28.0.13004108/toolchains/llvm/prebuilt/linux-x86_64/sysroot/usr/include/c++/v1/vector:761:7: note: in instantiation of function template specialization 'std::vector<latinime::NgramProperty>::__construct_at_end<latinime::NgramProperty *, latinime::NgramProperty *>' requested here
build	Build DaddyBoard (HeliBoard fork)	2026-09-30T15:55:37.5243968Z C/C++:   761 |       __construct_at_end(__first, __last, __n);
build	Build DaddyBoard (HeliBoard fork)	2026-09-30T15:55:37.5244474Z C/C++:       |       ^
build	Build DaddyBoard (HeliBoard fork)	2026-09-30T15:55:37.5246384Z C/C++: /usr/local/lib/android/sdk/ndk/28.0.13004108/toolchains/llvm/prebuilt/linux-x86_64/sysroot/usr/include/c++/v1/vector:1213:3: note: in instantiation of function template specialization 'std::vector<latinime::NgramProperty>::__init_with_size<latinime::NgramProperty *, latinime::NgramProperty *>' requested here
build	Build DaddyBoard (HeliBoard fork)	2026-09-30T15:55:37.5248495Z C/C++:  1213 |   __init_with_size(__x.__begin_, __x.__end_, __x.size());
build	Build DaddyBoard (HeliBoard fork)	2026-09-30T15:55:37.5249043Z C/C++:       |   ^
build	Build DaddyBoard (HeliBoard fork)	2026-09-30T15:55:37.5250492Z C/C++: /home/runner/work/daddyboard/daddyboard/daddyboard-main/app/src/main/jni/src/dictionary/property/word_property.h:39:15: note: in instantiation of member function 'std::vector<latinime::NgramProperty>::vector' requested here
build	Build DaddyBoard (HeliBoard fork)	2026-09-30T15:55:37.5252057Z C/C++:    39 |               mNgrams(ngrams) {}
build	Build DaddyBoard (HeliBoard fork)	2026-09-30T15:55:37.5252498Z C/C++:       |               ^
build	Build DaddyBoard (HeliBoard fork)	2026-09-30T15:55:37.5283118Z C/C++: 5 warnings generated.
build	Build DaddyBoard (HeliBoard fork)	2026-09-30T15:55:37.5284316Z C/C++: In file included from /home/runner/work/daddyboard/daddyboard/daddyboard-main/app/src/main/jni/src/suggest/policyimpl/typing/typing_suggest_policy.cpp:17:
build	Build DaddyBoard (HeliBoard fork)	2026-09-30T15:55:37.5286168Z C/C++: In file included from /home/runner/work/daddyboard/daddyboard/daddyboard-main/app/src/main/jni/src/suggest/policyimpl/typing/typing_suggest_policy.h:22:
build	Build DaddyBoard (HeliBoard fork)	2026-09-30T15:55:37.5288203Z C/C++: In file included from /home/runner/work/daddyboard/daddyboard/daddyboard-main/app/src/main/jni/src/suggest/policyimpl/typing/typing_scoring.h:23:
build	Build DaddyBoard (HeliBoard fork)	2026-09-30T15:55:37.5289958Z C/C++: In file included from /home/runner/work/daddyboard/daddyboard/daddyboard-main/app/src/main/jni/src/suggest/core/session/dic_traverse_session.h:23:
build	Build DaddyBoard (HeliBoard fork)	2026-09-30T15:55:37.5291648Z C/C++: In file included from /home/runner/work/daddyboard/daddyboard/daddyboard-main/app/src/main/jni/src/dictionary/utils/multi_bigram_map.h:24:
build	Build DaddyBoard (HeliBoard fork)	2026-09-30T15:55:37.5293620Z C/C++: In file included from /home/runner/work/daddyboard/daddyboard/daddyboard-main/app/src/main/jni/src/dictionary/interface/dictionary_structure_with_buffer_policy.h:23:
build	Build DaddyBoard (HeliBoard fork)	2026-09-30T15:55:37.5296315Z C/C++: /home/runner/work/daddyboard/daddyboard/daddyboard-main/app/src/main/jni/src/dictionary/property/historical_info.h:52:5: warning: definition of implicit copy constructor for 'HistoricalInfo' is deprecated because it has a user-declared copy assignment operator [-Wdeprecated-copy]
build	Build DaddyBoard (HeliBoard fork)	2026-09-30T15:55:37.5298332Z C/C++:    52 |     DISALLOW_ASSIGNMENT_OPERATOR(HistoricalInfo);
build	Build DaddyBoard (HeliBoard fork)	2026-09-30T15:55:37.5298848Z C/C++:       |     ^
build	Build DaddyBoard (HeliBoard fork)	2026-09-30T15:55:37.5299861Z C/C++: /home/runner/work/daddyboard/daddyboard/daddyboard-main/app/src/main/jni/src/defines.h:289:8: note: expanded from macro 'DISALLOW_ASSIGNMENT_OPERATOR'
build	Build DaddyBoard (HeliBoard fork)	2026-09-30T15:55:37.5301035Z C/C++:   289 |   void operator=(const TypeName&) = delete
build	Build DaddyBoard (HeliBoard fork)	2026-09-30T15:55:37.5301516Z C/C++:       |        ^
build	Build DaddyBoard (HeliBoard fork)	2026-09-30T15:55:37.5303023Z C/C++: /home/runner/work/daddyboard/daddyboard/daddyboard-main/app/src/main/jni/src/dictionary/property/ngram_property.h:33:42: note: in implicit copy constructor for 'latinime::HistoricalInfo' first required here
build	Build DaddyBoard (HeliBoard fork)	2026-09-30T15:55:37.5304687Z C/C++:    33 |               mProbability(probability), mHistoricalInfo(historicalInfo) {}
build	Build DaddyBoard (HeliBoard fork)	2026-09-30T15:55:37.5305372Z C/C++:       |                                          ^
build	Build DaddyBoard (HeliBoard fork)	2026-09-30T15:55:37.5306567Z C/C++: In file included from /home/runner/work/daddyboard/daddyboard/daddyboard-main/app/src/main/jni/src/suggest/policyimpl/typing/typing_suggest_policy.cpp:17:
build	Build DaddyBoard (HeliBoard fork)	2026-09-30T15:55:37.5308414Z C/C++: In file included from /home/runner/work/daddyboard/daddyboard/daddyboard-main/app/src/main/jni/src/suggest/policyimpl/typing/typing_suggest_policy.h:22:
build	Build DaddyBoard (HeliBoard fork)	2026-09-30T15:55:37.5310426Z C/C++: In file included from /home/runner/work/daddyboard/daddyboard/daddyboard-main/app/src/main/jni/src/suggest/policyimpl/typing/typing_scoring.h:23:
build	Build DaddyBoard (HeliBoard fork)	2026-09-30T15:55:37.5312163Z C/C++: In file included from /home/runner/work/daddyboard/daddyboard/daddyboard-main/app/src/main/jni/src/suggest/core/session/dic_traverse_session.h:23:
build	Build DaddyBoard (HeliBoard fork)	2026-09-30T15:55:37.5314965Z C/C++: In file included from /home/runner/work/daddyboard/daddyboard/daddyboard-main/app/src/main/jni/src/dictionary/utils/multi_bigram_map.h:24:
build	Build DaddyBoard (HeliBoard fork)	2026-09-30T15:55:37.5316818Z C/C++: In file included from /home/runner/work/daddyboard/daddyboard/daddyboard-main/app/src/main/jni/src/dictionary/interface/dictionary_structure_with_buffer_policy.h:25:
build	Build DaddyBoard (HeliBoard fork)	2026-09-30T15:55:37.5318661Z C/C++: In file included from /home/runner/work/daddyboard/daddyboard/daddyboard-main/app/src/main/jni/src/dictionary/property/word_property.h:24:
build	Build DaddyBoard (HeliBoard fork)	2026-09-30T15:55:37.5321205Z C/C++: /home/runner/work/daddyboard/daddyboard/daddyboard-main/app/src/main/jni/src/dictionary/property/unigram_property.h:126:5: warning: definition of implicit copy constructor for 'UnigramProperty' is deprecated because it has a user-declared copy assignment operator [-Wdeprecated-copy]
build	Build DaddyBoard (HeliBoard fork)	2026-09-30T15:55:37.5323733Z C/C++:   126 |     DISALLOW_ASSIGNMENT_OPERATOR(UnigramProperty);
build	Build DaddyBoard (HeliBoard fork)	2026-09-30T15:55:37.5324280Z C/C++:       |     ^
build	Build DaddyBoard (HeliBoard fork)	2026-09-30T15:55:37.5325309Z C/C++: /home/runner/work/daddyboard/daddyboard/daddyboard-main/app/src/main/jni/src/defines.h:289:8: note: expanded from macro 'DISALLOW_ASSIGNMENT_OPERATOR'
build	Build DaddyBoard (HeliBoard fork)	2026-09-30T15:55:37.5326491Z C/C++:   289 |   void operator=(const TypeName&) = delete
build	Build DaddyBoard (HeliBoard fork)	2026-09-30T15:55:37.5327162Z C/C++:       |        ^
build	Build DaddyBoard (HeliBoard fork)	2026-09-30T15:55:37.5328536Z C/C++: /home/runner/work/daddyboard/daddyboard/daddyboard-main/app/src/main/jni/src/dictionary/property/word_property.h:38:51: note: in implicit copy constructor for 'latinime::UnigramProperty' first required here
build	Build DaddyBoard (HeliBoard fork)	2026-09-30T15:55:37.5330229Z C/C++:    38 |             : mCodePoints(std::move(codePoints)), mUnigramProperty(unigramProperty),
build	Build DaddyBoard (HeliBoard fork)	2026-09-30T15:55:37.5330954Z C/C++:       |                                                   ^
build	Build DaddyBoard (HeliBoard fork)	2026-09-30T15:55:37.5332155Z C/C++: In file included from /home/runner/work/daddyboard/daddyboard/daddyboard-main/app/src/main/jni/src/suggest/policyimpl/typing/typing_suggest_policy.cpp:17:
build	Build DaddyBoard (HeliBoard fork)	2026-09-30T15:55:37.5334252Z C/C++: In file included from /home/runner/work/daddyboard/daddyboard/daddyboard-main/app/src/main/jni/src/suggest/policyimpl/typing/typing_suggest_policy.h:22:
build	Build DaddyBoard (HeliBoard fork)	2026-09-30T15:55:37.5336032Z C/C++: In file included from /home/runner/work/daddyboard/daddyboard/daddyboard-main/app/src/main/jni/src/suggest/policyimpl/typing/typing_scoring.h:23:
build	Build DaddyBoard (HeliBoard fork)	2026-09-30T15:55:37.5337852Z C/C++: In file included from /home/runner/work/daddyboard/daddyboard/daddyboard-main/app/src/main/jni/src/suggest/core/session/dic_traverse_session.h:23:
build	Build DaddyBoard (HeliBoard fork)	2026-09-30T15:55:37.5339560Z C/C++: In file included from /home/runner/work/daddyboard/daddyboard/daddyboard-main/app/src/main/jni/src/dictionary/utils/multi_bigram_map.h:27:
build	Build DaddyBoard (HeliBoard fork)	2026-09-30T15:55:37.5342003Z C/C++: /home/runner/work/daddyboard/daddyboard/daddyboard-main/app/src/main/jni/src/dictionary/utils/bloom_filter.h:47:5: warning: definition of implicit copy constructor for 'BloomFilter' is deprecated because it has a user-declared copy assignment operator [-Wdeprecated-copy]
build	Build DaddyBoard (HeliBoard fork)	2026-09-30T15:55:37.5344057Z C/C++:    47 |     DISALLOW_ASSIGNMENT_OPERATOR(BloomFilter);
build	Build DaddyBoard (HeliBoard fork)	2026-09-30T15:55:37.5355728Z C/C++:       |     ^
build	Build DaddyBoard (HeliBoard fork)	2026-09-30T15:55:37.5356810Z C/C++: /home/runner/work/daddyboard/daddyboard/daddyboard-main/app/src/main/jni/src/defines.h:289:8: note: expanded from macro 'DISALLOW_ASSIGNMENT_OPERATOR'
build	Build DaddyBoard (HeliBoard fork)	2026-09-30T15:55:37.5358047Z C/C++:   289 |   void operator=(const TypeName&) = delete
build	Build DaddyBoard (HeliBoard fork)	2026-09-30T15:55:37.5358533Z C/C++:       |        ^
build	Build DaddyBoard (HeliBoard fork)	2026-09-30T15:55:37.5359873Z C/C++: /home/runner/work/daddyboard/daddyboard/daddyboard-main/app/src/main/jni/src/dictionary/utils/multi_bigram_map.h:57:53: note: in implicit copy constructor for 'latinime::BloomFilter' first required here
build	Build DaddyBoard (HeliBoard fork)	2026-09-30T15:55:37.5361824Z C/C++:    57 |                 : mBigramMap(bigramMap.mBigramMap), mBloomFilter(bigramMap.mBloomFilter) {}
build	Build DaddyBoard (HeliBoard fork)	2026-09-30T15:55:37.5362611Z C/C++:       |                                                     ^
build	Build DaddyBoard (HeliBoard fork)	2026-09-30T15:55:37.5363993Z C/C++: In file included from /home/runner/work/daddyboard/daddyboard/daddyboard-main/app/src/main/jni/src/suggest/policyimpl/typing/typing_suggest_policy.cpp:17:
build	Build DaddyBoard (HeliBoard fork)	2026-09-30T15:55:37.5365843Z C/C++: In file included from /home/runner/work/daddyboard/daddyboard/daddyboard-main/app/src/main/jni/src/suggest/policyimpl/typing/typing_suggest_policy.h:22:
build	Build DaddyBoard (HeliBoard fork)	2026-09-30T15:55:37.5367628Z C/C++: In file included from /home/runner/work/daddyboard/daddyboard/daddyboard-main/app/src/main/jni/src/suggest/policyimpl/typing/typing_scoring.h:23:
build	Build DaddyBoard (HeliBoard fork)	2026-09-30T15:55:37.5369375Z C/C++: In file included from /home/runner/work/daddyboard/daddyboard/daddyboard-main/app/src/main/jni/src/suggest/core/session/dic_traverse_session.h:23:
build	Build DaddyBoard (HeliBoard fork)	2026-09-30T15:55:37.5371069Z C/C++: In file included from /home/runner/work/daddyboard/daddyboard/daddyboard-main/app/src/main/jni/src/dictionary/utils/multi_bigram_map.h:24:
build	Build DaddyBoard (HeliBoard fork)	2026-09-30T15:55:37.5373020Z C/C++: In file included from /home/runner/work/daddyboard/daddyboard/daddyboard-main/app/src/main/jni/src/dictionary/interface/dictionary_structure_with_buffer_policy.h:25:
build	Build DaddyBoard (HeliBoard fork)	2026-09-30T15:55:37.5374794Z C/C++: In file included from /home/runner/work/daddyboard/daddyboard/daddyboard-main/app/src/main/jni/src/dictionary/property/word_property.h:23:
build	Build DaddyBoard (HeliBoard fork)	2026-09-30T15:55:37.5376409Z C/C++: In file included from /home/runner/work/daddyboard/daddyboard/daddyboard-main/app/src/main/jni/src/dictionary/property/ngram_property.h:24:
build	Build DaddyBoard (HeliBoard fork)	2026-09-30T15:55:37.5378236Z C/C++: In file included from /home/runner/work/daddyboard/daddyboard/daddyboard-main/app/src/main/jni/src/dictionary/property/ngram_context.h:23:
build	Build DaddyBoard (HeliBoard fork)	2026-09-30T15:55:37.5380561Z C/C++: /home/runner/work/daddyboard/daddyboard/daddyboard-main/app/src/main/jni/src/utils/int_array_view.h:160:5: warning: definition of implicit copy constructor for 'IntArrayView' is deprecated because it has a user-declared copy assignment operator [-Wdeprecated-copy]
build	Build DaddyBoard (HeliBoard fork)	2026-09-30T15:55:37.5382419Z C/C++:   160 |     DISALLOW_ASSIGNMENT_OPERATOR(IntArrayView);
build	Build DaddyBoard (HeliBoard fork)	2026-09-30T15:55:37.5383061Z C/C++:       |     ^
build	Build DaddyBoard (HeliBoard fork)	2026-09-30T15:55:37.5384046Z C/C++: /home/runner/work/daddyboard/daddyboard/daddyboard-main/app/src/main/jni/src/defines.h:289:8: note: expanded from macro 'DISALLOW_ASSIGNMENT_OPERATOR'
build	Build DaddyBoard (HeliBoard fork)	2026-09-30T15:55:37.5385199Z C/C++:   289 |   void operator=(const TypeName&) = delete
build	Build DaddyBoard (HeliBoard fork)	2026-09-30T15:55:37.5385670Z C/C++:       |        ^
build	Build DaddyBoard (HeliBoard fork)	2026-09-30T15:55:37.5386970Z C/C++: /home/runner/work/daddyboard/daddyboard/daddyboard-main/app/src/main/jni/src/suggest/core/dicnode/dic_node.h:110:53: note: in implicit copy constructor for 'latinime::IntArrayView' first required here
build	Build DaddyBoard (HeliBoard fork)	2026-09-30T15:55:37.5388524Z C/C++:   110 |         mDicNodeProperties.init(rootPtNodeArrayPos, prevWordIds);
build	Build DaddyBoard (HeliBoard fork)	2026-09-30T15:55:37.5389206Z C/C++:       |                                                     ^
build	Build DaddyBoard (HeliBoard fork)	2026-09-30T15:55:37.5390401Z C/C++: In file included from /home/runner/work/daddyboard/daddyboard/daddyboard-main/app/src/main/jni/src/suggest/policyimpl/typing/typing_suggest_policy.cpp:17:
build	Build DaddyBoard (HeliBoard fork)	2026-09-30T15:55:37.5392224Z C/C++: In file included from /home/runner/work/daddyboard/daddyboard/daddyboard-main/app/src/main/jni/src/suggest/policyimpl/typing/typing_suggest_policy.h:23:
build	Build DaddyBoard (HeliBoard fork)	2026-09-30T15:55:37.5394153Z C/C++: In file included from /home/runner/work/daddyboard/daddyboard/daddyboard-main/app/src/main/jni/src/suggest/policyimpl/typing/typing_traversal.h:26:
build	Build DaddyBoard (HeliBoard fork)	2026-09-30T15:55:37.5396260Z C/C++: /home/runner/work/daddyboard/daddyboard/daddyboard-main/app/src/main/jni/src/suggest/core/layout/proximity_info_utils.h:75:25: warning: variable 'proximityChar' set but not used [-Wunused-but-set-variable]
build	Build DaddyBoard (HeliBoard fork)	2026-09-30T15:55:37.5397723Z C/C++:    75 |                     int proximityChar =
build	Build DaddyBoard (HeliBoard fork)	2026-09-30T15:55:37.5398367Z C/C++:       |                         ^
build	Build DaddyBoard (HeliBoard fork)	2026-09-30T15:55:37.5399494Z C/C++: In file included from /home/runner/work/daddyboard/daddyboard/daddyboard-main/app/src/main/jni/src/suggest/policyimpl/typing/typing_suggest_policy.cpp:17:
build	Build DaddyBoard (HeliBoard fork)	2026-09-30T15:55:37.5401338Z C/C++: In file included from /home/runner/work/daddyboard/daddyboard/daddyboard-main/app/src/main/jni/src/suggest/policyimpl/typing/typing_suggest_policy.h:22:
build	Build DaddyBoard (HeliBoard fork)	2026-09-30T15:55:37.5403265Z C/C++: In file included from /home/runner/work/daddyboard/daddyboard/daddyboard-main/app/src/main/jni/src/suggest/policyimpl/typing/typing_scoring.h:23:
build	Build DaddyBoard (HeliBoard fork)	2026-09-30T15:55:37.5404987Z C/C++: In file included from /home/runner/work/daddyboard/daddyboard/daddyboard-main/app/src/main/jni/src/suggest/core/session/dic_traverse_session.h:23:
build	Build DaddyBoard (HeliBoard fork)	2026-09-30T15:55:37.5406679Z C/C++: In file included from /home/runner/work/daddyboard/daddyboard/daddyboard-main/app/src/main/jni/src/dictionary/utils/multi_bigram_map.h:24:
build	Build DaddyBoard (HeliBoard fork)	2026-09-30T15:55:37.5408494Z C/C++: In file included from /home/runner/work/daddyboard/daddyboard/daddyboard-main/app/src/main/jni/src/dictionary/interface/dictionary_structure_with_buffer_policy.h:25:
build	Build DaddyBoard (HeliBoard fork)	2026-09-30T15:55:37.5410294Z C/C++: In file included from /home/runner/work/daddyboard/daddyboard/daddyboard-main/app/src/main/jni/src/dictionary/property/word_property.h:23:
build	Build DaddyBoard (HeliBoard fork)	2026-09-30T15:55:37.5412742Z C/C++: /home/runner/work/daddyboard/daddyboard/daddyboard-main/app/src/main/jni/src/dictionary/property/ngram_property.h:54:5: warning: definition of implicit copy constructor for 'NgramProperty' is deprecated because it has a user-declared copy assignment operator [-Wdeprecated-copy]
build	Build DaddyBoard (HeliBoard fork)	2026-09-30T15:55:37.5414847Z C/C++:    54 |     DISALLOW_ASSIGNMENT_OPERATOR(NgramProperty);
build	Build DaddyBoard (HeliBoard fork)	2026-09-30T15:55:37.5415524Z C/C++:       |     ^
build	Build DaddyBoard (HeliBoard fork)	2026-09-30T15:55:37.5416519Z C/C++: /home/runner/work/daddyboard/daddyboard/daddyboard-main/app/src/main/jni/src/defines.h:289:8: note: expanded from macro 'DISALLOW_ASSIGNMENT_OPERATOR'
build	Build DaddyBoard (HeliBoard fork)	2026-09-30T15:55:37.5417681Z C/C++:   289 |   void operator=(const TypeName&) = delete
build	Build DaddyBoard (HeliBoard fork)	2026-09-30T15:55:37.5418142Z C/C++:       |        ^
build	Build DaddyBoard (HeliBoard fork)	2026-09-30T15:55:37.5419543Z C/C++: /usr/local/lib/android/sdk/ndk/28.0.13004108/toolchains/llvm/prebuilt/linux-x86_64/sysroot/usr/include/c++/v1/__memory/allocator.h:173:24: note: in implicit copy constructor for 'latinime::NgramProperty' first required here
build	Build DaddyBoard (HeliBoard fork)	2026-09-30T15:55:37.5421125Z C/C++:   173 |     ::new ((void*)__p) _Up(std::forward<_Args>(__args)...);
build	Build DaddyBoard (HeliBoard fork)	2026-09-30T15:55:37.5421667Z C/C++:       |                        ^
build	Build DaddyBoard (HeliBoard fork)	2026-09-30T15:55:37.5424058Z C/C++: /usr/local/lib/android/sdk/ndk/28.0.13004108/toolchains/llvm/prebuilt/linux-x86_64/sysroot/usr/include/c++/v1/__memory/allocator_traits.h:320:9: note: in instantiation of function template specialization 'std::allocator<latinime::NgramProperty>::construct<latinime::NgramProperty, latinime::NgramProperty &>' requested here
build	Build DaddyBoard (HeliBoard fork)	2026-09-30T15:55:37.5426224Z C/C++:   320 |     __a.construct(__p, std::forward<_Args>(__args)...);
build	Build DaddyBoard (HeliBoard fork)	2026-09-30T15:55:37.5426764Z C/C++:       |         ^
build	Build DaddyBoard (HeliBoard fork)	2026-09-30T15:55:37.5428966Z C/C++: /usr/local/lib/android/sdk/ndk/28.0.13004108/toolchains/llvm/prebuilt/linux-x86_64/sysroot/usr/include/c++/v1/__memory/uninitialized_algorithms.h:551:31: note: in instantiation of function template specialization 'std::allocator_traits<std::allocator<latinime::NgramProperty>>::construct<latinime::NgramProperty, latinime::NgramProperty &, 0>' requested here
build	Build DaddyBoard (HeliBoard fork)	2026-09-30T15:55:37.5431530Z C/C++:   551 |     allocator_traits<_Alloc>::construct(__alloc, std::__to_address(__first2), *__first1);
build	Build DaddyBoard (HeliBoard fork)	2026-09-30T15:55:37.5432262Z C/C++:       |                               ^
build	Build DaddyBoard (HeliBoard fork)	2026-09-30T15:55:37.5435105Z C/C++: /usr/local/lib/android/sdk/ndk/28.0.13004108/toolchains/llvm/prebuilt/linux-x86_64/sysroot/usr/include/c++/v1/__memory/uninitialized_algorithms.h:594:33: note: in instantiation of function template specialization 'std::__uninitialized_allocator_copy_impl<std::allocator<latinime::NgramProperty>, latinime::NgramProperty *, latinime::NgramProperty *, latinime::NgramProperty *>' requested here
build	Build DaddyBoard (HeliBoard fork)	2026-09-30T15:55:37.5437936Z C/C++:   594 |   auto __result          = std::__uninitialized_allocator_copy_impl(
build	Build DaddyBoard (HeliBoard fork)	2026-09-30T15:55:37.5438552Z C/C++:       |                                 ^
build	Build DaddyBoard (HeliBoard fork)	2026-09-30T15:55:37.5440828Z C/C++: /usr/local/lib/android/sdk/ndk/28.0.13004108/toolchains/llvm/prebuilt/linux-x86_64/sysroot/usr/include/c++/v1/vector:1100:22: note: in instantiation of function template specialization 'std::__uninitialized_allocator_copy<std::allocator<latinime::NgramProperty>, latinime::NgramProperty *, latinime::NgramProperty *, latinime::NgramProperty *>' requested here
build	Build DaddyBoard (HeliBoard fork)	2026-09-30T15:55:37.5443539Z C/C++:  1100 |   __tx.__pos_ = std::__uninitialized_allocator_copy(__alloc(), __first, __last, __tx.__pos_);
build	Build DaddyBoard (HeliBoard fork)	2026-09-30T15:55:37.5444300Z C/C++:       |                      ^
build	Build DaddyBoard (HeliBoard fork)	2026-09-30T15:55:37.5446265Z C/C++: /usr/local/lib/android/sdk/ndk/28.0.13004108/toolchains/llvm/prebuilt/linux-x86_64/sysroot/usr/include/c++/v1/vector:761:7: note: in instantiation of function template specialization 'std::vector<latinime::NgramProperty>::__construct_at_end<latinime::NgramProperty *, latinime::NgramProperty *>' requested here
build	Build DaddyBoard (HeliBoard fork)	2026-09-30T15:55:37.5448310Z C/C++:   761 |       __construct_at_end(__first, __last, __n);
build	Build DaddyBoard (HeliBoard fork)	2026-09-30T15:55:37.5448796Z C/C++:       |       ^
build	Build DaddyBoard (HeliBoard fork)	2026-09-30T15:55:37.5450682Z C/C++: /usr/local/lib/android/sdk/ndk/28.0.13004108/toolchains/llvm/prebuilt/linux-x86_64/sysroot/usr/include/c++/v1/vector:1213:3: note: in instantiation of function template specialization 'std::vector<latinime::NgramProperty>::__init_with_size<latinime::NgramProperty *, latinime::NgramProperty *>' requested here
build	Build DaddyBoard (HeliBoard fork)	2026-09-30T15:55:37.5452754Z C/C++:  1213 |   __init_with_size(__x.__begin_, __x.__end_, __x.size());
build	Build DaddyBoard (HeliBoard fork)	2026-09-30T15:55:37.5453638Z C/C++:       |   ^
build	Build DaddyBoard (HeliBoard fork)	2026-09-30T15:55:37.5455080Z C/C++: /home/runner/work/daddyboard/daddyboard/daddyboard-main/app/src/main/jni/src/dictionary/property/word_property.h:39:15: note: in instantiation of member function 'std::vector<latinime::NgramProperty>::vector' requested here
build	Build DaddyBoard (HeliBoard fork)	2026-09-30T15:55:37.5456634Z C/C++:    39 |               mNgrams(ngrams) {}
build	Build DaddyBoard (HeliBoard fork)	2026-09-30T15:55:37.5457071Z C/C++:       |               ^
build	Build DaddyBoard (HeliBoard fork)	2026-09-30T15:55:37.5457448Z C/C++: 6 warnings generated.
build	Build DaddyBoard (HeliBoard fork)	2026-09-30T15:55:37.5458518Z C/C++: In file included from /home/runner/work/daddyboard/daddyboard/daddyboard-main/app/src/main/jni/src/suggest/policyimpl/typing/typing_traversal.cpp:17:
build	Build DaddyBoard (HeliBoard fork)	2026-09-30T15:55:37.5460301Z C/C++: In file included from /home/runner/work/daddyboard/daddyboard/daddyboard-main/app/src/main/jni/src/suggest/policyimpl/typing/typing_traversal.h:23:
build	Build DaddyBoard (HeliBoard fork)	2026-09-30T15:55:37.5461992Z C/C++: In file included from /home/runner/work/daddyboard/daddyboard/daddyboard-main/app/src/main/jni/src/suggest/core/dicnode/dic_node.h:22:
build	Build DaddyBoard (HeliBoard fork)	2026-09-30T15:55:37.5463882Z C/C++: In file included from /home/runner/work/daddyboard/daddyboard/daddyboard-main/app/src/main/jni/src/suggest/core/dicnode/dic_node_utils.h:21:
build	Build DaddyBoard (HeliBoard fork)	2026-09-30T15:55:37.5466284Z C/C++: /home/runner/work/daddyboard/daddyboard/daddyboard-main/app/src/main/jni/src/utils/int_array_view.h:160:5: warning: definition of implicit copy constructor for 'IntArrayView' is deprecated because it has a user-declared copy assignment operator [-Wdeprecated-copy]
build	Build DaddyBoard (HeliBoard fork)	2026-09-30T15:55:37.5468126Z C/C++:   160 |     DISALLOW_ASSIGNMENT_OPERATOR(IntArrayView);
build	Build DaddyBoard (HeliBoard fork)	2026-09-30T15:55:37.5468628Z C/C++:       |     ^
build	Build DaddyBoard (HeliBoard fork)	2026-09-30T15:55:37.5469634Z C/C++: /home/runner/work/daddyboard/daddyboard/daddyboard-main/app/src/main/jni/src/defines.h:289:8: note: expanded from macro 'DISALLOW_ASSIGNMENT_OPERATOR'
build	Build DaddyBoard (HeliBoard fork)	2026-09-30T15:55:37.5470798Z C/C++:   289 |   void operator=(const TypeName&) = delete
build	Build DaddyBoard (HeliBoard fork)	2026-09-30T15:55:37.5471268Z C/C++:       |        ^
build	Build DaddyBoard (HeliBoard fork)	2026-09-30T15:55:37.5472588Z C/C++: /home/runner/work/daddyboard/daddyboard/daddyboard-main/app/src/main/jni/src/suggest/core/dicnode/dic_node.h:110:53: note: in implicit copy constructor for 'latinime::IntArrayView' first required here
build	Build DaddyBoard (HeliBoard fork)	2026-09-30T15:55:37.5474361Z C/C++:   110 |         mDicNodeProperties.init(rootPtNodeArrayPos, prevWordIds);
build	Build DaddyBoard (HeliBoard fork)	2026-09-30T15:55:37.5475227Z C/C++:       |                                                     ^
build	Build DaddyBoard (HeliBoard fork)	2026-09-30T15:55:37.5476395Z C/C++: In file included from /home/runner/work/daddyboard/daddyboard/daddyboard-main/app/src/main/jni/src/suggest/policyimpl/typing/typing_traversal.cpp:17:
build	Build DaddyBoard (HeliBoard fork)	2026-09-30T15:55:37.5480294Z C/C++: In file included from /home/runner/work/daddyboard/daddyboard/daddyboard-main/app/src/main/jni/src/suggest/policyimpl/typing/typing_traversal.h:26:
build	Build DaddyBoard (HeliBoard fork)	2026-09-30T15:55:37.5482429Z C/C++: /home/runner/work/daddyboard/daddyboard/daddyboard-main/app/src/main/jni/src/suggest/core/layout/proximity_info_utils.h:75:25: warning: variable 'proximityChar' set but not used [-Wunused-but-set-variable]
build	Build DaddyBoard (HeliBoard fork)	2026-09-30T15:55:37.5484105Z C/C++:    75 |                     int proximityChar =
build	Build DaddyBoard (HeliBoard fork)	2026-09-30T15:55:37.5484579Z C/C++:       |                         ^
build	Build DaddyBoard (HeliBoard fork)	2026-09-30T15:55:37.5485685Z C/C++: In file included from /home/runner/work/daddyboard/daddyboard/daddyboard-main/app/src/main/jni/src/suggest/policyimpl/typing/typing_traversal.cpp:17:
build	Build DaddyBoard (HeliBoard fork)	2026-09-30T15:55:37.5487475Z C/C++: In file included from /home/runner/work/daddyboard/daddyboard/daddyboard-main/app/src/main/jni/src/suggest/policyimpl/typing/typing_traversal.h:28:
build	Build DaddyBoard (HeliBoard fork)	2026-09-30T15:55:37.5489244Z C/C++: In file included from /home/runner/work/daddyboard/daddyboard/daddyboard-main/app/src/main/jni/src/suggest/core/session/dic_traverse_session.h:23:
build	Build DaddyBoard (HeliBoard fork)	2026-09-30T15:55:37.5490928Z C/C++: In file included from /home/runner/work/daddyboard/daddyboard/daddyboard-main/app/src/main/jni/src/dictionary/utils/multi_bigram_map.h:24:
build	Build DaddyBoard (HeliBoard fork)	2026-09-30T15:55:37.5492712Z C/C++: In file included from /home/runner/work/daddyboard/daddyboard/daddyboard-main/app/src/main/jni/src/dictionary/interface/dictionary_structure_with_buffer_policy.h:23:
build	Build DaddyBoard (HeliBoard fork)	2026-09-30T15:55:37.5495875Z C/C++: /home/runner/work/daddyboard/daddyboard/daddyboard-main/app/src/main/jni/src/dictionary/property/historical_info.h:52:5: warning: definition of implicit copy constructor for 'HistoricalInfo' is deprecated because it has a user-declared copy assignment operator [-Wdeprecated-copy]
build	Build DaddyBoard (HeliBoard fork)	2026-09-30T15:55:37.5497857Z C/C++:    52 |     DISALLOW_ASSIGNMENT_OPERATOR(HistoricalInfo);
build	Build DaddyBoard (HeliBoard fork)	2026-09-30T15:55:37.5498372Z C/C++:       |     ^
build	Build DaddyBoard (HeliBoard fork)	2026-09-30T15:55:37.5499378Z C/C++: /home/runner/work/daddyboard/daddyboard/daddyboard-main/app/src/main/jni/src/defines.h:289:8: note: expanded from macro 'DISALLOW_ASSIGNMENT_OPERATOR'
build	Build DaddyBoard (HeliBoard fork)	2026-09-30T15:55:37.5500542Z C/C++:   289 |   void operator=(const TypeName&) = delete
build	Build DaddyBoard (HeliBoard fork)	2026-09-30T15:55:37.5501015Z C/C++:       |        ^
build	Build DaddyBoard (HeliBoard fork)	2026-09-30T15:55:37.5502384Z C/C++: /home/runner/work/daddyboard/daddyboard/daddyboard-main/app/src/main/jni/src/dictionary/property/ngram_property.h:33:42: note: in implicit copy constructor for 'latinime::HistoricalInfo' first required here
build	Build DaddyBoard (HeliBoard fork)	2026-09-30T15:55:37.5504175Z C/C++:    33 |               mProbability(probability), mHistoricalInfo(historicalInfo) {}
build	Build DaddyBoard (HeliBoard fork)	2026-09-30T15:55:37.5504853Z C/C++:       |                                          ^
build	Build DaddyBoard (HeliBoard fork)	2026-09-30T15:55:37.5505993Z C/C++: In file included from /home/runner/work/daddyboard/daddyboard/daddyboard-main/app/src/main/jni/src/suggest/policyimpl/typing/typing_traversal.cpp:17:
build	Build DaddyBoard (HeliBoard fork)	2026-09-30T15:55:37.5507764Z C/C++: In file included from /home/runner/work/daddyboard/daddyboard/daddyboard-main/app/src/main/jni/src/suggest/policyimpl/typing/typing_traversal.h:28:
build	Build DaddyBoard (HeliBoard fork)	2026-09-30T15:55:37.5509505Z C/C++: In file included from /home/runner/work/daddyboard/daddyboard/daddyboard-main/app/src/main/jni/src/suggest/core/session/dic_traverse_session.h:23:
build	Build DaddyBoard (HeliBoard fork)	2026-09-30T15:55:37.5511204Z C/C++: In file included from /home/runner/work/daddyboard/daddyboard/daddyboard-main/app/src/main/jni/src/dictionary/utils/multi_bigram_map.h:24:
build	Build DaddyBoard (HeliBoard fork)	2026-09-30T15:55:37.5526107Z C/C++: In file included from /home/runner/work/daddyboard/daddyboard/daddyboard-main/app/src/main/jni/src/dictionary/interface/dictionary_structure_with_buffer_policy.h:25:
build	Build DaddyBoard (HeliBoard fork)	2026-09-30T15:55:37.5527978Z C/C++: In file included from /home/runner/work/daddyboard/daddyboard/daddyboard-main/app/src/main/jni/src/dictionary/property/word_property.h:24:
build	Build DaddyBoard (HeliBoard fork)	2026-09-30T15:55:37.5530723Z C/C++: /home/runner/work/daddyboard/daddyboard/daddyboard-main/app/src/main/jni/src/dictionary/property/unigram_property.h:126:5: warning: definition of implicit copy constructor for 'UnigramProperty' is deprecated because it has a user-declared copy assignment operator [-Wdeprecated-copy]
build	Build DaddyBoard (HeliBoard fork)	2026-09-30T15:55:37.5532717Z C/C++:   126 |     DISALLOW_ASSIGNMENT_OPERATOR(UnigramProperty);
build	Build DaddyBoard (HeliBoard fork)	2026-09-30T15:55:37.5533579Z C/C++:       |     ^
build	Build DaddyBoard (HeliBoard fork)	2026-09-30T15:55:37.5534607Z C/C++: /home/runner/work/daddyboard/daddyboard/daddyboard-main/app/src/main/jni/src/defines.h:289:8: note: expanded from macro 'DISALLOW_ASSIGNMENT_OPERATOR'
build	Build DaddyBoard (HeliBoard fork)	2026-09-30T15:55:37.5535778Z C/C++:   289 |   void operator=(const TypeName&) = delete
build	Build DaddyBoard (HeliBoard fork)	2026-09-30T15:55:37.5536244Z C/C++:       |        ^
build	Build DaddyBoard (HeliBoard fork)	2026-09-30T15:55:37.5537598Z C/C++: /home/runner/work/daddyboard/daddyboard/daddyboard-main/app/src/main/jni/src/dictionary/property/word_property.h:38:51: note: in implicit copy constructor for 'latinime::UnigramProperty' first required here
build	Build DaddyBoard (HeliBoard fork)	2026-09-30T15:55:37.5539279Z C/C++:    38 |             : mCodePoints(std::move(codePoints)), mUnigramProperty(unigramProperty),
build	Build DaddyBoard (HeliBoard fork)	2026-09-30T15:55:37.5539998Z C/C++:       |                                                   ^
build	Build DaddyBoard (HeliBoard fork)	2026-09-30T15:55:37.5541136Z C/C++: In file included from /home/runner/work/daddyboard/daddyboard/daddyboard-main/app/src/main/jni/src/suggest/policyimpl/typing/typing_traversal.cpp:17:
build	Build DaddyBoard (HeliBoard fork)	2026-09-30T15:55:37.5543047Z C/C++: In file included from /home/runner/work/daddyboard/daddyboard/daddyboard-main/app/src/main/jni/src/suggest/policyimpl/typing/typing_traversal.h:28:
build	Build DaddyBoard (HeliBoard fork)	2026-09-30T15:55:37.5544776Z C/C++: In file included from /home/runner/work/daddyboard/daddyboard/daddyboard-main/app/src/main/jni/src/suggest/core/session/dic_traverse_session.h:23:
build	Build DaddyBoard (HeliBoard fork)	2026-09-30T15:55:37.5546647Z C/C++: In file included from /home/runner/work/daddyboard/daddyboard/daddyboard-main/app/src/main/jni/src/dictionary/utils/multi_bigram_map.h:27:
build	Build DaddyBoard (HeliBoard fork)	2026-09-30T15:55:37.5549052Z C/C++: /home/runner/work/daddyboard/daddyboard/daddyboard-main/app/src/main/jni/src/dictionary/utils/bloom_filter.h:47:5: warning: definition of implicit copy constructor for 'BloomFilter' is deprecated because it has a user-declared copy assignment operator [-Wdeprecated-copy]
build	Build DaddyBoard (HeliBoard fork)	2026-09-30T15:55:37.5550969Z C/C++:    47 |     DISALLOW_ASSIGNMENT_OPERATOR(BloomFilter);
build	Build DaddyBoard (HeliBoard fork)	2026-09-30T15:55:37.5551455Z C/C++:       |     ^
build	Build DaddyBoard (HeliBoard fork)	2026-09-30T15:55:37.5552445Z C/C++: /home/runner/work/daddyboard/daddyboard/daddyboard-main/app/src/main/jni/src/defines.h:289:8: note: expanded from macro 'DISALLOW_ASSIGNMENT_OPERATOR'
build	Build DaddyBoard (HeliBoard fork)	2026-09-30T15:55:37.5553804Z C/C++:   289 |   void operator=(const TypeName&) = delete
build	Build DaddyBoard (HeliBoard fork)	2026-09-30T15:55:37.5554281Z C/C++:       |        ^
build	Build DaddyBoard (HeliBoard fork)	2026-09-30T15:55:37.5555598Z C/C++: /home/runner/work/daddyboard/daddyboard/daddyboard-main/app/src/main/jni/src/dictionary/utils/multi_bigram_map.h:57:53: note: in implicit copy constructor for 'latinime::BloomFilter' first required here
build	Build DaddyBoard (HeliBoard fork)	2026-09-30T15:55:37.5557275Z C/C++:    57 |                 : mBigramMap(bigramMap.mBigramMap), mBloomFilter(bigramMap.mBloomFilter) {}
build	Build DaddyBoard (HeliBoard fork)	2026-09-30T15:55:37.5558042Z C/C++:       |                                                     ^
build	Build DaddyBoard (HeliBoard fork)	2026-09-30T15:55:37.5559213Z C/C++: In file included from /home/runner/work/daddyboard/daddyboard/daddyboard-main/app/src/main/jni/src/suggest/policyimpl/typing/typing_traversal.cpp:17:
build	Build DaddyBoard (HeliBoard fork)	2026-09-30T15:55:37.5560970Z C/C++: In file included from /home/runner/work/daddyboard/daddyboard/daddyboard-main/app/src/main/jni/src/suggest/policyimpl/typing/typing_traversal.h:28:
build	Build DaddyBoard (HeliBoard fork)	2026-09-30T15:55:37.5562713Z C/C++: In file included from /home/runner/work/daddyboard/daddyboard/daddyboard-main/app/src/main/jni/src/suggest/core/session/dic_traverse_session.h:23:
build	Build DaddyBoard (HeliBoard fork)	2026-09-30T15:55:37.5564695Z C/C++: In file included from /home/runner/work/daddyboard/daddyboard/daddyboard-main/app/src/main/jni/src/dictionary/utils/multi_bigram_map.h:24:
build	Build DaddyBoard (HeliBoard fork)	2026-09-30T15:55:37.5566545Z C/C++: In file included from /home/runner/work/daddyboard/daddyboard/daddyboard-main/app/src/main/jni/src/dictionary/interface/dictionary_structure_with_buffer_policy.h:25:
build	Build DaddyBoard (HeliBoard fork)	2026-09-30T15:55:37.5568638Z C/C++: In file included from /home/runner/work/daddyboard/daddyboard/daddyboard-main/app/src/main/jni/src/dictionary/property/word_property.h:23:
build	Build DaddyBoard (HeliBoard fork)	2026-09-30T15:55:37.5571125Z C/C++: /home/runner/work/daddyboard/daddyboard/daddyboard-main/app/src/main/jni/src/dictionary/property/ngram_property.h:54:5: warning: definition of implicit copy constructor for 'NgramProperty' is deprecated because it has a user-declared copy assignment operator [-Wdeprecated-copy]
build	Build DaddyBoard (HeliBoard fork)	2026-09-30T15:55:37.5573228Z C/C++:    54 |     DISALLOW_ASSIGNMENT_OPERATOR(NgramProperty);
build	Build DaddyBoard (HeliBoard fork)	2026-09-30T15:55:37.5573743Z C/C++:       |     ^
build	Build DaddyBoard (HeliBoard fork)	2026-09-30T15:55:37.5574748Z C/C++: /home/runner/work/daddyboard/daddyboard/daddyboard-main/app/src/main/jni/src/defines.h:289:8: note: expanded from macro 'DISALLOW_ASSIGNMENT_OPERATOR'
build	Build DaddyBoard (HeliBoard fork)	2026-09-30T15:55:37.5575924Z C/C++:   289 |   void operator=(const TypeName&) = delete
build	Build DaddyBoard (HeliBoard fork)	2026-09-30T15:55:37.5576409Z C/C++:       |        ^
build	Build DaddyBoard (HeliBoard fork)	2026-09-30T15:55:37.5577828Z C/C++: /usr/local/lib/android/sdk/ndk/28.0.13004108/toolchains/llvm/prebuilt/linux-x86_64/sysroot/usr/include/c++/v1/__memory/allocator.h:173:24: note: in implicit copy constructor for 'latinime::NgramProperty' first required here
build	Build DaddyBoard (HeliBoard fork)	2026-09-30T15:55:37.5579416Z C/C++:   173 |     ::new ((void*)__p) _Up(std::forward<_Args>(__args)...);
build	Build DaddyBoard (HeliBoard fork)	2026-09-30T15:55:37.5579953Z C/C++:       |                        ^
build	Build DaddyBoard (HeliBoard fork)	2026-09-30T15:55:37.5582015Z C/C++: /usr/local/lib/android/sdk/ndk/28.0.13004108/toolchains/llvm/prebuilt/linux-x86_64/sysroot/usr/include/c++/v1/__memory/allocator_traits.h:320:9: note: in instantiation of function template specialization 'std::allocator<latinime::NgramProperty>::construct<latinime::NgramProperty, latinime::NgramProperty &>' requested here
build	Build DaddyBoard (HeliBoard fork)	2026-09-30T15:55:37.5584608Z C/C++:   320 |     __a.construct(__p, std::forward<_Args>(__args)...);
build	Build DaddyBoard (HeliBoard fork)	2026-09-30T15:55:37.5585141Z C/C++:       |         ^
build	Build DaddyBoard (HeliBoard fork)	2026-09-30T15:55:37.5587376Z C/C++: /usr/local/lib/android/sdk/ndk/28.0.13004108/toolchains/llvm/prebuilt/linux-x86_64/sysroot/usr/include/c++/v1/__memory/uninitialized_algorithms.h:551:31: note: in instantiation of function template specialization 'std::allocator_traits<std::allocator<latinime::NgramProperty>>::construct<latinime::NgramProperty, latinime::NgramProperty &, 0>' requested here
build	Build DaddyBoard (HeliBoard fork)	2026-09-30T15:55:37.5589941Z C/C++:   551 |     allocator_traits<_Alloc>::construct(__alloc, std::__to_address(__first2), *__first1);
build	Build DaddyBoard (HeliBoard fork)	2026-09-30T15:55:37.5590678Z C/C++:       |                               ^
build	Build DaddyBoard (HeliBoard fork)	2026-09-30T15:55:37.5593381Z C/C++: /usr/local/lib/android/sdk/ndk/28.0.13004108/toolchains/llvm/prebuilt/linux-x86_64/sysroot/usr/include/c++/v1/__memory/uninitialized_algorithms.h:594:33: note: in instantiation of function template specialization 'std::__uninitialized_allocator_copy_impl<std::allocator<latinime::NgramProperty>, latinime::NgramProperty *, latinime::NgramProperty *, latinime::NgramProperty *>' requested here
build	Build DaddyBoard (HeliBoard fork)	2026-09-30T15:55:37.5596032Z C/C++:   594 |   auto __result          = std::__uninitialized_allocator_copy_impl(
build	Build DaddyBoard (HeliBoard fork)	2026-09-30T15:55:37.5596638Z C/C++:       |                                 ^
build	Build DaddyBoard (HeliBoard fork)	2026-09-30T15:55:37.5598910Z C/C++: /usr/local/lib/android/sdk/ndk/28.0.13004108/toolchains/llvm/prebuilt/linux-x86_64/sysroot/usr/include/c++/v1/vector:1100:22: note: in instantiation of function template specialization 'std::__uninitialized_allocator_copy<std::allocator<latinime::NgramProperty>, latinime::NgramProperty *, latinime::NgramProperty *, latinime::NgramProperty *>' requested here
build	Build DaddyBoard (HeliBoard fork)	2026-09-30T15:55:37.5601472Z C/C++:  1100 |   __tx.__pos_ = std::__uninitialized_allocator_copy(__alloc(), __first, __last, __tx.__pos_);
build	Build DaddyBoard (HeliBoard fork)	2026-09-30T15:55:37.5602211Z C/C++:       |                      ^
build	Build DaddyBoard (HeliBoard fork)	2026-09-30T15:55:37.5604318Z C/C++: /usr/local/lib/android/sdk/ndk/28.0.13004108/toolchains/llvm/prebuilt/linux-x86_64/sysroot/usr/include/c++/v1/vector:761:7: note: in instantiation of function template specialization 'std::vector<latinime::NgramProperty>::__construct_at_end<latinime::NgramProperty *, latinime::NgramProperty *>' requested here
build	Build DaddyBoard (HeliBoard fork)	2026-09-30T15:55:37.5606556Z C/C++:   761 |       __construct_at_end(__first, __last, __n);
build	Build DaddyBoard (HeliBoard fork)	2026-09-30T15:55:37.5607038Z C/C++:       |       ^
build	Build DaddyBoard (HeliBoard fork)	2026-09-30T15:55:37.5608923Z C/C++: /usr/local/lib/android/sdk/ndk/28.0.13004108/toolchains/llvm/prebuilt/linux-x86_64/sysroot/usr/include/c++/v1/vector:1213:3: note: in instantiation of function template specialization 'std::vector<latinime::NgramProperty>::__init_with_size<latinime::NgramProperty *, latinime::NgramProperty *>' requested here
build	Build DaddyBoard (HeliBoard fork)	2026-09-30T15:55:37.5610989Z C/C++:  1213 |   __init_with_size(__x.__begin_, __x.__end_, __x.size());
build	Build DaddyBoard (HeliBoard fork)	2026-09-30T15:55:37.5611525Z C/C++:       |   ^
build	Build DaddyBoard (HeliBoard fork)	2026-09-30T15:55:37.5613179Z C/C++: /home/runner/work/daddyboard/daddyboard/daddyboard-main/app/src/main/jni/src/dictionary/property/word_property.h:39:15: note: in instantiation of member function 'std::vector<latinime::NgramProperty>::vector' requested here
build	Build DaddyBoard (HeliBoard fork)	2026-09-30T15:55:37.5614735Z C/C++:    39 |               mNgrams(ngrams) {}
build	Build DaddyBoard (HeliBoard fork)	2026-09-30T15:55:37.5615173Z C/C++:       |               ^
build	Build DaddyBoard (HeliBoard fork)	2026-09-30T15:55:37.5615544Z C/C++: 6 warnings generated.
build	Build DaddyBoard (HeliBoard fork)	2026-09-30T15:55:37.5616621Z C/C++: In file included from /home/runner/work/daddyboard/daddyboard/daddyboard-main/app/src/main/jni/src/suggest/policyimpl/typing/typing_weighting.cpp:17:
build	Build DaddyBoard (HeliBoard fork)	2026-09-30T15:55:37.5618414Z C/C++: In file included from /home/runner/work/daddyboard/daddyboard/daddyboard-main/app/src/main/jni/src/suggest/policyimpl/typing/typing_weighting.h:25:
build	Build DaddyBoard (HeliBoard fork)	2026-09-30T15:55:37.5620165Z C/C++: In file included from /home/runner/work/daddyboard/daddyboard/daddyboard-main/app/src/main/jni/src/suggest/core/session/dic_traverse_session.h:23:
build	Build DaddyBoard (HeliBoard fork)	2026-09-30T15:55:37.5622049Z C/C++: In file included from /home/runner/work/daddyboard/daddyboard/daddyboard-main/app/src/main/jni/src/dictionary/utils/multi_bigram_map.h:24:
build	Build DaddyBoard (HeliBoard fork)	2026-09-30T15:55:37.5624051Z C/C++: In file included from /home/runner/work/daddyboard/daddyboard/daddyboard-main/app/src/main/jni/src/dictionary/interface/dictionary_structure_with_buffer_policy.h:23:
build	Build DaddyBoard (HeliBoard fork)	2026-09-30T15:55:37.5626731Z C/C++: /home/runner/work/daddyboard/daddyboard/daddyboard-main/app/src/main/jni/src/dictionary/property/historical_info.h:52:5: warning: definition of implicit copy constructor for 'HistoricalInfo' is deprecated because it has a user-declared copy assignment operator [-Wdeprecated-copy]
build	Build DaddyBoard (HeliBoard fork)	2026-09-30T15:55:37.5628709Z C/C++:    52 |     DISALLOW_ASSIGNMENT_OPERATOR(HistoricalInfo);
build	Build DaddyBoard (HeliBoard fork)	2026-09-30T15:55:37.5629216Z C/C++:       |     ^
build	Build DaddyBoard (HeliBoard fork)	2026-09-30T15:55:37.5630215Z C/C++: /home/runner/work/daddyboard/daddyboard/daddyboard-main/app/src/main/jni/src/defines.h:289:8: note: expanded from macro 'DISALLOW_ASSIGNMENT_OPERATOR'
build	Build DaddyBoard (HeliBoard fork)	2026-09-30T15:55:37.5631391Z C/C++:   289 |   void operator=(const TypeName&) = delete
build	Build DaddyBoard (HeliBoard fork)	2026-09-30T15:55:37.5631868Z C/C++:       |        ^
build	Build DaddyBoard (HeliBoard fork)	2026-09-30T15:55:37.5633519Z C/C++: /home/runner/work/daddyboard/daddyboard/daddyboard-main/app/src/main/jni/src/dictionary/property/ngram_property.h:33:42: note: in implicit copy constructor for 'latinime::HistoricalInfo' first required here
build	Build DaddyBoard (HeliBoard fork)	2026-09-30T15:55:37.5635190Z C/C++:    33 |               mProbability(probability), mHistoricalInfo(historicalInfo) {}
build	Build DaddyBoard (HeliBoard fork)	2026-09-30T15:55:37.5635866Z C/C++:       |                                          ^
build	Build DaddyBoard (HeliBoard fork)	2026-09-30T15:55:37.5637000Z C/C++: In file included from /home/runner/work/daddyboard/daddyboard/daddyboard-main/app/src/main/jni/src/suggest/policyimpl/typing/typing_weighting.cpp:17:
build	Build DaddyBoard (HeliBoard fork)	2026-09-30T15:55:37.5638774Z C/C++: In file included from /home/runner/work/daddyboard/daddyboard/daddyboard-main/app/src/main/jni/src/suggest/policyimpl/typing/typing_weighting.h:25:
build	Build DaddyBoard (HeliBoard fork)	2026-09-30T15:55:37.5640518Z C/C++: In file included from /home/runner/work/daddyboard/daddyboard/daddyboard-main/app/src/main/jni/src/suggest/core/session/dic_traverse_session.h:23:
build	Build DaddyBoard (HeliBoard fork)	2026-09-30T15:55:37.5642205Z C/C++: In file included from /home/runner/work/daddyboard/daddyboard/daddyboard-main/app/src/main/jni/src/dictionary/utils/multi_bigram_map.h:24:
build	Build DaddyBoard (HeliBoard fork)	2026-09-30T15:55:37.5644376Z C/C++: In file included from /home/runner/work/daddyboard/daddyboard/daddyboard-main/app/src/main/jni/src/dictionary/interface/dictionary_structure_with_buffer_policy.h:25:
build	Build DaddyBoard (HeliBoard fork)	2026-09-30T15:55:37.5646198Z C/C++: In file included from /home/runner/work/daddyboard/daddyboard/daddyboard-main/app/src/main/jni/src/dictionary/property/word_property.h:24:
build	Build DaddyBoard (HeliBoard fork)	2026-09-30T15:55:37.5648706Z C/C++: /home/runner/work/daddyboard/daddyboard/daddyboard-main/app/src/main/jni/src/dictionary/property/unigram_property.h:126:5: warning: definition of implicit copy constructor for 'UnigramProperty' is deprecated because it has a user-declared copy assignment operator [-Wdeprecated-copy]
build	Build DaddyBoard (HeliBoard fork)	2026-09-30T15:55:37.5650713Z C/C++:   126 |     DISALLOW_ASSIGNMENT_OPERATOR(UnigramProperty);
build	Build DaddyBoard (HeliBoard fork)	2026-09-30T15:55:37.5651229Z C/C++:       |     ^
build	Build DaddyBoard (HeliBoard fork)	2026-09-30T15:55:37.5652230Z C/C++: /home/runner/work/daddyboard/daddyboard/daddyboard-main/app/src/main/jni/src/defines.h:289:8: note: expanded from macro 'DISALLOW_ASSIGNMENT_OPERATOR'
build	Build DaddyBoard (HeliBoard fork)	2026-09-30T15:55:37.5653646Z C/C++:   289 |   void operator=(const TypeName&) = delete
build	Build DaddyBoard (HeliBoard fork)	2026-09-30T15:55:37.5654129Z C/C++:       |        ^
build	Build DaddyBoard (HeliBoard fork)	2026-09-30T15:55:37.5655493Z C/C++: /home/runner/work/daddyboard/daddyboard/daddyboard-main/app/src/main/jni/src/dictionary/property/word_property.h:38:51: note: in implicit copy constructor for 'latinime::UnigramProperty' first required here
build	Build DaddyBoard (HeliBoard fork)	2026-09-30T15:55:37.5657181Z C/C++:    38 |             : mCodePoints(std::move(codePoints)), mUnigramProperty(unigramProperty),
build	Build DaddyBoard (HeliBoard fork)	2026-09-30T15:55:37.5657913Z C/C++:       |                                                   ^
build	Build DaddyBoard (HeliBoard fork)	2026-09-30T15:55:37.5659070Z C/C++: In file included from /home/runner/work/daddyboard/daddyboard/daddyboard-main/app/src/main/jni/src/suggest/policyimpl/typing/typing_weighting.cpp:17:
build	Build DaddyBoard (HeliBoard fork)	2026-09-30T15:55:37.5661049Z C/C++: In file included from /home/runner/work/daddyboard/daddyboard/daddyboard-main/app/src/main/jni/src/suggest/policyimpl/typing/typing_weighting.h:25:
build	Build DaddyBoard (HeliBoard fork)	2026-09-30T15:55:37.5662942Z C/C++: In file included from /home/runner/work/daddyboard/daddyboard/daddyboard-main/app/src/main/jni/src/suggest/core/session/dic_traverse_session.h:23:
build	Build DaddyBoard (HeliBoard fork)	2026-09-30T15:55:37.5664769Z C/C++: In file included from /home/runner/work/daddyboard/daddyboard/daddyboard-main/app/src/main/jni/src/dictionary/utils/multi_bigram_map.h:27:
build	Build DaddyBoard (HeliBoard fork)	2026-09-30T15:55:37.5667208Z C/C++: /home/runner/work/daddyboard/daddyboard/daddyboard-main/app/src/main/jni/src/dictionary/utils/bloom_filter.h:47:5: warning: definition of implicit copy constructor for 'BloomFilter' is deprecated because it has a user-declared copy assignment operator [-Wdeprecated-copy]
build	Build DaddyBoard (HeliBoard fork)	2026-09-30T15:55:37.5669099Z C/C++:    47 |     DISALLOW_ASSIGNMENT_OPERATOR(BloomFilter);
build	Build DaddyBoard (HeliBoard fork)	2026-09-30T15:55:37.5669604Z C/C++:       |     ^
build	Build DaddyBoard (HeliBoard fork)	2026-09-30T15:55:37.5670603Z C/C++: /home/runner/work/daddyboard/daddyboard/daddyboard-main/app/src/main/jni/src/defines.h:289:8: note: expanded from macro 'DISALLOW_ASSIGNMENT_OPERATOR'
build	Build DaddyBoard (HeliBoard fork)	2026-09-30T15:55:37.5671770Z C/C++:   289 |   void operator=(const TypeName&) = delete
build	Build DaddyBoard (HeliBoard fork)	2026-09-30T15:55:37.5672254Z C/C++:       |        ^
build	Build DaddyBoard (HeliBoard fork)	2026-09-30T15:55:37.5673721Z C/C++: /home/runner/work/daddyboard/daddyboard/daddyboard-main/app/src/main/jni/src/dictionary/utils/multi_bigram_map.h:57:53: note: in implicit copy constructor for 'latinime::BloomFilter' first required here
build	Build DaddyBoard (HeliBoard fork)	2026-09-30T15:55:37.5675416Z C/C++:    57 |                 : mBigramMap(bigramMap.mBigramMap), mBloomFilter(bigramMap.mBloomFilter) {}
build	Build DaddyBoard (HeliBoard fork)	2026-09-30T15:55:37.5676183Z C/C++:       |                                                     ^
build	Build DaddyBoard (HeliBoard fork)	2026-09-30T15:55:37.5677348Z C/C++: In file included from /home/runner/work/daddyboard/daddyboard/daddyboard-main/app/src/main/jni/src/suggest/policyimpl/typing/typing_weighting.cpp:17:
build	Build DaddyBoard (HeliBoard fork)	2026-09-30T15:55:37.5679136Z C/C++: In file included from /home/runner/work/daddyboard/daddyboard/daddyboard-main/app/src/main/jni/src/suggest/policyimpl/typing/typing_weighting.h:21:
build	Build DaddyBoard (HeliBoard fork)	2026-09-30T15:55:37.5680850Z C/C++: In file included from /home/runner/work/daddyboard/daddyboard/daddyboard-main/app/src/main/jni/src/suggest/core/dicnode/dic_node_utils.h:21:
build	Build DaddyBoard (HeliBoard fork)	2026-09-30T15:55:37.5683557Z C/C++: /home/runner/work/daddyboard/daddyboard/daddyboard-main/app/src/main/jni/src/utils/int_array_view.h:160:5: warning: definition of implicit copy constructor for 'IntArrayView' is deprecated because it has a user-declared copy assignment operator [-Wdeprecated-copy]
build	Build DaddyBoard (HeliBoard fork)	2026-09-30T15:55:37.5685409Z C/C++:   160 |     DISALLOW_ASSIGNMENT_OPERATOR(IntArrayView);
build	Build DaddyBoard (HeliBoard fork)	2026-09-30T15:55:37.5685911Z C/C++:       |     ^
build	Build DaddyBoard (HeliBoard fork)	2026-09-30T15:55:37.5686908Z C/C++: /home/runner/work/daddyboard/daddyboard/daddyboard-main/app/src/main/jni/src/defines.h:289:8: note: expanded from macro 'DISALLOW_ASSIGNMENT_OPERATOR'
build	Build DaddyBoard (HeliBoard fork)	2026-09-30T15:55:37.5688110Z C/C++:   289 |   void operator=(const TypeName&) = delete
build	Build DaddyBoard (HeliBoard fork)	2026-09-30T15:55:37.5688582Z C/C++:       |        ^
build	Build DaddyBoard (HeliBoard fork)	2026-09-30T15:55:37.5689899Z C/C++: /home/runner/work/daddyboard/daddyboard/daddyboard-main/app/src/main/jni/src/suggest/core/dicnode/dic_node.h:110:53: note: in implicit copy constructor for 'latinime::IntArrayView' first required here
build	Build DaddyBoard (HeliBoard fork)	2026-09-30T15:55:37.5691492Z C/C++:   110 |         mDicNodeProperties.init(rootPtNodeArrayPos, prevWordIds);
build	Build DaddyBoard (HeliBoard fork)	2026-09-30T15:55:37.5692169Z C/C++:       |                                                     ^
build	Build DaddyBoard (HeliBoard fork)	2026-09-30T15:55:37.5693467Z C/C++: In file included from /home/runner/work/daddyboard/daddyboard/daddyboard-main/app/src/main/jni/src/suggest/policyimpl/typing/typing_weighting.cpp:20:
build	Build DaddyBoard (HeliBoard fork)	2026-09-30T15:55:37.5695214Z C/C++: In file included from /home/runner/work/daddyboard/daddyboard/daddyboard-main/app/src/main/jni/src/suggest/core/layout/proximity_info.h:25:
build	Build DaddyBoard (HeliBoard fork)	2026-09-30T15:55:37.5697293Z C/C++: /home/runner/work/daddyboard/daddyboard/daddyboard-main/app/src/main/jni/src/suggest/core/layout/proximity_info_utils.h:75:25: warning: variable 'proximityChar' set but not used [-Wunused-but-set-variable]
build	Build DaddyBoard (HeliBoard fork)	2026-09-30T15:55:37.5698968Z C/C++:    75 |                     int proximityChar =
build	Build DaddyBoard (HeliBoard fork)	2026-09-30T15:55:37.5699440Z C/C++:       |                         ^
build	Build DaddyBoard (HeliBoard fork)	2026-09-30T15:55:37.5700555Z C/C++: In file included from /home/runner/work/daddyboard/daddyboard/daddyboard-main/app/src/main/jni/src/suggest/policyimpl/typing/typing_weighting.cpp:17:
build	Build DaddyBoard (HeliBoard fork)	2026-09-30T15:55:37.5702334Z C/C++: In file included from /home/runner/work/daddyboard/daddyboard/daddyboard-main/app/src/main/jni/src/suggest/policyimpl/typing/typing_weighting.h:25:
build	Build DaddyBoard (HeliBoard fork)	2026-09-30T15:55:37.5704356Z C/C++: In file included from /home/runner/work/daddyboard/daddyboard/daddyboard-main/app/src/main/jni/src/suggest/core/session/dic_traverse_session.h:23:
build	Build DaddyBoard (HeliBoard fork)	2026-09-30T15:55:37.5706073Z C/C++: In file included from /home/runner/work/daddyboard/daddyboard/daddyboard-main/app/src/main/jni/src/dictionary/utils/multi_bigram_map.h:24:
build	Build DaddyBoard (HeliBoard fork)	2026-09-30T15:55:37.5707906Z C/C++: In file included from /home/runner/work/daddyboard/daddyboard/daddyboard-main/app/src/main/jni/src/dictionary/interface/dictionary_structure_with_buffer_policy.h:25:
build	Build DaddyBoard (HeliBoard fork)	2026-09-30T15:55:37.5709720Z C/C++: In file included from /home/runner/work/daddyboard/daddyboard/daddyboard-main/app/src/main/jni/src/dictionary/property/word_property.h:23:
build	Build DaddyBoard (HeliBoard fork)	2026-09-30T15:55:37.5712203Z C/C++: /home/runner/work/daddyboard/daddyboard/daddyboard-main/app/src/main/jni/src/dictionary/property/ngram_property.h:54:5: warning: definition of implicit copy constructor for 'NgramProperty' is deprecated because it has a user-declared copy assignment operator [-Wdeprecated-copy]
build	Build DaddyBoard (HeliBoard fork)	2026-09-30T15:55:37.5714311Z C/C++:    54 |     DISALLOW_ASSIGNMENT_OPERATOR(NgramProperty);
build	Build DaddyBoard (HeliBoard fork)	2026-09-30T15:55:37.5714832Z C/C++:       |     ^
build	Build DaddyBoard (HeliBoard fork)	2026-09-30T15:55:37.5715835Z C/C++: /home/runner/work/daddyboard/daddyboard/daddyboard-main/app/src/main/jni/src/defines.h:289:8: note: expanded from macro 'DISALLOW_ASSIGNMENT_OPERATOR'
build	Build DaddyBoard (HeliBoard fork)	2026-09-30T15:55:37.5717007Z C/C++:   289 |   void operator=(const TypeName&) = delete
build	Build DaddyBoard (HeliBoard fork)	2026-09-30T15:55:37.5717483Z C/C++:       |        ^
build	Build DaddyBoard (HeliBoard fork)	2026-09-30T15:55:37.5718897Z C/C++: /usr/local/lib/android/sdk/ndk/28.0.13004108/toolchains/llvm/prebuilt/linux-x86_64/sysroot/usr/include/c++/v1/__memory/allocator.h:173:24: note: in implicit copy constructor for 'latinime::NgramProperty' first required here
build	Build DaddyBoard (HeliBoard fork)	2026-09-30T15:55:37.5720692Z C/C++:   173 |     ::new ((void*)__p) _Up(std::forward<_Args>(__args)...);
build	Build DaddyBoard (HeliBoard fork)	2026-09-30T15:55:37.5721246Z C/C++:       |                        ^
build	Build DaddyBoard (HeliBoard fork)	2026-09-30T15:55:37.5723561Z C/C++: /usr/local/lib/android/sdk/ndk/28.0.13004108/toolchains/llvm/prebuilt/linux-x86_64/sysroot/usr/include/c++/v1/__memory/allocator_traits.h:320:9: note: in instantiation of function template specialization 'std::allocator<latinime::NgramProperty>::construct<latinime::NgramProperty, latinime::NgramProperty &>' requested here
build	Build DaddyBoard (HeliBoard fork)	2026-09-30T15:55:37.5725765Z C/C++:   320 |     __a.construct(__p, std::forward<_Args>(__args)...);
build	Build DaddyBoard (HeliBoard fork)	2026-09-30T15:55:37.5726304Z C/C++:       |         ^
build	Build DaddyBoard (HeliBoard fork)	2026-09-30T15:55:37.5728524Z C/C++: /usr/local/lib/android/sdk/ndk/28.0.13004108/toolchains/llvm/prebuilt/linux-x86_64/sysroot/usr/include/c++/v1/__memory/uninitialized_algorithms.h:551:31: note: in instantiation of function template specialization 'std::allocator_traits<std::allocator<latinime::NgramProperty>>::construct<latinime::NgramProperty, latinime::NgramProperty &, 0>' requested here
build	Build DaddyBoard (HeliBoard fork)	2026-09-30T15:55:37.5731124Z C/C++:   551 |     allocator_traits<_Alloc>::construct(__alloc, std::__to_address(__first2), *__first1);
build	Build DaddyBoard (HeliBoard fork)	2026-09-30T15:55:37.5731875Z C/C++:       |                               ^
build	Build DaddyBoard (HeliBoard fork)	2026-09-30T15:55:37.5734560Z C/C++: /usr/local/lib/android/sdk/ndk/28.0.13004108/toolchains/llvm/prebuilt/linux-x86_64/sysroot/usr/include/c++/v1/__memory/uninitialized_algorithms.h:594:33: note: in instantiation of function template specialization 'std::__uninitialized_allocator_copy_impl<std::allocator<latinime::NgramProperty>, latinime::NgramProperty *, latinime::NgramProperty *, latinime::NgramProperty *>' requested here
build	Build DaddyBoard (HeliBoard fork)	2026-09-30T15:55:37.5737423Z C/C++:   594 |   auto __result          = std::__uninitialized_allocator_copy_impl(
build	Build DaddyBoard (HeliBoard fork)	2026-09-30T15:55:37.5738052Z C/C++:       |                                 ^
build	Build DaddyBoard (HeliBoard fork)	2026-09-30T15:55:37.5740385Z C/C++: /usr/local/lib/android/sdk/ndk/28.0.13004108/toolchains/llvm/prebuilt/linux-x86_64/sysroot/usr/include/c++/v1/vector:1100:22: note: in instantiation of function template specialization 'std::__uninitialized_allocator_copy<std::allocator<latinime::NgramProperty>, latinime::NgramProperty *, latinime::NgramProperty *, latinime::NgramProperty *>' requested here
build	Build DaddyBoard (HeliBoard fork)	2026-09-30T15:55:37.5743141Z C/C++:  1100 |   __tx.__pos_ = std::__uninitialized_allocator_copy(__alloc(), __first, __last, __tx.__pos_);
build	Build DaddyBoard (HeliBoard fork)	2026-09-30T15:55:37.5743921Z C/C++:       |                      ^
build	Build DaddyBoard (HeliBoard fork)	2026-09-30T15:55:37.5745935Z C/C++: /usr/local/lib/android/sdk/ndk/28.0.13004108/toolchains/llvm/prebuilt/linux-x86_64/sysroot/usr/include/c++/v1/vector:761:7: note: in instantiation of function template specialization 'std::vector<latinime::NgramProperty>::__construct_at_end<latinime::NgramProperty *, latinime::NgramProperty *>' requested here
build	Build DaddyBoard (HeliBoard fork)	2026-09-30T15:55:37.5748018Z C/C++:   761 |       __construct_at_end(__first, __last, __n);
build	Build DaddyBoard (HeliBoard fork)	2026-09-30T15:55:37.5748512Z C/C++:       |       ^
build	Build DaddyBoard (HeliBoard fork)	2026-09-30T15:55:37.5750411Z C/C++: /usr/local/lib/android/sdk/ndk/28.0.13004108/toolchains/llvm/prebuilt/linux-x86_64/sysroot/usr/include/c++/v1/vector:1213:3: note: in instantiation of function template specialization 'std::vector<latinime::NgramProperty>::__init_with_size<latinime::NgramProperty *, latinime::NgramProperty *>' requested here
build	Build DaddyBoard (HeliBoard fork)	2026-09-30T15:55:37.5752504Z C/C++:  1213 |   __init_with_size(__x.__begin_, __x.__end_, __x.size());
build	Build DaddyBoard (HeliBoard fork)	2026-09-30T15:55:37.5753263Z C/C++:       |   ^
build	Build DaddyBoard (HeliBoard fork)	2026-09-30T15:55:37.5754715Z C/C++: /home/runner/work/daddyboard/daddyboard/daddyboard-main/app/src/main/jni/src/dictionary/property/word_property.h:39:15: note: in instantiation of member function 'std::vector<latinime::NgramProperty>::vector' requested here
build	Build DaddyBoard (HeliBoard fork)	2026-09-30T15:55:37.5756274Z C/C++:    39 |               mNgrams(ngrams) {}
build	Build DaddyBoard (HeliBoard fork)	2026-09-30T15:55:37.5756709Z C/C++:       |               ^
build	Build DaddyBoard (HeliBoard fork)	2026-09-30T15:55:37.5757085Z C/C++: 6 warnings generated.
build	Build DaddyBoard (HeliBoard fork)	2026-09-30T15:55:37.5758112Z C/C++: In file included from /home/runner/work/daddyboard/daddyboard/daddyboard-main/app/src/main/jni/src/utils/autocorrection_threshold_utils.cpp:23:
build	Build DaddyBoard (HeliBoard fork)	2026-09-30T15:55:37.5760413Z C/C++: /home/runner/work/daddyboard/daddyboard/daddyboard-main/app/src/main/jni/src/suggest/policyimpl/utils/edit_distance.h:33:18: warning: variable length arrays in C++ are a Clang extension [-Wvla-cxx-extension]
build	Build DaddyBoard (HeliBoard fork)	2026-09-30T15:55:37.5761966Z C/C++:    33 |         float dp[(beforeLength + 1) * (afterLength + 1)];
build	Build DaddyBoard (HeliBoard fork)	2026-09-30T15:55:37.5762569Z C/C++:       |                  ^~~~~~~~~~~~~~~~~~~~~~~~~~~~~~~~~~~~~~
build	Build DaddyBoard (HeliBoard fork)	2026-09-30T15:55:37.5764108Z C/C++: /home/runner/work/daddyboard/daddyboard/daddyboard-main/app/src/main/jni/src/suggest/policyimpl/utils/edit_distance.h:33:19: note: initializer of 'beforeLength' is not a constant expression
build	Build DaddyBoard (HeliBoard fork)	2026-09-30T15:55:37.5765553Z C/C++:    33 |         float dp[(beforeLength + 1) * (afterLength + 1)];
build	Build DaddyBoard (HeliBoard fork)	2026-09-30T15:55:37.5766075Z C/C++:       |                   ^
build	Build DaddyBoard (HeliBoard fork)	2026-09-30T15:55:37.5767138Z C/C++: /home/runner/work/daddyboard/daddyboard/daddyboard-main/app/src/main/jni/src/suggest/policyimpl/utils/edit_distance.h:31:19: note: declared here
build	Build DaddyBoard (HeliBoard fork)	2026-09-30T15:55:37.5768371Z C/C++:    31 |         const int beforeLength = policy->getString0Length();
build	Build DaddyBoard (HeliBoard fork)	2026-09-30T15:55:37.5768928Z C/C++:       |                   ^
build	Build DaddyBoard (HeliBoard fork)	2026-09-30T15:55:37.5769311Z C/C++: 1 warning generated.
build	Build DaddyBoard (HeliBoard fork)	2026-09-30T15:55:37.5770229Z C/C++: In file included from /home/runner/work/daddyboard/daddyboard/daddyboard-main/app/src/main/jni/src/utils/jni_data_utils.cpp:17:
build	Build DaddyBoard (HeliBoard fork)	2026-09-30T15:55:37.5771715Z C/C++: In file included from /home/runner/work/daddyboard/daddyboard/daddyboard-main/app/src/main/jni/src/utils/jni_data_utils.h:26:
build	Build DaddyBoard (HeliBoard fork)	2026-09-30T15:55:37.5773500Z C/C++: In file included from /home/runner/work/daddyboard/daddyboard/daddyboard-main/app/src/main/jni/src/dictionary/property/word_property.h:23:
build	Build DaddyBoard (HeliBoard fork)	2026-09-30T15:55:37.5775339Z C/C++: In file included from /home/runner/work/daddyboard/daddyboard/daddyboard-main/app/src/main/jni/src/dictionary/property/ngram_property.h:23:
build	Build DaddyBoard (HeliBoard fork)	2026-09-30T15:55:37.5777852Z C/C++: /home/runner/work/daddyboard/daddyboard/daddyboard-main/app/src/main/jni/src/dictionary/property/historical_info.h:52:5: warning: definition of implicit copy constructor for 'HistoricalInfo' is deprecated because it has a user-declared copy assignment operator [-Wdeprecated-copy]
build	Build DaddyBoard (HeliBoard fork)	2026-09-30T15:55:37.5779828Z C/C++:    52 |     DISALLOW_ASSIGNMENT_OPERATOR(HistoricalInfo);
build	Build DaddyBoard (HeliBoard fork)	2026-09-30T15:55:37.5780333Z C/C++:       |     ^
build	Build DaddyBoard (HeliBoard fork)	2026-09-30T15:55:37.5781360Z C/C++: /home/runner/work/daddyboard/daddyboard/daddyboard-main/app/src/main/jni/src/defines.h:289:8: note: expanded from macro 'DISALLOW_ASSIGNMENT_OPERATOR'
build	Build DaddyBoard (HeliBoard fork)	2026-09-30T15:55:37.5782533Z C/C++:   289 |   void operator=(const TypeName&) = delete
build	Build DaddyBoard (HeliBoard fork)	2026-09-30T15:55:37.5783164Z C/C++:       |        ^
build	Build DaddyBoard (HeliBoard fork)	2026-09-30T15:55:37.5784523Z C/C++: /home/runner/work/daddyboard/daddyboard/daddyboard-main/app/src/main/jni/src/dictionary/property/ngram_property.h:33:42: note: in implicit copy constructor for 'latinime::HistoricalInfo' first required here
build	Build DaddyBoard (HeliBoard fork)	2026-09-30T15:55:37.5786169Z C/C++:    33 |               mProbability(probability), mHistoricalInfo(historicalInfo) {}
build	Build DaddyBoard (HeliBoard fork)	2026-09-30T15:55:37.5786843Z C/C++:       |                                          ^
build	Build DaddyBoard (HeliBoard fork)	2026-09-30T15:55:37.5787868Z C/C++: In file included from /home/runner/work/daddyboard/daddyboard/daddyboard-main/app/src/main/jni/src/utils/jni_data_utils.cpp:17:
build	Build DaddyBoard (HeliBoard fork)	2026-09-30T15:55:37.5789373Z C/C++: In file included from /home/runner/work/daddyboard/daddyboard/daddyboard-main/app/src/main/jni/src/utils/jni_data_utils.h:26:
build	Build DaddyBoard (HeliBoard fork)	2026-09-30T15:55:37.5790931Z C/C++: In file included from /home/runner/work/daddyboard/daddyboard/daddyboard-main/app/src/main/jni/src/dictionary/property/word_property.h:24:
build	Build DaddyBoard (HeliBoard fork)	2026-09-30T15:55:37.5793603Z C/C++: /home/runner/work/daddyboard/daddyboard/daddyboard-main/app/src/main/jni/src/dictionary/property/unigram_property.h:126:5: warning: definition of implicit copy constructor for 'UnigramProperty' is deprecated because it has a user-declared copy assignment operator [-Wdeprecated-copy]
build	Build DaddyBoard (HeliBoard fork)	2026-09-30T15:55:37.5795827Z C/C++:   126 |     DISALLOW_ASSIGNMENT_OPERATOR(UnigramProperty);
build	Build DaddyBoard (HeliBoard fork)	2026-09-30T15:55:37.5796354Z C/C++:       |     ^
build	Build DaddyBoard (HeliBoard fork)	2026-09-30T15:55:37.5797353Z C/C++: /home/runner/work/daddyboard/daddyboard/daddyboard-main/app/src/main/jni/src/defines.h:289:8: note: expanded from macro 'DISALLOW_ASSIGNMENT_OPERATOR'
build	Build DaddyBoard (HeliBoard fork)	2026-09-30T15:55:37.5798518Z C/C++:   289 |   void operator=(const TypeName&) = delete
build	Build DaddyBoard (HeliBoard fork)	2026-09-30T15:55:37.5799005Z C/C++:       |        ^
build	Build DaddyBoard (HeliBoard fork)	2026-09-30T15:55:37.5800381Z C/C++: /home/runner/work/daddyboard/daddyboard/daddyboard-main/app/src/main/jni/src/dictionary/property/word_property.h:38:51: note: in implicit copy constructor for 'latinime::UnigramProperty' first required here
build	Build DaddyBoard (HeliBoard fork)	2026-09-30T15:55:37.5802065Z C/C++:    38 |             : mCodePoints(std::move(codePoints)), mUnigramProperty(unigramProperty),
build	Build DaddyBoard (HeliBoard fork)	2026-09-30T15:55:37.5815007Z C/C++:       |                                                   ^
build	Build DaddyBoard (HeliBoard fork)	2026-09-30T15:55:37.5816181Z C/C++: In file included from /home/runner/work/daddyboard/daddyboard/daddyboard-main/app/src/main/jni/src/utils/jni_data_utils.cpp:17:
build	Build DaddyBoard (HeliBoard fork)	2026-09-30T15:55:37.5818101Z C/C++: /home/runner/work/daddyboard/daddyboard/daddyboard-main/app/src/main/jni/src/utils/jni_data_utils.h:52:27: warning: variable length arrays in C++ are a Clang extension [-Wvla-cxx-extension]
build	Build DaddyBoard (HeliBoard fork)	2026-09-30T15:55:37.5819486Z C/C++:    52 |             char keyChars[keyUtf8Length + 1];
build	Build DaddyBoard (HeliBoard fork)	2026-09-30T15:55:37.5820023Z C/C++:       |                           ^~~~~~~~~~~~~~~~~
build	Build DaddyBoard (HeliBoard fork)	2026-09-30T15:55:37.5821260Z C/C++: /home/runner/work/daddyboard/daddyboard/daddyboard-main/app/src/main/jni/src/utils/jni_data_utils.h:52:27: note: initializer of 'keyUtf8Length' is not a constant expression
build	Build DaddyBoard (HeliBoard fork)	2026-09-30T15:55:37.5823410Z C/C++: /home/runner/work/daddyboard/daddyboard/daddyboard-main/app/src/main/jni/src/utils/jni_data_utils.h:51:25: note: declared here
build	Build DaddyBoard (HeliBoard fork)	2026-09-30T15:55:37.5824579Z C/C++:    51 |             const jsize keyUtf8Length = env->GetStringUTFLength(keyString);
build	Build DaddyBoard (HeliBoard fork)	2026-09-30T15:55:37.5825226Z C/C++:       |                         ^
build	Build DaddyBoard (HeliBoard fork)	2026-09-30T15:55:37.5826479Z C/C++: /home/runner/work/daddyboard/daddyboard/daddyboard-main/app/src/main/jni/src/utils/jni_data_utils.h:62:29: warning: variable length arrays in C++ are a Clang extension [-Wvla-cxx-extension]
build	Build DaddyBoard (HeliBoard fork)	2026-09-30T15:55:37.5827851Z C/C++:    62 |             char valueChars[valueUtf8Length + 1];
build	Build DaddyBoard (HeliBoard fork)	2026-09-30T15:55:37.5828399Z C/C++:       |                             ^~~~~~~~~~~~~~~~~~~
build	Build DaddyBoard (HeliBoard fork)	2026-09-30T15:55:37.5829652Z C/C++: /home/runner/work/daddyboard/daddyboard/daddyboard-main/app/src/main/jni/src/utils/jni_data_utils.h:62:29: note: initializer of 'valueUtf8Length' is not a constant expression
build	Build DaddyBoard (HeliBoard fork)	2026-09-30T15:55:37.5831398Z C/C++: /home/runner/work/daddyboard/daddyboard/daddyboard-main/app/src/main/jni/src/utils/jni_data_utils.h:61:25: note: declared here
build	Build DaddyBoard (HeliBoard fork)	2026-09-30T15:55:37.5832658Z C/C++:    61 |             const jsize valueUtf8Length = env->GetStringUTFLength(valueString);
build	Build DaddyBoard (HeliBoard fork)	2026-09-30T15:55:37.5833460Z C/C++:       |                         ^
build	Build DaddyBoard (HeliBoard fork)	2026-09-30T15:55:37.5834751Z C/C++: /home/runner/work/daddyboard/daddyboard/daddyboard-main/app/src/main/jni/src/utils/jni_data_utils.h:77:29: warning: variable length arrays in C++ are a Clang extension [-Wvla-cxx-extension]
build	Build DaddyBoard (HeliBoard fork)	2026-09-30T15:55:37.5836130Z C/C++:    77 |         int outputCodePonts[codePointBufSize];
build	Build DaddyBoard (HeliBoard fork)	2026-09-30T15:55:37.5836663Z C/C++:       |                             ^~~~~~~~~~~~~~~~
build	Build DaddyBoard (HeliBoard fork)	2026-09-30T15:55:37.5837921Z C/C++: /home/runner/work/daddyboard/daddyboard/daddyboard-main/app/src/main/jni/src/utils/jni_data_utils.h:77:29: note: initializer of 'codePointBufSize' is not a constant expression
build	Build DaddyBoard (HeliBoard fork)	2026-09-30T15:55:37.5839678Z C/C++: /home/runner/work/daddyboard/daddyboard/daddyboard-main/app/src/main/jni/src/utils/jni_data_utils.h:76:19: note: declared here
build	Build DaddyBoard (HeliBoard fork)	2026-09-30T15:55:37.5840859Z C/C++:    76 |         const int codePointBufSize = std::min(maxLength, codePointCount);
build	Build DaddyBoard (HeliBoard fork)	2026-09-30T15:55:37.5841485Z C/C++:       |                   ^
build	Build DaddyBoard (HeliBoard fork)	2026-09-30T15:55:37.5842416Z C/C++: In file included from /home/runner/work/daddyboard/daddyboard/daddyboard-main/app/src/main/jni/src/utils/jni_data_utils.cpp:17:
build	Build DaddyBoard (HeliBoard fork)	2026-09-30T15:55:37.5855142Z C/C++: In file included from /home/runner/work/daddyboard/daddyboard/daddyboard-main/app/src/main/jni/src/utils/jni_data_utils.h:25:
build	Build DaddyBoard (HeliBoard fork)	2026-09-30T15:55:37.5856789Z C/C++: In file included from /home/runner/work/daddyboard/daddyboard/daddyboard-main/app/src/main/jni/src/dictionary/property/ngram_context.h:23:
build	Build DaddyBoard (HeliBoard fork)	2026-09-30T15:55:37.5861851Z C/C++: /home/runner/work/daddyboard/daddyboard/daddyboard-main/app/src/main/jni/src/utils/int_array_view.h:160:5: warning: definition of implicit copy constructor for 'IntArrayView' is deprecated because it has a user-declared copy assignment operator [-Wdeprecated-copy]
build	Build DaddyBoard (HeliBoard fork)	2026-09-30T15:55:37.5863896Z C/C++:   160 |     DISALLOW_ASSIGNMENT_OPERATOR(IntArrayView);
build	Build DaddyBoard (HeliBoard fork)	2026-09-30T15:55:37.5864407Z C/C++:       |     ^
build	Build DaddyBoard (HeliBoard fork)	2026-09-30T15:55:37.5865445Z C/C++: /home/runner/work/daddyboard/daddyboard/daddyboard-main/app/src/main/jni/src/defines.h:289:8: note: expanded from macro 'DISALLOW_ASSIGNMENT_OPERATOR'
build	Build DaddyBoard (HeliBoard fork)	2026-09-30T15:55:37.5866656Z C/C++:   289 |   void operator=(const TypeName&) = delete
build	Build DaddyBoard (HeliBoard fork)	2026-09-30T15:55:37.5867135Z C/C++:       |        ^
build	Build DaddyBoard (HeliBoard fork)	2026-09-30T15:55:37.5868557Z C/C++: /usr/local/lib/android/sdk/ndk/28.0.13004108/toolchains/llvm/prebuilt/linux-x86_64/sysroot/usr/include/c++/v1/__memory/allocator.h:173:24: note: in implicit copy constructor for 'latinime::IntArrayView' first required here
build	Build DaddyBoard (HeliBoard fork)	2026-09-30T15:55:37.5870144Z C/C++:   173 |     ::new ((void*)__p) _Up(std::forward<_Args>(__args)...);
build	Build DaddyBoard (HeliBoard fork)	2026-09-30T15:55:37.5870693Z C/C++:       |                        ^
build	Build DaddyBoard (HeliBoard fork)	2026-09-30T15:55:37.5872732Z C/C++: /usr/local/lib/android/sdk/ndk/28.0.13004108/toolchains/llvm/prebuilt/linux-x86_64/sysroot/usr/include/c++/v1/__memory/allocator_traits.h:320:9: note: in instantiation of function template specialization 'std::allocator<latinime::IntArrayView>::construct<latinime::IntArrayView, latinime::IntArrayView>' requested here
build	Build DaddyBoard (HeliBoard fork)	2026-09-30T15:55:37.5875253Z C/C++:   320 |     __a.construct(__p, std::forward<_Args>(__args)...);
build	Build DaddyBoard (HeliBoard fork)	2026-09-30T15:55:37.5875794Z C/C++:       |         ^
build	Build DaddyBoard (HeliBoard fork)	2026-09-30T15:55:37.5877962Z C/C++: /usr/local/lib/android/sdk/ndk/28.0.13004108/toolchains/llvm/prebuilt/linux-x86_64/sysroot/usr/include/c++/v1/__memory/uninitialized_algorithms.h:639:33: note: in instantiation of function template specialization 'std::allocator_traits<std::allocator<latinime::IntArrayView>>::construct<latinime::IntArrayView, latinime::IntArrayView, 0>' requested here
build	Build DaddyBoard (HeliBoard fork)	2026-09-30T15:55:37.5880427Z C/C++:   639 |       allocator_traits<_Alloc>::construct(__alloc, __result, std::move(*__iter));
build	Build DaddyBoard (HeliBoard fork)	2026-09-30T15:55:37.5881120Z C/C++:       |                                 ^
build	Build DaddyBoard (HeliBoard fork)	2026-09-30T15:55:37.5882750Z C/C++: /usr/local/lib/android/sdk/ndk/28.0.13004108/toolchains/llvm/prebuilt/linux-x86_64/sysroot/usr/include/c++/v1/vector:1511:3: note: in instantiation of member function 'std::vector<latinime::IntArrayView>::__swap_out_circular_buffer' requested here
build	Build DaddyBoard (HeliBoard fork)	2026-09-30T15:55:37.5884916Z C/C++:  1511 |   __swap_out_circular_buffer(__v);
build	Build DaddyBoard (HeliBoard fork)	2026-09-30T15:55:37.5885376Z C/C++:       |   ^
build	Build DaddyBoard (HeliBoard fork)	2026-09-30T15:55:37.5887220Z C/C++: /usr/local/lib/android/sdk/ndk/28.0.13004108/toolchains/llvm/prebuilt/linux-x86_64/sysroot/usr/include/c++/v1/vector:1529:13: note: in instantiation of function template specialization 'std::vector<latinime::IntArrayView>::__emplace_back_slow_path<const int *const &, const unsigned long &>' requested here
build	Build DaddyBoard (HeliBoard fork)	2026-09-30T15:55:37.5889339Z C/C++:  1529 |     __end = __emplace_back_slow_path(std::forward<_Args>(__args)...);
build	Build DaddyBoard (HeliBoard fork)	2026-09-30T15:55:37.5889946Z C/C++:       |             ^
build	Build DaddyBoard (HeliBoard fork)	2026-09-30T15:55:37.5891737Z C/C++: /home/runner/work/daddyboard/daddyboard/daddyboard-main/app/src/main/jni/src/utils/int_array_view.h:142:20: note: in instantiation of function template specialization 'std::vector<latinime::IntArrayView>::emplace_back<const int *const &, const unsigned long &>' requested here
build	Build DaddyBoard (HeliBoard fork)	2026-09-30T15:55:37.5893879Z C/C++:   142 |             result.emplace_back(mPtr, mSize);
build	Build DaddyBoard (HeliBoard fork)	2026-09-30T15:55:37.5894664Z C/C++:       |                    ^
build	Build DaddyBoard (HeliBoard fork)	2026-09-30T15:55:37.5895613Z C/C++: In file included from /home/runner/work/daddyboard/daddyboard/daddyboard-main/app/src/main/jni/src/utils/jni_data_utils.cpp:17:
build	Build DaddyBoard (HeliBoard fork)	2026-09-30T15:55:37.5897111Z C/C++: In file included from /home/runner/work/daddyboard/daddyboard/daddyboard-main/app/src/main/jni/src/utils/jni_data_utils.h:26:
build	Build DaddyBoard (HeliBoard fork)	2026-09-30T15:55:37.5898683Z C/C++: In file included from /home/runner/work/daddyboard/daddyboard/daddyboard-main/app/src/main/jni/src/dictionary/property/word_property.h:23:
build	Build DaddyBoard (HeliBoard fork)	2026-09-30T15:55:37.5901188Z C/C++: /home/runner/work/daddyboard/daddyboard/daddyboard-main/app/src/main/jni/src/dictionary/property/ngram_property.h:54:5: warning: definition of implicit copy constructor for 'NgramProperty' is deprecated because it has a user-declared copy assignment operator [-Wdeprecated-copy]
build	Build DaddyBoard (HeliBoard fork)	2026-09-30T15:55:37.5903417Z C/C++:    54 |     DISALLOW_ASSIGNMENT_OPERATOR(NgramProperty);
build	Build DaddyBoard (HeliBoard fork)	2026-09-30T15:55:37.5903931Z C/C++:       |     ^
build	Build DaddyBoard (HeliBoard fork)	2026-09-30T15:55:37.5904952Z C/C++: /home/runner/work/daddyboard/daddyboard/daddyboard-main/app/src/main/jni/src/defines.h:289:8: note: expanded from macro 'DISALLOW_ASSIGNMENT_OPERATOR'
build	Build DaddyBoard (HeliBoard fork)	2026-09-30T15:55:37.5906114Z C/C++:   289 |   void operator=(const TypeName&) = delete
build	Build DaddyBoard (HeliBoard fork)	2026-09-30T15:55:37.5906587Z C/C++:       |        ^
build	Build DaddyBoard (HeliBoard fork)	2026-09-30T15:55:37.5907998Z C/C++: /usr/local/lib/android/sdk/ndk/28.0.13004108/toolchains/llvm/prebuilt/linux-x86_64/sysroot/usr/include/c++/v1/__memory/allocator.h:173:24: note: in implicit copy constructor for 'latinime::NgramProperty' first required here
build	Build DaddyBoard (HeliBoard fork)	2026-09-30T15:55:37.5909593Z C/C++:   173 |     ::new ((void*)__p) _Up(std::forward<_Args>(__args)...);
build	Build DaddyBoard (HeliBoard fork)	2026-09-30T15:55:37.5910139Z C/C++:       |                        ^
build	Build DaddyBoard (HeliBoard fork)	2026-09-30T15:55:37.5912397Z C/C++: /usr/local/lib/android/sdk/ndk/28.0.13004108/toolchains/llvm/prebuilt/linux-x86_64/sysroot/usr/include/c++/v1/__memory/allocator_traits.h:320:9: note: in instantiation of function template specialization 'std::allocator<latinime::NgramProperty>::construct<latinime::NgramProperty, latinime::NgramProperty &>' requested here
build	Build DaddyBoard (HeliBoard fork)	2026-09-30T15:55:37.5914719Z C/C++:   320 |     __a.construct(__p, std::forward<_Args>(__args)...);
build	Build DaddyBoard (HeliBoard fork)	2026-09-30T15:55:37.5915259Z C/C++:       |         ^
build	Build DaddyBoard (HeliBoard fork)	2026-09-30T15:55:37.5917482Z C/C++: /usr/local/lib/android/sdk/ndk/28.0.13004108/toolchains/llvm/prebuilt/linux-x86_64/sysroot/usr/include/c++/v1/__memory/uninitialized_algorithms.h:551:31: note: in instantiation of function template specialization 'std::allocator_traits<std::allocator<latinime::NgramProperty>>::construct<latinime::NgramProperty, latinime::NgramProperty &, 0>' requested here
build	Build DaddyBoard (HeliBoard fork)	2026-09-30T15:55:37.5920045Z C/C++:   551 |     allocator_traits<_Alloc>::construct(__alloc, std::__to_address(__first2), *__first1);
build	Build DaddyBoard (HeliBoard fork)	2026-09-30T15:55:37.5920796Z C/C++:       |                               ^
build	Build DaddyBoard (HeliBoard fork)	2026-09-30T15:55:37.5923511Z C/C++: /usr/local/lib/android/sdk/ndk/28.0.13004108/toolchains/llvm/prebuilt/linux-x86_64/sysroot/usr/include/c++/v1/__memory/uninitialized_algorithms.h:594:33: note: in instantiation of function template specialization 'std::__uninitialized_allocator_copy_impl<std::allocator<latinime::NgramProperty>, latinime::NgramProperty *, latinime::NgramProperty *, latinime::NgramProperty *>' requested here
build	Build DaddyBoard (HeliBoard fork)	2026-09-30T15:55:37.5926126Z C/C++:   594 |   auto __result          = std::__uninitialized_allocator_copy_impl(
build	Build DaddyBoard (HeliBoard fork)	2026-09-30T15:55:37.5926739Z C/C++:       |                                 ^
build	Build DaddyBoard (HeliBoard fork)	2026-09-30T15:55:37.5929030Z C/C++: /usr/local/lib/android/sdk/ndk/28.0.13004108/toolchains/llvm/prebuilt/linux-x86_64/sysroot/usr/include/c++/v1/vector:1100:22: note: in instantiation of function template specialization 'std::__uninitialized_allocator_copy<std::allocator<latinime::NgramProperty>, latinime::NgramProperty *, latinime::NgramProperty *, latinime::NgramProperty *>' requested here
build	Build DaddyBoard (HeliBoard fork)	2026-09-30T15:55:37.5931585Z C/C++:  1100 |   __tx.__pos_ = std::__uninitialized_allocator_copy(__alloc(), __first, __last, __tx.__pos_);
build	Build DaddyBoard (HeliBoard fork)	2026-09-30T15:55:37.5932394Z C/C++:       |                      ^
build	Build DaddyBoard (HeliBoard fork)	2026-09-30T15:55:37.5934856Z C/C++: /usr/local/lib/android/sdk/ndk/28.0.13004108/toolchains/llvm/prebuilt/linux-x86_64/sysroot/usr/include/c++/v1/vector:761:7: note: in instantiation of function template specialization 'std::vector<latinime::NgramProperty>::__construct_at_end<latinime::NgramProperty *, latinime::NgramProperty *>' requested here
build	Build DaddyBoard (HeliBoard fork)	2026-09-30T15:55:37.5936969Z C/C++:   761 |       __construct_at_end(__first, __last, __n);
build	Build DaddyBoard (HeliBoard fork)	2026-09-30T15:55:37.5937490Z C/C++:       |       ^
build	Build DaddyBoard (HeliBoard fork)	2026-09-30T15:55:37.5939401Z C/C++: /usr/local/lib/android/sdk/ndk/28.0.13004108/toolchains/llvm/prebuilt/linux-x86_64/sysroot/usr/include/c++/v1/vector:1213:3: note: in instantiation of function template specialization 'std::vector<latinime::NgramProperty>::__init_with_size<latinime::NgramProperty *, latinime::NgramProperty *>' requested here
build	Build DaddyBoard (HeliBoard fork)	2026-09-30T15:55:37.5941514Z C/C++:  1213 |   __init_with_size(__x.__begin_, __x.__end_, __x.size());
build	Build DaddyBoard (HeliBoard fork)	2026-09-30T15:55:37.5942055Z C/C++:       |   ^
build	Build DaddyBoard (HeliBoard fork)	2026-09-30T15:55:37.5943878Z C/C++: /home/runner/work/daddyboard/daddyboard/daddyboard-main/app/src/main/jni/src/dictionary/property/word_property.h:39:15: note: in instantiation of member function 'std::vector<latinime::NgramProperty>::vector' requested here
build	Build DaddyBoard (HeliBoard fork)	2026-09-30T15:55:37.5945432Z C/C++:    39 |               mNgrams(ngrams) {}
build	Build DaddyBoard (HeliBoard fork)	2026-09-30T15:55:37.5945885Z C/C++:       |               ^
build	Build DaddyBoard (HeliBoard fork)	2026-09-30T15:55:37.5946267Z C/C++: 7 warnings generated.
build	Build DaddyBoard (HeliBoard fork)	2026-09-30T15:55:37.5947508Z C/C++: /home/runner/work/daddyboard/daddyboard/daddyboard-main/app/src/main/jni/src/utils/log_utils.cpp:61:38: warning: variable length arrays in C++ are a Clang extension [-Wvla-cxx-extension]
build	Build DaddyBoard (HeliBoard fork)	2026-09-30T15:55:37.5948846Z C/C++:    61 |             char variableSizeCString[size];
build	Build DaddyBoard (HeliBoard fork)	2026-09-30T15:55:37.5949580Z C/C++:       |                                      ^~~~
build	Build DaddyBoard (HeliBoard fork)	2026-09-30T15:55:37.5950740Z C/C++: /home/runner/work/daddyboard/daddyboard/daddyboard-main/app/src/main/jni/src/utils/log_utils.cpp:61:38: note: initializer of 'size' is not a constant expression
build	Build DaddyBoard (HeliBoard fork)	2026-09-30T15:55:37.5952409Z C/C++: /home/runner/work/daddyboard/daddyboard/daddyboard-main/app/src/main/jni/src/utils/log_utils.cpp:51:19: note: declared here
build	Build DaddyBoard (HeliBoard fork)	2026-09-30T15:55:37.5953865Z C/C++:    51 |         const int size = vsnprintf(fixedSizeCString, DEFAULT_LINE_SIZE, format, argList) + 1;
build	Build DaddyBoard (HeliBoard fork)	2026-09-30T15:55:37.5954620Z C/C++:       |                   ^
build	Build DaddyBoard (HeliBoard fork)	2026-09-30T15:55:37.5955011Z C/C++: 1 warning generated.
build	Build DaddyBoard (HeliBoard fork)	2026-09-30T15:55:37.5956137Z C/C++: In file included from /home/runner/work/daddyboard/daddyboard/daddyboard-main/app/src/main/jni/src/dictionary/structure/backward/v402/ver4_dict_buffers.cpp:24:
build	Build DaddyBoard (HeliBoard fork)	2026-09-30T15:55:37.5958029Z C/C++: In file included from /home/runner/work/daddyboard/daddyboard/daddyboard-main/app/src/main/jni/src/dictionary/structure/backward/v402/ver4_dict_buffers.h:30:
build	Build DaddyBoard (HeliBoard fork)	2026-09-30T15:55:37.5959785Z C/C++: In file included from /home/runner/work/daddyboard/daddyboard/daddyboard-main/app/src/main/jni/src/dictionary/header/header_policy.h:25:
build	Build DaddyBoard (HeliBoard fork)	2026-09-30T15:55:37.5962214Z C/C++: /home/runner/work/daddyboard/daddyboard/daddyboard-main/app/src/main/jni/src/dictionary/utils/entry_counters.h:44:5: warning: definition of implicit copy constructor for 'EntryCounts' is deprecated because it has a user-declared copy assignment operator [-Wdeprecated-copy]
build	Build DaddyBoard (HeliBoard fork)	2026-09-30T15:55:37.5964347Z C/C++:    44 |     DISALLOW_ASSIGNMENT_OPERATOR(EntryCounts);
build	Build DaddyBoard (HeliBoard fork)	2026-09-30T15:55:37.5964841Z C/C++:       |     ^
build	Build DaddyBoard (HeliBoard fork)	2026-09-30T15:55:37.5965840Z C/C++: /home/runner/work/daddyboard/daddyboard/daddyboard-main/app/src/main/jni/src/defines.h:289:8: note: expanded from macro 'DISALLOW_ASSIGNMENT_OPERATOR'
build	Build DaddyBoard (HeliBoard fork)	2026-09-30T15:55:37.5967016Z C/C++:   289 |   void operator=(const TypeName&) = delete
build	Build DaddyBoard (HeliBoard fork)	2026-09-30T15:55:37.5967493Z C/C++:       |        ^
build	Build DaddyBoard (HeliBoard fork)	2026-09-30T15:55:37.5968818Z C/C++: /home/runner/work/daddyboard/daddyboard/daddyboard-main/app/src/main/jni/src/dictionary/header/header_policy.h:92:15: note: in implicit copy constructor for 'latinime::EntryCounts' first required here
build	Build DaddyBoard (HeliBoard fork)	2026-09-30T15:55:37.5970296Z C/C++:    92 |               mNgramCounts(headerPolicy->mNgramCounts),
build	Build DaddyBoard (HeliBoard fork)	2026-09-30T15:55:37.5971014Z C/C++:       |               ^
build	Build DaddyBoard (HeliBoard fork)	2026-09-30T15:55:37.5972131Z C/C++: In file included from /home/runner/work/daddyboard/daddyboard/daddyboard-main/app/src/main/jni/src/dictionary/structure/backward/v402/ver4_dict_buffers.cpp:24:
build	Build DaddyBoard (HeliBoard fork)	2026-09-30T15:55:37.5974296Z C/C++: In file included from /home/runner/work/daddyboard/daddyboard/daddyboard-main/app/src/main/jni/src/dictionary/structure/backward/v402/ver4_dict_buffers.h:31:
build	Build DaddyBoard (HeliBoard fork)	2026-09-30T15:55:37.5976246Z C/C++: In file included from /home/runner/work/daddyboard/daddyboard/daddyboard-main/app/src/main/jni/src/dictionary/structure/backward/v402/content/bigram_dict_content.h:28:
build	Build DaddyBoard (HeliBoard fork)	2026-09-30T15:55:37.5978224Z C/C++: In file included from /home/runner/work/daddyboard/daddyboard/daddyboard-main/app/src/main/jni/src/dictionary/structure/backward/v402/content/bigram_entry.h:28:
build	Build DaddyBoard (HeliBoard fork)	2026-09-30T15:55:37.5980870Z C/C++: /home/runner/work/daddyboard/daddyboard/daddyboard-main/app/src/main/jni/src/dictionary/property/historical_info.h:52:5: warning: definition of implicit copy constructor for 'HistoricalInfo' is deprecated because it has a user-declared copy assignment operator [-Wdeprecated-copy]
build	Build DaddyBoard (HeliBoard fork)	2026-09-30T15:55:37.5982985Z C/C++:    52 |     DISALLOW_ASSIGNMENT_OPERATOR(HistoricalInfo);
build	Build DaddyBoard (HeliBoard fork)	2026-09-30T15:55:37.5983498Z C/C++:       |     ^
build	Build DaddyBoard (HeliBoard fork)	2026-09-30T15:55:37.5984503Z C/C++: /home/runner/work/daddyboard/daddyboard/daddyboard-main/app/src/main/jni/src/defines.h:289:8: note: expanded from macro 'DISALLOW_ASSIGNMENT_OPERATOR'
build	Build DaddyBoard (HeliBoard fork)	2026-09-30T15:55:37.5985660Z C/C++:   289 |   void operator=(const TypeName&) = delete
build	Build DaddyBoard (HeliBoard fork)	2026-09-30T15:55:37.5986140Z C/C++:       |        ^
build	Build DaddyBoard (HeliBoard fork)	2026-09-30T15:55:37.5987631Z C/C++: /home/runner/work/daddyboard/daddyboard/daddyboard-main/app/src/main/jni/src/dictionary/structure/backward/v402/content/bigram_entry.h:49:61: note: in implicit copy constructor for 'latinime::HistoricalInfo' first required here
build	Build DaddyBoard (HeliBoard fork)	2026-09-30T15:55:37.5989686Z C/C++:    49 |             : mHasNext(hasNext), mProbability(probability), mHistoricalInfo(*historicalInfo),
build	Build DaddyBoard (HeliBoard fork)	2026-09-30T15:55:37.5990499Z C/C++:       |                                                             ^
build	Build DaddyBoard (HeliBoard fork)	2026-09-30T15:55:37.5992128Z C/C++: /home/runner/work/daddyboard/daddyboard/daddyboard-main/app/src/main/jni/src/dictionary/structure/backward/v402/ver4_dict_buffers.cpp:58:21: warning: variable length arrays in C++ are a Clang extension [-Wvla-cxx-extension]
build	Build DaddyBoard (HeliBoard fork)	2026-09-30T15:55:37.5993846Z C/C++:    58 |     char tmpDirPath[tmpDirPathBufSize];
build	Build DaddyBoard (HeliBoard fork)	2026-09-30T15:55:37.5994350Z C/C++:       |                     ^~~~~~~~~~~~~~~~~
build	Build DaddyBoard (HeliBoard fork)	2026-09-30T15:55:37.5995830Z C/C++: /home/runner/work/daddyboard/daddyboard/daddyboard-main/app/src/main/jni/src/dictionary/structure/backward/v402/ver4_dict_buffers.cpp:58:21: note: initializer of 'tmpDirPathBufSize' is not a constant expression
build	Build DaddyBoard (HeliBoard fork)	2026-09-30T15:55:37.5998075Z C/C++: /home/runner/work/daddyboard/daddyboard/daddyboard-main/app/src/main/jni/src/dictionary/structure/backward/v402/ver4_dict_buffers.cpp:56:15: note: declared here
build	Build DaddyBoard (HeliBoard fork)	2026-09-30T15:55:37.5999586Z C/C++:    56 |     const int tmpDirPathBufSize = FileUtils::getFilePathWithSuffixBufSize(dictDirPath,
build	Build DaddyBoard (HeliBoard fork)	2026-09-30T15:55:37.6000319Z C/C++:       |               ^
build	Build DaddyBoard (HeliBoard fork)	2026-09-30T15:55:37.6001798Z C/C++: /home/runner/work/daddyboard/daddyboard/daddyboard-main/app/src/main/jni/src/dictionary/structure/backward/v402/ver4_dict_buffers.cpp:76:19: warning: variable length arrays in C++ are a Clang extension [-Wvla-cxx-extension]
build	Build DaddyBoard (HeliBoard fork)	2026-09-30T15:55:37.6003583Z C/C++:    76 |     char dictName[dictNameBufSize];
build	Build DaddyBoard (HeliBoard fork)	2026-09-30T15:55:37.6004061Z C/C++:       |                   ^~~~~~~~~~~~~~~
build	Build DaddyBoard (HeliBoard fork)	2026-09-30T15:55:37.6005534Z C/C++: /home/runner/work/daddyboard/daddyboard/daddyboard-main/app/src/main/jni/src/dictionary/structure/backward/v402/ver4_dict_buffers.cpp:76:19: note: initializer of 'dictNameBufSize' is not a constant expression
build	Build DaddyBoard (HeliBoard fork)	2026-09-30T15:55:37.6007745Z C/C++: /home/runner/work/daddyboard/daddyboard/daddyboard-main/app/src/main/jni/src/dictionary/structure/backward/v402/ver4_dict_buffers.cpp:75:15: note: declared here
build	Build DaddyBoard (HeliBoard fork)	2026-09-30T15:55:37.6009323Z C/C++:    75 |     const int dictNameBufSize = strlen(dictDirPath) + 1 /* terminator */;
build	Build DaddyBoard (HeliBoard fork)	2026-09-30T15:55:37.6009995Z C/C++:       |               ^
build	Build DaddyBoard (HeliBoard fork)	2026-09-30T15:55:37.6011477Z C/C++: /home/runner/work/daddyboard/daddyboard/daddyboard-main/app/src/main/jni/src/dictionary/structure/backward/v402/ver4_dict_buffers.cpp:79:19: warning: variable length arrays in C++ are a Clang extension [-Wvla-cxx-extension]
build	Build DaddyBoard (HeliBoard fork)	2026-09-30T15:55:37.6013183Z C/C++:    79 |     char dictPath[dictPathBufSize];
build	Build DaddyBoard (HeliBoard fork)	2026-09-30T15:55:37.6013661Z C/C++:       |                   ^~~~~~~~~~~~~~~
build	Build DaddyBoard (HeliBoard fork)	2026-09-30T15:55:37.6015133Z C/C++: /home/runner/work/daddyboard/daddyboard/daddyboard-main/app/src/main/jni/src/dictionary/structure/backward/v402/ver4_dict_buffers.cpp:79:19: note: initializer of 'dictPathBufSize' is not a constant expression
build	Build DaddyBoard (HeliBoard fork)	2026-09-30T15:55:37.6017363Z C/C++: /home/runner/work/daddyboard/daddyboard/daddyboard-main/app/src/main/jni/src/dictionary/structure/backward/v402/ver4_dict_buffers.cpp:78:15: note: declared here
build	Build DaddyBoard (HeliBoard fork)	2026-09-30T15:55:37.6018863Z C/C++:    78 |     const int dictPathBufSize = FileUtils::getFilePathBufSize(tmpDirPath, dictName);
build	Build DaddyBoard (HeliBoard fork)	2026-09-30T15:55:37.6019578Z C/C++:       |               ^
build	Build DaddyBoard (HeliBoard fork)	2026-09-30T15:55:37.6019991Z C/C++: 5 warnings generated.
build	Build DaddyBoard (HeliBoard fork)	2026-09-30T15:55:38.4369582Z C/C++: In file included from /home/runner/work/daddyboard/daddyboard/daddyboard-main/app/src/main/jni/src/dictionary/structure/backward/v402/ver4_patricia_trie_node_reader.cpp:26:
build	Build DaddyBoard (HeliBoard fork)	2026-09-30T15:55:38.4393879Z C/C++: In file included from /home/runner/work/daddyboard/daddyboard/daddyboard-main/app/src/main/jni/src/dictionary/header/header_policy.h:25:
build	Build DaddyBoard (HeliBoard fork)	2026-09-30T15:55:38.4404718Z C/C++: /home/runner/work/daddyboard/daddyboard/daddyboard-main/app/src/main/jni/src/dictionary/utils/entry_counters.h:44:5: warning: definition of implicit copy constructor for 'EntryCounts' is deprecated because it has a user-declared copy assignment operator [-Wdeprecated-copy]
build	Build DaddyBoard (HeliBoard fork)	2026-09-30T15:55:38.4407192Z C/C++:    44 |     DISALLOW_ASSIGNMENT_OPERATOR(EntryCounts);
build	Build DaddyBoard (HeliBoard fork)	2026-09-30T15:55:38.4407727Z C/C++:       |     ^
build	Build DaddyBoard (HeliBoard fork)	2026-09-30T15:55:38.4408763Z C/C++: /home/runner/work/daddyboard/daddyboard/daddyboard-main/app/src/main/jni/src/defines.h:289:8: note: expanded from macro 'DISALLOW_ASSIGNMENT_OPERATOR'
build	Build DaddyBoard (HeliBoard fork)	2026-09-30T15:55:38.4409962Z C/C++:   289 |   void operator=(const TypeName&) = delete
build	Build DaddyBoard (HeliBoard fork)	2026-09-30T15:55:38.4410479Z C/C++:       |        ^
build	Build DaddyBoard (HeliBoard fork)	2026-09-30T15:55:38.4411822Z C/C++: /home/runner/work/daddyboard/daddyboard/daddyboard-main/app/src/main/jni/src/dictionary/header/header_policy.h:92:15: note: in implicit copy constructor for 'latinime::EntryCounts' first required here
build	Build DaddyBoard (HeliBoard fork)	2026-09-30T15:55:38.4413481Z C/C++:    92 |               mNgramCounts(headerPolicy->mNgramCounts),
build	Build DaddyBoard (HeliBoard fork)	2026-09-30T15:55:38.4414015Z C/C++:       |               ^
build	Build DaddyBoard (HeliBoard fork)	2026-09-30T15:55:38.4415206Z C/C++: In file included from /home/runner/work/daddyboard/daddyboard/daddyboard-main/app/src/main/jni/src/dictionary/structure/backward/v402/ver4_patricia_trie_node_reader.cpp:30:
build	Build DaddyBoard (HeliBoard fork)	2026-09-30T15:55:38.4417277Z C/C++: In file included from /home/runner/work/daddyboard/daddyboard/daddyboard-main/app/src/main/jni/src/dictionary/structure/backward/v402/content/probability_entry.h:28:
build	Build DaddyBoard (HeliBoard fork)	2026-09-30T15:55:38.4419945Z C/C++: /home/runner/work/daddyboard/daddyboard/daddyboard-main/app/src/main/jni/src/dictionary/property/historical_info.h:52:5: warning: definition of implicit copy constructor for 'HistoricalInfo' is deprecated because it has a user-declared copy assignment operator [-Wdeprecated-copy]
build	Build DaddyBoard (HeliBoard fork)	2026-09-30T15:55:38.4421918Z C/C++:    52 |     DISALLOW_ASSIGNMENT_OPERATOR(HistoricalInfo);
build	Build DaddyBoard (HeliBoard fork)	2026-09-30T15:55:38.4422443Z C/C++:       |     ^
build	Build DaddyBoard (HeliBoard fork)	2026-09-30T15:55:38.4423591Z C/C++: /home/runner/work/daddyboard/daddyboard/daddyboard-main/app/src/main/jni/src/defines.h:289:8: note: expanded from macro 'DISALLOW_ASSIGNMENT_OPERATOR'
build	Build DaddyBoard (HeliBoard fork)	2026-09-30T15:55:38.4424788Z C/C++:   289 |   void operator=(const TypeName&) = delete
build	Build DaddyBoard (HeliBoard fork)	2026-09-30T15:55:38.4425288Z C/C++:       |        ^
build	Build DaddyBoard (HeliBoard fork)	2026-09-30T15:55:38.4426864Z C/C++: /home/runner/work/daddyboard/daddyboard/daddyboard-main/app/src/main/jni/src/dictionary/structure/backward/v402/content/probability_entry.h:39:15: note: in implicit copy constructor for 'latinime::HistoricalInfo' first required here
build	Build DaddyBoard (HeliBoard fork)	2026-09-30T15:55:38.4428994Z C/C++:    39 |               mHistoricalInfo(probabilityEntry.mHistoricalInfo) {}
build	Build DaddyBoard (HeliBoard fork)	2026-09-30T15:55:38.4429615Z C/C++:       |               ^
build	Build DaddyBoard (HeliBoard fork)	2026-09-30T15:55:38.5384715Z C/C++: In file included from /home/runner/work/daddyboard/daddyboard/daddyboard-main/app/src/main/jni/src/dictionary/structure/backward/v402/ver4_patricia_trie_node_reader.cpp:24:
build	Build DaddyBoard (HeliBoard fork)	2026-09-30T15:55:38.5398793Z C/C++: In file included from /home/runner/work/daddyboard/daddyboard/daddyboard-main/app/src/main/jni/src/dictionary/structure/backward/v402/ver4_patricia_trie_node_reader.h:28:
build	Build DaddyBoard (HeliBoard fork)	2026-09-30T15:55:38.5474066Z C/C++: In file included from /home/runner/work/daddyboard/daddyboard/daddyboard-main/app/src/main/jni/src/dictionary/structure/pt_common/pt_node_params.h:27:
build	Build DaddyBoard (HeliBoard fork)	2026-09-30T15:55:38.5484619Z C/C++: /home/runner/work/daddyboard/daddyboard/daddyboard-main/app/src/main/jni/src/utils/int_array_view.h:160:5: warning: definition of implicit copy constructor for 'IntArrayView' is deprecated because it has a user-declared copy assignment operator [-Wdeprecated-copy]
build	Build DaddyBoard (HeliBoard fork)	2026-09-30T15:55:38.5486665Z C/C++:   160 |     DISALLOW_ASSIGNMENT_OPERATOR(IntArrayView);
build	Build DaddyBoard (HeliBoard fork)	2026-09-30T15:55:38.5487197Z C/C++:       |     ^
build	Build DaddyBoard (HeliBoard fork)	2026-09-30T15:55:38.5488203Z C/C++: /home/runner/work/daddyboard/daddyboard/daddyboard-main/app/src/main/jni/src/defines.h:289:8: note: expanded from macro 'DISALLOW_ASSIGNMENT_OPERATOR'
build	Build DaddyBoard (HeliBoard fork)	2026-09-30T15:55:38.5489347Z C/C++:   289 |   void operator=(const TypeName&) = delete
build	Build DaddyBoard (HeliBoard fork)	2026-09-30T15:55:38.5490556Z C/C++:       |        ^
build	Build DaddyBoard (HeliBoard fork)	2026-09-30T15:55:38.5491949Z C/C++: /usr/local/lib/android/sdk/ndk/28.0.13004108/toolchains/llvm/prebuilt/linux-x86_64/sysroot/usr/include/c++/v1/__memory/allocator.h:173:24: note: in implicit copy constructor for 'latinime::IntArrayView' first required here
build	Build DaddyBoard (HeliBoard fork)	2026-09-30T15:55:38.5493713Z C/C++:   173 |     ::new ((void*)__p) _Up(std::forward<_Args>(__args)...);
build	Build DaddyBoard (HeliBoard fork)	2026-09-30T15:55:38.5494263Z C/C++:       |                        ^
build	Build DaddyBoard (HeliBoard fork)	2026-09-30T15:55:38.5496132Z C/C++: /usr/local/lib/android/sdk/ndk/28.0.13004108/toolchains/llvm/prebuilt/linux-x86_64/sysroot/usr/include/c++/v1/__memory/allocator_traits.h:320:9: note: in instantiation of function template specialization 'std::allocator<latinime::IntArrayView>::construct<latinime::IntArrayView, latinime::IntArrayView>' requested here
build	Build DaddyBoard (HeliBoard fork)	2026-09-30T15:55:38.5498122Z C/C++:   320 |     __a.construct(__p, std::forward<_Args>(__args)...);
build	Build DaddyBoard (HeliBoard fork)	2026-09-30T15:55:38.5498646Z C/C++:       |         ^
build	Build DaddyBoard (HeliBoard fork)	2026-09-30T15:55:38.5500807Z C/C++: /usr/local/lib/android/sdk/ndk/28.0.13004108/toolchains/llvm/prebuilt/linux-x86_64/sysroot/usr/include/c++/v1/__memory/uninitialized_algorithms.h:639:33: note: in instantiation of function template specialization 'std::allocator_traits<std::allocator<latinime::IntArrayView>>::construct<latinime::IntArrayView, latinime::IntArrayView, 0>' requested here
build	Build DaddyBoard (HeliBoard fork)	2026-09-30T15:55:38.5503370Z C/C++:   639 |       allocator_traits<_Alloc>::construct(__alloc, __result, std::move(*__iter));
build	Build DaddyBoard (HeliBoard fork)	2026-09-30T15:55:38.5504068Z C/C++:       |                                 ^
build	Build DaddyBoard (HeliBoard fork)	2026-09-30T15:55:38.5505641Z C/C++: /usr/local/lib/android/sdk/ndk/28.0.13004108/toolchains/llvm/prebuilt/linux-x86_64/sysroot/usr/include/c++/v1/vector:1511:3: note: in instantiation of member function 'std::vector<latinime::IntArrayView>::__swap_out_circular_buffer' requested here
build	Build DaddyBoard (HeliBoard fork)	2026-09-30T15:55:38.5507216Z C/C++:  1511 |   __swap_out_circular_buffer(__v);
build	Build DaddyBoard (HeliBoard fork)	2026-09-30T15:55:38.5507631Z C/C++:       |   ^
build	Build DaddyBoard (HeliBoard fork)	2026-09-30T15:55:38.5509351Z C/C++: /usr/local/lib/android/sdk/ndk/28.0.13004108/toolchains/llvm/prebuilt/linux-x86_64/sysroot/usr/include/c++/v1/vector:1529:13: note: in instantiation of function template specialization 'std::vector<latinime::IntArrayView>::__emplace_back_slow_path<const int *const &, const unsigned long &>' requested here
build	Build DaddyBoard (HeliBoard fork)	2026-09-30T15:55:38.5511398Z C/C++:  1529 |     __end = __emplace_back_slow_path(std::forward<_Args>(__args)...);
build	Build DaddyBoard (HeliBoard fork)	2026-09-30T15:55:38.5512289Z C/C++:       |             ^
build	Build DaddyBoard (HeliBoard fork)	2026-09-30T15:55:38.6355579Z C/C++: /home/runner/work/daddyboard/daddyboard/daddyboard-main/app/src/main/jni/src/utils/int_array_view.h:142:20: note: in instantiation of function template specialization 'std::vector<latinime::IntArrayView>::emplace_back<const int *const &, const unsigned long &>' requested here
build	Build DaddyBoard (HeliBoard fork)	2026-09-30T15:55:38.6357694Z C/C++:   142 |             result.emplace_back(mPtr, mSize);
build	Build DaddyBoard (HeliBoard fork)	2026-09-30T15:55:38.6358222Z C/C++:       |                    ^
build	Build DaddyBoard (HeliBoard fork)	2026-09-30T15:55:38.6358634Z C/C++: 3 warnings generated.
build	Build DaddyBoard (HeliBoard fork)	2026-09-30T15:55:39.4351379Z C/C++: In file included from /home/runner/work/daddyboard/daddyboard/daddyboard-main/app/src/main/jni/src/dictionary/structure/backward/v402/ver4_patricia_trie_node_writer.cpp:24:
build	Build DaddyBoard (HeliBoard fork)	2026-09-30T15:55:39.4402634Z C/C++: In file included from /home/runner/work/daddyboard/daddyboard/daddyboard-main/app/src/main/jni/src/dictionary/structure/backward/v402/ver4_patricia_trie_node_writer.h:31:
build	Build DaddyBoard (HeliBoard fork)	2026-09-30T15:55:39.4424490Z C/C++: In file included from /home/runner/work/daddyboard/daddyboard/daddyboard-main/app/src/main/jni/src/dictionary/structure/backward/v402/content/probability_entry.h:28:
build	Build DaddyBoard (HeliBoard fork)	2026-09-30T15:55:39.4454796Z C/C++: /home/runner/work/daddyboard/daddyboard/daddyboard-main/app/src/main/jni/src/dictionary/property/historical_info.h:52:5: warning: definition of implicit copy constructor for 'HistoricalInfo' is deprecated because it has a user-declared copy assignment operator [-Wdeprecated-copy]
build	Build DaddyBoard (HeliBoard fork)	2026-09-30T15:55:39.4463342Z C/C++:    52 |     DISALLOW_ASSIGNMENT_OPERATOR(HistoricalInfo);
build	Build DaddyBoard (HeliBoard fork)	2026-09-30T15:55:39.4493199Z C/C++:       |     ^
build	Build DaddyBoard (HeliBoard fork)	2026-09-30T15:55:39.4553976Z C/C++: /home/runner/work/daddyboard/daddyboard/daddyboard-main/app/src/main/jni/src/defines.h:289:8: note: expanded from macro 'DISALLOW_ASSIGNMENT_OPERATOR'
build	Build DaddyBoard (HeliBoard fork)	2026-09-30T15:55:39.4603633Z C/C++:   289 |   void operator=(const TypeName&) = delete
build	Build DaddyBoard (HeliBoard fork)	2026-09-30T15:55:39.4636169Z C/C++:       |        ^
build	Build DaddyBoard (HeliBoard fork)	2026-09-30T15:55:39.4644429Z C/C++: /home/runner/work/daddyboard/daddyboard/daddyboard-main/app/src/main/jni/src/dictionary/structure/backward/v402/content/probability_entry.h:39:15: note: in implicit copy constructor for 'latinime::HistoricalInfo' first required here
build	Build DaddyBoard (HeliBoard fork)	2026-09-30T15:55:39.4676499Z C/C++:    39 |               mHistoricalInfo(probabilityEntry.mHistoricalInfo) {}
build	Build DaddyBoard (HeliBoard fork)	2026-09-30T15:55:39.4703485Z C/C++:       |               ^
build	Build DaddyBoard (HeliBoard fork)	2026-09-30T15:55:39.5365016Z C/C++: In file included from /home/runner/work/daddyboard/daddyboard/daddyboard-main/app/src/main/jni/src/dictionary/structure/backward/v402/ver4_patricia_trie_node_writer.cpp:26:
build	Build DaddyBoard (HeliBoard fork)	2026-09-30T15:55:39.5374301Z C/C++: In file included from /home/runner/work/daddyboard/daddyboard/daddyboard-main/app/src/main/jni/src/dictionary/header/header_policy.h:25:
build	Build DaddyBoard (HeliBoard fork)	2026-09-30T15:55:39.5404731Z C/C++: /home/runner/work/daddyboard/daddyboard/daddyboard-main/app/src/main/jni/src/dictionary/utils/entry_counters.h:44:5: warning: definition of implicit copy constructor for 'EntryCounts' is deprecated because it has a user-declared copy assignment operator [-Wdeprecated-copy]
build	Build DaddyBoard (HeliBoard fork)	2026-09-30T15:55:39.5423394Z C/C++:    44 |     DISALLOW_ASSIGNMENT_OPERATOR(EntryCounts);
build	Build DaddyBoard (HeliBoard fork)	2026-09-30T15:55:39.5433451Z C/C++:       |     ^
build	Build DaddyBoard (HeliBoard fork)	2026-09-30T15:55:39.5464122Z C/C++: /home/runner/work/daddyboard/daddyboard/daddyboard-main/app/src/main/jni/src/defines.h:289:8: note: expanded from macro 'DISALLOW_ASSIGNMENT_OPERATOR'
build	Build DaddyBoard (HeliBoard fork)	2026-09-30T15:55:39.5483487Z C/C++:   289 |   void operator=(const TypeName&) = delete
build	Build DaddyBoard (HeliBoard fork)	2026-09-30T15:55:39.5513228Z C/C++:       |        ^
build	Build DaddyBoard (HeliBoard fork)	2026-09-30T15:55:39.5524493Z C/C++: /home/runner/work/daddyboard/daddyboard/daddyboard-main/app/src/main/jni/src/dictionary/header/header_policy.h:92:15: note: in implicit copy constructor for 'latinime::EntryCounts' first required here
build	Build DaddyBoard (HeliBoard fork)	2026-09-30T15:55:39.5548740Z C/C++:    92 |               mNgramCounts(headerPolicy->mNgramCounts),
build	Build DaddyBoard (HeliBoard fork)	2026-09-30T15:55:39.5573646Z C/C++:       |               ^
build	Build DaddyBoard (HeliBoard fork)	2026-09-30T15:55:39.5604253Z C/C++: In file included from /home/runner/work/daddyboard/daddyboard/daddyboard-main/app/src/main/jni/src/dictionary/structure/backward/v402/ver4_patricia_trie_node_writer.cpp:26:
build	Build DaddyBoard (HeliBoard fork)	2026-09-30T15:55:39.5633973Z C/C++: In file included from /home/runner/work/daddyboard/daddyboard/daddyboard-main/app/src/main/jni/src/dictionary/header/header_policy.h:23:
build	Build DaddyBoard (HeliBoard fork)	2026-09-30T15:55:39.5635699Z C/C++: In file included from /home/runner/work/daddyboard/daddyboard/daddyboard-main/app/src/main/jni/src/dictionary/header/header_read_write_utils.h:24:
build	Build DaddyBoard (HeliBoard fork)	2026-09-30T15:55:39.5637368Z C/C++: In file included from /home/runner/work/daddyboard/daddyboard/daddyboard-main/app/src/main/jni/src/dictionary/utils/format_utils.h:23:
build	Build DaddyBoard (HeliBoard fork)	2026-09-30T15:55:39.5639738Z C/C++: /home/runner/work/daddyboard/daddyboard/daddyboard-main/app/src/main/jni/src/utils/byte_array_view.h:53:5: warning: definition of implicit copy constructor for 'ReadOnlyByteArrayView' is deprecated because it has a user-declared copy assignment operator [-Wdeprecated-copy]
build	Build DaddyBoard (HeliBoard fork)	2026-09-30T15:55:39.5641704Z C/C++:    53 |     DISALLOW_ASSIGNMENT_OPERATOR(ReadOnlyByteArrayView);
build	Build DaddyBoard (HeliBoard fork)	2026-09-30T15:55:39.5642258Z C/C++:       |     ^
build	Build DaddyBoard (HeliBoard fork)	2026-09-30T15:55:39.5673623Z C/C++: /home/runner/work/daddyboard/daddyboard/daddyboard-main/app/src/main/jni/src/defines.h:289:8: note: expanded from macro 'DISALLOW_ASSIGNMENT_OPERATOR'
build	Build DaddyBoard (HeliBoard fork)	2026-09-30T15:55:39.5674865Z C/C++:   289 |   void operator=(const TypeName&) = delete
build	Build DaddyBoard (HeliBoard fork)	2026-09-30T15:55:39.5675365Z C/C++:       |        ^
build	Build DaddyBoard (HeliBoard fork)	2026-09-30T15:55:39.5676969Z C/C++: /home/runner/work/daddyboard/daddyboard/daddyboard-main/app/src/main/jni/src/dictionary/structure/pt_common/shortcut/shortcut_list_reading_utils.h:52:75: note: in implicit copy constructor for 'latinime::ReadOnlyByteArrayView' first required here
build	Build DaddyBoard (HeliBoard fork)	2026-09-30T15:55:39.5679370Z C/C++:    52 |         const int shortcutListSize = getShortcutListSizeAndForwardPointer(buffer, pos);
build	Build DaddyBoard (HeliBoard fork)	2026-09-30T15:55:39.5680229Z C/C++:       |                                                                           ^
build	Build DaddyBoard (HeliBoard fork)	2026-09-30T15:55:39.6374710Z C/C++: In file included from /home/runner/work/daddyboard/daddyboard/daddyboard-main/app/src/main/jni/src/dictionary/structure/backward/v402/ver4_patricia_trie_node_writer.cpp:24:
build	Build DaddyBoard (HeliBoard fork)	2026-09-30T15:55:39.6376924Z C/C++: In file included from /home/runner/work/daddyboard/daddyboard/daddyboard-main/app/src/main/jni/src/dictionary/structure/backward/v402/ver4_patricia_trie_node_writer.h:28:
build	Build DaddyBoard (HeliBoard fork)	2026-09-30T15:55:39.6404169Z C/C++: In file included from /home/runner/work/daddyboard/daddyboard/daddyboard-main/app/src/main/jni/src/dictionary/structure/pt_common/dynamic_pt_reading_helper.h:24:
build	Build DaddyBoard (HeliBoard fork)	2026-09-30T15:55:39.6434090Z C/C++: In file included from /home/runner/work/daddyboard/daddyboard/daddyboard-main/app/src/main/jni/src/dictionary/structure/pt_common/pt_node_params.h:27:
build	Build DaddyBoard (HeliBoard fork)	2026-09-30T15:55:39.6444795Z C/C++: /home/runner/work/daddyboard/daddyboard/daddyboard-main/app/src/main/jni/src/utils/int_array_view.h:160:5: warning: definition of implicit copy constructor for 'IntArrayView' is deprecated because it has a user-declared copy assignment operator [-Wdeprecated-copy]
build	Build DaddyBoard (HeliBoard fork)	2026-09-30T15:55:39.6463447Z C/C++:   160 |     DISALLOW_ASSIGNMENT_OPERATOR(IntArrayView);
build	Build DaddyBoard (HeliBoard fork)	2026-09-30T15:55:39.6464009Z C/C++:       |     ^
build	Build DaddyBoard (HeliBoard fork)	2026-09-30T15:55:39.6465040Z C/C++: /home/runner/work/daddyboard/daddyboard/daddyboard-main/app/src/main/jni/src/defines.h:289:8: note: expanded from macro 'DISALLOW_ASSIGNMENT_OPERATOR'
build	Build DaddyBoard (HeliBoard fork)	2026-09-30T15:55:39.6466235Z C/C++:   289 |   void operator=(const TypeName&) = delete
build	Build DaddyBoard (HeliBoard fork)	2026-09-30T15:55:39.6466675Z C/C++:       |        ^
build	Build DaddyBoard (HeliBoard fork)	2026-09-30T15:55:39.6493338Z C/C++: /usr/local/lib/android/sdk/ndk/28.0.13004108/toolchains/llvm/prebuilt/linux-x86_64/sysroot/usr/include/c++/v1/__memory/allocator.h:173:24: note: in implicit copy constructor for 'latinime::IntArrayView' first required here
build	Build DaddyBoard (HeliBoard fork)	2026-09-30T15:55:39.6523528Z C/C++:   173 |     ::new ((void*)__p) _Up(std::forward<_Args>(__args)...);
build	Build DaddyBoard (HeliBoard fork)	2026-09-30T15:55:39.6527764Z C/C++:       |                        ^
build	Build DaddyBoard (HeliBoard fork)	2026-09-30T15:55:39.6575117Z C/C++: /usr/local/lib/android/sdk/ndk/28.0.13004108/toolchains/llvm/prebuilt/linux-x86_64/sysroot/usr/include/c++/v1/__memory/allocator_traits.h:320:9: note: in instantiation of function template specialization 'std::allocator<latinime::IntArrayView>::construct<latinime::IntArrayView, latinime::IntArrayView>' requested here
build	Build DaddyBoard (HeliBoard fork)	2026-09-30T15:55:39.6577920Z C/C++:   320 |     __a.construct(__p, std::forward<_Args>(__args)...);
build	Build DaddyBoard (HeliBoard fork)	2026-09-30T15:55:39.6603318Z C/C++:       |         ^
build	Build DaddyBoard (HeliBoard fork)	2026-09-30T15:55:39.6605494Z C/C++: /usr/local/lib/android/sdk/ndk/28.0.13004108/toolchains/llvm/prebuilt/linux-x86_64/sysroot/usr/include/c++/v1/__memory/uninitialized_algorithms.h:639:33: note: in instantiation of function template specialization 'std::allocator_traits<std::allocator<latinime::IntArrayView>>::construct<latinime::IntArrayView, latinime::IntArrayView, 0>' requested here
build	Build DaddyBoard (HeliBoard fork)	2026-09-30T15:55:39.6607977Z C/C++:   639 |       allocator_traits<_Alloc>::construct(__alloc, __result, std::move(*__iter));
build	Build DaddyBoard (HeliBoard fork)	2026-09-30T15:55:39.6608774Z C/C++:       |                                 ^
build	Build DaddyBoard (HeliBoard fork)	2026-09-30T15:55:39.6610383Z C/C++: /usr/local/lib/android/sdk/ndk/28.0.13004108/toolchains/llvm/prebuilt/linux-x86_64/sysroot/usr/include/c++/v1/vector:1511:3: note: in instantiation of member function 'std::vector<latinime::IntArrayView>::__swap_out_circular_buffer' requested here
build	Build DaddyBoard (HeliBoard fork)	2026-09-30T15:55:39.6611974Z C/C++:  1511 |   __swap_out_circular_buffer(__v);
build	Build DaddyBoard (HeliBoard fork)	2026-09-30T15:55:39.6612431Z C/C++:       |   ^
build	Build DaddyBoard (HeliBoard fork)	2026-09-30T15:55:39.6614446Z C/C++: /usr/local/lib/android/sdk/ndk/28.0.13004108/toolchains/llvm/prebuilt/linux-x86_64/sysroot/usr/include/c++/v1/vector:1529:13: note: in instantiation of function template specialization 'std::vector<latinime::IntArrayView>::__emplace_back_slow_path<const int *const &, const unsigned long &>' requested here
build	Build DaddyBoard (HeliBoard fork)	2026-09-30T15:55:39.6616862Z C/C++:  1529 |     __end = __emplace_back_slow_path(std::forward<_Args>(__args)...);
build	Build DaddyBoard (HeliBoard fork)	2026-09-30T15:55:39.6617483Z C/C++:       |             ^
build	Build DaddyBoard (HeliBoard fork)	2026-09-30T15:55:39.6619191Z C/C++: /home/runner/work/daddyboard/daddyboard/daddyboard-main/app/src/main/jni/src/utils/int_array_view.h:142:20: note: in instantiation of function template specialization 'std::vector<latinime::IntArrayView>::emplace_back<const int *const &, const unsigned long &>' requested here
build	Build DaddyBoard (HeliBoard fork)	2026-09-30T15:55:39.6620995Z C/C++:   142 |             result.emplace_back(mPtr, mSize);
build	Build DaddyBoard (HeliBoard fork)	2026-09-30T15:55:39.6621496Z C/C++:       |                    ^
build	Build DaddyBoard (HeliBoard fork)	2026-09-30T15:55:39.8354066Z C/C++: 4 warnings generated.
build	Build DaddyBoard (HeliBoard fork)	2026-09-30T15:55:40.5354331Z C/C++: In file included from /home/runner/work/daddyboard/daddyboard/daddyboard-main/app/src/main/jni/src/dictionary/structure/backward/v402/ver4_patricia_trie_policy.cpp:25:
build	Build DaddyBoard (HeliBoard fork)	2026-09-30T15:55:40.5373618Z C/C++: In file included from /home/runner/work/daddyboard/daddyboard/daddyboard-main/app/src/main/jni/src/dictionary/structure/backward/v402/ver4_patricia_trie_policy.h:31:
build	Build DaddyBoard (HeliBoard fork)	2026-09-30T15:55:40.5397442Z C/C++: In file included from /home/runner/work/daddyboard/daddyboard/daddyboard-main/app/src/main/jni/src/dictionary/header/header_policy.h:25:
build	Build DaddyBoard (HeliBoard fork)	2026-09-30T15:55:40.5424897Z C/C++: /home/runner/work/daddyboard/daddyboard/daddyboard-main/app/src/main/jni/src/dictionary/utils/entry_counters.h:44:5: warning: definition of implicit copy constructor for 'EntryCounts' is deprecated because it has a user-declared copy assignment operator [-Wdeprecated-copy]
build	Build DaddyBoard (HeliBoard fork)	2026-09-30T15:55:40.5453588Z C/C++:    44 |     DISALLOW_ASSIGNMENT_OPERATOR(EntryCounts);
build	Build DaddyBoard (HeliBoard fork)	2026-09-30T15:55:40.5454408Z C/C++:       |     ^
build	Build DaddyBoard (HeliBoard fork)	2026-09-30T15:55:40.5484025Z C/C++: /home/runner/work/daddyboard/daddyboard/daddyboard-main/app/src/main/jni/src/defines.h:289:8: note: expanded from macro 'DISALLOW_ASSIGNMENT_OPERATOR'
build	Build DaddyBoard (HeliBoard fork)	2026-09-30T15:55:40.5513549Z C/C++:   289 |   void operator=(const TypeName&) = delete
build	Build DaddyBoard (HeliBoard fork)	2026-09-30T15:55:40.5523281Z C/C++:       |        ^
build	Build DaddyBoard (HeliBoard fork)	2026-09-30T15:55:40.5524656Z C/C++: /home/runner/work/daddyboard/daddyboard/daddyboard-main/app/src/main/jni/src/dictionary/header/header_policy.h:92:15: note: in implicit copy constructor for 'latinime::EntryCounts' first required here
build	Build DaddyBoard (HeliBoard fork)	2026-09-30T15:55:40.5526509Z C/C++:    92 |               mNgramCounts(headerPolicy->mNgramCounts),
build	Build DaddyBoard (HeliBoard fork)	2026-09-30T15:55:40.5527026Z C/C++:       |               ^
build	Build DaddyBoard (HeliBoard fork)	2026-09-30T15:55:40.6384863Z C/C++: In file included from /home/runner/work/daddyboard/daddyboard/daddyboard-main/app/src/main/jni/src/dictionary/structure/backward/v402/ver4_patricia_trie_policy.cpp:25:
build	Build DaddyBoard (HeliBoard fork)	2026-09-30T15:55:40.6414131Z C/C++: In file included from /home/runner/work/daddyboard/daddyboard/daddyboard-main/app/src/main/jni/src/dictionary/structure/backward/v402/ver4_patricia_trie_policy.h:32:
build	Build DaddyBoard (HeliBoard fork)	2026-09-30T15:55:40.6438238Z C/C++: In file included from /home/runner/work/daddyboard/daddyboard/daddyboard-main/app/src/main/jni/src/dictionary/interface/dictionary_structure_with_buffer_policy.h:23:
build	Build DaddyBoard (HeliBoard fork)	2026-09-30T15:55:40.6444742Z C/C++: /home/runner/work/daddyboard/daddyboard/daddyboard-main/app/src/main/jni/src/dictionary/property/historical_info.h:52:5: warning: definition of implicit copy constructor for 'HistoricalInfo' is deprecated because it has a user-declared copy assignment operator [-Wdeprecated-copy]
build	Build DaddyBoard (HeliBoard fork)	2026-09-30T15:55:40.6446656Z C/C++:    52 |     DISALLOW_ASSIGNMENT_OPERATOR(HistoricalInfo);
build	Build DaddyBoard (HeliBoard fork)	2026-09-30T15:55:40.6447360Z C/C++:       |     ^
build	Build DaddyBoard (HeliBoard fork)	2026-09-30T15:55:40.6448431Z C/C++: /home/runner/work/daddyboard/daddyboard/daddyboard-main/app/src/main/jni/src/defines.h:289:8: note: expanded from macro 'DISALLOW_ASSIGNMENT_OPERATOR'
build	Build DaddyBoard (HeliBoard fork)	2026-09-30T15:55:40.6449570Z C/C++:   289 |   void operator=(const TypeName&) = delete
build	Build DaddyBoard (HeliBoard fork)	2026-09-30T15:55:40.6450062Z C/C++:       |        ^
build	Build DaddyBoard (HeliBoard fork)	2026-09-30T15:55:40.6451382Z C/C++: /home/runner/work/daddyboard/daddyboard/daddyboard-main/app/src/main/jni/src/dictionary/property/ngram_property.h:33:42: note: in implicit copy constructor for 'latinime::HistoricalInfo' first required here
build	Build DaddyBoard (HeliBoard fork)	2026-09-30T15:55:40.6453736Z C/C++:    33 |               mProbability(probability), mHistoricalInfo(historicalInfo) {}
build	Build DaddyBoard (HeliBoard fork)	2026-09-30T15:55:40.6454403Z C/C++:       |                                          ^
build	Build DaddyBoard (HeliBoard fork)	2026-09-30T15:55:40.6455617Z C/C++: In file included from /home/runner/work/daddyboard/daddyboard/daddyboard-main/app/src/main/jni/src/dictionary/structure/backward/v402/ver4_patricia_trie_policy.cpp:25:
build	Build DaddyBoard (HeliBoard fork)	2026-09-30T15:55:40.6457529Z C/C++: In file included from /home/runner/work/daddyboard/daddyboard/daddyboard-main/app/src/main/jni/src/dictionary/structure/backward/v402/ver4_patricia_trie_policy.h:32:
build	Build DaddyBoard (HeliBoard fork)	2026-09-30T15:55:40.6459469Z C/C++: In file included from /home/runner/work/daddyboard/daddyboard/daddyboard-main/app/src/main/jni/src/dictionary/interface/dictionary_structure_with_buffer_policy.h:25:
build	Build DaddyBoard (HeliBoard fork)	2026-09-30T15:55:40.6461225Z C/C++: In file included from /home/runner/work/daddyboard/daddyboard/daddyboard-main/app/src/main/jni/src/dictionary/property/word_property.h:24:
build	Build DaddyBoard (HeliBoard fork)	2026-09-30T15:55:40.6463863Z C/C++: /home/runner/work/daddyboard/daddyboard/daddyboard-main/app/src/main/jni/src/dictionary/property/unigram_property.h:126:5: warning: definition of implicit copy constructor for 'UnigramProperty' is deprecated because it has a user-declared copy assignment operator [-Wdeprecated-copy]
build	Build DaddyBoard (HeliBoard fork)	2026-09-30T15:55:40.6465859Z C/C++:   126 |     DISALLOW_ASSIGNMENT_OPERATOR(UnigramProperty);
build	Build DaddyBoard (HeliBoard fork)	2026-09-30T15:55:40.6466384Z C/C++:       |     ^
build	Build DaddyBoard (HeliBoard fork)	2026-09-30T15:55:40.6467367Z C/C++: /home/runner/work/daddyboard/daddyboard/daddyboard-main/app/src/main/jni/src/defines.h:289:8: note: expanded from macro 'DISALLOW_ASSIGNMENT_OPERATOR'
build	Build DaddyBoard (HeliBoard fork)	2026-09-30T15:55:40.6468470Z C/C++:   289 |   void operator=(const TypeName&) = delete
build	Build DaddyBoard (HeliBoard fork)	2026-09-30T15:55:40.6468934Z C/C++:       |        ^
build	Build DaddyBoard (HeliBoard fork)	2026-09-30T15:55:40.6470262Z C/C++: /home/runner/work/daddyboard/daddyboard/daddyboard-main/app/src/main/jni/src/dictionary/property/word_property.h:38:51: note: in implicit copy constructor for 'latinime::UnigramProperty' first required here
build	Build DaddyBoard (HeliBoard fork)	2026-09-30T15:55:40.6471877Z C/C++:    38 |             : mCodePoints(std::move(codePoints)), mUnigramProperty(unigramProperty),
build	Build DaddyBoard (HeliBoard fork)	2026-09-30T15:55:40.6472609Z C/C++:       |                                                   ^
build	Build DaddyBoard (HeliBoard fork)	2026-09-30T15:55:40.6474040Z C/C++: In file included from /home/runner/work/daddyboard/daddyboard/daddyboard-main/app/src/main/jni/src/dictionary/structure/backward/v402/ver4_patricia_trie_policy.cpp:25:
build	Build DaddyBoard (HeliBoard fork)	2026-09-30T15:55:40.6478987Z C/C++: In file included from /home/runner/work/daddyboard/daddyboard/daddyboard-main/app/src/main/jni/src/dictionary/structure/backward/v402/ver4_patricia_trie_policy.h:31:
build	Build DaddyBoard (HeliBoard fork)	2026-09-30T15:55:40.6480693Z C/C++: In file included from /home/runner/work/daddyboard/daddyboard/daddyboard-main/app/src/main/jni/src/dictionary/header/header_policy.h:23:
build	Build DaddyBoard (HeliBoard fork)	2026-09-30T15:55:40.6482163Z C/C++: In file included from /home/runner/work/daddyboard/daddyboard/daddyboard-main/app/src/main/jni/src/dictionary/header/header_read_write_utils.h:24:
build	Build DaddyBoard (HeliBoard fork)	2026-09-30T15:55:40.6483806Z C/C++: In file included from /home/runner/work/daddyboard/daddyboard/daddyboard-main/app/src/main/jni/src/dictionary/utils/format_utils.h:23:
build	Build DaddyBoard (HeliBoard fork)	2026-09-30T15:55:40.6485959Z C/C++: /home/runner/work/daddyboard/daddyboard/daddyboard-main/app/src/main/jni/src/utils/byte_array_view.h:53:5: warning: definition of implicit copy constructor for 'ReadOnlyByteArrayView' is deprecated because it has a user-declared copy assignment operator [-Wdeprecated-copy]
build	Build DaddyBoard (HeliBoard fork)	2026-09-30T15:55:40.6487686Z C/C++:    53 |     DISALLOW_ASSIGNMENT_OPERATOR(ReadOnlyByteArrayView);
build	Build DaddyBoard (HeliBoard fork)	2026-09-30T15:55:40.6488158Z C/C++:       |     ^
build	Build DaddyBoard (HeliBoard fork)	2026-09-30T15:55:40.6489032Z C/C++: /home/runner/work/daddyboard/daddyboard/daddyboard-main/app/src/main/jni/src/defines.h:289:8: note: expanded from macro 'DISALLOW_ASSIGNMENT_OPERATOR'
build	Build DaddyBoard (HeliBoard fork)	2026-09-30T15:55:40.6490040Z C/C++:   289 |   void operator=(const TypeName&) = delete
build	Build DaddyBoard (HeliBoard fork)	2026-09-30T15:55:40.6490460Z C/C++:       |        ^
build	Build DaddyBoard (HeliBoard fork)	2026-09-30T15:55:40.6491864Z C/C++: /home/runner/work/daddyboard/daddyboard/daddyboard-main/app/src/main/jni/src/dictionary/structure/pt_common/shortcut/shortcut_list_reading_utils.h:52:75: note: in implicit copy constructor for 'latinime::ReadOnlyByteArrayView' first required here
build	Build DaddyBoard (HeliBoard fork)	2026-09-30T15:55:40.6500806Z C/C++:    52 |         const int shortcutListSize = getShortcutListSizeAndForwardPointer(buffer, pos);
build	Build DaddyBoard (HeliBoard fork)	2026-09-30T15:55:40.6501686Z C/C++:       |                                                                           ^
build	Build DaddyBoard (HeliBoard fork)	2026-09-30T15:55:40.6503196Z C/C++: In file included from /home/runner/work/daddyboard/daddyboard/daddyboard-main/app/src/main/jni/src/dictionary/structure/backward/v402/ver4_patricia_trie_policy.cpp:25:
build	Build DaddyBoard (HeliBoard fork)	2026-09-30T15:55:40.6505178Z C/C++: In file included from /home/runner/work/daddyboard/daddyboard/daddyboard-main/app/src/main/jni/src/dictionary/structure/backward/v402/ver4_patricia_trie_policy.h:32:
build	Build DaddyBoard (HeliBoard fork)	2026-09-30T15:55:40.6507182Z C/C++: In file included from /home/runner/work/daddyboard/daddyboard/daddyboard-main/app/src/main/jni/src/dictionary/interface/dictionary_structure_with_buffer_policy.h:25:
build	Build DaddyBoard (HeliBoard fork)	2026-09-30T15:55:40.6508999Z C/C++: In file included from /home/runner/work/daddyboard/daddyboard/daddyboard-main/app/src/main/jni/src/dictionary/property/word_property.h:23:
build	Build DaddyBoard (HeliBoard fork)	2026-09-30T15:55:40.6510653Z C/C++: In file included from /home/runner/work/daddyboard/daddyboard/daddyboard-main/app/src/main/jni/src/dictionary/property/ngram_property.h:24:
build	Build DaddyBoard (HeliBoard fork)	2026-09-30T15:55:40.6512322Z C/C++: In file included from /home/runner/work/daddyboard/daddyboard/daddyboard-main/app/src/main/jni/src/dictionary/property/ngram_context.h:23:
build	Build DaddyBoard (HeliBoard fork)	2026-09-30T15:55:40.6534614Z C/C++: /home/runner/work/daddyboard/daddyboard/daddyboard-main/app/src/main/jni/src/utils/int_array_view.h:160:5: warning: definition of implicit copy constructor for 'IntArrayView' is deprecated because it has a user-declared copy assignment operator [-Wdeprecated-copy]
build	Build DaddyBoard (HeliBoard fork)	2026-09-30T15:55:40.6536512Z C/C++:   160 |     DISALLOW_ASSIGNMENT_OPERATOR(IntArrayView);
build	Build DaddyBoard (HeliBoard fork)	2026-09-30T15:55:40.6536934Z C/C++:       |     ^
build	Build DaddyBoard (HeliBoard fork)	2026-09-30T15:55:40.6537855Z C/C++: /home/runner/work/daddyboard/daddyboard/daddyboard-main/app/src/main/jni/src/defines.h:289:8: note: expanded from macro 'DISALLOW_ASSIGNMENT_OPERATOR'
build	Build DaddyBoard (HeliBoard fork)	2026-09-30T15:55:40.6538880Z C/C++:   289 |   void operator=(const TypeName&) = delete
build	Build DaddyBoard (HeliBoard fork)	2026-09-30T15:55:40.6539290Z C/C++:       |        ^
build	Build DaddyBoard (HeliBoard fork)	2026-09-30T15:55:40.6540886Z C/C++: /home/runner/work/daddyboard/daddyboard/daddyboard-main/app/src/main/jni/src/suggest/core/dicnode/dic_node.h:110:53: note: in implicit copy constructor for 'latinime::IntArrayView' first required here
build	Build DaddyBoard (HeliBoard fork)	2026-09-30T15:55:40.6542342Z C/C++:   110 |         mDicNodeProperties.init(rootPtNodeArrayPos, prevWordIds);
build	Build DaddyBoard (HeliBoard fork)	2026-09-30T15:55:40.6543165Z C/C++:       |                                                     ^
build	Build DaddyBoard (HeliBoard fork)	2026-09-30T15:55:40.7357057Z C/C++: In file included from /home/runner/work/daddyboard/daddyboard/daddyboard-main/app/src/main/jni/src/dictionary/structure/backward/v402/ver4_patricia_trie_policy.cpp:39:
build	Build DaddyBoard (HeliBoard fork)	2026-09-30T15:55:40.7385224Z C/C++: In file included from /home/runner/work/daddyboard/daddyboard/daddyboard-main/app/src/main/jni/src/dictionary/utils/multi_bigram_map.h:27:
build	Build DaddyBoard (HeliBoard fork)	2026-09-30T15:55:40.7425184Z C/C++: /home/runner/work/daddyboard/daddyboard/daddyboard-main/app/src/main/jni/src/dictionary/utils/bloom_filter.h:47:5: warning: definition of implicit copy constructor for 'BloomFilter' is deprecated because it has a user-declared copy assignment operator [-Wdeprecated-copy]
build	Build DaddyBoard (HeliBoard fork)	2026-09-30T15:55:40.7437749Z C/C++:    47 |     DISALLOW_ASSIGNMENT_OPERATOR(BloomFilter);
build	Build DaddyBoard (HeliBoard fork)	2026-09-30T15:55:40.7463461Z C/C++:       |     ^
build	Build DaddyBoard (HeliBoard fork)	2026-09-30T15:55:40.7504035Z C/C++: /home/runner/work/daddyboard/daddyboard/daddyboard-main/app/src/main/jni/src/defines.h:289:8: note: expanded from macro 'DISALLOW_ASSIGNMENT_OPERATOR'
build	Build DaddyBoard (HeliBoard fork)	2026-09-30T15:55:40.7533383Z C/C++:   289 |   void operator=(const TypeName&) = delete
build	Build DaddyBoard (HeliBoard fork)	2026-09-30T15:55:40.7563287Z C/C++:       |        ^
build	Build DaddyBoard (HeliBoard fork)	2026-09-30T15:55:40.7564704Z C/C++: /home/runner/work/daddyboard/daddyboard/daddyboard-main/app/src/main/jni/src/dictionary/utils/multi_bigram_map.h:57:53: note: in implicit copy constructor for 'latinime::BloomFilter' first required here
build	Build DaddyBoard (HeliBoard fork)	2026-09-30T15:55:40.7566916Z C/C++:    57 |                 : mBigramMap(bigramMap.mBigramMap), mBloomFilter(bigramMap.mBloomFilter) {}
build	Build DaddyBoard (HeliBoard fork)	2026-09-30T15:55:40.7567791Z C/C++:       |                                                     ^
build	Build DaddyBoard (HeliBoard fork)	2026-09-30T15:55:40.8364879Z C/C++: In file included from /home/runner/work/daddyboard/daddyboard/daddyboard-main/app/src/main/jni/src/dictionary/structure/backward/v402/ver4_patricia_trie_policy.cpp:25:
build	Build DaddyBoard (HeliBoard fork)	2026-09-30T15:55:40.8394233Z C/C++: In file included from /home/runner/work/daddyboard/daddyboard/daddyboard-main/app/src/main/jni/src/dictionary/structure/backward/v402/ver4_patricia_trie_policy.h:32:
build	Build DaddyBoard (HeliBoard fork)	2026-09-30T15:55:40.8396606Z C/C++: In file included from /home/runner/work/daddyboard/daddyboard/daddyboard-main/app/src/main/jni/src/dictionary/interface/dictionary_structure_with_buffer_policy.h:25:
build	Build DaddyBoard (HeliBoard fork)	2026-09-30T15:55:40.8398391Z C/C++: In file included from /home/runner/work/daddyboard/daddyboard/daddyboard-main/app/src/main/jni/src/dictionary/property/word_property.h:23:
build	Build DaddyBoard (HeliBoard fork)	2026-09-30T15:55:40.8400848Z C/C++: /home/runner/work/daddyboard/daddyboard/daddyboard-main/app/src/main/jni/src/dictionary/property/ngram_property.h:54:5: warning: definition of implicit copy constructor for 'NgramProperty' is deprecated because it has a user-declared copy assignment operator [-Wdeprecated-copy]
build	Build DaddyBoard (HeliBoard fork)	2026-09-30T15:55:40.8402978Z C/C++:    54 |     DISALLOW_ASSIGNMENT_OPERATOR(NgramProperty);
build	Build DaddyBoard (HeliBoard fork)	2026-09-30T15:55:40.8403482Z C/C++:       |     ^
build	Build DaddyBoard (HeliBoard fork)	2026-09-30T15:55:40.8404424Z C/C++: /home/runner/work/daddyboard/daddyboard/daddyboard-main/app/src/main/jni/src/defines.h:289:8: note: expanded from macro 'DISALLOW_ASSIGNMENT_OPERATOR'
build	Build DaddyBoard (HeliBoard fork)	2026-09-30T15:55:40.8405544Z C/C++:   289 |   void operator=(const TypeName&) = delete
build	Build DaddyBoard (HeliBoard fork)	2026-09-30T15:55:40.8406030Z C/C++:       |        ^
build	Build DaddyBoard (HeliBoard fork)	2026-09-30T15:55:40.8407370Z C/C++: /usr/local/lib/android/sdk/ndk/28.0.13004108/toolchains/llvm/prebuilt/linux-x86_64/sysroot/usr/include/c++/v1/__memory/allocator.h:173:24: note: in implicit copy constructor for 'latinime::NgramProperty' first required here
build	Build DaddyBoard (HeliBoard fork)	2026-09-30T15:55:40.8408856Z C/C++:   173 |     ::new ((void*)__p) _Up(std::forward<_Args>(__args)...);
build	Build DaddyBoard (HeliBoard fork)	2026-09-30T15:55:40.8409363Z C/C++:       |                        ^
build	Build DaddyBoard (HeliBoard fork)	2026-09-30T15:55:40.8411670Z C/C++: /usr/local/lib/android/sdk/ndk/28.0.13004108/toolchains/llvm/prebuilt/linux-x86_64/sysroot/usr/include/c++/v1/__memory/allocator_traits.h:320:9: note: in instantiation of function template specialization 'std::allocator<latinime::NgramProperty>::construct<latinime::NgramProperty, latinime::NgramProperty &>' requested here
build	Build DaddyBoard (HeliBoard fork)	2026-09-30T15:55:40.8414086Z C/C++:   320 |     __a.construct(__p, std::forward<_Args>(__args)...);
build	Build DaddyBoard (HeliBoard fork)	2026-09-30T15:55:40.8414638Z C/C++:       |         ^
build	Build DaddyBoard (HeliBoard fork)	2026-09-30T15:55:40.8416854Z C/C++: /usr/local/lib/android/sdk/ndk/28.0.13004108/toolchains/llvm/prebuilt/linux-x86_64/sysroot/usr/include/c++/v1/__memory/uninitialized_algorithms.h:551:31: note: in instantiation of function template specialization 'std::allocator_traits<std::allocator<latinime::NgramProperty>>::construct<latinime::NgramProperty, latinime::NgramProperty &, 0>' requested here
build	Build DaddyBoard (HeliBoard fork)	2026-09-30T15:55:40.8443676Z C/C++:   551 |     allocator_traits<_Alloc>::construct(__alloc, std::__to_address(__first2), *__first1);
build	Build DaddyBoard (HeliBoard fork)	2026-09-30T15:55:40.8503370Z C/C++:       |                               ^
build	Build DaddyBoard (HeliBoard fork)	2026-09-30T15:55:40.8535297Z C/C++: /usr/local/lib/android/sdk/ndk/28.0.13004108/toolchains/llvm/prebuilt/linux-x86_64/sysroot/usr/include/c++/v1/__memory/uninitialized_algorithms.h:594:33: note: in instantiation of function template specialization 'std::__uninitialized_allocator_copy_impl<std::allocator<latinime::NgramProperty>, latinime::NgramProperty *, latinime::NgramProperty *, latinime::NgramProperty *>' requested here
build	Build DaddyBoard (HeliBoard fork)	2026-09-30T15:55:40.8553595Z C/C++:   594 |   auto __result          = std::__uninitialized_allocator_copy_impl(
build	Build DaddyBoard (HeliBoard fork)	2026-09-30T15:55:40.8574271Z C/C++:       |                                 ^
build	Build DaddyBoard (HeliBoard fork)	2026-09-30T15:55:40.8595299Z C/C++: /usr/local/lib/android/sdk/ndk/28.0.13004108/toolchains/llvm/prebuilt/linux-x86_64/sysroot/usr/include/c++/v1/vector:1100:22: note: in instantiation of function template specialization 'std::__uninitialized_allocator_copy<std::allocator<latinime::NgramProperty>, latinime::NgramProperty *, latinime::NgramProperty *, latinime::NgramProperty *>' requested here
build	Build DaddyBoard (HeliBoard fork)	2026-09-30T15:55:40.8613720Z C/C++:  1100 |   __tx.__pos_ = std::__uninitialized_allocator_copy(__alloc(), __first, __last, __tx.__pos_);
build	Build DaddyBoard (HeliBoard fork)	2026-09-30T15:55:40.8643529Z C/C++:       |                      ^
build	Build DaddyBoard (HeliBoard fork)	2026-09-30T15:55:40.8674838Z C/C++: /usr/local/lib/android/sdk/ndk/28.0.13004108/toolchains/llvm/prebuilt/linux-x86_64/sysroot/usr/include/c++/v1/vector:761:7: note: in instantiation of function template specialization 'std::vector<latinime::NgramProperty>::__construct_at_end<latinime::NgramProperty *, latinime::NgramProperty *>' requested here
build	Build DaddyBoard (HeliBoard fork)	2026-09-30T15:55:40.8676870Z C/C++:   761 |       __construct_at_end(__first, __last, __n);
build	Build DaddyBoard (HeliBoard fork)	2026-09-30T15:55:40.8698546Z C/C++:       |       ^
build	Build DaddyBoard (HeliBoard fork)	2026-09-30T15:55:40.8725076Z C/C++: /usr/local/lib/android/sdk/ndk/28.0.13004108/toolchains/llvm/prebuilt/linux-x86_64/sysroot/usr/include/c++/v1/vector:1213:3: note: in instantiation of function template specialization 'std::vector<latinime::NgramProperty>::__init_with_size<latinime::NgramProperty *, latinime::NgramProperty *>' requested here
build	Build DaddyBoard (HeliBoard fork)	2026-09-30T15:55:40.8753522Z C/C++:  1213 |   __init_with_size(__x.__begin_, __x.__end_, __x.size());
build	Build DaddyBoard (HeliBoard fork)	2026-09-30T15:55:40.8783362Z C/C++:       |   ^
build	Build DaddyBoard (HeliBoard fork)	2026-09-30T15:55:40.8794209Z C/C++: /home/runner/work/daddyboard/daddyboard/daddyboard-main/app/src/main/jni/src/dictionary/property/word_property.h:39:15: note: in instantiation of member function 'std::vector<latinime::NgramProperty>::vector' requested here
build	Build DaddyBoard (HeliBoard fork)	2026-09-30T15:55:40.8813466Z C/C++:    39 |               mNgrams(ngrams) {}
build	Build DaddyBoard (HeliBoard fork)	2026-09-30T15:55:40.8843476Z C/C++:       |               ^
build	Build DaddyBoard (HeliBoard fork)	2026-09-30T15:55:41.4424039Z C/C++: 7 warnings generated.
build	Build DaddyBoard (HeliBoard fork)	2026-09-30T15:55:42.2364758Z C/C++: In file included from /home/runner/work/daddyboard/daddyboard/daddyboard-main/app/src/main/jni/src/dictionary/structure/backward/v402/ver4_patricia_trie_writing_helper.cpp:24:
build	Build DaddyBoard (HeliBoard fork)	2026-09-30T15:55:42.2394478Z C/C++: In file included from /home/runner/work/daddyboard/daddyboard/daddyboard-main/app/src/main/jni/src/dictionary/structure/backward/v402/ver4_patricia_trie_writing_helper.h:30:
build	Build DaddyBoard (HeliBoard fork)	2026-09-30T15:55:42.2424618Z C/C++: /home/runner/work/daddyboard/daddyboard/daddyboard-main/app/src/main/jni/src/dictionary/utils/entry_counters.h:44:5: warning: definition of implicit copy constructor for 'EntryCounts' is deprecated because it has a user-declared copy assignment operator [-Wdeprecated-copy]
build	Build DaddyBoard (HeliBoard fork)	2026-09-30T15:55:42.2453615Z C/C++:    44 |     DISALLOW_ASSIGNMENT_OPERATOR(EntryCounts);
build	Build DaddyBoard (HeliBoard fork)	2026-09-30T15:55:42.2454362Z C/C++:       |     ^
build	Build DaddyBoard (HeliBoard fork)	2026-09-30T15:55:42.2484111Z C/C++: /home/runner/work/daddyboard/daddyboard/daddyboard-main/app/src/main/jni/src/defines.h:289:8: note: expanded from macro 'DISALLOW_ASSIGNMENT_OPERATOR'
build	Build DaddyBoard (HeliBoard fork)	2026-09-30T15:55:42.2513532Z C/C++:   289 |   void operator=(const TypeName&) = delete
build	Build DaddyBoard (HeliBoard fork)	2026-09-30T15:55:42.2543403Z C/C++:       |        ^
build	Build DaddyBoard (HeliBoard fork)	2026-09-30T15:55:42.2545032Z C/C++: /home/runner/work/daddyboard/daddyboard/daddyboard-main/app/src/main/jni/src/dictionary/header/header_policy.h:92:15: note: in implicit copy constructor for 'latinime::EntryCounts' first required here
build	Build DaddyBoard (HeliBoard fork)	2026-09-30T15:55:42.2573552Z C/C++:    92 |               mNgramCounts(headerPolicy->mNgramCounts),
build	Build DaddyBoard (HeliBoard fork)	2026-09-30T15:55:42.2583568Z C/C++:       |               ^
build	Build DaddyBoard (HeliBoard fork)	2026-09-30T15:55:42.2614443Z C/C++: In file included from /home/runner/work/daddyboard/daddyboard/daddyboard-main/app/src/main/jni/src/dictionary/structure/backward/v402/ver4_patricia_trie_writing_helper.cpp:30:
build	Build DaddyBoard (HeliBoard fork)	2026-09-30T15:55:42.2616899Z C/C++: In file included from /home/runner/work/daddyboard/daddyboard/daddyboard-main/app/src/main/jni/src/dictionary/structure/backward/v402/bigram/ver4_bigram_list_policy.h:30:
build	Build DaddyBoard (HeliBoard fork)	2026-09-30T15:55:42.2644106Z C/C++: In file included from /home/runner/work/daddyboard/daddyboard/daddyboard-main/app/src/main/jni/src/dictionary/structure/backward/v402/content/bigram_entry.h:28:
build	Build DaddyBoard (HeliBoard fork)	2026-09-30T15:55:42.2661301Z C/C++: /home/runner/work/daddyboard/daddyboard/daddyboard-main/app/src/main/jni/src/dictionary/property/historical_info.h:52:5: warning: definition of implicit copy constructor for 'HistoricalInfo' is deprecated because it has a user-declared copy assignment operator [-Wdeprecated-copy]
build	Build DaddyBoard (HeliBoard fork)	2026-09-30T15:55:42.2693579Z C/C++:    52 |     DISALLOW_ASSIGNMENT_OPERATOR(HistoricalInfo);
build	Build DaddyBoard (HeliBoard fork)	2026-09-30T15:55:42.2719507Z C/C++:       |     ^
build	Build DaddyBoard (HeliBoard fork)	2026-09-30T15:55:42.2720965Z C/C++: /home/runner/work/daddyboard/daddyboard/daddyboard-main/app/src/main/jni/src/defines.h:289:8: note: expanded from macro 'DISALLOW_ASSIGNMENT_OPERATOR'
build	Build DaddyBoard (HeliBoard fork)	2026-09-30T15:55:42.2753538Z C/C++:   289 |   void operator=(const TypeName&) = delete
build	Build DaddyBoard (HeliBoard fork)	2026-09-30T15:55:42.2779200Z C/C++:       |        ^
build	Build DaddyBoard (HeliBoard fork)	2026-09-30T15:55:42.2781055Z C/C++: /home/runner/work/daddyboard/daddyboard/daddyboard-main/app/src/main/jni/src/dictionary/structure/backward/v402/content/bigram_entry.h:49:61: note: in implicit copy constructor for 'latinime::HistoricalInfo' first required here
build	Build DaddyBoard (HeliBoard fork)	2026-09-30T15:55:42.2783548Z C/C++:    49 |             : mHasNext(hasNext), mProbability(probability), mHistoricalInfo(*historicalInfo),
build	Build DaddyBoard (HeliBoard fork)	2026-09-30T15:55:42.2784672Z C/C++:       |                                                             ^
build	Build DaddyBoard (HeliBoard fork)	2026-09-30T15:55:42.2786256Z C/C++: In file included from /home/runner/work/daddyboard/daddyboard/daddyboard-main/app/src/main/jni/src/dictionary/structure/backward/v402/ver4_patricia_trie_writing_helper.cpp:24:
build	Build DaddyBoard (HeliBoard fork)	2026-09-30T15:55:42.2788601Z C/C++: In file included from /home/runner/work/daddyboard/daddyboard/daddyboard-main/app/src/main/jni/src/dictionary/structure/backward/v402/ver4_patricia_trie_writing_helper.h:28:
build	Build DaddyBoard (HeliBoard fork)	2026-09-30T15:55:42.2804559Z C/C++: In file included from /home/runner/work/daddyboard/daddyboard/daddyboard-main/app/src/main/jni/src/dictionary/structure/pt_common/dynamic_pt_gc_event_listeners.h:25:
build	Build DaddyBoard (HeliBoard fork)	2026-09-30T15:55:42.2808728Z C/C++: In file included from /home/runner/work/daddyboard/daddyboard/daddyboard-main/app/src/main/jni/src/dictionary/utils/buffer_with_extendable_buffer.h:26:
build	Build DaddyBoard (HeliBoard fork)	2026-09-30T15:55:42.2816231Z C/C++: /home/runner/work/daddyboard/daddyboard/daddyboard-main/app/src/main/jni/src/utils/byte_array_view.h:53:5: warning: definition of implicit copy constructor for 'ReadOnlyByteArrayView' is deprecated because it has a user-declared copy assignment operator [-Wdeprecated-copy]
build	Build DaddyBoard (HeliBoard fork)	2026-09-30T15:55:42.2843886Z C/C++:    53 |     DISALLOW_ASSIGNMENT_OPERATOR(ReadOnlyByteArrayView);
build	Build DaddyBoard (HeliBoard fork)	2026-09-30T15:55:42.2873491Z C/C++:       |     ^
build	Build DaddyBoard (HeliBoard fork)	2026-09-30T15:55:42.2904136Z C/C++: /home/runner/work/daddyboard/daddyboard/daddyboard-main/app/src/main/jni/src/defines.h:289:8: note: expanded from macro 'DISALLOW_ASSIGNMENT_OPERATOR'
build	Build DaddyBoard (HeliBoard fork)	2026-09-30T15:55:42.2933617Z C/C++:   289 |   void operator=(const TypeName&) = delete
build	Build DaddyBoard (HeliBoard fork)	2026-09-30T15:55:42.2934209Z C/C++:       |        ^
build	Build DaddyBoard (HeliBoard fork)	2026-09-30T15:55:42.2984675Z C/C++: /home/runner/work/daddyboard/daddyboard/daddyboard-main/app/src/main/jni/src/dictionary/structure/pt_common/shortcut/shortcut_list_reading_utils.h:52:75: note: in implicit copy constructor for 'latinime::ReadOnlyByteArrayView' first required here
build	Build DaddyBoard (HeliBoard fork)	2026-09-30T15:55:42.2993978Z C/C++:    52 |         const int shortcutListSize = getShortcutListSizeAndForwardPointer(buffer, pos);
build	Build DaddyBoard (HeliBoard fork)	2026-09-30T15:55:42.2998231Z C/C++:       |                                                                           ^
build	Build DaddyBoard (HeliBoard fork)	2026-09-30T15:55:42.4364291Z C/C++: In file included from /home/runner/work/daddyboard/daddyboard/daddyboard-main/app/src/main/jni/src/dictionary/structure/backward/v402/ver4_patricia_trie_writing_helper.cpp:24:
build	Build DaddyBoard (HeliBoard fork)	2026-09-30T15:55:42.4391159Z C/C++: In file included from /home/runner/work/daddyboard/daddyboard/daddyboard-main/app/src/main/jni/src/dictionary/structure/backward/v402/ver4_patricia_trie_writing_helper.h:28:
build	Build DaddyBoard (HeliBoard fork)	2026-09-30T15:55:42.4431329Z C/C++: In file included from /home/runner/work/daddyboard/daddyboard/daddyboard-main/app/src/main/jni/src/dictionary/structure/pt_common/dynamic_pt_gc_event_listeners.h:23:
build	Build DaddyBoard (HeliBoard fork)	2026-09-30T15:55:42.4464119Z C/C++: In file included from /home/runner/work/daddyboard/daddyboard/daddyboard-main/app/src/main/jni/src/dictionary/structure/pt_common/dynamic_pt_reading_helper.h:24:
build	Build DaddyBoard (HeliBoard fork)	2026-09-30T15:55:42.4506564Z C/C++: In file included from /home/runner/work/daddyboard/daddyboard/daddyboard-main/app/src/main/jni/src/dictionary/structure/pt_common/pt_node_params.h:27:
build	Build DaddyBoard (HeliBoard fork)	2026-09-30T15:55:42.4528138Z C/C++: /home/runner/work/daddyboard/daddyboard/daddyboard-main/app/src/main/jni/src/utils/int_array_view.h:160:5: warning: definition of implicit copy constructor for 'IntArrayView' is deprecated because it has a user-declared copy assignment operator [-Wdeprecated-copy]
build	Build DaddyBoard (HeliBoard fork)	2026-09-30T15:55:42.4531492Z C/C++:   160 |     DISALLOW_ASSIGNMENT_OPERATOR(IntArrayView);
build	Build DaddyBoard (HeliBoard fork)	2026-09-30T15:55:42.4532210Z C/C++:       |     ^
build	Build DaddyBoard (HeliBoard fork)	2026-09-30T15:55:42.4533600Z C/C++: /home/runner/work/daddyboard/daddyboard/daddyboard-main/app/src/main/jni/src/defines.h:289:8: note: expanded from macro 'DISALLOW_ASSIGNMENT_OPERATOR'
build	Build DaddyBoard (HeliBoard fork)	2026-09-30T15:55:42.4534943Z C/C++:   289 |   void operator=(const TypeName&) = delete
build	Build DaddyBoard (HeliBoard fork)	2026-09-30T15:55:42.4535568Z C/C++:       |        ^
build	Build DaddyBoard (HeliBoard fork)	2026-09-30T15:55:42.4537102Z C/C++: /usr/local/lib/android/sdk/ndk/28.0.13004108/toolchains/llvm/prebuilt/linux-x86_64/sysroot/usr/include/c++/v1/__memory/allocator.h:173:24: note: in implicit copy constructor for 'latinime::IntArrayView' first required here
build	Build DaddyBoard (HeliBoard fork)	2026-09-30T15:55:42.4538857Z C/C++:   173 |     ::new ((void*)__p) _Up(std::forward<_Args>(__args)...);
build	Build DaddyBoard (HeliBoard fork)	2026-09-30T15:55:42.4539503Z C/C++:       |                        ^
build	Build DaddyBoard (HeliBoard fork)	2026-09-30T15:55:42.4541659Z C/C++: /usr/local/lib/android/sdk/ndk/28.0.13004108/toolchains/llvm/prebuilt/linux-x86_64/sysroot/usr/include/c++/v1/__memory/allocator_traits.h:320:9: note: in instantiation of function template specialization 'std::allocator<latinime::IntArrayView>::construct<latinime::IntArrayView, latinime::IntArrayView>' requested here
build	Build DaddyBoard (HeliBoard fork)	2026-09-30T15:55:42.4544075Z C/C++:   320 |     __a.construct(__p, std::forward<_Args>(__args)...);
build	Build DaddyBoard (HeliBoard fork)	2026-09-30T15:55:42.4544750Z C/C++:       |         ^
build	Build DaddyBoard (HeliBoard fork)	2026-09-30T15:55:42.4547014Z C/C++: /usr/local/lib/android/sdk/ndk/28.0.13004108/toolchains/llvm/prebuilt/linux-x86_64/sysroot/usr/include/c++/v1/__memory/uninitialized_algorithms.h:639:33: note: in instantiation of function template specialization 'std::allocator_traits<std::allocator<latinime::IntArrayView>>::construct<latinime::IntArrayView, latinime::IntArrayView, 0>' requested here
build	Build DaddyBoard (HeliBoard fork)	2026-09-30T15:55:42.4549900Z C/C++:   639 |       allocator_traits<_Alloc>::construct(__alloc, __result, std::move(*__iter));
build	Build DaddyBoard (HeliBoard fork)	2026-09-30T15:55:42.4550693Z C/C++:       |                                 ^
build	Build DaddyBoard (HeliBoard fork)	2026-09-30T15:55:42.4552400Z C/C++: /usr/local/lib/android/sdk/ndk/28.0.13004108/toolchains/llvm/prebuilt/linux-x86_64/sysroot/usr/include/c++/v1/vector:1511:3: note: in instantiation of member function 'std::vector<latinime::IntArrayView>::__swap_out_circular_buffer' requested here
build	Build DaddyBoard (HeliBoard fork)	2026-09-30T15:55:42.4554360Z C/C++:  1511 |   __swap_out_circular_buffer(__v);
build	Build DaddyBoard (HeliBoard fork)	2026-09-30T15:55:42.4554891Z C/C++:       |   ^
build	Build DaddyBoard (HeliBoard fork)	2026-09-30T15:55:42.4584079Z C/C++: /usr/local/lib/android/sdk/ndk/28.0.13004108/toolchains/llvm/prebuilt/linux-x86_64/sysroot/usr/include/c++/v1/vector:1529:13: note: in instantiation of function template specialization 'std::vector<latinime::IntArrayView>::__emplace_back_slow_path<const int *const &, const unsigned long &>' requested here
build	Build DaddyBoard (HeliBoard fork)	2026-09-30T15:55:42.4586267Z C/C++:  1529 |     __end = __emplace_back_slow_path(std::forward<_Args>(__args)...);
build	Build DaddyBoard (HeliBoard fork)	2026-09-30T15:55:42.4586889Z C/C++:       |             ^
build	Build DaddyBoard (HeliBoard fork)	2026-09-30T15:55:42.4588582Z C/C++: /home/runner/work/daddyboard/daddyboard/daddyboard-main/app/src/main/jni/src/utils/int_array_view.h:142:20: note: in instantiation of function template specialization 'std::vector<latinime::IntArrayView>::emplace_back<const int *const &, const unsigned long &>' requested here
build	Build DaddyBoard (HeliBoard fork)	2026-09-30T15:55:42.4590374Z C/C++:   142 |             result.emplace_back(mPtr, mSize);
build	Build DaddyBoard (HeliBoard fork)	2026-09-30T15:55:42.4591206Z C/C++:       |                    ^
build	Build DaddyBoard (HeliBoard fork)	2026-09-30T15:55:42.5354971Z C/C++: In file included from /home/runner/work/daddyboard/daddyboard/daddyboard-main/app/src/main/jni/src/dictionary/structure/backward/v402/ver4_patricia_trie_writing_helper.cpp:24:
build	Build DaddyBoard (HeliBoard fork)	2026-09-30T15:55:42.5390084Z C/C++: /home/runner/work/daddyboard/daddyboard/daddyboard-main/app/src/main/jni/src/dictionary/structure/backward/v402/ver4_patricia_trie_writing_helper.h:122:9: warning: definition of implicit copy constructor for 'DictProbabilityComparator' is deprecated because it has a user-declared copy assignment operator [-Wdeprecated-copy]
build	Build DaddyBoard (HeliBoard fork)	2026-09-30T15:55:42.5406494Z C/C++:   122 |         DISALLOW_ASSIGNMENT_OPERATOR(DictProbabilityComparator);
build	Build DaddyBoard (HeliBoard fork)	2026-09-30T15:55:42.5426073Z C/C++:       |         ^
build	Build DaddyBoard (HeliBoard fork)	2026-09-30T15:55:42.5434252Z C/C++: /home/runner/work/daddyboard/daddyboard/daddyboard-main/app/src/main/jni/src/defines.h:289:8: note: expanded from macro 'DISALLOW_ASSIGNMENT_OPERATOR'
build	Build DaddyBoard (HeliBoard fork)	2026-09-30T15:55:42.5477443Z C/C++:   289 |   void operator=(const TypeName&) = delete
build	Build DaddyBoard (HeliBoard fork)	2026-09-30T15:55:42.5503518Z C/C++:       |        ^
build	Build DaddyBoard (HeliBoard fork)	2026-09-30T15:55:42.5505740Z C/C++: /usr/local/lib/android/sdk/ndk/28.0.13004108/toolchains/llvm/prebuilt/linux-x86_64/sysroot/usr/include/c++/v1/queue:906:38: note: in implicit copy constructor for 'latinime::backward::v402::Ver4PatriciaTrieWritingHelper::DictProbabilityComparator' first required here
build	Build DaddyBoard (HeliBoard fork)	2026-09-30T15:55:42.5507810Z C/C++:   906 |   std::push_heap(c.begin(), c.end(), comp);
build	Build DaddyBoard (HeliBoard fork)	2026-09-30T15:55:42.5508385Z C/C++:       |                                      ^
build	Build DaddyBoard (HeliBoard fork)	2026-09-30T15:55:42.5511744Z C/C++: /home/runner/work/daddyboard/daddyboard/daddyboard-main/app/src/main/jni/src/dictionary/structure/backward/v402/ver4_patricia_trie_writing_helper.cpp:221:23: note: in instantiation of member function 'std::priority_queue<latinime::backward::v402::Ver4PatriciaTrieWritingHelper::DictProbability, std::vector<latinime::backward::v402::Ver4PatriciaTrieWritingHelper::DictProbability>, latinime::backward::v402::Ver4PatriciaTrieWritingHelper::DictProbabilityComparator>::push' requested here
build	Build DaddyBoard (HeliBoard fork)	2026-09-30T15:55:42.5515436Z C/C++:   221 |         priorityQueue.push(DictProbability(terminalPos, probability,
build	Build DaddyBoard (HeliBoard fork)	2026-09-30T15:55:42.5516125Z C/C++:       |                       ^
build	Build DaddyBoard (HeliBoard fork)	2026-09-30T15:55:42.7358019Z C/C++: 5 warnings generated.
build	Build DaddyBoard (HeliBoard fork)	2026-09-30T15:55:43.4394717Z C/C++: In file included from /home/runner/work/daddyboard/daddyboard/daddyboard-main/app/src/main/jni/src/dictionary/structure/backward/v402/content/bigram_dict_content.cpp:24:
build	Build DaddyBoard (HeliBoard fork)	2026-09-30T15:55:43.4424196Z C/C++: In file included from /home/runner/work/daddyboard/daddyboard/daddyboard-main/app/src/main/jni/src/dictionary/structure/backward/v402/content/bigram_dict_content.h:28:
build	Build DaddyBoard (HeliBoard fork)	2026-09-30T15:55:43.4454182Z C/C++: In file included from /home/runner/work/daddyboard/daddyboard/daddyboard-main/app/src/main/jni/src/dictionary/structure/backward/v402/content/bigram_entry.h:28:
build	Build DaddyBoard (HeliBoard fork)	2026-09-30T15:55:43.4475014Z C/C++: /home/runner/work/daddyboard/daddyboard/daddyboard-main/app/src/main/jni/src/dictionary/property/historical_info.h:52:5: warning: definition of implicit copy constructor for 'HistoricalInfo' is deprecated because it has a user-declared copy assignment operator [-Wdeprecated-copy]
build	Build DaddyBoard (HeliBoard fork)	2026-09-30T15:55:43.4477237Z C/C++:    52 |     DISALLOW_ASSIGNMENT_OPERATOR(HistoricalInfo);
build	Build DaddyBoard (HeliBoard fork)	2026-09-30T15:55:43.4477880Z C/C++:       |     ^
build	Build DaddyBoard (HeliBoard fork)	2026-09-30T15:55:43.4483927Z C/C++: /home/runner/work/daddyboard/daddyboard/daddyboard-main/app/src/main/jni/src/defines.h:289:8: note: expanded from macro 'DISALLOW_ASSIGNMENT_OPERATOR'
build	Build DaddyBoard (HeliBoard fork)	2026-09-30T15:55:43.4513496Z C/C++:   289 |   void operator=(const TypeName&) = delete
build	Build DaddyBoard (HeliBoard fork)	2026-09-30T15:55:43.4543484Z C/C++:       |        ^
build	Build DaddyBoard (HeliBoard fork)	2026-09-30T15:55:43.4554586Z C/C++: /home/runner/work/daddyboard/daddyboard/daddyboard-main/app/src/main/jni/src/dictionary/structure/backward/v402/content/bigram_entry.h:49:61: note: in implicit copy constructor for 'latinime::HistoricalInfo' first required here
build	Build DaddyBoard (HeliBoard fork)	2026-09-30T15:55:43.4573674Z C/C++:    49 |             : mHasNext(hasNext), mProbability(probability), mHistoricalInfo(*historicalInfo),
build	Build DaddyBoard (HeliBoard fork)	2026-09-30T15:55:43.4603364Z C/C++:       |                                                             ^
build	Build DaddyBoard (HeliBoard fork)	2026-09-30T15:55:44.3374091Z C/C++: 1 warning generated.
build	Build DaddyBoard (HeliBoard fork)	2026-09-30T15:55:45.0366452Z C/C++: In file included from /home/runner/work/daddyboard/daddyboard/daddyboard-main/app/src/main/jni/src/dictionary/structure/backward/v402/content/probability_dict_content.cpp:26:
build	Build DaddyBoard (HeliBoard fork)	2026-09-30T15:55:45.0394236Z C/C++: In file included from /home/runner/work/daddyboard/daddyboard/daddyboard-main/app/src/main/jni/src/dictionary/structure/backward/v402/content/probability_entry.h:28:
build	Build DaddyBoard (HeliBoard fork)	2026-09-30T15:55:45.0413116Z C/C++: /home/runner/work/daddyboard/daddyboard/daddyboard-main/app/src/main/jni/src/dictionary/property/historical_info.h:52:5: warning: definition of implicit copy constructor for 'HistoricalInfo' is deprecated because it has a user-declared copy assignment operator [-Wdeprecated-copy]
build	Build DaddyBoard (HeliBoard fork)	2026-09-30T15:55:45.0453414Z C/C++:    52 |     DISALLOW_ASSIGNMENT_OPERATOR(HistoricalInfo);
build	Build DaddyBoard (HeliBoard fork)	2026-09-30T15:55:45.0473464Z C/C++:       |     ^
build	Build DaddyBoard (HeliBoard fork)	2026-09-30T15:55:45.0513876Z C/C++: /home/runner/work/daddyboard/daddyboard/daddyboard-main/app/src/main/jni/src/defines.h:289:8: note: expanded from macro 'DISALLOW_ASSIGNMENT_OPERATOR'
build	Build DaddyBoard (HeliBoard fork)	2026-09-30T15:55:45.0565659Z C/C++:   289 |   void operator=(const TypeName&) = delete
build	Build DaddyBoard (HeliBoard fork)	2026-09-30T15:55:45.0605914Z C/C++:       |        ^
build	Build DaddyBoard (HeliBoard fork)	2026-09-30T15:55:45.0654546Z C/C++: /home/runner/work/daddyboard/daddyboard/daddyboard-main/app/src/main/jni/src/dictionary/structure/backward/v402/content/probability_entry.h:39:15: note: in implicit copy constructor for 'latinime::HistoricalInfo' first required here
build	Build DaddyBoard (HeliBoard fork)	2026-09-30T15:55:45.0683515Z C/C++:    39 |               mHistoricalInfo(probabilityEntry.mHistoricalInfo) {}
build	Build DaddyBoard (HeliBoard fork)	2026-09-30T15:55:45.0725703Z C/C++:       |               ^
build	Build DaddyBoard (HeliBoard fork)	2026-09-30T15:55:45.2374406Z C/C++: 1 warning generated.
build	Build DaddyBoard (HeliBoard fork)	2026-09-30T15:55:47.8351327Z C/C++: /home/runner/work/daddyboard/daddyboard/daddyboard-main/app/src/main/jni/src/dictionary/structure/backward/v402/content/terminal_position_lookup_table.cpp:85:9: warning: variable 'removedEntryCount' set but not used [-Wunused-but-set-variable]
build	Build DaddyBoard (HeliBoard fork)	2026-09-30T15:55:47.8373347Z C/C++:    85 |     int removedEntryCount = 0;
build	Build DaddyBoard (HeliBoard fork)	2026-09-30T15:55:47.8373883Z C/C++:       |         ^
build	Build DaddyBoard (HeliBoard fork)	2026-09-30T15:55:48.0384313Z C/C++: 1 warning generated.
build	Build DaddyBoard (HeliBoard fork)	2026-09-30T15:55:48.0414160Z C/C++: In file included from /home/runner/work/daddyboard/daddyboard/daddyboard-main/app/src/main/jni/src/dictionary/structure/backward/v402/bigram/ver4_bigram_list_policy.cpp:25:
build	Build DaddyBoard (HeliBoard fork)	2026-09-30T15:55:48.0474103Z C/C++: In file included from /home/runner/work/daddyboard/daddyboard/daddyboard-main/app/src/main/jni/src/dictionary/structure/backward/v402/bigram/ver4_bigram_list_policy.h:30:
build	Build DaddyBoard (HeliBoard fork)	2026-09-30T15:55:48.0504106Z C/C++: In file included from /home/runner/work/daddyboard/daddyboard/daddyboard-main/app/src/main/jni/src/dictionary/structure/backward/v402/content/bigram_entry.h:28:
build	Build DaddyBoard (HeliBoard fork)	2026-09-30T15:55:48.0534764Z C/C++: /home/runner/work/daddyboard/daddyboard/daddyboard-main/app/src/main/jni/src/dictionary/property/historical_info.h:52:5: warning: definition of implicit copy constructor for 'HistoricalInfo' is deprecated because it has a user-declared copy assignment operator [-Wdeprecated-copy]
build	Build DaddyBoard (HeliBoard fork)	2026-09-30T15:55:48.0536869Z C/C++:    52 |     DISALLOW_ASSIGNMENT_OPERATOR(HistoricalInfo);
build	Build DaddyBoard (HeliBoard fork)	2026-09-30T15:55:48.0563328Z C/C++:       |     ^
build	Build DaddyBoard (HeliBoard fork)	2026-09-30T15:55:48.0564430Z C/C++: /home/runner/work/daddyboard/daddyboard/daddyboard-main/app/src/main/jni/src/defines.h:289:8: note: expanded from macro 'DISALLOW_ASSIGNMENT_OPERATOR'
build	Build DaddyBoard (HeliBoard fork)	2026-09-30T15:55:48.0565636Z C/C++:   289 |   void operator=(const TypeName&) = delete
build	Build DaddyBoard (HeliBoard fork)	2026-09-30T15:55:48.0566124Z C/C++:       |        ^
build	Build DaddyBoard (HeliBoard fork)	2026-09-30T15:55:48.0567580Z C/C++: /home/runner/work/daddyboard/daddyboard/daddyboard-main/app/src/main/jni/src/dictionary/structure/backward/v402/content/bigram_entry.h:49:61: note: in implicit copy constructor for 'latinime::HistoricalInfo' first required here
build	Build DaddyBoard (HeliBoard fork)	2026-09-30T15:55:48.0570056Z C/C++:    49 |             : mHasNext(hasNext), mProbability(probability), mHistoricalInfo(*historicalInfo),
build	Build DaddyBoard (HeliBoard fork)	2026-09-30T15:55:48.0570846Z C/C++:       |                                                             ^
build	Build DaddyBoard (HeliBoard fork)	2026-09-30T15:55:48.8374817Z C/C++: In file included from /home/runner/work/daddyboard/daddyboard/daddyboard-main/app/src/main/jni/src/dictionary/structure/backward/v402/bigram/ver4_bigram_list_policy.cpp:27:
build	Build DaddyBoard (HeliBoard fork)	2026-09-30T15:55:48.8413882Z C/C++: In file included from /home/runner/work/daddyboard/daddyboard/daddyboard-main/app/src/main/jni/src/dictionary/header/header_policy.h:25:
build	Build DaddyBoard (HeliBoard fork)	2026-09-30T15:55:48.8454588Z C/C++: /home/runner/work/daddyboard/daddyboard/daddyboard-main/app/src/main/jni/src/dictionary/utils/entry_counters.h:44:5: warning: definition of implicit copy constructor for 'EntryCounts' is deprecated because it has a user-declared copy assignment operator [-Wdeprecated-copy]
build	Build DaddyBoard (HeliBoard fork)	2026-09-30T15:55:48.8473367Z C/C++:    44 |     DISALLOW_ASSIGNMENT_OPERATOR(EntryCounts);
build	Build DaddyBoard (HeliBoard fork)	2026-09-30T15:55:48.8503478Z C/C++:       |     ^
build	Build DaddyBoard (HeliBoard fork)	2026-09-30T15:55:48.8524197Z C/C++: /home/runner/work/daddyboard/daddyboard/daddyboard-main/app/src/main/jni/src/defines.h:289:8: note: expanded from macro 'DISALLOW_ASSIGNMENT_OPERATOR'
build	Build DaddyBoard (HeliBoard fork)	2026-09-30T15:55:48.8553528Z C/C++:   289 |   void operator=(const TypeName&) = delete
build	Build DaddyBoard (HeliBoard fork)	2026-09-30T15:55:48.8554438Z C/C++:       |        ^
build	Build DaddyBoard (HeliBoard fork)	2026-09-30T15:55:48.8584418Z C/C++: /home/runner/work/daddyboard/daddyboard/daddyboard-main/app/src/main/jni/src/dictionary/header/header_policy.h:92:15: note: in implicit copy constructor for 'latinime::EntryCounts' first required here
build	Build DaddyBoard (HeliBoard fork)	2026-09-30T15:55:48.8613499Z C/C++:    92 |               mNgramCounts(headerPolicy->mNgramCounts),
build	Build DaddyBoard (HeliBoard fork)	2026-09-30T15:55:48.8643405Z C/C++:       |               ^
build	Build DaddyBoard (HeliBoard fork)	2026-09-30T15:55:48.9356126Z C/C++: In file included from /home/runner/work/daddyboard/daddyboard/daddyboard-main/app/src/main/jni/src/dictionary/structure/backward/v402/bigram/ver4_bigram_list_policy.cpp:28:
build	Build DaddyBoard (HeliBoard fork)	2026-09-30T15:55:48.9384076Z C/C++: In file included from /home/runner/work/daddyboard/daddyboard/daddyboard-main/app/src/main/jni/src/dictionary/property/ngram_property.h:24:
build	Build DaddyBoard (HeliBoard fork)	2026-09-30T15:55:48.9385783Z C/C++: In file included from /home/runner/work/daddyboard/daddyboard/daddyboard-main/app/src/main/jni/src/dictionary/property/ngram_context.h:23:
build	Build DaddyBoard (HeliBoard fork)	2026-09-30T15:55:48.9388270Z C/C++: /home/runner/work/daddyboard/daddyboard/daddyboard-main/app/src/main/jni/src/utils/int_array_view.h:160:5: warning: definition of implicit copy constructor for 'IntArrayView' is deprecated because it has a user-declared copy assignment operator [-Wdeprecated-copy]
build	Build DaddyBoard (HeliBoard fork)	2026-09-30T15:55:48.9389841Z C/C++:   160 |     DISALLOW_ASSIGNMENT_OPERATOR(IntArrayView);
build	Build DaddyBoard (HeliBoard fork)	2026-09-30T15:55:48.9390265Z C/C++:       |     ^
build	Build DaddyBoard (HeliBoard fork)	2026-09-30T15:55:48.9391157Z C/C++: /home/runner/work/daddyboard/daddyboard/daddyboard-main/app/src/main/jni/src/defines.h:289:8: note: expanded from macro 'DISALLOW_ASSIGNMENT_OPERATOR'
build	Build DaddyBoard (HeliBoard fork)	2026-09-30T15:55:48.9392214Z C/C++:   289 |   void operator=(const TypeName&) = delete
build	Build DaddyBoard (HeliBoard fork)	2026-09-30T15:55:48.9392698Z C/C++:       |        ^
build	Build DaddyBoard (HeliBoard fork)	2026-09-30T15:55:48.9394319Z C/C++: /usr/local/lib/android/sdk/ndk/28.0.13004108/toolchains/llvm/prebuilt/linux-x86_64/sysroot/usr/include/c++/v1/__memory/allocator.h:173:24: note: in implicit copy constructor for 'latinime::IntArrayView' first required here
build	Build DaddyBoard (HeliBoard fork)	2026-09-30T15:55:48.9395914Z C/C++:   173 |     ::new ((void*)__p) _Up(std::forward<_Args>(__args)...);
build	Build DaddyBoard (HeliBoard fork)	2026-09-30T15:55:48.9396472Z C/C++:       |                        ^
build	Build DaddyBoard (HeliBoard fork)	2026-09-30T15:55:48.9398490Z C/C++: /usr/local/lib/android/sdk/ndk/28.0.13004108/toolchains/llvm/prebuilt/linux-x86_64/sysroot/usr/include/c++/v1/__memory/allocator_traits.h:320:9: note: in instantiation of function template specialization 'std::allocator<latinime::IntArrayView>::construct<latinime::IntArrayView, latinime::IntArrayView>' requested here
build	Build DaddyBoard (HeliBoard fork)	2026-09-30T15:55:48.9400583Z C/C++:   320 |     __a.construct(__p, std::forward<_Args>(__args)...);
build	Build DaddyBoard (HeliBoard fork)	2026-09-30T15:55:48.9401118Z C/C++:       |         ^
build	Build DaddyBoard (HeliBoard fork)	2026-09-30T15:55:48.9403488Z C/C++: /usr/local/lib/android/sdk/ndk/28.0.13004108/toolchains/llvm/prebuilt/linux-x86_64/sysroot/usr/include/c++/v1/__memory/uninitialized_algorithms.h:639:33: note: in instantiation of function template specialization 'std::allocator_traits<std::allocator<latinime::IntArrayView>>::construct<latinime::IntArrayView, latinime::IntArrayView, 0>' requested here
build	Build DaddyBoard (HeliBoard fork)	2026-09-30T15:55:48.9406337Z C/C++:   639 |       allocator_traits<_Alloc>::construct(__alloc, __result, std::move(*__iter));
build	Build DaddyBoard (HeliBoard fork)	2026-09-30T15:55:48.9407024Z C/C++:       |                                 ^
build	Build DaddyBoard (HeliBoard fork)	2026-09-30T15:55:48.9408769Z C/C++: /usr/local/lib/android/sdk/ndk/28.0.13004108/toolchains/llvm/prebuilt/linux-x86_64/sysroot/usr/include/c++/v1/vector:1511:3: note: in instantiation of member function 'std::vector<latinime::IntArrayView>::__swap_out_circular_buffer' requested here
build	Build DaddyBoard (HeliBoard fork)	2026-09-30T15:55:48.9410455Z C/C++:  1511 |   __swap_out_circular_buffer(__v);
build	Build DaddyBoard (HeliBoard fork)	2026-09-30T15:55:48.9410915Z C/C++:       |   ^
build	Build DaddyBoard (HeliBoard fork)	2026-09-30T15:55:48.9444839Z C/C++: /usr/local/lib/android/sdk/ndk/28.0.13004108/toolchains/llvm/prebuilt/linux-x86_64/sysroot/usr/include/c++/v1/vector:1529:13: note: in instantiation of function template specialization 'std::vector<latinime::IntArrayView>::__emplace_back_slow_path<const int *const &, const unsigned long &>' requested here
build	Build DaddyBoard (HeliBoard fork)	2026-09-30T15:55:48.9479971Z C/C++:  1529 |     __end = __emplace_back_slow_path(std::forward<_Args>(__args)...);
build	Build DaddyBoard (HeliBoard fork)	2026-09-30T15:55:48.9503291Z C/C++:       |             ^
build	Build DaddyBoard (HeliBoard fork)	2026-09-30T15:55:48.9528539Z C/C++: /home/runner/work/daddyboard/daddyboard/daddyboard-main/app/src/main/jni/src/utils/int_array_view.h:142:20: note: in instantiation of function template specialization 'std::vector<latinime::IntArrayView>::emplace_back<const int *const &, const unsigned long &>' requested here
build	Build DaddyBoard (HeliBoard fork)	2026-09-30T15:55:48.9543256Z C/C++:   142 |             result.emplace_back(mPtr, mSize);
build	Build DaddyBoard (HeliBoard fork)	2026-09-30T15:55:48.9573233Z C/C++:       |                    ^
build	Build DaddyBoard (HeliBoard fork)	2026-09-30T15:55:49.0364041Z C/C++: 3 warnings generated.
build	Build DaddyBoard (HeliBoard fork)	2026-09-30T15:55:49.9353216Z 
build	Build DaddyBoard (HeliBoard fork)	2026-09-30T15:55:49.9443563Z > Task :app:mergeDebugNativeLibs
build	Build DaddyBoard (HeliBoard fork)	2026-09-30T15:55:50.2350462Z > Task :app:stripDebugDebugSymbols
build	Build DaddyBoard (HeliBoard fork)	2026-09-30T15:55:52.5354580Z 
build	Build DaddyBoard (HeliBoard fork)	2026-09-30T15:55:52.5366622Z > Task :app:compileDebugKotlin
build	Build DaddyBoard (HeliBoard fork)	2026-09-30T15:55:52.5394256Z w: file:///home/runner/work/daddyboard/daddyboard/daddyboard-main/app/src/main/java/helium314/keyboard/accessibility/AccessibilityUtils.kt:69:13 Condition is always 'true'.
build	Build DaddyBoard (HeliBoard fork)	2026-09-30T15:55:52.5397763Z w: file:///home/runner/work/daddyboard/daddyboard/daddyboard-main/app/src/main/java/helium314/keyboard/accessibility/AccessibilityUtils.kt:69:29 'static field ACCESSIBILITY_SPEAK_PASSWORD: String' is deprecated. Deprecated in Java.
build	Build DaddyBoard (HeliBoard fork)	2026-09-30T15:55:52.5400959Z w: file:///home/runner/work/daddyboard/daddyboard/daddyboard-main/app/src/main/java/helium314/keyboard/accessibility/AccessibilityUtils.kt:71:37 'static field ACCESSIBILITY_SPEAK_PASSWORD: String' is deprecated. Deprecated in Java.
build	Build DaddyBoard (HeliBoard fork)	2026-09-30T15:55:52.5404192Z w: file:///home/runner/work/daddyboard/daddyboard/daddyboard-main/app/src/main/java/helium314/keyboard/accessibility/AccessibilityUtils.kt:157:46 'static field TYPE_ANNOUNCEMENT: Int' is deprecated. Deprecated in Java.
build	Build DaddyBoard (HeliBoard fork)	2026-09-30T15:55:52.5407530Z w: file:///home/runner/work/daddyboard/daddyboard/daddyboard-main/app/src/main/java/helium314/keyboard/accessibility/KeyboardAccessibilityNodeProvider.kt:161:24 'static fun onInitializeAccessibilityNodeInfo(p0: View, p1: AccessibilityNodeInfoCompat): Unit' is deprecated. Deprecated in Java.
build	Build DaddyBoard (HeliBoard fork)	2026-09-30T15:55:52.5411107Z w: file:///home/runner/work/daddyboard/daddyboard/daddyboard-main/app/src/main/java/helium314/keyboard/accessibility/KeyboardAccessibilityNodeProvider.kt:193:14 'fun setBoundsInParent(p0: Rect!): Unit' is deprecated. Deprecated in Java.
build	Build DaddyBoard (HeliBoard fork)	2026-09-30T15:55:52.5414274Z w: file:///home/runner/work/daddyboard/daddyboard/daddyboard-main/app/src/main/java/helium314/keyboard/event/DeadKeyCombiner.kt:268:29 Unnecessary non-null assertion (!!) on a non-null receiver of type 'Event'.
build	Build DaddyBoard (HeliBoard fork)	2026-09-30T15:55:52.5417637Z w: file:///home/runner/work/daddyboard/daddyboard/daddyboard-main/app/src/main/java/helium314/keyboard/latin/ClipboardHistoryManager.kt:118:9 This is a delicate API and its use requires care. Make sure you fully read and understand documentation of the declaration that is marked as a delicate API.
build	Build DaddyBoard (HeliBoard fork)	2026-09-30T15:55:52.5427444Z w: file:///home/runner/work/daddyboard/daddyboard/daddyboard-main/app/src/main/java/helium314/keyboard/latin/DictionaryFacilitatorImpl.kt:704:26 'constructor(p0: String!): Locale' is deprecated. Deprecated in Java.
build	Build DaddyBoard (HeliBoard fork)	2026-09-30T15:55:52.5430248Z w: file:///home/runner/work/daddyboard/daddyboard/daddyboard-main/app/src/main/java/helium314/keyboard/latin/common/LocaleUtils.kt:164:17 'constructor(p0: String!): Locale' is deprecated. Deprecated in Java.
build	Build DaddyBoard (HeliBoard fork)	2026-09-30T15:55:52.5433273Z w: file:///home/runner/work/daddyboard/daddyboard/daddyboard-main/app/src/main/java/helium314/keyboard/latin/common/LocaleUtils.kt:167:22 'constructor(p0: String!, p1: String!): Locale' is deprecated. Deprecated in Java.
build	Build DaddyBoard (HeliBoard fork)	2026-09-30T15:55:52.5436134Z w: file:///home/runner/work/daddyboard/daddyboard/daddyboard-main/app/src/main/java/helium314/keyboard/latin/common/LocaleUtils.kt:174:17 'constructor(p0: String!, p1: String!, p2: String!): Locale' is deprecated. Deprecated in Java.
build	Build DaddyBoard (HeliBoard fork)	2026-09-30T15:55:52.5438971Z w: file:///home/runner/work/daddyboard/daddyboard/daddyboard-main/app/src/main/java/helium314/keyboard/latin/gif/GifHistoryAdapter.kt:58:32 'class SimpleDraweeView : GenericDraweeView' is deprecated. Deprecated in Java.
build	Build DaddyBoard (HeliBoard fork)	2026-09-30T15:55:52.5441820Z w: file:///home/runner/work/daddyboard/daddyboard/daddyboard-main/app/src/main/java/helium314/keyboard/latin/spellcheck/AndroidWordLevelSpellCheckerSession.kt:78:62 'val locale: String' is deprecated. Deprecated in Java.
build	Build DaddyBoard (HeliBoard fork)	2026-09-30T15:55:52.5444822Z w: file:///home/runner/work/daddyboard/daddyboard/daddyboard-main/app/src/main/java/helium314/keyboard/latin/spellcheck/AndroidWordLevelSpellCheckerSession.kt:84:65 'val locale: String' is deprecated. Deprecated in Java.
build	Build DaddyBoard (HeliBoard fork)	2026-09-30T15:55:52.5448143Z w: file:///home/runner/work/daddyboard/daddyboard/daddyboard-main/app/src/main/java/helium314/keyboard/latin/suggestions/SuggestionStripView.kt:295:13 This is a delicate API and its use requires care. Make sure you fully read and understand documentation of the declaration that is marked as a delicate API.
build	Build DaddyBoard (HeliBoard fork)	2026-09-30T15:55:52.5452315Z w: file:///home/runner/work/daddyboard/daddyboard/daddyboard-main/app/src/main/java/helium314/keyboard/latin/utils/GestureDataGatheringSettings.kt:91:9 This is a delicate API and its use requires care. Make sure you fully read and understand documentation of the declaration that is marked as a delicate API.
build	Build DaddyBoard (HeliBoard fork)	2026-09-30T15:55:52.5456296Z w: file:///home/runner/work/daddyboard/daddyboard/daddyboard-main/app/src/main/java/helium314/keyboard/latin/utils/ToolbarUtils.kt:47:5 This is a delicate API and its use requires care. Make sure you fully read and understand documentation of the declaration that is marked as a delicate API.
build	Build DaddyBoard (HeliBoard fork)	2026-09-30T15:55:52.5459255Z w: file:///home/runner/work/daddyboard/daddyboard/daddyboard-main/app/src/main/java/helium314/keyboard/settings/screens/AdvancedScreen.kt:153:44 Redundant call of conversion method.
build	Build DaddyBoard (HeliBoard fork)	2026-09-30T15:55:53.9373869Z 
build	Build DaddyBoard (HeliBoard fork)	2026-09-30T15:55:53.9434010Z > Task :app:processDebugJavaRes
build	Build DaddyBoard (HeliBoard fork)	2026-09-30T15:55:55.7356132Z > Task :app:mergeDebugJavaResource
build	Build DaddyBoard (HeliBoard fork)	2026-09-30T15:55:57.9375034Z /home/runner/work/daddyboard/daddyboard/daddyboard-main/app/src/main/java/helium314/keyboard/latin/LatinIME.java:1435: error: no suitable method found for inflate(int,View,boolean)
build	Build DaddyBoard (HeliBoard fork)	2026-09-30T15:55:57.9376695Z 
build	Build DaddyBoard (HeliBoard fork)	2026-09-30T15:55:57.9377462Z             android.view.View gifView = getLayoutInflater().inflate(helium314.keyboard.latin.R.layout.gif_search_view, mInputView, false);
build	Build DaddyBoard (HeliBoard fork)	2026-09-30T15:55:57.9378514Z                                                            ^
build	Build DaddyBoard (HeliBoard fork)	2026-09-30T15:55:57.9379208Z     method LayoutInflater.inflate(int,ViewGroup,boolean) is not applicable
build	Build DaddyBoard (HeliBoard fork)	2026-09-30T15:55:57.9380005Z       (argument mismatch; View cannot be converted to ViewGroup)
build	Build DaddyBoard (HeliBoard fork)	2026-09-30T15:55:57.9381357Z     method LayoutInflater.inflate(XmlPullParser,ViewGroup,boolean) is not applicable
build	Build DaddyBoard (HeliBoard fork)	2026-09-30T15:55:57.9382213Z       (argument mismatch; int cannot be converted to XmlPullParser)
build	Build DaddyBoard (HeliBoard fork)	2026-09-30T15:55:57.9382982Z > Task :app:compileDebugJavaWithJavac
build	Build DaddyBoard (HeliBoard fork)	2026-09-30T15:55:58.6350381Z warning: unknown enum constant Mode.LOCAL
build	Build DaddyBoard (HeliBoard fork)	2026-09-30T15:55:58.6356467Z 
build	Build DaddyBoard (HeliBoard fork)	2026-09-30T15:55:58.6357385Z   reason: class file for com.facebook.infer.annotation.Nullsafe$Mode not found
build	Build DaddyBoard (HeliBoard fork)	2026-09-30T15:55:58.6358544Z > Task :app:compileDebugJavaWithJavac FAILED
build	Build DaddyBoard (HeliBoard fork)	2026-09-30T15:55:58.6359310Z Note: Some input files use or override a deprecated API.
build	Build DaddyBoard (HeliBoard fork)	2026-09-30T15:55:58.6360264Z Note: Recompile with -Xlint:deprecation for details.
build	Build DaddyBoard (HeliBoard fork)	2026-09-30T15:55:58.6361841Z Note: /home/runner/work/daddyboard/daddyboard/daddyboard-main/app/src/main/java/helium314/keyboard/keyboard/PointerTracker.java uses unchecked or unsafe operations.
build	Build DaddyBoard (HeliBoard fork)	2026-09-30T15:55:58.6363594Z Note: Recompile with -Xlint:unchecked for details.
build	Build DaddyBoard (HeliBoard fork)	2026-09-30T15:55:58.6364628Z Note: Some messages have been simplified; recompile with -Xdiags:verbose to get full output
build	Build DaddyBoard (HeliBoard fork)	2026-09-30T15:55:58.6365613Z 1 error
build	Build DaddyBoard (HeliBoard fork)	2026-09-30T15:55:58.6366105Z 1 warning
build	Build DaddyBoard (HeliBoard fork)	2026-09-30T15:55:58.7349832Z 
build	Build DaddyBoard (HeliBoard fork)	2026-09-30T15:55:58.7349923Z 
build	Build DaddyBoard (HeliBoard fork)	2026-09-30T15:55:58.7351492Z [Incubating] Problems report is available at: file:///home/runner/work/daddyboard/daddyboard/daddyboard-main/build/reports/problems/problems-report.html
build	Build DaddyBoard (HeliBoard fork)	2026-09-30T15:55:58.7363211Z 
build	Build DaddyBoard (HeliBoard fork)	2026-09-30T15:55:58.7363735Z FAILURE: Build failed with an exception.
build	Build DaddyBoard (HeliBoard fork)	2026-09-30T15:55:58.7364366Z Deprecated Gradle features were used in this build, making it incompatible with Gradle 10.
build	Build DaddyBoard (HeliBoard fork)	2026-09-30T15:55:58.7364860Z 
build	Build DaddyBoard (HeliBoard fork)	2026-09-30T15:55:58.7365412Z You can use '--warning-mode all' to show the individual deprecation warnings and determine if they come from your own scripts or plugins.
build	Build DaddyBoard (HeliBoard fork)	2026-09-30T15:55:58.7366069Z 
build	Build DaddyBoard (HeliBoard fork)	2026-09-30T15:55:58.7366786Z For more on this, please refer to https://docs.gradle.org/9.7.1/userguide/command_line_interface.html#sec:command_line_warnings in the Gradle documentation.
build	Build DaddyBoard (HeliBoard fork)	2026-09-30T15:55:58.7367704Z 35 actionable tasks: 35 executed
build	Build DaddyBoard (HeliBoard fork)	2026-09-30T15:55:58.7368056Z Configuration cache entry stored.
build	Build DaddyBoard (HeliBoard fork)	2026-09-30T15:55:58.7373243Z 
build	Build DaddyBoard (HeliBoard fork)	2026-09-30T15:55:58.7373609Z * What went wrong:
build	Build DaddyBoard (HeliBoard fork)	2026-09-30T15:55:58.7374577Z Execution failed for task ':app:compileDebugJavaWithJavac' (registered by plugin 'com.android.internal.application').
build	Build DaddyBoard (HeliBoard fork)	2026-09-30T15:55:58.7376013Z > Compilation failed; see the compiler output below.
build	Build DaddyBoard (HeliBoard fork)	2026-09-30T15:55:58.7376535Z   warning: unknown enum constant Mode.LOCAL
build	Build DaddyBoard (HeliBoard fork)	2026-09-30T15:55:58.7377184Z     reason: class file for com.facebook.infer.annotation.Nullsafe$Mode not found
build	Build DaddyBoard (HeliBoard fork)	2026-09-30T15:55:58.7378437Z   /home/runner/work/daddyboard/daddyboard/daddyboard-main/app/src/main/java/helium314/keyboard/latin/LatinIME.java:1435: error: no suitable method found for inflate(int,View,boolean)
build	Build DaddyBoard (HeliBoard fork)	2026-09-30T15:55:58.7379507Z               android.view.View gifView = getLayoutInflater().inflate(helium314.keyboard.latin.R.layout.gif_search_view, mInputView, false);
build	Build DaddyBoard (HeliBoard fork)	2026-09-30T15:55:58.7380144Z                                                              ^
build	Build DaddyBoard (HeliBoard fork)	2026-09-30T15:55:58.7380561Z       method LayoutInflater.inflate(int,ViewGroup,boolean) is not applicable
build	Build DaddyBoard (HeliBoard fork)	2026-09-30T15:55:58.7381033Z         (argument mismatch; View cannot be converted to ViewGroup)
build	Build DaddyBoard (HeliBoard fork)	2026-09-30T15:55:58.7381528Z       method LayoutInflater.inflate(XmlPullParser,ViewGroup,boolean) is not applicable
build	Build DaddyBoard (HeliBoard fork)	2026-09-30T15:55:58.7382033Z         (argument mismatch; int cannot be converted to XmlPullParser)
build	Build DaddyBoard (HeliBoard fork)	2026-09-30T15:55:58.7382468Z   Note: Recompile with -Xlint:deprecation for details.
build	Build DaddyBoard (HeliBoard fork)	2026-09-30T15:55:58.7383388Z   Note: /home/runner/work/daddyboard/daddyboard/daddyboard-main/app/src/main/java/helium314/keyboard/keyboard/PointerTracker.java uses unchecked or unsafe operations.
build	Build DaddyBoard (HeliBoard fork)	2026-09-30T15:55:58.7384461Z   Note: Recompile with -Xlint:unchecked for details.
build	Build DaddyBoard (HeliBoard fork)	2026-09-30T15:55:58.7384971Z   Note: Some input files use or override a deprecated API.
build	Build DaddyBoard (HeliBoard fork)	2026-09-30T15:55:58.7385663Z   Note: Some messages have been simplified; recompile with -Xdiags:verbose to get full output
build	Build DaddyBoard (HeliBoard fork)	2026-09-30T15:55:58.7386556Z   1 error
build	Build DaddyBoard (HeliBoard fork)	2026-09-30T15:55:58.7386810Z   1 warning
build	Build DaddyBoard (HeliBoard fork)	2026-09-30T15:55:58.7386962Z 
build	Build DaddyBoard (HeliBoard fork)	2026-09-30T15:55:58.7387072Z * Try:
build	Build DaddyBoard (HeliBoard fork)	2026-09-30T15:55:58.7387474Z > Check your code and dependencies to fix the compilation error(s)
build	Build DaddyBoard (HeliBoard fork)	2026-09-30T15:55:58.7388242Z > Run with --scan to get full insights from a Build Scan (powered by Develocity).
build	Build DaddyBoard (HeliBoard fork)	2026-09-30T15:55:58.7388710Z 
build	Build DaddyBoard (HeliBoard fork)	2026-09-30T15:55:58.7388849Z BUILD FAILED in 3m 15s
build	Build DaddyBoard (HeliBoard fork)	2026-09-30T15:55:59.1946007Z ##[error]Process completed with exit code 1.
build	Post set up JDK 17	﻿2026-09-30T15:55:59.2089617Z Post job cleanup.
build	Post set up JDK 17	2026-09-30T15:55:59.3465076Z (node:3059) [DEP0040] DeprecationWarning: The `punycode` module is deprecated. Please use a userland alternative instead.
build	Post set up JDK 17	2026-09-30T15:55:59.3465868Z (Use `node --trace-deprecation ...` to show where the warning was created)
build	Post Run actions/checkout@v4	﻿2026-09-30T15:55:59.3688961Z Post job cleanup.
build	Post Run actions/checkout@v4	2026-09-30T15:55:59.4637320Z [command]/usr/bin/git version
build	Post Run actions/checkout@v4	2026-09-30T15:55:59.4689504Z git version 2.55.0
build	Post Run actions/checkout@v4	2026-09-30T15:55:59.4722097Z Temporarily overriding HOME='/home/runner/work/_temp/9f6f6b6d-1280-4dac-9136-d0ca0a497ee4' before making global git config changes
build	Post Run actions/checkout@v4	2026-09-30T15:55:59.4723518Z Adding repository directory to the temporary git global config as a safe directory
build	Post Run actions/checkout@v4	2026-09-30T15:55:59.4727799Z [command]/usr/bin/git config --global --add safe.directory /home/runner/work/daddyboard/daddyboard
build	Post Run actions/checkout@v4	2026-09-30T15:55:59.4767549Z [command]/usr/bin/git config --local --name-only --get-regexp core\.sshCommand
build	Post Run actions/checkout@v4	2026-09-30T15:55:59.4803712Z [command]/usr/bin/git submodule foreach --recursive sh -c "git config --local --name-only --get-regexp 'core\.sshCommand' && git config --local --unset-all 'core.sshCommand' || :"
build	Post Run actions/checkout@v4	2026-09-30T15:55:59.5068650Z [command]/usr/bin/git config --local --name-only --get-regexp http\.https\:\/\/github\.com\/\.extraheader
build	Post Run actions/checkout@v4	2026-09-30T15:55:59.5099933Z http.https://github.com/.extraheader
build	Post Run actions/checkout@v4	2026-09-30T15:55:59.5112161Z [command]/usr/bin/git config --local --unset-all http.https://github.com/.extraheader
build	Post Run actions/checkout@v4	2026-09-30T15:55:59.5155995Z [command]/usr/bin/git submodule foreach --recursive sh -c "git config --local --name-only --get-regexp 'http\.https\:\/\/github\.com\/\.extraheader' && git config --local --unset-all 'http.https://github.com/.extraheader' || :"
build	Post Run actions/checkout@v4	2026-09-30T15:55:59.5445227Z [command]/usr/bin/git config --local --name-only --get-regexp ^includeIf\.gitdir:
build	Post Run actions/checkout@v4	2026-09-30T15:55:59.5485742Z [command]/usr/bin/git submodule foreach --recursive git config --local --show-origin --name-only --get-regexp remote.origin.url
build	Complete job	﻿2026-09-30T15:55:59.5916640Z Cleaning up orphan processes
build	Complete job	2026-09-30T15:55:59.6283009Z Terminate orphan process: pid (2310) (java)
build	Complete job	2026-09-30T15:55:59.6317646Z Terminate orphan process: pid (2711) (java)
build	Complete job	2026-09-30T15:55:59.6328364Z ##[warning]Node.js 20 is deprecated. The following actions target Node.js 20 but are being forced to run on Node.js 24: actions/checkout@v4, actions/setup-java@v4. For more information see: https://github.blog/changelog/2025-09-19-deprecation-of-node-20-on-github-actions-runners/
