build	Set up job	2026-09-30T16:03:26.2298170Z Hosted Compute Agent
build	Set up job	2026-09-30T16:03:26.2298796Z Version: 20260901.588
build	Set up job	2026-09-30T16:03:26.2299519Z Commit: f88ec8081b781fac6c440065ac7ff9e710ce3d0b
build	Set up job	2026-09-30T16:03:26.2300238Z Build Date: 2026-09-01T19:56:44Z
build	Set up job	2026-09-30T16:03:26.2300898Z Worker ID: {dcbd3df3-555c-4599-8069-19797ba811b1}
build	Set up job	2026-09-30T16:03:26.2301664Z Azure Region: westus2
build	Set up job	2026-09-30T16:03:26.2302269Z ##[endgroup]
--
build	Set up job	2026-09-30T16:03:26.2306055Z LTS
build	Set up job	2026-09-30T16:03:26.2306563Z ##[endgroup]
build	Set up job	2026-09-30T16:03:26.2307136Z ##[group]Runner Image
build	Set up job	2026-09-30T16:03:26.2307746Z Image: ubuntu-24.04
build	Set up job	2026-09-30T16:03:26.2308292Z Version: 20260927.320.1
build	Set up job	2026-09-30T16:03:26.2309426Z Included Software: https://github.com/actions/runner-images/blob/ubuntu24/20260927.320/images/ubuntu/Ubuntu2404-Readme.md
build	Set up job	2026-09-30T16:03:26.2311227Z Image Release: https://github.com/actions/runner-images/releases/tag/ubuntu24%2F20260927.320
build	Set up job	2026-09-30T16:03:26.2312240Z ##[endgroup]
build	Set up job	2026-09-30T16:03:26.2313446Z ##[group]GITHUB_TOKEN Permissions
build	Set up job	2026-09-30T16:03:26.2315753Z Contents: read
build	Set up job	2026-09-30T16:03:26.2316383Z Metadata: read
build	Set up job	2026-09-30T16:03:26.2317334Z Packages: read
build	Set up job	2026-09-30T16:03:26.2317908Z ##[endgroup]
build	Set up job	2026-09-30T16:03:26.2320026Z Secret source: Actions
build	Set up job	2026-09-30T16:03:26.2321029Z Cache mode: write
build	Set up job	2026-09-30T16:03:26.2321696Z Prepare workflow directory
build	Set up job	2026-09-30T16:03:26.2672162Z Prepare all required actions
build	Set up job	2026-09-30T16:03:26.2744615Z Getting action download info
build	Set up job	2026-09-30T16:03:26.6606727Z Download action repository 'actions/checkout@v4' (SHA:11d5960a326750d5838078e36cf38b85af677262)
build	Set up job	2026-09-30T16:03:26.7941777Z Download action repository 'actions/setup-java@v4' (SHA:cf277c60eb25467037889841efdb72551f06f6c3)
build	Set up job	2026-09-30T16:03:27.1435822Z Download action repository 'actions/upload-artifact@v4' (SHA:ea165f8d65b6e75b540449e92b4886f43607fa02)
build	Set up job	2026-09-30T16:03:27.4132045Z Complete job name: build
build	Run actions/checkout@v4	﻿2026-09-30T16:03:27.4882278Z ##[group]Run actions/checkout@v4
build	Run actions/checkout@v4	2026-09-30T16:03:27.4883180Z with:
build	Run actions/checkout@v4	2026-09-30T16:03:27.4883629Z   repository: webdevUK/daddyboard
--
build	Run actions/checkout@v4	2026-09-30T16:03:27.4888385Z   ssh-user: git
build	Run actions/checkout@v4	2026-09-30T16:03:27.4888821Z   persist-credentials: true
build	Run actions/checkout@v4	2026-09-30T16:03:27.4889294Z   clean: true
build	Run actions/checkout@v4	2026-09-30T16:03:27.4889732Z   sparse-checkout-cone-mode: true
build	Run actions/checkout@v4	2026-09-30T16:03:27.4890254Z   fetch-depth: 1
build	Run actions/checkout@v4	2026-09-30T16:03:27.4890679Z   fetch-tags: false
build	Run actions/checkout@v4	2026-09-30T16:03:27.4891109Z   show-progress: true
--
build	set up JDK 17	2026-09-30T16:03:29.0120704Z with:
build	set up JDK 17	2026-09-30T16:03:29.0121090Z   java-version: 17
build	set up JDK 17	2026-09-30T16:03:29.0121503Z   distribution: temurin
build	set up JDK 17	2026-09-30T16:03:29.0121923Z   cache: gradle
build	set up JDK 17	2026-09-30T16:03:29.0122322Z   java-package: jdk
build	set up JDK 17	2026-09-30T16:03:29.0122919Z   check-latest: false
build	set up JDK 17	2026-09-30T16:03:29.0123327Z   server-id: github
build	set up JDK 17	2026-09-30T16:03:29.0123742Z   server-username: GITHUB_ACTOR
build	set up JDK 17	2026-09-30T16:03:29.0124212Z   server-password: GITHUB_TOKEN
build	set up JDK 17	2026-09-30T16:03:29.0125033Z   overwrite-settings: true
build	set up JDK 17	2026-09-30T16:03:29.0125471Z   job-status: success
--
build	Build DaddyBoard (HeliBoard fork)	2026-09-30T16:05:17.6378869Z C/C++: /home/runner/work/daddyboard/daddyboard/daddyboard-main/app/src/main/jni/src/dictionary/property/historical_info.h:52:5: warning: definition of implicit copy constructor for 'HistoricalInfo' is deprecated because it has a user-declared copy assignment operator [-Wdeprecated-copy]
build	Build DaddyBoard (HeliBoard fork)	2026-09-30T16:05:17.6381952Z C/C++:    52 |     DISALLOW_ASSIGNMENT_OPERATOR(HistoricalInfo);
build	Build DaddyBoard (HeliBoard fork)	2026-09-30T16:05:17.6383853Z C/C++:       |     ^
build	Build DaddyBoard (HeliBoard fork)	2026-09-30T16:05:17.6385738Z C/C++: /home/runner/work/daddyboard/daddyboard/daddyboard-main/app/src/main/jni/src/defines.h:289:8: note: expanded from macro 'DISALLOW_ASSIGNMENT_OPERATOR'
build	Build DaddyBoard (HeliBoard fork)	2026-09-30T16:05:17.6387418Z C/C++:   289 |   void operator=(const TypeName&) = delete
build	Build DaddyBoard (HeliBoard fork)	2026-09-30T16:05:17.6388272Z C/C++:       |        ^
build	Build DaddyBoard (HeliBoard fork)	2026-09-30T16:05:17.6390229Z C/C++: /home/runner/work/daddyboard/daddyboard/daddyboard-main/app/src/main/jni/src/dictionary/property/unigram_property.h:63:15: note: in implicit copy constructor for 'latinime::HistoricalInfo' first required here
build	Build DaddyBoard (HeliBoard fork)	2026-09-30T16:05:17.6392569Z C/C++:    63 |               mHistoricalInfo(historicalInfo), mShortcuts(std::move(shortcuts)) {}
build	Build DaddyBoard (HeliBoard fork)	2026-09-30T16:05:17.6393677Z C/C++:       |               ^
build	Build DaddyBoard (HeliBoard fork)	2026-09-30T16:05:17.6396236Z C/C++: /home/runner/work/daddyboard/daddyboard/daddyboard-main/app/src/main/jni/src/dictionary/property/unigram_property.h:126:5: warning: definition of implicit copy constructor for 'UnigramProperty' is deprecated because it has a user-declared copy assignment operator [-Wdeprecated-copy]
build	Build DaddyBoard (HeliBoard fork)	2026-09-30T16:05:17.6398801Z C/C++:   126 |     DISALLOW_ASSIGNMENT_OPERATOR(UnigramProperty);
build	Build DaddyBoard (HeliBoard fork)	2026-09-30T16:05:17.6399687Z C/C++:       |     ^
build	Build DaddyBoard (HeliBoard fork)	2026-09-30T16:05:17.6401124Z C/C++: /home/runner/work/daddyboard/daddyboard/daddyboard-main/app/src/main/jni/src/defines.h:289:8: note: expanded from macro 'DISALLOW_ASSIGNMENT_OPERATOR'
build	Build DaddyBoard (HeliBoard fork)	2026-09-30T16:05:17.6402740Z C/C++:   289 |   void operator=(const TypeName&) = delete
build	Build DaddyBoard (HeliBoard fork)	2026-09-30T16:05:17.6403926Z C/C++:       |        ^
build	Build DaddyBoard (HeliBoard fork)	2026-09-30T16:05:17.6405998Z C/C++: /home/runner/work/daddyboard/daddyboard/daddyboard-main/app/src/main/jni/src/dictionary/property/word_property.h:38:51: note: in implicit copy constructor for 'latinime::UnigramProperty' first required here
build	Build DaddyBoard (HeliBoard fork)	2026-09-30T16:05:17.6408221Z C/C++:    38 |             : mCodePoints(std::move(codePoints)), mUnigramProperty(unigramProperty),
build	Build DaddyBoard (HeliBoard fork)	2026-09-30T16:05:17.6409369Z C/C++:       |                                                   ^
build	Build DaddyBoard (HeliBoard fork)	2026-09-30T16:05:17.7390754Z C/C++: In file included from /home/runner/work/daddyboard/daddyboard/daddyboard-main/app/src/main/jni/com_android_inputmethod_latin_BinaryDictionary.cpp:36:
build	Build DaddyBoard (HeliBoard fork)	2026-09-30T16:05:17.7426352Z C/C++: /home/runner/work/daddyboard/daddyboard/daddyboard-main/app/src/main/jni/src/utils/jni_data_utils.h:52:27: warning: variable length arrays in C++ are a Clang extension [-Wvla-cxx-extension]
build	Build DaddyBoard (HeliBoard fork)	2026-09-30T16:05:17.7455301Z C/C++:    52 |             char keyChars[keyUtf8Length + 1];
build	Build DaddyBoard (HeliBoard fork)	2026-09-30T16:05:17.7505022Z C/C++:       |                           ^~~~~~~~~~~~~~~~~
build	Build DaddyBoard (HeliBoard fork)	2026-09-30T16:05:17.7527191Z C/C++: /home/runner/work/daddyboard/daddyboard/daddyboard-main/app/src/main/jni/src/utils/jni_data_utils.h:52:27: note: initializer of 'keyUtf8Length' is not a constant expression
build	Build DaddyBoard (HeliBoard fork)	2026-09-30T16:05:17.7565587Z C/C++: /home/runner/work/daddyboard/daddyboard/daddyboard-main/app/src/main/jni/src/utils/jni_data_utils.h:51:25: note: declared here
build	Build DaddyBoard (HeliBoard fork)	2026-09-30T16:05:17.7567865Z C/C++:    51 |             const jsize keyUtf8Length = env->GetStringUTFLength(keyString);
build	Build DaddyBoard (HeliBoard fork)	2026-09-30T16:05:17.7595140Z C/C++:       |                         ^
build	Build DaddyBoard (HeliBoard fork)	2026-09-30T16:05:17.7625758Z C/C++: /home/runner/work/daddyboard/daddyboard/daddyboard-main/app/src/main/jni/src/utils/jni_data_utils.h:62:29: warning: variable length arrays in C++ are a Clang extension [-Wvla-cxx-extension]
build	Build DaddyBoard (HeliBoard fork)	2026-09-30T16:05:17.7655117Z C/C++:    62 |             char valueChars[valueUtf8Length + 1];
build	Build DaddyBoard (HeliBoard fork)	2026-09-30T16:05:17.7656216Z C/C++:       |                             ^~~~~~~~~~~~~~~~~~~
build	Build DaddyBoard (HeliBoard fork)	2026-09-30T16:05:17.7686069Z C/C++: /home/runner/work/daddyboard/daddyboard/daddyboard-main/app/src/main/jni/src/utils/jni_data_utils.h:62:29: note: initializer of 'valueUtf8Length' is not a constant expression
build	Build DaddyBoard (HeliBoard fork)	2026-09-30T16:05:17.7708496Z C/C++: /home/runner/work/daddyboard/daddyboard/daddyboard-main/app/src/main/jni/src/utils/jni_data_utils.h:61:25: note: declared here
build	Build DaddyBoard (HeliBoard fork)	2026-09-30T16:05:17.7710273Z C/C++:    61 |             const jsize valueUtf8Length = env->GetStringUTFLength(valueString);
build	Build DaddyBoard (HeliBoard fork)	2026-09-30T16:05:17.7711394Z C/C++:       |                         ^
build	Build DaddyBoard (HeliBoard fork)	2026-09-30T16:05:17.7713193Z C/C++: /home/runner/work/daddyboard/daddyboard/daddyboard-main/app/src/main/jni/src/utils/jni_data_utils.h:77:29: warning: variable length arrays in C++ are a Clang extension [-Wvla-cxx-extension]
build	Build DaddyBoard (HeliBoard fork)	2026-09-30T16:05:17.7715388Z C/C++:    77 |         int outputCodePonts[codePointBufSize];
build	Build DaddyBoard (HeliBoard fork)	2026-09-30T16:05:17.7716336Z C/C++:       |                             ^~~~~~~~~~~~~~~~
build	Build DaddyBoard (HeliBoard fork)	2026-09-30T16:05:17.7718027Z C/C++: /home/runner/work/daddyboard/daddyboard/daddyboard-main/app/src/main/jni/src/utils/jni_data_utils.h:77:29: note: initializer of 'codePointBufSize' is not a constant expression
build	Build DaddyBoard (HeliBoard fork)	2026-09-30T16:05:17.7720378Z C/C++: /home/runner/work/daddyboard/daddyboard/daddyboard-main/app/src/main/jni/src/utils/jni_data_utils.h:76:19: note: declared here
build	Build DaddyBoard (HeliBoard fork)	2026-09-30T16:05:17.7722188Z C/C++:    76 |         const int codePointBufSize = std::min(maxLength, codePointCount);
build	Build DaddyBoard (HeliBoard fork)	2026-09-30T16:05:17.7723189Z C/C++:       |                   ^
build	Build DaddyBoard (HeliBoard fork)	2026-09-30T16:05:17.7725293Z C/C++: /home/runner/work/daddyboard/daddyboard/daddyboard-main/app/src/main/jni/com_android_inputmethod_latin_BinaryDictionary.cpp:54:25: warning: variable length arrays in C++ are a Clang extension [-Wvla-cxx-extension]
build	Build DaddyBoard (HeliBoard fork)	2026-09-30T16:05:17.7727485Z C/C++:    54 |     char sourceDirChars[sourceDirUtf8Length + 1];
build	Build DaddyBoard (HeliBoard fork)	2026-09-30T16:05:17.7728870Z C/C++:       |                         ^~~~~~~~~~~~~~~~~~~~~~~
build	Build DaddyBoard (HeliBoard fork)	2026-09-30T16:05:17.7731162Z C/C++: /home/runner/work/daddyboard/daddyboard/daddyboard-main/app/src/main/jni/com_android_inputmethod_latin_BinaryDictionary.cpp:54:25: note: initializer of 'sourceDirUtf8Length' is not a constant expression
build	Build DaddyBoard (HeliBoard fork)	2026-09-30T16:05:17.7733834Z C/C++: /home/runner/work/daddyboard/daddyboard/daddyboard-main/app/src/main/jni/com_android_inputmethod_latin_BinaryDictionary.cpp:49:17: note: declared here
build	Build DaddyBoard (HeliBoard fork)	2026-09-30T16:05:17.7735978Z C/C++:    49 |     const jsize sourceDirUtf8Length = env->GetStringUTFLength(sourceDir);
build	Build DaddyBoard (HeliBoard fork)	2026-09-30T16:05:17.7737075Z C/C++:       |                 ^
build	Build DaddyBoard (HeliBoard fork)	2026-09-30T16:05:17.7738963Z C/C++: /home/runner/work/daddyboard/daddyboard/daddyboard-main/app/src/main/jni/com_android_inputmethod_latin_BinaryDictionary.cpp:75:22: warning: variable length arrays in C++ are a Clang extension [-Wvla-cxx-extension]
build	Build DaddyBoard (HeliBoard fork)	2026-09-30T16:05:17.7741001Z C/C++:    75 |     char localeChars[localeUtf8Length + 1];
build	Build DaddyBoard (HeliBoard fork)	2026-09-30T16:05:17.7741916Z C/C++:       |                      ^~~~~~~~~~~~~~~~~~~~
build	Build DaddyBoard (HeliBoard fork)	2026-09-30T16:05:17.7743805Z C/C++: /home/runner/work/daddyboard/daddyboard/daddyboard-main/app/src/main/jni/com_android_inputmethod_latin_BinaryDictionary.cpp:75:22: note: initializer of 'localeUtf8Length' is not a constant expression
build	Build DaddyBoard (HeliBoard fork)	2026-09-30T16:05:17.7746797Z C/C++: /home/runner/work/daddyboard/daddyboard/daddyboard-main/app/src/main/jni/com_android_inputmethod_latin_BinaryDictionary.cpp:74:17: note: declared here
build	Build DaddyBoard (HeliBoard fork)	2026-09-30T16:05:17.7748689Z C/C++:    74 |     const jsize localeUtf8Length = env->GetStringUTFLength(locale);
build	Build DaddyBoard (HeliBoard fork)	2026-09-30T16:05:17.7749848Z C/C++:       |                 ^
build	Build DaddyBoard (HeliBoard fork)	2026-09-30T16:05:17.7751838Z C/C++: /home/runner/work/daddyboard/daddyboard/daddyboard-main/app/src/main/jni/com_android_inputmethod_latin_BinaryDictionary.cpp:104:24: warning: variable length arrays in C++ are a Clang extension [-Wvla-cxx-extension]
build	Build DaddyBoard (HeliBoard fork)	2026-09-30T16:05:17.7753932Z C/C++:   104 |     char filePathChars[filePathUtf8Length + 1];
build	Build DaddyBoard (HeliBoard fork)	2026-09-30T16:05:17.7755117Z C/C++:       |                        ^~~~~~~~~~~~~~~~~~~~~~
build	Build DaddyBoard (HeliBoard fork)	2026-09-30T16:05:17.7757107Z C/C++: /home/runner/work/daddyboard/daddyboard/daddyboard-main/app/src/main/jni/com_android_inputmethod_latin_BinaryDictionary.cpp:104:24: note: initializer of 'filePathUtf8Length' is not a constant expression
build	Build DaddyBoard (HeliBoard fork)	2026-09-30T16:05:17.7759787Z C/C++: /home/runner/work/daddyboard/daddyboard/daddyboard-main/app/src/main/jni/com_android_inputmethod_latin_BinaryDictionary.cpp:103:17: note: declared here
build	Build DaddyBoard (HeliBoard fork)	2026-09-30T16:05:17.7761928Z C/C++:   103 |     const jsize filePathUtf8Length = env->GetStringUTFLength(filePath);
build	Build DaddyBoard (HeliBoard fork)	2026-09-30T16:05:17.7763004Z C/C++:       |                 ^
build	Build DaddyBoard (HeliBoard fork)	2026-09-30T16:05:17.7765195Z C/C++: /home/runner/work/daddyboard/daddyboard/daddyboard-main/app/src/main/jni/com_android_inputmethod_latin_BinaryDictionary.cpp:122:24: warning: variable length arrays in C++ are a Clang extension [-Wvla-cxx-extension]
build	Build DaddyBoard (HeliBoard fork)	2026-09-30T16:05:17.7767344Z C/C++:   122 |     char filePathChars[filePathUtf8Length + 1];
build	Build DaddyBoard (HeliBoard fork)	2026-09-30T16:05:17.7768207Z C/C++:       |                        ^~~~~~~~~~~~~~~~~~~~~~
build	Build DaddyBoard (HeliBoard fork)	2026-09-30T16:05:17.7770157Z C/C++: /home/runner/work/daddyboard/daddyboard/daddyboard-main/app/src/main/jni/com_android_inputmethod_latin_BinaryDictionary.cpp:122:24: note: initializer of 'filePathUtf8Length' is not a constant expression
build	Build DaddyBoard (HeliBoard fork)	2026-09-30T16:05:17.7772980Z C/C++: /home/runner/work/daddyboard/daddyboard/daddyboard-main/app/src/main/jni/com_android_inputmethod_latin_BinaryDictionary.cpp:121:17: note: declared here
build	Build DaddyBoard (HeliBoard fork)	2026-09-30T16:05:17.7775649Z C/C++:   121 |     const jsize filePathUtf8Length = env->GetStringUTFLength(filePath);
build	Build DaddyBoard (HeliBoard fork)	2026-09-30T16:05:17.7776728Z C/C++:       |                 ^
build	Build DaddyBoard (HeliBoard fork)	2026-09-30T16:05:17.7778652Z C/C++: /home/runner/work/daddyboard/daddyboard/daddyboard-main/app/src/main/jni/com_android_inputmethod_latin_BinaryDictionary.cpp:200:22: warning: variable length arrays in C++ are a Clang extension [-Wvla-cxx-extension]
build	Build DaddyBoard (HeliBoard fork)	2026-09-30T16:05:17.7780748Z C/C++:   200 |     int xCoordinates[inputSize];
build	Build DaddyBoard (HeliBoard fork)	2026-09-30T16:05:17.7781609Z C/C++:       |                      ^~~~~~~~~
build	Build DaddyBoard (HeliBoard fork)	2026-09-30T16:05:17.7783995Z C/C++: /home/runner/work/daddyboard/daddyboard/daddyboard-main/app/src/main/jni/com_android_inputmethod_latin_BinaryDictionary.cpp:200:22: note: function parameter 'inputSize' with unknown value cannot be used in a constant expression
build	Build DaddyBoard (HeliBoard fork)	2026-09-30T16:05:17.7787225Z C/C++: /home/runner/work/daddyboard/daddyboard/daddyboard-main/app/src/main/jni/com_android_inputmethod_latin_BinaryDictionary.cpp:181:46: note: declared here
build	Build DaddyBoard (HeliBoard fork)	2026-09-30T16:05:17.7789134Z C/C++:   181 |         jintArray inputCodePointsArray, jint inputSize, jintArray suggestOptions,
build	Build DaddyBoard (HeliBoard fork)	2026-09-30T16:05:17.7790300Z C/C++:       |                                              ^
build	Build DaddyBoard (HeliBoard fork)	2026-09-30T16:05:17.7792341Z C/C++: /home/runner/work/daddyboard/daddyboard/daddyboard-main/app/src/main/jni/com_android_inputmethod_latin_BinaryDictionary.cpp:201:22: warning: variable length arrays in C++ are a Clang extension [-Wvla-cxx-extension]
build	Build DaddyBoard (HeliBoard fork)	2026-09-30T16:05:17.7794611Z C/C++:   201 |     int yCoordinates[inputSize];
build	Build DaddyBoard (HeliBoard fork)	2026-09-30T16:05:17.7795480Z C/C++:       |                      ^~~~~~~~~
build	Build DaddyBoard (HeliBoard fork)	2026-09-30T16:05:17.7797554Z C/C++: /home/runner/work/daddyboard/daddyboard/daddyboard-main/app/src/main/jni/com_android_inputmethod_latin_BinaryDictionary.cpp:201:22: note: function parameter 'inputSize' with unknown value cannot be used in a constant expression
build	Build DaddyBoard (HeliBoard fork)	2026-09-30T16:05:17.7800507Z C/C++: /home/runner/work/daddyboard/daddyboard/daddyboard-main/app/src/main/jni/com_android_inputmethod_latin_BinaryDictionary.cpp:181:46: note: declared here
build	Build DaddyBoard (HeliBoard fork)	2026-09-30T16:05:17.7802407Z C/C++:   181 |         jintArray inputCodePointsArray, jint inputSize, jintArray suggestOptions,
build	Build DaddyBoard (HeliBoard fork)	2026-09-30T16:05:17.7803582Z C/C++:       |                                              ^
build	Build DaddyBoard (HeliBoard fork)	2026-09-30T16:05:17.7805947Z C/C++: /home/runner/work/daddyboard/daddyboard/daddyboard-main/app/src/main/jni/com_android_inputmethod_latin_BinaryDictionary.cpp:202:15: warning: variable length arrays in C++ are a Clang extension [-Wvla-cxx-extension]
build	Build DaddyBoard (HeliBoard fork)	2026-09-30T16:05:17.7808137Z C/C++:   202 |     int times[inputSize];
build	Build DaddyBoard (HeliBoard fork)	2026-09-30T16:05:17.7808952Z C/C++:       |               ^~~~~~~~~
build	Build DaddyBoard (HeliBoard fork)	2026-09-30T16:05:17.7811123Z C/C++: /home/runner/work/daddyboard/daddyboard/daddyboard-main/app/src/main/jni/com_android_inputmethod_latin_BinaryDictionary.cpp:202:15: note: function parameter 'inputSize' with unknown value cannot be used in a constant expression
build	Build DaddyBoard (HeliBoard fork)	2026-09-30T16:05:17.7814746Z C/C++: /home/runner/work/daddyboard/daddyboard/daddyboard-main/app/src/main/jni/com_android_inputmethod_latin_BinaryDictionary.cpp:181:46: note: declared here
build	Build DaddyBoard (HeliBoard fork)	2026-09-30T16:05:17.7816623Z C/C++:   181 |         jintArray inputCodePointsArray, jint inputSize, jintArray suggestOptions,
build	Build DaddyBoard (HeliBoard fork)	2026-09-30T16:05:17.7817841Z C/C++:       |                                              ^
build	Build DaddyBoard (HeliBoard fork)	2026-09-30T16:05:17.7819943Z C/C++: /home/runner/work/daddyboard/daddyboard/daddyboard-main/app/src/main/jni/com_android_inputmethod_latin_BinaryDictionary.cpp:203:20: warning: variable length arrays in C++ are a Clang extension [-Wvla-cxx-extension]
build	Build DaddyBoard (HeliBoard fork)	2026-09-30T16:05:17.7821970Z C/C++:   203 |     int pointerIds[inputSize];
build	Build DaddyBoard (HeliBoard fork)	2026-09-30T16:05:17.7822723Z C/C++:       |                    ^~~~~~~~~
build	Build DaddyBoard (HeliBoard fork)	2026-09-30T16:05:17.7824948Z C/C++: /home/runner/work/daddyboard/daddyboard/daddyboard-main/app/src/main/jni/com_android_inputmethod_latin_BinaryDictionary.cpp:203:20: note: function parameter 'inputSize' with unknown value cannot be used in a constant expression
build	Build DaddyBoard (HeliBoard fork)	2026-09-30T16:05:17.7828095Z C/C++: /home/runner/work/daddyboard/daddyboard/daddyboard-main/app/src/main/jni/com_android_inputmethod_latin_BinaryDictionary.cpp:181:46: note: declared here
build	Build DaddyBoard (HeliBoard fork)	2026-09-30T16:05:17.7830353Z C/C++:   181 |         jintArray inputCodePointsArray, jint inputSize, jintArray suggestOptions,
build	Build DaddyBoard (HeliBoard fork)	2026-09-30T16:05:17.7831597Z C/C++:       |                                              ^
build	Build DaddyBoard (HeliBoard fork)	2026-09-30T16:05:17.7833645Z C/C++: /home/runner/work/daddyboard/daddyboard/daddyboard-main/app/src/main/jni/com_android_inputmethod_latin_BinaryDictionary.cpp:205:25: warning: variable length arrays in C++ are a Clang extension [-Wvla-cxx-extension]
build	Build DaddyBoard (HeliBoard fork)	2026-09-30T16:05:17.7836334Z C/C++:   205 |     int inputCodePoints[inputCodePointsLength];
build	Build DaddyBoard (HeliBoard fork)	2026-09-30T16:05:17.7837282Z C/C++:       |                         ^~~~~~~~~~~~~~~~~~~~~
build	Build DaddyBoard (HeliBoard fork)	2026-09-30T16:05:17.7839210Z C/C++: /home/runner/work/daddyboard/daddyboard/daddyboard-main/app/src/main/jni/com_android_inputmethod_latin_BinaryDictionary.cpp:205:25: note: initializer of 'inputCodePointsLength' is not a constant expression
build	Build DaddyBoard (HeliBoard fork)	2026-09-30T16:05:17.7841954Z C/C++: /home/runner/work/daddyboard/daddyboard/daddyboard-main/app/src/main/jni/com_android_inputmethod_latin_BinaryDictionary.cpp:204:17: note: declared here
build	Build DaddyBoard (HeliBoard fork)	2026-09-30T16:05:17.7843941Z C/C++:   204 |     const jsize inputCodePointsLength = env->GetArrayLength(inputCodePointsArray);
build	Build DaddyBoard (HeliBoard fork)	2026-09-30T16:05:17.7845344Z C/C++:       |                 ^
build	Build DaddyBoard (HeliBoard fork)	2026-09-30T16:05:17.7847194Z C/C++: /home/runner/work/daddyboard/daddyboard/daddyboard-main/app/src/main/jni/com_android_inputmethod_latin_BinaryDictionary.cpp:213:17: warning: variable length arrays in C++ are a Clang extension [-Wvla-cxx-extension]
build	Build DaddyBoard (HeliBoard fork)	2026-09-30T16:05:17.7849294Z C/C++:   213 |     int options[numberOfOptions];
build	Build DaddyBoard (HeliBoard fork)	2026-09-30T16:05:17.7850122Z C/C++:       |                 ^~~~~~~~~~~~~~~
build	Build DaddyBoard (HeliBoard fork)	2026-09-30T16:05:17.7851993Z C/C++: /home/runner/work/daddyboard/daddyboard/daddyboard-main/app/src/main/jni/com_android_inputmethod_latin_BinaryDictionary.cpp:213:17: note: initializer of 'numberOfOptions' is not a constant expression
build	Build DaddyBoard (HeliBoard fork)	2026-09-30T16:05:17.7855060Z C/C++: /home/runner/work/daddyboard/daddyboard/daddyboard-main/app/src/main/jni/com_android_inputmethod_latin_BinaryDictionary.cpp:212:17: note: declared here
build	Build DaddyBoard (HeliBoard fork)	2026-09-30T16:05:17.7856972Z C/C++:   212 |     const jsize numberOfOptions = env->GetArrayLength(suggestOptions);
build	Build DaddyBoard (HeliBoard fork)	2026-09-30T16:05:17.7858025Z C/C++:       |                 ^
build	Build DaddyBoard (HeliBoard fork)	2026-09-30T16:05:17.7859901Z C/C++: /home/runner/work/daddyboard/daddyboard/daddyboard-main/app/src/main/jni/com_android_inputmethod_latin_BinaryDictionary.cpp:268:20: warning: variable length arrays in C++ are a Clang extension [-Wvla-cxx-extension]
build	Build DaddyBoard (HeliBoard fork)	2026-09-30T16:05:17.7862017Z C/C++:   268 |     int codePoints[codePointCount];
build	Build DaddyBoard (HeliBoard fork)	2026-09-30T16:05:17.7862828Z C/C++:       |                    ^~~~~~~~~~~~~~
build	Build DaddyBoard (HeliBoard fork)	2026-09-30T16:05:17.7864945Z C/C++: /home/runner/work/daddyboard/daddyboard/daddyboard-main/app/src/main/jni/com_android_inputmethod_latin_BinaryDictionary.cpp:268:20: note: initializer of 'codePointCount' is not a constant expression
build	Build DaddyBoard (HeliBoard fork)	2026-09-30T16:05:17.7867868Z C/C++: /home/runner/work/daddyboard/daddyboard/daddyboard-main/app/src/main/jni/com_android_inputmethod_latin_BinaryDictionary.cpp:267:17: note: declared here
build	Build DaddyBoard (HeliBoard fork)	2026-09-30T16:05:17.7869611Z C/C++:   267 |     const jsize codePointCount = env->GetArrayLength(word);
build	Build DaddyBoard (HeliBoard fork)	2026-09-30T16:05:17.7870505Z C/C++:       |                 ^
build	Build DaddyBoard (HeliBoard fork)	2026-09-30T16:05:17.7872348Z C/C++: /home/runner/work/daddyboard/daddyboard/daddyboard-main/app/src/main/jni/com_android_inputmethod_latin_BinaryDictionary.cpp:278:20: warning: variable length arrays in C++ are a Clang extension [-Wvla-cxx-extension]
build	Build DaddyBoard (HeliBoard fork)	2026-09-30T16:05:17.7874280Z C/C++:   278 |     int codePoints[codePointCount];
build	Build DaddyBoard (HeliBoard fork)	2026-09-30T16:05:17.7875298Z C/C++:       |                    ^~~~~~~~~~~~~~
build	Build DaddyBoard (HeliBoard fork)	2026-09-30T16:05:17.7877136Z C/C++: /home/runner/work/daddyboard/daddyboard/daddyboard-main/app/src/main/jni/com_android_inputmethod_latin_BinaryDictionary.cpp:278:20: note: initializer of 'codePointCount' is not a constant expression
build	Build DaddyBoard (HeliBoard fork)	2026-09-30T16:05:17.7879956Z C/C++: /home/runner/work/daddyboard/daddyboard/daddyboard-main/app/src/main/jni/com_android_inputmethod_latin_BinaryDictionary.cpp:277:17: note: declared here
build	Build DaddyBoard (HeliBoard fork)	2026-09-30T16:05:17.7881732Z C/C++:   277 |     const jsize codePointCount = env->GetArrayLength(word);
build	Build DaddyBoard (HeliBoard fork)	2026-09-30T16:05:17.7882669Z C/C++:       |                 ^
build	Build DaddyBoard (HeliBoard fork)	2026-09-30T16:05:17.7884799Z C/C++: /home/runner/work/daddyboard/daddyboard/daddyboard-main/app/src/main/jni/com_android_inputmethod_latin_BinaryDictionary.cpp:290:24: warning: variable length arrays in C++ are a Clang extension [-Wvla-cxx-extension]
build	Build DaddyBoard (HeliBoard fork)	2026-09-30T16:05:17.7887252Z C/C++:   290 |     int wordCodePoints[wordLength];
build	Build DaddyBoard (HeliBoard fork)	2026-09-30T16:05:17.7888068Z C/C++:       |                        ^~~~~~~~~~
build	Build DaddyBoard (HeliBoard fork)	2026-09-30T16:05:17.7890289Z C/C++: /home/runner/work/daddyboard/daddyboard/daddyboard-main/app/src/main/jni/com_android_inputmethod_latin_BinaryDictionary.cpp:290:24: note: initializer of 'wordLength' is not a constant expression
build	Build DaddyBoard (HeliBoard fork)	2026-09-30T16:05:17.7892999Z C/C++: /home/runner/work/daddyboard/daddyboard/daddyboard-main/app/src/main/jni/com_android_inputmethod_latin_BinaryDictionary.cpp:289:17: note: declared here
build	Build DaddyBoard (HeliBoard fork)	2026-09-30T16:05:17.7895087Z C/C++:   289 |     const jsize wordLength = env->GetArrayLength(word);
build	Build DaddyBoard (HeliBoard fork)	2026-09-30T16:05:17.7895803Z C/C++:       |                 ^
build	Build DaddyBoard (HeliBoard fork)	2026-09-30T16:05:17.7897351Z C/C++: /home/runner/work/daddyboard/daddyboard/daddyboard-main/app/src/main/jni/com_android_inputmethod_latin_BinaryDictionary.cpp:312:24: warning: variable length arrays in C++ are a Clang extension [-Wvla-cxx-extension]
build	Build DaddyBoard (HeliBoard fork)	2026-09-30T16:05:17.7899006Z C/C++:   312 |     int wordCodePoints[codePointBufSize];
build	Build DaddyBoard (HeliBoard fork)	2026-09-30T16:05:17.7899412Z C/C++:       |                        ^~~~~~~~~~~~~~~~
build	Build DaddyBoard (HeliBoard fork)	2026-09-30T16:05:17.7900314Z C/C++: /home/runner/work/daddyboard/daddyboard/daddyboard-main/app/src/main/jni/com_android_inputmethod_latin_BinaryDictionary.cpp:312:24: note: initializer of 'codePointBufSize' is not a constant expression
build	Build DaddyBoard (HeliBoard fork)	2026-09-30T16:05:17.7901593Z C/C++: /home/runner/work/daddyboard/daddyboard/daddyboard-main/app/src/main/jni/com_android_inputmethod_latin_BinaryDictionary.cpp:306:17: note: declared here
build	Build DaddyBoard (HeliBoard fork)	2026-09-30T16:05:17.7902403Z C/C++:   306 |     const jsize codePointBufSize = env->GetArrayLength(outCodePoints);
build	Build DaddyBoard (HeliBoard fork)	2026-09-30T16:05:17.7902822Z C/C++:       |                 ^
build	Build DaddyBoard (HeliBoard fork)	2026-09-30T16:05:17.7903689Z C/C++: /home/runner/work/daddyboard/daddyboard/daddyboard-main/app/src/main/jni/com_android_inputmethod_latin_BinaryDictionary.cpp:368:20: warning: variable length arrays in C++ are a Clang extension [-Wvla-cxx-extension]
build	Build DaddyBoard (HeliBoard fork)	2026-09-30T16:05:17.7905080Z C/C++:   368 |     int codePoints[codePointCount];
build	Build DaddyBoard (HeliBoard fork)	2026-09-30T16:05:17.7905669Z C/C++:       |                    ^~~~~~~~~~~~~~
build	Build DaddyBoard (HeliBoard fork)	2026-09-30T16:05:17.7907385Z C/C++: /home/runner/work/daddyboard/daddyboard/daddyboard-main/app/src/main/jni/com_android_inputmethod_latin_BinaryDictionary.cpp:368:20: note: read of non-const variable 'codePointCount' is not allowed in a constant expression
build	Build DaddyBoard (HeliBoard fork)	2026-09-30T16:05:17.7910632Z C/C++: /home/runner/work/daddyboard/daddyboard/daddyboard-main/app/src/main/jni/com_android_inputmethod_latin_BinaryDictionary.cpp:367:11: note: declared here
build	Build DaddyBoard (HeliBoard fork)	2026-09-30T16:05:17.7912097Z C/C++:   367 |     jsize codePointCount = env->GetArrayLength(word);
build	Build DaddyBoard (HeliBoard fork)	2026-09-30T16:05:17.7912729Z C/C++:       |           ^
build	Build DaddyBoard (HeliBoard fork)	2026-09-30T16:05:17.7914296Z C/C++: /home/runner/work/daddyboard/daddyboard/daddyboard-main/app/src/main/jni/com_android_inputmethod_latin_BinaryDictionary.cpp:393:20: warning: variable length arrays in C++ are a Clang extension [-Wvla-cxx-extension]
build	Build DaddyBoard (HeliBoard fork)	2026-09-30T16:05:17.7916548Z C/C++:   393 |     int codePoints[codePointCount];
build	Build DaddyBoard (HeliBoard fork)	2026-09-30T16:05:17.7917155Z C/C++:       |                    ^~~~~~~~~~~~~~
build	Build DaddyBoard (HeliBoard fork)	2026-09-30T16:05:17.7918874Z C/C++: /home/runner/work/daddyboard/daddyboard/daddyboard-main/app/src/main/jni/com_android_inputmethod_latin_BinaryDictionary.cpp:393:20: note: read of non-const variable 'codePointCount' is not allowed in a constant expression
build	Build DaddyBoard (HeliBoard fork)	2026-09-30T16:05:17.7921450Z C/C++: /home/runner/work/daddyboard/daddyboard/daddyboard-main/app/src/main/jni/com_android_inputmethod_latin_BinaryDictionary.cpp:392:11: note: declared here
build	Build DaddyBoard (HeliBoard fork)	2026-09-30T16:05:17.7922897Z C/C++:   392 |     jsize codePointCount = env->GetArrayLength(word);
build	Build DaddyBoard (HeliBoard fork)	2026-09-30T16:05:17.7923544Z C/C++:       |           ^
build	Build DaddyBoard (HeliBoard fork)	2026-09-30T16:05:17.7925512Z C/C++: /home/runner/work/daddyboard/daddyboard/daddyboard-main/app/src/main/jni/com_android_inputmethod_latin_BinaryDictionary.cpp:409:24: warning: variable length arrays in C++ are a Clang extension [-Wvla-cxx-extension]
build	Build DaddyBoard (HeliBoard fork)	2026-09-30T16:05:17.7927306Z C/C++:   409 |     int wordCodePoints[wordLength];
build	Build DaddyBoard (HeliBoard fork)	2026-09-30T16:05:17.7928209Z C/C++:       |                        ^~~~~~~~~~
build	Build DaddyBoard (HeliBoard fork)	2026-09-30T16:05:17.7929946Z C/C++: /home/runner/work/daddyboard/daddyboard/daddyboard-main/app/src/main/jni/com_android_inputmethod_latin_BinaryDictionary.cpp:409:24: note: read of non-const variable 'wordLength' is not allowed in a constant expression
build	Build DaddyBoard (HeliBoard fork)	2026-09-30T16:05:17.7932486Z C/C++: /home/runner/work/daddyboard/daddyboard/daddyboard-main/app/src/main/jni/com_android_inputmethod_latin_BinaryDictionary.cpp:408:11: note: declared here
build	Build DaddyBoard (HeliBoard fork)	2026-09-30T16:05:17.7933913Z C/C++:   408 |     jsize wordLength = env->GetArrayLength(word);
build	Build DaddyBoard (HeliBoard fork)	2026-09-30T16:05:17.7934841Z C/C++:       |           ^
build	Build DaddyBoard (HeliBoard fork)	2026-09-30T16:05:17.7936445Z C/C++: /home/runner/work/daddyboard/daddyboard/daddyboard-main/app/src/main/jni/com_android_inputmethod_latin_BinaryDictionary.cpp:429:24: warning: variable length arrays in C++ are a Clang extension [-Wvla-cxx-extension]
build	Build DaddyBoard (HeliBoard fork)	2026-09-30T16:05:17.7938224Z C/C++:   429 |     int wordCodePoints[codePointCount];
build	Build DaddyBoard (HeliBoard fork)	2026-09-30T16:05:17.7938858Z C/C++:       |                        ^~~~~~~~~~~~~~
build	Build DaddyBoard (HeliBoard fork)	2026-09-30T16:05:17.7940605Z C/C++: /home/runner/work/daddyboard/daddyboard/daddyboard-main/app/src/main/jni/com_android_inputmethod_latin_BinaryDictionary.cpp:429:24: note: read of non-const variable 'codePointCount' is not allowed in a constant expression
build	Build DaddyBoard (HeliBoard fork)	2026-09-30T16:05:17.7942699Z C/C++: /home/runner/work/daddyboard/daddyboard/daddyboard-main/app/src/main/jni/com_android_inputmethod_latin_BinaryDictionary.cpp:428:11: note: declared here
build	Build DaddyBoard (HeliBoard fork)	2026-09-30T16:05:17.7943855Z C/C++:   428 |     jsize codePointCount = env->GetArrayLength(word);
build	Build DaddyBoard (HeliBoard fork)	2026-09-30T16:05:17.7944353Z C/C++:       |           ^
build	Build DaddyBoard (HeliBoard fork)	2026-09-30T16:05:17.7946023Z C/C++: /home/runner/work/daddyboard/daddyboard/daddyboard-main/app/src/main/jni/com_android_inputmethod_latin_BinaryDictionary.cpp:447:24: warning: variable length arrays in C++ are a Clang extension [-Wvla-cxx-extension]
build	Build DaddyBoard (HeliBoard fork)	2026-09-30T16:05:17.7947825Z C/C++:   447 |     int wordCodePoints[codePointCount];
build	Build DaddyBoard (HeliBoard fork)	2026-09-30T16:05:17.7948486Z C/C++:       |                        ^~~~~~~~~~~~~~
build	Build DaddyBoard (HeliBoard fork)	2026-09-30T16:05:17.7950208Z C/C++: /home/runner/work/daddyboard/daddyboard/daddyboard-main/app/src/main/jni/com_android_inputmethod_latin_BinaryDictionary.cpp:447:24: note: read of non-const variable 'codePointCount' is not allowed in a constant expression
build	Build DaddyBoard (HeliBoard fork)	2026-09-30T16:05:17.7953012Z C/C++: /home/runner/work/daddyboard/daddyboard/daddyboard-main/app/src/main/jni/com_android_inputmethod_latin_BinaryDictionary.cpp:446:11: note: declared here
build	Build DaddyBoard (HeliBoard fork)	2026-09-30T16:05:17.7954851Z C/C++:   446 |     jsize codePointCount = env->GetArrayLength(word);
build	Build DaddyBoard (HeliBoard fork)	2026-09-30T16:05:17.7955541Z C/C++:       |           ^
build	Build DaddyBoard (HeliBoard fork)	2026-09-30T16:05:17.7957141Z C/C++: /home/runner/work/daddyboard/daddyboard/daddyboard-main/app/src/main/jni/com_android_inputmethod_latin_BinaryDictionary.cpp:484:28: warning: variable length arrays in C++ are a Clang extension [-Wvla-cxx-extension]
build	Build DaddyBoard (HeliBoard fork)	2026-09-30T16:05:17.7958932Z C/C++:   484 |         int wordCodePoints[wordLength];
build	Build DaddyBoard (HeliBoard fork)	2026-09-30T16:05:17.7959579Z C/C++:       |                            ^~~~~~~~~~
build	Build DaddyBoard (HeliBoard fork)	2026-09-30T16:05:17.7961827Z C/C++: /home/runner/work/daddyboard/daddyboard/daddyboard-main/app/src/main/jni/com_android_inputmethod_latin_BinaryDictionary.cpp:484:28: note: read of non-const variable 'wordLength' is not allowed in a constant expression
build	Build DaddyBoard (HeliBoard fork)	2026-09-30T16:05:17.7964636Z C/C++: /home/runner/work/daddyboard/daddyboard/daddyboard-main/app/src/main/jni/com_android_inputmethod_latin_BinaryDictionary.cpp:483:15: note: declared here
build	Build DaddyBoard (HeliBoard fork)	2026-09-30T16:05:17.7966144Z C/C++:   483 |         jsize wordLength = env->GetArrayLength(targetWord);
build	Build DaddyBoard (HeliBoard fork)	2026-09-30T16:05:17.7966824Z C/C++:       |               ^
build	Build DaddyBoard (HeliBoard fork)	2026-09-30T16:05:17.7968464Z C/C++: /home/runner/work/daddyboard/daddyboard/daddyboard-main/app/src/main/jni/com_android_inputmethod_latin_BinaryDictionary.cpp:518:21: warning: variable length arrays in C++ are a Clang extension [-Wvla-cxx-extension]
build	Build DaddyBoard (HeliBoard fork)	2026-09-30T16:05:17.7970322Z C/C++:   518 |     char queryChars[queryUtf8Length + 1];
build	Build DaddyBoard (HeliBoard fork)	2026-09-30T16:05:17.7971336Z C/C++:       |                     ^~~~~~~~~~~~~~~~~~~
build	Build DaddyBoard (HeliBoard fork)	2026-09-30T16:05:17.7972976Z C/C++: /home/runner/work/daddyboard/daddyboard/daddyboard-main/app/src/main/jni/com_android_inputmethod_latin_BinaryDictionary.cpp:518:21: note: initializer of 'queryUtf8Length' is not a constant expression
build	Build DaddyBoard (HeliBoard fork)	2026-09-30T16:05:17.7975695Z C/C++: /home/runner/work/daddyboard/daddyboard/daddyboard-main/app/src/main/jni/com_android_inputmethod_latin_BinaryDictionary.cpp:517:17: note: declared here
build	Build DaddyBoard (HeliBoard fork)	2026-09-30T16:05:17.7977230Z C/C++:   517 |     const jsize queryUtf8Length = env->GetStringUTFLength(query);
build	Build DaddyBoard (HeliBoard fork)	2026-09-30T16:05:17.7977959Z C/C++:       |                 ^
build	Build DaddyBoard (HeliBoard fork)	2026-09-30T16:05:17.7979618Z C/C++: /home/runner/work/daddyboard/daddyboard/daddyboard-main/app/src/main/jni/com_android_inputmethod_latin_BinaryDictionary.cpp:552:28: warning: variable length arrays in C++ are a Clang extension [-Wvla-cxx-extension]
build	Build DaddyBoard (HeliBoard fork)	2026-09-30T16:05:17.7981489Z C/C++:   552 |     char dictFilePathChars[filePathUtf8Length + 1];
build	Build DaddyBoard (HeliBoard fork)	2026-09-30T16:05:17.7982210Z C/C++:       |                            ^~~~~~~~~~~~~~~~~~~~~~
build	Build DaddyBoard (HeliBoard fork)	2026-09-30T16:05:17.7983929Z C/C++: /home/runner/work/daddyboard/daddyboard/daddyboard-main/app/src/main/jni/com_android_inputmethod_latin_BinaryDictionary.cpp:552:28: note: initializer of 'filePathUtf8Length' is not a constant expression
build	Build DaddyBoard (HeliBoard fork)	2026-09-30T16:05:17.7986654Z C/C++: /home/runner/work/daddyboard/daddyboard/daddyboard-main/app/src/main/jni/com_android_inputmethod_latin_BinaryDictionary.cpp:551:17: note: declared here
build	Build DaddyBoard (HeliBoard fork)	2026-09-30T16:05:17.7988249Z C/C++:   551 |     const jsize filePathUtf8Length = env->GetStringUTFLength(dictFilePath);
build	Build DaddyBoard (HeliBoard fork)	2026-09-30T16:05:17.7989069Z C/C++:       |                 ^
build	Build DaddyBoard (HeliBoard fork)	2026-09-30T16:05:17.8405733Z C/C++: In file included from /home/runner/work/daddyboard/daddyboard/daddyboard-main/app/src/main/jni/com_android_inputmethod_latin_BinaryDictionary.cpp:26:
--
build	Build DaddyBoard (HeliBoard fork)	2026-09-30T16:05:17.8463919Z C/C++: /home/runner/work/daddyboard/daddyboard/daddyboard-main/app/src/main/jni/src/utils/int_array_view.h:160:5: warning: definition of implicit copy constructor for 'IntArrayView' is deprecated because it has a user-declared copy assignment operator [-Wdeprecated-copy]
build	Build DaddyBoard (HeliBoard fork)	2026-09-30T16:05:17.8472283Z C/C++:   160 |     DISALLOW_ASSIGNMENT_OPERATOR(IntArrayView);
build	Build DaddyBoard (HeliBoard fork)	2026-09-30T16:05:17.8495460Z C/C++:       |     ^
build	Build DaddyBoard (HeliBoard fork)	2026-09-30T16:05:17.8526316Z C/C++: /home/runner/work/daddyboard/daddyboard/daddyboard-main/app/src/main/jni/src/defines.h:289:8: note: expanded from macro 'DISALLOW_ASSIGNMENT_OPERATOR'
build	Build DaddyBoard (HeliBoard fork)	2026-09-30T16:05:17.8537649Z C/C++:   289 |   void operator=(const TypeName&) = delete
build	Build DaddyBoard (HeliBoard fork)	2026-09-30T16:05:17.8542987Z C/C++:       |        ^
build	Build DaddyBoard (HeliBoard fork)	2026-09-30T16:05:17.8545096Z C/C++: /usr/local/lib/android/sdk/ndk/28.0.13004108/toolchains/llvm/prebuilt/linux-x86_64/sysroot/usr/include/c++/v1/__memory/allocator.h:173:24: note: in implicit copy constructor for 'latinime::IntArrayView' first required here
build	Build DaddyBoard (HeliBoard fork)	2026-09-30T16:05:17.8547287Z C/C++:   173 |     ::new ((void*)__p) _Up(std::forward<_Args>(__args)...);
build	Build DaddyBoard (HeliBoard fork)	2026-09-30T16:05:17.8548207Z C/C++:       |                        ^
build	Build DaddyBoard (HeliBoard fork)	2026-09-30T16:05:17.8550785Z C/C++: /usr/local/lib/android/sdk/ndk/28.0.13004108/toolchains/llvm/prebuilt/linux-x86_64/sysroot/usr/include/c++/v1/__memory/allocator_traits.h:320:9: note: in instantiation of function template specialization 'std::allocator<latinime::IntArrayView>::construct<latinime::IntArrayView, latinime::IntArrayView>' requested here
build	Build DaddyBoard (HeliBoard fork)	2026-09-30T16:05:17.8553605Z C/C++:   320 |     __a.construct(__p, std::forward<_Args>(__args)...);
build	Build DaddyBoard (HeliBoard fork)	2026-09-30T16:05:17.8554741Z C/C++:       |         ^
build	Build DaddyBoard (HeliBoard fork)	2026-09-30T16:05:17.8557462Z C/C++: /usr/local/lib/android/sdk/ndk/28.0.13004108/toolchains/llvm/prebuilt/linux-x86_64/sysroot/usr/include/c++/v1/__memory/uninitialized_algorithms.h:639:33: note: in instantiation of function template specialization 'std::allocator_traits<std::allocator<latinime::IntArrayView>>::construct<latinime::IntArrayView, latinime::IntArrayView, 0>' requested here
build	Build DaddyBoard (HeliBoard fork)	2026-09-30T16:05:17.8560894Z C/C++:   639 |       allocator_traits<_Alloc>::construct(__alloc, __result, std::move(*__iter));
build	Build DaddyBoard (HeliBoard fork)	2026-09-30T16:05:17.8561966Z C/C++:       |                                 ^
build	Build DaddyBoard (HeliBoard fork)	2026-09-30T16:05:17.8564066Z C/C++: /usr/local/lib/android/sdk/ndk/28.0.13004108/toolchains/llvm/prebuilt/linux-x86_64/sysroot/usr/include/c++/v1/vector:1511:3: note: in instantiation of member function 'std::vector<latinime::IntArrayView>::__swap_out_circular_buffer' requested here
build	Build DaddyBoard (HeliBoard fork)	2026-09-30T16:05:17.8566495Z C/C++:  1511 |   __swap_out_circular_buffer(__v);
build	Build DaddyBoard (HeliBoard fork)	2026-09-30T16:05:17.8567281Z C/C++:       |   ^
build	Build DaddyBoard (HeliBoard fork)	2026-09-30T16:05:17.8569638Z C/C++: /usr/local/lib/android/sdk/ndk/28.0.13004108/toolchains/llvm/prebuilt/linux-x86_64/sysroot/usr/include/c++/v1/vector:1529:13: note: in instantiation of function template specialization 'std::vector<latinime::IntArrayView>::__emplace_back_slow_path<const int *const &, const unsigned long &>' requested here
build	Build DaddyBoard (HeliBoard fork)	2026-09-30T16:05:17.8572431Z C/C++:  1529 |     __end = __emplace_back_slow_path(std::forward<_Args>(__args)...);
build	Build DaddyBoard (HeliBoard fork)	2026-09-30T16:05:17.8573441Z C/C++:       |             ^
build	Build DaddyBoard (HeliBoard fork)	2026-09-30T16:05:17.8575930Z C/C++: /home/runner/work/daddyboard/daddyboard/daddyboard-main/app/src/main/jni/src/utils/int_array_view.h:142:20: note: in instantiation of function template specialization 'std::vector<latinime::IntArrayView>::emplace_back<const int *const &, const unsigned long &>' requested here
build	Build DaddyBoard (HeliBoard fork)	2026-09-30T16:05:17.8578369Z C/C++:   142 |             result.emplace_back(mPtr, mSize);
build	Build DaddyBoard (HeliBoard fork)	2026-09-30T16:05:17.8579212Z C/C++:       |                    ^
build	Build DaddyBoard (HeliBoard fork)	2026-09-30T16:05:17.8580697Z C/C++: In file included from /home/runner/work/daddyboard/daddyboard/daddyboard-main/app/src/main/jni/com_android_inputmethod_latin_BinaryDictionary.cpp:27:
--
build	Build DaddyBoard (HeliBoard fork)	2026-09-30T16:05:17.8586240Z C/C++: /home/runner/work/daddyboard/daddyboard/daddyboard-main/app/src/main/jni/src/dictionary/property/ngram_property.h:54:5: warning: definition of implicit copy constructor for 'NgramProperty' is deprecated because it has a user-declared copy assignment operator [-Wdeprecated-copy]
build	Build DaddyBoard (HeliBoard fork)	2026-09-30T16:05:17.8588910Z C/C++:    54 |     DISALLOW_ASSIGNMENT_OPERATOR(NgramProperty);
build	Build DaddyBoard (HeliBoard fork)	2026-09-30T16:05:17.8589711Z C/C++:       |     ^
build	Build DaddyBoard (HeliBoard fork)	2026-09-30T16:05:17.8591114Z C/C++: /home/runner/work/daddyboard/daddyboard/daddyboard-main/app/src/main/jni/src/defines.h:289:8: note: expanded from macro 'DISALLOW_ASSIGNMENT_OPERATOR'
build	Build DaddyBoard (HeliBoard fork)	2026-09-30T16:05:17.8592756Z C/C++:   289 |   void operator=(const TypeName&) = delete
build	Build DaddyBoard (HeliBoard fork)	2026-09-30T16:05:17.8593596Z C/C++:       |        ^
build	Build DaddyBoard (HeliBoard fork)	2026-09-30T16:05:17.8595755Z C/C++: /usr/local/lib/android/sdk/ndk/28.0.13004108/toolchains/llvm/prebuilt/linux-x86_64/sysroot/usr/include/c++/v1/__memory/allocator.h:173:24: note: in implicit copy constructor for 'latinime::NgramProperty' first required here
build	Build DaddyBoard (HeliBoard fork)	2026-09-30T16:05:17.8597862Z C/C++:   173 |     ::new ((void*)__p) _Up(std::forward<_Args>(__args)...);
build	Build DaddyBoard (HeliBoard fork)	2026-09-30T16:05:17.8598777Z C/C++:       |                        ^
build	Build DaddyBoard (HeliBoard fork)	2026-09-30T16:05:17.8601313Z C/C++: /usr/local/lib/android/sdk/ndk/28.0.13004108/toolchains/llvm/prebuilt/linux-x86_64/sysroot/usr/include/c++/v1/__memory/allocator_traits.h:320:9: note: in instantiation of function template specialization 'std::allocator<latinime::NgramProperty>::construct<latinime::NgramProperty, latinime::NgramProperty &>' requested here
build	Build DaddyBoard (HeliBoard fork)	2026-09-30T16:05:17.8604035Z C/C++:   320 |     __a.construct(__p, std::forward<_Args>(__args)...);
build	Build DaddyBoard (HeliBoard fork)	2026-09-30T16:05:17.8605183Z C/C++:       |         ^
build	Build DaddyBoard (HeliBoard fork)	2026-09-30T16:05:17.8607970Z C/C++: /usr/local/lib/android/sdk/ndk/28.0.13004108/toolchains/llvm/prebuilt/linux-x86_64/sysroot/usr/include/c++/v1/__memory/uninitialized_algorithms.h:551:31: note: in instantiation of function template specialization 'std::allocator_traits<std::allocator<latinime::NgramProperty>>::construct<latinime::NgramProperty, latinime::NgramProperty &, 0>' requested here
build	Build DaddyBoard (HeliBoard fork)	2026-09-30T16:05:17.8611498Z C/C++:   551 |     allocator_traits<_Alloc>::construct(__alloc, std::__to_address(__first2), *__first1);
build	Build DaddyBoard (HeliBoard fork)	2026-09-30T16:05:17.8612621Z C/C++:       |                               ^
build	Build DaddyBoard (HeliBoard fork)	2026-09-30T16:05:17.8615869Z C/C++: /usr/local/lib/android/sdk/ndk/28.0.13004108/toolchains/llvm/prebuilt/linux-x86_64/sysroot/usr/include/c++/v1/__memory/uninitialized_algorithms.h:594:33: note: in instantiation of function template specialization 'std::__uninitialized_allocator_copy_impl<std::allocator<latinime::NgramProperty>, latinime::NgramProperty *, latinime::NgramProperty *, latinime::NgramProperty *>' requested here
build	Build DaddyBoard (HeliBoard fork)	2026-09-30T16:05:17.8619243Z C/C++:   594 |   auto __result          = std::__uninitialized_allocator_copy_impl(
build	Build DaddyBoard (HeliBoard fork)	2026-09-30T16:05:17.8620212Z C/C++:       |                                 ^
build	Build DaddyBoard (HeliBoard fork)	2026-09-30T16:05:17.8623065Z C/C++: /usr/local/lib/android/sdk/ndk/28.0.13004108/toolchains/llvm/prebuilt/linux-x86_64/sysroot/usr/include/c++/v1/vector:1100:22: note: in instantiation of function template specialization 'std::__uninitialized_allocator_copy<std::allocator<latinime::NgramProperty>, latinime::NgramProperty *, latinime::NgramProperty *, latinime::NgramProperty *>' requested here
build	Build DaddyBoard (HeliBoard fork)	2026-09-30T16:05:17.8626711Z C/C++:  1100 |   __tx.__pos_ = std::__uninitialized_allocator_copy(__alloc(), __first, __last, __tx.__pos_);
build	Build DaddyBoard (HeliBoard fork)	2026-09-30T16:05:17.8627883Z C/C++:       |                      ^
build	Build DaddyBoard (HeliBoard fork)	2026-09-30T16:05:17.8630358Z C/C++: /usr/local/lib/android/sdk/ndk/28.0.13004108/toolchains/llvm/prebuilt/linux-x86_64/sysroot/usr/include/c++/v1/vector:761:7: note: in instantiation of function template specialization 'std::vector<latinime::NgramProperty>::__construct_at_end<latinime::NgramProperty *, latinime::NgramProperty *>' requested here
build	Build DaddyBoard (HeliBoard fork)	2026-09-30T16:05:17.8632635Z C/C++:   761 |       __construct_at_end(__first, __last, __n);
build	Build DaddyBoard (HeliBoard fork)	2026-09-30T16:05:17.8633349Z C/C++:       |       ^
build	Build DaddyBoard (HeliBoard fork)	2026-09-30T16:05:17.9330612Z C/C++: /usr/local/lib/android/sdk/ndk/28.0.13004108/toolchains/llvm/prebuilt/linux-x86_64/sysroot/usr/include/c++/v1/vector:1213:3: note: in instantiation of function template specialization 'std::vector<latinime::NgramProperty>::__init_with_size<latinime::NgramProperty *, latinime::NgramProperty *>' requested here
build	Build DaddyBoard (HeliBoard fork)	2026-09-30T16:05:17.9338728Z C/C++:  1213 |   __init_with_size(__x.__begin_, __x.__end_, __x.size());
build	Build DaddyBoard (HeliBoard fork)	2026-09-30T16:05:17.9339628Z C/C++:       |   ^
build	Build DaddyBoard (HeliBoard fork)	2026-09-30T16:05:17.9341517Z C/C++: /home/runner/work/daddyboard/daddyboard/daddyboard-main/app/src/main/jni/src/dictionary/property/word_property.h:39:15: note: in instantiation of member function 'std::vector<latinime::NgramProperty>::vector' requested here
build	Build DaddyBoard (HeliBoard fork)	2026-09-30T16:05:17.9343480Z C/C++:    39 |               mNgrams(ngrams) {}
build	Build DaddyBoard (HeliBoard fork)	2026-09-30T16:05:17.9344158Z C/C++:       |               ^
build	Build DaddyBoard (HeliBoard fork)	2026-09-30T16:05:18.1326349Z C/C++: 29 warnings generated.
--
build	Build DaddyBoard (HeliBoard fork)	2026-09-30T16:05:18.7344190Z C/C++: /home/runner/work/daddyboard/daddyboard/daddyboard-main/app/src/main/jni/src/dictionary/property/historical_info.h:52:5: warning: definition of implicit copy constructor for 'HistoricalInfo' is deprecated because it has a user-declared copy assignment operator [-Wdeprecated-copy]
build	Build DaddyBoard (HeliBoard fork)	2026-09-30T16:05:18.7345591Z C/C++:    52 |     DISALLOW_ASSIGNMENT_OPERATOR(HistoricalInfo);
build	Build DaddyBoard (HeliBoard fork)	2026-09-30T16:05:18.7345926Z C/C++:       |     ^
build	Build DaddyBoard (HeliBoard fork)	2026-09-30T16:05:18.7346971Z C/C++: /home/runner/work/daddyboard/daddyboard/daddyboard-main/app/src/main/jni/src/defines.h:289:8: note: expanded from macro 'DISALLOW_ASSIGNMENT_OPERATOR'
build	Build DaddyBoard (HeliBoard fork)	2026-09-30T16:05:18.7347708Z C/C++:   289 |   void operator=(const TypeName&) = delete
build	Build DaddyBoard (HeliBoard fork)	2026-09-30T16:05:18.7348019Z C/C++:       |        ^
build	Build DaddyBoard (HeliBoard fork)	2026-09-30T16:05:18.7348867Z C/C++: /home/runner/work/daddyboard/daddyboard/daddyboard-main/app/src/main/jni/src/dictionary/property/ngram_property.h:33:42: note: in implicit copy constructor for 'latinime::HistoricalInfo' first required here
build	Build DaddyBoard (HeliBoard fork)	2026-09-30T16:05:18.7349840Z C/C++:    33 |               mProbability(probability), mHistoricalInfo(historicalInfo) {}
build	Build DaddyBoard (HeliBoard fork)	2026-09-30T16:05:18.7350250Z C/C++:       |                                          ^
build	Build DaddyBoard (HeliBoard fork)	2026-09-30T16:05:18.7350945Z C/C++: In file included from /home/runner/work/daddyboard/daddyboard/daddyboard-main/app/src/main/jni/com_android_inputmethod_latin_BinaryDictionaryUtils.cpp:27:
--
build	Build DaddyBoard (HeliBoard fork)	2026-09-30T16:05:18.7354485Z C/C++: /home/runner/work/daddyboard/daddyboard/daddyboard-main/app/src/main/jni/src/dictionary/property/unigram_property.h:126:5: warning: definition of implicit copy constructor for 'UnigramProperty' is deprecated because it has a user-declared copy assignment operator [-Wdeprecated-copy]
build	Build DaddyBoard (HeliBoard fork)	2026-09-30T16:05:18.7356058Z C/C++:   126 |     DISALLOW_ASSIGNMENT_OPERATOR(UnigramProperty);
build	Build DaddyBoard (HeliBoard fork)	2026-09-30T16:05:18.7356435Z C/C++:       |     ^
build	Build DaddyBoard (HeliBoard fork)	2026-09-30T16:05:18.7357034Z C/C++: /home/runner/work/daddyboard/daddyboard/daddyboard-main/app/src/main/jni/src/defines.h:289:8: note: expanded from macro 'DISALLOW_ASSIGNMENT_OPERATOR'
build	Build DaddyBoard (HeliBoard fork)	2026-09-30T16:05:18.7357727Z C/C++:   289 |   void operator=(const TypeName&) = delete
build	Build DaddyBoard (HeliBoard fork)	2026-09-30T16:05:18.7358031Z C/C++:       |        ^
build	Build DaddyBoard (HeliBoard fork)	2026-09-30T16:05:18.7358850Z C/C++: /home/runner/work/daddyboard/daddyboard/daddyboard-main/app/src/main/jni/src/dictionary/property/word_property.h:38:51: note: in implicit copy constructor for 'latinime::UnigramProperty' first required here
build	Build DaddyBoard (HeliBoard fork)	2026-09-30T16:05:18.7360093Z C/C++:    38 |             : mCodePoints(std::move(codePoints)), mUnigramProperty(unigramProperty),
build	Build DaddyBoard (HeliBoard fork)	2026-09-30T16:05:18.7378535Z C/C++:       |                                                   ^
build	Build DaddyBoard (HeliBoard fork)	2026-09-30T16:05:18.7379401Z C/C++: In file included from /home/runner/work/daddyboard/daddyboard/daddyboard-main/app/src/main/jni/com_android_inputmethod_latin_BinaryDictionaryUtils.cpp:27:
build	Build DaddyBoard (HeliBoard fork)	2026-09-30T16:05:18.7380661Z C/C++: /home/runner/work/daddyboard/daddyboard/daddyboard-main/app/src/main/jni/src/utils/jni_data_utils.h:52:27: warning: variable length arrays in C++ are a Clang extension [-Wvla-cxx-extension]
build	Build DaddyBoard (HeliBoard fork)	2026-09-30T16:05:18.7381529Z C/C++:    52 |             char keyChars[keyUtf8Length + 1];
build	Build DaddyBoard (HeliBoard fork)	2026-09-30T16:05:18.7381885Z C/C++:       |                           ^~~~~~~~~~~~~~~~~
build	Build DaddyBoard (HeliBoard fork)	2026-09-30T16:05:18.7382644Z C/C++: /home/runner/work/daddyboard/daddyboard/daddyboard-main/app/src/main/jni/src/utils/jni_data_utils.h:52:27: note: initializer of 'keyUtf8Length' is not a constant expression
build	Build DaddyBoard (HeliBoard fork)	2026-09-30T16:05:18.7383705Z C/C++: /home/runner/work/daddyboard/daddyboard/daddyboard-main/app/src/main/jni/src/utils/jni_data_utils.h:51:25: note: declared here
build	Build DaddyBoard (HeliBoard fork)	2026-09-30T16:05:18.7384631Z C/C++:    51 |             const jsize keyUtf8Length = env->GetStringUTFLength(keyString);
build	Build DaddyBoard (HeliBoard fork)	2026-09-30T16:05:18.7385052Z C/C++:       |                         ^
build	Build DaddyBoard (HeliBoard fork)	2026-09-30T16:05:18.7385848Z C/C++: /home/runner/work/daddyboard/daddyboard/daddyboard-main/app/src/main/jni/src/utils/jni_data_utils.h:62:29: warning: variable length arrays in C++ are a Clang extension [-Wvla-cxx-extension]
build	Build DaddyBoard (HeliBoard fork)	2026-09-30T16:05:18.7386689Z C/C++:    62 |             char valueChars[valueUtf8Length + 1];
build	Build DaddyBoard (HeliBoard fork)	2026-09-30T16:05:18.7387027Z C/C++:       |                             ^~~~~~~~~~~~~~~~~~~
build	Build DaddyBoard (HeliBoard fork)	2026-09-30T16:05:18.7387975Z C/C++: /home/runner/work/daddyboard/daddyboard/daddyboard-main/app/src/main/jni/src/utils/jni_data_utils.h:62:29: note: initializer of 'valueUtf8Length' is not a constant expression
build	Build DaddyBoard (HeliBoard fork)	2026-09-30T16:05:18.7389025Z C/C++: /home/runner/work/daddyboard/daddyboard/daddyboard-main/app/src/main/jni/src/utils/jni_data_utils.h:61:25: note: declared here
build	Build DaddyBoard (HeliBoard fork)	2026-09-30T16:05:18.7389737Z C/C++:    61 |             const jsize valueUtf8Length = env->GetStringUTFLength(valueString);
build	Build DaddyBoard (HeliBoard fork)	2026-09-30T16:05:18.7390141Z C/C++:       |                         ^
build	Build DaddyBoard (HeliBoard fork)	2026-09-30T16:05:18.7394315Z C/C++: /home/runner/work/daddyboard/daddyboard/daddyboard-main/app/src/main/jni/src/utils/jni_data_utils.h:77:29: warning: variable length arrays in C++ are a Clang extension [-Wvla-cxx-extension]
build	Build DaddyBoard (HeliBoard fork)	2026-09-30T16:05:18.7395413Z C/C++:    77 |         int outputCodePonts[codePointBufSize];
build	Build DaddyBoard (HeliBoard fork)	2026-09-30T16:05:18.7395773Z C/C++:       |                             ^~~~~~~~~~~~~~~~
build	Build DaddyBoard (HeliBoard fork)	2026-09-30T16:05:18.7396575Z C/C++: /home/runner/work/daddyboard/daddyboard/daddyboard-main/app/src/main/jni/src/utils/jni_data_utils.h:77:29: note: initializer of 'codePointBufSize' is not a constant expression
build	Build DaddyBoard (HeliBoard fork)	2026-09-30T16:05:18.7397662Z C/C++: /home/runner/work/daddyboard/daddyboard/daddyboard-main/app/src/main/jni/src/utils/jni_data_utils.h:76:19: note: declared here
build	Build DaddyBoard (HeliBoard fork)	2026-09-30T16:05:18.7398386Z C/C++:    76 |         const int codePointBufSize = std::min(maxLength, codePointCount);
build	Build DaddyBoard (HeliBoard fork)	2026-09-30T16:05:18.7398782Z C/C++:       |                   ^
build	Build DaddyBoard (HeliBoard fork)	2026-09-30T16:05:18.7399663Z C/C++: /home/runner/work/daddyboard/daddyboard/daddyboard-main/app/src/main/jni/com_android_inputmethod_latin_BinaryDictionaryUtils.cpp:36:24: warning: variable length arrays in C++ are a Clang extension [-Wvla-cxx-extension]
build	Build DaddyBoard (HeliBoard fork)	2026-09-30T16:05:18.7400626Z C/C++:    36 |     char filePathChars[filePathUtf8Length + 1];
build	Build DaddyBoard (HeliBoard fork)	2026-09-30T16:05:18.7400970Z C/C++:       |                        ^~~~~~~~~~~~~~~~~~~~~~
build	Build DaddyBoard (HeliBoard fork)	2026-09-30T16:05:18.7401851Z C/C++: /home/runner/work/daddyboard/daddyboard/daddyboard-main/app/src/main/jni/com_android_inputmethod_latin_BinaryDictionaryUtils.cpp:36:24: note: initializer of 'filePathUtf8Length' is not a constant expression
build	Build DaddyBoard (HeliBoard fork)	2026-09-30T16:05:18.7403147Z C/C++: /home/runner/work/daddyboard/daddyboard/daddyboard-main/app/src/main/jni/com_android_inputmethod_latin_BinaryDictionaryUtils.cpp:35:17: note: declared here
build	Build DaddyBoard (HeliBoard fork)	2026-09-30T16:05:18.7404161Z C/C++:    35 |     const jsize filePathUtf8Length = env->GetStringUTFLength(filePath);
build	Build DaddyBoard (HeliBoard fork)	2026-09-30T16:05:18.7404699Z C/C++:       |                 ^
build	Build DaddyBoard (HeliBoard fork)	2026-09-30T16:05:18.7405565Z C/C++: /home/runner/work/daddyboard/daddyboard/daddyboard-main/app/src/main/jni/com_android_inputmethod_latin_BinaryDictionaryUtils.cpp:41:22: warning: variable length arrays in C++ are a Clang extension [-Wvla-cxx-extension]
build	Build DaddyBoard (HeliBoard fork)	2026-09-30T16:05:18.7406503Z C/C++:    41 |     char localeChars[localeUtf8Length + 1];
build	Build DaddyBoard (HeliBoard fork)	2026-09-30T16:05:18.7406836Z C/C++:       |                      ^~~~~~~~~~~~~~~~~~~~
build	Build DaddyBoard (HeliBoard fork)	2026-09-30T16:05:18.7407699Z C/C++: /home/runner/work/daddyboard/daddyboard/daddyboard-main/app/src/main/jni/com_android_inputmethod_latin_BinaryDictionaryUtils.cpp:41:22: note: initializer of 'localeUtf8Length' is not a constant expression
build	Build DaddyBoard (HeliBoard fork)	2026-09-30T16:05:18.7408945Z C/C++: /home/runner/work/daddyboard/daddyboard/daddyboard-main/app/src/main/jni/com_android_inputmethod_latin_BinaryDictionaryUtils.cpp:40:17: note: declared here
build	Build DaddyBoard (HeliBoard fork)	2026-09-30T16:05:18.7409733Z C/C++:    40 |     const jsize localeUtf8Length = env->GetStringUTFLength(locale);
build	Build DaddyBoard (HeliBoard fork)	2026-09-30T16:05:18.7410113Z C/C++:       |                 ^
build	Build DaddyBoard (HeliBoard fork)	2026-09-30T16:05:18.7411009Z C/C++: /home/runner/work/daddyboard/daddyboard/daddyboard-main/app/src/main/jni/com_android_inputmethod_latin_BinaryDictionaryUtils.cpp:63:26: warning: variable length arrays in C++ are a Clang extension [-Wvla-cxx-extension]
build	Build DaddyBoard (HeliBoard fork)	2026-09-30T16:05:18.7411942Z C/C++:    63 |     int beforeCodePoints[beforeLength];
build	Build DaddyBoard (HeliBoard fork)	2026-09-30T16:05:18.7412253Z C/C++:       |                          ^~~~~~~~~~~~
build	Build DaddyBoard (HeliBoard fork)	2026-09-30T16:05:18.7413293Z C/C++: /home/runner/work/daddyboard/daddyboard/daddyboard-main/app/src/main/jni/com_android_inputmethod_latin_BinaryDictionaryUtils.cpp:63:26: note: read of non-const variable 'beforeLength' is not allowed in a constant expression
build	Build DaddyBoard (HeliBoard fork)	2026-09-30T16:05:18.7414732Z C/C++: /home/runner/work/daddyboard/daddyboard/daddyboard-main/app/src/main/jni/com_android_inputmethod_latin_BinaryDictionaryUtils.cpp:61:11: note: declared here
build	Build DaddyBoard (HeliBoard fork)	2026-09-30T16:05:18.7415487Z C/C++:    61 |     jsize beforeLength = env->GetArrayLength(before);
build	Build DaddyBoard (HeliBoard fork)	2026-09-30T16:05:18.7415822Z C/C++:       |           ^
build	Build DaddyBoard (HeliBoard fork)	2026-09-30T16:05:18.7416981Z C/C++: /home/runner/work/daddyboard/daddyboard/daddyboard-main/app/src/main/jni/com_android_inputmethod_latin_BinaryDictionaryUtils.cpp:64:25: warning: variable length arrays in C++ are a Clang extension [-Wvla-cxx-extension]
build	Build DaddyBoard (HeliBoard fork)	2026-09-30T16:05:18.7417934Z C/C++:    64 |     int afterCodePoints[afterLength];
build	Build DaddyBoard (HeliBoard fork)	2026-09-30T16:05:18.7418244Z C/C++:       |                         ^~~~~~~~~~~
build	Build DaddyBoard (HeliBoard fork)	2026-09-30T16:05:18.7419171Z C/C++: /home/runner/work/daddyboard/daddyboard/daddyboard-main/app/src/main/jni/com_android_inputmethod_latin_BinaryDictionaryUtils.cpp:64:25: note: read of non-const variable 'afterLength' is not allowed in a constant expression
build	Build DaddyBoard (HeliBoard fork)	2026-09-30T16:05:18.7420482Z C/C++: /home/runner/work/daddyboard/daddyboard/daddyboard-main/app/src/main/jni/com_android_inputmethod_latin_BinaryDictionaryUtils.cpp:62:11: note: declared here
build	Build DaddyBoard (HeliBoard fork)	2026-09-30T16:05:18.7421259Z C/C++:    62 |     jsize afterLength = env->GetArrayLength(after);
build	Build DaddyBoard (HeliBoard fork)	2026-09-30T16:05:18.7421582Z C/C++:       |           ^
build	Build DaddyBoard (HeliBoard fork)	2026-09-30T16:05:18.7422213Z C/C++: In file included from /home/runner/work/daddyboard/daddyboard/daddyboard-main/app/src/main/jni/com_android_inputmethod_latin_BinaryDictionaryUtils.cpp:27:
--
build	Build DaddyBoard (HeliBoard fork)	2026-09-30T16:05:18.7425634Z C/C++: /home/runner/work/daddyboard/daddyboard/daddyboard-main/app/src/main/jni/src/utils/int_array_view.h:160:5: warning: definition of implicit copy constructor for 'IntArrayView' is deprecated because it has a user-declared copy assignment operator [-Wdeprecated-copy]
build	Build DaddyBoard (HeliBoard fork)	2026-09-30T16:05:18.7426902Z C/C++:   160 |     DISALLOW_ASSIGNMENT_OPERATOR(IntArrayView);
build	Build DaddyBoard (HeliBoard fork)	2026-09-30T16:05:18.7427219Z C/C++:       |     ^
build	Build DaddyBoard (HeliBoard fork)	2026-09-30T16:05:18.7427822Z C/C++: /home/runner/work/daddyboard/daddyboard/daddyboard-main/app/src/main/jni/src/defines.h:289:8: note: expanded from macro 'DISALLOW_ASSIGNMENT_OPERATOR'
build	Build DaddyBoard (HeliBoard fork)	2026-09-30T16:05:18.7428526Z C/C++:   289 |   void operator=(const TypeName&) = delete
build	Build DaddyBoard (HeliBoard fork)	2026-09-30T16:05:18.7428818Z C/C++:       |        ^
build	Build DaddyBoard (HeliBoard fork)	2026-09-30T16:05:18.7429651Z C/C++: /usr/local/lib/android/sdk/ndk/28.0.13004108/toolchains/llvm/prebuilt/linux-x86_64/sysroot/usr/include/c++/v1/__memory/allocator.h:173:24: note: in implicit copy constructor for 'latinime::IntArrayView' first required here
build	Build DaddyBoard (HeliBoard fork)	2026-09-30T16:05:18.7430600Z C/C++:   173 |     ::new ((void*)__p) _Up(std::forward<_Args>(__args)...);
build	Build DaddyBoard (HeliBoard fork)	2026-09-30T16:05:18.7430941Z C/C++:       |                        ^
build	Build DaddyBoard (HeliBoard fork)	2026-09-30T16:05:18.7432145Z C/C++: /usr/local/lib/android/sdk/ndk/28.0.13004108/toolchains/llvm/prebuilt/linux-x86_64/sysroot/usr/include/c++/v1/__memory/allocator_traits.h:320:9: note: in instantiation of function template specialization 'std::allocator<latinime::IntArrayView>::construct<latinime::IntArrayView, latinime::IntArrayView>' requested here
build	Build DaddyBoard (HeliBoard fork)	2026-09-30T16:05:18.7433410Z C/C++:   320 |     __a.construct(__p, std::forward<_Args>(__args)...);
build	Build DaddyBoard (HeliBoard fork)	2026-09-30T16:05:18.7433737Z C/C++:       |         ^
build	Build DaddyBoard (HeliBoard fork)	2026-09-30T16:05:18.7435120Z C/C++: /usr/local/lib/android/sdk/ndk/28.0.13004108/toolchains/llvm/prebuilt/linux-x86_64/sysroot/usr/include/c++/v1/__memory/uninitialized_algorithms.h:639:33: note: in instantiation of function template specialization 'std::allocator_traits<std::allocator<latinime::IntArrayView>>::construct<latinime::IntArrayView, latinime::IntArrayView, 0>' requested here
build	Build DaddyBoard (HeliBoard fork)	2026-09-30T16:05:18.7436694Z C/C++:   639 |       allocator_traits<_Alloc>::construct(__alloc, __result, std::move(*__iter));
build	Build DaddyBoard (HeliBoard fork)	2026-09-30T16:05:18.7437117Z C/C++:       |                                 ^
build	Build DaddyBoard (HeliBoard fork)	2026-09-30T16:05:18.7438172Z C/C++: /usr/local/lib/android/sdk/ndk/28.0.13004108/toolchains/llvm/prebuilt/linux-x86_64/sysroot/usr/include/c++/v1/vector:1511:3: note: in instantiation of member function 'std::vector<latinime::IntArrayView>::__swap_out_circular_buffer' requested here
build	Build DaddyBoard (HeliBoard fork)	2026-09-30T16:05:18.7439150Z C/C++:  1511 |   __swap_out_circular_buffer(__v);
build	Build DaddyBoard (HeliBoard fork)	2026-09-30T16:05:18.7439429Z C/C++:       |   ^
build	Build DaddyBoard (HeliBoard fork)	2026-09-30T16:05:18.7440509Z C/C++: /usr/local/lib/android/sdk/ndk/28.0.13004108/toolchains/llvm/prebuilt/linux-x86_64/sysroot/usr/include/c++/v1/vector:1529:13: note: in instantiation of function template specialization 'std::vector<latinime::IntArrayView>::__emplace_back_slow_path<const int *const &, const unsigned long &>' requested here
build	Build DaddyBoard (HeliBoard fork)	2026-09-30T16:05:18.7441755Z C/C++:  1529 |     __end = __emplace_back_slow_path(std::forward<_Args>(__args)...);
build	Build DaddyBoard (HeliBoard fork)	2026-09-30T16:05:18.7442127Z C/C++:       |             ^
build	Build DaddyBoard (HeliBoard fork)	2026-09-30T16:05:18.7443165Z C/C++: /home/runner/work/daddyboard/daddyboard/daddyboard-main/app/src/main/jni/src/utils/int_array_view.h:142:20: note: in instantiation of function template specialization 'std::vector<latinime::IntArrayView>::emplace_back<const int *const &, const unsigned long &>' requested here
build	Build DaddyBoard (HeliBoard fork)	2026-09-30T16:05:18.7444277Z C/C++:   142 |             result.emplace_back(mPtr, mSize);
build	Build DaddyBoard (HeliBoard fork)	2026-09-30T16:05:18.7444828Z C/C++:       |                    ^
build	Build DaddyBoard (HeliBoard fork)	2026-09-30T16:05:18.7445493Z C/C++: In file included from /home/runner/work/daddyboard/daddyboard/daddyboard-main/app/src/main/jni/com_android_inputmethod_latin_BinaryDictionaryUtils.cpp:27:
--
build	Build DaddyBoard (HeliBoard fork)	2026-09-30T16:05:18.7448871Z C/C++: /home/runner/work/daddyboard/daddyboard/daddyboard-main/app/src/main/jni/src/dictionary/property/ngram_property.h:54:5: warning: definition of implicit copy constructor for 'NgramProperty' is deprecated because it has a user-declared copy assignment operator [-Wdeprecated-copy]
build	Build DaddyBoard (HeliBoard fork)	2026-09-30T16:05:18.7450160Z C/C++:    54 |     DISALLOW_ASSIGNMENT_OPERATOR(NgramProperty);
build	Build DaddyBoard (HeliBoard fork)	2026-09-30T16:05:18.7450472Z C/C++:       |     ^
build	Build DaddyBoard (HeliBoard fork)	2026-09-30T16:05:18.7451064Z C/C++: /home/runner/work/daddyboard/daddyboard/daddyboard-main/app/src/main/jni/src/defines.h:289:8: note: expanded from macro 'DISALLOW_ASSIGNMENT_OPERATOR'
build	Build DaddyBoard (HeliBoard fork)	2026-09-30T16:05:18.7451748Z C/C++:   289 |   void operator=(const TypeName&) = delete
build	Build DaddyBoard (HeliBoard fork)	2026-09-30T16:05:18.7452047Z C/C++:       |        ^
build	Build DaddyBoard (HeliBoard fork)	2026-09-30T16:05:18.7452880Z C/C++: /usr/local/lib/android/sdk/ndk/28.0.13004108/toolchains/llvm/prebuilt/linux-x86_64/sysroot/usr/include/c++/v1/__memory/allocator.h:173:24: note: in implicit copy constructor for 'latinime::NgramProperty' first required here
build	Build DaddyBoard (HeliBoard fork)	2026-09-30T16:05:18.7453826Z C/C++:   173 |     ::new ((void*)__p) _Up(std::forward<_Args>(__args)...);
build	Build DaddyBoard (HeliBoard fork)	2026-09-30T16:05:18.7454175Z C/C++:       |                        ^
build	Build DaddyBoard (HeliBoard fork)	2026-09-30T16:05:18.7455569Z C/C++: /usr/local/lib/android/sdk/ndk/28.0.13004108/toolchains/llvm/prebuilt/linux-x86_64/sysroot/usr/include/c++/v1/__memory/allocator_traits.h:320:9: note: in instantiation of function template specialization 'std::allocator<latinime::NgramProperty>::construct<latinime::NgramProperty, latinime::NgramProperty &>' requested here
build	Build DaddyBoard (HeliBoard fork)	2026-09-30T16:05:18.7456845Z C/C++:   320 |     __a.construct(__p, std::forward<_Args>(__args)...);
build	Build DaddyBoard (HeliBoard fork)	2026-09-30T16:05:18.7457170Z C/C++:       |         ^
build	Build DaddyBoard (HeliBoard fork)	2026-09-30T16:05:18.7458455Z C/C++: /usr/local/lib/android/sdk/ndk/28.0.13004108/toolchains/llvm/prebuilt/linux-x86_64/sysroot/usr/include/c++/v1/__memory/uninitialized_algorithms.h:551:31: note: in instantiation of function template specialization 'std::allocator_traits<std::allocator<latinime::NgramProperty>>::construct<latinime::NgramProperty, latinime::NgramProperty &, 0>' requested here
build	Build DaddyBoard (HeliBoard fork)	2026-09-30T16:05:18.7460089Z C/C++:   551 |     allocator_traits<_Alloc>::construct(__alloc, std::__to_address(__first2), *__first1);
build	Build DaddyBoard (HeliBoard fork)	2026-09-30T16:05:18.7460543Z C/C++:       |                               ^
build	Build DaddyBoard (HeliBoard fork)	2026-09-30T16:05:18.7461988Z C/C++: /usr/local/lib/android/sdk/ndk/28.0.13004108/toolchains/llvm/prebuilt/linux-x86_64/sysroot/usr/include/c++/v1/__memory/uninitialized_algorithms.h:594:33: note: in instantiation of function template specialization 'std::__uninitialized_allocator_copy_impl<std::allocator<latinime::NgramProperty>, latinime::NgramProperty *, latinime::NgramProperty *, latinime::NgramProperty *>' requested here
build	Build DaddyBoard (HeliBoard fork)	2026-09-30T16:05:18.7463519Z C/C++:   594 |   auto __result          = std::__uninitialized_allocator_copy_impl(
build	Build DaddyBoard (HeliBoard fork)	2026-09-30T16:05:18.7463908Z C/C++:       |                                 ^
build	Build DaddyBoard (HeliBoard fork)	2026-09-30T16:05:18.7465361Z C/C++: /usr/local/lib/android/sdk/ndk/28.0.13004108/toolchains/llvm/prebuilt/linux-x86_64/sysroot/usr/include/c++/v1/vector:1100:22: note: in instantiation of function template specialization 'std::__uninitialized_allocator_copy<std::allocator<latinime::NgramProperty>, latinime::NgramProperty *, latinime::NgramProperty *, latinime::NgramProperty *>' requested here
build	Build DaddyBoard (HeliBoard fork)	2026-09-30T16:05:18.7466881Z C/C++:  1100 |   __tx.__pos_ = std::__uninitialized_allocator_copy(__alloc(), __first, __last, __tx.__pos_);
build	Build DaddyBoard (HeliBoard fork)	2026-09-30T16:05:18.7467335Z C/C++:       |                      ^
build	Build DaddyBoard (HeliBoard fork)	2026-09-30T16:05:18.7468484Z C/C++: /usr/local/lib/android/sdk/ndk/28.0.13004108/toolchains/llvm/prebuilt/linux-x86_64/sysroot/usr/include/c++/v1/vector:761:7: note: in instantiation of function template specialization 'std::vector<latinime::NgramProperty>::__construct_at_end<latinime::NgramProperty *, latinime::NgramProperty *>' requested here
build	Build DaddyBoard (HeliBoard fork)	2026-09-30T16:05:18.7469701Z C/C++:   761 |       __construct_at_end(__first, __last, __n);
build	Build DaddyBoard (HeliBoard fork)	2026-09-30T16:05:18.7470002Z C/C++:       |       ^
build	Build DaddyBoard (HeliBoard fork)	2026-09-30T16:05:18.7471101Z C/C++: /usr/local/lib/android/sdk/ndk/28.0.13004108/toolchains/llvm/prebuilt/linux-x86_64/sysroot/usr/include/c++/v1/vector:1213:3: note: in instantiation of function template specialization 'std::vector<latinime::NgramProperty>::__init_with_size<latinime::NgramProperty *, latinime::NgramProperty *>' requested here
build	Build DaddyBoard (HeliBoard fork)	2026-09-30T16:05:18.7472439Z C/C++:  1213 |   __init_with_size(__x.__begin_, __x.__end_, __x.size());
build	Build DaddyBoard (HeliBoard fork)	2026-09-30T16:05:18.7472768Z C/C++:       |   ^
build	Build DaddyBoard (HeliBoard fork)	2026-09-30T16:05:18.7473609Z C/C++: /home/runner/work/daddyboard/daddyboard/daddyboard-main/app/src/main/jni/src/dictionary/property/word_property.h:39:15: note: in instantiation of member function 'std::vector<latinime::NgramProperty>::vector' requested here
build	Build DaddyBoard (HeliBoard fork)	2026-09-30T16:05:18.7474634Z C/C++:    39 |               mNgrams(ngrams) {}
build	Build DaddyBoard (HeliBoard fork)	2026-09-30T16:05:18.7474914Z C/C++:       |               ^
build	Build DaddyBoard (HeliBoard fork)	2026-09-30T16:05:18.9386325Z C/C++: 11 warnings generated.
--
build	Build DaddyBoard (HeliBoard fork)	2026-09-30T16:05:19.8566838Z C/C++: /home/runner/work/daddyboard/daddyboard/daddyboard-main/app/src/main/jni/src/dictionary/property/historical_info.h:52:5: warning: definition of implicit copy constructor for 'HistoricalInfo' is deprecated because it has a user-declared copy assignment operator [-Wdeprecated-copy]
build	Build DaddyBoard (HeliBoard fork)	2026-09-30T16:05:19.8595140Z C/C++:    52 |     DISALLOW_ASSIGNMENT_OPERATOR(HistoricalInfo);
build	Build DaddyBoard (HeliBoard fork)	2026-09-30T16:05:19.8655011Z C/C++:       |     ^
build	Build DaddyBoard (HeliBoard fork)	2026-09-30T16:05:19.8685893Z C/C++: /home/runner/work/daddyboard/daddyboard/daddyboard-main/app/src/main/jni/src/defines.h:289:8: note: expanded from macro 'DISALLOW_ASSIGNMENT_OPERATOR'
build	Build DaddyBoard (HeliBoard fork)	2026-09-30T16:05:19.8745132Z C/C++:   289 |   void operator=(const TypeName&) = delete
build	Build DaddyBoard (HeliBoard fork)	2026-09-30T16:05:19.8784961Z C/C++:       |        ^
build	Build DaddyBoard (HeliBoard fork)	2026-09-30T16:05:19.8786572Z C/C++: /home/runner/work/daddyboard/daddyboard/daddyboard-main/app/src/main/jni/src/dictionary/property/ngram_property.h:33:42: note: in implicit copy constructor for 'latinime::HistoricalInfo' first required here
build	Build DaddyBoard (HeliBoard fork)	2026-09-30T16:05:19.8788412Z C/C++:    33 |               mProbability(probability), mHistoricalInfo(historicalInfo) {}
build	Build DaddyBoard (HeliBoard fork)	2026-09-30T16:05:19.8789178Z C/C++:       |                                          ^
build	Build DaddyBoard (HeliBoard fork)	2026-09-30T16:05:19.8790451Z C/C++: In file included from /home/runner/work/daddyboard/daddyboard/daddyboard-main/app/src/main/jni/com_android_inputmethod_latin_DicTraverseSession.cpp:25:
--
build	Build DaddyBoard (HeliBoard fork)	2026-09-30T16:05:19.8801878Z C/C++: /home/runner/work/daddyboard/daddyboard/daddyboard-main/app/src/main/jni/src/dictionary/property/unigram_property.h:126:5: warning: definition of implicit copy constructor for 'UnigramProperty' is deprecated because it has a user-declared copy assignment operator [-Wdeprecated-copy]
build	Build DaddyBoard (HeliBoard fork)	2026-09-30T16:05:19.8804260Z C/C++:   126 |     DISALLOW_ASSIGNMENT_OPERATOR(UnigramProperty);
build	Build DaddyBoard (HeliBoard fork)	2026-09-30T16:05:19.8805620Z C/C++:       |     ^
build	Build DaddyBoard (HeliBoard fork)	2026-09-30T16:05:19.8806745Z C/C++: /home/runner/work/daddyboard/daddyboard/daddyboard-main/app/src/main/jni/src/defines.h:289:8: note: expanded from macro 'DISALLOW_ASSIGNMENT_OPERATOR'
build	Build DaddyBoard (HeliBoard fork)	2026-09-30T16:05:19.8808114Z C/C++:   289 |   void operator=(const TypeName&) = delete
build	Build DaddyBoard (HeliBoard fork)	2026-09-30T16:05:19.8808701Z C/C++:       |        ^
build	Build DaddyBoard (HeliBoard fork)	2026-09-30T16:05:19.8835985Z C/C++: /home/runner/work/daddyboard/daddyboard/daddyboard-main/app/src/main/jni/src/dictionary/property/word_property.h:38:51: note: in implicit copy constructor for 'latinime::UnigramProperty' first required here
build	Build DaddyBoard (HeliBoard fork)	2026-09-30T16:05:19.8885265Z C/C++:    38 |             : mCodePoints(std::move(codePoints)), mUnigramProperty(unigramProperty),
build	Build DaddyBoard (HeliBoard fork)	2026-09-30T16:05:19.8886197Z C/C++:       |                                                   ^
build	Build DaddyBoard (HeliBoard fork)	2026-09-30T16:05:19.9336181Z C/C++: In file included from /home/runner/work/daddyboard/daddyboard/daddyboard-main/app/src/main/jni/com_android_inputmethod_latin_DicTraverseSession.cpp:25:
--
build	Build DaddyBoard (HeliBoard fork)	2026-09-30T16:05:19.9446185Z C/C++: /home/runner/work/daddyboard/daddyboard/daddyboard-main/app/src/main/jni/src/dictionary/utils/bloom_filter.h:47:5: warning: definition of implicit copy constructor for 'BloomFilter' is deprecated because it has a user-declared copy assignment operator [-Wdeprecated-copy]
build	Build DaddyBoard (HeliBoard fork)	2026-09-30T16:05:19.9448579Z C/C++:    47 |     DISALLOW_ASSIGNMENT_OPERATOR(BloomFilter);
build	Build DaddyBoard (HeliBoard fork)	2026-09-30T16:05:19.9494928Z C/C++:       |     ^
build	Build DaddyBoard (HeliBoard fork)	2026-09-30T16:05:19.9505604Z C/C++: /home/runner/work/daddyboard/daddyboard/daddyboard-main/app/src/main/jni/src/defines.h:289:8: note: expanded from macro 'DISALLOW_ASSIGNMENT_OPERATOR'
build	Build DaddyBoard (HeliBoard fork)	2026-09-30T16:05:19.9524996Z C/C++:   289 |   void operator=(const TypeName&) = delete
build	Build DaddyBoard (HeliBoard fork)	2026-09-30T16:05:19.9554906Z C/C++:       |        ^
build	Build DaddyBoard (HeliBoard fork)	2026-09-30T16:05:19.9586055Z C/C++: /home/runner/work/daddyboard/daddyboard/daddyboard-main/app/src/main/jni/src/dictionary/utils/multi_bigram_map.h:57:53: note: in implicit copy constructor for 'latinime::BloomFilter' first required here
build	Build DaddyBoard (HeliBoard fork)	2026-09-30T16:05:19.9617084Z C/C++:    57 |                 : mBigramMap(bigramMap.mBigramMap), mBloomFilter(bigramMap.mBloomFilter) {}
build	Build DaddyBoard (HeliBoard fork)	2026-09-30T16:05:19.9705092Z C/C++:       |                                                     ^
build	Build DaddyBoard (HeliBoard fork)	2026-09-30T16:05:20.0356068Z C/C++: In file included from /home/runner/work/daddyboard/daddyboard/daddyboard-main/app/src/main/jni/com_android_inputmethod_latin_DicTraverseSession.cpp:22:
--
build	Build DaddyBoard (HeliBoard fork)	2026-09-30T16:05:20.0416408Z C/C++: /home/runner/work/daddyboard/daddyboard/daddyboard-main/app/src/main/jni/src/utils/int_array_view.h:160:5: warning: definition of implicit copy constructor for 'IntArrayView' is deprecated because it has a user-declared copy assignment operator [-Wdeprecated-copy]
build	Build DaddyBoard (HeliBoard fork)	2026-09-30T16:05:20.0445030Z C/C++:   160 |     DISALLOW_ASSIGNMENT_OPERATOR(IntArrayView);
build	Build DaddyBoard (HeliBoard fork)	2026-09-30T16:05:20.0455006Z C/C++:       |     ^
build	Build DaddyBoard (HeliBoard fork)	2026-09-30T16:05:20.0466237Z C/C++: /home/runner/work/daddyboard/daddyboard/daddyboard-main/app/src/main/jni/src/defines.h:289:8: note: expanded from macro 'DISALLOW_ASSIGNMENT_OPERATOR'
build	Build DaddyBoard (HeliBoard fork)	2026-09-30T16:05:20.0505073Z C/C++:   289 |   void operator=(const TypeName&) = delete
build	Build DaddyBoard (HeliBoard fork)	2026-09-30T16:05:20.0535033Z C/C++:       |        ^
build	Build DaddyBoard (HeliBoard fork)	2026-09-30T16:05:20.0546006Z C/C++: /home/runner/work/daddyboard/daddyboard/daddyboard-main/app/src/main/jni/src/suggest/core/dicnode/dic_node.h:110:53: note: in implicit copy constructor for 'latinime::IntArrayView' first required here
build	Build DaddyBoard (HeliBoard fork)	2026-09-30T16:05:20.0547797Z C/C++:   110 |         mDicNodeProperties.init(rootPtNodeArrayPos, prevWordIds);
build	Build DaddyBoard (HeliBoard fork)	2026-09-30T16:05:20.0585081Z C/C++:       |                                                     ^
build	Build DaddyBoard (HeliBoard fork)	2026-09-30T16:05:20.0616253Z C/C++: /home/runner/work/daddyboard/daddyboard/daddyboard-main/app/src/main/jni/com_android_inputmethod_latin_DicTraverseSession.cpp:47:18: warning: variable length arrays in C++ are a Clang extension [-Wvla-cxx-extension]
build	Build DaddyBoard (HeliBoard fork)	2026-09-30T16:05:20.0635066Z C/C++:    47 |     int prevWord[previousWordLength];
build	Build DaddyBoard (HeliBoard fork)	2026-09-30T16:05:20.0654996Z C/C++:       |                  ^~~~~~~~~~~~~~~~~~
build	Build DaddyBoard (HeliBoard fork)	2026-09-30T16:05:20.0686285Z C/C++: /home/runner/work/daddyboard/daddyboard/daddyboard-main/app/src/main/jni/com_android_inputmethod_latin_DicTraverseSession.cpp:47:18: note: function parameter 'previousWordLength' with unknown value cannot be used in a constant expression
build	Build DaddyBoard (HeliBoard fork)	2026-09-30T16:05:20.0737299Z C/C++: /home/runner/work/daddyboard/daddyboard/daddyboard-main/app/src/main/jni/com_android_inputmethod_latin_DicTraverseSession.cpp:36:56: note: declared here
build	Build DaddyBoard (HeliBoard fork)	2026-09-30T16:05:20.0765088Z C/C++:    36 |         jlong dictionary, jintArray previousWord, jint previousWordLength) {
build	Build DaddyBoard (HeliBoard fork)	2026-09-30T16:05:20.0774973Z C/C++:       |                                                        ^
build	Build DaddyBoard (HeliBoard fork)	2026-09-30T16:05:20.1328801Z C/C++: In file included from /home/runner/work/daddyboard/daddyboard/daddyboard-main/app/src/main/jni/com_android_inputmethod_latin_DicTraverseSession.cpp:25:
--
build	Build DaddyBoard (HeliBoard fork)	2026-09-30T16:05:20.1556575Z C/C++: /home/runner/work/daddyboard/daddyboard/daddyboard-main/app/src/main/jni/src/dictionary/property/ngram_property.h:54:5: warning: definition of implicit copy constructor for 'NgramProperty' is deprecated because it has a user-declared copy assignment operator [-Wdeprecated-copy]
build	Build DaddyBoard (HeliBoard fork)	2026-09-30T16:05:20.1605135Z C/C++:    54 |     DISALLOW_ASSIGNMENT_OPERATOR(NgramProperty);
build	Build DaddyBoard (HeliBoard fork)	2026-09-30T16:05:20.1644913Z C/C++:       |     ^
build	Build DaddyBoard (HeliBoard fork)	2026-09-30T16:05:20.1695916Z C/C++: /home/runner/work/daddyboard/daddyboard/daddyboard-main/app/src/main/jni/src/defines.h:289:8: note: expanded from macro 'DISALLOW_ASSIGNMENT_OPERATOR'
build	Build DaddyBoard (HeliBoard fork)	2026-09-30T16:05:20.1735082Z C/C++:   289 |   void operator=(const TypeName&) = delete
build	Build DaddyBoard (HeliBoard fork)	2026-09-30T16:05:20.1785079Z C/C++:       |        ^
build	Build DaddyBoard (HeliBoard fork)	2026-09-30T16:05:20.1826178Z C/C++: /usr/local/lib/android/sdk/ndk/28.0.13004108/toolchains/llvm/prebuilt/linux-x86_64/sysroot/usr/include/c++/v1/__memory/allocator.h:173:24: note: in implicit copy constructor for 'latinime::NgramProperty' first required here
build	Build DaddyBoard (HeliBoard fork)	2026-09-30T16:05:20.1855189Z C/C++:   173 |     ::new ((void*)__p) _Up(std::forward<_Args>(__args)...);
build	Build DaddyBoard (HeliBoard fork)	2026-09-30T16:05:20.1915103Z C/C++:       |                        ^
build	Build DaddyBoard (HeliBoard fork)	2026-09-30T16:05:20.1946838Z C/C++: /usr/local/lib/android/sdk/ndk/28.0.13004108/toolchains/llvm/prebuilt/linux-x86_64/sysroot/usr/include/c++/v1/__memory/allocator_traits.h:320:9: note: in instantiation of function template specialization 'std::allocator<latinime::NgramProperty>::construct<latinime::NgramProperty, latinime::NgramProperty &>' requested here
build	Build DaddyBoard (HeliBoard fork)	2026-09-30T16:05:20.2006398Z C/C++:   320 |     __a.construct(__p, std::forward<_Args>(__args)...);
build	Build DaddyBoard (HeliBoard fork)	2026-09-30T16:05:20.2064824Z C/C++:       |         ^
build	Build DaddyBoard (HeliBoard fork)	2026-09-30T16:05:20.2126932Z C/C++: /usr/local/lib/android/sdk/ndk/28.0.13004108/toolchains/llvm/prebuilt/linux-x86_64/sysroot/usr/include/c++/v1/__memory/uninitialized_algorithms.h:551:31: note: in instantiation of function template specialization 'std::allocator_traits<std::allocator<latinime::NgramProperty>>::construct<latinime::NgramProperty, latinime::NgramProperty &, 0>' requested here
build	Build DaddyBoard (HeliBoard fork)	2026-09-30T16:05:20.2185197Z C/C++:   551 |     allocator_traits<_Alloc>::construct(__alloc, std::__to_address(__first2), *__first1);
build	Build DaddyBoard (HeliBoard fork)	2026-09-30T16:05:20.2215008Z C/C++:       |                               ^
build	Build DaddyBoard (HeliBoard fork)	2026-09-30T16:05:20.2247065Z C/C++: /usr/local/lib/android/sdk/ndk/28.0.13004108/toolchains/llvm/prebuilt/linux-x86_64/sysroot/usr/include/c++/v1/__memory/uninitialized_algorithms.h:594:33: note: in instantiation of function template specialization 'std::__uninitialized_allocator_copy_impl<std::allocator<latinime::NgramProperty>, latinime::NgramProperty *, latinime::NgramProperty *, latinime::NgramProperty *>' requested here
build	Build DaddyBoard (HeliBoard fork)	2026-09-30T16:05:20.2305021Z C/C++:   594 |   auto __result          = std::__uninitialized_allocator_copy_impl(
build	Build DaddyBoard (HeliBoard fork)	2026-09-30T16:05:20.2334852Z C/C++:       |                                 ^
build	Build DaddyBoard (HeliBoard fork)	2026-09-30T16:05:20.2366901Z C/C++: /usr/local/lib/android/sdk/ndk/28.0.13004108/toolchains/llvm/prebuilt/linux-x86_64/sysroot/usr/include/c++/v1/vector:1100:22: note: in instantiation of function template specialization 'std::__uninitialized_allocator_copy<std::allocator<latinime::NgramProperty>, latinime::NgramProperty *, latinime::NgramProperty *, latinime::NgramProperty *>' requested here
build	Build DaddyBoard (HeliBoard fork)	2026-09-30T16:05:20.2385307Z C/C++:  1100 |   __tx.__pos_ = std::__uninitialized_allocator_copy(__alloc(), __first, __last, __tx.__pos_);
build	Build DaddyBoard (HeliBoard fork)	2026-09-30T16:05:20.2386209Z C/C++:       |                      ^
build	Build DaddyBoard (HeliBoard fork)	2026-09-30T16:05:20.2388381Z C/C++: /usr/local/lib/android/sdk/ndk/28.0.13004108/toolchains/llvm/prebuilt/linux-x86_64/sysroot/usr/include/c++/v1/vector:761:7: note: in instantiation of function template specialization 'std::vector<latinime::NgramProperty>::__construct_at_end<latinime::NgramProperty *, latinime::NgramProperty *>' requested here
build	Build DaddyBoard (HeliBoard fork)	2026-09-30T16:05:20.2391135Z C/C++:   761 |       __construct_at_end(__first, __last, __n);
build	Build DaddyBoard (HeliBoard fork)	2026-09-30T16:05:20.2391739Z C/C++:       |       ^
build	Build DaddyBoard (HeliBoard fork)	2026-09-30T16:05:20.2393934Z C/C++: /usr/local/lib/android/sdk/ndk/28.0.13004108/toolchains/llvm/prebuilt/linux-x86_64/sysroot/usr/include/c++/v1/vector:1213:3: note: in instantiation of function template specialization 'std::vector<latinime::NgramProperty>::__init_with_size<latinime::NgramProperty *, latinime::NgramProperty *>' requested here
build	Build DaddyBoard (HeliBoard fork)	2026-09-30T16:05:20.2424985Z C/C++:  1213 |   __init_with_size(__x.__begin_, __x.__end_, __x.size());
build	Build DaddyBoard (HeliBoard fork)	2026-09-30T16:05:20.2454924Z C/C++:       |   ^
build	Build DaddyBoard (HeliBoard fork)	2026-09-30T16:05:20.2486187Z C/C++: /home/runner/work/daddyboard/daddyboard/daddyboard-main/app/src/main/jni/src/dictionary/property/word_property.h:39:15: note: in instantiation of member function 'std::vector<latinime::NgramProperty>::vector' requested here
build	Build DaddyBoard (HeliBoard fork)	2026-09-30T16:05:20.2514894Z C/C++:    39 |               mNgrams(ngrams) {}
build	Build DaddyBoard (HeliBoard fork)	2026-09-30T16:05:20.2515466Z C/C++:       |               ^
build	Build DaddyBoard (HeliBoard fork)	2026-09-30T16:05:21.0355300Z C/C++: 6 warnings generated.
--
build	Build DaddyBoard (HeliBoard fork)	2026-09-30T16:05:22.0366638Z C/C++: /home/runner/work/daddyboard/daddyboard/daddyboard-main/app/src/main/jni/src/dictionary/utils/entry_counters.h:44:5: warning: definition of implicit copy constructor for 'EntryCounts' is deprecated because it has a user-declared copy assignment operator [-Wdeprecated-copy]
build	Build DaddyBoard (HeliBoard fork)	2026-09-30T16:05:22.0395136Z C/C++:    44 |     DISALLOW_ASSIGNMENT_OPERATOR(EntryCounts);
build	Build DaddyBoard (HeliBoard fork)	2026-09-30T16:05:22.0425062Z C/C++:       |     ^
build	Build DaddyBoard (HeliBoard fork)	2026-09-30T16:05:22.0435857Z C/C++: /home/runner/work/daddyboard/daddyboard/daddyboard-main/app/src/main/jni/src/defines.h:289:8: note: expanded from macro 'DISALLOW_ASSIGNMENT_OPERATOR'
build	Build DaddyBoard (HeliBoard fork)	2026-09-30T16:05:22.0455158Z C/C++:   289 |   void operator=(const TypeName&) = delete
build	Build DaddyBoard (HeliBoard fork)	2026-09-30T16:05:22.0484991Z C/C++:       |        ^
build	Build DaddyBoard (HeliBoard fork)	2026-09-30T16:05:22.0495976Z C/C++: /home/runner/work/daddyboard/daddyboard/daddyboard-main/app/src/main/jni/src/dictionary/header/header_policy.h:92:15: note: in implicit copy constructor for 'latinime::EntryCounts' first required here
build	Build DaddyBoard (HeliBoard fork)	2026-09-30T16:05:22.0515139Z C/C++:    92 |               mNgramCounts(headerPolicy->mNgramCounts),
build	Build DaddyBoard (HeliBoard fork)	2026-09-30T16:05:22.0515808Z C/C++:       |               ^
build	Build DaddyBoard (HeliBoard fork)	2026-09-30T16:05:22.2326235Z C/C++: 1 warning generated.
--
build	Build DaddyBoard (HeliBoard fork)	2026-09-30T16:05:23.6369141Z C/C++: /home/runner/work/daddyboard/daddyboard/daddyboard-main/app/src/main/jni/src/dictionary/property/historical_info.h:52:5: warning: definition of implicit copy constructor for 'HistoricalInfo' is deprecated because it has a user-declared copy assignment operator [-Wdeprecated-copy]
build	Build DaddyBoard (HeliBoard fork)	2026-09-30T16:05:23.6371489Z C/C++:    52 |     DISALLOW_ASSIGNMENT_OPERATOR(HistoricalInfo);
build	Build DaddyBoard (HeliBoard fork)	2026-09-30T16:05:23.6372184Z C/C++:       |     ^
build	Build DaddyBoard (HeliBoard fork)	2026-09-30T16:05:23.6373503Z C/C++: /home/runner/work/daddyboard/daddyboard/daddyboard-main/app/src/main/jni/src/defines.h:289:8: note: expanded from macro 'DISALLOW_ASSIGNMENT_OPERATOR'
build	Build DaddyBoard (HeliBoard fork)	2026-09-30T16:05:23.6375061Z C/C++:   289 |   void operator=(const TypeName&) = delete
build	Build DaddyBoard (HeliBoard fork)	2026-09-30T16:05:23.6375631Z C/C++:       |        ^
build	Build DaddyBoard (HeliBoard fork)	2026-09-30T16:05:23.6377649Z C/C++: /home/runner/work/daddyboard/daddyboard/daddyboard-main/app/src/main/jni/src/dictionary/property/ngram_property.h:33:42: note: in implicit copy constructor for 'latinime::HistoricalInfo' first required here
build	Build DaddyBoard (HeliBoard fork)	2026-09-30T16:05:23.6379784Z C/C++:    33 |               mProbability(probability), mHistoricalInfo(historicalInfo) {}
build	Build DaddyBoard (HeliBoard fork)	2026-09-30T16:05:23.6380572Z C/C++:       |                                          ^
build	Build DaddyBoard (HeliBoard fork)	2026-09-30T16:05:23.6381789Z C/C++: In file included from /home/runner/work/daddyboard/daddyboard/daddyboard-main/app/src/main/jni/src/dictionary/property/ngram_context.cpp:19:
--
build	Build DaddyBoard (HeliBoard fork)	2026-09-30T16:05:23.6389183Z C/C++: /home/runner/work/daddyboard/daddyboard/daddyboard-main/app/src/main/jni/src/dictionary/property/unigram_property.h:126:5: warning: definition of implicit copy constructor for 'UnigramProperty' is deprecated because it has a user-declared copy assignment operator [-Wdeprecated-copy]
build	Build DaddyBoard (HeliBoard fork)	2026-09-30T16:05:23.6391347Z C/C++:   126 |     DISALLOW_ASSIGNMENT_OPERATOR(UnigramProperty);
build	Build DaddyBoard (HeliBoard fork)	2026-09-30T16:05:23.6391768Z C/C++:       |     ^
build	Build DaddyBoard (HeliBoard fork)	2026-09-30T16:05:23.6392405Z C/C++: /home/runner/work/daddyboard/daddyboard/daddyboard-main/app/src/main/jni/src/defines.h:289:8: note: expanded from macro 'DISALLOW_ASSIGNMENT_OPERATOR'
build	Build DaddyBoard (HeliBoard fork)	2026-09-30T16:05:23.6393122Z C/C++:   289 |   void operator=(const TypeName&) = delete
build	Build DaddyBoard (HeliBoard fork)	2026-09-30T16:05:23.6393433Z C/C++:       |        ^
build	Build DaddyBoard (HeliBoard fork)	2026-09-30T16:05:23.6394278Z C/C++: /home/runner/work/daddyboard/daddyboard/daddyboard-main/app/src/main/jni/src/dictionary/property/word_property.h:38:51: note: in implicit copy constructor for 'latinime::UnigramProperty' first required here
build	Build DaddyBoard (HeliBoard fork)	2026-09-30T16:05:23.6396067Z C/C++:    38 |             : mCodePoints(std::move(codePoints)), mUnigramProperty(unigramProperty),
build	Build DaddyBoard (HeliBoard fork)	2026-09-30T16:05:23.6396551Z C/C++:       |                                                   ^
build	Build DaddyBoard (HeliBoard fork)	2026-09-30T16:05:23.6397222Z C/C++: In file included from /home/runner/work/daddyboard/daddyboard/daddyboard-main/app/src/main/jni/src/dictionary/property/ngram_context.cpp:17:
--
build	Build DaddyBoard (HeliBoard fork)	2026-09-30T16:05:23.6399822Z C/C++: /home/runner/work/daddyboard/daddyboard/daddyboard-main/app/src/main/jni/src/utils/int_array_view.h:160:5: warning: definition of implicit copy constructor for 'IntArrayView' is deprecated because it has a user-declared copy assignment operator [-Wdeprecated-copy]
build	Build DaddyBoard (HeliBoard fork)	2026-09-30T16:05:23.6400953Z C/C++:   160 |     DISALLOW_ASSIGNMENT_OPERATOR(IntArrayView);
build	Build DaddyBoard (HeliBoard fork)	2026-09-30T16:05:23.6401275Z C/C++:       |     ^
build	Build DaddyBoard (HeliBoard fork)	2026-09-30T16:05:23.6401900Z C/C++: /home/runner/work/daddyboard/daddyboard/daddyboard-main/app/src/main/jni/src/defines.h:289:8: note: expanded from macro 'DISALLOW_ASSIGNMENT_OPERATOR'
build	Build DaddyBoard (HeliBoard fork)	2026-09-30T16:05:23.6402598Z C/C++:   289 |   void operator=(const TypeName&) = delete
build	Build DaddyBoard (HeliBoard fork)	2026-09-30T16:05:23.6402894Z C/C++:       |        ^
build	Build DaddyBoard (HeliBoard fork)	2026-09-30T16:05:23.6403702Z C/C++: /home/runner/work/daddyboard/daddyboard/daddyboard-main/app/src/main/jni/src/dictionary/property/ngram_context.cpp:106:55: note: in implicit copy constructor for 'latinime::IntArrayView' first required here
build	Build DaddyBoard (HeliBoard fork)	2026-09-30T16:05:23.6405086Z C/C++:   106 |     const int wordId = dictStructurePolicy->getWordId(codePointArrayView,
build	Build DaddyBoard (HeliBoard fork)	2026-09-30T16:05:23.6405922Z C/C++:       |                                                       ^
build	Build DaddyBoard (HeliBoard fork)	2026-09-30T16:05:23.8336276Z C/C++: In file included from /home/runner/work/daddyboard/daddyboard/daddyboard-main/app/src/main/jni/src/dictionary/property/ngram_context.cpp:19:
--
build	Build DaddyBoard (HeliBoard fork)	2026-09-30T16:05:23.8442099Z C/C++: /home/runner/work/daddyboard/daddyboard/daddyboard-main/app/src/main/jni/src/dictionary/property/ngram_property.h:54:5: warning: definition of implicit copy constructor for 'NgramProperty' is deprecated because it has a user-declared copy assignment operator [-Wdeprecated-copy]
build	Build DaddyBoard (HeliBoard fork)	2026-09-30T16:05:23.8448148Z C/C++:    54 |     DISALLOW_ASSIGNMENT_OPERATOR(NgramProperty);
build	Build DaddyBoard (HeliBoard fork)	2026-09-30T16:05:23.8448877Z C/C++:       |     ^
build	Build DaddyBoard (HeliBoard fork)	2026-09-30T16:05:23.8456257Z C/C++: /home/runner/work/daddyboard/daddyboard/daddyboard-main/app/src/main/jni/src/defines.h:289:8: note: expanded from macro 'DISALLOW_ASSIGNMENT_OPERATOR'
build	Build DaddyBoard (HeliBoard fork)	2026-09-30T16:05:23.8457819Z C/C++:   289 |   void operator=(const TypeName&) = delete
build	Build DaddyBoard (HeliBoard fork)	2026-09-30T16:05:23.8458683Z C/C++:       |        ^
build	Build DaddyBoard (HeliBoard fork)	2026-09-30T16:05:23.8460495Z C/C++: /usr/local/lib/android/sdk/ndk/28.0.13004108/toolchains/llvm/prebuilt/linux-x86_64/sysroot/usr/include/c++/v1/__memory/allocator.h:173:24: note: in implicit copy constructor for 'latinime::NgramProperty' first required here
build	Build DaddyBoard (HeliBoard fork)	2026-09-30T16:05:23.8462203Z C/C++:   173 |     ::new ((void*)__p) _Up(std::forward<_Args>(__args)...);
build	Build DaddyBoard (HeliBoard fork)	2026-09-30T16:05:23.8463239Z C/C++:       |                        ^
build	Build DaddyBoard (HeliBoard fork)	2026-09-30T16:05:23.8466009Z C/C++: /usr/local/lib/android/sdk/ndk/28.0.13004108/toolchains/llvm/prebuilt/linux-x86_64/sysroot/usr/include/c++/v1/__memory/allocator_traits.h:320:9: note: in instantiation of function template specialization 'std::allocator<latinime::NgramProperty>::construct<latinime::NgramProperty, latinime::NgramProperty &>' requested here
build	Build DaddyBoard (HeliBoard fork)	2026-09-30T16:05:23.8468676Z C/C++:   320 |     __a.construct(__p, std::forward<_Args>(__args)...);
build	Build DaddyBoard (HeliBoard fork)	2026-09-30T16:05:23.8469487Z C/C++:       |         ^
build	Build DaddyBoard (HeliBoard fork)	2026-09-30T16:05:23.8472174Z C/C++: /usr/local/lib/android/sdk/ndk/28.0.13004108/toolchains/llvm/prebuilt/linux-x86_64/sysroot/usr/include/c++/v1/__memory/uninitialized_algorithms.h:551:31: note: in instantiation of function template specialization 'std::allocator_traits<std::allocator<latinime::NgramProperty>>::construct<latinime::NgramProperty, latinime::NgramProperty &, 0>' requested here
build	Build DaddyBoard (HeliBoard fork)	2026-09-30T16:05:23.8476003Z C/C++:   551 |     allocator_traits<_Alloc>::construct(__alloc, std::__to_address(__first2), *__first1);
build	Build DaddyBoard (HeliBoard fork)	2026-09-30T16:05:23.8477090Z C/C++:       |                               ^
build	Build DaddyBoard (HeliBoard fork)	2026-09-30T16:05:23.8480187Z C/C++: /usr/local/lib/android/sdk/ndk/28.0.13004108/toolchains/llvm/prebuilt/linux-x86_64/sysroot/usr/include/c++/v1/__memory/uninitialized_algorithms.h:594:33: note: in instantiation of function template specialization 'std::__uninitialized_allocator_copy_impl<std::allocator<latinime::NgramProperty>, latinime::NgramProperty *, latinime::NgramProperty *, latinime::NgramProperty *>' requested here
build	Build DaddyBoard (HeliBoard fork)	2026-09-30T16:05:23.8483567Z C/C++:   594 |   auto __result          = std::__uninitialized_allocator_copy_impl(
build	Build DaddyBoard (HeliBoard fork)	2026-09-30T16:05:23.8548897Z C/C++:       |                                 ^
build	Build DaddyBoard (HeliBoard fork)	2026-09-30T16:05:23.8551706Z C/C++: /usr/local/lib/android/sdk/ndk/28.0.13004108/toolchains/llvm/prebuilt/linux-x86_64/sysroot/usr/include/c++/v1/vector:1100:22: note: in instantiation of function template specialization 'std::__uninitialized_allocator_copy<std::allocator<latinime::NgramProperty>, latinime::NgramProperty *, latinime::NgramProperty *, latinime::NgramProperty *>' requested here
build	Build DaddyBoard (HeliBoard fork)	2026-09-30T16:05:23.8555006Z C/C++:  1100 |   __tx.__pos_ = std::__uninitialized_allocator_copy(__alloc(), __first, __last, __tx.__pos_);
build	Build DaddyBoard (HeliBoard fork)	2026-09-30T16:05:23.8555970Z C/C++:       |                      ^
build	Build DaddyBoard (HeliBoard fork)	2026-09-30T16:05:23.8558230Z C/C++: /usr/local/lib/android/sdk/ndk/28.0.13004108/toolchains/llvm/prebuilt/linux-x86_64/sysroot/usr/include/c++/v1/vector:761:7: note: in instantiation of function template specialization 'std::vector<latinime::NgramProperty>::__construct_at_end<latinime::NgramProperty *, latinime::NgramProperty *>' requested here
build	Build DaddyBoard (HeliBoard fork)	2026-09-30T16:05:23.8560653Z C/C++:   761 |       __construct_at_end(__first, __last, __n);
build	Build DaddyBoard (HeliBoard fork)	2026-09-30T16:05:23.8561276Z C/C++:       |       ^
build	Build DaddyBoard (HeliBoard fork)	2026-09-30T16:05:23.8563203Z C/C++: /usr/local/lib/android/sdk/ndk/28.0.13004108/toolchains/llvm/prebuilt/linux-x86_64/sysroot/usr/include/c++/v1/vector:1213:3: note: in instantiation of function template specialization 'std::vector<latinime::NgramProperty>::__init_with_size<latinime::NgramProperty *, latinime::NgramProperty *>' requested here
build	Build DaddyBoard (HeliBoard fork)	2026-09-30T16:05:23.8565885Z C/C++:  1213 |   __init_with_size(__x.__begin_, __x.__end_, __x.size());
build	Build DaddyBoard (HeliBoard fork)	2026-09-30T16:05:23.8566656Z C/C++:       |   ^
build	Build DaddyBoard (HeliBoard fork)	2026-09-30T16:05:23.8568433Z C/C++: /home/runner/work/daddyboard/daddyboard/daddyboard-main/app/src/main/jni/src/dictionary/property/word_property.h:39:15: note: in instantiation of member function 'std::vector<latinime::NgramProperty>::vector' requested here
build	Build DaddyBoard (HeliBoard fork)	2026-09-30T16:05:23.8570360Z C/C++:    39 |               mNgrams(ngrams) {}
build	Build DaddyBoard (HeliBoard fork)	2026-09-30T16:05:23.8571038Z C/C++:       |               ^
build	Build DaddyBoard (HeliBoard fork)	2026-09-30T16:05:23.8571631Z C/C++: 4 warnings generated.
--
build	Build DaddyBoard (HeliBoard fork)	2026-09-30T16:05:24.5341688Z C/C++: /home/runner/work/daddyboard/daddyboard/daddyboard-main/app/src/main/jni/src/dictionary/property/historical_info.h:52:5: warning: definition of implicit copy constructor for 'HistoricalInfo' is deprecated because it has a user-declared copy assignment operator [-Wdeprecated-copy]
build	Build DaddyBoard (HeliBoard fork)	2026-09-30T16:05:24.5342897Z C/C++:    52 |     DISALLOW_ASSIGNMENT_OPERATOR(HistoricalInfo);
build	Build DaddyBoard (HeliBoard fork)	2026-09-30T16:05:24.5343220Z C/C++:       |     ^
build	Build DaddyBoard (HeliBoard fork)	2026-09-30T16:05:24.5343823Z C/C++: /home/runner/work/daddyboard/daddyboard/daddyboard-main/app/src/main/jni/src/defines.h:289:8: note: expanded from macro 'DISALLOW_ASSIGNMENT_OPERATOR'
build	Build DaddyBoard (HeliBoard fork)	2026-09-30T16:05:24.5345245Z C/C++:   289 |   void operator=(const TypeName&) = delete
build	Build DaddyBoard (HeliBoard fork)	2026-09-30T16:05:24.5345594Z C/C++:       |        ^
build	Build DaddyBoard (HeliBoard fork)	2026-09-30T16:05:24.5346433Z C/C++: /home/runner/work/daddyboard/daddyboard/daddyboard-main/app/src/main/jni/src/dictionary/property/ngram_property.h:33:42: note: in implicit copy constructor for 'latinime::HistoricalInfo' first required here
build	Build DaddyBoard (HeliBoard fork)	2026-09-30T16:05:24.5347413Z C/C++:    33 |               mProbability(probability), mHistoricalInfo(historicalInfo) {}
build	Build DaddyBoard (HeliBoard fork)	2026-09-30T16:05:24.5347830Z C/C++:       |                                          ^
build	Build DaddyBoard (HeliBoard fork)	2026-09-30T16:05:24.5348620Z C/C++: In file included from /home/runner/work/daddyboard/daddyboard/daddyboard-main/app/src/main/jni/src/dictionary/structure/dictionary_structure_with_buffer_policy_factory.cpp:17:
--
build	Build DaddyBoard (HeliBoard fork)	2026-09-30T16:05:24.5353625Z C/C++: /home/runner/work/daddyboard/daddyboard/daddyboard-main/app/src/main/jni/src/dictionary/property/unigram_property.h:126:5: warning: definition of implicit copy constructor for 'UnigramProperty' is deprecated because it has a user-declared copy assignment operator [-Wdeprecated-copy]
build	Build DaddyBoard (HeliBoard fork)	2026-09-30T16:05:24.5355809Z C/C++:   126 |     DISALLOW_ASSIGNMENT_OPERATOR(UnigramProperty);
build	Build DaddyBoard (HeliBoard fork)	2026-09-30T16:05:24.5356399Z C/C++:       |     ^
build	Build DaddyBoard (HeliBoard fork)	2026-09-30T16:05:24.5357480Z C/C++: /home/runner/work/daddyboard/daddyboard/daddyboard-main/app/src/main/jni/src/defines.h:289:8: note: expanded from macro 'DISALLOW_ASSIGNMENT_OPERATOR'
build	Build DaddyBoard (HeliBoard fork)	2026-09-30T16:05:24.5358792Z C/C++:   289 |   void operator=(const TypeName&) = delete
build	Build DaddyBoard (HeliBoard fork)	2026-09-30T16:05:24.5359338Z C/C++:       |        ^
build	Build DaddyBoard (HeliBoard fork)	2026-09-30T16:05:24.5360668Z C/C++: /home/runner/work/daddyboard/daddyboard/daddyboard-main/app/src/main/jni/src/dictionary/property/word_property.h:38:51: note: in implicit copy constructor for 'latinime::UnigramProperty' first required here
build	Build DaddyBoard (HeliBoard fork)	2026-09-30T16:05:24.5362540Z C/C++:    38 |             : mCodePoints(std::move(codePoints)), mUnigramProperty(unigramProperty),
build	Build DaddyBoard (HeliBoard fork)	2026-09-30T16:05:24.5363344Z C/C++:       |                                                   ^
build	Build DaddyBoard (HeliBoard fork)	2026-09-30T16:05:24.6336479Z C/C++: In file included from /home/runner/work/daddyboard/daddyboard/daddyboard-main/app/src/main/jni/src/dictionary/structure/dictionary_structure_with_buffer_policy_factory.cpp:22:
--
build	Build DaddyBoard (HeliBoard fork)	2026-09-30T16:05:24.6368284Z C/C++: /home/runner/work/daddyboard/daddyboard/daddyboard-main/app/src/main/jni/src/dictionary/utils/entry_counters.h:44:5: warning: definition of implicit copy constructor for 'EntryCounts' is deprecated because it has a user-declared copy assignment operator [-Wdeprecated-copy]
build	Build DaddyBoard (HeliBoard fork)	2026-09-30T16:05:24.6369503Z C/C++:    44 |     DISALLOW_ASSIGNMENT_OPERATOR(EntryCounts);
build	Build DaddyBoard (HeliBoard fork)	2026-09-30T16:05:24.6369826Z C/C++:       |     ^
build	Build DaddyBoard (HeliBoard fork)	2026-09-30T16:05:24.6370476Z C/C++: /home/runner/work/daddyboard/daddyboard/daddyboard-main/app/src/main/jni/src/defines.h:289:8: note: expanded from macro 'DISALLOW_ASSIGNMENT_OPERATOR'
build	Build DaddyBoard (HeliBoard fork)	2026-09-30T16:05:24.6371209Z C/C++:   289 |   void operator=(const TypeName&) = delete
build	Build DaddyBoard (HeliBoard fork)	2026-09-30T16:05:24.6371844Z C/C++:       |        ^
build	Build DaddyBoard (HeliBoard fork)	2026-09-30T16:05:24.6372669Z C/C++: /home/runner/work/daddyboard/daddyboard/daddyboard-main/app/src/main/jni/src/dictionary/header/header_policy.h:92:15: note: in implicit copy constructor for 'latinime::EntryCounts' first required here
build	Build DaddyBoard (HeliBoard fork)	2026-09-30T16:05:24.6373583Z C/C++:    92 |               mNgramCounts(headerPolicy->mNgramCounts),
build	Build DaddyBoard (HeliBoard fork)	2026-09-30T16:05:24.6373925Z C/C++:       |               ^
build	Build DaddyBoard (HeliBoard fork)	2026-09-30T16:05:24.6375178Z C/C++: In file included from /home/runner/work/daddyboard/daddyboard/daddyboard-main/app/src/main/jni/src/dictionary/structure/dictionary_structure_with_buffer_policy_factory.cpp:17:
--
build	Build DaddyBoard (HeliBoard fork)	2026-09-30T16:05:24.6382503Z C/C++: /home/runner/work/daddyboard/daddyboard/daddyboard-main/app/src/main/jni/src/utils/byte_array_view.h:53:5: warning: definition of implicit copy constructor for 'ReadOnlyByteArrayView' is deprecated because it has a user-declared copy assignment operator [-Wdeprecated-copy]
build	Build DaddyBoard (HeliBoard fork)	2026-09-30T16:05:24.6384912Z C/C++:    53 |     DISALLOW_ASSIGNMENT_OPERATOR(ReadOnlyByteArrayView);
build	Build DaddyBoard (HeliBoard fork)	2026-09-30T16:05:24.6385556Z C/C++:       |     ^
build	Build DaddyBoard (HeliBoard fork)	2026-09-30T16:05:24.6386701Z C/C++: /home/runner/work/daddyboard/daddyboard/daddyboard-main/app/src/main/jni/src/defines.h:289:8: note: expanded from macro 'DISALLOW_ASSIGNMENT_OPERATOR'
build	Build DaddyBoard (HeliBoard fork)	2026-09-30T16:05:24.6388046Z C/C++:   289 |   void operator=(const TypeName&) = delete
build	Build DaddyBoard (HeliBoard fork)	2026-09-30T16:05:24.6388904Z C/C++:       |        ^
build	Build DaddyBoard (HeliBoard fork)	2026-09-30T16:05:24.6390701Z C/C++: /home/runner/work/daddyboard/daddyboard/daddyboard-main/app/src/main/jni/src/dictionary/structure/pt_common/shortcut/shortcut_list_reading_utils.h:52:75: note: in implicit copy constructor for 'latinime::ReadOnlyByteArrayView' first required here
build	Build DaddyBoard (HeliBoard fork)	2026-09-30T16:05:24.6392983Z C/C++:    52 |         const int shortcutListSize = getShortcutListSizeAndForwardPointer(buffer, pos);
build	Build DaddyBoard (HeliBoard fork)	2026-09-30T16:05:24.6393957Z C/C++:       |                                                                           ^
build	Build DaddyBoard (HeliBoard fork)	2026-09-30T16:05:24.6395674Z C/C++: In file included from /home/runner/work/daddyboard/daddyboard/daddyboard-main/app/src/main/jni/src/dictionary/structure/dictionary_structure_with_buffer_policy_factory.cpp:27:
--
build	Build DaddyBoard (HeliBoard fork)	2026-09-30T16:05:24.6403113Z C/C++: /home/runner/work/daddyboard/daddyboard/daddyboard-main/app/src/main/jni/src/dictionary/utils/trie_map.h:129:9: warning: definition of implicit copy constructor for 'TrieMapIterator' is deprecated because it has a user-declared copy assignment operator [-Wdeprecated-copy]
build	Build DaddyBoard (HeliBoard fork)	2026-09-30T16:05:24.6405624Z C/C++:   129 |         DISALLOW_ASSIGNMENT_OPERATOR(TrieMapIterator);
build	Build DaddyBoard (HeliBoard fork)	2026-09-30T16:05:24.6406265Z C/C++:       |         ^
build	Build DaddyBoard (HeliBoard fork)	2026-09-30T16:05:24.6407439Z C/C++: /home/runner/work/daddyboard/daddyboard/daddyboard-main/app/src/main/jni/src/defines.h:289:8: note: expanded from macro 'DISALLOW_ASSIGNMENT_OPERATOR'
build	Build DaddyBoard (HeliBoard fork)	2026-09-30T16:05:24.6408786Z C/C++:   289 |   void operator=(const TypeName&) = delete
build	Build DaddyBoard (HeliBoard fork)	2026-09-30T16:05:24.6409353Z C/C++:       |        ^
build	Build DaddyBoard (HeliBoard fork)	2026-09-30T16:05:24.6411125Z C/C++: /home/runner/work/daddyboard/daddyboard/daddyboard-main/app/src/main/jni/src/dictionary/structure/v4/content/language_model_dict_content.h:67:19: note: in implicit copy constructor for 'latinime::TrieMap::TrieMapIterator' first required here
build	Build DaddyBoard (HeliBoard fork)	2026-09-30T16:05:24.6413319Z C/C++:    67 |                 : mTrieMapIterator(trieMapIterator), mHasHistoricalInfo(hasHistoricalInfo) {}
build	Build DaddyBoard (HeliBoard fork)	2026-09-30T16:05:24.6414763Z C/C++:       |                   ^
build	Build DaddyBoard (HeliBoard fork)	2026-09-30T16:05:24.6416177Z C/C++: In file included from /home/runner/work/daddyboard/daddyboard/daddyboard-main/app/src/main/jni/src/dictionary/structure/dictionary_structure_with_buffer_policy_factory.cpp:27:
--
build	Build DaddyBoard (HeliBoard fork)	2026-09-30T16:05:24.6423413Z C/C++: /home/runner/work/daddyboard/daddyboard/daddyboard-main/app/src/main/jni/src/dictionary/utils/trie_map.h:158:9: warning: definition of implicit copy constructor for 'TrieMapRange' is deprecated because it has a user-declared copy assignment operator [-Wdeprecated-copy]
build	Build DaddyBoard (HeliBoard fork)	2026-09-30T16:05:24.6425866Z C/C++:   158 |         DISALLOW_ASSIGNMENT_OPERATOR(TrieMapRange);
build	Build DaddyBoard (HeliBoard fork)	2026-09-30T16:05:24.6426475Z C/C++:       |         ^
build	Build DaddyBoard (HeliBoard fork)	2026-09-30T16:05:24.6427619Z C/C++: /home/runner/work/daddyboard/daddyboard/daddyboard-main/app/src/main/jni/src/defines.h:289:8: note: expanded from macro 'DISALLOW_ASSIGNMENT_OPERATOR'
build	Build DaddyBoard (HeliBoard fork)	2026-09-30T16:05:24.6428950Z C/C++:   289 |   void operator=(const TypeName&) = delete
build	Build DaddyBoard (HeliBoard fork)	2026-09-30T16:05:24.6429518Z C/C++:       |        ^
build	Build DaddyBoard (HeliBoard fork)	2026-09-30T16:05:24.6431279Z C/C++: /home/runner/work/daddyboard/daddyboard/daddyboard-main/app/src/main/jni/src/dictionary/structure/v4/content/language_model_dict_content.h:96:19: note: in implicit copy constructor for 'latinime::TrieMap::TrieMapRange' first required here
build	Build DaddyBoard (HeliBoard fork)	2026-09-30T16:05:24.6433752Z C/C++:    96 |                 : mTrieMapRange(trieMapRange), mHasHistoricalInfo(hasHistoricalInfo) {}
build	Build DaddyBoard (HeliBoard fork)	2026-09-30T16:05:24.6434830Z C/C++:       |                   ^
build	Build DaddyBoard (HeliBoard fork)	2026-09-30T16:05:24.6436270Z C/C++: In file included from /home/runner/work/daddyboard/daddyboard/daddyboard-main/app/src/main/jni/src/dictionary/structure/dictionary_structure_with_buffer_policy_factory.cpp:17:
--
build	Build DaddyBoard (HeliBoard fork)	2026-09-30T16:05:24.6444181Z C/C++: /home/runner/work/daddyboard/daddyboard/daddyboard-main/app/src/main/jni/src/dictionary/property/word_attributes.h:59:5: warning: definition of implicit copy constructor for 'WordAttributes' is deprecated because it has a user-declared copy assignment operator [-Wdeprecated-copy]
build	Build DaddyBoard (HeliBoard fork)	2026-09-30T16:05:24.6446739Z C/C++:    59 |     DISALLOW_ASSIGNMENT_OPERATOR(WordAttributes);
build	Build DaddyBoard (HeliBoard fork)	2026-09-30T16:05:24.6447348Z C/C++:       |     ^
build	Build DaddyBoard (HeliBoard fork)	2026-09-30T16:05:24.6448501Z C/C++: /home/runner/work/daddyboard/daddyboard/daddyboard-main/app/src/main/jni/src/defines.h:289:8: note: expanded from macro 'DISALLOW_ASSIGNMENT_OPERATOR'
build	Build DaddyBoard (HeliBoard fork)	2026-09-30T16:05:24.6449823Z C/C++:   289 |   void operator=(const TypeName&) = delete
build	Build DaddyBoard (HeliBoard fork)	2026-09-30T16:05:24.6450377Z C/C++:       |        ^
build	Build DaddyBoard (HeliBoard fork)	2026-09-30T16:05:24.6451971Z C/C++: /home/runner/work/daddyboard/daddyboard/daddyboard-main/app/src/main/jni/src/dictionary/structure/v4/content/language_model_dict_content.h:119:19: note: in implicit copy constructor for 'WordAttributes' first required here
build	Build DaddyBoard (HeliBoard fork)	2026-09-30T16:05:24.6454049Z C/C++:   119 |                   mWordAttributes(wordAttributes), mProbabilityEntry(probabilityEntry) {}
build	Build DaddyBoard (HeliBoard fork)	2026-09-30T16:05:24.6455335Z C/C++:       |                   ^
build	Build DaddyBoard (HeliBoard fork)	2026-09-30T16:05:24.6457144Z C/C++: /home/runner/work/daddyboard/daddyboard/daddyboard-main/app/src/main/jni/src/dictionary/structure/dictionary_structure_with_buffer_policy_factory.cpp:148:19: warning: variable length arrays in C++ are a Clang extension [-Wvla-cxx-extension]
build	Build DaddyBoard (HeliBoard fork)	2026-09-30T16:05:24.6459468Z C/C++:   148 |     char dictPath[dictDirPathBufSize];
build	Build DaddyBoard (HeliBoard fork)	2026-09-30T16:05:24.6460052Z C/C++:       |                   ^~~~~~~~~~~~~~~~~~
build	Build DaddyBoard (HeliBoard fork)	2026-09-30T16:05:24.6461825Z C/C++: /home/runner/work/daddyboard/daddyboard/daddyboard-main/app/src/main/jni/src/dictionary/structure/dictionary_structure_with_buffer_policy_factory.cpp:148:19: note: initializer of 'dictDirPathBufSize' is not a constant expression
build	Build DaddyBoard (HeliBoard fork)	2026-09-30T16:05:24.6464933Z C/C++: /home/runner/work/daddyboard/daddyboard/daddyboard-main/app/src/main/jni/src/dictionary/structure/dictionary_structure_with_buffer_policy_factory.cpp:147:15: note: declared here
build	Build DaddyBoard (HeliBoard fork)	2026-09-30T16:05:24.6466716Z C/C++:   147 |     const int dictDirPathBufSize = strlen(headerFilePath) + 1 /* terminator */;
build	Build DaddyBoard (HeliBoard fork)	2026-09-30T16:05:24.6467570Z C/C++:       |               ^
build	Build DaddyBoard (HeliBoard fork)	2026-09-30T16:05:24.6469374Z C/C++: /home/runner/work/daddyboard/daddyboard/daddyboard-main/app/src/main/jni/src/dictionary/structure/dictionary_structure_with_buffer_policy_factory.cpp:203:19: warning: variable length arrays in C++ are a Clang extension [-Wvla-cxx-extension]
build	Build DaddyBoard (HeliBoard fork)	2026-09-30T16:05:24.6471312Z C/C++:   203 |     char dictName[dictNameBufSize];
build	Build DaddyBoard (HeliBoard fork)	2026-09-30T16:05:24.6471893Z C/C++:       |                   ^~~~~~~~~~~~~~~
build	Build DaddyBoard (HeliBoard fork)	2026-09-30T16:05:24.6473685Z C/C++: /home/runner/work/daddyboard/daddyboard/daddyboard-main/app/src/main/jni/src/dictionary/structure/dictionary_structure_with_buffer_policy_factory.cpp:203:19: note: initializer of 'dictNameBufSize' is not a constant expression
build	Build DaddyBoard (HeliBoard fork)	2026-09-30T16:05:24.6476703Z C/C++: /home/runner/work/daddyboard/daddyboard/daddyboard-main/app/src/main/jni/src/dictionary/structure/dictionary_structure_with_buffer_policy_factory.cpp:202:15: note: declared here
build	Build DaddyBoard (HeliBoard fork)	2026-09-30T16:05:24.6478708Z C/C++:   202 |     const int dictNameBufSize = strlen(dictDirPath) + 1 /* terminator */;
build	Build DaddyBoard (HeliBoard fork)	2026-09-30T16:05:24.6479468Z C/C++:       |               ^
build	Build DaddyBoard (HeliBoard fork)	2026-09-30T16:05:24.7337651Z C/C++: In file included from /home/runner/work/daddyboard/daddyboard/daddyboard-main/app/src/main/jni/src/dictionary/structure/dictionary_structure_with_buffer_policy_factory.cpp:17:
--
build	Build DaddyBoard (HeliBoard fork)	2026-09-30T16:05:24.7476424Z C/C++: /home/runner/work/daddyboard/daddyboard/daddyboard-main/app/src/main/jni/src/utils/int_array_view.h:160:5: warning: definition of implicit copy constructor for 'IntArrayView' is deprecated because it has a user-declared copy assignment operator [-Wdeprecated-copy]
build	Build DaddyBoard (HeliBoard fork)	2026-09-30T16:05:24.7505070Z C/C++:   160 |     DISALLOW_ASSIGNMENT_OPERATOR(IntArrayView);
build	Build DaddyBoard (HeliBoard fork)	2026-09-30T16:05:24.7535047Z C/C++:       |     ^
build	Build DaddyBoard (HeliBoard fork)	2026-09-30T16:05:24.7563332Z C/C++: /home/runner/work/daddyboard/daddyboard/daddyboard-main/app/src/main/jni/src/defines.h:289:8: note: expanded from macro 'DISALLOW_ASSIGNMENT_OPERATOR'
build	Build DaddyBoard (HeliBoard fork)	2026-09-30T16:05:24.7585193Z C/C++:   289 |   void operator=(const TypeName&) = delete
build	Build DaddyBoard (HeliBoard fork)	2026-09-30T16:05:24.7624967Z C/C++:       |        ^
build	Build DaddyBoard (HeliBoard fork)	2026-09-30T16:05:24.7646232Z C/C++: /usr/local/lib/android/sdk/ndk/28.0.13004108/toolchains/llvm/prebuilt/linux-x86_64/sysroot/usr/include/c++/v1/__memory/allocator.h:173:24: note: in implicit copy constructor for 'latinime::IntArrayView' first required here
build	Build DaddyBoard (HeliBoard fork)	2026-09-30T16:05:24.7655092Z C/C++:   173 |     ::new ((void*)__p) _Up(std::forward<_Args>(__args)...);
build	Build DaddyBoard (HeliBoard fork)	2026-09-30T16:05:24.7684933Z C/C++:       |                        ^
build	Build DaddyBoard (HeliBoard fork)	2026-09-30T16:05:24.7716784Z C/C++: /usr/local/lib/android/sdk/ndk/28.0.13004108/toolchains/llvm/prebuilt/linux-x86_64/sysroot/usr/include/c++/v1/__memory/allocator_traits.h:320:9: note: in instantiation of function template specialization 'std::allocator<latinime::IntArrayView>::construct<latinime::IntArrayView, latinime::IntArrayView>' requested here
build	Build DaddyBoard (HeliBoard fork)	2026-09-30T16:05:24.7735303Z C/C++:   320 |     __a.construct(__p, std::forward<_Args>(__args)...);
build	Build DaddyBoard (HeliBoard fork)	2026-09-30T16:05:24.7744904Z C/C++:       |         ^
build	Build DaddyBoard (HeliBoard fork)	2026-09-30T16:05:24.7769220Z C/C++: /usr/local/lib/android/sdk/ndk/28.0.13004108/toolchains/llvm/prebuilt/linux-x86_64/sysroot/usr/include/c++/v1/__memory/uninitialized_algorithms.h:639:33: note: in instantiation of function template specialization 'std::allocator_traits<std::allocator<latinime::IntArrayView>>::construct<latinime::IntArrayView, latinime::IntArrayView, 0>' requested here
build	Build DaddyBoard (HeliBoard fork)	2026-09-30T16:05:24.7775699Z C/C++:   639 |       allocator_traits<_Alloc>::construct(__alloc, __result, std::move(*__iter));
build	Build DaddyBoard (HeliBoard fork)	2026-09-30T16:05:24.7776722Z C/C++:       |                                 ^
build	Build DaddyBoard (HeliBoard fork)	2026-09-30T16:05:24.7778861Z C/C++: /usr/local/lib/android/sdk/ndk/28.0.13004108/toolchains/llvm/prebuilt/linux-x86_64/sysroot/usr/include/c++/v1/vector:1511:3: note: in instantiation of member function 'std::vector<latinime::IntArrayView>::__swap_out_circular_buffer' requested here
build	Build DaddyBoard (HeliBoard fork)	2026-09-30T16:05:24.7781099Z C/C++:  1511 |   __swap_out_circular_buffer(__v);
build	Build DaddyBoard (HeliBoard fork)	2026-09-30T16:05:24.7781804Z C/C++:       |   ^
build	Build DaddyBoard (HeliBoard fork)	2026-09-30T16:05:24.7784093Z C/C++: /usr/local/lib/android/sdk/ndk/28.0.13004108/toolchains/llvm/prebuilt/linux-x86_64/sysroot/usr/include/c++/v1/vector:1529:13: note: in instantiation of function template specialization 'std::vector<latinime::IntArrayView>::__emplace_back_slow_path<const int *const &, const unsigned long &>' requested here
build	Build DaddyBoard (HeliBoard fork)	2026-09-30T16:05:24.7787328Z C/C++:  1529 |     __end = __emplace_back_slow_path(std::forward<_Args>(__args)...);
build	Build DaddyBoard (HeliBoard fork)	2026-09-30T16:05:24.7788317Z C/C++:       |             ^
build	Build DaddyBoard (HeliBoard fork)	2026-09-30T16:05:24.7790485Z C/C++: /home/runner/work/daddyboard/daddyboard/daddyboard-main/app/src/main/jni/src/utils/int_array_view.h:142:20: note: in instantiation of function template specialization 'std::vector<latinime::IntArrayView>::emplace_back<const int *const &, const unsigned long &>' requested here
build	Build DaddyBoard (HeliBoard fork)	2026-09-30T16:05:24.7792865Z C/C++:   142 |             result.emplace_back(mPtr, mSize);
build	Build DaddyBoard (HeliBoard fork)	2026-09-30T16:05:24.7793606Z C/C++:       |                    ^
build	Build DaddyBoard (HeliBoard fork)	2026-09-30T16:05:24.8326549Z C/C++: In file included from /home/runner/work/daddyboard/daddyboard/daddyboard-main/app/src/main/jni/src/dictionary/structure/dictionary_structure_with_buffer_policy_factory.cpp:17:
--
build	Build DaddyBoard (HeliBoard fork)	2026-09-30T16:05:24.8337465Z C/C++: /home/runner/work/daddyboard/daddyboard/daddyboard-main/app/src/main/jni/src/dictionary/property/ngram_property.h:54:5: warning: definition of implicit copy constructor for 'NgramProperty' is deprecated because it has a user-declared copy assignment operator [-Wdeprecated-copy]
build	Build DaddyBoard (HeliBoard fork)	2026-09-30T16:05:24.8339783Z C/C++:    54 |     DISALLOW_ASSIGNMENT_OPERATOR(NgramProperty);
build	Build DaddyBoard (HeliBoard fork)	2026-09-30T16:05:24.8340334Z C/C++:       |     ^
build	Build DaddyBoard (HeliBoard fork)	2026-09-30T16:05:24.8341395Z C/C++: /home/runner/work/daddyboard/daddyboard/daddyboard-main/app/src/main/jni/src/defines.h:289:8: note: expanded from macro 'DISALLOW_ASSIGNMENT_OPERATOR'
build	Build DaddyBoard (HeliBoard fork)	2026-09-30T16:05:24.8342987Z C/C++:   289 |   void operator=(const TypeName&) = delete
build	Build DaddyBoard (HeliBoard fork)	2026-09-30T16:05:24.8343501Z C/C++:       |        ^
build	Build DaddyBoard (HeliBoard fork)	2026-09-30T16:05:24.8345164Z C/C++: /usr/local/lib/android/sdk/ndk/28.0.13004108/toolchains/llvm/prebuilt/linux-x86_64/sysroot/usr/include/c++/v1/__memory/allocator.h:173:24: note: in implicit copy constructor for 'latinime::NgramProperty' first required here
build	Build DaddyBoard (HeliBoard fork)	2026-09-30T16:05:24.8346856Z C/C++:   173 |     ::new ((void*)__p) _Up(std::forward<_Args>(__args)...);
build	Build DaddyBoard (HeliBoard fork)	2026-09-30T16:05:24.8347448Z C/C++:       |                        ^
build	Build DaddyBoard (HeliBoard fork)	2026-09-30T16:05:24.8349634Z C/C++: /usr/local/lib/android/sdk/ndk/28.0.13004108/toolchains/llvm/prebuilt/linux-x86_64/sysroot/usr/include/c++/v1/__memory/allocator_traits.h:320:9: note: in instantiation of function template specialization 'std::allocator<latinime::NgramProperty>::construct<latinime::NgramProperty, latinime::NgramProperty &>' requested here
build	Build DaddyBoard (HeliBoard fork)	2026-09-30T16:05:24.8351317Z C/C++:   320 |     __a.construct(__p, std::forward<_Args>(__args)...);
build	Build DaddyBoard (HeliBoard fork)	2026-09-30T16:05:24.8351679Z C/C++:       |         ^
build	Build DaddyBoard (HeliBoard fork)	2026-09-30T16:05:24.8353034Z C/C++: /usr/local/lib/android/sdk/ndk/28.0.13004108/toolchains/llvm/prebuilt/linux-x86_64/sysroot/usr/include/c++/v1/__memory/uninitialized_algorithms.h:551:31: note: in instantiation of function template specialization 'std::allocator_traits<std::allocator<latinime::NgramProperty>>::construct<latinime::NgramProperty, latinime::NgramProperty &, 0>' requested here
build	Build DaddyBoard (HeliBoard fork)	2026-09-30T16:05:24.8354968Z C/C++:   551 |     allocator_traits<_Alloc>::construct(__alloc, std::__to_address(__first2), *__first1);
build	Build DaddyBoard (HeliBoard fork)	2026-09-30T16:05:24.8355446Z C/C++:       |                               ^
build	Build DaddyBoard (HeliBoard fork)	2026-09-30T16:05:24.8357165Z C/C++: /usr/local/lib/android/sdk/ndk/28.0.13004108/toolchains/llvm/prebuilt/linux-x86_64/sysroot/usr/include/c++/v1/__memory/uninitialized_algorithms.h:594:33: note: in instantiation of function template specialization 'std::__uninitialized_allocator_copy_impl<std::allocator<latinime::NgramProperty>, latinime::NgramProperty *, latinime::NgramProperty *, latinime::NgramProperty *>' requested here
build	Build DaddyBoard (HeliBoard fork)	2026-09-30T16:05:24.8358781Z C/C++:   594 |   auto __result          = std::__uninitialized_allocator_copy_impl(
build	Build DaddyBoard (HeliBoard fork)	2026-09-30T16:05:24.8359174Z C/C++:       |                                 ^
build	Build DaddyBoard (HeliBoard fork)	2026-09-30T16:05:24.8360555Z C/C++: /usr/local/lib/android/sdk/ndk/28.0.13004108/toolchains/llvm/prebuilt/linux-x86_64/sysroot/usr/include/c++/v1/vector:1100:22: note: in instantiation of function template specialization 'std::__uninitialized_allocator_copy<std::allocator<latinime::NgramProperty>, latinime::NgramProperty *, latinime::NgramProperty *, latinime::NgramProperty *>' requested here
build	Build DaddyBoard (HeliBoard fork)	2026-09-30T16:05:24.8362132Z C/C++:  1100 |   __tx.__pos_ = std::__uninitialized_allocator_copy(__alloc(), __first, __last, __tx.__pos_);
build	Build DaddyBoard (HeliBoard fork)	2026-09-30T16:05:24.8362597Z C/C++:       |                      ^
build	Build DaddyBoard (HeliBoard fork)	2026-09-30T16:05:24.8363779Z C/C++: /usr/local/lib/android/sdk/ndk/28.0.13004108/toolchains/llvm/prebuilt/linux-x86_64/sysroot/usr/include/c++/v1/vector:761:7: note: in instantiation of function template specialization 'std::vector<latinime::NgramProperty>::__construct_at_end<latinime::NgramProperty *, latinime::NgramProperty *>' requested here
build	Build DaddyBoard (HeliBoard fork)	2026-09-30T16:05:24.8365638Z C/C++:   761 |       __construct_at_end(__first, __last, __n);
build	Build DaddyBoard (HeliBoard fork)	2026-09-30T16:05:24.8366156Z C/C++:       |       ^
build	Build DaddyBoard (HeliBoard fork)	2026-09-30T16:05:24.8368187Z C/C++: /usr/local/lib/android/sdk/ndk/28.0.13004108/toolchains/llvm/prebuilt/linux-x86_64/sysroot/usr/include/c++/v1/vector:1213:3: note: in instantiation of function template specialization 'std::vector<latinime::NgramProperty>::__init_with_size<latinime::NgramProperty *, latinime::NgramProperty *>' requested here
build	Build DaddyBoard (HeliBoard fork)	2026-09-30T16:05:24.8370362Z C/C++:  1213 |   __init_with_size(__x.__begin_, __x.__end_, __x.size());
build	Build DaddyBoard (HeliBoard fork)	2026-09-30T16:05:24.8370942Z C/C++:       |   ^
build	Build DaddyBoard (HeliBoard fork)	2026-09-30T16:05:24.8372291Z C/C++: /home/runner/work/daddyboard/daddyboard/daddyboard-main/app/src/main/jni/src/dictionary/property/word_property.h:39:15: note: in instantiation of member function 'std::vector<latinime::NgramProperty>::vector' requested here
build	Build DaddyBoard (HeliBoard fork)	2026-09-30T16:05:24.8373465Z C/C++:    39 |               mNgrams(ngrams) {}
build	Build DaddyBoard (HeliBoard fork)	2026-09-30T16:05:24.8373755Z C/C++:       |               ^
build	Build DaddyBoard (HeliBoard fork)	2026-09-30T16:05:24.8374937Z C/C++: /home/runner/work/daddyboard/daddyboard/daddyboard-main/app/src/main/jni/src/dictionary/structure/dictionary_structure_with_buffer_policy_factory.cpp:148:19: warning: variable length arrays in C++ are a Clang extension [-Wvla-cxx-extension]
build	Build DaddyBoard (HeliBoard fork)	2026-09-30T16:05:24.8376008Z C/C++:   148 |     char dictPath[dictDirPathBufSize];
build	Build DaddyBoard (HeliBoard fork)	2026-09-30T16:05:24.8376337Z C/C++:       |                   ^~~~~~~~~~~~~~~~~~
build	Build DaddyBoard (HeliBoard fork)	2026-09-30T16:05:24.8378269Z C/C++: /home/runner/work/daddyboard/daddyboard/daddyboard-main/app/src/main/jni/src/dictionary/structure/dictionary_structure_with_buffer_policy_factory.cpp:122:20: note: in instantiation of function template specialization 'latinime::DictionaryStructureWithBufferPolicyFactory::newPolicyForV4Dict<latinime::backward::v402::Ver4DictConstants, latinime::backward::v402::Ver4DictBuffers, std::unique_ptr<latinime::backward::v402::Ver4DictBuffers>, latinime::backward::v402::Ver4PatriciaTriePolicy>' requested here
build	Build DaddyBoard (HeliBoard fork)	2026-09-30T16:05:24.8380309Z C/C++:   122 |             return newPolicyForV4Dict<backward::v402::Ver4DictConstants,
build	Build DaddyBoard (HeliBoard fork)	2026-09-30T16:05:24.8380708Z C/C++:       |                    ^
build	Build DaddyBoard (HeliBoard fork)	2026-09-30T16:05:24.8381648Z C/C++: /home/runner/work/daddyboard/daddyboard/daddyboard-main/app/src/main/jni/src/dictionary/structure/dictionary_structure_with_buffer_policy_factory.cpp:148:19: note: initializer of 'dictDirPathBufSize' is not a constant expression
build	Build DaddyBoard (HeliBoard fork)	2026-09-30T16:05:24.8382635Z C/C++:   148 |     char dictPath[dictDirPathBufSize];
build	Build DaddyBoard (HeliBoard fork)	2026-09-30T16:05:24.8383064Z C/C++:       |                   ^
build	Build DaddyBoard (HeliBoard fork)	2026-09-30T16:05:24.8383810Z C/C++: /home/runner/work/daddyboard/daddyboard/daddyboard-main/app/src/main/jni/src/dictionary/structure/dictionary_structure_with_buffer_policy_factory.cpp:147:15: note: declared here
build	Build DaddyBoard (HeliBoard fork)	2026-09-30T16:05:24.8384907Z C/C++:   147 |     const int dictDirPathBufSize = strlen(headerFilePath) + 1 /* terminator */;
build	Build DaddyBoard (HeliBoard fork)	2026-09-30T16:05:24.8385331Z C/C++:       |               ^
build	Build DaddyBoard (HeliBoard fork)	2026-09-30T16:05:24.8386272Z C/C++: /home/runner/work/daddyboard/daddyboard/daddyboard-main/app/src/main/jni/src/dictionary/structure/dictionary_structure_with_buffer_policy_factory.cpp:148:19: warning: variable length arrays in C++ are a Clang extension [-Wvla-cxx-extension]
build	Build DaddyBoard (HeliBoard fork)	2026-09-30T16:05:24.8387283Z C/C++:   148 |     char dictPath[dictDirPathBufSize];
build	Build DaddyBoard (HeliBoard fork)	2026-09-30T16:05:24.8387594Z C/C++:       |                   ^~~~~~~~~~~~~~~~~~
build	Build DaddyBoard (HeliBoard fork)	2026-09-30T16:05:24.8389318Z C/C++: /home/runner/work/daddyboard/daddyboard/daddyboard-main/app/src/main/jni/src/dictionary/structure/dictionary_structure_with_buffer_policy_factory.cpp:130:20: note: in instantiation of function template specialization 'latinime::DictionaryStructureWithBufferPolicyFactory::newPolicyForV4Dict<latinime::Ver4DictConstants, latinime::Ver4DictBuffers, std::unique_ptr<latinime::Ver4DictBuffers>, latinime::Ver4PatriciaTriePolicy>' requested here
build	Build DaddyBoard (HeliBoard fork)	2026-09-30T16:05:24.8391152Z C/C++:   130 |             return newPolicyForV4Dict<Ver4DictConstants, Ver4DictBuffers,
build	Build DaddyBoard (HeliBoard fork)	2026-09-30T16:05:24.8391544Z C/C++:       |                    ^
build	Build DaddyBoard (HeliBoard fork)	2026-09-30T16:05:24.8392455Z C/C++: /home/runner/work/daddyboard/daddyboard/daddyboard-main/app/src/main/jni/src/dictionary/structure/dictionary_structure_with_buffer_policy_factory.cpp:148:19: note: initializer of 'dictDirPathBufSize' is not a constant expression
build	Build DaddyBoard (HeliBoard fork)	2026-09-30T16:05:24.8393425Z C/C++:   148 |     char dictPath[dictDirPathBufSize];
build	Build DaddyBoard (HeliBoard fork)	2026-09-30T16:05:24.8393716Z C/C++:       |                   ^
build	Build DaddyBoard (HeliBoard fork)	2026-09-30T16:05:24.8394579Z C/C++: /home/runner/work/daddyboard/daddyboard/daddyboard-main/app/src/main/jni/src/dictionary/structure/dictionary_structure_with_buffer_policy_factory.cpp:147:15: note: declared here
build	Build DaddyBoard (HeliBoard fork)	2026-09-30T16:05:24.8395512Z C/C++:   147 |     const int dictDirPathBufSize = strlen(headerFilePath) + 1 /* terminator */;
build	Build DaddyBoard (HeliBoard fork)	2026-09-30T16:05:24.8396101Z C/C++:       |               ^
build	Build DaddyBoard (HeliBoard fork)	2026-09-30T16:05:25.0325712Z C/C++: 13 warnings generated.
--
build	Build DaddyBoard (HeliBoard fork)	2026-09-30T16:05:25.6456527Z C/C++: /home/runner/work/daddyboard/daddyboard/daddyboard-main/app/src/main/jni/src/utils/byte_array_view.h:53:5: warning: definition of implicit copy constructor for 'ReadOnlyByteArrayView' is deprecated because it has a user-declared copy assignment operator [-Wdeprecated-copy]
build	Build DaddyBoard (HeliBoard fork)	2026-09-30T16:05:25.6505055Z C/C++:    53 |     DISALLOW_ASSIGNMENT_OPERATOR(ReadOnlyByteArrayView);
build	Build DaddyBoard (HeliBoard fork)	2026-09-30T16:05:25.6535018Z C/C++:       |     ^
build	Build DaddyBoard (HeliBoard fork)	2026-09-30T16:05:25.6595458Z C/C++: /home/runner/work/daddyboard/daddyboard/daddyboard-main/app/src/main/jni/src/defines.h:289:8: note: expanded from macro 'DISALLOW_ASSIGNMENT_OPERATOR'
build	Build DaddyBoard (HeliBoard fork)	2026-09-30T16:05:25.6625088Z C/C++:   289 |   void operator=(const TypeName&) = delete
build	Build DaddyBoard (HeliBoard fork)	2026-09-30T16:05:25.6646508Z C/C++:       |        ^
build	Build DaddyBoard (HeliBoard fork)	2026-09-30T16:05:25.6676252Z C/C++: /home/runner/work/daddyboard/daddyboard/daddyboard-main/app/src/main/jni/src/dictionary/structure/pt_common/bigram/bigram_list_read_write_utils.cpp:54:62: note: in implicit copy constructor for 'latinime::ReadOnlyByteArrayView' first required here
build	Build DaddyBoard (HeliBoard fork)	2026-09-30T16:05:25.6735406Z C/C++:    54 |     const int targetPos = getBigramAddressAndAdvancePosition(buffer, bigramFlags, bigramEntryPos);
build	Build DaddyBoard (HeliBoard fork)	2026-09-30T16:05:25.6737018Z C/C++:       |                                                              ^
build	Build DaddyBoard (HeliBoard fork)	2026-09-30T16:05:25.7325597Z C/C++: 1 warning generated.
--
build	Build DaddyBoard (HeliBoard fork)	2026-09-30T16:05:26.5424882Z C/C++: /home/runner/work/daddyboard/daddyboard/daddyboard-main/app/src/main/jni/src/utils/int_array_view.h:160:5: warning: definition of implicit copy constructor for 'IntArrayView' is deprecated because it has a user-declared copy assignment operator [-Wdeprecated-copy]
build	Build DaddyBoard (HeliBoard fork)	2026-09-30T16:05:26.5455124Z C/C++:   160 |     DISALLOW_ASSIGNMENT_OPERATOR(IntArrayView);
build	Build DaddyBoard (HeliBoard fork)	2026-09-30T16:05:26.5460025Z C/C++:       |     ^
build	Build DaddyBoard (HeliBoard fork)	2026-09-30T16:05:26.5461158Z C/C++: /home/runner/work/daddyboard/daddyboard/daddyboard-main/app/src/main/jni/src/defines.h:289:8: note: expanded from macro 'DISALLOW_ASSIGNMENT_OPERATOR'
build	Build DaddyBoard (HeliBoard fork)	2026-09-30T16:05:26.5462561Z C/C++:   289 |   void operator=(const TypeName&) = delete
build	Build DaddyBoard (HeliBoard fork)	2026-09-30T16:05:26.5463298Z C/C++:       |        ^
build	Build DaddyBoard (HeliBoard fork)	2026-09-30T16:05:26.5465304Z C/C++: /usr/local/lib/android/sdk/ndk/28.0.13004108/toolchains/llvm/prebuilt/linux-x86_64/sysroot/usr/include/c++/v1/__memory/allocator.h:173:24: note: in implicit copy constructor for 'latinime::IntArrayView' first required here
build	Build DaddyBoard (HeliBoard fork)	2026-09-30T16:05:26.5467313Z C/C++:   173 |     ::new ((void*)__p) _Up(std::forward<_Args>(__args)...);
build	Build DaddyBoard (HeliBoard fork)	2026-09-30T16:05:26.5468014Z C/C++:       |                        ^
build	Build DaddyBoard (HeliBoard fork)	2026-09-30T16:05:26.5470357Z C/C++: /usr/local/lib/android/sdk/ndk/28.0.13004108/toolchains/llvm/prebuilt/linux-x86_64/sysroot/usr/include/c++/v1/__memory/allocator_traits.h:320:9: note: in instantiation of function template specialization 'std::allocator<latinime::IntArrayView>::construct<latinime::IntArrayView, latinime::IntArrayView>' requested here
build	Build DaddyBoard (HeliBoard fork)	2026-09-30T16:05:26.5473141Z C/C++:   320 |     __a.construct(__p, std::forward<_Args>(__args)...);
build	Build DaddyBoard (HeliBoard fork)	2026-09-30T16:05:26.5473748Z C/C++:       |         ^
build	Build DaddyBoard (HeliBoard fork)	2026-09-30T16:05:26.5476395Z C/C++: /usr/local/lib/android/sdk/ndk/28.0.13004108/toolchains/llvm/prebuilt/linux-x86_64/sysroot/usr/include/c++/v1/__memory/uninitialized_algorithms.h:639:33: note: in instantiation of function template specialization 'std::allocator_traits<std::allocator<latinime::IntArrayView>>::construct<latinime::IntArrayView, latinime::IntArrayView, 0>' requested here
build	Build DaddyBoard (HeliBoard fork)	2026-09-30T16:05:26.5479266Z C/C++:   639 |       allocator_traits<_Alloc>::construct(__alloc, __result, std::move(*__iter));
build	Build DaddyBoard (HeliBoard fork)	2026-09-30T16:05:26.5480127Z C/C++:       |                                 ^
build	Build DaddyBoard (HeliBoard fork)	2026-09-30T16:05:26.5482013Z C/C++: /usr/local/lib/android/sdk/ndk/28.0.13004108/toolchains/llvm/prebuilt/linux-x86_64/sysroot/usr/include/c++/v1/vector:1511:3: note: in instantiation of member function 'std::vector<latinime::IntArrayView>::__swap_out_circular_buffer' requested here
build	Build DaddyBoard (HeliBoard fork)	2026-09-30T16:05:26.5483962Z C/C++:  1511 |   __swap_out_circular_buffer(__v);
build	Build DaddyBoard (HeliBoard fork)	2026-09-30T16:05:26.5484778Z C/C++:       |   ^
build	Build DaddyBoard (HeliBoard fork)	2026-09-30T16:05:26.5486917Z C/C++: /usr/local/lib/android/sdk/ndk/28.0.13004108/toolchains/llvm/prebuilt/linux-x86_64/sysroot/usr/include/c++/v1/vector:1529:13: note: in instantiation of function template specialization 'std::vector<latinime::IntArrayView>::__emplace_back_slow_path<const int *const &, const unsigned long &>' requested here
build	Build DaddyBoard (HeliBoard fork)	2026-09-30T16:05:26.5489919Z C/C++:  1529 |     __end = __emplace_back_slow_path(std::forward<_Args>(__args)...);
build	Build DaddyBoard (HeliBoard fork)	2026-09-30T16:05:26.5490949Z C/C++:       |             ^
build	Build DaddyBoard (HeliBoard fork)	2026-09-30T16:05:26.5492961Z C/C++: /home/runner/work/daddyboard/daddyboard/daddyboard-main/app/src/main/jni/src/utils/int_array_view.h:142:20: note: in instantiation of function template specialization 'std::vector<latinime::IntArrayView>::emplace_back<const int *const &, const unsigned long &>' requested here
build	Build DaddyBoard (HeliBoard fork)	2026-09-30T16:05:26.5495478Z C/C++:   142 |             result.emplace_back(mPtr, mSize);
build	Build DaddyBoard (HeliBoard fork)	2026-09-30T16:05:26.5496111Z C/C++:       |                    ^
build	Build DaddyBoard (HeliBoard fork)	2026-09-30T16:05:26.7345493Z C/C++: 1 warning generated.
build	Build DaddyBoard (HeliBoard fork)	2026-09-30T16:05:27.3328333Z C/C++: /home/runner/work/daddyboard/daddyboard/daddyboard-main/app/src/main/jni/src/dictionary/structure/pt_common/dynamic_pt_reading_helper.cpp:182:27: warning: variable length arrays in C++ are a Clang extension [-Wvla-cxx-extension]
build	Build DaddyBoard (HeliBoard fork)	2026-09-30T16:05:27.3331500Z C/C++:   182 |     int reverseCodePoints[maxCodePointCount];
build	Build DaddyBoard (HeliBoard fork)	2026-09-30T16:05:27.3332413Z C/C++:       |                           ^~~~~~~~~~~~~~~~~
build	Build DaddyBoard (HeliBoard fork)	2026-09-30T16:05:27.3334932Z C/C++: /home/runner/work/daddyboard/daddyboard/daddyboard-main/app/src/main/jni/src/dictionary/structure/pt_common/dynamic_pt_reading_helper.cpp:182:27: note: function parameter 'maxCodePointCount' with unknown value cannot be used in a constant expression
build	Build DaddyBoard (HeliBoard fork)	2026-09-30T16:05:27.3338103Z C/C++: /home/runner/work/daddyboard/daddyboard/daddyboard-main/app/src/main/jni/src/dictionary/structure/pt_common/dynamic_pt_reading_helper.cpp:178:76: note: declared here
build	Build DaddyBoard (HeliBoard fork)	2026-09-30T16:05:27.3340249Z C/C++:   178 | int DynamicPtReadingHelper::getCodePointsAndReturnCodePointCount(const int maxCodePointCount,
build	Build DaddyBoard (HeliBoard fork)	2026-09-30T16:05:27.3341513Z C/C++:       |                                                                            ^
build	Build DaddyBoard (HeliBoard fork)	2026-09-30T16:05:27.3343308Z C/C++: /home/runner/work/daddyboard/daddyboard/daddyboard-main/app/src/main/jni/src/dictionary/structure/pt_common/dynamic_pt_reading_helper.cpp:217:26: warning: variable length arrays in C++ are a Clang extension [-Wvla-cxx-extension]
build	Build DaddyBoard (HeliBoard fork)	2026-09-30T16:05:27.3345262Z C/C++:   217 |     int searchCodePoints[length];
build	Build DaddyBoard (HeliBoard fork)	2026-09-30T16:05:27.3345856Z C/C++:       |                          ^~~~~~
build	Build DaddyBoard (HeliBoard fork)	2026-09-30T16:05:27.3347658Z C/C++: /home/runner/work/daddyboard/daddyboard/daddyboard-main/app/src/main/jni/src/dictionary/structure/pt_common/dynamic_pt_reading_helper.cpp:217:26: note: function parameter 'length' with unknown value cannot be used in a constant expression
build	Build DaddyBoard (HeliBoard fork)	2026-09-30T16:05:27.3351022Z C/C++: /home/runner/work/daddyboard/daddyboard/daddyboard-main/app/src/main/jni/src/dictionary/structure/pt_common/dynamic_pt_reading_helper.cpp:216:22: note: declared here
build	Build DaddyBoard (HeliBoard fork)	2026-09-30T16:05:27.3352947Z C/C++:   216 |         const size_t length, const bool forceLowerCaseSearch) {
build	Build DaddyBoard (HeliBoard fork)	2026-09-30T16:05:27.3353948Z C/C++:       |                      ^
build	Build DaddyBoard (HeliBoard fork)	2026-09-30T16:05:27.4333137Z C/C++: In file included from /home/runner/work/daddyboard/daddyboard/daddyboard-main/app/src/main/jni/src/dictionary/structure/pt_common/dynamic_pt_reading_helper.cpp:17:
--
build	Build DaddyBoard (HeliBoard fork)	2026-09-30T16:05:27.4354008Z C/C++: /home/runner/work/daddyboard/daddyboard/daddyboard-main/app/src/main/jni/src/utils/int_array_view.h:160:5: warning: definition of implicit copy constructor for 'IntArrayView' is deprecated because it has a user-declared copy assignment operator [-Wdeprecated-copy]
build	Build DaddyBoard (HeliBoard fork)	2026-09-30T16:05:27.4356297Z C/C++:   160 |     DISALLOW_ASSIGNMENT_OPERATOR(IntArrayView);
build	Build DaddyBoard (HeliBoard fork)	2026-09-30T16:05:27.4356899Z C/C++:       |     ^
build	Build DaddyBoard (HeliBoard fork)	2026-09-30T16:05:27.4358037Z C/C++: /home/runner/work/daddyboard/daddyboard/daddyboard-main/app/src/main/jni/src/defines.h:289:8: note: expanded from macro 'DISALLOW_ASSIGNMENT_OPERATOR'
build	Build DaddyBoard (HeliBoard fork)	2026-09-30T16:05:27.4359801Z C/C++:   289 |   void operator=(const TypeName&) = delete
build	Build DaddyBoard (HeliBoard fork)	2026-09-30T16:05:27.4360337Z C/C++:       |        ^
build	Build DaddyBoard (HeliBoard fork)	2026-09-30T16:05:27.4361881Z C/C++: /usr/local/lib/android/sdk/ndk/28.0.13004108/toolchains/llvm/prebuilt/linux-x86_64/sysroot/usr/include/c++/v1/__memory/allocator.h:173:24: note: in implicit copy constructor for 'latinime::IntArrayView' first required here
build	Build DaddyBoard (HeliBoard fork)	2026-09-30T16:05:27.4363657Z C/C++:   173 |     ::new ((void*)__p) _Up(std::forward<_Args>(__args)...);
build	Build DaddyBoard (HeliBoard fork)	2026-09-30T16:05:27.4364260Z C/C++:       |                        ^
build	Build DaddyBoard (HeliBoard fork)	2026-09-30T16:05:27.4366746Z C/C++: /usr/local/lib/android/sdk/ndk/28.0.13004108/toolchains/llvm/prebuilt/linux-x86_64/sysroot/usr/include/c++/v1/__memory/allocator_traits.h:320:9: note: in instantiation of function template specialization 'std::allocator<latinime::IntArrayView>::construct<latinime::IntArrayView, latinime::IntArrayView>' requested here
build	Build DaddyBoard (HeliBoard fork)	2026-09-30T16:05:27.4369170Z C/C++:   320 |     __a.construct(__p, std::forward<_Args>(__args)...);
build	Build DaddyBoard (HeliBoard fork)	2026-09-30T16:05:27.4369812Z C/C++:       |         ^
build	Build DaddyBoard (HeliBoard fork)	2026-09-30T16:05:27.4372292Z C/C++: /usr/local/lib/android/sdk/ndk/28.0.13004108/toolchains/llvm/prebuilt/linux-x86_64/sysroot/usr/include/c++/v1/__memory/uninitialized_algorithms.h:639:33: note: in instantiation of function template specialization 'std::allocator_traits<std::allocator<latinime::IntArrayView>>::construct<latinime::IntArrayView, latinime::IntArrayView, 0>' requested here
build	Build DaddyBoard (HeliBoard fork)	2026-09-30T16:05:27.4375670Z C/C++:   639 |       allocator_traits<_Alloc>::construct(__alloc, __result, std::move(*__iter));
build	Build DaddyBoard (HeliBoard fork)	2026-09-30T16:05:27.4376520Z C/C++:       |                                 ^
build	Build DaddyBoard (HeliBoard fork)	2026-09-30T16:05:27.4378405Z C/C++: /usr/local/lib/android/sdk/ndk/28.0.13004108/toolchains/llvm/prebuilt/linux-x86_64/sysroot/usr/include/c++/v1/vector:1511:3: note: in instantiation of member function 'std::vector<latinime::IntArrayView>::__swap_out_circular_buffer' requested here
build	Build DaddyBoard (HeliBoard fork)	2026-09-30T16:05:27.4380312Z C/C++:  1511 |   __swap_out_circular_buffer(__v);
build	Build DaddyBoard (HeliBoard fork)	2026-09-30T16:05:27.4380865Z C/C++:       |   ^
build	Build DaddyBoard (HeliBoard fork)	2026-09-30T16:05:27.4383068Z C/C++: /usr/local/lib/android/sdk/ndk/28.0.13004108/toolchains/llvm/prebuilt/linux-x86_64/sysroot/usr/include/c++/v1/vector:1529:13: note: in instantiation of function template specialization 'std::vector<latinime::IntArrayView>::__emplace_back_slow_path<const int *const &, const unsigned long &>' requested here
build	Build DaddyBoard (HeliBoard fork)	2026-09-30T16:05:27.4386035Z C/C++:  1529 |     __end = __emplace_back_slow_path(std::forward<_Args>(__args)...);
build	Build DaddyBoard (HeliBoard fork)	2026-09-30T16:05:27.4386754Z C/C++:       |             ^
build	Build DaddyBoard (HeliBoard fork)	2026-09-30T16:05:27.4388745Z C/C++: /home/runner/work/daddyboard/daddyboard/daddyboard-main/app/src/main/jni/src/utils/int_array_view.h:142:20: note: in instantiation of function template specialization 'std::vector<latinime::IntArrayView>::emplace_back<const int *const &, const unsigned long &>' requested here
build	Build DaddyBoard (HeliBoard fork)	2026-09-30T16:05:27.4390837Z C/C++:   142 |             result.emplace_back(mPtr, mSize);
build	Build DaddyBoard (HeliBoard fork)	2026-09-30T16:05:27.4391392Z C/C++:       |                    ^
build	Build DaddyBoard (HeliBoard fork)	2026-09-30T16:05:27.5355971Z C/C++: 3 warnings generated.
--
build	Build DaddyBoard (HeliBoard fork)	2026-09-30T16:05:28.3406235Z C/C++: /home/runner/work/daddyboard/daddyboard/daddyboard-main/app/src/main/jni/src/dictionary/property/historical_info.h:52:5: warning: definition of implicit copy constructor for 'HistoricalInfo' is deprecated because it has a user-declared copy assignment operator [-Wdeprecated-copy]
build	Build DaddyBoard (HeliBoard fork)	2026-09-30T16:05:28.3435067Z C/C++:    52 |     DISALLOW_ASSIGNMENT_OPERATOR(HistoricalInfo);
build	Build DaddyBoard (HeliBoard fork)	2026-09-30T16:05:28.3435747Z C/C++:       |     ^
build	Build DaddyBoard (HeliBoard fork)	2026-09-30T16:05:28.3465801Z C/C++: /home/runner/work/daddyboard/daddyboard/daddyboard-main/app/src/main/jni/src/defines.h:289:8: note: expanded from macro 'DISALLOW_ASSIGNMENT_OPERATOR'
build	Build DaddyBoard (HeliBoard fork)	2026-09-30T16:05:28.3467607Z C/C++:   289 |   void operator=(const TypeName&) = delete
build	Build DaddyBoard (HeliBoard fork)	2026-09-30T16:05:28.3468166Z C/C++:       |        ^
build	Build DaddyBoard (HeliBoard fork)	2026-09-30T16:05:28.3469690Z C/C++: /home/runner/work/daddyboard/daddyboard/daddyboard-main/app/src/main/jni/src/dictionary/property/unigram_property.h:63:15: note: in implicit copy constructor for 'latinime::HistoricalInfo' first required here
build	Build DaddyBoard (HeliBoard fork)	2026-09-30T16:05:28.3471565Z C/C++:    63 |               mHistoricalInfo(historicalInfo), mShortcuts(std::move(shortcuts)) {}
build	Build DaddyBoard (HeliBoard fork)	2026-09-30T16:05:28.3472328Z C/C++:       |               ^
build	Build DaddyBoard (HeliBoard fork)	2026-09-30T16:05:28.4326879Z C/C++: In file included from /home/runner/work/daddyboard/daddyboard/daddyboard-main/app/src/main/jni/src/dictionary/structure/pt_common/dynamic_pt_updating_helper.cpp:17:
--
build	Build DaddyBoard (HeliBoard fork)	2026-09-30T16:05:28.4396300Z C/C++: /home/runner/work/daddyboard/daddyboard/daddyboard-main/app/src/main/jni/src/utils/int_array_view.h:160:5: warning: definition of implicit copy constructor for 'IntArrayView' is deprecated because it has a user-declared copy assignment operator [-Wdeprecated-copy]
build	Build DaddyBoard (HeliBoard fork)	2026-09-30T16:05:28.4398295Z C/C++:   160 |     DISALLOW_ASSIGNMENT_OPERATOR(IntArrayView);
build	Build DaddyBoard (HeliBoard fork)	2026-09-30T16:05:28.4398867Z C/C++:       |     ^
build	Build DaddyBoard (HeliBoard fork)	2026-09-30T16:05:28.4399944Z C/C++: /home/runner/work/daddyboard/daddyboard/daddyboard-main/app/src/main/jni/src/defines.h:289:8: note: expanded from macro 'DISALLOW_ASSIGNMENT_OPERATOR'
build	Build DaddyBoard (HeliBoard fork)	2026-09-30T16:05:28.4401189Z C/C++:   289 |   void operator=(const TypeName&) = delete
build	Build DaddyBoard (HeliBoard fork)	2026-09-30T16:05:28.4401712Z C/C++:       |        ^
build	Build DaddyBoard (HeliBoard fork)	2026-09-30T16:05:28.4403275Z C/C++: /home/runner/work/daddyboard/daddyboard/daddyboard-main/app/src/main/jni/src/dictionary/structure/pt_common/dynamic_pt_updating_helper.cpp:99:41: note: in implicit copy constructor for 'latinime::IntArrayView' first required here
build	Build DaddyBoard (HeliBoard fork)	2026-09-30T16:05:28.4405456Z C/C++:    99 |     return mPtNodeWriter->addNgramEntry(prevWordIds, wordId, ngramProperty, outAddedNewEntry);
build	Build DaddyBoard (HeliBoard fork)	2026-09-30T16:05:28.4406777Z C/C++:       |                                         ^
build	Build DaddyBoard (HeliBoard fork)	2026-09-30T16:05:28.6325468Z C/C++: 2 warnings generated.
--
build	Build DaddyBoard (HeliBoard fork)	2026-09-30T16:05:29.5376768Z C/C++: /home/runner/work/daddyboard/daddyboard/daddyboard-main/app/src/main/jni/src/utils/byte_array_view.h:53:5: warning: definition of implicit copy constructor for 'ReadOnlyByteArrayView' is deprecated because it has a user-declared copy assignment operator [-Wdeprecated-copy]
build	Build DaddyBoard (HeliBoard fork)	2026-09-30T16:05:29.5399747Z C/C++:    53 |     DISALLOW_ASSIGNMENT_OPERATOR(ReadOnlyByteArrayView);
build	Build DaddyBoard (HeliBoard fork)	2026-09-30T16:05:29.5405250Z C/C++:       |     ^
build	Build DaddyBoard (HeliBoard fork)	2026-09-30T16:05:29.5435716Z C/C++: /home/runner/work/daddyboard/daddyboard/daddyboard-main/app/src/main/jni/src/defines.h:289:8: note: expanded from macro 'DISALLOW_ASSIGNMENT_OPERATOR'
build	Build DaddyBoard (HeliBoard fork)	2026-09-30T16:05:29.5456000Z C/C++:   289 |   void operator=(const TypeName&) = delete
build	Build DaddyBoard (HeliBoard fork)	2026-09-30T16:05:29.5475056Z C/C++:       |        ^
build	Build DaddyBoard (HeliBoard fork)	2026-09-30T16:05:29.5506434Z C/C++: /home/runner/work/daddyboard/daddyboard/daddyboard-main/app/src/main/jni/src/dictionary/structure/pt_common/shortcut/shortcut_list_reading_utils.h:52:75: note: in implicit copy constructor for 'latinime::ReadOnlyByteArrayView' first required here
build	Build DaddyBoard (HeliBoard fork)	2026-09-30T16:05:29.5517514Z C/C++:    52 |         const int shortcutListSize = getShortcutListSizeAndForwardPointer(buffer, pos);
build	Build DaddyBoard (HeliBoard fork)	2026-09-30T16:05:29.5545047Z C/C++:       |                                                                           ^
build	Build DaddyBoard (HeliBoard fork)	2026-09-30T16:05:29.5565067Z C/C++: 1 warning generated.
--
build	Build DaddyBoard (HeliBoard fork)	2026-09-30T16:05:30.3406492Z C/C++: /home/runner/work/daddyboard/daddyboard/daddyboard-main/app/src/main/jni/src/dictionary/utils/entry_counters.h:44:5: warning: definition of implicit copy constructor for 'EntryCounts' is deprecated because it has a user-declared copy assignment operator [-Wdeprecated-copy]
build	Build DaddyBoard (HeliBoard fork)	2026-09-30T16:05:30.3435062Z C/C++:    44 |     DISALLOW_ASSIGNMENT_OPERATOR(EntryCounts);
build	Build DaddyBoard (HeliBoard fork)	2026-09-30T16:05:30.3435714Z C/C++:       |     ^
build	Build DaddyBoard (HeliBoard fork)	2026-09-30T16:05:30.3465865Z C/C++: /home/runner/work/daddyboard/daddyboard/daddyboard-main/app/src/main/jni/src/defines.h:289:8: note: expanded from macro 'DISALLOW_ASSIGNMENT_OPERATOR'
build	Build DaddyBoard (HeliBoard fork)	2026-09-30T16:05:30.3515252Z C/C++:   289 |   void operator=(const TypeName&) = delete
build	Build DaddyBoard (HeliBoard fork)	2026-09-30T16:05:30.3545054Z C/C++:       |        ^
build	Build DaddyBoard (HeliBoard fork)	2026-09-30T16:05:30.3576145Z C/C++: /home/runner/work/daddyboard/daddyboard/daddyboard-main/app/src/main/jni/src/dictionary/header/header_policy.h:92:15: note: in implicit copy constructor for 'latinime::EntryCounts' first required here
build	Build DaddyBoard (HeliBoard fork)	2026-09-30T16:05:30.3604365Z C/C++:    92 |               mNgramCounts(headerPolicy->mNgramCounts),
build	Build DaddyBoard (HeliBoard fork)	2026-09-30T16:05:30.3605464Z C/C++:       |               ^
build	Build DaddyBoard (HeliBoard fork)	2026-09-30T16:05:30.3635834Z C/C++: In file included from /home/runner/work/daddyboard/daddyboard/daddyboard-main/app/src/main/jni/src/dictionary/structure/v2/patricia_trie_policy.cpp:17:
--
build	Build DaddyBoard (HeliBoard fork)	2026-09-30T16:05:30.3671027Z C/C++: /home/runner/work/daddyboard/daddyboard/daddyboard-main/app/src/main/jni/src/dictionary/property/historical_info.h:52:5: warning: definition of implicit copy constructor for 'HistoricalInfo' is deprecated because it has a user-declared copy assignment operator [-Wdeprecated-copy]
build	Build DaddyBoard (HeliBoard fork)	2026-09-30T16:05:30.3673301Z C/C++:    52 |     DISALLOW_ASSIGNMENT_OPERATOR(HistoricalInfo);
build	Build DaddyBoard (HeliBoard fork)	2026-09-30T16:05:30.3673905Z C/C++:       |     ^
build	Build DaddyBoard (HeliBoard fork)	2026-09-30T16:05:30.3675226Z C/C++: /home/runner/work/daddyboard/daddyboard/daddyboard-main/app/src/main/jni/src/defines.h:289:8: note: expanded from macro 'DISALLOW_ASSIGNMENT_OPERATOR'
build	Build DaddyBoard (HeliBoard fork)	2026-09-30T16:05:30.3676584Z C/C++:   289 |   void operator=(const TypeName&) = delete
build	Build DaddyBoard (HeliBoard fork)	2026-09-30T16:05:30.3677156Z C/C++:       |        ^
build	Build DaddyBoard (HeliBoard fork)	2026-09-30T16:05:30.3678721Z C/C++: /home/runner/work/daddyboard/daddyboard/daddyboard-main/app/src/main/jni/src/dictionary/property/ngram_property.h:33:42: note: in implicit copy constructor for 'latinime::HistoricalInfo' first required here
build	Build DaddyBoard (HeliBoard fork)	2026-09-30T16:05:30.3680578Z C/C++:    33 |               mProbability(probability), mHistoricalInfo(historicalInfo) {}
build	Build DaddyBoard (HeliBoard fork)	2026-09-30T16:05:30.3681354Z C/C++:       |                                          ^
build	Build DaddyBoard (HeliBoard fork)	2026-09-30T16:05:30.3682653Z C/C++: In file included from /home/runner/work/daddyboard/daddyboard/daddyboard-main/app/src/main/jni/src/dictionary/structure/v2/patricia_trie_policy.cpp:17:
--
build	Build DaddyBoard (HeliBoard fork)	2026-09-30T16:05:30.3692423Z C/C++: /home/runner/work/daddyboard/daddyboard/daddyboard-main/app/src/main/jni/src/dictionary/property/unigram_property.h:126:5: warning: definition of implicit copy constructor for 'UnigramProperty' is deprecated because it has a user-declared copy assignment operator [-Wdeprecated-copy]
build	Build DaddyBoard (HeliBoard fork)	2026-09-30T16:05:30.3725027Z C/C++:   126 |     DISALLOW_ASSIGNMENT_OPERATOR(UnigramProperty);
build	Build DaddyBoard (HeliBoard fork)	2026-09-30T16:05:30.3725631Z C/C++:       |     ^
build	Build DaddyBoard (HeliBoard fork)	2026-09-30T16:05:30.3726729Z C/C++: /home/runner/work/daddyboard/daddyboard/daddyboard-main/app/src/main/jni/src/defines.h:289:8: note: expanded from macro 'DISALLOW_ASSIGNMENT_OPERATOR'
build	Build DaddyBoard (HeliBoard fork)	2026-09-30T16:05:30.3728012Z C/C++:   289 |   void operator=(const TypeName&) = delete
build	Build DaddyBoard (HeliBoard fork)	2026-09-30T16:05:30.3728527Z C/C++:       |        ^
build	Build DaddyBoard (HeliBoard fork)	2026-09-30T16:05:30.3730023Z C/C++: /home/runner/work/daddyboard/daddyboard/daddyboard-main/app/src/main/jni/src/dictionary/property/word_property.h:38:51: note: in implicit copy constructor for 'latinime::UnigramProperty' first required here
build	Build DaddyBoard (HeliBoard fork)	2026-09-30T16:05:30.3731876Z C/C++:    38 |             : mCodePoints(std::move(codePoints)), mUnigramProperty(unigramProperty),
build	Build DaddyBoard (HeliBoard fork)	2026-09-30T16:05:30.3732692Z C/C++:       |                                                   ^
build	Build DaddyBoard (HeliBoard fork)	2026-09-30T16:05:30.3733985Z C/C++: In file included from /home/runner/work/daddyboard/daddyboard/daddyboard-main/app/src/main/jni/src/dictionary/structure/v2/patricia_trie_policy.cpp:17:
--
build	Build DaddyBoard (HeliBoard fork)	2026-09-30T16:05:30.3745403Z C/C++: /home/runner/work/daddyboard/daddyboard/daddyboard-main/app/src/main/jni/src/utils/byte_array_view.h:53:5: warning: definition of implicit copy constructor for 'ReadOnlyByteArrayView' is deprecated because it has a user-declared copy assignment operator [-Wdeprecated-copy]
build	Build DaddyBoard (HeliBoard fork)	2026-09-30T16:05:30.3747642Z C/C++:    53 |     DISALLOW_ASSIGNMENT_OPERATOR(ReadOnlyByteArrayView);
build	Build DaddyBoard (HeliBoard fork)	2026-09-30T16:05:30.3748306Z C/C++:       |     ^
build	Build DaddyBoard (HeliBoard fork)	2026-09-30T16:05:30.3749476Z C/C++: /home/runner/work/daddyboard/daddyboard/daddyboard-main/app/src/main/jni/src/defines.h:289:8: note: expanded from macro 'DISALLOW_ASSIGNMENT_OPERATOR'
build	Build DaddyBoard (HeliBoard fork)	2026-09-30T16:05:30.3750853Z C/C++:   289 |   void operator=(const TypeName&) = delete
build	Build DaddyBoard (HeliBoard fork)	2026-09-30T16:05:30.3751432Z C/C++:       |        ^
build	Build DaddyBoard (HeliBoard fork)	2026-09-30T16:05:30.3753115Z C/C++: /home/runner/work/daddyboard/daddyboard/daddyboard-main/app/src/main/jni/src/dictionary/structure/v2/bigram/bigram_list_policy.h:31:60: note: in implicit copy constructor for 'latinime::ReadOnlyByteArrayView' first required here
build	Build DaddyBoard (HeliBoard fork)	2026-09-30T16:05:30.3785636Z C/C++:    31 |     BigramListPolicy(const ReadOnlyByteArrayView buffer) : mBuffer(buffer) {}
build	Build DaddyBoard (HeliBoard fork)	2026-09-30T16:05:30.3786559Z C/C++:       |                                                            ^
build	Build DaddyBoard (HeliBoard fork)	2026-09-30T16:05:30.3788012Z C/C++: In file included from /home/runner/work/daddyboard/daddyboard/daddyboard-main/app/src/main/jni/src/dictionary/structure/v2/patricia_trie_policy.cpp:17:
--
build	Build DaddyBoard (HeliBoard fork)	2026-09-30T16:05:30.3801304Z C/C++: /home/runner/work/daddyboard/daddyboard/daddyboard-main/app/src/main/jni/src/utils/int_array_view.h:160:5: warning: definition of implicit copy constructor for 'IntArrayView' is deprecated because it has a user-declared copy assignment operator [-Wdeprecated-copy]
build	Build DaddyBoard (HeliBoard fork)	2026-09-30T16:05:30.3803287Z C/C++:   160 |     DISALLOW_ASSIGNMENT_OPERATOR(IntArrayView);
build	Build DaddyBoard (HeliBoard fork)	2026-09-30T16:05:30.3803839Z C/C++:       |     ^
build	Build DaddyBoard (HeliBoard fork)	2026-09-30T16:05:30.3805177Z C/C++: /home/runner/work/daddyboard/daddyboard/daddyboard-main/app/src/main/jni/src/defines.h:289:8: note: expanded from macro 'DISALLOW_ASSIGNMENT_OPERATOR'
build	Build DaddyBoard (HeliBoard fork)	2026-09-30T16:05:30.3806526Z C/C++:   289 |   void operator=(const TypeName&) = delete
build	Build DaddyBoard (HeliBoard fork)	2026-09-30T16:05:30.3807084Z C/C++:       |        ^
build	Build DaddyBoard (HeliBoard fork)	2026-09-30T16:05:30.3808589Z C/C++: /home/runner/work/daddyboard/daddyboard/daddyboard-main/app/src/main/jni/src/suggest/core/dicnode/dic_node.h:110:53: note: in implicit copy constructor for 'latinime::IntArrayView' first required here
build	Build DaddyBoard (HeliBoard fork)	2026-09-30T16:05:30.3810345Z C/C++:   110 |         mDicNodeProperties.init(rootPtNodeArrayPos, prevWordIds);
build	Build DaddyBoard (HeliBoard fork)	2026-09-30T16:05:30.3811070Z C/C++:       |                                                     ^
build	Build DaddyBoard (HeliBoard fork)	2026-09-30T16:05:30.4348020Z C/C++: In file included from /home/runner/work/daddyboard/daddyboard/daddyboard-main/app/src/main/jni/src/dictionary/structure/v2/patricia_trie_policy.cpp:27:
--
build	Build DaddyBoard (HeliBoard fork)	2026-09-30T16:05:30.4406553Z C/C++: /home/runner/work/daddyboard/daddyboard/daddyboard-main/app/src/main/jni/src/dictionary/utils/bloom_filter.h:47:5: warning: definition of implicit copy constructor for 'BloomFilter' is deprecated because it has a user-declared copy assignment operator [-Wdeprecated-copy]
build	Build DaddyBoard (HeliBoard fork)	2026-09-30T16:05:30.4409071Z C/C++:    47 |     DISALLOW_ASSIGNMENT_OPERATOR(BloomFilter);
build	Build DaddyBoard (HeliBoard fork)	2026-09-30T16:05:30.4435278Z C/C++:       |     ^
build	Build DaddyBoard (HeliBoard fork)	2026-09-30T16:05:30.4465763Z C/C++: /home/runner/work/daddyboard/daddyboard/daddyboard-main/app/src/main/jni/src/defines.h:289:8: note: expanded from macro 'DISALLOW_ASSIGNMENT_OPERATOR'
build	Build DaddyBoard (HeliBoard fork)	2026-09-30T16:05:30.4490054Z C/C++:   289 |   void operator=(const TypeName&) = delete
build	Build DaddyBoard (HeliBoard fork)	2026-09-30T16:05:30.4514998Z C/C++:       |        ^
build	Build DaddyBoard (HeliBoard fork)	2026-09-30T16:05:30.4537504Z C/C++: /home/runner/work/daddyboard/daddyboard/daddyboard-main/app/src/main/jni/src/dictionary/utils/multi_bigram_map.h:57:53: note: in implicit copy constructor for 'latinime::BloomFilter' first required here
build	Build DaddyBoard (HeliBoard fork)	2026-09-30T16:05:30.4555244Z C/C++:    57 |                 : mBigramMap(bigramMap.mBigramMap), mBloomFilter(bigramMap.mBloomFilter) {}
build	Build DaddyBoard (HeliBoard fork)	2026-09-30T16:05:30.4575212Z C/C++:       |                                                     ^
build	Build DaddyBoard (HeliBoard fork)	2026-09-30T16:05:30.6328873Z C/C++: In file included from /home/runner/work/daddyboard/daddyboard/daddyboard-main/app/src/main/jni/src/dictionary/structure/v2/patricia_trie_policy.cpp:17:
--
build	Build DaddyBoard (HeliBoard fork)	2026-09-30T16:05:30.6426499Z C/C++: /home/runner/work/daddyboard/daddyboard/daddyboard-main/app/src/main/jni/src/dictionary/property/ngram_property.h:54:5: warning: definition of implicit copy constructor for 'NgramProperty' is deprecated because it has a user-declared copy assignment operator [-Wdeprecated-copy]
build	Build DaddyBoard (HeliBoard fork)	2026-09-30T16:05:30.6428670Z C/C++:    54 |     DISALLOW_ASSIGNMENT_OPERATOR(NgramProperty);
build	Build DaddyBoard (HeliBoard fork)	2026-09-30T16:05:30.6429226Z C/C++:       |     ^
build	Build DaddyBoard (HeliBoard fork)	2026-09-30T16:05:30.6430301Z C/C++: /home/runner/work/daddyboard/daddyboard/daddyboard-main/app/src/main/jni/src/defines.h:289:8: note: expanded from macro 'DISALLOW_ASSIGNMENT_OPERATOR'
build	Build DaddyBoard (HeliBoard fork)	2026-09-30T16:05:30.6431554Z C/C++:   289 |   void operator=(const TypeName&) = delete
build	Build DaddyBoard (HeliBoard fork)	2026-09-30T16:05:30.6432091Z C/C++:       |        ^
build	Build DaddyBoard (HeliBoard fork)	2026-09-30T16:05:30.6433602Z C/C++: /usr/local/lib/android/sdk/ndk/28.0.13004108/toolchains/llvm/prebuilt/linux-x86_64/sysroot/usr/include/c++/v1/__memory/allocator.h:173:24: note: in implicit copy constructor for 'latinime::NgramProperty' first required here
build	Build DaddyBoard (HeliBoard fork)	2026-09-30T16:05:30.6465861Z C/C++:   173 |     ::new ((void*)__p) _Up(std::forward<_Args>(__args)...);
build	Build DaddyBoard (HeliBoard fork)	2026-09-30T16:05:30.6466551Z C/C++:       |                        ^
build	Build DaddyBoard (HeliBoard fork)	2026-09-30T16:05:30.6468898Z C/C++: /usr/local/lib/android/sdk/ndk/28.0.13004108/toolchains/llvm/prebuilt/linux-x86_64/sysroot/usr/include/c++/v1/__memory/allocator_traits.h:320:9: note: in instantiation of function template specialization 'std::allocator<latinime::NgramProperty>::construct<latinime::NgramProperty, latinime::NgramProperty &>' requested here
build	Build DaddyBoard (HeliBoard fork)	2026-09-30T16:05:30.6471372Z C/C++:   320 |     __a.construct(__p, std::forward<_Args>(__args)...);
build	Build DaddyBoard (HeliBoard fork)	2026-09-30T16:05:30.6472116Z C/C++:       |         ^
build	Build DaddyBoard (HeliBoard fork)	2026-09-30T16:05:30.6475046Z C/C++: /usr/local/lib/android/sdk/ndk/28.0.13004108/toolchains/llvm/prebuilt/linux-x86_64/sysroot/usr/include/c++/v1/__memory/uninitialized_algorithms.h:551:31: note: in instantiation of function template specialization 'std::allocator_traits<std::allocator<latinime::NgramProperty>>::construct<latinime::NgramProperty, latinime::NgramProperty &, 0>' requested here
build	Build DaddyBoard (HeliBoard fork)	2026-09-30T16:05:30.6478357Z C/C++:   551 |     allocator_traits<_Alloc>::construct(__alloc, std::__to_address(__first2), *__first1);
build	Build DaddyBoard (HeliBoard fork)	2026-09-30T16:05:30.6479199Z C/C++:       |                               ^
build	Build DaddyBoard (HeliBoard fork)	2026-09-30T16:05:30.6481885Z C/C++: /usr/local/lib/android/sdk/ndk/28.0.13004108/toolchains/llvm/prebuilt/linux-x86_64/sysroot/usr/include/c++/v1/__memory/uninitialized_algorithms.h:594:33: note: in instantiation of function template specialization 'std::__uninitialized_allocator_copy_impl<std::allocator<latinime::NgramProperty>, latinime::NgramProperty *, latinime::NgramProperty *, latinime::NgramProperty *>' requested here
build	Build DaddyBoard (HeliBoard fork)	2026-09-30T16:05:30.6484887Z C/C++:   594 |   auto __result          = std::__uninitialized_allocator_copy_impl(
build	Build DaddyBoard (HeliBoard fork)	2026-09-30T16:05:30.6485536Z C/C++:       |                                 ^
build	Build DaddyBoard (HeliBoard fork)	2026-09-30T16:05:30.6487855Z C/C++: /usr/local/lib/android/sdk/ndk/28.0.13004108/toolchains/llvm/prebuilt/linux-x86_64/sysroot/usr/include/c++/v1/vector:1100:22: note: in instantiation of function template specialization 'std::__uninitialized_allocator_copy<std::allocator<latinime::NgramProperty>, latinime::NgramProperty *, latinime::NgramProperty *, latinime::NgramProperty *>' requested here
build	Build DaddyBoard (HeliBoard fork)	2026-09-30T16:05:30.6490536Z C/C++:  1100 |   __tx.__pos_ = std::__uninitialized_allocator_copy(__alloc(), __first, __last, __tx.__pos_);
build	Build DaddyBoard (HeliBoard fork)	2026-09-30T16:05:30.6491292Z C/C++:       |                      ^
build	Build DaddyBoard (HeliBoard fork)	2026-09-30T16:05:30.6493293Z C/C++: /usr/local/lib/android/sdk/ndk/28.0.13004108/toolchains/llvm/prebuilt/linux-x86_64/sysroot/usr/include/c++/v1/vector:761:7: note: in instantiation of function template specialization 'std::vector<latinime::NgramProperty>::__construct_at_end<latinime::NgramProperty *, latinime::NgramProperty *>' requested here
build	Build DaddyBoard (HeliBoard fork)	2026-09-30T16:05:30.6495899Z C/C++:   761 |       __construct_at_end(__first, __last, __n);
build	Build DaddyBoard (HeliBoard fork)	2026-09-30T16:05:30.6496414Z C/C++:       |       ^
build	Build DaddyBoard (HeliBoard fork)	2026-09-30T16:05:30.6498330Z C/C++: /usr/local/lib/android/sdk/ndk/28.0.13004108/toolchains/llvm/prebuilt/linux-x86_64/sysroot/usr/include/c++/v1/vector:1213:3: note: in instantiation of function template specialization 'std::vector<latinime::NgramProperty>::__init_with_size<latinime::NgramProperty *, latinime::NgramProperty *>' requested here
build	Build DaddyBoard (HeliBoard fork)	2026-09-30T16:05:30.6500453Z C/C++:  1213 |   __init_with_size(__x.__begin_, __x.__end_, __x.size());
build	Build DaddyBoard (HeliBoard fork)	2026-09-30T16:05:30.6501011Z C/C++:       |   ^
build	Build DaddyBoard (HeliBoard fork)	2026-09-30T16:05:30.6502535Z C/C++: /home/runner/work/daddyboard/daddyboard/daddyboard-main/app/src/main/jni/src/dictionary/property/word_property.h:39:15: note: in instantiation of member function 'std::vector<latinime::NgramProperty>::vector' requested here
build	Build DaddyBoard (HeliBoard fork)	2026-09-30T16:05:30.6504544Z C/C++:    39 |               mNgrams(ngrams) {}
build	Build DaddyBoard (HeliBoard fork)	2026-09-30T16:05:30.6505007Z C/C++:       |               ^
build	Build DaddyBoard (HeliBoard fork)	2026-09-30T16:05:30.9326137Z C/C++: 7 warnings generated.
--
build	Build DaddyBoard (HeliBoard fork)	2026-09-30T16:05:31.6385939Z C/C++: /home/runner/work/daddyboard/daddyboard/daddyboard-main/app/src/main/jni/src/utils/byte_array_view.h:53:5: warning: definition of implicit copy constructor for 'ReadOnlyByteArrayView' is deprecated because it has a user-declared copy assignment operator [-Wdeprecated-copy]
build	Build DaddyBoard (HeliBoard fork)	2026-09-30T16:05:31.6415325Z C/C++:    53 |     DISALLOW_ASSIGNMENT_OPERATOR(ReadOnlyByteArrayView);
build	Build DaddyBoard (HeliBoard fork)	2026-09-30T16:05:31.6425017Z C/C++:       |     ^
build	Build DaddyBoard (HeliBoard fork)	2026-09-30T16:05:31.6445863Z C/C++: /home/runner/work/daddyboard/daddyboard/daddyboard-main/app/src/main/jni/src/defines.h:289:8: note: expanded from macro 'DISALLOW_ASSIGNMENT_OPERATOR'
build	Build DaddyBoard (HeliBoard fork)	2026-09-30T16:05:31.6475081Z C/C++:   289 |   void operator=(const TypeName&) = delete
build	Build DaddyBoard (HeliBoard fork)	2026-09-30T16:05:31.6496140Z C/C++:       |        ^
build	Build DaddyBoard (HeliBoard fork)	2026-09-30T16:05:31.6516243Z C/C++: /home/runner/work/daddyboard/daddyboard/daddyboard-main/app/src/main/jni/src/dictionary/structure/v2/ver2_patricia_trie_node_reader.h:38:15: note: in implicit copy constructor for 'latinime::ReadOnlyByteArrayView' first required here
build	Build DaddyBoard (HeliBoard fork)	2026-09-30T16:05:31.6535431Z C/C++:    38 |             : mBuffer(buffer), mBigramPolicy(bigramPolicy), mShortcutPolicy(shortcutPolicy),
build	Build DaddyBoard (HeliBoard fork)	2026-09-30T16:05:31.6565006Z C/C++:       |               ^
build	Build DaddyBoard (HeliBoard fork)	2026-09-30T16:05:31.7328259Z C/C++: In file included from /home/runner/work/daddyboard/daddyboard/daddyboard-main/app/src/main/jni/src/dictionary/structure/v2/ver2_patricia_trie_node_reader.cpp:17:
--
build	Build DaddyBoard (HeliBoard fork)	2026-09-30T16:05:31.7396445Z C/C++: /home/runner/work/daddyboard/daddyboard/daddyboard-main/app/src/main/jni/src/utils/int_array_view.h:160:5: warning: definition of implicit copy constructor for 'IntArrayView' is deprecated because it has a user-declared copy assignment operator [-Wdeprecated-copy]
build	Build DaddyBoard (HeliBoard fork)	2026-09-30T16:05:31.7421917Z C/C++:   160 |     DISALLOW_ASSIGNMENT_OPERATOR(IntArrayView);
build	Build DaddyBoard (HeliBoard fork)	2026-09-30T16:05:31.7445063Z C/C++:       |     ^
build	Build DaddyBoard (HeliBoard fork)	2026-09-30T16:05:31.7475705Z C/C++: /home/runner/work/daddyboard/daddyboard/daddyboard-main/app/src/main/jni/src/defines.h:289:8: note: expanded from macro 'DISALLOW_ASSIGNMENT_OPERATOR'
build	Build DaddyBoard (HeliBoard fork)	2026-09-30T16:05:31.7477502Z C/C++:   289 |   void operator=(const TypeName&) = delete
build	Build DaddyBoard (HeliBoard fork)	2026-09-30T16:05:31.7478080Z C/C++:       |        ^
build	Build DaddyBoard (HeliBoard fork)	2026-09-30T16:05:31.7479700Z C/C++: /usr/local/lib/android/sdk/ndk/28.0.13004108/toolchains/llvm/prebuilt/linux-x86_64/sysroot/usr/include/c++/v1/__memory/allocator.h:173:24: note: in implicit copy constructor for 'latinime::IntArrayView' first required here
build	Build DaddyBoard (HeliBoard fork)	2026-09-30T16:05:31.7481548Z C/C++:   173 |     ::new ((void*)__p) _Up(std::forward<_Args>(__args)...);
build	Build DaddyBoard (HeliBoard fork)	2026-09-30T16:05:31.7482179Z C/C++:       |                        ^
build	Build DaddyBoard (HeliBoard fork)	2026-09-30T16:05:31.7514771Z C/C++: /usr/local/lib/android/sdk/ndk/28.0.13004108/toolchains/llvm/prebuilt/linux-x86_64/sysroot/usr/include/c++/v1/__memory/allocator_traits.h:320:9: note: in instantiation of function template specialization 'std::allocator<latinime::IntArrayView>::construct<latinime::IntArrayView, latinime::IntArrayView>' requested here
build	Build DaddyBoard (HeliBoard fork)	2026-09-30T16:05:31.7517368Z C/C++:   320 |     __a.construct(__p, std::forward<_Args>(__args)...);
build	Build DaddyBoard (HeliBoard fork)	2026-09-30T16:05:31.7518071Z C/C++:       |         ^
build	Build DaddyBoard (HeliBoard fork)	2026-09-30T16:05:31.7520584Z C/C++: /usr/local/lib/android/sdk/ndk/28.0.13004108/toolchains/llvm/prebuilt/linux-x86_64/sysroot/usr/include/c++/v1/__memory/uninitialized_algorithms.h:639:33: note: in instantiation of function template specialization 'std::allocator_traits<std::allocator<latinime::IntArrayView>>::construct<latinime::IntArrayView, latinime::IntArrayView, 0>' requested here
build	Build DaddyBoard (HeliBoard fork)	2026-09-30T16:05:31.7523493Z C/C++:   639 |       allocator_traits<_Alloc>::construct(__alloc, __result, std::move(*__iter));
build	Build DaddyBoard (HeliBoard fork)	2026-09-30T16:05:31.7524350Z C/C++:       |                                 ^
build	Build DaddyBoard (HeliBoard fork)	2026-09-30T16:05:31.7526529Z C/C++: /usr/local/lib/android/sdk/ndk/28.0.13004108/toolchains/llvm/prebuilt/linux-x86_64/sysroot/usr/include/c++/v1/vector:1511:3: note: in instantiation of member function 'std::vector<latinime::IntArrayView>::__swap_out_circular_buffer' requested here
build	Build DaddyBoard (HeliBoard fork)	2026-09-30T16:05:31.7528465Z C/C++:  1511 |   __swap_out_circular_buffer(__v);
build	Build DaddyBoard (HeliBoard fork)	2026-09-30T16:05:31.7529035Z C/C++:       |   ^
build	Build DaddyBoard (HeliBoard fork)	2026-09-30T16:05:31.7531148Z C/C++: /usr/local/lib/android/sdk/ndk/28.0.13004108/toolchains/llvm/prebuilt/linux-x86_64/sysroot/usr/include/c++/v1/vector:1529:13: note: in instantiation of function template specialization 'std::vector<latinime::IntArrayView>::__emplace_back_slow_path<const int *const &, const unsigned long &>' requested here
build	Build DaddyBoard (HeliBoard fork)	2026-09-30T16:05:31.7533913Z C/C++:  1529 |     __end = __emplace_back_slow_path(std::forward<_Args>(__args)...);
build	Build DaddyBoard (HeliBoard fork)	2026-09-30T16:05:31.7535023Z C/C++:       |             ^
build	Build DaddyBoard (HeliBoard fork)	2026-09-30T16:05:31.7537087Z C/C++: /home/runner/work/daddyboard/daddyboard/daddyboard-main/app/src/main/jni/src/utils/int_array_view.h:142:20: note: in instantiation of function template specialization 'std::vector<latinime::IntArrayView>::emplace_back<const int *const &, const unsigned long &>' requested here
build	Build DaddyBoard (HeliBoard fork)	2026-09-30T16:05:31.7539212Z C/C++:   142 |             result.emplace_back(mPtr, mSize);
build	Build DaddyBoard (HeliBoard fork)	2026-09-30T16:05:31.7539830Z C/C++:       |                    ^
build	Build DaddyBoard (HeliBoard fork)	2026-09-30T16:05:31.7540330Z C/C++: 2 warnings generated.
--
build	Build DaddyBoard (HeliBoard fork)	2026-09-30T16:05:31.8376806Z C/C++: /home/runner/work/daddyboard/daddyboard/daddyboard-main/app/src/main/jni/src/utils/byte_array_view.h:53:5: warning: definition of implicit copy constructor for 'ReadOnlyByteArrayView' is deprecated because it has a user-declared copy assignment operator [-Wdeprecated-copy]
build	Build DaddyBoard (HeliBoard fork)	2026-09-30T16:05:31.8405195Z C/C++:    53 |     DISALLOW_ASSIGNMENT_OPERATOR(ReadOnlyByteArrayView);
build	Build DaddyBoard (HeliBoard fork)	2026-09-30T16:05:31.8430973Z C/C++:       |     ^
build	Build DaddyBoard (HeliBoard fork)	2026-09-30T16:05:31.8455740Z C/C++: /home/runner/work/daddyboard/daddyboard/daddyboard-main/app/src/main/jni/src/defines.h:289:8: note: expanded from macro 'DISALLOW_ASSIGNMENT_OPERATOR'
build	Build DaddyBoard (HeliBoard fork)	2026-09-30T16:05:31.8485047Z C/C++:   289 |   void operator=(const TypeName&) = delete
build	Build DaddyBoard (HeliBoard fork)	2026-09-30T16:05:31.8486015Z C/C++:       |        ^
build	Build DaddyBoard (HeliBoard fork)	2026-09-30T16:05:31.8516394Z C/C++: /home/runner/work/daddyboard/daddyboard/daddyboard-main/app/src/main/jni/src/dictionary/structure/v2/ver2_pt_node_array_reader.h:30:65: note: in implicit copy constructor for 'latinime::ReadOnlyByteArrayView' first required here
build	Build DaddyBoard (HeliBoard fork)	2026-09-30T16:05:31.8536931Z C/C++:    30 |     Ver2PtNodeArrayReader(const ReadOnlyByteArrayView buffer) : mBuffer(buffer) {};
build	Build DaddyBoard (HeliBoard fork)	2026-09-30T16:05:31.8575041Z C/C++:       |                                                                 ^
build	Build DaddyBoard (HeliBoard fork)	2026-09-30T16:05:31.8575930Z C/C++: 1 warning generated.
--
build	Build DaddyBoard (HeliBoard fork)	2026-09-30T16:05:32.6406145Z C/C++: /home/runner/work/daddyboard/daddyboard/daddyboard-main/app/src/main/jni/src/dictionary/utils/entry_counters.h:44:5: warning: definition of implicit copy constructor for 'EntryCounts' is deprecated because it has a user-declared copy assignment operator [-Wdeprecated-copy]
build	Build DaddyBoard (HeliBoard fork)	2026-09-30T16:05:32.6415219Z C/C++:    44 |     DISALLOW_ASSIGNMENT_OPERATOR(EntryCounts);
build	Build DaddyBoard (HeliBoard fork)	2026-09-30T16:05:32.6445040Z C/C++:       |     ^
build	Build DaddyBoard (HeliBoard fork)	2026-09-30T16:05:32.6475824Z C/C++: /home/runner/work/daddyboard/daddyboard/daddyboard-main/app/src/main/jni/src/defines.h:289:8: note: expanded from macro 'DISALLOW_ASSIGNMENT_OPERATOR'
build	Build DaddyBoard (HeliBoard fork)	2026-09-30T16:05:32.6477536Z C/C++:   289 |   void operator=(const TypeName&) = delete
build	Build DaddyBoard (HeliBoard fork)	2026-09-30T16:05:32.6505013Z C/C++:       |        ^
build	Build DaddyBoard (HeliBoard fork)	2026-09-30T16:05:32.6526135Z C/C++: /home/runner/work/daddyboard/daddyboard/daddyboard-main/app/src/main/jni/src/dictionary/header/header_policy.h:92:15: note: in implicit copy constructor for 'latinime::EntryCounts' first required here
build	Build DaddyBoard (HeliBoard fork)	2026-09-30T16:05:32.6555036Z C/C++:    92 |               mNgramCounts(headerPolicy->mNgramCounts),
build	Build DaddyBoard (HeliBoard fork)	2026-09-30T16:05:32.6564970Z C/C++:       |               ^
build	Build DaddyBoard (HeliBoard fork)	2026-09-30T16:05:32.6595816Z C/C++: In file included from /home/runner/work/daddyboard/daddyboard/daddyboard-main/app/src/main/jni/src/dictionary/structure/v4/ver4_dict_buffers.cpp:17:
--
build	Build DaddyBoard (HeliBoard fork)	2026-09-30T16:05:32.6696838Z C/C++: /home/runner/work/daddyboard/daddyboard/daddyboard-main/app/src/main/jni/src/dictionary/property/historical_info.h:52:5: warning: definition of implicit copy constructor for 'HistoricalInfo' is deprecated because it has a user-declared copy assignment operator [-Wdeprecated-copy]
build	Build DaddyBoard (HeliBoard fork)	2026-09-30T16:05:32.6725163Z C/C++:    52 |     DISALLOW_ASSIGNMENT_OPERATOR(HistoricalInfo);
build	Build DaddyBoard (HeliBoard fork)	2026-09-30T16:05:32.6755005Z C/C++:       |     ^
build	Build DaddyBoard (HeliBoard fork)	2026-09-30T16:05:32.6756260Z C/C++: /home/runner/work/daddyboard/daddyboard/daddyboard-main/app/src/main/jni/src/defines.h:289:8: note: expanded from macro 'DISALLOW_ASSIGNMENT_OPERATOR'
build	Build DaddyBoard (HeliBoard fork)	2026-09-30T16:05:32.6785045Z C/C++:   289 |   void operator=(const TypeName&) = delete
build	Build DaddyBoard (HeliBoard fork)	2026-09-30T16:05:32.6785651Z C/C++:       |        ^
build	Build DaddyBoard (HeliBoard fork)	2026-09-30T16:05:32.6787240Z C/C++: /home/runner/work/daddyboard/daddyboard/daddyboard-main/app/src/main/jni/src/dictionary/property/ngram_property.h:33:42: note: in implicit copy constructor for 'latinime::HistoricalInfo' first required here
build	Build DaddyBoard (HeliBoard fork)	2026-09-30T16:05:32.6789920Z C/C++:    33 |               mProbability(probability), mHistoricalInfo(historicalInfo) {}
build	Build DaddyBoard (HeliBoard fork)	2026-09-30T16:05:32.6790772Z C/C++:       |                                          ^
build	Build DaddyBoard (HeliBoard fork)	2026-09-30T16:05:32.6792102Z C/C++: In file included from /home/runner/work/daddyboard/daddyboard/daddyboard-main/app/src/main/jni/src/dictionary/structure/v4/ver4_dict_buffers.cpp:17:
--
build	Build DaddyBoard (HeliBoard fork)	2026-09-30T16:05:32.6799493Z C/C++: /home/runner/work/daddyboard/daddyboard/daddyboard-main/app/src/main/jni/src/dictionary/utils/trie_map.h:129:9: warning: definition of implicit copy constructor for 'TrieMapIterator' is deprecated because it has a user-declared copy assignment operator [-Wdeprecated-copy]
build	Build DaddyBoard (HeliBoard fork)	2026-09-30T16:05:32.6801683Z C/C++:   129 |         DISALLOW_ASSIGNMENT_OPERATOR(TrieMapIterator);
build	Build DaddyBoard (HeliBoard fork)	2026-09-30T16:05:32.6802360Z C/C++:       |         ^
build	Build DaddyBoard (HeliBoard fork)	2026-09-30T16:05:32.6803571Z C/C++: /home/runner/work/daddyboard/daddyboard/daddyboard-main/app/src/main/jni/src/defines.h:289:8: note: expanded from macro 'DISALLOW_ASSIGNMENT_OPERATOR'
build	Build DaddyBoard (HeliBoard fork)	2026-09-30T16:05:32.6805368Z C/C++:   289 |   void operator=(const TypeName&) = delete
build	Build DaddyBoard (HeliBoard fork)	2026-09-30T16:05:32.6805951Z C/C++:       |        ^
build	Build DaddyBoard (HeliBoard fork)	2026-09-30T16:05:32.6816516Z C/C++: /home/runner/work/daddyboard/daddyboard/daddyboard-main/app/src/main/jni/src/dictionary/structure/v4/content/language_model_dict_content.h:67:19: note: in implicit copy constructor for 'latinime::TrieMap::TrieMapIterator' first required here
build	Build DaddyBoard (HeliBoard fork)	2026-09-30T16:05:32.6818780Z C/C++:    67 |                 : mTrieMapIterator(trieMapIterator), mHasHistoricalInfo(hasHistoricalInfo) {}
build	Build DaddyBoard (HeliBoard fork)	2026-09-30T16:05:32.6845018Z C/C++:       |                   ^
build	Build DaddyBoard (HeliBoard fork)	2026-09-30T16:05:32.6875725Z C/C++: In file included from /home/runner/work/daddyboard/daddyboard/daddyboard-main/app/src/main/jni/src/dictionary/structure/v4/ver4_dict_buffers.cpp:17:
--
build	Build DaddyBoard (HeliBoard fork)	2026-09-30T16:05:32.6936531Z C/C++: /home/runner/work/daddyboard/daddyboard/daddyboard-main/app/src/main/jni/src/dictionary/utils/trie_map.h:158:9: warning: definition of implicit copy constructor for 'TrieMapRange' is deprecated because it has a user-declared copy assignment operator [-Wdeprecated-copy]
build	Build DaddyBoard (HeliBoard fork)	2026-09-30T16:05:32.6965140Z C/C++:   158 |         DISALLOW_ASSIGNMENT_OPERATOR(TrieMapRange);
build	Build DaddyBoard (HeliBoard fork)	2026-09-30T16:05:32.6995001Z C/C++:       |         ^
build	Build DaddyBoard (HeliBoard fork)	2026-09-30T16:05:32.7025733Z C/C++: /home/runner/work/daddyboard/daddyboard/daddyboard-main/app/src/main/jni/src/defines.h:289:8: note: expanded from macro 'DISALLOW_ASSIGNMENT_OPERATOR'
build	Build DaddyBoard (HeliBoard fork)	2026-09-30T16:05:32.7027588Z C/C++:   289 |   void operator=(const TypeName&) = delete
build	Build DaddyBoard (HeliBoard fork)	2026-09-30T16:05:32.7057939Z C/C++:       |        ^
build	Build DaddyBoard (HeliBoard fork)	2026-09-30T16:05:32.7086272Z C/C++: /home/runner/work/daddyboard/daddyboard/daddyboard-main/app/src/main/jni/src/dictionary/structure/v4/content/language_model_dict_content.h:96:19: note: in implicit copy constructor for 'latinime::TrieMap::TrieMapRange' first required here
build	Build DaddyBoard (HeliBoard fork)	2026-09-30T16:05:32.7115227Z C/C++:    96 |                 : mTrieMapRange(trieMapRange), mHasHistoricalInfo(hasHistoricalInfo) {}
build	Build DaddyBoard (HeliBoard fork)	2026-09-30T16:05:32.7116191Z C/C++:       |                   ^
build	Build DaddyBoard (HeliBoard fork)	2026-09-30T16:05:32.7145798Z C/C++: In file included from /home/runner/work/daddyboard/daddyboard/daddyboard-main/app/src/main/jni/src/dictionary/structure/v4/ver4_dict_buffers.cpp:17:
--
build	Build DaddyBoard (HeliBoard fork)	2026-09-30T16:05:32.7236667Z C/C++: /home/runner/work/daddyboard/daddyboard/daddyboard-main/app/src/main/jni/src/dictionary/property/word_attributes.h:59:5: warning: definition of implicit copy constructor for 'WordAttributes' is deprecated because it has a user-declared copy assignment operator [-Wdeprecated-copy]
build	Build DaddyBoard (HeliBoard fork)	2026-09-30T16:05:32.7239021Z C/C++:    59 |     DISALLOW_ASSIGNMENT_OPERATOR(WordAttributes);
build	Build DaddyBoard (HeliBoard fork)	2026-09-30T16:05:32.7264983Z C/C++:       |     ^
build	Build DaddyBoard (HeliBoard fork)	2026-09-30T16:05:32.7295805Z C/C++: /home/runner/work/daddyboard/daddyboard/daddyboard-main/app/src/main/jni/src/defines.h:289:8: note: expanded from macro 'DISALLOW_ASSIGNMENT_OPERATOR'
build	Build DaddyBoard (HeliBoard fork)	2026-09-30T16:05:32.7325096Z C/C++:   289 |   void operator=(const TypeName&) = delete
build	Build DaddyBoard (HeliBoard fork)	2026-09-30T16:05:32.7325772Z C/C++:       |        ^
build	Build DaddyBoard (HeliBoard fork)	2026-09-30T16:05:32.7356132Z C/C++: /home/runner/work/daddyboard/daddyboard/daddyboard-main/app/src/main/jni/src/dictionary/structure/v4/content/language_model_dict_content.h:119:19: note: in implicit copy constructor for 'WordAttributes' first required here
build	Build DaddyBoard (HeliBoard fork)	2026-09-30T16:05:32.7385359Z C/C++:   119 |                   mWordAttributes(wordAttributes), mProbabilityEntry(probabilityEntry) {}
build	Build DaddyBoard (HeliBoard fork)	2026-09-30T16:05:32.7415002Z C/C++:       |                   ^
build	Build DaddyBoard (HeliBoard fork)	2026-09-30T16:05:32.7416684Z C/C++: /home/runner/work/daddyboard/daddyboard/daddyboard-main/app/src/main/jni/src/dictionary/structure/v4/ver4_dict_buffers.cpp:74:21: warning: variable length arrays in C++ are a Clang extension [-Wvla-cxx-extension]
build	Build DaddyBoard (HeliBoard fork)	2026-09-30T16:05:32.7445065Z C/C++:    74 |     char tmpDirPath[tmpDirPathBufSize];
build	Build DaddyBoard (HeliBoard fork)	2026-09-30T16:05:32.7475042Z C/C++:       |                     ^~~~~~~~~~~~~~~~~
build	Build DaddyBoard (HeliBoard fork)	2026-09-30T16:05:32.7503442Z C/C++: /home/runner/work/daddyboard/daddyboard/daddyboard-main/app/src/main/jni/src/dictionary/structure/v4/ver4_dict_buffers.cpp:74:21: note: initializer of 'tmpDirPathBufSize' is not a constant expression
build	Build DaddyBoard (HeliBoard fork)	2026-09-30T16:05:32.7506418Z C/C++: /home/runner/work/daddyboard/daddyboard/daddyboard-main/app/src/main/jni/src/dictionary/structure/v4/ver4_dict_buffers.cpp:72:15: note: declared here
build	Build DaddyBoard (HeliBoard fork)	2026-09-30T16:05:32.7535538Z C/C++:    72 |     const int tmpDirPathBufSize = FileUtils::getFilePathWithSuffixBufSize(dictDirPath,
build	Build DaddyBoard (HeliBoard fork)	2026-09-30T16:05:32.7565008Z C/C++:       |               ^
build	Build DaddyBoard (HeliBoard fork)	2026-09-30T16:05:32.7566708Z C/C++: /home/runner/work/daddyboard/daddyboard/daddyboard-main/app/src/main/jni/src/dictionary/structure/v4/ver4_dict_buffers.cpp:92:19: warning: variable length arrays in C++ are a Clang extension [-Wvla-cxx-extension]
build	Build DaddyBoard (HeliBoard fork)	2026-09-30T16:05:32.7595022Z C/C++:    92 |     char dictName[dictNameBufSize];
build	Build DaddyBoard (HeliBoard fork)	2026-09-30T16:05:32.7595679Z C/C++:       |                   ^~~~~~~~~~~~~~~
build	Build DaddyBoard (HeliBoard fork)	2026-09-30T16:05:32.7597297Z C/C++: /home/runner/work/daddyboard/daddyboard/daddyboard-main/app/src/main/jni/src/dictionary/structure/v4/ver4_dict_buffers.cpp:92:19: note: initializer of 'dictNameBufSize' is not a constant expression
build	Build DaddyBoard (HeliBoard fork)	2026-09-30T16:05:32.7599703Z C/C++: /home/runner/work/daddyboard/daddyboard/daddyboard-main/app/src/main/jni/src/dictionary/structure/v4/ver4_dict_buffers.cpp:91:15: note: declared here
build	Build DaddyBoard (HeliBoard fork)	2026-09-30T16:05:32.7601266Z C/C++:    91 |     const int dictNameBufSize = strlen(dictDirPath) + 1 /* terminator */;
build	Build DaddyBoard (HeliBoard fork)	2026-09-30T16:05:32.7602026Z C/C++:       |               ^
build	Build DaddyBoard (HeliBoard fork)	2026-09-30T16:05:32.7603622Z C/C++: /home/runner/work/daddyboard/daddyboard/daddyboard-main/app/src/main/jni/src/dictionary/structure/v4/ver4_dict_buffers.cpp:95:19: warning: variable length arrays in C++ are a Clang extension [-Wvla-cxx-extension]
build	Build DaddyBoard (HeliBoard fork)	2026-09-30T16:05:32.7605620Z C/C++:    95 |     char dictPath[dictPathBufSize];
build	Build DaddyBoard (HeliBoard fork)	2026-09-30T16:05:32.7606678Z C/C++:       |                   ^~~~~~~~~~~~~~~
build	Build DaddyBoard (HeliBoard fork)	2026-09-30T16:05:32.7608204Z C/C++: /home/runner/work/daddyboard/daddyboard/daddyboard-main/app/src/main/jni/src/dictionary/structure/v4/ver4_dict_buffers.cpp:95:19: note: initializer of 'dictPathBufSize' is not a constant expression
build	Build DaddyBoard (HeliBoard fork)	2026-09-30T16:05:32.7610542Z C/C++: /home/runner/work/daddyboard/daddyboard/daddyboard-main/app/src/main/jni/src/dictionary/structure/v4/ver4_dict_buffers.cpp:94:15: note: declared here
build	Build DaddyBoard (HeliBoard fork)	2026-09-30T16:05:32.7612195Z C/C++:    94 |     const int dictPathBufSize = FileUtils::getFilePathBufSize(tmpDirPath, dictName);
build	Build DaddyBoard (HeliBoard fork)	2026-09-30T16:05:32.7613055Z C/C++:       |               ^
build	Build DaddyBoard (HeliBoard fork)	2026-09-30T16:05:32.7614909Z C/C++: /home/runner/work/daddyboard/daddyboard/daddyboard-main/app/src/main/jni/src/dictionary/structure/v4/ver4_dict_buffers.cpp:109:23: warning: variable length arrays in C++ are a Clang extension [-Wvla-cxx-extension]
build	Build DaddyBoard (HeliBoard fork)	2026-09-30T16:05:32.7616652Z C/C++:   109 |     char bodyFilePath[bodyFilePathBufSize];
build	Build DaddyBoard (HeliBoard fork)	2026-09-30T16:05:32.7625183Z C/C++:       |                       ^~~~~~~~~~~~~~~~~~~
build	Build DaddyBoard (HeliBoard fork)	2026-09-30T16:05:32.7656026Z C/C++: /home/runner/work/daddyboard/daddyboard/daddyboard-main/app/src/main/jni/src/dictionary/structure/v4/ver4_dict_buffers.cpp:109:23: note: initializer of 'bodyFilePathBufSize' is not a constant expression
build	Build DaddyBoard (HeliBoard fork)	2026-09-30T16:05:32.7658293Z C/C++: /home/runner/work/daddyboard/daddyboard/daddyboard-main/app/src/main/jni/src/dictionary/structure/v4/ver4_dict_buffers.cpp:107:15: note: declared here
build	Build DaddyBoard (HeliBoard fork)	2026-09-30T16:05:32.7685315Z C/C++:   107 |     const int bodyFilePathBufSize = FileUtils::getFilePathWithSuffixBufSize(dictPath,
build	Build DaddyBoard (HeliBoard fork)	2026-09-30T16:05:32.7714986Z C/C++:       |               ^
build	Build DaddyBoard (HeliBoard fork)	2026-09-30T16:05:32.8343791Z C/C++: In file included from /home/runner/work/daddyboard/daddyboard/daddyboard-main/app/src/main/jni/src/dictionary/structure/v4/ver4_dict_buffers.cpp:17:
--
build	Build DaddyBoard (HeliBoard fork)	2026-09-30T16:05:32.8472642Z C/C++: /home/runner/work/daddyboard/daddyboard/daddyboard-main/app/src/main/jni/src/utils/int_array_view.h:160:5: warning: definition of implicit copy constructor for 'IntArrayView' is deprecated because it has a user-declared copy assignment operator [-Wdeprecated-copy]
build	Build DaddyBoard (HeliBoard fork)	2026-09-30T16:05:32.8515030Z C/C++:   160 |     DISALLOW_ASSIGNMENT_OPERATOR(IntArrayView);
build	Build DaddyBoard (HeliBoard fork)	2026-09-30T16:05:32.8515781Z C/C++:       |     ^
build	Build DaddyBoard (HeliBoard fork)	2026-09-30T16:05:32.8545734Z C/C++: /home/runner/work/daddyboard/daddyboard/daddyboard-main/app/src/main/jni/src/defines.h:289:8: note: expanded from macro 'DISALLOW_ASSIGNMENT_OPERATOR'
build	Build DaddyBoard (HeliBoard fork)	2026-09-30T16:05:32.8574984Z C/C++:   289 |   void operator=(const TypeName&) = delete
build	Build DaddyBoard (HeliBoard fork)	2026-09-30T16:05:32.8594909Z C/C++:       |        ^
build	Build DaddyBoard (HeliBoard fork)	2026-09-30T16:05:32.8606252Z C/C++: /usr/local/lib/android/sdk/ndk/28.0.13004108/toolchains/llvm/prebuilt/linux-x86_64/sysroot/usr/include/c++/v1/__memory/allocator.h:173:24: note: in implicit copy constructor for 'latinime::IntArrayView' first required here
build	Build DaddyBoard (HeliBoard fork)	2026-09-30T16:05:32.8628262Z C/C++:   173 |     ::new ((void*)__p) _Up(std::forward<_Args>(__args)...);
build	Build DaddyBoard (HeliBoard fork)	2026-09-30T16:05:32.8654951Z C/C++:       |                        ^
build	Build DaddyBoard (HeliBoard fork)	2026-09-30T16:05:32.8696772Z C/C++: /usr/local/lib/android/sdk/ndk/28.0.13004108/toolchains/llvm/prebuilt/linux-x86_64/sysroot/usr/include/c++/v1/__memory/allocator_traits.h:320:9: note: in instantiation of function template specialization 'std::allocator<latinime::IntArrayView>::construct<latinime::IntArrayView, latinime::IntArrayView>' requested here
build	Build DaddyBoard (HeliBoard fork)	2026-09-30T16:05:32.8699377Z C/C++:   320 |     __a.construct(__p, std::forward<_Args>(__args)...);
build	Build DaddyBoard (HeliBoard fork)	2026-09-30T16:05:32.8704904Z C/C++:       |         ^
build	Build DaddyBoard (HeliBoard fork)	2026-09-30T16:05:32.8756910Z C/C++: /usr/local/lib/android/sdk/ndk/28.0.13004108/toolchains/llvm/prebuilt/linux-x86_64/sysroot/usr/include/c++/v1/__memory/uninitialized_algorithms.h:639:33: note: in instantiation of function template specialization 'std::allocator_traits<std::allocator<latinime::IntArrayView>>::construct<latinime::IntArrayView, latinime::IntArrayView, 0>' requested here
build	Build DaddyBoard (HeliBoard fork)	2026-09-30T16:05:32.8765221Z C/C++:   639 |       allocator_traits<_Alloc>::construct(__alloc, __result, std::move(*__iter));
build	Build DaddyBoard (HeliBoard fork)	2026-09-30T16:05:32.8785038Z C/C++:       |                                 ^
build	Build DaddyBoard (HeliBoard fork)	2026-09-30T16:05:32.8816340Z C/C++: /usr/local/lib/android/sdk/ndk/28.0.13004108/toolchains/llvm/prebuilt/linux-x86_64/sysroot/usr/include/c++/v1/vector:1511:3: note: in instantiation of member function 'std::vector<latinime::IntArrayView>::__swap_out_circular_buffer' requested here
build	Build DaddyBoard (HeliBoard fork)	2026-09-30T16:05:32.8824979Z C/C++:  1511 |   __swap_out_circular_buffer(__v);
build	Build DaddyBoard (HeliBoard fork)	2026-09-30T16:05:32.8874812Z C/C++:       |   ^
build	Build DaddyBoard (HeliBoard fork)	2026-09-30T16:05:32.8877131Z C/C++: /usr/local/lib/android/sdk/ndk/28.0.13004108/toolchains/llvm/prebuilt/linux-x86_64/sysroot/usr/include/c++/v1/vector:1529:13: note: in instantiation of function template specialization 'std::vector<latinime::IntArrayView>::__emplace_back_slow_path<const int *const &, const unsigned long &>' requested here
build	Build DaddyBoard (HeliBoard fork)	2026-09-30T16:05:32.8905266Z C/C++:  1529 |     __end = __emplace_back_slow_path(std::forward<_Args>(__args)...);
build	Build DaddyBoard (HeliBoard fork)	2026-09-30T16:05:32.8914929Z C/C++:       |             ^
build	Build DaddyBoard (HeliBoard fork)	2026-09-30T16:05:32.8946504Z C/C++: /home/runner/work/daddyboard/daddyboard/daddyboard-main/app/src/main/jni/src/utils/int_array_view.h:142:20: note: in instantiation of function template specialization 'std::vector<latinime::IntArrayView>::emplace_back<const int *const &, const unsigned long &>' requested here
build	Build DaddyBoard (HeliBoard fork)	2026-09-30T16:05:32.8965154Z C/C++:   142 |             result.emplace_back(mPtr, mSize);
build	Build DaddyBoard (HeliBoard fork)	2026-09-30T16:05:32.8994989Z C/C++:       |                    ^
build	Build DaddyBoard (HeliBoard fork)	2026-09-30T16:05:33.0325638Z C/C++: 10 warnings generated.
--
build	Build DaddyBoard (HeliBoard fork)	2026-09-30T16:05:33.8366640Z C/C++: /home/runner/work/daddyboard/daddyboard/daddyboard-main/app/src/main/jni/src/dictionary/utils/entry_counters.h:44:5: warning: definition of implicit copy constructor for 'EntryCounts' is deprecated because it has a user-declared copy assignment operator [-Wdeprecated-copy]
build	Build DaddyBoard (HeliBoard fork)	2026-09-30T16:05:33.8395121Z C/C++:    44 |     DISALLOW_ASSIGNMENT_OPERATOR(EntryCounts);
build	Build DaddyBoard (HeliBoard fork)	2026-09-30T16:05:33.8424935Z C/C++:       |     ^
build	Build DaddyBoard (HeliBoard fork)	2026-09-30T16:05:33.8455849Z C/C++: /home/runner/work/daddyboard/daddyboard/daddyboard-main/app/src/main/jni/src/defines.h:289:8: note: expanded from macro 'DISALLOW_ASSIGNMENT_OPERATOR'
build	Build DaddyBoard (HeliBoard fork)	2026-09-30T16:05:33.8485073Z C/C++:   289 |   void operator=(const TypeName&) = delete
build	Build DaddyBoard (HeliBoard fork)	2026-09-30T16:05:33.8514936Z C/C++:       |        ^
build	Build DaddyBoard (HeliBoard fork)	2026-09-30T16:05:33.8545894Z C/C++: /home/runner/work/daddyboard/daddyboard/daddyboard-main/app/src/main/jni/src/dictionary/header/header_policy.h:92:15: note: in implicit copy constructor for 'latinime::EntryCounts' first required here
build	Build DaddyBoard (HeliBoard fork)	2026-09-30T16:05:33.8575154Z C/C++:    92 |               mNgramCounts(headerPolicy->mNgramCounts),
build	Build DaddyBoard (HeliBoard fork)	2026-09-30T16:05:33.8575855Z C/C++:       |               ^
build	Build DaddyBoard (HeliBoard fork)	2026-09-30T16:05:33.9326602Z C/C++: In file included from /home/runner/work/daddyboard/daddyboard/daddyboard-main/app/src/main/jni/src/dictionary/structure/v4/ver4_patricia_trie_node_reader.cpp:22:
--
build	Build DaddyBoard (HeliBoard fork)	2026-09-30T16:05:33.9335566Z C/C++: /home/runner/work/daddyboard/daddyboard/daddyboard-main/app/src/main/jni/src/dictionary/property/historical_info.h:52:5: warning: definition of implicit copy constructor for 'HistoricalInfo' is deprecated because it has a user-declared copy assignment operator [-Wdeprecated-copy]
build	Build DaddyBoard (HeliBoard fork)	2026-09-30T16:05:33.9338214Z C/C++:    52 |     DISALLOW_ASSIGNMENT_OPERATOR(HistoricalInfo);
build	Build DaddyBoard (HeliBoard fork)	2026-09-30T16:05:33.9339091Z C/C++:       |     ^
build	Build DaddyBoard (HeliBoard fork)	2026-09-30T16:05:33.9340491Z C/C++: /home/runner/work/daddyboard/daddyboard/daddyboard-main/app/src/main/jni/src/defines.h:289:8: note: expanded from macro 'DISALLOW_ASSIGNMENT_OPERATOR'
build	Build DaddyBoard (HeliBoard fork)	2026-09-30T16:05:33.9342065Z C/C++:   289 |   void operator=(const TypeName&) = delete
build	Build DaddyBoard (HeliBoard fork)	2026-09-30T16:05:33.9342870Z C/C++:       |        ^
build	Build DaddyBoard (HeliBoard fork)	2026-09-30T16:05:33.9344851Z C/C++: /home/runner/work/daddyboard/daddyboard/daddyboard-main/app/src/main/jni/src/dictionary/property/ngram_property.h:33:42: note: in implicit copy constructor for 'latinime::HistoricalInfo' first required here
build	Build DaddyBoard (HeliBoard fork)	2026-09-30T16:05:33.9346889Z C/C++:    33 |               mProbability(probability), mHistoricalInfo(historicalInfo) {}
build	Build DaddyBoard (HeliBoard fork)	2026-09-30T16:05:33.9347873Z C/C++:       |                                          ^
build	Build DaddyBoard (HeliBoard fork)	2026-09-30T16:05:33.9349469Z C/C++: In file included from /home/runner/work/daddyboard/daddyboard/daddyboard-main/app/src/main/jni/src/dictionary/structure/v4/ver4_patricia_trie_node_reader.cpp:22:
--
build	Build DaddyBoard (HeliBoard fork)	2026-09-30T16:05:33.9355425Z C/C++: /home/runner/work/daddyboard/daddyboard/daddyboard-main/app/src/main/jni/src/dictionary/utils/trie_map.h:129:9: warning: definition of implicit copy constructor for 'TrieMapIterator' is deprecated because it has a user-declared copy assignment operator [-Wdeprecated-copy]
build	Build DaddyBoard (HeliBoard fork)	2026-09-30T16:05:33.9358165Z C/C++:   129 |         DISALLOW_ASSIGNMENT_OPERATOR(TrieMapIterator);
build	Build DaddyBoard (HeliBoard fork)	2026-09-30T16:05:33.9358930Z C/C++:       |         ^
build	Build DaddyBoard (HeliBoard fork)	2026-09-30T16:05:33.9360168Z C/C++: /home/runner/work/daddyboard/daddyboard/daddyboard-main/app/src/main/jni/src/defines.h:289:8: note: expanded from macro 'DISALLOW_ASSIGNMENT_OPERATOR'
build	Build DaddyBoard (HeliBoard fork)	2026-09-30T16:05:33.9361614Z C/C++:   289 |   void operator=(const TypeName&) = delete
build	Build DaddyBoard (HeliBoard fork)	2026-09-30T16:05:33.9362312Z C/C++:       |        ^
build	Build DaddyBoard (HeliBoard fork)	2026-09-30T16:05:33.9364192Z C/C++: /home/runner/work/daddyboard/daddyboard/daddyboard-main/app/src/main/jni/src/dictionary/structure/v4/content/language_model_dict_content.h:67:19: note: in implicit copy constructor for 'latinime::TrieMap::TrieMapIterator' first required here
build	Build DaddyBoard (HeliBoard fork)	2026-09-30T16:05:33.9366763Z C/C++:    67 |                 : mTrieMapIterator(trieMapIterator), mHasHistoricalInfo(hasHistoricalInfo) {}
build	Build DaddyBoard (HeliBoard fork)	2026-09-30T16:05:33.9367797Z C/C++:       |                   ^
build	Build DaddyBoard (HeliBoard fork)	2026-09-30T16:05:33.9369240Z C/C++: In file included from /home/runner/work/daddyboard/daddyboard/daddyboard-main/app/src/main/jni/src/dictionary/structure/v4/ver4_patricia_trie_node_reader.cpp:22:
--
build	Build DaddyBoard (HeliBoard fork)	2026-09-30T16:05:33.9374792Z C/C++: /home/runner/work/daddyboard/daddyboard/daddyboard-main/app/src/main/jni/src/dictionary/utils/trie_map.h:158:9: warning: definition of implicit copy constructor for 'TrieMapRange' is deprecated because it has a user-declared copy assignment operator [-Wdeprecated-copy]
build	Build DaddyBoard (HeliBoard fork)	2026-09-30T16:05:33.9377366Z C/C++:   158 |         DISALLOW_ASSIGNMENT_OPERATOR(TrieMapRange);
build	Build DaddyBoard (HeliBoard fork)	2026-09-30T16:05:33.9378116Z C/C++:       |         ^
build	Build DaddyBoard (HeliBoard fork)	2026-09-30T16:05:33.9379399Z C/C++: /home/runner/work/daddyboard/daddyboard/daddyboard-main/app/src/main/jni/src/defines.h:289:8: note: expanded from macro 'DISALLOW_ASSIGNMENT_OPERATOR'
build	Build DaddyBoard (HeliBoard fork)	2026-09-30T16:05:33.9380881Z C/C++:   289 |   void operator=(const TypeName&) = delete
build	Build DaddyBoard (HeliBoard fork)	2026-09-30T16:05:33.9381571Z C/C++:       |        ^
build	Build DaddyBoard (HeliBoard fork)	2026-09-30T16:05:33.9383420Z C/C++: /home/runner/work/daddyboard/daddyboard/daddyboard-main/app/src/main/jni/src/dictionary/structure/v4/content/language_model_dict_content.h:96:19: note: in implicit copy constructor for 'latinime::TrieMap::TrieMapRange' first required here
build	Build DaddyBoard (HeliBoard fork)	2026-09-30T16:05:33.9386040Z C/C++:    96 |                 : mTrieMapRange(trieMapRange), mHasHistoricalInfo(hasHistoricalInfo) {}
build	Build DaddyBoard (HeliBoard fork)	2026-09-30T16:05:33.9387132Z C/C++:       |                   ^
build	Build DaddyBoard (HeliBoard fork)	2026-09-30T16:05:33.9388735Z C/C++: In file included from /home/runner/work/daddyboard/daddyboard/daddyboard-main/app/src/main/jni/src/dictionary/structure/v4/ver4_patricia_trie_node_reader.cpp:22:
--
build	Build DaddyBoard (HeliBoard fork)	2026-09-30T16:05:33.9394821Z C/C++: /home/runner/work/daddyboard/daddyboard/daddyboard-main/app/src/main/jni/src/dictionary/property/word_attributes.h:59:5: warning: definition of implicit copy constructor for 'WordAttributes' is deprecated because it has a user-declared copy assignment operator [-Wdeprecated-copy]
build	Build DaddyBoard (HeliBoard fork)	2026-09-30T16:05:33.9397249Z C/C++:    59 |     DISALLOW_ASSIGNMENT_OPERATOR(WordAttributes);
build	Build DaddyBoard (HeliBoard fork)	2026-09-30T16:05:33.9398017Z C/C++:       |     ^
build	Build DaddyBoard (HeliBoard fork)	2026-09-30T16:05:33.9399500Z C/C++: /home/runner/work/daddyboard/daddyboard/daddyboard-main/app/src/main/jni/src/defines.h:289:8: note: expanded from macro 'DISALLOW_ASSIGNMENT_OPERATOR'
build	Build DaddyBoard (HeliBoard fork)	2026-09-30T16:05:33.9401218Z C/C++:   289 |   void operator=(const TypeName&) = delete
build	Build DaddyBoard (HeliBoard fork)	2026-09-30T16:05:33.9401942Z C/C++:       |        ^
build	Build DaddyBoard (HeliBoard fork)	2026-09-30T16:05:33.9403701Z C/C++: /home/runner/work/daddyboard/daddyboard/daddyboard-main/app/src/main/jni/src/dictionary/structure/v4/content/language_model_dict_content.h:119:19: note: in implicit copy constructor for 'WordAttributes' first required here
build	Build DaddyBoard (HeliBoard fork)	2026-09-30T16:05:33.9406525Z C/C++:   119 |                   mWordAttributes(wordAttributes), mProbabilityEntry(probabilityEntry) {}
build	Build DaddyBoard (HeliBoard fork)	2026-09-30T16:05:33.9407409Z C/C++:       |                   ^
build	Build DaddyBoard (HeliBoard fork)	2026-09-30T16:05:34.0327304Z C/C++: In file included from /home/runner/work/daddyboard/daddyboard/daddyboard-main/app/src/main/jni/src/dictionary/structure/v4/ver4_patricia_trie_node_reader.cpp:17:
--
build	Build DaddyBoard (HeliBoard fork)	2026-09-30T16:05:34.0396658Z C/C++: /home/runner/work/daddyboard/daddyboard/daddyboard-main/app/src/main/jni/src/utils/int_array_view.h:160:5: warning: definition of implicit copy constructor for 'IntArrayView' is deprecated because it has a user-declared copy assignment operator [-Wdeprecated-copy]
build	Build DaddyBoard (HeliBoard fork)	2026-09-30T16:05:34.0425314Z C/C++:   160 |     DISALLOW_ASSIGNMENT_OPERATOR(IntArrayView);
build	Build DaddyBoard (HeliBoard fork)	2026-09-30T16:05:34.0426187Z C/C++:       |     ^
build	Build DaddyBoard (HeliBoard fork)	2026-09-30T16:05:34.0455728Z C/C++: /home/runner/work/daddyboard/daddyboard/daddyboard-main/app/src/main/jni/src/defines.h:289:8: note: expanded from macro 'DISALLOW_ASSIGNMENT_OPERATOR'
build	Build DaddyBoard (HeliBoard fork)	2026-09-30T16:05:34.0485144Z C/C++:   289 |   void operator=(const TypeName&) = delete
build	Build DaddyBoard (HeliBoard fork)	2026-09-30T16:05:34.0495237Z C/C++:       |        ^
build	Build DaddyBoard (HeliBoard fork)	2026-09-30T16:05:34.0497065Z C/C++: /usr/local/lib/android/sdk/ndk/28.0.13004108/toolchains/llvm/prebuilt/linux-x86_64/sysroot/usr/include/c++/v1/__memory/allocator.h:173:24: note: in implicit copy constructor for 'latinime::IntArrayView' first required here
build	Build DaddyBoard (HeliBoard fork)	2026-09-30T16:05:34.0499507Z C/C++:   173 |     ::new ((void*)__p) _Up(std::forward<_Args>(__args)...);
build	Build DaddyBoard (HeliBoard fork)	2026-09-30T16:05:34.0500377Z C/C++:       |                        ^
build	Build DaddyBoard (HeliBoard fork)	2026-09-30T16:05:34.0502857Z C/C++: /usr/local/lib/android/sdk/ndk/28.0.13004108/toolchains/llvm/prebuilt/linux-x86_64/sysroot/usr/include/c++/v1/__memory/allocator_traits.h:320:9: note: in instantiation of function template specialization 'std::allocator<latinime::IntArrayView>::construct<latinime::IntArrayView, latinime::IntArrayView>' requested here
build	Build DaddyBoard (HeliBoard fork)	2026-09-30T16:05:34.0535198Z C/C++:   320 |     __a.construct(__p, std::forward<_Args>(__args)...);
build	Build DaddyBoard (HeliBoard fork)	2026-09-30T16:05:34.0544774Z C/C++:       |         ^
build	Build DaddyBoard (HeliBoard fork)	2026-09-30T16:05:34.0576770Z C/C++: /usr/local/lib/android/sdk/ndk/28.0.13004108/toolchains/llvm/prebuilt/linux-x86_64/sysroot/usr/include/c++/v1/__memory/uninitialized_algorithms.h:639:33: note: in instantiation of function template specialization 'std::allocator_traits<std::allocator<latinime::IntArrayView>>::construct<latinime::IntArrayView, latinime::IntArrayView, 0>' requested here
build	Build DaddyBoard (HeliBoard fork)	2026-09-30T16:05:34.0595586Z C/C++:   639 |       allocator_traits<_Alloc>::construct(__alloc, __result, std::move(*__iter));
build	Build DaddyBoard (HeliBoard fork)	2026-09-30T16:05:34.0625179Z C/C++:       |                                 ^
build	Build DaddyBoard (HeliBoard fork)	2026-09-30T16:05:34.0628225Z C/C++: /usr/local/lib/android/sdk/ndk/28.0.13004108/toolchains/llvm/prebuilt/linux-x86_64/sysroot/usr/include/c++/v1/vector:1511:3: note: in instantiation of member function 'std::vector<latinime::IntArrayView>::__swap_out_circular_buffer' requested here
build	Build DaddyBoard (HeliBoard fork)	2026-09-30T16:05:34.0673734Z C/C++:  1511 |   __swap_out_circular_buffer(__v);
build	Build DaddyBoard (HeliBoard fork)	2026-09-30T16:05:34.0685069Z C/C++:       |   ^
build	Build DaddyBoard (HeliBoard fork)	2026-09-30T16:05:34.0716753Z C/C++: /usr/local/lib/android/sdk/ndk/28.0.13004108/toolchains/llvm/prebuilt/linux-x86_64/sysroot/usr/include/c++/v1/vector:1529:13: note: in instantiation of function template specialization 'std::vector<latinime::IntArrayView>::__emplace_back_slow_path<const int *const &, const unsigned long &>' requested here
build	Build DaddyBoard (HeliBoard fork)	2026-09-30T16:05:34.0719156Z C/C++:  1529 |     __end = __emplace_back_slow_path(std::forward<_Args>(__args)...);
build	Build DaddyBoard (HeliBoard fork)	2026-09-30T16:05:34.0720212Z C/C++:       |             ^
build	Build DaddyBoard (HeliBoard fork)	2026-09-30T16:05:34.0722149Z C/C++: /home/runner/work/daddyboard/daddyboard/daddyboard-main/app/src/main/jni/src/utils/int_array_view.h:142:20: note: in instantiation of function template specialization 'std::vector<latinime::IntArrayView>::emplace_back<const int *const &, const unsigned long &>' requested here
build	Build DaddyBoard (HeliBoard fork)	2026-09-30T16:05:34.0724263Z C/C++:   142 |             result.emplace_back(mPtr, mSize);
build	Build DaddyBoard (HeliBoard fork)	2026-09-30T16:05:34.0725170Z C/C++:       |                    ^
build	Build DaddyBoard (HeliBoard fork)	2026-09-30T16:05:34.1333628Z C/C++: 6 warnings generated.
--
build	Build DaddyBoard (HeliBoard fork)	2026-09-30T16:05:35.0438539Z C/C++: /home/runner/work/daddyboard/daddyboard/daddyboard-main/app/src/main/jni/src/dictionary/property/historical_info.h:52:5: warning: definition of implicit copy constructor for 'HistoricalInfo' is deprecated because it has a user-declared copy assignment operator [-Wdeprecated-copy]
build	Build DaddyBoard (HeliBoard fork)	2026-09-30T16:05:35.0492880Z C/C++:    52 |     DISALLOW_ASSIGNMENT_OPERATOR(HistoricalInfo);
build	Build DaddyBoard (HeliBoard fork)	2026-09-30T16:05:35.0535323Z C/C++:       |     ^
build	Build DaddyBoard (HeliBoard fork)	2026-09-30T16:05:35.0565907Z C/C++: /home/runner/work/daddyboard/daddyboard/daddyboard-main/app/src/main/jni/src/defines.h:289:8: note: expanded from macro 'DISALLOW_ASSIGNMENT_OPERATOR'
build	Build DaddyBoard (HeliBoard fork)	2026-09-30T16:05:35.0600237Z C/C++:   289 |   void operator=(const TypeName&) = delete
build	Build DaddyBoard (HeliBoard fork)	2026-09-30T16:05:35.0600939Z C/C++:       |        ^
build	Build DaddyBoard (HeliBoard fork)	2026-09-30T16:05:35.0602641Z C/C++: /home/runner/work/daddyboard/daddyboard/daddyboard-main/app/src/main/jni/src/dictionary/property/ngram_property.h:33:42: note: in implicit copy constructor for 'latinime::HistoricalInfo' first required here
build	Build DaddyBoard (HeliBoard fork)	2026-09-30T16:05:35.0604768Z C/C++:    33 |               mProbability(probability), mHistoricalInfo(historicalInfo) {}
build	Build DaddyBoard (HeliBoard fork)	2026-09-30T16:05:35.0605620Z C/C++:       |                                          ^
build	Build DaddyBoard (HeliBoard fork)	2026-09-30T16:05:35.0607029Z C/C++: In file included from /home/runner/work/daddyboard/daddyboard/daddyboard-main/app/src/main/jni/src/dictionary/structure/v4/ver4_patricia_trie_node_writer.cpp:19:
--
build	Build DaddyBoard (HeliBoard fork)	2026-09-30T16:05:35.0676837Z C/C++: /home/runner/work/daddyboard/daddyboard/daddyboard-main/app/src/main/jni/src/dictionary/utils/entry_counters.h:44:5: warning: definition of implicit copy constructor for 'EntryCounts' is deprecated because it has a user-declared copy assignment operator [-Wdeprecated-copy]
build	Build DaddyBoard (HeliBoard fork)	2026-09-30T16:05:35.0679466Z C/C++:    44 |     DISALLOW_ASSIGNMENT_OPERATOR(EntryCounts);
build	Build DaddyBoard (HeliBoard fork)	2026-09-30T16:05:35.0704939Z C/C++:       |     ^
build	Build DaddyBoard (HeliBoard fork)	2026-09-30T16:05:35.0725926Z C/C++: /home/runner/work/daddyboard/daddyboard/daddyboard-main/app/src/main/jni/src/defines.h:289:8: note: expanded from macro 'DISALLOW_ASSIGNMENT_OPERATOR'
build	Build DaddyBoard (HeliBoard fork)	2026-09-30T16:05:35.0735402Z C/C++:   289 |   void operator=(const TypeName&) = delete
build	Build DaddyBoard (HeliBoard fork)	2026-09-30T16:05:35.0765178Z C/C++:       |        ^
build	Build DaddyBoard (HeliBoard fork)	2026-09-30T16:05:35.0796163Z C/C++: /home/runner/work/daddyboard/daddyboard/daddyboard-main/app/src/main/jni/src/dictionary/header/header_policy.h:92:15: note: in implicit copy constructor for 'latinime::EntryCounts' first required here
build	Build DaddyBoard (HeliBoard fork)	2026-09-30T16:05:35.0798261Z C/C++:    92 |               mNgramCounts(headerPolicy->mNgramCounts),
build	Build DaddyBoard (HeliBoard fork)	2026-09-30T16:05:35.0825145Z C/C++:       |               ^
build	Build DaddyBoard (HeliBoard fork)	2026-09-30T16:05:35.0854608Z C/C++: In file included from /home/runner/work/daddyboard/daddyboard/daddyboard-main/app/src/main/jni/src/dictionary/structure/v4/ver4_patricia_trie_node_writer.cpp:19:
--
build	Build DaddyBoard (HeliBoard fork)	2026-09-30T16:05:35.0881864Z C/C++: /home/runner/work/daddyboard/daddyboard/daddyboard-main/app/src/main/jni/src/utils/byte_array_view.h:53:5: warning: definition of implicit copy constructor for 'ReadOnlyByteArrayView' is deprecated because it has a user-declared copy assignment operator [-Wdeprecated-copy]
build	Build DaddyBoard (HeliBoard fork)	2026-09-30T16:05:35.0883444Z C/C++:    53 |     DISALLOW_ASSIGNMENT_OPERATOR(ReadOnlyByteArrayView);
build	Build DaddyBoard (HeliBoard fork)	2026-09-30T16:05:35.0884006Z C/C++:       |     ^
build	Build DaddyBoard (HeliBoard fork)	2026-09-30T16:05:35.0885445Z C/C++: /home/runner/work/daddyboard/daddyboard/daddyboard-main/app/src/main/jni/src/defines.h:289:8: note: expanded from macro 'DISALLOW_ASSIGNMENT_OPERATOR'
build	Build DaddyBoard (HeliBoard fork)	2026-09-30T16:05:35.0886876Z C/C++:   289 |   void operator=(const TypeName&) = delete
build	Build DaddyBoard (HeliBoard fork)	2026-09-30T16:05:35.0887594Z C/C++:       |        ^
build	Build DaddyBoard (HeliBoard fork)	2026-09-30T16:05:35.0889585Z C/C++: /home/runner/work/daddyboard/daddyboard/daddyboard-main/app/src/main/jni/src/dictionary/structure/pt_common/shortcut/shortcut_list_reading_utils.h:52:75: note: in implicit copy constructor for 'latinime::ReadOnlyByteArrayView' first required here
build	Build DaddyBoard (HeliBoard fork)	2026-09-30T16:05:35.0891360Z C/C++:    52 |         const int shortcutListSize = getShortcutListSizeAndForwardPointer(buffer, pos);
build	Build DaddyBoard (HeliBoard fork)	2026-09-30T16:05:35.0892610Z C/C++:       |                                                                           ^
build	Build DaddyBoard (HeliBoard fork)	2026-09-30T16:05:35.1329848Z C/C++: In file included from /home/runner/work/daddyboard/daddyboard/daddyboard-main/app/src/main/jni/src/dictionary/structure/v4/ver4_patricia_trie_node_writer.cpp:27:
--
build	Build DaddyBoard (HeliBoard fork)	2026-09-30T16:05:35.1416550Z C/C++: /home/runner/work/daddyboard/daddyboard/daddyboard-main/app/src/main/jni/src/dictionary/utils/trie_map.h:129:9: warning: definition of implicit copy constructor for 'TrieMapIterator' is deprecated because it has a user-declared copy assignment operator [-Wdeprecated-copy]
build	Build DaddyBoard (HeliBoard fork)	2026-09-30T16:05:35.1419284Z C/C++:   129 |         DISALLOW_ASSIGNMENT_OPERATOR(TrieMapIterator);
build	Build DaddyBoard (HeliBoard fork)	2026-09-30T16:05:35.1445044Z C/C++:       |         ^
build	Build DaddyBoard (HeliBoard fork)	2026-09-30T16:05:35.1475609Z C/C++: /home/runner/work/daddyboard/daddyboard/daddyboard-main/app/src/main/jni/src/defines.h:289:8: note: expanded from macro 'DISALLOW_ASSIGNMENT_OPERATOR'
build	Build DaddyBoard (HeliBoard fork)	2026-09-30T16:05:35.1505157Z C/C++:   289 |   void operator=(const TypeName&) = delete
build	Build DaddyBoard (HeliBoard fork)	2026-09-30T16:05:35.1534923Z C/C++:       |        ^
build	Build DaddyBoard (HeliBoard fork)	2026-09-30T16:05:35.1537164Z C/C++: /home/runner/work/daddyboard/daddyboard/daddyboard-main/app/src/main/jni/src/dictionary/structure/v4/content/language_model_dict_content.h:67:19: note: in implicit copy constructor for 'latinime::TrieMap::TrieMapIterator' first required here
build	Build DaddyBoard (HeliBoard fork)	2026-09-30T16:05:35.1565403Z C/C++:    67 |                 : mTrieMapIterator(trieMapIterator), mHasHistoricalInfo(hasHistoricalInfo) {}
build	Build DaddyBoard (HeliBoard fork)	2026-09-30T16:05:35.1595027Z C/C++:       |                   ^
build	Build DaddyBoard (HeliBoard fork)	2026-09-30T16:05:35.1596434Z C/C++: In file included from /home/runner/work/daddyboard/daddyboard/daddyboard-main/app/src/main/jni/src/dictionary/structure/v4/ver4_patricia_trie_node_writer.cpp:27:
--
build	Build DaddyBoard (HeliBoard fork)	2026-09-30T16:05:35.1604232Z C/C++: /home/runner/work/daddyboard/daddyboard/daddyboard-main/app/src/main/jni/src/dictionary/utils/trie_map.h:158:9: warning: definition of implicit copy constructor for 'TrieMapRange' is deprecated because it has a user-declared copy assignment operator [-Wdeprecated-copy]
build	Build DaddyBoard (HeliBoard fork)	2026-09-30T16:05:35.1606744Z C/C++:   158 |         DISALLOW_ASSIGNMENT_OPERATOR(TrieMapRange);
build	Build DaddyBoard (HeliBoard fork)	2026-09-30T16:05:35.1607398Z C/C++:       |         ^
build	Build DaddyBoard (HeliBoard fork)	2026-09-30T16:05:35.1608586Z C/C++: /home/runner/work/daddyboard/daddyboard/daddyboard-main/app/src/main/jni/src/defines.h:289:8: note: expanded from macro 'DISALLOW_ASSIGNMENT_OPERATOR'
build	Build DaddyBoard (HeliBoard fork)	2026-09-30T16:05:35.1610019Z C/C++:   289 |   void operator=(const TypeName&) = delete
build	Build DaddyBoard (HeliBoard fork)	2026-09-30T16:05:35.1610620Z C/C++:       |        ^
build	Build DaddyBoard (HeliBoard fork)	2026-09-30T16:05:35.1612503Z C/C++: /home/runner/work/daddyboard/daddyboard/daddyboard-main/app/src/main/jni/src/dictionary/structure/v4/content/language_model_dict_content.h:96:19: note: in implicit copy constructor for 'latinime::TrieMap::TrieMapRange' first required here
build	Build DaddyBoard (HeliBoard fork)	2026-09-30T16:05:35.1614987Z C/C++:    96 |                 : mTrieMapRange(trieMapRange), mHasHistoricalInfo(hasHistoricalInfo) {}
build	Build DaddyBoard (HeliBoard fork)	2026-09-30T16:05:35.1615843Z C/C++:       |                   ^
build	Build DaddyBoard (HeliBoard fork)	2026-09-30T16:05:35.1617159Z C/C++: In file included from /home/runner/work/daddyboard/daddyboard/daddyboard-main/app/src/main/jni/src/dictionary/structure/v4/ver4_patricia_trie_node_writer.cpp:27:
--
build	Build DaddyBoard (HeliBoard fork)	2026-09-30T16:05:35.1655592Z C/C++: /home/runner/work/daddyboard/daddyboard/daddyboard-main/app/src/main/jni/src/dictionary/property/word_attributes.h:59:5: warning: definition of implicit copy constructor for 'WordAttributes' is deprecated because it has a user-declared copy assignment operator [-Wdeprecated-copy]
build	Build DaddyBoard (HeliBoard fork)	2026-09-30T16:05:35.1658037Z C/C++:    59 |     DISALLOW_ASSIGNMENT_OPERATOR(WordAttributes);
build	Build DaddyBoard (HeliBoard fork)	2026-09-30T16:05:35.1658671Z C/C++:       |     ^
build	Build DaddyBoard (HeliBoard fork)	2026-09-30T16:05:35.1659872Z C/C++: /home/runner/work/daddyboard/daddyboard/daddyboard-main/app/src/main/jni/src/defines.h:289:8: note: expanded from macro 'DISALLOW_ASSIGNMENT_OPERATOR'
build	Build DaddyBoard (HeliBoard fork)	2026-09-30T16:05:35.1661287Z C/C++:   289 |   void operator=(const TypeName&) = delete
build	Build DaddyBoard (HeliBoard fork)	2026-09-30T16:05:35.1661896Z C/C++:       |        ^
build	Build DaddyBoard (HeliBoard fork)	2026-09-30T16:05:35.1663581Z C/C++: /home/runner/work/daddyboard/daddyboard/daddyboard-main/app/src/main/jni/src/dictionary/structure/v4/content/language_model_dict_content.h:119:19: note: in implicit copy constructor for 'WordAttributes' first required here
build	Build DaddyBoard (HeliBoard fork)	2026-09-30T16:05:35.1666000Z C/C++:   119 |                   mWordAttributes(wordAttributes), mProbabilityEntry(probabilityEntry) {}
build	Build DaddyBoard (HeliBoard fork)	2026-09-30T16:05:35.1666884Z C/C++:       |                   ^
build	Build DaddyBoard (HeliBoard fork)	2026-09-30T16:05:35.1668238Z C/C++: In file included from /home/runner/work/daddyboard/daddyboard/daddyboard-main/app/src/main/jni/src/dictionary/structure/v4/ver4_patricia_trie_node_writer.cpp:17:
--
build	Build DaddyBoard (HeliBoard fork)	2026-09-30T16:05:35.1678366Z C/C++: /home/runner/work/daddyboard/daddyboard/daddyboard-main/app/src/main/jni/src/utils/int_array_view.h:160:5: warning: definition of implicit copy constructor for 'IntArrayView' is deprecated because it has a user-declared copy assignment operator [-Wdeprecated-copy]
build	Build DaddyBoard (HeliBoard fork)	2026-09-30T16:05:35.1680541Z C/C++:   160 |     DISALLOW_ASSIGNMENT_OPERATOR(IntArrayView);
build	Build DaddyBoard (HeliBoard fork)	2026-09-30T16:05:35.1681158Z C/C++:       |     ^
build	Build DaddyBoard (HeliBoard fork)	2026-09-30T16:05:35.1682290Z C/C++: /home/runner/work/daddyboard/daddyboard/daddyboard-main/app/src/main/jni/src/defines.h:289:8: note: expanded from macro 'DISALLOW_ASSIGNMENT_OPERATOR'
build	Build DaddyBoard (HeliBoard fork)	2026-09-30T16:05:35.1683676Z C/C++:   289 |   void operator=(const TypeName&) = delete
build	Build DaddyBoard (HeliBoard fork)	2026-09-30T16:05:35.1684274Z C/C++:       |        ^
build	Build DaddyBoard (HeliBoard fork)	2026-09-30T16:05:35.1716481Z C/C++: /home/runner/work/daddyboard/daddyboard/daddyboard-main/app/src/main/jni/src/dictionary/structure/v4/ver4_patricia_trie_node_writer.cpp:211:64: note: in implicit copy constructor for 'latinime::IntArrayView' first required here
build	Build DaddyBoard (HeliBoard fork)	2026-09-30T16:05:35.1718680Z C/C++:   211 |             languageModelDictContent->getNgramProbabilityEntry(prevWordIds, wordId);
build	Build DaddyBoard (HeliBoard fork)	2026-09-30T16:05:35.1719666Z C/C++:       |                                                                ^
build	Build DaddyBoard (HeliBoard fork)	2026-09-30T16:05:35.4345557Z C/C++: 7 warnings generated.
--
build	Build DaddyBoard (HeliBoard fork)	2026-09-30T16:05:36.2418870Z C/C++: /home/runner/work/daddyboard/daddyboard/daddyboard-main/app/src/main/jni/src/dictionary/utils/entry_counters.h:44:5: warning: definition of implicit copy constructor for 'EntryCounts' is deprecated because it has a user-declared copy assignment operator [-Wdeprecated-copy]
build	Build DaddyBoard (HeliBoard fork)	2026-09-30T16:05:36.2435071Z C/C++:    44 |     DISALLOW_ASSIGNMENT_OPERATOR(EntryCounts);
build	Build DaddyBoard (HeliBoard fork)	2026-09-30T16:05:36.2437449Z C/C++:       |     ^
build	Build DaddyBoard (HeliBoard fork)	2026-09-30T16:05:36.2438838Z C/C++: /home/runner/work/daddyboard/daddyboard/daddyboard-main/app/src/main/jni/src/defines.h:289:8: note: expanded from macro 'DISALLOW_ASSIGNMENT_OPERATOR'
build	Build DaddyBoard (HeliBoard fork)	2026-09-30T16:05:36.2440555Z C/C++:   289 |   void operator=(const TypeName&) = delete
build	Build DaddyBoard (HeliBoard fork)	2026-09-30T16:05:36.2441467Z C/C++:       |        ^
build	Build DaddyBoard (HeliBoard fork)	2026-09-30T16:05:36.2443261Z C/C++: /home/runner/work/daddyboard/daddyboard/daddyboard-main/app/src/main/jni/src/dictionary/header/header_policy.h:92:15: note: in implicit copy constructor for 'latinime::EntryCounts' first required here
build	Build DaddyBoard (HeliBoard fork)	2026-09-30T16:05:36.2474055Z C/C++:    92 |               mNgramCounts(headerPolicy->mNgramCounts),
build	Build DaddyBoard (HeliBoard fork)	2026-09-30T16:05:36.2505036Z C/C++:       |               ^
build	Build DaddyBoard (HeliBoard fork)	2026-09-30T16:05:36.2509281Z C/C++: In file included from /home/runner/work/daddyboard/daddyboard/daddyboard-main/app/src/main/jni/src/dictionary/structure/v4/ver4_patricia_trie_policy.cpp:17:
--
build	Build DaddyBoard (HeliBoard fork)	2026-09-30T16:05:36.2576665Z C/C++: /home/runner/work/daddyboard/daddyboard/daddyboard-main/app/src/main/jni/src/dictionary/property/historical_info.h:52:5: warning: definition of implicit copy constructor for 'HistoricalInfo' is deprecated because it has a user-declared copy assignment operator [-Wdeprecated-copy]
build	Build DaddyBoard (HeliBoard fork)	2026-09-30T16:05:36.2585059Z C/C++:    52 |     DISALLOW_ASSIGNMENT_OPERATOR(HistoricalInfo);
build	Build DaddyBoard (HeliBoard fork)	2026-09-30T16:05:36.2614898Z C/C++:       |     ^
build	Build DaddyBoard (HeliBoard fork)	2026-09-30T16:05:36.2631210Z C/C++: /home/runner/work/daddyboard/daddyboard/daddyboard-main/app/src/main/jni/src/defines.h:289:8: note: expanded from macro 'DISALLOW_ASSIGNMENT_OPERATOR'
build	Build DaddyBoard (HeliBoard fork)	2026-09-30T16:05:36.2637813Z C/C++:   289 |   void operator=(const TypeName&) = delete
build	Build DaddyBoard (HeliBoard fork)	2026-09-30T16:05:36.2665182Z C/C++:       |        ^
build	Build DaddyBoard (HeliBoard fork)	2026-09-30T16:05:36.2686684Z C/C++: /home/runner/work/daddyboard/daddyboard/daddyboard-main/app/src/main/jni/src/dictionary/property/ngram_property.h:33:42: note: in implicit copy constructor for 'latinime::HistoricalInfo' first required here
build	Build DaddyBoard (HeliBoard fork)	2026-09-30T16:05:36.2688749Z C/C++:    33 |               mProbability(probability), mHistoricalInfo(historicalInfo) {}
build	Build DaddyBoard (HeliBoard fork)	2026-09-30T16:05:36.2689696Z C/C++:       |                                          ^
build	Build DaddyBoard (HeliBoard fork)	2026-09-30T16:05:36.2691245Z C/C++: In file included from /home/runner/work/daddyboard/daddyboard/daddyboard-main/app/src/main/jni/src/dictionary/structure/v4/ver4_patricia_trie_policy.cpp:17:
--
build	Build DaddyBoard (HeliBoard fork)	2026-09-30T16:05:36.2705927Z C/C++: /home/runner/work/daddyboard/daddyboard/daddyboard-main/app/src/main/jni/src/dictionary/property/unigram_property.h:126:5: warning: definition of implicit copy constructor for 'UnigramProperty' is deprecated because it has a user-declared copy assignment operator [-Wdeprecated-copy]
build	Build DaddyBoard (HeliBoard fork)	2026-09-30T16:05:36.2709094Z C/C++:   126 |     DISALLOW_ASSIGNMENT_OPERATOR(UnigramProperty);
build	Build DaddyBoard (HeliBoard fork)	2026-09-30T16:05:36.2710010Z C/C++:       |     ^
build	Build DaddyBoard (HeliBoard fork)	2026-09-30T16:05:36.2711398Z C/C++: /home/runner/work/daddyboard/daddyboard/daddyboard-main/app/src/main/jni/src/defines.h:289:8: note: expanded from macro 'DISALLOW_ASSIGNMENT_OPERATOR'
build	Build DaddyBoard (HeliBoard fork)	2026-09-30T16:05:36.2713146Z C/C++:   289 |   void operator=(const TypeName&) = delete
build	Build DaddyBoard (HeliBoard fork)	2026-09-30T16:05:36.2713730Z C/C++:       |        ^
build	Build DaddyBoard (HeliBoard fork)	2026-09-30T16:05:36.2715440Z C/C++: /home/runner/work/daddyboard/daddyboard/daddyboard-main/app/src/main/jni/src/dictionary/property/word_property.h:38:51: note: in implicit copy constructor for 'latinime::UnigramProperty' first required here
build	Build DaddyBoard (HeliBoard fork)	2026-09-30T16:05:36.2717334Z C/C++:    38 |             : mCodePoints(std::move(codePoints)), mUnigramProperty(unigramProperty),
build	Build DaddyBoard (HeliBoard fork)	2026-09-30T16:05:36.2718166Z C/C++:       |                                                   ^
build	Build DaddyBoard (HeliBoard fork)	2026-09-30T16:05:36.2719546Z C/C++: In file included from /home/runner/work/daddyboard/daddyboard/daddyboard-main/app/src/main/jni/src/dictionary/structure/v4/ver4_patricia_trie_policy.cpp:17:
--
build	Build DaddyBoard (HeliBoard fork)	2026-09-30T16:05:36.2730371Z C/C++: /home/runner/work/daddyboard/daddyboard/daddyboard-main/app/src/main/jni/src/utils/byte_array_view.h:53:5: warning: definition of implicit copy constructor for 'ReadOnlyByteArrayView' is deprecated because it has a user-declared copy assignment operator [-Wdeprecated-copy]
build	Build DaddyBoard (HeliBoard fork)	2026-09-30T16:05:36.2732626Z C/C++:    53 |     DISALLOW_ASSIGNMENT_OPERATOR(ReadOnlyByteArrayView);
build	Build DaddyBoard (HeliBoard fork)	2026-09-30T16:05:36.2733568Z C/C++:       |     ^
build	Build DaddyBoard (HeliBoard fork)	2026-09-30T16:05:36.2759056Z C/C++: /home/runner/work/daddyboard/daddyboard/daddyboard-main/app/src/main/jni/src/defines.h:289:8: note: expanded from macro 'DISALLOW_ASSIGNMENT_OPERATOR'
build	Build DaddyBoard (HeliBoard fork)	2026-09-30T16:05:36.2760444Z C/C++:   289 |   void operator=(const TypeName&) = delete
build	Build DaddyBoard (HeliBoard fork)	2026-09-30T16:05:36.2761005Z C/C++:       |        ^
build	Build DaddyBoard (HeliBoard fork)	2026-09-30T16:05:36.2762753Z C/C++: /home/runner/work/daddyboard/daddyboard/daddyboard-main/app/src/main/jni/src/dictionary/structure/pt_common/shortcut/shortcut_list_reading_utils.h:52:75: note: in implicit copy constructor for 'latinime::ReadOnlyByteArrayView' first required here
build	Build DaddyBoard (HeliBoard fork)	2026-09-30T16:05:36.2765319Z C/C++:    52 |         const int shortcutListSize = getShortcutListSizeAndForwardPointer(buffer, pos);
build	Build DaddyBoard (HeliBoard fork)	2026-09-30T16:05:36.2766325Z C/C++:       |                                                                           ^
build	Build DaddyBoard (HeliBoard fork)	2026-09-30T16:05:36.2767783Z C/C++: In file included from /home/runner/work/daddyboard/daddyboard/daddyboard-main/app/src/main/jni/src/dictionary/structure/v4/ver4_patricia_trie_policy.cpp:17:
--
build	Build DaddyBoard (HeliBoard fork)	2026-09-30T16:05:36.2777461Z C/C++: /home/runner/work/daddyboard/daddyboard/daddyboard-main/app/src/main/jni/src/dictionary/utils/trie_map.h:129:9: warning: definition of implicit copy constructor for 'TrieMapIterator' is deprecated because it has a user-declared copy assignment operator [-Wdeprecated-copy]
build	Build DaddyBoard (HeliBoard fork)	2026-09-30T16:05:36.2779942Z C/C++:   129 |         DISALLOW_ASSIGNMENT_OPERATOR(TrieMapIterator);
build	Build DaddyBoard (HeliBoard fork)	2026-09-30T16:05:36.2780579Z C/C++:       |         ^
build	Build DaddyBoard (HeliBoard fork)	2026-09-30T16:05:36.2781751Z C/C++: /home/runner/work/daddyboard/daddyboard/daddyboard-main/app/src/main/jni/src/defines.h:289:8: note: expanded from macro 'DISALLOW_ASSIGNMENT_OPERATOR'
build	Build DaddyBoard (HeliBoard fork)	2026-09-30T16:05:36.2783112Z C/C++:   289 |   void operator=(const TypeName&) = delete
build	Build DaddyBoard (HeliBoard fork)	2026-09-30T16:05:36.2783683Z C/C++:       |        ^
build	Build DaddyBoard (HeliBoard fork)	2026-09-30T16:05:36.2815082Z C/C++: /home/runner/work/daddyboard/daddyboard/daddyboard-main/app/src/main/jni/src/dictionary/structure/v4/content/language_model_dict_content.h:67:19: note: in implicit copy constructor for 'latinime::TrieMap::TrieMapIterator' first required here
build	Build DaddyBoard (HeliBoard fork)	2026-09-30T16:05:36.2817332Z C/C++:    67 |                 : mTrieMapIterator(trieMapIterator), mHasHistoricalInfo(hasHistoricalInfo) {}
build	Build DaddyBoard (HeliBoard fork)	2026-09-30T16:05:36.2818164Z C/C++:       |                   ^
build	Build DaddyBoard (HeliBoard fork)	2026-09-30T16:05:36.2819405Z C/C++: In file included from /home/runner/work/daddyboard/daddyboard/daddyboard-main/app/src/main/jni/src/dictionary/structure/v4/ver4_patricia_trie_policy.cpp:17:
--
build	Build DaddyBoard (HeliBoard fork)	2026-09-30T16:05:36.2828604Z C/C++: /home/runner/work/daddyboard/daddyboard/daddyboard-main/app/src/main/jni/src/dictionary/utils/trie_map.h:158:9: warning: definition of implicit copy constructor for 'TrieMapRange' is deprecated because it has a user-declared copy assignment operator [-Wdeprecated-copy]
build	Build DaddyBoard (HeliBoard fork)	2026-09-30T16:05:36.2830702Z C/C++:   158 |         DISALLOW_ASSIGNMENT_OPERATOR(TrieMapRange);
build	Build DaddyBoard (HeliBoard fork)	2026-09-30T16:05:36.2831593Z C/C++:       |         ^
build	Build DaddyBoard (HeliBoard fork)	2026-09-30T16:05:36.2832743Z C/C++: /home/runner/work/daddyboard/daddyboard/daddyboard-main/app/src/main/jni/src/defines.h:289:8: note: expanded from macro 'DISALLOW_ASSIGNMENT_OPERATOR'
build	Build DaddyBoard (HeliBoard fork)	2026-09-30T16:05:36.2834088Z C/C++:   289 |   void operator=(const TypeName&) = delete
build	Build DaddyBoard (HeliBoard fork)	2026-09-30T16:05:36.2834901Z C/C++:       |        ^
build	Build DaddyBoard (HeliBoard fork)	2026-09-30T16:05:36.2836656Z C/C++: /home/runner/work/daddyboard/daddyboard/daddyboard-main/app/src/main/jni/src/dictionary/structure/v4/content/language_model_dict_content.h:96:19: note: in implicit copy constructor for 'latinime::TrieMap::TrieMapRange' first required here
build	Build DaddyBoard (HeliBoard fork)	2026-09-30T16:05:36.2838736Z C/C++:    96 |                 : mTrieMapRange(trieMapRange), mHasHistoricalInfo(hasHistoricalInfo) {}
build	Build DaddyBoard (HeliBoard fork)	2026-09-30T16:05:36.2839526Z C/C++:       |                   ^
build	Build DaddyBoard (HeliBoard fork)	2026-09-30T16:05:36.2840777Z C/C++: In file included from /home/runner/work/daddyboard/daddyboard/daddyboard-main/app/src/main/jni/src/dictionary/structure/v4/ver4_patricia_trie_policy.cpp:17:
--
build	Build DaddyBoard (HeliBoard fork)	2026-09-30T16:05:36.2858804Z C/C++: /home/runner/work/daddyboard/daddyboard/daddyboard-main/app/src/main/jni/src/dictionary/property/word_attributes.h:59:5: warning: definition of implicit copy constructor for 'WordAttributes' is deprecated because it has a user-declared copy assignment operator [-Wdeprecated-copy]
build	Build DaddyBoard (HeliBoard fork)	2026-09-30T16:05:36.2861442Z C/C++:    59 |     DISALLOW_ASSIGNMENT_OPERATOR(WordAttributes);
build	Build DaddyBoard (HeliBoard fork)	2026-09-30T16:05:36.2862082Z C/C++:       |     ^
build	Build DaddyBoard (HeliBoard fork)	2026-09-30T16:05:36.2863248Z C/C++: /home/runner/work/daddyboard/daddyboard/daddyboard-main/app/src/main/jni/src/defines.h:289:8: note: expanded from macro 'DISALLOW_ASSIGNMENT_OPERATOR'
build	Build DaddyBoard (HeliBoard fork)	2026-09-30T16:05:36.2864915Z C/C++:   289 |   void operator=(const TypeName&) = delete
build	Build DaddyBoard (HeliBoard fork)	2026-09-30T16:05:36.2865481Z C/C++:       |        ^
build	Build DaddyBoard (HeliBoard fork)	2026-09-30T16:05:36.2867092Z C/C++: /home/runner/work/daddyboard/daddyboard/daddyboard-main/app/src/main/jni/src/dictionary/structure/v4/content/language_model_dict_content.h:119:19: note: in implicit copy constructor for 'WordAttributes' first required here
build	Build DaddyBoard (HeliBoard fork)	2026-09-30T16:05:36.2871130Z C/C++:   119 |                   mWordAttributes(wordAttributes), mProbabilityEntry(probabilityEntry) {}
build	Build DaddyBoard (HeliBoard fork)	2026-09-30T16:05:36.2872029Z C/C++:       |                   ^
build	Build DaddyBoard (HeliBoard fork)	2026-09-30T16:05:36.3349800Z C/C++: In file included from /home/runner/work/daddyboard/daddyboard/daddyboard-main/app/src/main/jni/src/dictionary/structure/v4/ver4_patricia_trie_policy.cpp:17:
--
build	Build DaddyBoard (HeliBoard fork)	2026-09-30T16:05:36.3387382Z C/C++: /home/runner/work/daddyboard/daddyboard/daddyboard-main/app/src/main/jni/src/utils/int_array_view.h:160:5: warning: definition of implicit copy constructor for 'IntArrayView' is deprecated because it has a user-declared copy assignment operator [-Wdeprecated-copy]
build	Build DaddyBoard (HeliBoard fork)	2026-09-30T16:05:36.3389876Z C/C++:   160 |     DISALLOW_ASSIGNMENT_OPERATOR(IntArrayView);
build	Build DaddyBoard (HeliBoard fork)	2026-09-30T16:05:36.3390462Z C/C++:       |     ^
build	Build DaddyBoard (HeliBoard fork)	2026-09-30T16:05:36.3391567Z C/C++: /home/runner/work/daddyboard/daddyboard/daddyboard-main/app/src/main/jni/src/defines.h:289:8: note: expanded from macro 'DISALLOW_ASSIGNMENT_OPERATOR'
build	Build DaddyBoard (HeliBoard fork)	2026-09-30T16:05:36.3392858Z C/C++:   289 |   void operator=(const TypeName&) = delete
build	Build DaddyBoard (HeliBoard fork)	2026-09-30T16:05:36.3393393Z C/C++:       |        ^
build	Build DaddyBoard (HeliBoard fork)	2026-09-30T16:05:36.3395106Z C/C++: /home/runner/work/daddyboard/daddyboard/daddyboard-main/app/src/main/jni/src/suggest/core/dicnode/dic_node.h:110:53: note: in implicit copy constructor for 'latinime::IntArrayView' first required here
build	Build DaddyBoard (HeliBoard fork)	2026-09-30T16:05:36.3397017Z C/C++:   110 |         mDicNodeProperties.init(rootPtNodeArrayPos, prevWordIds);
build	Build DaddyBoard (HeliBoard fork)	2026-09-30T16:05:36.3397772Z C/C++:       |                                                     ^
build	Build DaddyBoard (HeliBoard fork)	2026-09-30T16:05:36.3399086Z C/C++: In file included from /home/runner/work/daddyboard/daddyboard/daddyboard-main/app/src/main/jni/src/dictionary/structure/v4/ver4_patricia_trie_policy.cpp:32:
--
build	Build DaddyBoard (HeliBoard fork)	2026-09-30T16:05:36.3403422Z C/C++: /home/runner/work/daddyboard/daddyboard/daddyboard-main/app/src/main/jni/src/dictionary/utils/bloom_filter.h:47:5: warning: definition of implicit copy constructor for 'BloomFilter' is deprecated because it has a user-declared copy assignment operator [-Wdeprecated-copy]
build	Build DaddyBoard (HeliBoard fork)	2026-09-30T16:05:36.3405723Z C/C++:    47 |     DISALLOW_ASSIGNMENT_OPERATOR(BloomFilter);
build	Build DaddyBoard (HeliBoard fork)	2026-09-30T16:05:36.3406574Z C/C++:       |     ^
build	Build DaddyBoard (HeliBoard fork)	2026-09-30T16:05:36.3407697Z C/C++: /home/runner/work/daddyboard/daddyboard/daddyboard-main/app/src/main/jni/src/defines.h:289:8: note: expanded from macro 'DISALLOW_ASSIGNMENT_OPERATOR'
build	Build DaddyBoard (HeliBoard fork)	2026-09-30T16:05:36.3409002Z C/C++:   289 |   void operator=(const TypeName&) = delete
build	Build DaddyBoard (HeliBoard fork)	2026-09-30T16:05:36.3409560Z C/C++:       |        ^
build	Build DaddyBoard (HeliBoard fork)	2026-09-30T16:05:36.3411033Z C/C++: /home/runner/work/daddyboard/daddyboard/daddyboard-main/app/src/main/jni/src/dictionary/utils/multi_bigram_map.h:57:53: note: in implicit copy constructor for 'latinime::BloomFilter' first required here
build	Build DaddyBoard (HeliBoard fork)	2026-09-30T16:05:36.3412908Z C/C++:    57 |                 : mBigramMap(bigramMap.mBigramMap), mBloomFilter(bigramMap.mBloomFilter) {}
build	Build DaddyBoard (HeliBoard fork)	2026-09-30T16:05:36.3413768Z C/C++:       |                                                     ^
build	Build DaddyBoard (HeliBoard fork)	2026-09-30T16:05:36.5336679Z C/C++: In file included from /home/runner/work/daddyboard/daddyboard/daddyboard-main/app/src/main/jni/src/dictionary/structure/v4/ver4_patricia_trie_policy.cpp:17:
--
build	Build DaddyBoard (HeliBoard fork)	2026-09-30T16:05:36.5426624Z C/C++: /home/runner/work/daddyboard/daddyboard/daddyboard-main/app/src/main/jni/src/dictionary/property/ngram_property.h:54:5: warning: definition of implicit copy constructor for 'NgramProperty' is deprecated because it has a user-declared copy assignment operator [-Wdeprecated-copy]
build	Build DaddyBoard (HeliBoard fork)	2026-09-30T16:05:36.5455214Z C/C++:    54 |     DISALLOW_ASSIGNMENT_OPERATOR(NgramProperty);
build	Build DaddyBoard (HeliBoard fork)	2026-09-30T16:05:36.5484911Z C/C++:       |     ^
build	Build DaddyBoard (HeliBoard fork)	2026-09-30T16:05:36.5495700Z C/C++: /home/runner/work/daddyboard/daddyboard/daddyboard-main/app/src/main/jni/src/defines.h:289:8: note: expanded from macro 'DISALLOW_ASSIGNMENT_OPERATOR'
build	Build DaddyBoard (HeliBoard fork)	2026-09-30T16:05:36.5515150Z C/C++:   289 |   void operator=(const TypeName&) = delete
build	Build DaddyBoard (HeliBoard fork)	2026-09-30T16:05:36.5544890Z C/C++:       |        ^
build	Build DaddyBoard (HeliBoard fork)	2026-09-30T16:05:36.5556300Z C/C++: /usr/local/lib/android/sdk/ndk/28.0.13004108/toolchains/llvm/prebuilt/linux-x86_64/sysroot/usr/include/c++/v1/__memory/allocator.h:173:24: note: in implicit copy constructor for 'latinime::NgramProperty' first required here
build	Build DaddyBoard (HeliBoard fork)	2026-09-30T16:05:36.5558425Z C/C++:   173 |     ::new ((void*)__p) _Up(std::forward<_Args>(__args)...);
build	Build DaddyBoard (HeliBoard fork)	2026-09-30T16:05:36.5604974Z C/C++:       |                        ^
build	Build DaddyBoard (HeliBoard fork)	2026-09-30T16:05:36.5617533Z C/C++: /usr/local/lib/android/sdk/ndk/28.0.13004108/toolchains/llvm/prebuilt/linux-x86_64/sysroot/usr/include/c++/v1/__memory/allocator_traits.h:320:9: note: in instantiation of function template specialization 'std::allocator<latinime::NgramProperty>::construct<latinime::NgramProperty, latinime::NgramProperty &>' requested here
build	Build DaddyBoard (HeliBoard fork)	2026-09-30T16:05:36.5635257Z C/C++:   320 |     __a.construct(__p, std::forward<_Args>(__args)...);
build	Build DaddyBoard (HeliBoard fork)	2026-09-30T16:05:36.5635982Z C/C++:       |         ^
build	Build DaddyBoard (HeliBoard fork)	2026-09-30T16:05:36.5638521Z C/C++: /usr/local/lib/android/sdk/ndk/28.0.13004108/toolchains/llvm/prebuilt/linux-x86_64/sysroot/usr/include/c++/v1/__memory/uninitialized_algorithms.h:551:31: note: in instantiation of function template specialization 'std::allocator_traits<std::allocator<latinime::NgramProperty>>::construct<latinime::NgramProperty, latinime::NgramProperty &, 0>' requested here
build	Build DaddyBoard (HeliBoard fork)	2026-09-30T16:05:36.5641529Z C/C++:   551 |     allocator_traits<_Alloc>::construct(__alloc, std::__to_address(__first2), *__first1);
build	Build DaddyBoard (HeliBoard fork)	2026-09-30T16:05:36.5642460Z C/C++:       |                               ^
build	Build DaddyBoard (HeliBoard fork)	2026-09-30T16:05:36.5645447Z C/C++: /usr/local/lib/android/sdk/ndk/28.0.13004108/toolchains/llvm/prebuilt/linux-x86_64/sysroot/usr/include/c++/v1/__memory/uninitialized_algorithms.h:594:33: note: in instantiation of function template specialization 'std::__uninitialized_allocator_copy_impl<std::allocator<latinime::NgramProperty>, latinime::NgramProperty *, latinime::NgramProperty *, latinime::NgramProperty *>' requested here
build	Build DaddyBoard (HeliBoard fork)	2026-09-30T16:05:36.5648850Z C/C++:   594 |   auto __result          = std::__uninitialized_allocator_copy_impl(
build	Build DaddyBoard (HeliBoard fork)	2026-09-30T16:05:36.5649636Z C/C++:       |                                 ^
build	Build DaddyBoard (HeliBoard fork)	2026-09-30T16:05:36.5652221Z C/C++: /usr/local/lib/android/sdk/ndk/28.0.13004108/toolchains/llvm/prebuilt/linux-x86_64/sysroot/usr/include/c++/v1/vector:1100:22: note: in instantiation of function template specialization 'std::__uninitialized_allocator_copy<std::allocator<latinime::NgramProperty>, latinime::NgramProperty *, latinime::NgramProperty *, latinime::NgramProperty *>' requested here
build	Build DaddyBoard (HeliBoard fork)	2026-09-30T16:05:36.5655353Z C/C++:  1100 |   __tx.__pos_ = std::__uninitialized_allocator_copy(__alloc(), __first, __last, __tx.__pos_);
build	Build DaddyBoard (HeliBoard fork)	2026-09-30T16:05:36.5656350Z C/C++:       |                      ^
build	Build DaddyBoard (HeliBoard fork)	2026-09-30T16:05:36.5658608Z C/C++: /usr/local/lib/android/sdk/ndk/28.0.13004108/toolchains/llvm/prebuilt/linux-x86_64/sysroot/usr/include/c++/v1/vector:761:7: note: in instantiation of function template specialization 'std::vector<latinime::NgramProperty>::__construct_at_end<latinime::NgramProperty *, latinime::NgramProperty *>' requested here
build	Build DaddyBoard (HeliBoard fork)	2026-09-30T16:05:36.5660990Z C/C++:   761 |       __construct_at_end(__first, __last, __n);
build	Build DaddyBoard (HeliBoard fork)	2026-09-30T16:05:36.5661665Z C/C++:       |       ^
build	Build DaddyBoard (HeliBoard fork)	2026-09-30T16:05:36.5664003Z C/C++: /usr/local/lib/android/sdk/ndk/28.0.13004108/toolchains/llvm/prebuilt/linux-x86_64/sysroot/usr/include/c++/v1/vector:1213:3: note: in instantiation of function template specialization 'std::vector<latinime::NgramProperty>::__init_with_size<latinime::NgramProperty *, latinime::NgramProperty *>' requested here
build	Build DaddyBoard (HeliBoard fork)	2026-09-30T16:05:36.5666673Z C/C++:  1213 |   __init_with_size(__x.__begin_, __x.__end_, __x.size());
build	Build DaddyBoard (HeliBoard fork)	2026-09-30T16:05:36.5667406Z C/C++:       |   ^
build	Build DaddyBoard (HeliBoard fork)	2026-09-30T16:05:36.5669102Z C/C++: /home/runner/work/daddyboard/daddyboard/daddyboard-main/app/src/main/jni/src/dictionary/property/word_property.h:39:15: note: in instantiation of member function 'std::vector<latinime::NgramProperty>::vector' requested here
build	Build DaddyBoard (HeliBoard fork)	2026-09-30T16:05:36.5670997Z C/C++:    39 |               mNgrams(ngrams) {}
build	Build DaddyBoard (HeliBoard fork)	2026-09-30T16:05:36.5671979Z C/C++:       |               ^
build	Build DaddyBoard (HeliBoard fork)	2026-09-30T16:05:37.1329571Z C/C++: 10 warnings generated.
--
build	Build DaddyBoard (HeliBoard fork)	2026-09-30T16:05:38.0406516Z C/C++: /home/runner/work/daddyboard/daddyboard/daddyboard-main/app/src/main/jni/src/dictionary/utils/entry_counters.h:44:5: warning: definition of implicit copy constructor for 'EntryCounts' is deprecated because it has a user-declared copy assignment operator [-Wdeprecated-copy]
build	Build DaddyBoard (HeliBoard fork)	2026-09-30T16:05:38.0425089Z C/C++:    44 |     DISALLOW_ASSIGNMENT_OPERATOR(EntryCounts);
build	Build DaddyBoard (HeliBoard fork)	2026-09-30T16:05:38.0476616Z C/C++:       |     ^
build	Build DaddyBoard (HeliBoard fork)	2026-09-30T16:05:38.0477831Z C/C++: /home/runner/work/daddyboard/daddyboard/daddyboard-main/app/src/main/jni/src/defines.h:289:8: note: expanded from macro 'DISALLOW_ASSIGNMENT_OPERATOR'
build	Build DaddyBoard (HeliBoard fork)	2026-09-30T16:05:38.0479130Z C/C++:   289 |   void operator=(const TypeName&) = delete
build	Build DaddyBoard (HeliBoard fork)	2026-09-30T16:05:38.0479648Z C/C++:       |        ^
build	Build DaddyBoard (HeliBoard fork)	2026-09-30T16:05:38.0481107Z C/C++: /home/runner/work/daddyboard/daddyboard/daddyboard-main/app/src/main/jni/src/dictionary/header/header_policy.h:92:15: note: in implicit copy constructor for 'latinime::EntryCounts' first required here
build	Build DaddyBoard (HeliBoard fork)	2026-09-30T16:05:38.0482786Z C/C++:    92 |               mNgramCounts(headerPolicy->mNgramCounts),
build	Build DaddyBoard (HeliBoard fork)	2026-09-30T16:05:38.0483431Z C/C++:       |               ^
build	Build DaddyBoard (HeliBoard fork)	2026-09-30T16:05:38.0485385Z C/C++: In file included from /home/runner/work/daddyboard/daddyboard/daddyboard-main/app/src/main/jni/src/dictionary/structure/v4/ver4_patricia_trie_writing_helper.cpp:17:
--
build	Build DaddyBoard (HeliBoard fork)	2026-09-30T16:05:38.0494874Z C/C++: /home/runner/work/daddyboard/daddyboard/daddyboard-main/app/src/main/jni/src/utils/byte_array_view.h:53:5: warning: definition of implicit copy constructor for 'ReadOnlyByteArrayView' is deprecated because it has a user-declared copy assignment operator [-Wdeprecated-copy]
build	Build DaddyBoard (HeliBoard fork)	2026-09-30T16:05:38.0497070Z C/C++:    53 |     DISALLOW_ASSIGNMENT_OPERATOR(ReadOnlyByteArrayView);
build	Build DaddyBoard (HeliBoard fork)	2026-09-30T16:05:38.0497694Z C/C++:       |     ^
build	Build DaddyBoard (HeliBoard fork)	2026-09-30T16:05:38.0498811Z C/C++: /home/runner/work/daddyboard/daddyboard/daddyboard-main/app/src/main/jni/src/defines.h:289:8: note: expanded from macro 'DISALLOW_ASSIGNMENT_OPERATOR'
build	Build DaddyBoard (HeliBoard fork)	2026-09-30T16:05:38.0500116Z C/C++:   289 |   void operator=(const TypeName&) = delete
build	Build DaddyBoard (HeliBoard fork)	2026-09-30T16:05:38.0524969Z C/C++:       |        ^
build	Build DaddyBoard (HeliBoard fork)	2026-09-30T16:05:38.0556354Z C/C++: /home/runner/work/daddyboard/daddyboard/daddyboard-main/app/src/main/jni/src/dictionary/structure/pt_common/shortcut/shortcut_list_reading_utils.h:52:75: note: in implicit copy constructor for 'latinime::ReadOnlyByteArrayView' first required here
build	Build DaddyBoard (HeliBoard fork)	2026-09-30T16:05:38.0585240Z C/C++:    52 |         const int shortcutListSize = getShortcutListSizeAndForwardPointer(buffer, pos);
build	Build DaddyBoard (HeliBoard fork)	2026-09-30T16:05:38.0605280Z C/C++:       |                                                                           ^
build	Build DaddyBoard (HeliBoard fork)	2026-09-30T16:05:38.0639054Z C/C++: In file included from /home/runner/work/daddyboard/daddyboard/daddyboard-main/app/src/main/jni/src/dictionary/structure/v4/ver4_patricia_trie_writing_helper.cpp:24:
--
build	Build DaddyBoard (HeliBoard fork)	2026-09-30T16:05:38.0766530Z C/C++: /home/runner/work/daddyboard/daddyboard/daddyboard-main/app/src/main/jni/src/dictionary/property/historical_info.h:52:5: warning: definition of implicit copy constructor for 'HistoricalInfo' is deprecated because it has a user-declared copy assignment operator [-Wdeprecated-copy]
build	Build DaddyBoard (HeliBoard fork)	2026-09-30T16:05:38.0779213Z C/C++:    52 |     DISALLOW_ASSIGNMENT_OPERATOR(HistoricalInfo);
build	Build DaddyBoard (HeliBoard fork)	2026-09-30T16:05:38.0814916Z C/C++:       |     ^
build	Build DaddyBoard (HeliBoard fork)	2026-09-30T16:05:38.0845706Z C/C++: /home/runner/work/daddyboard/daddyboard/daddyboard-main/app/src/main/jni/src/defines.h:289:8: note: expanded from macro 'DISALLOW_ASSIGNMENT_OPERATOR'
build	Build DaddyBoard (HeliBoard fork)	2026-09-30T16:05:38.0880097Z C/C++:   289 |   void operator=(const TypeName&) = delete
build	Build DaddyBoard (HeliBoard fork)	2026-09-30T16:05:38.0904012Z C/C++:       |        ^
build	Build DaddyBoard (HeliBoard fork)	2026-09-30T16:05:38.0936093Z C/C++: /home/runner/work/daddyboard/daddyboard/daddyboard-main/app/src/main/jni/src/dictionary/property/ngram_property.h:33:42: note: in implicit copy constructor for 'latinime::HistoricalInfo' first required here
build	Build DaddyBoard (HeliBoard fork)	2026-09-30T16:05:38.0955460Z C/C++:    33 |               mProbability(probability), mHistoricalInfo(historicalInfo) {}
build	Build DaddyBoard (HeliBoard fork)	2026-09-30T16:05:38.0995004Z C/C++:       |                                          ^
build	Build DaddyBoard (HeliBoard fork)	2026-09-30T16:05:38.1335567Z C/C++: In file included from /home/runner/work/daddyboard/daddyboard/daddyboard-main/app/src/main/jni/src/dictionary/structure/v4/ver4_patricia_trie_writing_helper.cpp:24:
--
build	Build DaddyBoard (HeliBoard fork)	2026-09-30T16:05:38.1360584Z C/C++: /home/runner/work/daddyboard/daddyboard/daddyboard-main/app/src/main/jni/src/dictionary/utils/trie_map.h:129:9: warning: definition of implicit copy constructor for 'TrieMapIterator' is deprecated because it has a user-declared copy assignment operator [-Wdeprecated-copy]
build	Build DaddyBoard (HeliBoard fork)	2026-09-30T16:05:38.1362614Z C/C++:   129 |         DISALLOW_ASSIGNMENT_OPERATOR(TrieMapIterator);
build	Build DaddyBoard (HeliBoard fork)	2026-09-30T16:05:38.1363186Z C/C++:       |         ^
build	Build DaddyBoard (HeliBoard fork)	2026-09-30T16:05:38.1364261Z C/C++: /home/runner/work/daddyboard/daddyboard/daddyboard-main/app/src/main/jni/src/defines.h:289:8: note: expanded from macro 'DISALLOW_ASSIGNMENT_OPERATOR'
build	Build DaddyBoard (HeliBoard fork)	2026-09-30T16:05:38.1365708Z C/C++:   289 |   void operator=(const TypeName&) = delete
build	Build DaddyBoard (HeliBoard fork)	2026-09-30T16:05:38.1366224Z C/C++:       |        ^
build	Build DaddyBoard (HeliBoard fork)	2026-09-30T16:05:38.1367878Z C/C++: /home/runner/work/daddyboard/daddyboard/daddyboard-main/app/src/main/jni/src/dictionary/structure/v4/content/language_model_dict_content.h:67:19: note: in implicit copy constructor for 'latinime::TrieMap::TrieMapIterator' first required here
build	Build DaddyBoard (HeliBoard fork)	2026-09-30T16:05:38.1369868Z C/C++:    67 |                 : mTrieMapIterator(trieMapIterator), mHasHistoricalInfo(hasHistoricalInfo) {}
build	Build DaddyBoard (HeliBoard fork)	2026-09-30T16:05:38.1370625Z C/C++:       |                   ^
build	Build DaddyBoard (HeliBoard fork)	2026-09-30T16:05:38.1371828Z C/C++: In file included from /home/runner/work/daddyboard/daddyboard/daddyboard-main/app/src/main/jni/src/dictionary/structure/v4/ver4_patricia_trie_writing_helper.cpp:24:
--
build	Build DaddyBoard (HeliBoard fork)	2026-09-30T16:05:38.1378783Z C/C++: /home/runner/work/daddyboard/daddyboard/daddyboard-main/app/src/main/jni/src/dictionary/utils/trie_map.h:158:9: warning: definition of implicit copy constructor for 'TrieMapRange' is deprecated because it has a user-declared copy assignment operator [-Wdeprecated-copy]
build	Build DaddyBoard (HeliBoard fork)	2026-09-30T16:05:38.1384984Z C/C++:   158 |         DISALLOW_ASSIGNMENT_OPERATOR(TrieMapRange);
build	Build DaddyBoard (HeliBoard fork)	2026-09-30T16:05:38.1404948Z C/C++:       |         ^
build	Build DaddyBoard (HeliBoard fork)	2026-09-30T16:05:38.1406190Z C/C++: /home/runner/work/daddyboard/daddyboard/daddyboard-main/app/src/main/jni/src/defines.h:289:8: note: expanded from macro 'DISALLOW_ASSIGNMENT_OPERATOR'
build	Build DaddyBoard (HeliBoard fork)	2026-09-30T16:05:38.1407570Z C/C++:   289 |   void operator=(const TypeName&) = delete
build	Build DaddyBoard (HeliBoard fork)	2026-09-30T16:05:38.1408128Z C/C++:       |        ^
build	Build DaddyBoard (HeliBoard fork)	2026-09-30T16:05:38.1409898Z C/C++: /home/runner/work/daddyboard/daddyboard/daddyboard-main/app/src/main/jni/src/dictionary/structure/v4/content/language_model_dict_content.h:96:19: note: in implicit copy constructor for 'latinime::TrieMap::TrieMapRange' first required here
build	Build DaddyBoard (HeliBoard fork)	2026-09-30T16:05:38.1412084Z C/C++:    96 |                 : mTrieMapRange(trieMapRange), mHasHistoricalInfo(hasHistoricalInfo) {}
build	Build DaddyBoard (HeliBoard fork)	2026-09-30T16:05:38.1412882Z C/C++:       |                   ^
build	Build DaddyBoard (HeliBoard fork)	2026-09-30T16:05:38.1414197Z C/C++: In file included from /home/runner/work/daddyboard/daddyboard/daddyboard-main/app/src/main/jni/src/dictionary/structure/v4/ver4_patricia_trie_writing_helper.cpp:24:
--
build	Build DaddyBoard (HeliBoard fork)	2026-09-30T16:05:38.1422111Z C/C++: /home/runner/work/daddyboard/daddyboard/daddyboard-main/app/src/main/jni/src/dictionary/property/word_attributes.h:59:5: warning: definition of implicit copy constructor for 'WordAttributes' is deprecated because it has a user-declared copy assignment operator [-Wdeprecated-copy]
build	Build DaddyBoard (HeliBoard fork)	2026-09-30T16:05:38.1424631Z C/C++:    59 |     DISALLOW_ASSIGNMENT_OPERATOR(WordAttributes);
build	Build DaddyBoard (HeliBoard fork)	2026-09-30T16:05:38.1425274Z C/C++:       |     ^
build	Build DaddyBoard (HeliBoard fork)	2026-09-30T16:05:38.1426505Z C/C++: /home/runner/work/daddyboard/daddyboard/daddyboard-main/app/src/main/jni/src/defines.h:289:8: note: expanded from macro 'DISALLOW_ASSIGNMENT_OPERATOR'
build	Build DaddyBoard (HeliBoard fork)	2026-09-30T16:05:38.1455102Z C/C++:   289 |   void operator=(const TypeName&) = delete
build	Build DaddyBoard (HeliBoard fork)	2026-09-30T16:05:38.1474895Z C/C++:       |        ^
build	Build DaddyBoard (HeliBoard fork)	2026-09-30T16:05:38.1496266Z C/C++: /home/runner/work/daddyboard/daddyboard/daddyboard-main/app/src/main/jni/src/dictionary/structure/v4/content/language_model_dict_content.h:119:19: note: in implicit copy constructor for 'WordAttributes' first required here
build	Build DaddyBoard (HeliBoard fork)	2026-09-30T16:05:38.1505454Z C/C++:   119 |                   mWordAttributes(wordAttributes), mProbabilityEntry(probabilityEntry) {}
build	Build DaddyBoard (HeliBoard fork)	2026-09-30T16:05:38.1524905Z C/C++:       |                   ^
build	Build DaddyBoard (HeliBoard fork)	2026-09-30T16:05:38.2326801Z C/C++: In file included from /home/runner/work/daddyboard/daddyboard/daddyboard-main/app/src/main/jni/src/dictionary/structure/v4/ver4_patricia_trie_writing_helper.cpp:17:
--
build	Build DaddyBoard (HeliBoard fork)	2026-09-30T16:05:38.2341879Z C/C++: /home/runner/work/daddyboard/daddyboard/daddyboard-main/app/src/main/jni/src/utils/int_array_view.h:160:5: warning: definition of implicit copy constructor for 'IntArrayView' is deprecated because it has a user-declared copy assignment operator [-Wdeprecated-copy]
build	Build DaddyBoard (HeliBoard fork)	2026-09-30T16:05:38.2415170Z C/C++:   160 |     DISALLOW_ASSIGNMENT_OPERATOR(IntArrayView);
build	Build DaddyBoard (HeliBoard fork)	2026-09-30T16:05:38.2428545Z C/C++:       |     ^
build	Build DaddyBoard (HeliBoard fork)	2026-09-30T16:05:38.2475702Z C/C++: /home/runner/work/daddyboard/daddyboard/daddyboard-main/app/src/main/jni/src/defines.h:289:8: note: expanded from macro 'DISALLOW_ASSIGNMENT_OPERATOR'
build	Build DaddyBoard (HeliBoard fork)	2026-09-30T16:05:38.2485043Z C/C++:   289 |   void operator=(const TypeName&) = delete
build	Build DaddyBoard (HeliBoard fork)	2026-09-30T16:05:38.2485589Z C/C++:       |        ^
build	Build DaddyBoard (HeliBoard fork)	2026-09-30T16:05:38.2487074Z C/C++: /usr/local/lib/android/sdk/ndk/28.0.13004108/toolchains/llvm/prebuilt/linux-x86_64/sysroot/usr/include/c++/v1/__memory/allocator.h:173:24: note: in implicit copy constructor for 'latinime::IntArrayView' first required here
build	Build DaddyBoard (HeliBoard fork)	2026-09-30T16:05:38.2488886Z C/C++:   173 |     ::new ((void*)__p) _Up(std::forward<_Args>(__args)...);
build	Build DaddyBoard (HeliBoard fork)	2026-09-30T16:05:38.2489535Z C/C++:       |                        ^
build	Build DaddyBoard (HeliBoard fork)	2026-09-30T16:05:38.2491679Z C/C++: /usr/local/lib/android/sdk/ndk/28.0.13004108/toolchains/llvm/prebuilt/linux-x86_64/sysroot/usr/include/c++/v1/__memory/allocator_traits.h:320:9: note: in instantiation of function template specialization 'std::allocator<latinime::IntArrayView>::construct<latinime::IntArrayView, latinime::IntArrayView>' requested here
build	Build DaddyBoard (HeliBoard fork)	2026-09-30T16:05:38.2493868Z C/C++:   320 |     __a.construct(__p, std::forward<_Args>(__args)...);
build	Build DaddyBoard (HeliBoard fork)	2026-09-30T16:05:38.2495359Z C/C++:       |         ^
build	Build DaddyBoard (HeliBoard fork)	2026-09-30T16:05:38.2497833Z C/C++: /usr/local/lib/android/sdk/ndk/28.0.13004108/toolchains/llvm/prebuilt/linux-x86_64/sysroot/usr/include/c++/v1/__memory/uninitialized_algorithms.h:639:33: note: in instantiation of function template specialization 'std::allocator_traits<std::allocator<latinime::IntArrayView>>::construct<latinime::IntArrayView, latinime::IntArrayView, 0>' requested here
build	Build DaddyBoard (HeliBoard fork)	2026-09-30T16:05:38.2524785Z C/C++:   639 |       allocator_traits<_Alloc>::construct(__alloc, __result, std::move(*__iter));
build	Build DaddyBoard (HeliBoard fork)	2026-09-30T16:05:38.2555144Z C/C++:       |                                 ^
build	Build DaddyBoard (HeliBoard fork)	2026-09-30T16:05:38.2585751Z C/C++: /usr/local/lib/android/sdk/ndk/28.0.13004108/toolchains/llvm/prebuilt/linux-x86_64/sysroot/usr/include/c++/v1/vector:1511:3: note: in instantiation of member function 'std::vector<latinime::IntArrayView>::__swap_out_circular_buffer' requested here
build	Build DaddyBoard (HeliBoard fork)	2026-09-30T16:05:38.2609584Z C/C++:  1511 |   __swap_out_circular_buffer(__v);
build	Build DaddyBoard (HeliBoard fork)	2026-09-30T16:05:38.2625067Z C/C++:       |   ^
build	Build DaddyBoard (HeliBoard fork)	2026-09-30T16:05:38.2656730Z C/C++: /usr/local/lib/android/sdk/ndk/28.0.13004108/toolchains/llvm/prebuilt/linux-x86_64/sysroot/usr/include/c++/v1/vector:1529:13: note: in instantiation of function template specialization 'std::vector<latinime::IntArrayView>::__emplace_back_slow_path<const int *const &, const unsigned long &>' requested here
build	Build DaddyBoard (HeliBoard fork)	2026-09-30T16:05:38.2675186Z C/C++:  1529 |     __end = __emplace_back_slow_path(std::forward<_Args>(__args)...);
build	Build DaddyBoard (HeliBoard fork)	2026-09-30T16:05:38.2704916Z C/C++:       |             ^
build	Build DaddyBoard (HeliBoard fork)	2026-09-30T16:05:38.2731133Z C/C++: /home/runner/work/daddyboard/daddyboard/daddyboard-main/app/src/main/jni/src/utils/int_array_view.h:142:20: note: in instantiation of function template specialization 'std::vector<latinime::IntArrayView>::emplace_back<const int *const &, const unsigned long &>' requested here
build	Build DaddyBoard (HeliBoard fork)	2026-09-30T16:05:38.2755004Z C/C++:   142 |             result.emplace_back(mPtr, mSize);
build	Build DaddyBoard (HeliBoard fork)	2026-09-30T16:05:38.2755612Z C/C++:       |                    ^
build	Build DaddyBoard (HeliBoard fork)	2026-09-30T16:05:38.4359293Z C/C++: 7 warnings generated.
--
build	Build DaddyBoard (HeliBoard fork)	2026-09-30T16:05:40.7403450Z C/C++: /home/runner/work/daddyboard/daddyboard/daddyboard-main/app/src/main/jni/src/dictionary/property/historical_info.h:52:5: warning: definition of implicit copy constructor for 'HistoricalInfo' is deprecated because it has a user-declared copy assignment operator [-Wdeprecated-copy]
build	Build DaddyBoard (HeliBoard fork)	2026-09-30T16:05:40.7406083Z C/C++:    52 |     DISALLOW_ASSIGNMENT_OPERATOR(HistoricalInfo);
build	Build DaddyBoard (HeliBoard fork)	2026-09-30T16:05:40.7406746Z C/C++:       |     ^
build	Build DaddyBoard (HeliBoard fork)	2026-09-30T16:05:40.7407985Z C/C++: /home/runner/work/daddyboard/daddyboard/daddyboard-main/app/src/main/jni/src/defines.h:289:8: note: expanded from macro 'DISALLOW_ASSIGNMENT_OPERATOR'
build	Build DaddyBoard (HeliBoard fork)	2026-09-30T16:05:40.7409403Z C/C++:   289 |   void operator=(const TypeName&) = delete
build	Build DaddyBoard (HeliBoard fork)	2026-09-30T16:05:40.7410013Z C/C++:       |        ^
build	Build DaddyBoard (HeliBoard fork)	2026-09-30T16:05:40.7411679Z C/C++: /home/runner/work/daddyboard/daddyboard/daddyboard-main/app/src/main/jni/src/dictionary/property/ngram_property.h:33:42: note: in implicit copy constructor for 'latinime::HistoricalInfo' first required here
build	Build DaddyBoard (HeliBoard fork)	2026-09-30T16:05:40.7413637Z C/C++:    33 |               mProbability(probability), mHistoricalInfo(historicalInfo) {}
build	Build DaddyBoard (HeliBoard fork)	2026-09-30T16:05:40.7414787Z C/C++:       |                                          ^
build	Build DaddyBoard (HeliBoard fork)	2026-09-30T16:05:40.7416249Z C/C++: In file included from /home/runner/work/daddyboard/daddyboard/daddyboard-main/app/src/main/jni/src/dictionary/structure/v4/content/language_model_dict_content.cpp:17:
--
build	Build DaddyBoard (HeliBoard fork)	2026-09-30T16:05:40.7421873Z C/C++: /home/runner/work/daddyboard/daddyboard/daddyboard-main/app/src/main/jni/src/dictionary/utils/trie_map.h:129:9: warning: definition of implicit copy constructor for 'TrieMapIterator' is deprecated because it has a user-declared copy assignment operator [-Wdeprecated-copy]
build	Build DaddyBoard (HeliBoard fork)	2026-09-30T16:05:40.7424178Z C/C++:   129 |         DISALLOW_ASSIGNMENT_OPERATOR(TrieMapIterator);
build	Build DaddyBoard (HeliBoard fork)	2026-09-30T16:05:40.7455186Z C/C++:       |         ^
build	Build DaddyBoard (HeliBoard fork)	2026-09-30T16:05:40.7456470Z C/C++: /home/runner/work/daddyboard/daddyboard/daddyboard-main/app/src/main/jni/src/defines.h:289:8: note: expanded from macro 'DISALLOW_ASSIGNMENT_OPERATOR'
build	Build DaddyBoard (HeliBoard fork)	2026-09-30T16:05:40.7457915Z C/C++:   289 |   void operator=(const TypeName&) = delete
build	Build DaddyBoard (HeliBoard fork)	2026-09-30T16:05:40.7458500Z C/C++:       |        ^
build	Build DaddyBoard (HeliBoard fork)	2026-09-30T16:05:40.7460327Z C/C++: /home/runner/work/daddyboard/daddyboard/daddyboard-main/app/src/main/jni/src/dictionary/structure/v4/content/language_model_dict_content.h:67:19: note: in implicit copy constructor for 'latinime::TrieMap::TrieMapIterator' first required here
build	Build DaddyBoard (HeliBoard fork)	2026-09-30T16:05:40.7462616Z C/C++:    67 |                 : mTrieMapIterator(trieMapIterator), mHasHistoricalInfo(hasHistoricalInfo) {}
build	Build DaddyBoard (HeliBoard fork)	2026-09-30T16:05:40.7463527Z C/C++:       |                   ^
build	Build DaddyBoard (HeliBoard fork)	2026-09-30T16:05:40.7465188Z C/C++: In file included from /home/runner/work/daddyboard/daddyboard/daddyboard-main/app/src/main/jni/src/dictionary/structure/v4/content/language_model_dict_content.cpp:17:
--
build	Build DaddyBoard (HeliBoard fork)	2026-09-30T16:05:40.7470618Z C/C++: /home/runner/work/daddyboard/daddyboard/daddyboard-main/app/src/main/jni/src/dictionary/utils/trie_map.h:158:9: warning: definition of implicit copy constructor for 'TrieMapRange' is deprecated because it has a user-declared copy assignment operator [-Wdeprecated-copy]
build	Build DaddyBoard (HeliBoard fork)	2026-09-30T16:05:40.7472893Z C/C++:   158 |         DISALLOW_ASSIGNMENT_OPERATOR(TrieMapRange);
build	Build DaddyBoard (HeliBoard fork)	2026-09-30T16:05:40.7473515Z C/C++:       |         ^
build	Build DaddyBoard (HeliBoard fork)	2026-09-30T16:05:40.7476642Z C/C++: /home/runner/work/daddyboard/daddyboard/daddyboard-main/app/src/main/jni/src/defines.h:289:8: note: expanded from macro 'DISALLOW_ASSIGNMENT_OPERATOR'
build	Build DaddyBoard (HeliBoard fork)	2026-09-30T16:05:40.7478099Z C/C++:   289 |   void operator=(const TypeName&) = delete
build	Build DaddyBoard (HeliBoard fork)	2026-09-30T16:05:40.7512060Z C/C++:       |        ^
build	Build DaddyBoard (HeliBoard fork)	2026-09-30T16:05:40.7513871Z C/C++: /home/runner/work/daddyboard/daddyboard/daddyboard-main/app/src/main/jni/src/dictionary/structure/v4/content/language_model_dict_content.h:96:19: note: in implicit copy constructor for 'latinime::TrieMap::TrieMapRange' first required here
build	Build DaddyBoard (HeliBoard fork)	2026-09-30T16:05:40.7516275Z C/C++:    96 |                 : mTrieMapRange(trieMapRange), mHasHistoricalInfo(hasHistoricalInfo) {}
build	Build DaddyBoard (HeliBoard fork)	2026-09-30T16:05:40.7516961Z C/C++:       |                   ^
build	Build DaddyBoard (HeliBoard fork)	2026-09-30T16:05:40.7518027Z C/C++: In file included from /home/runner/work/daddyboard/daddyboard/daddyboard-main/app/src/main/jni/src/dictionary/structure/v4/content/language_model_dict_content.cpp:17:
--
build	Build DaddyBoard (HeliBoard fork)	2026-09-30T16:05:40.7523056Z C/C++: /home/runner/work/daddyboard/daddyboard/daddyboard-main/app/src/main/jni/src/dictionary/property/word_attributes.h:59:5: warning: definition of implicit copy constructor for 'WordAttributes' is deprecated because it has a user-declared copy assignment operator [-Wdeprecated-copy]
build	Build DaddyBoard (HeliBoard fork)	2026-09-30T16:05:40.7525667Z C/C++:    59 |     DISALLOW_ASSIGNMENT_OPERATOR(WordAttributes);
build	Build DaddyBoard (HeliBoard fork)	2026-09-30T16:05:40.7526318Z C/C++:       |     ^
build	Build DaddyBoard (HeliBoard fork)	2026-09-30T16:05:40.7527501Z C/C++: /home/runner/work/daddyboard/daddyboard/daddyboard-main/app/src/main/jni/src/defines.h:289:8: note: expanded from macro 'DISALLOW_ASSIGNMENT_OPERATOR'
build	Build DaddyBoard (HeliBoard fork)	2026-09-30T16:05:40.7529293Z C/C++:   289 |   void operator=(const TypeName&) = delete
build	Build DaddyBoard (HeliBoard fork)	2026-09-30T16:05:40.7529876Z C/C++:       |        ^
build	Build DaddyBoard (HeliBoard fork)	2026-09-30T16:05:40.7531576Z C/C++: /home/runner/work/daddyboard/daddyboard/daddyboard-main/app/src/main/jni/src/dictionary/structure/v4/content/language_model_dict_content.h:119:19: note: in implicit copy constructor for 'WordAttributes' first required here
build	Build DaddyBoard (HeliBoard fork)	2026-09-30T16:05:40.7533758Z C/C++:   119 |                   mWordAttributes(wordAttributes), mProbabilityEntry(probabilityEntry) {}
build	Build DaddyBoard (HeliBoard fork)	2026-09-30T16:05:40.7585047Z C/C++:       |                   ^
build	Build DaddyBoard (HeliBoard fork)	2026-09-30T16:05:40.7586485Z C/C++: In file included from /home/runner/work/daddyboard/daddyboard/daddyboard-main/app/src/main/jni/src/dictionary/structure/v4/content/language_model_dict_content.cpp:17:
--
build	Build DaddyBoard (HeliBoard fork)	2026-09-30T16:05:40.7598007Z C/C++: /home/runner/work/daddyboard/daddyboard/daddyboard-main/app/src/main/jni/src/utils/int_array_view.h:160:5: warning: definition of implicit copy constructor for 'IntArrayView' is deprecated because it has a user-declared copy assignment operator [-Wdeprecated-copy]
build	Build DaddyBoard (HeliBoard fork)	2026-09-30T16:05:40.7600201Z C/C++:   160 |     DISALLOW_ASSIGNMENT_OPERATOR(IntArrayView);
build	Build DaddyBoard (HeliBoard fork)	2026-09-30T16:05:40.7600837Z C/C++:       |     ^
build	Build DaddyBoard (HeliBoard fork)	2026-09-30T16:05:40.7602010Z C/C++: /home/runner/work/daddyboard/daddyboard/daddyboard-main/app/src/main/jni/src/defines.h:289:8: note: expanded from macro 'DISALLOW_ASSIGNMENT_OPERATOR'
build	Build DaddyBoard (HeliBoard fork)	2026-09-30T16:05:40.7603404Z C/C++:   289 |   void operator=(const TypeName&) = delete
build	Build DaddyBoard (HeliBoard fork)	2026-09-30T16:05:40.7604611Z C/C++:       |        ^
build	Build DaddyBoard (HeliBoard fork)	2026-09-30T16:05:40.7606183Z C/C++: /home/runner/work/daddyboard/daddyboard/daddyboard-main/app/src/main/jni/src/dictionary/structure/v4/content/language_model_dict_content.cpp:119:54: note: in implicit copy constructor for 'latinime::IntArrayView' first required here
build	Build DaddyBoard (HeliBoard fork)	2026-09-30T16:05:40.7607883Z C/C++:   119 |     const int bitmapEntryIndex = getBitmapEntryIndex(prevWordIds);
build	Build DaddyBoard (HeliBoard fork)	2026-09-30T16:05:40.7608511Z C/C++:       |                                                      ^
build	Build DaddyBoard (HeliBoard fork)	2026-09-30T16:05:40.9328609Z C/C++: In file included from /home/runner/work/daddyboard/daddyboard/daddyboard-main/app/src/main/jni/src/dictionary/structure/v4/content/language_model_dict_content.cpp:17:
build	Build DaddyBoard (HeliBoard fork)	2026-09-30T16:05:40.9363444Z C/C++: /home/runner/work/daddyboard/daddyboard/daddyboard-main/app/src/main/jni/src/dictionary/structure/v4/content/language_model_dict_content.h:127:9: warning: definition of implicit copy constructor for 'DumppedFullEntryInfo' is deprecated because it has a user-declared copy assignment operator [-Wdeprecated-copy]
build	Build DaddyBoard (HeliBoard fork)	2026-09-30T16:05:40.9395373Z C/C++:   127 |         DISALLOW_ASSIGNMENT_OPERATOR(DumppedFullEntryInfo);
build	Build DaddyBoard (HeliBoard fork)	2026-09-30T16:05:40.9445086Z C/C++:       |         ^
build	Build DaddyBoard (HeliBoard fork)	2026-09-30T16:05:40.9455659Z C/C++: /home/runner/work/daddyboard/daddyboard/daddyboard-main/app/src/main/jni/src/defines.h:289:8: note: expanded from macro 'DISALLOW_ASSIGNMENT_OPERATOR'
build	Build DaddyBoard (HeliBoard fork)	2026-09-30T16:05:40.9532634Z C/C++:   289 |   void operator=(const TypeName&) = delete
build	Build DaddyBoard (HeliBoard fork)	2026-09-30T16:05:40.9595071Z C/C++:       |        ^
build	Build DaddyBoard (HeliBoard fork)	2026-09-30T16:05:40.9656413Z C/C++: /usr/local/lib/android/sdk/ndk/28.0.13004108/toolchains/llvm/prebuilt/linux-x86_64/sysroot/usr/include/c++/v1/__memory/allocator.h:173:24: note: in implicit copy constructor for 'latinime::LanguageModelDictContent::DumppedFullEntryInfo' first required here
build	Build DaddyBoard (HeliBoard fork)	2026-09-30T16:05:40.9705127Z C/C++:   173 |     ::new ((void*)__p) _Up(std::forward<_Args>(__args)...);
build	Build DaddyBoard (HeliBoard fork)	2026-09-30T16:05:40.9775011Z C/C++:       |                        ^
build	Build DaddyBoard (HeliBoard fork)	2026-09-30T16:05:40.9807458Z C/C++: /usr/local/lib/android/sdk/ndk/28.0.13004108/toolchains/llvm/prebuilt/linux-x86_64/sysroot/usr/include/c++/v1/__memory/allocator_traits.h:320:9: note: in instantiation of function template specialization 'std::allocator<latinime::LanguageModelDictContent::DumppedFullEntryInfo>::construct<latinime::LanguageModelDictContent::DumppedFullEntryInfo, latinime::LanguageModelDictContent::DumppedFullEntryInfo>' requested here
build	Build DaddyBoard (HeliBoard fork)	2026-09-30T16:05:40.9835218Z C/C++:   320 |     __a.construct(__p, std::forward<_Args>(__args)...);
build	Build DaddyBoard (HeliBoard fork)	2026-09-30T16:05:40.9864881Z C/C++:       |         ^
build	Build DaddyBoard (HeliBoard fork)	2026-09-30T16:05:40.9897585Z C/C++: /usr/local/lib/android/sdk/ndk/28.0.13004108/toolchains/llvm/prebuilt/linux-x86_64/sysroot/usr/include/c++/v1/__memory/uninitialized_algorithms.h:639:33: note: in instantiation of function template specialization 'std::allocator_traits<std::allocator<latinime::LanguageModelDictContent::DumppedFullEntryInfo>>::construct<latinime::LanguageModelDictContent::DumppedFullEntryInfo, latinime::LanguageModelDictContent::DumppedFullEntryInfo, 0>' requested here
build	Build DaddyBoard (HeliBoard fork)	2026-09-30T16:05:40.9936620Z C/C++:   639 |       allocator_traits<_Alloc>::construct(__alloc, __result, std::move(*__iter));
build	Build DaddyBoard (HeliBoard fork)	2026-09-30T16:05:40.9984922Z C/C++:       |                                 ^
build	Build DaddyBoard (HeliBoard fork)	2026-09-30T16:05:40.9987088Z C/C++: /usr/local/lib/android/sdk/ndk/28.0.13004108/toolchains/llvm/prebuilt/linux-x86_64/sysroot/usr/include/c++/v1/vector:1511:3: note: in instantiation of member function 'std::vector<latinime::LanguageModelDictContent::DumppedFullEntryInfo>::__swap_out_circular_buffer' requested here
build	Build DaddyBoard (HeliBoard fork)	2026-09-30T16:05:41.0015015Z C/C++:  1511 |   __swap_out_circular_buffer(__v);
build	Build DaddyBoard (HeliBoard fork)	2026-09-30T16:05:41.0067154Z C/C++:       |   ^
build	Build DaddyBoard (HeliBoard fork)	2026-09-30T16:05:41.0097348Z C/C++: /usr/local/lib/android/sdk/ndk/28.0.13004108/toolchains/llvm/prebuilt/linux-x86_64/sysroot/usr/include/c++/v1/vector:1529:13: note: in instantiation of function template specialization 'std::vector<latinime::LanguageModelDictContent::DumppedFullEntryInfo>::__emplace_back_slow_path<std::vector<int> &, const int &, const WordAttributes &, const latinime::ProbabilityEntry &>' requested here
build	Build DaddyBoard (HeliBoard fork)	2026-09-30T16:05:41.0125146Z C/C++:  1529 |     __end = __emplace_back_slow_path(std::forward<_Args>(__args)...);
build	Build DaddyBoard (HeliBoard fork)	2026-09-30T16:05:41.0154890Z C/C++:       |             ^
build	Build DaddyBoard (HeliBoard fork)	2026-09-30T16:05:41.0187262Z C/C++: /home/runner/work/daddyboard/daddyboard/daddyboard-main/app/src/main/jni/src/dictionary/structure/v4/content/language_model_dict_content.cpp:186:38: note: in instantiation of function template specialization 'std::vector<latinime::LanguageModelDictContent::DumppedFullEntryInfo>::emplace_back<std::vector<int> &, const int &, const WordAttributes &, const latinime::ProbabilityEntry &>' requested here
build	Build DaddyBoard (HeliBoard fork)	2026-09-30T16:05:41.0215295Z C/C++:   186 |             outBummpedFullEntryInfo->emplace_back(*prevWordIds, wordId,
build	Build DaddyBoard (HeliBoard fork)	2026-09-30T16:05:41.0238877Z C/C++:       |                                      ^
build	Build DaddyBoard (HeliBoard fork)	2026-09-30T16:05:41.3335548Z C/C++: 6 warnings generated.
--
build	Build DaddyBoard (HeliBoard fork)	2026-09-30T16:06:15.3458501Z C/C++: /home/runner/work/daddyboard/daddyboard/daddyboard-main/app/src/main/jni/src/dictionary/utils/entry_counters.h:44:5: warning: definition of implicit copy constructor for 'EntryCounts' is deprecated because it has a user-declared copy assignment operator [-Wdeprecated-copy]
build	Build DaddyBoard (HeliBoard fork)	2026-09-30T16:06:15.3460744Z C/C++:    44 |     DISALLOW_ASSIGNMENT_OPERATOR(EntryCounts);
build	Build DaddyBoard (HeliBoard fork)	2026-09-30T16:06:15.3461343Z C/C++:       |     ^
build	Build DaddyBoard (HeliBoard fork)	2026-09-30T16:06:15.3462494Z C/C++: /home/runner/work/daddyboard/daddyboard/daddyboard-main/app/src/main/jni/src/defines.h:289:8: note: expanded from macro 'DISALLOW_ASSIGNMENT_OPERATOR'
build	Build DaddyBoard (HeliBoard fork)	2026-09-30T16:06:15.3463869Z C/C++:   289 |   void operator=(const TypeName&) = delete
build	Build DaddyBoard (HeliBoard fork)	2026-09-30T16:06:15.3464671Z C/C++:       |        ^
build	Build DaddyBoard (HeliBoard fork)	2026-09-30T16:06:15.3466202Z C/C++: /home/runner/work/daddyboard/daddyboard/daddyboard-main/app/src/main/jni/src/dictionary/header/header_policy.h:92:15: note: in implicit copy constructor for 'latinime::EntryCounts' first required here
build	Build DaddyBoard (HeliBoard fork)	2026-09-30T16:06:15.3467964Z C/C++:    92 |               mNgramCounts(headerPolicy->mNgramCounts),
build	Build DaddyBoard (HeliBoard fork)	2026-09-30T16:06:15.3468594Z C/C++:       |               ^
build	Build DaddyBoard (HeliBoard fork)	2026-09-30T16:06:15.3469796Z C/C++: In file included from /home/runner/work/daddyboard/daddyboard/daddyboard-main/app/src/main/jni/src/dictionary/utils/dict_file_writing_utils.cpp:26:
--
build	Build DaddyBoard (HeliBoard fork)	2026-09-30T16:06:15.3556525Z C/C++: /home/runner/work/daddyboard/daddyboard/daddyboard-main/app/src/main/jni/src/dictionary/property/historical_info.h:52:5: warning: definition of implicit copy constructor for 'HistoricalInfo' is deprecated because it has a user-declared copy assignment operator [-Wdeprecated-copy]
build	Build DaddyBoard (HeliBoard fork)	2026-09-30T16:06:15.3585044Z C/C++:    52 |     DISALLOW_ASSIGNMENT_OPERATOR(HistoricalInfo);
build	Build DaddyBoard (HeliBoard fork)	2026-09-30T16:06:15.3585804Z C/C++:       |     ^
build	Build DaddyBoard (HeliBoard fork)	2026-09-30T16:06:15.3615918Z C/C++: /home/runner/work/daddyboard/daddyboard/daddyboard-main/app/src/main/jni/src/defines.h:289:8: note: expanded from macro 'DISALLOW_ASSIGNMENT_OPERATOR'
build	Build DaddyBoard (HeliBoard fork)	2026-09-30T16:06:15.3644977Z C/C++:   289 |   void operator=(const TypeName&) = delete
build	Build DaddyBoard (HeliBoard fork)	2026-09-30T16:06:15.3659730Z C/C++:       |        ^
build	Build DaddyBoard (HeliBoard fork)	2026-09-30T16:06:15.3706186Z C/C++: /home/runner/work/daddyboard/daddyboard/daddyboard-main/app/src/main/jni/src/dictionary/structure/backward/v402/content/bigram_entry.h:49:61: note: in implicit copy constructor for 'latinime::HistoricalInfo' first required here
build	Build DaddyBoard (HeliBoard fork)	2026-09-30T16:06:15.3727360Z C/C++:    49 |             : mHasNext(hasNext), mProbability(probability), mHistoricalInfo(*historicalInfo),
build	Build DaddyBoard (HeliBoard fork)	2026-09-30T16:06:15.3765125Z C/C++:       |                                                             ^
build	Build DaddyBoard (HeliBoard fork)	2026-09-30T16:06:15.3766527Z C/C++: In file included from /home/runner/work/daddyboard/daddyboard/daddyboard-main/app/src/main/jni/src/dictionary/utils/dict_file_writing_utils.cpp:28:
--
build	Build DaddyBoard (HeliBoard fork)	2026-09-30T16:06:15.3856489Z C/C++: /home/runner/work/daddyboard/daddyboard/daddyboard-main/app/src/main/jni/src/dictionary/utils/trie_map.h:129:9: warning: definition of implicit copy constructor for 'TrieMapIterator' is deprecated because it has a user-declared copy assignment operator [-Wdeprecated-copy]
build	Build DaddyBoard (HeliBoard fork)	2026-09-30T16:06:15.3885014Z C/C++:   129 |         DISALLOW_ASSIGNMENT_OPERATOR(TrieMapIterator);
build	Build DaddyBoard (HeliBoard fork)	2026-09-30T16:06:15.3914919Z C/C++:       |         ^
build	Build DaddyBoard (HeliBoard fork)	2026-09-30T16:06:15.3936066Z C/C++: /home/runner/work/daddyboard/daddyboard/daddyboard-main/app/src/main/jni/src/defines.h:289:8: note: expanded from macro 'DISALLOW_ASSIGNMENT_OPERATOR'
build	Build DaddyBoard (HeliBoard fork)	2026-09-30T16:06:15.3965154Z C/C++:   289 |   void operator=(const TypeName&) = delete
build	Build DaddyBoard (HeliBoard fork)	2026-09-30T16:06:15.4004934Z C/C++:       |        ^
build	Build DaddyBoard (HeliBoard fork)	2026-09-30T16:06:15.4031290Z C/C++: /home/runner/work/daddyboard/daddyboard/daddyboard-main/app/src/main/jni/src/dictionary/structure/v4/content/language_model_dict_content.h:67:19: note: in implicit copy constructor for 'latinime::TrieMap::TrieMapIterator' first required here
build	Build DaddyBoard (HeliBoard fork)	2026-09-30T16:06:15.4055393Z C/C++:    67 |                 : mTrieMapIterator(trieMapIterator), mHasHistoricalInfo(hasHistoricalInfo) {}
build	Build DaddyBoard (HeliBoard fork)	2026-09-30T16:06:15.4075192Z C/C++:       |                   ^
build	Build DaddyBoard (HeliBoard fork)	2026-09-30T16:06:15.4096070Z C/C++: In file included from /home/runner/work/daddyboard/daddyboard/daddyboard-main/app/src/main/jni/src/dictionary/utils/dict_file_writing_utils.cpp:28:
--
build	Build DaddyBoard (HeliBoard fork)	2026-09-30T16:06:15.4102992Z C/C++: /home/runner/work/daddyboard/daddyboard/daddyboard-main/app/src/main/jni/src/dictionary/utils/trie_map.h:158:9: warning: definition of implicit copy constructor for 'TrieMapRange' is deprecated because it has a user-declared copy assignment operator [-Wdeprecated-copy]
build	Build DaddyBoard (HeliBoard fork)	2026-09-30T16:06:15.4105374Z C/C++:   158 |         DISALLOW_ASSIGNMENT_OPERATOR(TrieMapRange);
build	Build DaddyBoard (HeliBoard fork)	2026-09-30T16:06:15.4105965Z C/C++:       |         ^
build	Build DaddyBoard (HeliBoard fork)	2026-09-30T16:06:15.4107120Z C/C++: /home/runner/work/daddyboard/daddyboard/daddyboard-main/app/src/main/jni/src/defines.h:289:8: note: expanded from macro 'DISALLOW_ASSIGNMENT_OPERATOR'
build	Build DaddyBoard (HeliBoard fork)	2026-09-30T16:06:15.4108848Z C/C++:   289 |   void operator=(const TypeName&) = delete
build	Build DaddyBoard (HeliBoard fork)	2026-09-30T16:06:15.4109385Z C/C++:       |        ^
build	Build DaddyBoard (HeliBoard fork)	2026-09-30T16:06:15.4111102Z C/C++: /home/runner/work/daddyboard/daddyboard/daddyboard-main/app/src/main/jni/src/dictionary/structure/v4/content/language_model_dict_content.h:96:19: note: in implicit copy constructor for 'latinime::TrieMap::TrieMapRange' first required here
build	Build DaddyBoard (HeliBoard fork)	2026-09-30T16:06:15.4113208Z C/C++:    96 |                 : mTrieMapRange(trieMapRange), mHasHistoricalInfo(hasHistoricalInfo) {}
build	Build DaddyBoard (HeliBoard fork)	2026-09-30T16:06:15.4113986Z C/C++:       |                   ^
build	Build DaddyBoard (HeliBoard fork)	2026-09-30T16:06:15.4115398Z C/C++: In file included from /home/runner/work/daddyboard/daddyboard/daddyboard-main/app/src/main/jni/src/dictionary/utils/dict_file_writing_utils.cpp:28:
--
build	Build DaddyBoard (HeliBoard fork)	2026-09-30T16:06:15.4122351Z C/C++: /home/runner/work/daddyboard/daddyboard/daddyboard-main/app/src/main/jni/src/dictionary/property/word_attributes.h:59:5: warning: definition of implicit copy constructor for 'WordAttributes' is deprecated because it has a user-declared copy assignment operator [-Wdeprecated-copy]
build	Build DaddyBoard (HeliBoard fork)	2026-09-30T16:06:15.4155387Z C/C++:    59 |     DISALLOW_ASSIGNMENT_OPERATOR(WordAttributes);
build	Build DaddyBoard (HeliBoard fork)	2026-09-30T16:06:15.4156045Z C/C++:       |     ^
build	Build DaddyBoard (HeliBoard fork)	2026-09-30T16:06:15.4157537Z C/C++: /home/runner/work/daddyboard/daddyboard/daddyboard-main/app/src/main/jni/src/defines.h:289:8: note: expanded from macro 'DISALLOW_ASSIGNMENT_OPERATOR'
build	Build DaddyBoard (HeliBoard fork)	2026-09-30T16:06:15.4158880Z C/C++:   289 |   void operator=(const TypeName&) = delete
build	Build DaddyBoard (HeliBoard fork)	2026-09-30T16:06:15.4159450Z C/C++:       |        ^
build	Build DaddyBoard (HeliBoard fork)	2026-09-30T16:06:15.4169577Z C/C++: /home/runner/work/daddyboard/daddyboard/daddyboard-main/app/src/main/jni/src/dictionary/structure/v4/content/language_model_dict_content.h:119:19: note: in implicit copy constructor for 'WordAttributes' first required here
build	Build DaddyBoard (HeliBoard fork)	2026-09-30T16:06:15.4171635Z C/C++:   119 |                   mWordAttributes(wordAttributes), mProbabilityEntry(probabilityEntry) {}
build	Build DaddyBoard (HeliBoard fork)	2026-09-30T16:06:15.4172464Z C/C++:       |                   ^
build	Build DaddyBoard (HeliBoard fork)	2026-09-30T16:06:15.4174094Z C/C++: /home/runner/work/daddyboard/daddyboard/daddyboard-main/app/src/main/jni/src/dictionary/utils/dict_file_writing_utils.cpp:85:19: warning: variable length arrays in C++ are a Clang extension [-Wvla-cxx-extension]
build	Build DaddyBoard (HeliBoard fork)	2026-09-30T16:06:15.4176104Z C/C++:    85 |     char filePath[filePathBufSize];
build	Build DaddyBoard (HeliBoard fork)	2026-09-30T16:06:15.4176672Z C/C++:       |                   ^~~~~~~~~~~~~~~
build	Build DaddyBoard (HeliBoard fork)	2026-09-30T16:06:15.4178221Z C/C++: /home/runner/work/daddyboard/daddyboard/daddyboard-main/app/src/main/jni/src/dictionary/utils/dict_file_writing_utils.cpp:85:19: note: initializer of 'filePathBufSize' is not a constant expression
build	Build DaddyBoard (HeliBoard fork)	2026-09-30T16:06:15.4180589Z C/C++: /home/runner/work/daddyboard/daddyboard/daddyboard-main/app/src/main/jni/src/dictionary/utils/dict_file_writing_utils.cpp:84:15: note: declared here
build	Build DaddyBoard (HeliBoard fork)	2026-09-30T16:06:15.4182260Z C/C++:    84 |     const int filePathBufSize = FileUtils::getFilePathWithSuffixBufSize(basePath, suffix);
build	Build DaddyBoard (HeliBoard fork)	2026-09-30T16:06:15.4183158Z C/C++:       |               ^
build	Build DaddyBoard (HeliBoard fork)	2026-09-30T16:06:15.4184349Z C/C++: In file included from /home/runner/work/daddyboard/daddyboard/daddyboard-main/app/src/main/jni/src/dictionary/utils/dict_file_writing_utils.cpp:28:
--
build	Build DaddyBoard (HeliBoard fork)	2026-09-30T16:06:15.4212923Z C/C++: /home/runner/work/daddyboard/daddyboard/daddyboard-main/app/src/main/jni/src/utils/int_array_view.h:160:5: warning: definition of implicit copy constructor for 'IntArrayView' is deprecated because it has a user-declared copy assignment operator [-Wdeprecated-copy]
build	Build DaddyBoard (HeliBoard fork)	2026-09-30T16:06:15.4215225Z C/C++:   160 |     DISALLOW_ASSIGNMENT_OPERATOR(IntArrayView);
build	Build DaddyBoard (HeliBoard fork)	2026-09-30T16:06:15.4215793Z C/C++:       |     ^
build	Build DaddyBoard (HeliBoard fork)	2026-09-30T16:06:15.4216952Z C/C++: /home/runner/work/daddyboard/daddyboard/daddyboard-main/app/src/main/jni/src/defines.h:289:8: note: expanded from macro 'DISALLOW_ASSIGNMENT_OPERATOR'
build	Build DaddyBoard (HeliBoard fork)	2026-09-30T16:06:15.4218233Z C/C++:   289 |   void operator=(const TypeName&) = delete
build	Build DaddyBoard (HeliBoard fork)	2026-09-30T16:06:15.4218766Z C/C++:       |        ^
build	Build DaddyBoard (HeliBoard fork)	2026-09-30T16:06:15.4220314Z C/C++: /usr/local/lib/android/sdk/ndk/28.0.13004108/toolchains/llvm/prebuilt/linux-x86_64/sysroot/usr/include/c++/v1/__memory/allocator.h:173:24: note: in implicit copy constructor for 'latinime::IntArrayView' first required here
build	Build DaddyBoard (HeliBoard fork)	2026-09-30T16:06:15.4222120Z C/C++:   173 |     ::new ((void*)__p) _Up(std::forward<_Args>(__args)...);
build	Build DaddyBoard (HeliBoard fork)	2026-09-30T16:06:15.4222754Z C/C++:       |                        ^
build	Build DaddyBoard (HeliBoard fork)	2026-09-30T16:06:15.4255792Z C/C++: /usr/local/lib/android/sdk/ndk/28.0.13004108/toolchains/llvm/prebuilt/linux-x86_64/sysroot/usr/include/c++/v1/__memory/allocator_traits.h:320:9: note: in instantiation of function template specialization 'std::allocator<latinime::IntArrayView>::construct<latinime::IntArrayView, latinime::IntArrayView>' requested here
build	Build DaddyBoard (HeliBoard fork)	2026-09-30T16:06:15.4258240Z C/C++:   320 |     __a.construct(__p, std::forward<_Args>(__args)...);
build	Build DaddyBoard (HeliBoard fork)	2026-09-30T16:06:15.4258864Z C/C++:       |         ^
build	Build DaddyBoard (HeliBoard fork)	2026-09-30T16:06:15.4261294Z C/C++: /usr/local/lib/android/sdk/ndk/28.0.13004108/toolchains/llvm/prebuilt/linux-x86_64/sysroot/usr/include/c++/v1/__memory/uninitialized_algorithms.h:639:33: note: in instantiation of function template specialization 'std::allocator_traits<std::allocator<latinime::IntArrayView>>::construct<latinime::IntArrayView, latinime::IntArrayView, 0>' requested here
build	Build DaddyBoard (HeliBoard fork)	2026-09-30T16:06:15.4264099Z C/C++:   639 |       allocator_traits<_Alloc>::construct(__alloc, __result, std::move(*__iter));
build	Build DaddyBoard (HeliBoard fork)	2026-09-30T16:06:15.4265185Z C/C++:       |                                 ^
build	Build DaddyBoard (HeliBoard fork)	2026-09-30T16:06:15.4266935Z C/C++: /usr/local/lib/android/sdk/ndk/28.0.13004108/toolchains/llvm/prebuilt/linux-x86_64/sysroot/usr/include/c++/v1/vector:1511:3: note: in instantiation of member function 'std::vector<latinime::IntArrayView>::__swap_out_circular_buffer' requested here
build	Build DaddyBoard (HeliBoard fork)	2026-09-30T16:06:15.4295244Z C/C++:  1511 |   __swap_out_circular_buffer(__v);
build	Build DaddyBoard (HeliBoard fork)	2026-09-30T16:06:15.4295815Z C/C++:       |   ^
build	Build DaddyBoard (HeliBoard fork)	2026-09-30T16:06:15.4297851Z C/C++: /usr/local/lib/android/sdk/ndk/28.0.13004108/toolchains/llvm/prebuilt/linux-x86_64/sysroot/usr/include/c++/v1/vector:1529:13: note: in instantiation of function template specialization 'std::vector<latinime::IntArrayView>::__emplace_back_slow_path<const int *const &, const unsigned long &>' requested here
build	Build DaddyBoard (HeliBoard fork)	2026-09-30T16:06:15.4300269Z C/C++:  1529 |     __end = __emplace_back_slow_path(std::forward<_Args>(__args)...);
build	Build DaddyBoard (HeliBoard fork)	2026-09-30T16:06:15.4300977Z C/C++:       |             ^
build	Build DaddyBoard (HeliBoard fork)	2026-09-30T16:06:15.4302967Z C/C++: /home/runner/work/daddyboard/daddyboard/daddyboard-main/app/src/main/jni/src/utils/int_array_view.h:142:20: note: in instantiation of function template specialization 'std::vector<latinime::IntArrayView>::emplace_back<const int *const &, const unsigned long &>' requested here
build	Build DaddyBoard (HeliBoard fork)	2026-09-30T16:06:15.4305713Z C/C++:   142 |             result.emplace_back(mPtr, mSize);
build	Build DaddyBoard (HeliBoard fork)	2026-09-30T16:06:15.4306315Z C/C++:       |                    ^
build	Build DaddyBoard (HeliBoard fork)	2026-09-30T16:06:15.4306783Z C/C++: 7 warnings generated.
build	Build DaddyBoard (HeliBoard fork)	2026-09-30T16:06:15.4308274Z C/C++: /home/runner/work/daddyboard/daddyboard/daddyboard-main/app/src/main/jni/src/dictionary/utils/file_utils.cpp:75:23: warning: variable length arrays in C++ are a Clang extension [-Wvla-cxx-extension]
build	Build DaddyBoard (HeliBoard fork)	2026-09-30T16:06:15.4309874Z C/C++:    75 |         char filePath[filePathBufSize];
build	Build DaddyBoard (HeliBoard fork)	2026-09-30T16:06:15.4310423Z C/C++:       |                       ^~~~~~~~~~~~~~~
build	Build DaddyBoard (HeliBoard fork)	2026-09-30T16:06:15.4311852Z C/C++: /home/runner/work/daddyboard/daddyboard/daddyboard-main/app/src/main/jni/src/dictionary/utils/file_utils.cpp:75:23: note: initializer of 'filePathBufSize' is not a constant expression
build	Build DaddyBoard (HeliBoard fork)	2026-09-30T16:06:15.4314001Z C/C++: /home/runner/work/daddyboard/daddyboard/daddyboard-main/app/src/main/jni/src/dictionary/utils/file_utils.cpp:74:19: note: declared here
build	Build DaddyBoard (HeliBoard fork)	2026-09-30T16:06:15.4329254Z C/C++:    74 |         const int filePathBufSize = getFilePathBufSize(dirPath, dirent->d_name);
build	Build DaddyBoard (HeliBoard fork)	2026-09-30T16:06:15.4330045Z C/C++:       |                   ^
build	Build DaddyBoard (HeliBoard fork)	2026-09-30T16:06:15.4331610Z C/C++: /home/runner/work/daddyboard/daddyboard/daddyboard-main/app/src/main/jni/src/dictionary/utils/file_utils.cpp:159:22: warning: variable length arrays in C++ are a Clang extension [-Wvla-cxx-extension]
build	Build DaddyBoard (HeliBoard fork)	2026-09-30T16:06:15.4333286Z C/C++:   159 |     char filePathBuf[filePathBufSize];
build	Build DaddyBoard (HeliBoard fork)	2026-09-30T16:06:15.4333885Z C/C++:       |                      ^~~~~~~~~~~~~~~
build	Build DaddyBoard (HeliBoard fork)	2026-09-30T16:06:15.4335702Z C/C++: /home/runner/work/daddyboard/daddyboard/daddyboard-main/app/src/main/jni/src/dictionary/utils/file_utils.cpp:159:22: note: initializer of 'filePathBufSize' is not a constant expression
build	Build DaddyBoard (HeliBoard fork)	2026-09-30T16:06:15.4338267Z C/C++: /home/runner/work/daddyboard/daddyboard/daddyboard-main/app/src/main/jni/src/dictionary/utils/file_utils.cpp:158:15: note: declared here
build	Build DaddyBoard (HeliBoard fork)	2026-09-30T16:06:15.4339663Z C/C++:   158 |     const int filePathBufSize = strlen(filePath) + 1 /* terminator */;
build	Build DaddyBoard (HeliBoard fork)	2026-09-30T16:06:15.4340385Z C/C++:       |               ^
build	Build DaddyBoard (HeliBoard fork)	2026-09-30T16:06:15.4340815Z C/C++: 2 warnings generated.
--
build	Build DaddyBoard (HeliBoard fork)	2026-09-30T16:06:15.4357065Z C/C++: /home/runner/work/daddyboard/daddyboard/daddyboard-main/app/src/main/jni/src/dictionary/utils/entry_counters.h:44:5: warning: definition of implicit copy constructor for 'EntryCounts' is deprecated because it has a user-declared copy assignment operator [-Wdeprecated-copy]
build	Build DaddyBoard (HeliBoard fork)	2026-09-30T16:06:15.4359301Z C/C++:    44 |     DISALLOW_ASSIGNMENT_OPERATOR(EntryCounts);
build	Build DaddyBoard (HeliBoard fork)	2026-09-30T16:06:15.4359901Z C/C++:       |     ^
build	Build DaddyBoard (HeliBoard fork)	2026-09-30T16:06:15.4361087Z C/C++: /home/runner/work/daddyboard/daddyboard/daddyboard-main/app/src/main/jni/src/defines.h:289:8: note: expanded from macro 'DISALLOW_ASSIGNMENT_OPERATOR'
build	Build DaddyBoard (HeliBoard fork)	2026-09-30T16:06:15.4362443Z C/C++:   289 |   void operator=(const TypeName&) = delete
build	Build DaddyBoard (HeliBoard fork)	2026-09-30T16:06:15.4363008Z C/C++:       |        ^
build	Build DaddyBoard (HeliBoard fork)	2026-09-30T16:06:15.4364725Z C/C++: /home/runner/work/daddyboard/daddyboard/daddyboard-main/app/src/main/jni/src/dictionary/header/header_policy.h:92:15: note: in implicit copy constructor for 'latinime::EntryCounts' first required here
build	Build DaddyBoard (HeliBoard fork)	2026-09-30T16:06:15.4366455Z C/C++:    92 |               mNgramCounts(headerPolicy->mNgramCounts),
build	Build DaddyBoard (HeliBoard fork)	2026-09-30T16:06:15.4367083Z C/C++:       |               ^
build	Build DaddyBoard (HeliBoard fork)	2026-09-30T16:06:15.4368289Z C/C++: In file included from /home/runner/work/daddyboard/daddyboard/daddyboard-main/app/src/main/jni/src/dictionary/utils/forgetting_curve_utils.cpp:17:
--
build	Build DaddyBoard (HeliBoard fork)	2026-09-30T16:06:15.4399087Z C/C++: /home/runner/work/daddyboard/daddyboard/daddyboard-main/app/src/main/jni/src/dictionary/property/historical_info.h:52:5: warning: definition of implicit copy constructor for 'HistoricalInfo' is deprecated because it has a user-declared copy assignment operator [-Wdeprecated-copy]
build	Build DaddyBoard (HeliBoard fork)	2026-09-30T16:06:15.4401314Z C/C++:    52 |     DISALLOW_ASSIGNMENT_OPERATOR(HistoricalInfo);
build	Build DaddyBoard (HeliBoard fork)	2026-09-30T16:06:15.4401912Z C/C++:       |     ^
build	Build DaddyBoard (HeliBoard fork)	2026-09-30T16:06:15.4403057Z C/C++: /home/runner/work/daddyboard/daddyboard/daddyboard-main/app/src/main/jni/src/defines.h:289:8: note: expanded from macro 'DISALLOW_ASSIGNMENT_OPERATOR'
build	Build DaddyBoard (HeliBoard fork)	2026-09-30T16:06:15.4404617Z C/C++:   289 |   void operator=(const TypeName&) = delete
build	Build DaddyBoard (HeliBoard fork)	2026-09-30T16:06:15.4405173Z C/C++:       |        ^
build	Build DaddyBoard (HeliBoard fork)	2026-09-30T16:06:15.4406734Z C/C++: /home/runner/work/daddyboard/daddyboard/daddyboard-main/app/src/main/jni/src/dictionary/utils/forgetting_curve_utils.cpp:115:16: note: in implicit copy constructor for 'latinime::HistoricalInfo' first required here
build	Build DaddyBoard (HeliBoard fork)	2026-09-30T16:06:15.4408442Z C/C++:   115 |         return *originalHistoricalInfo;
build	Build DaddyBoard (HeliBoard fork)	2026-09-30T16:06:15.4408972Z C/C++:       |                ^
build	Build DaddyBoard (HeliBoard fork)	2026-09-30T16:06:15.4409392Z C/C++: 2 warnings generated.
--
build	Build DaddyBoard (HeliBoard fork)	2026-09-30T16:06:15.4447956Z C/C++: /home/runner/work/daddyboard/daddyboard/daddyboard-main/app/src/main/jni/src/dictionary/property/historical_info.h:52:5: warning: definition of implicit copy constructor for 'HistoricalInfo' is deprecated because it has a user-declared copy assignment operator [-Wdeprecated-copy]
build	Build DaddyBoard (HeliBoard fork)	2026-09-30T16:06:15.4450174Z C/C++:    52 |     DISALLOW_ASSIGNMENT_OPERATOR(HistoricalInfo);
build	Build DaddyBoard (HeliBoard fork)	2026-09-30T16:06:15.4450758Z C/C++:       |     ^
build	Build DaddyBoard (HeliBoard fork)	2026-09-30T16:06:15.4451881Z C/C++: /home/runner/work/daddyboard/daddyboard/daddyboard-main/app/src/main/jni/src/defines.h:289:8: note: expanded from macro 'DISALLOW_ASSIGNMENT_OPERATOR'
build	Build DaddyBoard (HeliBoard fork)	2026-09-30T16:06:15.4453148Z C/C++:   289 |   void operator=(const TypeName&) = delete
build	Build DaddyBoard (HeliBoard fork)	2026-09-30T16:06:15.4453704Z C/C++:       |        ^
build	Build DaddyBoard (HeliBoard fork)	2026-09-30T16:06:15.4455460Z C/C++: /home/runner/work/daddyboard/daddyboard/daddyboard-main/app/src/main/jni/src/dictionary/property/ngram_property.h:33:42: note: in implicit copy constructor for 'latinime::HistoricalInfo' first required here
build	Build DaddyBoard (HeliBoard fork)	2026-09-30T16:06:15.4457291Z C/C++:    33 |               mProbability(probability), mHistoricalInfo(historicalInfo) {}
build	Build DaddyBoard (HeliBoard fork)	2026-09-30T16:06:15.4458015Z C/C++:       |                                          ^
build	Build DaddyBoard (HeliBoard fork)	2026-09-30T16:06:15.4459171Z C/C++: In file included from /home/runner/work/daddyboard/daddyboard/daddyboard-main/app/src/main/jni/src/dictionary/utils/multi_bigram_map.cpp:17:
--
build	Build DaddyBoard (HeliBoard fork)	2026-09-30T16:06:15.4468005Z C/C++: /home/runner/work/daddyboard/daddyboard/daddyboard-main/app/src/main/jni/src/dictionary/property/unigram_property.h:126:5: warning: definition of implicit copy constructor for 'UnigramProperty' is deprecated because it has a user-declared copy assignment operator [-Wdeprecated-copy]
build	Build DaddyBoard (HeliBoard fork)	2026-09-30T16:06:15.4470893Z C/C++:   126 |     DISALLOW_ASSIGNMENT_OPERATOR(UnigramProperty);
build	Build DaddyBoard (HeliBoard fork)	2026-09-30T16:06:15.4471482Z C/C++:       |     ^
build	Build DaddyBoard (HeliBoard fork)	2026-09-30T16:06:15.4472608Z C/C++: /home/runner/work/daddyboard/daddyboard/daddyboard-main/app/src/main/jni/src/defines.h:289:8: note: expanded from macro 'DISALLOW_ASSIGNMENT_OPERATOR'
build	Build DaddyBoard (HeliBoard fork)	2026-09-30T16:06:15.4473840Z C/C++:   289 |   void operator=(const TypeName&) = delete
build	Build DaddyBoard (HeliBoard fork)	2026-09-30T16:06:15.4474575Z C/C++:       |        ^
build	Build DaddyBoard (HeliBoard fork)	2026-09-30T16:06:15.4476112Z C/C++: /home/runner/work/daddyboard/daddyboard/daddyboard-main/app/src/main/jni/src/dictionary/property/word_property.h:38:51: note: in implicit copy constructor for 'latinime::UnigramProperty' first required here
build	Build DaddyBoard (HeliBoard fork)	2026-09-30T16:06:15.4478019Z C/C++:    38 |             : mCodePoints(std::move(codePoints)), mUnigramProperty(unigramProperty),
build	Build DaddyBoard (HeliBoard fork)	2026-09-30T16:06:15.4478830Z C/C++:       |                                                   ^
build	Build DaddyBoard (HeliBoard fork)	2026-09-30T16:06:15.4480035Z C/C++: In file included from /home/runner/work/daddyboard/daddyboard/daddyboard-main/app/src/main/jni/src/dictionary/utils/multi_bigram_map.cpp:17:
--
build	Build DaddyBoard (HeliBoard fork)	2026-09-30T16:06:15.4484688Z C/C++: /home/runner/work/daddyboard/daddyboard/daddyboard-main/app/src/main/jni/src/dictionary/utils/bloom_filter.h:47:5: warning: definition of implicit copy constructor for 'BloomFilter' is deprecated because it has a user-declared copy assignment operator [-Wdeprecated-copy]
build	Build DaddyBoard (HeliBoard fork)	2026-09-30T16:06:15.4486815Z C/C++:    47 |     DISALLOW_ASSIGNMENT_OPERATOR(BloomFilter);
build	Build DaddyBoard (HeliBoard fork)	2026-09-30T16:06:15.4487596Z C/C++:       |     ^
build	Build DaddyBoard (HeliBoard fork)	2026-09-30T16:06:15.4488693Z C/C++: /home/runner/work/daddyboard/daddyboard/daddyboard-main/app/src/main/jni/src/defines.h:289:8: note: expanded from macro 'DISALLOW_ASSIGNMENT_OPERATOR'
build	Build DaddyBoard (HeliBoard fork)	2026-09-30T16:06:15.4490008Z C/C++:   289 |   void operator=(const TypeName&) = delete
build	Build DaddyBoard (HeliBoard fork)	2026-09-30T16:06:15.4490561Z C/C++:       |        ^
build	Build DaddyBoard (HeliBoard fork)	2026-09-30T16:06:15.4492314Z C/C++: /home/runner/work/daddyboard/daddyboard/daddyboard-main/app/src/main/jni/src/dictionary/utils/multi_bigram_map.h:57:53: note: in implicit copy constructor for 'latinime::BloomFilter' first required here
build	Build DaddyBoard (HeliBoard fork)	2026-09-30T16:06:15.4494124Z C/C++:    57 |                 : mBigramMap(bigramMap.mBigramMap), mBloomFilter(bigramMap.mBloomFilter) {}
build	Build DaddyBoard (HeliBoard fork)	2026-09-30T16:06:15.4496768Z C/C++:       |                                                     ^
build	Build DaddyBoard (HeliBoard fork)	2026-09-30T16:06:15.4498067Z C/C++: In file included from /home/runner/work/daddyboard/daddyboard/daddyboard-main/app/src/main/jni/src/dictionary/utils/multi_bigram_map.cpp:17:
--
build	Build DaddyBoard (HeliBoard fork)	2026-09-30T16:06:15.4508254Z C/C++: /home/runner/work/daddyboard/daddyboard/daddyboard-main/app/src/main/jni/src/utils/int_array_view.h:160:5: warning: definition of implicit copy constructor for 'IntArrayView' is deprecated because it has a user-declared copy assignment operator [-Wdeprecated-copy]
build	Build DaddyBoard (HeliBoard fork)	2026-09-30T16:06:15.4509385Z C/C++:   160 |     DISALLOW_ASSIGNMENT_OPERATOR(IntArrayView);
build	Build DaddyBoard (HeliBoard fork)	2026-09-30T16:06:15.4509699Z C/C++:       |     ^
build	Build DaddyBoard (HeliBoard fork)	2026-09-30T16:06:15.4510545Z C/C++: /home/runner/work/daddyboard/daddyboard/daddyboard-main/app/src/main/jni/src/defines.h:289:8: note: expanded from macro 'DISALLOW_ASSIGNMENT_OPERATOR'
build	Build DaddyBoard (HeliBoard fork)	2026-09-30T16:06:15.4511264Z C/C++:   289 |   void operator=(const TypeName&) = delete
build	Build DaddyBoard (HeliBoard fork)	2026-09-30T16:06:15.4511566Z C/C++:       |        ^
build	Build DaddyBoard (HeliBoard fork)	2026-09-30T16:06:15.4512380Z C/C++: /home/runner/work/daddyboard/daddyboard/daddyboard-main/app/src/main/jni/src/dictionary/utils/multi_bigram_map.cpp:49:44: note: in implicit copy constructor for 'latinime::IntArrayView' first required here
build	Build DaddyBoard (HeliBoard fork)	2026-09-30T16:06:15.4513335Z C/C++:    49 |         addBigramsForWord(structurePolicy, prevWordIds);
build	Build DaddyBoard (HeliBoard fork)	2026-09-30T16:06:15.4513715Z C/C++:       |                                            ^
build	Build DaddyBoard (HeliBoard fork)	2026-09-30T16:06:15.4514528Z C/C++: In file included from /home/runner/work/daddyboard/daddyboard/daddyboard-main/app/src/main/jni/src/dictionary/utils/multi_bigram_map.cpp:17:
--
build	Build DaddyBoard (HeliBoard fork)	2026-09-30T16:06:15.4547506Z C/C++: /home/runner/work/daddyboard/daddyboard/daddyboard-main/app/src/main/jni/src/dictionary/property/ngram_property.h:54:5: warning: definition of implicit copy constructor for 'NgramProperty' is deprecated because it has a user-declared copy assignment operator [-Wdeprecated-copy]
build	Build DaddyBoard (HeliBoard fork)	2026-09-30T16:06:15.4550596Z C/C++:    54 |     DISALLOW_ASSIGNMENT_OPERATOR(NgramProperty);
build	Build DaddyBoard (HeliBoard fork)	2026-09-30T16:06:15.4551215Z C/C++:       |     ^
build	Build DaddyBoard (HeliBoard fork)	2026-09-30T16:06:15.4552377Z C/C++: /home/runner/work/daddyboard/daddyboard/daddyboard-main/app/src/main/jni/src/defines.h:289:8: note: expanded from macro 'DISALLOW_ASSIGNMENT_OPERATOR'
build	Build DaddyBoard (HeliBoard fork)	2026-09-30T16:06:15.4553796Z C/C++:   289 |   void operator=(const TypeName&) = delete
build	Build DaddyBoard (HeliBoard fork)	2026-09-30T16:06:15.4554615Z C/C++:       |        ^
build	Build DaddyBoard (HeliBoard fork)	2026-09-30T16:06:15.4556224Z C/C++: /usr/local/lib/android/sdk/ndk/28.0.13004108/toolchains/llvm/prebuilt/linux-x86_64/sysroot/usr/include/c++/v1/__memory/allocator.h:173:24: note: in implicit copy constructor for 'latinime::NgramProperty' first required here
build	Build DaddyBoard (HeliBoard fork)	2026-09-30T16:06:15.4558201Z C/C++:   173 |     ::new ((void*)__p) _Up(std::forward<_Args>(__args)...);
build	Build DaddyBoard (HeliBoard fork)	2026-09-30T16:06:15.4558884Z C/C++:       |                        ^
build	Build DaddyBoard (HeliBoard fork)	2026-09-30T16:06:15.4561210Z C/C++: /usr/local/lib/android/sdk/ndk/28.0.13004108/toolchains/llvm/prebuilt/linux-x86_64/sysroot/usr/include/c++/v1/__memory/allocator_traits.h:320:9: note: in instantiation of function template specialization 'std::allocator<latinime::NgramProperty>::construct<latinime::NgramProperty, latinime::NgramProperty &>' requested here
build	Build DaddyBoard (HeliBoard fork)	2026-09-30T16:06:15.4563699Z C/C++:   320 |     __a.construct(__p, std::forward<_Args>(__args)...);
build	Build DaddyBoard (HeliBoard fork)	2026-09-30T16:06:15.4564316Z C/C++:       |         ^
build	Build DaddyBoard (HeliBoard fork)	2026-09-30T16:06:15.4567069Z C/C++: /usr/local/lib/android/sdk/ndk/28.0.13004108/toolchains/llvm/prebuilt/linux-x86_64/sysroot/usr/include/c++/v1/__memory/uninitialized_algorithms.h:551:31: note: in instantiation of function template specialization 'std::allocator_traits<std::allocator<latinime::NgramProperty>>::construct<latinime::NgramProperty, latinime::NgramProperty &, 0>' requested here
build	Build DaddyBoard (HeliBoard fork)	2026-09-30T16:06:15.4569929Z C/C++:   551 |     allocator_traits<_Alloc>::construct(__alloc, std::__to_address(__first2), *__first1);
build	Build DaddyBoard (HeliBoard fork)	2026-09-30T16:06:15.4570751Z C/C++:       |                               ^
build	Build DaddyBoard (HeliBoard fork)	2026-09-30T16:06:15.4573527Z C/C++: /usr/local/lib/android/sdk/ndk/28.0.13004108/toolchains/llvm/prebuilt/linux-x86_64/sysroot/usr/include/c++/v1/__memory/uninitialized_algorithms.h:594:33: note: in instantiation of function template specialization 'std::__uninitialized_allocator_copy_impl<std::allocator<latinime::NgramProperty>, latinime::NgramProperty *, latinime::NgramProperty *, latinime::NgramProperty *>' requested here
build	Build DaddyBoard (HeliBoard fork)	2026-09-30T16:06:15.4607099Z C/C++:   594 |   auto __result          = std::__uninitialized_allocator_copy_impl(
build	Build DaddyBoard (HeliBoard fork)	2026-09-30T16:06:15.4607812Z C/C++:       |                                 ^
build	Build DaddyBoard (HeliBoard fork)	2026-09-30T16:06:15.4610304Z C/C++: /usr/local/lib/android/sdk/ndk/28.0.13004108/toolchains/llvm/prebuilt/linux-x86_64/sysroot/usr/include/c++/v1/vector:1100:22: note: in instantiation of function template specialization 'std::__uninitialized_allocator_copy<std::allocator<latinime::NgramProperty>, latinime::NgramProperty *, latinime::NgramProperty *, latinime::NgramProperty *>' requested here
build	Build DaddyBoard (HeliBoard fork)	2026-09-30T16:06:15.4613118Z C/C++:  1100 |   __tx.__pos_ = std::__uninitialized_allocator_copy(__alloc(), __first, __last, __tx.__pos_);
build	Build DaddyBoard (HeliBoard fork)	2026-09-30T16:06:15.4613942Z C/C++:       |                      ^
build	Build DaddyBoard (HeliBoard fork)	2026-09-30T16:06:15.4616270Z C/C++: /usr/local/lib/android/sdk/ndk/28.0.13004108/toolchains/llvm/prebuilt/linux-x86_64/sysroot/usr/include/c++/v1/vector:761:7: note: in instantiation of function template specialization 'std::vector<latinime::NgramProperty>::__construct_at_end<latinime::NgramProperty *, latinime::NgramProperty *>' requested here
build	Build DaddyBoard (HeliBoard fork)	2026-09-30T16:06:15.4618489Z C/C++:   761 |       __construct_at_end(__first, __last, __n);
build	Build DaddyBoard (HeliBoard fork)	2026-09-30T16:06:15.4619069Z C/C++:       |       ^
build	Build DaddyBoard (HeliBoard fork)	2026-09-30T16:06:15.4621157Z C/C++: /usr/local/lib/android/sdk/ndk/28.0.13004108/toolchains/llvm/prebuilt/linux-x86_64/sysroot/usr/include/c++/v1/vector:1213:3: note: in instantiation of function template specialization 'std::vector<latinime::NgramProperty>::__init_with_size<latinime::NgramProperty *, latinime::NgramProperty *>' requested here
build	Build DaddyBoard (HeliBoard fork)	2026-09-30T16:06:15.4623691Z C/C++:  1213 |   __init_with_size(__x.__begin_, __x.__end_, __x.size());
build	Build DaddyBoard (HeliBoard fork)	2026-09-30T16:06:15.4624276Z C/C++:       |   ^
build	Build DaddyBoard (HeliBoard fork)	2026-09-30T16:06:15.4626027Z C/C++: /home/runner/work/daddyboard/daddyboard/daddyboard-main/app/src/main/jni/src/dictionary/property/word_property.h:39:15: note: in instantiation of member function 'std::vector<latinime::NgramProperty>::vector' requested here
build	Build DaddyBoard (HeliBoard fork)	2026-09-30T16:06:15.4627774Z C/C++:    39 |               mNgrams(ngrams) {}
build	Build DaddyBoard (HeliBoard fork)	2026-09-30T16:06:15.4628256Z C/C++:       |               ^
build	Build DaddyBoard (HeliBoard fork)	2026-09-30T16:06:15.4628657Z C/C++: 5 warnings generated.
--
build	Build DaddyBoard (HeliBoard fork)	2026-09-30T16:06:15.4663464Z C/C++: /home/runner/work/daddyboard/daddyboard/daddyboard-main/app/src/main/jni/src/dictionary/property/historical_info.h:52:5: warning: definition of implicit copy constructor for 'HistoricalInfo' is deprecated because it has a user-declared copy assignment operator [-Wdeprecated-copy]
build	Build DaddyBoard (HeliBoard fork)	2026-09-30T16:06:15.4665782Z C/C++:    52 |     DISALLOW_ASSIGNMENT_OPERATOR(HistoricalInfo);
build	Build DaddyBoard (HeliBoard fork)	2026-09-30T16:06:15.4666335Z C/C++:       |     ^
build	Build DaddyBoard (HeliBoard fork)	2026-09-30T16:06:15.4667422Z C/C++: /home/runner/work/daddyboard/daddyboard/daddyboard-main/app/src/main/jni/src/defines.h:289:8: note: expanded from macro 'DISALLOW_ASSIGNMENT_OPERATOR'
build	Build DaddyBoard (HeliBoard fork)	2026-09-30T16:06:15.4668700Z C/C++:   289 |   void operator=(const TypeName&) = delete
build	Build DaddyBoard (HeliBoard fork)	2026-09-30T16:06:15.4669217Z C/C++:       |        ^
build	Build DaddyBoard (HeliBoard fork)	2026-09-30T16:06:15.4670676Z C/C++: /home/runner/work/daddyboard/daddyboard/daddyboard-main/app/src/main/jni/src/dictionary/property/ngram_property.h:33:42: note: in implicit copy constructor for 'latinime::HistoricalInfo' first required here
build	Build DaddyBoard (HeliBoard fork)	2026-09-30T16:06:15.4672682Z C/C++:    33 |               mProbability(probability), mHistoricalInfo(historicalInfo) {}
build	Build DaddyBoard (HeliBoard fork)	2026-09-30T16:06:15.4673418Z C/C++:       |                                          ^
build	Build DaddyBoard (HeliBoard fork)	2026-09-30T16:06:15.4674671Z C/C++: In file included from /home/runner/work/daddyboard/daddyboard/daddyboard-main/app/src/main/jni/src/suggest/core/suggest.cpp:19:
--
build	Build DaddyBoard (HeliBoard fork)	2026-09-30T16:06:15.4681223Z C/C++: /home/runner/work/daddyboard/daddyboard/daddyboard-main/app/src/main/jni/src/dictionary/property/unigram_property.h:126:5: warning: definition of implicit copy constructor for 'UnigramProperty' is deprecated because it has a user-declared copy assignment operator [-Wdeprecated-copy]
build	Build DaddyBoard (HeliBoard fork)	2026-09-30T16:06:15.4683448Z C/C++:   126 |     DISALLOW_ASSIGNMENT_OPERATOR(UnigramProperty);
build	Build DaddyBoard (HeliBoard fork)	2026-09-30T16:06:15.4684031Z C/C++:       |     ^
build	Build DaddyBoard (HeliBoard fork)	2026-09-30T16:06:15.4715564Z C/C++: /home/runner/work/daddyboard/daddyboard/daddyboard-main/app/src/main/jni/src/defines.h:289:8: note: expanded from macro 'DISALLOW_ASSIGNMENT_OPERATOR'
build	Build DaddyBoard (HeliBoard fork)	2026-09-30T16:06:15.4716936Z C/C++:   289 |   void operator=(const TypeName&) = delete
build	Build DaddyBoard (HeliBoard fork)	2026-09-30T16:06:15.4717491Z C/C++:       |        ^
build	Build DaddyBoard (HeliBoard fork)	2026-09-30T16:06:15.4718924Z C/C++: /home/runner/work/daddyboard/daddyboard/daddyboard-main/app/src/main/jni/src/dictionary/property/word_property.h:38:51: note: in implicit copy constructor for 'latinime::UnigramProperty' first required here
build	Build DaddyBoard (HeliBoard fork)	2026-09-30T16:06:15.4721084Z C/C++:    38 |             : mCodePoints(std::move(codePoints)), mUnigramProperty(unigramProperty),
build	Build DaddyBoard (HeliBoard fork)	2026-09-30T16:06:15.4721937Z C/C++:       |                                                   ^
build	Build DaddyBoard (HeliBoard fork)	2026-09-30T16:06:15.4723133Z C/C++: In file included from /home/runner/work/daddyboard/daddyboard/daddyboard-main/app/src/main/jni/src/suggest/core/suggest.cpp:19:
--
build	Build DaddyBoard (HeliBoard fork)	2026-09-30T16:06:15.4733751Z C/C++: /home/runner/work/daddyboard/daddyboard/daddyboard-main/app/src/main/jni/src/utils/int_array_view.h:160:5: warning: definition of implicit copy constructor for 'IntArrayView' is deprecated because it has a user-declared copy assignment operator [-Wdeprecated-copy]
build	Build DaddyBoard (HeliBoard fork)	2026-09-30T16:06:15.4735974Z C/C++:   160 |     DISALLOW_ASSIGNMENT_OPERATOR(IntArrayView);
build	Build DaddyBoard (HeliBoard fork)	2026-09-30T16:06:15.4736604Z C/C++:       |     ^
build	Build DaddyBoard (HeliBoard fork)	2026-09-30T16:06:15.4737706Z C/C++: /home/runner/work/daddyboard/daddyboard/daddyboard-main/app/src/main/jni/src/defines.h:289:8: note: expanded from macro 'DISALLOW_ASSIGNMENT_OPERATOR'
build	Build DaddyBoard (HeliBoard fork)	2026-09-30T16:06:15.4738991Z C/C++:   289 |   void operator=(const TypeName&) = delete
build	Build DaddyBoard (HeliBoard fork)	2026-09-30T16:06:15.4739537Z C/C++:       |        ^
build	Build DaddyBoard (HeliBoard fork)	2026-09-30T16:06:15.4765891Z C/C++: /home/runner/work/daddyboard/daddyboard/daddyboard-main/app/src/main/jni/src/suggest/core/dicnode/dic_node.h:110:53: note: in implicit copy constructor for 'latinime::IntArrayView' first required here
build	Build DaddyBoard (HeliBoard fork)	2026-09-30T16:06:15.4767760Z C/C++:   110 |         mDicNodeProperties.init(rootPtNodeArrayPos, prevWordIds);
build	Build DaddyBoard (HeliBoard fork)	2026-09-30T16:06:15.4768827Z C/C++:       |                                                     ^
build	Build DaddyBoard (HeliBoard fork)	2026-09-30T16:06:15.4769966Z C/C++: In file included from /home/runner/work/daddyboard/daddyboard/daddyboard-main/app/src/main/jni/src/suggest/core/suggest.cpp:26:
--
build	Build DaddyBoard (HeliBoard fork)	2026-09-30T16:06:15.4784182Z C/C++: /home/runner/work/daddyboard/daddyboard/daddyboard-main/app/src/main/jni/src/dictionary/utils/bloom_filter.h:47:5: warning: definition of implicit copy constructor for 'BloomFilter' is deprecated because it has a user-declared copy assignment operator [-Wdeprecated-copy]
build	Build DaddyBoard (HeliBoard fork)	2026-09-30T16:06:15.4786434Z C/C++:    47 |     DISALLOW_ASSIGNMENT_OPERATOR(BloomFilter);
build	Build DaddyBoard (HeliBoard fork)	2026-09-30T16:06:15.4787219Z C/C++:       |     ^
build	Build DaddyBoard (HeliBoard fork)	2026-09-30T16:06:15.4788274Z C/C++: /home/runner/work/daddyboard/daddyboard/daddyboard-main/app/src/main/jni/src/defines.h:289:8: note: expanded from macro 'DISALLOW_ASSIGNMENT_OPERATOR'
build	Build DaddyBoard (HeliBoard fork)	2026-09-30T16:06:15.4789532Z C/C++:   289 |   void operator=(const TypeName&) = delete
build	Build DaddyBoard (HeliBoard fork)	2026-09-30T16:06:15.4790047Z C/C++:       |        ^
build	Build DaddyBoard (HeliBoard fork)	2026-09-30T16:06:15.4791459Z C/C++: /home/runner/work/daddyboard/daddyboard/daddyboard-main/app/src/main/jni/src/dictionary/utils/multi_bigram_map.h:57:53: note: in implicit copy constructor for 'latinime::BloomFilter' first required here
build	Build DaddyBoard (HeliBoard fork)	2026-09-30T16:06:15.4793292Z C/C++:    57 |                 : mBigramMap(bigramMap.mBigramMap), mBloomFilter(bigramMap.mBloomFilter) {}
build	Build DaddyBoard (HeliBoard fork)	2026-09-30T16:06:15.4794143Z C/C++:       |                                                     ^
build	Build DaddyBoard (HeliBoard fork)	2026-09-30T16:06:15.4825761Z C/C++: In file included from /home/runner/work/daddyboard/daddyboard/daddyboard-main/app/src/main/jni/src/suggest/core/suggest.cpp:19:
--
build	Build DaddyBoard (HeliBoard fork)	2026-09-30T16:06:15.4830723Z C/C++: /home/runner/work/daddyboard/daddyboard/daddyboard-main/app/src/main/jni/src/dictionary/property/word_attributes.h:59:5: warning: definition of implicit copy constructor for 'WordAttributes' is deprecated because it has a user-declared copy assignment operator [-Wdeprecated-copy]
build	Build DaddyBoard (HeliBoard fork)	2026-09-30T16:06:15.4832931Z C/C++:    59 |     DISALLOW_ASSIGNMENT_OPERATOR(WordAttributes);
build	Build DaddyBoard (HeliBoard fork)	2026-09-30T16:06:15.4833499Z C/C++:       |     ^
build	Build DaddyBoard (HeliBoard fork)	2026-09-30T16:06:15.4834798Z C/C++: /home/runner/work/daddyboard/daddyboard/daddyboard-main/app/src/main/jni/src/defines.h:289:8: note: expanded from macro 'DISALLOW_ASSIGNMENT_OPERATOR'
build	Build DaddyBoard (HeliBoard fork)	2026-09-30T16:06:15.4836101Z C/C++:   289 |   void operator=(const TypeName&) = delete
build	Build DaddyBoard (HeliBoard fork)	2026-09-30T16:06:15.4836626Z C/C++:       |        ^
build	Build DaddyBoard (HeliBoard fork)	2026-09-30T16:06:15.4837965Z C/C++: /home/runner/work/daddyboard/daddyboard/daddyboard-main/app/src/main/jni/src/suggest/core/suggest.cpp:420:22: note: in implicit copy constructor for 'WordAttributes' first required here
build	Build DaddyBoard (HeliBoard fork)	2026-09-30T16:06:15.4839542Z C/C++:   420 |             dicNode, wordAttributes, false /* isLastWord */)) {
build	Build DaddyBoard (HeliBoard fork)	2026-09-30T16:06:15.4840461Z C/C++:       |                      ^
build	Build DaddyBoard (HeliBoard fork)	2026-09-30T16:06:15.4865638Z C/C++: In file included from /home/runner/work/daddyboard/daddyboard/daddyboard-main/app/src/main/jni/src/suggest/core/suggest.cpp:19:
--
build	Build DaddyBoard (HeliBoard fork)	2026-09-30T16:06:15.4872409Z C/C++: /home/runner/work/daddyboard/daddyboard/daddyboard-main/app/src/main/jni/src/dictionary/property/ngram_property.h:54:5: warning: definition of implicit copy constructor for 'NgramProperty' is deprecated because it has a user-declared copy assignment operator [-Wdeprecated-copy]
build	Build DaddyBoard (HeliBoard fork)	2026-09-30T16:06:15.4874759Z C/C++:    54 |     DISALLOW_ASSIGNMENT_OPERATOR(NgramProperty);
build	Build DaddyBoard (HeliBoard fork)	2026-09-30T16:06:15.4875345Z C/C++:       |     ^
build	Build DaddyBoard (HeliBoard fork)	2026-09-30T16:06:15.4876445Z C/C++: /home/runner/work/daddyboard/daddyboard/daddyboard-main/app/src/main/jni/src/defines.h:289:8: note: expanded from macro 'DISALLOW_ASSIGNMENT_OPERATOR'
build	Build DaddyBoard (HeliBoard fork)	2026-09-30T16:06:15.4877727Z C/C++:   289 |   void operator=(const TypeName&) = delete
build	Build DaddyBoard (HeliBoard fork)	2026-09-30T16:06:15.4878253Z C/C++:       |        ^
build	Build DaddyBoard (HeliBoard fork)	2026-09-30T16:06:15.4879786Z C/C++: /usr/local/lib/android/sdk/ndk/28.0.13004108/toolchains/llvm/prebuilt/linux-x86_64/sysroot/usr/include/c++/v1/__memory/allocator.h:173:24: note: in implicit copy constructor for 'latinime::NgramProperty' first required here
build	Build DaddyBoard (HeliBoard fork)	2026-09-30T16:06:15.4881536Z C/C++:   173 |     ::new ((void*)__p) _Up(std::forward<_Args>(__args)...);
build	Build DaddyBoard (HeliBoard fork)	2026-09-30T16:06:15.4882419Z C/C++:       |                        ^
build	Build DaddyBoard (HeliBoard fork)	2026-09-30T16:06:15.4884859Z C/C++: /usr/local/lib/android/sdk/ndk/28.0.13004108/toolchains/llvm/prebuilt/linux-x86_64/sysroot/usr/include/c++/v1/__memory/allocator_traits.h:320:9: note: in instantiation of function template specialization 'std::allocator<latinime::NgramProperty>::construct<latinime::NgramProperty, latinime::NgramProperty &>' requested here
build	Build DaddyBoard (HeliBoard fork)	2026-09-30T16:06:15.4887137Z C/C++:   320 |     __a.construct(__p, std::forward<_Args>(__args)...);
build	Build DaddyBoard (HeliBoard fork)	2026-09-30T16:06:15.4887689Z C/C++:       |         ^
build	Build DaddyBoard (HeliBoard fork)	2026-09-30T16:06:15.4890027Z C/C++: /usr/local/lib/android/sdk/ndk/28.0.13004108/toolchains/llvm/prebuilt/linux-x86_64/sysroot/usr/include/c++/v1/__memory/uninitialized_algorithms.h:551:31: note: in instantiation of function template specialization 'std::allocator_traits<std::allocator<latinime::NgramProperty>>::construct<latinime::NgramProperty, latinime::NgramProperty &, 0>' requested here
build	Build DaddyBoard (HeliBoard fork)	2026-09-30T16:06:15.4892824Z C/C++:   551 |     allocator_traits<_Alloc>::construct(__alloc, std::__to_address(__first2), *__first1);
build	Build DaddyBoard (HeliBoard fork)	2026-09-30T16:06:15.4893644Z C/C++:       |                               ^
build	Build DaddyBoard (HeliBoard fork)	2026-09-30T16:06:15.4926742Z C/C++: /usr/local/lib/android/sdk/ndk/28.0.13004108/toolchains/llvm/prebuilt/linux-x86_64/sysroot/usr/include/c++/v1/__memory/uninitialized_algorithms.h:594:33: note: in instantiation of function template specialization 'std::__uninitialized_allocator_copy_impl<std::allocator<latinime::NgramProperty>, latinime::NgramProperty *, latinime::NgramProperty *, latinime::NgramProperty *>' requested here
build	Build DaddyBoard (HeliBoard fork)	2026-09-30T16:06:15.4929694Z C/C++:   594 |   auto __result          = std::__uninitialized_allocator_copy_impl(
build	Build DaddyBoard (HeliBoard fork)	2026-09-30T16:06:15.4930360Z C/C++:       |                                 ^
build	Build DaddyBoard (HeliBoard fork)	2026-09-30T16:06:15.4932756Z C/C++: /usr/local/lib/android/sdk/ndk/28.0.13004108/toolchains/llvm/prebuilt/linux-x86_64/sysroot/usr/include/c++/v1/vector:1100:22: note: in instantiation of function template specialization 'std::__uninitialized_allocator_copy<std::allocator<latinime::NgramProperty>, latinime::NgramProperty *, latinime::NgramProperty *, latinime::NgramProperty *>' requested here
build	Build DaddyBoard (HeliBoard fork)	2026-09-30T16:06:15.4935963Z C/C++:  1100 |   __tx.__pos_ = std::__uninitialized_allocator_copy(__alloc(), __first, __last, __tx.__pos_);
build	Build DaddyBoard (HeliBoard fork)	2026-09-30T16:06:15.4937053Z C/C++:       |                      ^
build	Build DaddyBoard (HeliBoard fork)	2026-09-30T16:06:15.4939194Z C/C++: /usr/local/lib/android/sdk/ndk/28.0.13004108/toolchains/llvm/prebuilt/linux-x86_64/sysroot/usr/include/c++/v1/vector:761:7: note: in instantiation of function template specialization 'std::vector<latinime::NgramProperty>::__construct_at_end<latinime::NgramProperty *, latinime::NgramProperty *>' requested here
build	Build DaddyBoard (HeliBoard fork)	2026-09-30T16:06:15.4941814Z C/C++:   761 |       __construct_at_end(__first, __last, __n);
build	Build DaddyBoard (HeliBoard fork)	2026-09-30T16:06:15.4942384Z C/C++:       |       ^
build	Build DaddyBoard (HeliBoard fork)	2026-09-30T16:06:15.4944633Z C/C++: /usr/local/lib/android/sdk/ndk/28.0.13004108/toolchains/llvm/prebuilt/linux-x86_64/sysroot/usr/include/c++/v1/vector:1213:3: note: in instantiation of function template specialization 'std::vector<latinime::NgramProperty>::__init_with_size<latinime::NgramProperty *, latinime::NgramProperty *>' requested here
build	Build DaddyBoard (HeliBoard fork)	2026-09-30T16:06:15.4946951Z C/C++:  1213 |   __init_with_size(__x.__begin_, __x.__end_, __x.size());
build	Build DaddyBoard (HeliBoard fork)	2026-09-30T16:06:15.4947619Z C/C++:       |   ^
build	Build DaddyBoard (HeliBoard fork)	2026-09-30T16:06:15.4949167Z C/C++: /home/runner/work/daddyboard/daddyboard/daddyboard-main/app/src/main/jni/src/dictionary/property/word_property.h:39:15: note: in instantiation of member function 'std::vector<latinime::NgramProperty>::vector' requested here
build	Build DaddyBoard (HeliBoard fork)	2026-09-30T16:06:15.4950813Z C/C++:    39 |               mNgrams(ngrams) {}
build	Build DaddyBoard (HeliBoard fork)	2026-09-30T16:06:15.4951290Z C/C++:       |               ^
build	Build DaddyBoard (HeliBoard fork)	2026-09-30T16:06:15.4951699Z C/C++: 7 warnings generated.
--
build	Build DaddyBoard (HeliBoard fork)	2026-09-30T16:06:15.4959354Z C/C++: /home/runner/work/daddyboard/daddyboard/daddyboard-main/app/src/main/jni/src/utils/int_array_view.h:160:5: warning: definition of implicit copy constructor for 'IntArrayView' is deprecated because it has a user-declared copy assignment operator [-Wdeprecated-copy]
build	Build DaddyBoard (HeliBoard fork)	2026-09-30T16:06:15.4961323Z C/C++:   160 |     DISALLOW_ASSIGNMENT_OPERATOR(IntArrayView);
build	Build DaddyBoard (HeliBoard fork)	2026-09-30T16:06:15.4961876Z C/C++:       |     ^
build	Build DaddyBoard (HeliBoard fork)	2026-09-30T16:06:15.4962977Z C/C++: /home/runner/work/daddyboard/daddyboard/daddyboard-main/app/src/main/jni/src/defines.h:289:8: note: expanded from macro 'DISALLOW_ASSIGNMENT_OPERATOR'
build	Build DaddyBoard (HeliBoard fork)	2026-09-30T16:06:15.4964314Z C/C++:   289 |   void operator=(const TypeName&) = delete
build	Build DaddyBoard (HeliBoard fork)	2026-09-30T16:06:15.4995286Z C/C++:       |        ^
build	Build DaddyBoard (HeliBoard fork)	2026-09-30T16:06:15.4996779Z C/C++: /home/runner/work/daddyboard/daddyboard/daddyboard-main/app/src/main/jni/src/suggest/core/dicnode/dic_node.h:110:53: note: in implicit copy constructor for 'latinime::IntArrayView' first required here
build	Build DaddyBoard (HeliBoard fork)	2026-09-30T16:06:15.4998488Z C/C++:   110 |         mDicNodeProperties.init(rootPtNodeArrayPos, prevWordIds);
build	Build DaddyBoard (HeliBoard fork)	2026-09-30T16:06:15.4998943Z C/C++:       |                                                     ^
build	Build DaddyBoard (HeliBoard fork)	2026-09-30T16:06:15.4999483Z C/C++: 1 warning generated.
--
build	Build DaddyBoard (HeliBoard fork)	2026-09-30T16:06:15.5005685Z C/C++: /home/runner/work/daddyboard/daddyboard/daddyboard-main/app/src/main/jni/src/dictionary/property/historical_info.h:52:5: warning: definition of implicit copy constructor for 'HistoricalInfo' is deprecated because it has a user-declared copy assignment operator [-Wdeprecated-copy]
build	Build DaddyBoard (HeliBoard fork)	2026-09-30T16:06:15.5007854Z C/C++:    52 |     DISALLOW_ASSIGNMENT_OPERATOR(HistoricalInfo);
build	Build DaddyBoard (HeliBoard fork)	2026-09-30T16:06:15.5008666Z C/C++:       |     ^
build	Build DaddyBoard (HeliBoard fork)	2026-09-30T16:06:15.5009747Z C/C++: /home/runner/work/daddyboard/daddyboard/daddyboard-main/app/src/main/jni/src/defines.h:289:8: note: expanded from macro 'DISALLOW_ASSIGNMENT_OPERATOR'
build	Build DaddyBoard (HeliBoard fork)	2026-09-30T16:06:15.5011040Z C/C++:   289 |   void operator=(const TypeName&) = delete
build	Build DaddyBoard (HeliBoard fork)	2026-09-30T16:06:15.5011584Z C/C++:       |        ^
build	Build DaddyBoard (HeliBoard fork)	2026-09-30T16:06:15.5013074Z C/C++: /home/runner/work/daddyboard/daddyboard/daddyboard-main/app/src/main/jni/src/dictionary/property/ngram_property.h:33:42: note: in implicit copy constructor for 'latinime::HistoricalInfo' first required here
build	Build DaddyBoard (HeliBoard fork)	2026-09-30T16:06:15.5015145Z C/C++:    33 |               mProbability(probability), mHistoricalInfo(historicalInfo) {}
build	Build DaddyBoard (HeliBoard fork)	2026-09-30T16:06:15.5015922Z C/C++:       |                                          ^
build	Build DaddyBoard (HeliBoard fork)	2026-09-30T16:06:15.5017160Z C/C++: In file included from /home/runner/work/daddyboard/daddyboard/daddyboard-main/app/src/main/jni/src/suggest/core/dicnode/dic_node_utils.cpp:19:
--
build	Build DaddyBoard (HeliBoard fork)	2026-09-30T16:06:15.5024087Z C/C++: /home/runner/work/daddyboard/daddyboard/daddyboard-main/app/src/main/jni/src/dictionary/property/unigram_property.h:126:5: warning: definition of implicit copy constructor for 'UnigramProperty' is deprecated because it has a user-declared copy assignment operator [-Wdeprecated-copy]
build	Build DaddyBoard (HeliBoard fork)	2026-09-30T16:06:15.5045227Z C/C++:   126 |     DISALLOW_ASSIGNMENT_OPERATOR(UnigramProperty);
build	Build DaddyBoard (HeliBoard fork)	2026-09-30T16:06:15.5045837Z C/C++:       |     ^
build	Build DaddyBoard (HeliBoard fork)	2026-09-30T16:06:15.5046951Z C/C++: /home/runner/work/daddyboard/daddyboard/daddyboard-main/app/src/main/jni/src/defines.h:289:8: note: expanded from macro 'DISALLOW_ASSIGNMENT_OPERATOR'
build	Build DaddyBoard (HeliBoard fork)	2026-09-30T16:06:15.5048320Z C/C++:   289 |   void operator=(const TypeName&) = delete
build	Build DaddyBoard (HeliBoard fork)	2026-09-30T16:06:15.5048848Z C/C++:       |        ^
build	Build DaddyBoard (HeliBoard fork)	2026-09-30T16:06:15.5050353Z C/C++: /home/runner/work/daddyboard/daddyboard/daddyboard-main/app/src/main/jni/src/dictionary/property/word_property.h:38:51: note: in implicit copy constructor for 'latinime::UnigramProperty' first required here
build	Build DaddyBoard (HeliBoard fork)	2026-09-30T16:06:15.5052203Z C/C++:    38 |             : mCodePoints(std::move(codePoints)), mUnigramProperty(unigramProperty),
build	Build DaddyBoard (HeliBoard fork)	2026-09-30T16:06:15.5053024Z C/C++:       |                                                   ^
build	Build DaddyBoard (HeliBoard fork)	2026-09-30T16:06:15.5054233Z C/C++: In file included from /home/runner/work/daddyboard/daddyboard/daddyboard-main/app/src/main/jni/src/suggest/core/dicnode/dic_node_utils.cpp:17:
--
build	Build DaddyBoard (HeliBoard fork)	2026-09-30T16:06:15.5058851Z C/C++: /home/runner/work/daddyboard/daddyboard/daddyboard-main/app/src/main/jni/src/utils/int_array_view.h:160:5: warning: definition of implicit copy constructor for 'IntArrayView' is deprecated because it has a user-declared copy assignment operator [-Wdeprecated-copy]
build	Build DaddyBoard (HeliBoard fork)	2026-09-30T16:06:15.5060845Z C/C++:   160 |     DISALLOW_ASSIGNMENT_OPERATOR(IntArrayView);
build	Build DaddyBoard (HeliBoard fork)	2026-09-30T16:06:15.5061380Z C/C++:       |     ^
build	Build DaddyBoard (HeliBoard fork)	2026-09-30T16:06:15.5062453Z C/C++: /home/runner/work/daddyboard/daddyboard/daddyboard-main/app/src/main/jni/src/defines.h:289:8: note: expanded from macro 'DISALLOW_ASSIGNMENT_OPERATOR'
build	Build DaddyBoard (HeliBoard fork)	2026-09-30T16:06:15.5063678Z C/C++:   289 |   void operator=(const TypeName&) = delete
build	Build DaddyBoard (HeliBoard fork)	2026-09-30T16:06:15.5064190Z C/C++:       |        ^
build	Build DaddyBoard (HeliBoard fork)	2026-09-30T16:06:15.5096041Z C/C++: /home/runner/work/daddyboard/daddyboard/daddyboard-main/app/src/main/jni/src/suggest/core/dicnode/dic_node.h:110:53: note: in implicit copy constructor for 'latinime::IntArrayView' first required here
build	Build DaddyBoard (HeliBoard fork)	2026-09-30T16:06:15.5097636Z C/C++:   110 |         mDicNodeProperties.init(rootPtNodeArrayPos, prevWordIds);
build	Build DaddyBoard (HeliBoard fork)	2026-09-30T16:06:15.5098684Z C/C++:       |                                                     ^
build	Build DaddyBoard (HeliBoard fork)	2026-09-30T16:06:15.5099880Z C/C++: In file included from /home/runner/work/daddyboard/daddyboard/daddyboard-main/app/src/main/jni/src/suggest/core/dicnode/dic_node_utils.cpp:19:
--
build	Build DaddyBoard (HeliBoard fork)	2026-09-30T16:06:15.5106595Z C/C++: /home/runner/work/daddyboard/daddyboard/daddyboard-main/app/src/main/jni/src/dictionary/property/ngram_property.h:54:5: warning: definition of implicit copy constructor for 'NgramProperty' is deprecated because it has a user-declared copy assignment operator [-Wdeprecated-copy]
build	Build DaddyBoard (HeliBoard fork)	2026-09-30T16:06:15.5108746Z C/C++:    54 |     DISALLOW_ASSIGNMENT_OPERATOR(NgramProperty);
build	Build DaddyBoard (HeliBoard fork)	2026-09-30T16:06:15.5109311Z C/C++:       |     ^
build	Build DaddyBoard (HeliBoard fork)	2026-09-30T16:06:15.5110409Z C/C++: /home/runner/work/daddyboard/daddyboard/daddyboard-main/app/src/main/jni/src/defines.h:289:8: note: expanded from macro 'DISALLOW_ASSIGNMENT_OPERATOR'
build	Build DaddyBoard (HeliBoard fork)	2026-09-30T16:06:15.5111691Z C/C++:   289 |   void operator=(const TypeName&) = delete
build	Build DaddyBoard (HeliBoard fork)	2026-09-30T16:06:15.5112230Z C/C++:       |        ^
build	Build DaddyBoard (HeliBoard fork)	2026-09-30T16:06:15.5113756Z C/C++: /usr/local/lib/android/sdk/ndk/28.0.13004108/toolchains/llvm/prebuilt/linux-x86_64/sysroot/usr/include/c++/v1/__memory/allocator.h:173:24: note: in implicit copy constructor for 'latinime::NgramProperty' first required here
build	Build DaddyBoard (HeliBoard fork)	2026-09-30T16:06:15.5115900Z C/C++:   173 |     ::new ((void*)__p) _Up(std::forward<_Args>(__args)...);
build	Build DaddyBoard (HeliBoard fork)	2026-09-30T16:06:15.5116527Z C/C++:       |                        ^
build	Build DaddyBoard (HeliBoard fork)	2026-09-30T16:06:15.5118772Z C/C++: /usr/local/lib/android/sdk/ndk/28.0.13004108/toolchains/llvm/prebuilt/linux-x86_64/sysroot/usr/include/c++/v1/__memory/allocator_traits.h:320:9: note: in instantiation of function template specialization 'std::allocator<latinime::NgramProperty>::construct<latinime::NgramProperty, latinime::NgramProperty &>' requested here
build	Build DaddyBoard (HeliBoard fork)	2026-09-30T16:06:15.5121163Z C/C++:   320 |     __a.construct(__p, std::forward<_Args>(__args)...);
build	Build DaddyBoard (HeliBoard fork)	2026-09-30T16:06:15.5121753Z C/C++:       |         ^
build	Build DaddyBoard (HeliBoard fork)	2026-09-30T16:06:15.5124154Z C/C++: /usr/local/lib/android/sdk/ndk/28.0.13004108/toolchains/llvm/prebuilt/linux-x86_64/sysroot/usr/include/c++/v1/__memory/uninitialized_algorithms.h:551:31: note: in instantiation of function template specialization 'std::allocator_traits<std::allocator<latinime::NgramProperty>>::construct<latinime::NgramProperty, latinime::NgramProperty &, 0>' requested here
build	Build DaddyBoard (HeliBoard fork)	2026-09-30T16:06:15.5165068Z C/C++:   551 |     allocator_traits<_Alloc>::construct(__alloc, std::__to_address(__first2), *__first1);
build	Build DaddyBoard (HeliBoard fork)	2026-09-30T16:06:15.5165919Z C/C++:       |                               ^
build	Build DaddyBoard (HeliBoard fork)	2026-09-30T16:06:15.5168590Z C/C++: /usr/local/lib/android/sdk/ndk/28.0.13004108/toolchains/llvm/prebuilt/linux-x86_64/sysroot/usr/include/c++/v1/__memory/uninitialized_algorithms.h:594:33: note: in instantiation of function template specialization 'std::__uninitialized_allocator_copy_impl<std::allocator<latinime::NgramProperty>, latinime::NgramProperty *, latinime::NgramProperty *, latinime::NgramProperty *>' requested here
build	Build DaddyBoard (HeliBoard fork)	2026-09-30T16:06:15.5171298Z C/C++:   594 |   auto __result          = std::__uninitialized_allocator_copy_impl(
build	Build DaddyBoard (HeliBoard fork)	2026-09-30T16:06:15.5171980Z C/C++:       |                                 ^
build	Build DaddyBoard (HeliBoard fork)	2026-09-30T16:06:15.5174616Z C/C++: /usr/local/lib/android/sdk/ndk/28.0.13004108/toolchains/llvm/prebuilt/linux-x86_64/sysroot/usr/include/c++/v1/vector:1100:22: note: in instantiation of function template specialization 'std::__uninitialized_allocator_copy<std::allocator<latinime::NgramProperty>, latinime::NgramProperty *, latinime::NgramProperty *, latinime::NgramProperty *>' requested here
build	Build DaddyBoard (HeliBoard fork)	2026-09-30T16:06:15.5177377Z C/C++:  1100 |   __tx.__pos_ = std::__uninitialized_allocator_copy(__alloc(), __first, __last, __tx.__pos_);
build	Build DaddyBoard (HeliBoard fork)	2026-09-30T16:06:15.5178502Z C/C++:       |                      ^
build	Build DaddyBoard (HeliBoard fork)	2026-09-30T16:06:15.5180667Z C/C++: /usr/local/lib/android/sdk/ndk/28.0.13004108/toolchains/llvm/prebuilt/linux-x86_64/sysroot/usr/include/c++/v1/vector:761:7: note: in instantiation of function template specialization 'std::vector<latinime::NgramProperty>::__construct_at_end<latinime::NgramProperty *, latinime::NgramProperty *>' requested here
build	Build DaddyBoard (HeliBoard fork)	2026-09-30T16:06:15.5182914Z C/C++:   761 |       __construct_at_end(__first, __last, __n);
build	Build DaddyBoard (HeliBoard fork)	2026-09-30T16:06:15.5183478Z C/C++:       |       ^
build	Build DaddyBoard (HeliBoard fork)	2026-09-30T16:06:15.5215914Z C/C++: /usr/local/lib/android/sdk/ndk/28.0.13004108/toolchains/llvm/prebuilt/linux-x86_64/sysroot/usr/include/c++/v1/vector:1213:3: note: in instantiation of function template specialization 'std::vector<latinime::NgramProperty>::__init_with_size<latinime::NgramProperty *, latinime::NgramProperty *>' requested here
build	Build DaddyBoard (HeliBoard fork)	2026-09-30T16:06:15.5218274Z C/C++:  1213 |   __init_with_size(__x.__begin_, __x.__end_, __x.size());
build	Build DaddyBoard (HeliBoard fork)	2026-09-30T16:06:15.5218878Z C/C++:       |   ^
build	Build DaddyBoard (HeliBoard fork)	2026-09-30T16:06:15.5220390Z C/C++: /home/runner/work/daddyboard/daddyboard/daddyboard-main/app/src/main/jni/src/dictionary/property/word_property.h:39:15: note: in instantiation of member function 'std::vector<latinime::NgramProperty>::vector' requested here
build	Build DaddyBoard (HeliBoard fork)	2026-09-30T16:06:15.5222121Z C/C++:    39 |               mNgrams(ngrams) {}
build	Build DaddyBoard (HeliBoard fork)	2026-09-30T16:06:15.5222614Z C/C++:       |               ^
build	Build DaddyBoard (HeliBoard fork)	2026-09-30T16:06:15.5223036Z C/C++: 4 warnings generated.
--
build	Build DaddyBoard (HeliBoard fork)	2026-09-30T16:06:15.5275789Z C/C++: /home/runner/work/daddyboard/daddyboard/daddyboard-main/app/src/main/jni/src/utils/int_array_view.h:160:5: warning: definition of implicit copy constructor for 'IntArrayView' is deprecated because it has a user-declared copy assignment operator [-Wdeprecated-copy]
build	Build DaddyBoard (HeliBoard fork)	2026-09-30T16:06:15.5277982Z C/C++:   160 |     DISALLOW_ASSIGNMENT_OPERATOR(IntArrayView);
build	Build DaddyBoard (HeliBoard fork)	2026-09-30T16:06:15.5278555Z C/C++:       |     ^
build	Build DaddyBoard (HeliBoard fork)	2026-09-30T16:06:15.5279682Z C/C++: /home/runner/work/daddyboard/daddyboard/daddyboard-main/app/src/main/jni/src/defines.h:289:8: note: expanded from macro 'DISALLOW_ASSIGNMENT_OPERATOR'
build	Build DaddyBoard (HeliBoard fork)	2026-09-30T16:06:15.5280985Z C/C++:   289 |   void operator=(const TypeName&) = delete
build	Build DaddyBoard (HeliBoard fork)	2026-09-30T16:06:15.5281517Z C/C++:       |        ^
build	Build DaddyBoard (HeliBoard fork)	2026-09-30T16:06:15.5282970Z C/C++: /home/runner/work/daddyboard/daddyboard/daddyboard-main/app/src/main/jni/src/suggest/core/dicnode/dic_node.h:110:53: note: in implicit copy constructor for 'latinime::IntArrayView' first required here
build	Build DaddyBoard (HeliBoard fork)	2026-09-30T16:06:15.5284870Z C/C++:   110 |         mDicNodeProperties.init(rootPtNodeArrayPos, prevWordIds);
build	Build DaddyBoard (HeliBoard fork)	2026-09-30T16:06:15.5285612Z C/C++:       |                                                     ^
build	Build DaddyBoard (HeliBoard fork)	2026-09-30T16:06:15.5286133Z C/C++: 1 warning generated.
--
build	Build DaddyBoard (HeliBoard fork)	2026-09-30T16:06:15.5293930Z C/C++: /home/runner/work/daddyboard/daddyboard/daddyboard-main/app/src/main/jni/src/dictionary/property/historical_info.h:52:5: warning: definition of implicit copy constructor for 'HistoricalInfo' is deprecated because it has a user-declared copy assignment operator [-Wdeprecated-copy]
build	Build DaddyBoard (HeliBoard fork)	2026-09-30T16:06:15.5296251Z C/C++:    52 |     DISALLOW_ASSIGNMENT_OPERATOR(HistoricalInfo);
build	Build DaddyBoard (HeliBoard fork)	2026-09-30T16:06:15.5296815Z C/C++:       |     ^
build	Build DaddyBoard (HeliBoard fork)	2026-09-30T16:06:15.5297914Z C/C++: /home/runner/work/daddyboard/daddyboard/daddyboard-main/app/src/main/jni/src/defines.h:289:8: note: expanded from macro 'DISALLOW_ASSIGNMENT_OPERATOR'
build	Build DaddyBoard (HeliBoard fork)	2026-09-30T16:06:15.5299233Z C/C++:   289 |   void operator=(const TypeName&) = delete
build	Build DaddyBoard (HeliBoard fork)	2026-09-30T16:06:15.5299775Z C/C++:       |        ^
build	Build DaddyBoard (HeliBoard fork)	2026-09-30T16:06:15.5301283Z C/C++: /home/runner/work/daddyboard/daddyboard/daddyboard-main/app/src/main/jni/src/dictionary/property/ngram_property.h:33:42: note: in implicit copy constructor for 'latinime::HistoricalInfo' first required here
build	Build DaddyBoard (HeliBoard fork)	2026-09-30T16:06:15.5303108Z C/C++:    33 |               mProbability(probability), mHistoricalInfo(historicalInfo) {}
build	Build DaddyBoard (HeliBoard fork)	2026-09-30T16:06:15.5303863Z C/C++:       |                                          ^
build	Build DaddyBoard (HeliBoard fork)	2026-09-30T16:06:15.5335437Z C/C++: In file included from /home/runner/work/daddyboard/daddyboard/daddyboard-main/app/src/main/jni/src/suggest/core/dictionary/dictionary.cpp:19:
--
build	Build DaddyBoard (HeliBoard fork)	2026-09-30T16:06:15.5344151Z C/C++: /home/runner/work/daddyboard/daddyboard/daddyboard-main/app/src/main/jni/src/dictionary/property/unigram_property.h:126:5: warning: definition of implicit copy constructor for 'UnigramProperty' is deprecated because it has a user-declared copy assignment operator [-Wdeprecated-copy]
build	Build DaddyBoard (HeliBoard fork)	2026-09-30T16:06:15.5346759Z C/C++:   126 |     DISALLOW_ASSIGNMENT_OPERATOR(UnigramProperty);
build	Build DaddyBoard (HeliBoard fork)	2026-09-30T16:06:15.5347423Z C/C++:       |     ^
build	Build DaddyBoard (HeliBoard fork)	2026-09-30T16:06:15.5348527Z C/C++: /home/runner/work/daddyboard/daddyboard/daddyboard-main/app/src/main/jni/src/defines.h:289:8: note: expanded from macro 'DISALLOW_ASSIGNMENT_OPERATOR'
build	Build DaddyBoard (HeliBoard fork)	2026-09-30T16:06:15.5349823Z C/C++:   289 |   void operator=(const TypeName&) = delete
build	Build DaddyBoard (HeliBoard fork)	2026-09-30T16:06:15.5350369Z C/C++:       |        ^
build	Build DaddyBoard (HeliBoard fork)	2026-09-30T16:06:15.5351861Z C/C++: /home/runner/work/daddyboard/daddyboard/daddyboard-main/app/src/main/jni/src/dictionary/property/word_property.h:38:51: note: in implicit copy constructor for 'latinime::UnigramProperty' first required here
build	Build DaddyBoard (HeliBoard fork)	2026-09-30T16:06:15.5353722Z C/C++:    38 |             : mCodePoints(std::move(codePoints)), mUnigramProperty(unigramProperty),
build	Build DaddyBoard (HeliBoard fork)	2026-09-30T16:06:15.5354949Z C/C++:       |                                                   ^
build	Build DaddyBoard (HeliBoard fork)	2026-09-30T16:06:15.5356184Z C/C++: In file included from /home/runner/work/daddyboard/daddyboard/daddyboard-main/app/src/main/jni/src/suggest/core/dictionary/dictionary.cpp:26:
--
build	Build DaddyBoard (HeliBoard fork)	2026-09-30T16:06:15.5362685Z C/C++: /home/runner/work/daddyboard/daddyboard/daddyboard-main/app/src/main/jni/src/dictionary/utils/bloom_filter.h:47:5: warning: definition of implicit copy constructor for 'BloomFilter' is deprecated because it has a user-declared copy assignment operator [-Wdeprecated-copy]
build	Build DaddyBoard (HeliBoard fork)	2026-09-30T16:06:15.5379809Z C/C++:    47 |     DISALLOW_ASSIGNMENT_OPERATOR(BloomFilter);
build	Build DaddyBoard (HeliBoard fork)	2026-09-30T16:06:15.5380391Z C/C++:       |     ^
build	Build DaddyBoard (HeliBoard fork)	2026-09-30T16:06:15.5381484Z C/C++: /home/runner/work/daddyboard/daddyboard/daddyboard-main/app/src/main/jni/src/defines.h:289:8: note: expanded from macro 'DISALLOW_ASSIGNMENT_OPERATOR'
build	Build DaddyBoard (HeliBoard fork)	2026-09-30T16:06:15.5382680Z C/C++:   289 |   void operator=(const TypeName&) = delete
build	Build DaddyBoard (HeliBoard fork)	2026-09-30T16:06:15.5383163Z C/C++:       |        ^
build	Build DaddyBoard (HeliBoard fork)	2026-09-30T16:06:15.5384777Z C/C++: /home/runner/work/daddyboard/daddyboard/daddyboard-main/app/src/main/jni/src/dictionary/utils/multi_bigram_map.h:57:53: note: in implicit copy constructor for 'latinime::BloomFilter' first required here
build	Build DaddyBoard (HeliBoard fork)	2026-09-30T16:06:15.5386629Z C/C++:    57 |                 : mBigramMap(bigramMap.mBigramMap), mBloomFilter(bigramMap.mBloomFilter) {}
build	Build DaddyBoard (HeliBoard fork)	2026-09-30T16:06:15.5387454Z C/C++:       |                                                     ^
build	Build DaddyBoard (HeliBoard fork)	2026-09-30T16:06:15.5388623Z C/C++: In file included from /home/runner/work/daddyboard/daddyboard/daddyboard-main/app/src/main/jni/src/suggest/core/dictionary/dictionary.cpp:19:
--
build	Build DaddyBoard (HeliBoard fork)	2026-09-30T16:06:15.5419767Z C/C++: /home/runner/work/daddyboard/daddyboard/daddyboard-main/app/src/main/jni/src/utils/int_array_view.h:160:5: warning: definition of implicit copy constructor for 'IntArrayView' is deprecated because it has a user-declared copy assignment operator [-Wdeprecated-copy]
build	Build DaddyBoard (HeliBoard fork)	2026-09-30T16:06:15.5421797Z C/C++:   160 |     DISALLOW_ASSIGNMENT_OPERATOR(IntArrayView);
build	Build DaddyBoard (HeliBoard fork)	2026-09-30T16:06:15.5422349Z C/C++:       |     ^
build	Build DaddyBoard (HeliBoard fork)	2026-09-30T16:06:15.5423628Z C/C++: /home/runner/work/daddyboard/daddyboard/daddyboard-main/app/src/main/jni/src/defines.h:289:8: note: expanded from macro 'DISALLOW_ASSIGNMENT_OPERATOR'
build	Build DaddyBoard (HeliBoard fork)	2026-09-30T16:06:15.5443300Z C/C++:   289 |   void operator=(const TypeName&) = delete
build	Build DaddyBoard (HeliBoard fork)	2026-09-30T16:06:15.5443889Z C/C++:       |        ^
build	Build DaddyBoard (HeliBoard fork)	2026-09-30T16:06:15.5445441Z C/C++: /home/runner/work/daddyboard/daddyboard/daddyboard-main/app/src/main/jni/src/suggest/core/dicnode/dic_node.h:110:53: note: in implicit copy constructor for 'latinime::IntArrayView' first required here
build	Build DaddyBoard (HeliBoard fork)	2026-09-30T16:06:15.5447483Z C/C++:   110 |         mDicNodeProperties.init(rootPtNodeArrayPos, prevWordIds);
build	Build DaddyBoard (HeliBoard fork)	2026-09-30T16:06:15.5448241Z C/C++:       |                                                     ^
build	Build DaddyBoard (HeliBoard fork)	2026-09-30T16:06:15.5449470Z C/C++: In file included from /home/runner/work/daddyboard/daddyboard/daddyboard-main/app/src/main/jni/src/suggest/core/dictionary/dictionary.cpp:30:
--
build	Build DaddyBoard (HeliBoard fork)	2026-09-30T16:06:15.5500899Z C/C++: /home/runner/work/daddyboard/daddyboard/daddyboard-main/app/src/main/jni/src/dictionary/property/ngram_property.h:54:5: warning: definition of implicit copy constructor for 'NgramProperty' is deprecated because it has a user-declared copy assignment operator [-Wdeprecated-copy]
build	Build DaddyBoard (HeliBoard fork)	2026-09-30T16:06:15.5503080Z C/C++:    54 |     DISALLOW_ASSIGNMENT_OPERATOR(NgramProperty);
build	Build DaddyBoard (HeliBoard fork)	2026-09-30T16:06:15.5503646Z C/C++:       |     ^
build	Build DaddyBoard (HeliBoard fork)	2026-09-30T16:06:15.5505039Z C/C++: /home/runner/work/daddyboard/daddyboard/daddyboard-main/app/src/main/jni/src/defines.h:289:8: note: expanded from macro 'DISALLOW_ASSIGNMENT_OPERATOR'
build	Build DaddyBoard (HeliBoard fork)	2026-09-30T16:06:15.5506343Z C/C++:   289 |   void operator=(const TypeName&) = delete
build	Build DaddyBoard (HeliBoard fork)	2026-09-30T16:06:15.5507193Z C/C++:       |        ^
build	Build DaddyBoard (HeliBoard fork)	2026-09-30T16:06:15.5508731Z C/C++: /usr/local/lib/android/sdk/ndk/28.0.13004108/toolchains/llvm/prebuilt/linux-x86_64/sysroot/usr/include/c++/v1/__memory/allocator.h:173:24: note: in implicit copy constructor for 'latinime::NgramProperty' first required here
build	Build DaddyBoard (HeliBoard fork)	2026-09-30T16:06:15.5510667Z C/C++:   173 |     ::new ((void*)__p) _Up(std::forward<_Args>(__args)...);
build	Build DaddyBoard (HeliBoard fork)	2026-09-30T16:06:15.5511292Z C/C++:       |                        ^
build	Build DaddyBoard (HeliBoard fork)	2026-09-30T16:06:15.5513567Z C/C++: /usr/local/lib/android/sdk/ndk/28.0.13004108/toolchains/llvm/prebuilt/linux-x86_64/sysroot/usr/include/c++/v1/__memory/allocator_traits.h:320:9: note: in instantiation of function template specialization 'std::allocator<latinime::NgramProperty>::construct<latinime::NgramProperty, latinime::NgramProperty &>' requested here
build	Build DaddyBoard (HeliBoard fork)	2026-09-30T16:06:15.5516183Z C/C++:   320 |     __a.construct(__p, std::forward<_Args>(__args)...);
build	Build DaddyBoard (HeliBoard fork)	2026-09-30T16:06:15.5516771Z C/C++:       |         ^
build	Build DaddyBoard (HeliBoard fork)	2026-09-30T16:06:15.5519184Z C/C++: /usr/local/lib/android/sdk/ndk/28.0.13004108/toolchains/llvm/prebuilt/linux-x86_64/sysroot/usr/include/c++/v1/__memory/uninitialized_algorithms.h:551:31: note: in instantiation of function template specialization 'std::allocator_traits<std::allocator<latinime::NgramProperty>>::construct<latinime::NgramProperty, latinime::NgramProperty &, 0>' requested here
build	Build DaddyBoard (HeliBoard fork)	2026-09-30T16:06:15.5521928Z C/C++:   551 |     allocator_traits<_Alloc>::construct(__alloc, std::__to_address(__first2), *__first1);
build	Build DaddyBoard (HeliBoard fork)	2026-09-30T16:06:15.5522660Z C/C++:       |                               ^
build	Build DaddyBoard (HeliBoard fork)	2026-09-30T16:06:15.5547682Z C/C++: /usr/local/lib/android/sdk/ndk/28.0.13004108/toolchains/llvm/prebuilt/linux-x86_64/sysroot/usr/include/c++/v1/__memory/uninitialized_algorithms.h:594:33: note: in instantiation of function template specialization 'std::__uninitialized_allocator_copy_impl<std::allocator<latinime::NgramProperty>, latinime::NgramProperty *, latinime::NgramProperty *, latinime::NgramProperty *>' requested here
build	Build DaddyBoard (HeliBoard fork)	2026-09-30T16:06:15.5550656Z C/C++:   594 |   auto __result          = std::__uninitialized_allocator_copy_impl(
build	Build DaddyBoard (HeliBoard fork)	2026-09-30T16:06:15.5551351Z C/C++:       |                                 ^
build	Build DaddyBoard (HeliBoard fork)	2026-09-30T16:06:15.5553851Z C/C++: /usr/local/lib/android/sdk/ndk/28.0.13004108/toolchains/llvm/prebuilt/linux-x86_64/sysroot/usr/include/c++/v1/vector:1100:22: note: in instantiation of function template specialization 'std::__uninitialized_allocator_copy<std::allocator<latinime::NgramProperty>, latinime::NgramProperty *, latinime::NgramProperty *, latinime::NgramProperty *>' requested here
build	Build DaddyBoard (HeliBoard fork)	2026-09-30T16:06:15.5557142Z C/C++:  1100 |   __tx.__pos_ = std::__uninitialized_allocator_copy(__alloc(), __first, __last, __tx.__pos_);
build	Build DaddyBoard (HeliBoard fork)	2026-09-30T16:06:15.5557970Z C/C++:       |                      ^
build	Build DaddyBoard (HeliBoard fork)	2026-09-30T16:06:15.5560151Z C/C++: /usr/local/lib/android/sdk/ndk/28.0.13004108/toolchains/llvm/prebuilt/linux-x86_64/sysroot/usr/include/c++/v1/vector:761:7: note: in instantiation of function template specialization 'std::vector<latinime::NgramProperty>::__construct_at_end<latinime::NgramProperty *, latinime::NgramProperty *>' requested here
build	Build DaddyBoard (HeliBoard fork)	2026-09-30T16:06:15.5562446Z C/C++:   761 |       __construct_at_end(__first, __last, __n);
build	Build DaddyBoard (HeliBoard fork)	2026-09-30T16:06:15.5563001Z C/C++:       |       ^
build	Build DaddyBoard (HeliBoard fork)	2026-09-30T16:06:15.5565350Z C/C++: /usr/local/lib/android/sdk/ndk/28.0.13004108/toolchains/llvm/prebuilt/linux-x86_64/sysroot/usr/include/c++/v1/vector:1213:3: note: in instantiation of function template specialization 'std::vector<latinime::NgramProperty>::__init_with_size<latinime::NgramProperty *, latinime::NgramProperty *>' requested here
build	Build DaddyBoard (HeliBoard fork)	2026-09-30T16:06:15.5567657Z C/C++:  1213 |   __init_with_size(__x.__begin_, __x.__end_, __x.size());
build	Build DaddyBoard (HeliBoard fork)	2026-09-30T16:06:15.5568449Z C/C++:       |   ^
build	Build DaddyBoard (HeliBoard fork)	2026-09-30T16:06:15.5570098Z C/C++: /home/runner/work/daddyboard/daddyboard/daddyboard-main/app/src/main/jni/src/dictionary/property/word_property.h:39:15: note: in instantiation of member function 'std::vector<latinime::NgramProperty>::vector' requested here
build	Build DaddyBoard (HeliBoard fork)	2026-09-30T16:06:15.5572094Z C/C++:    39 |               mNgrams(ngrams) {}
build	Build DaddyBoard (HeliBoard fork)	2026-09-30T16:06:15.5572581Z C/C++:       |               ^
build	Build DaddyBoard (HeliBoard fork)	2026-09-30T16:06:15.5573003Z C/C++: 6 warnings generated.
--
build	Build DaddyBoard (HeliBoard fork)	2026-09-30T16:06:15.5599605Z C/C++: /home/runner/work/daddyboard/daddyboard/daddyboard-main/app/src/main/jni/src/dictionary/property/historical_info.h:52:5: warning: definition of implicit copy constructor for 'HistoricalInfo' is deprecated because it has a user-declared copy assignment operator [-Wdeprecated-copy]
build	Build DaddyBoard (HeliBoard fork)	2026-09-30T16:06:15.5601773Z C/C++:    52 |     DISALLOW_ASSIGNMENT_OPERATOR(HistoricalInfo);
build	Build DaddyBoard (HeliBoard fork)	2026-09-30T16:06:15.5602361Z C/C++:       |     ^
build	Build DaddyBoard (HeliBoard fork)	2026-09-30T16:06:15.5603454Z C/C++: /home/runner/work/daddyboard/daddyboard/daddyboard-main/app/src/main/jni/src/defines.h:289:8: note: expanded from macro 'DISALLOW_ASSIGNMENT_OPERATOR'
build	Build DaddyBoard (HeliBoard fork)	2026-09-30T16:06:15.5604966Z C/C++:   289 |   void operator=(const TypeName&) = delete
build	Build DaddyBoard (HeliBoard fork)	2026-09-30T16:06:15.5605515Z C/C++:       |        ^
build	Build DaddyBoard (HeliBoard fork)	2026-09-30T16:06:15.5606999Z C/C++: /home/runner/work/daddyboard/daddyboard/daddyboard-main/app/src/main/jni/src/dictionary/property/ngram_property.h:33:42: note: in implicit copy constructor for 'latinime::HistoricalInfo' first required here
build	Build DaddyBoard (HeliBoard fork)	2026-09-30T16:06:15.5608814Z C/C++:    33 |               mProbability(probability), mHistoricalInfo(historicalInfo) {}
build	Build DaddyBoard (HeliBoard fork)	2026-09-30T16:06:15.5609570Z C/C++:       |                                          ^
build	Build DaddyBoard (HeliBoard fork)	2026-09-30T16:06:15.5610805Z C/C++: In file included from /home/runner/work/daddyboard/daddyboard/daddyboard-main/app/src/main/jni/src/suggest/core/dictionary/dictionary_utils.cpp:19:
--
build	Build DaddyBoard (HeliBoard fork)	2026-09-30T16:06:15.5618207Z C/C++: /home/runner/work/daddyboard/daddyboard/daddyboard-main/app/src/main/jni/src/dictionary/property/unigram_property.h:126:5: warning: definition of implicit copy constructor for 'UnigramProperty' is deprecated because it has a user-declared copy assignment operator [-Wdeprecated-copy]
build	Build DaddyBoard (HeliBoard fork)	2026-09-30T16:06:15.5620503Z C/C++:   126 |     DISALLOW_ASSIGNMENT_OPERATOR(UnigramProperty);
build	Build DaddyBoard (HeliBoard fork)	2026-09-30T16:06:15.5621090Z C/C++:       |     ^
build	Build DaddyBoard (HeliBoard fork)	2026-09-30T16:06:15.5622238Z C/C++: /home/runner/work/daddyboard/daddyboard/daddyboard-main/app/src/main/jni/src/defines.h:289:8: note: expanded from macro 'DISALLOW_ASSIGNMENT_OPERATOR'
build	Build DaddyBoard (HeliBoard fork)	2026-09-30T16:06:15.5623566Z C/C++:   289 |   void operator=(const TypeName&) = delete
build	Build DaddyBoard (HeliBoard fork)	2026-09-30T16:06:15.5624113Z C/C++:       |        ^
build	Build DaddyBoard (HeliBoard fork)	2026-09-30T16:06:15.5664532Z C/C++: /home/runner/work/daddyboard/daddyboard/daddyboard-main/app/src/main/jni/src/dictionary/property/word_property.h:38:51: note: in implicit copy constructor for 'latinime::UnigramProperty' first required here
build	Build DaddyBoard (HeliBoard fork)	2026-09-30T16:06:15.5666455Z C/C++:    38 |             : mCodePoints(std::move(codePoints)), mUnigramProperty(unigramProperty),
build	Build DaddyBoard (HeliBoard fork)	2026-09-30T16:06:15.5667281Z C/C++:       |                                                   ^
build	Build DaddyBoard (HeliBoard fork)	2026-09-30T16:06:15.5668535Z C/C++: In file included from /home/runner/work/daddyboard/daddyboard/daddyboard-main/app/src/main/jni/src/suggest/core/dictionary/dictionary_utils.cpp:17:
--
build	Build DaddyBoard (HeliBoard fork)	2026-09-30T16:06:15.5673169Z C/C++: /home/runner/work/daddyboard/daddyboard/daddyboard-main/app/src/main/jni/src/utils/int_array_view.h:160:5: warning: definition of implicit copy constructor for 'IntArrayView' is deprecated because it has a user-declared copy assignment operator [-Wdeprecated-copy]
build	Build DaddyBoard (HeliBoard fork)	2026-09-30T16:06:15.5675718Z C/C++:   160 |     DISALLOW_ASSIGNMENT_OPERATOR(IntArrayView);
build	Build DaddyBoard (HeliBoard fork)	2026-09-30T16:06:15.5676306Z C/C++:       |     ^
build	Build DaddyBoard (HeliBoard fork)	2026-09-30T16:06:15.5677406Z C/C++: /home/runner/work/daddyboard/daddyboard/daddyboard-main/app/src/main/jni/src/defines.h:289:8: note: expanded from macro 'DISALLOW_ASSIGNMENT_OPERATOR'
build	Build DaddyBoard (HeliBoard fork)	2026-09-30T16:06:15.5678694Z C/C++:   289 |   void operator=(const TypeName&) = delete
build	Build DaddyBoard (HeliBoard fork)	2026-09-30T16:06:15.5679242Z C/C++:       |        ^
build	Build DaddyBoard (HeliBoard fork)	2026-09-30T16:06:15.5680675Z C/C++: /home/runner/work/daddyboard/daddyboard/daddyboard-main/app/src/main/jni/src/suggest/core/dicnode/dic_node.h:110:53: note: in implicit copy constructor for 'latinime::IntArrayView' first required here
build	Build DaddyBoard (HeliBoard fork)	2026-09-30T16:06:15.5682436Z C/C++:   110 |         mDicNodeProperties.init(rootPtNodeArrayPos, prevWordIds);
build	Build DaddyBoard (HeliBoard fork)	2026-09-30T16:06:15.5683215Z C/C++:       |                                                     ^
build	Build DaddyBoard (HeliBoard fork)	2026-09-30T16:06:15.5694765Z C/C++: In file included from /home/runner/work/daddyboard/daddyboard/daddyboard-main/app/src/main/jni/src/suggest/core/dictionary/dictionary_utils.cpp:19:
--
build	Build DaddyBoard (HeliBoard fork)	2026-09-30T16:06:15.5707742Z C/C++: /home/runner/work/daddyboard/daddyboard/daddyboard-main/app/src/main/jni/src/dictionary/property/ngram_property.h:54:5: warning: definition of implicit copy constructor for 'NgramProperty' is deprecated because it has a user-declared copy assignment operator [-Wdeprecated-copy]
build	Build DaddyBoard (HeliBoard fork)	2026-09-30T16:06:15.5709801Z C/C++:    54 |     DISALLOW_ASSIGNMENT_OPERATOR(NgramProperty);
build	Build DaddyBoard (HeliBoard fork)	2026-09-30T16:06:15.5710408Z C/C++:       |     ^
build	Build DaddyBoard (HeliBoard fork)	2026-09-30T16:06:15.5711510Z C/C++: /home/runner/work/daddyboard/daddyboard/daddyboard-main/app/src/main/jni/src/defines.h:289:8: note: expanded from macro 'DISALLOW_ASSIGNMENT_OPERATOR'
build	Build DaddyBoard (HeliBoard fork)	2026-09-30T16:06:15.5736278Z C/C++:   289 |   void operator=(const TypeName&) = delete
build	Build DaddyBoard (HeliBoard fork)	2026-09-30T16:06:15.5736831Z C/C++:       |        ^
build	Build DaddyBoard (HeliBoard fork)	2026-09-30T16:06:15.5738337Z C/C++: /usr/local/lib/android/sdk/ndk/28.0.13004108/toolchains/llvm/prebuilt/linux-x86_64/sysroot/usr/include/c++/v1/__memory/allocator.h:173:24: note: in implicit copy constructor for 'latinime::NgramProperty' first required here
build	Build DaddyBoard (HeliBoard fork)	2026-09-30T16:06:15.5740110Z C/C++:   173 |     ::new ((void*)__p) _Up(std::forward<_Args>(__args)...);
build	Build DaddyBoard (HeliBoard fork)	2026-09-30T16:06:15.5740719Z C/C++:       |                        ^
build	Build DaddyBoard (HeliBoard fork)	2026-09-30T16:06:15.5742981Z C/C++: /usr/local/lib/android/sdk/ndk/28.0.13004108/toolchains/llvm/prebuilt/linux-x86_64/sysroot/usr/include/c++/v1/__memory/allocator_traits.h:320:9: note: in instantiation of function template specialization 'std::allocator<latinime::NgramProperty>::construct<latinime::NgramProperty, latinime::NgramProperty &>' requested here
build	Build DaddyBoard (HeliBoard fork)	2026-09-30T16:06:15.5745837Z C/C++:   320 |     __a.construct(__p, std::forward<_Args>(__args)...);
build	Build DaddyBoard (HeliBoard fork)	2026-09-30T16:06:15.5746456Z C/C++:       |         ^
build	Build DaddyBoard (HeliBoard fork)	2026-09-30T16:06:15.5749263Z C/C++: /usr/local/lib/android/sdk/ndk/28.0.13004108/toolchains/llvm/prebuilt/linux-x86_64/sysroot/usr/include/c++/v1/__memory/uninitialized_algorithms.h:551:31: note: in instantiation of function template specialization 'std::allocator_traits<std::allocator<latinime::NgramProperty>>::construct<latinime::NgramProperty, latinime::NgramProperty &, 0>' requested here
build	Build DaddyBoard (HeliBoard fork)	2026-09-30T16:06:15.5752067Z C/C++:   551 |     allocator_traits<_Alloc>::construct(__alloc, std::__to_address(__first2), *__first1);
build	Build DaddyBoard (HeliBoard fork)	2026-09-30T16:06:15.5752901Z C/C++:       |                               ^
build	Build DaddyBoard (HeliBoard fork)	2026-09-30T16:06:15.5755878Z C/C++: /usr/local/lib/android/sdk/ndk/28.0.13004108/toolchains/llvm/prebuilt/linux-x86_64/sysroot/usr/include/c++/v1/__memory/uninitialized_algorithms.h:594:33: note: in instantiation of function template specialization 'std::__uninitialized_allocator_copy_impl<std::allocator<latinime::NgramProperty>, latinime::NgramProperty *, latinime::NgramProperty *, latinime::NgramProperty *>' requested here
build	Build DaddyBoard (HeliBoard fork)	2026-09-30T16:06:15.5759037Z C/C++:   594 |   auto __result          = std::__uninitialized_allocator_copy_impl(
build	Build DaddyBoard (HeliBoard fork)	2026-09-30T16:06:15.5759742Z C/C++:       |                                 ^
build	Build DaddyBoard (HeliBoard fork)	2026-09-30T16:06:15.5762266Z C/C++: /usr/local/lib/android/sdk/ndk/28.0.13004108/toolchains/llvm/prebuilt/linux-x86_64/sysroot/usr/include/c++/v1/vector:1100:22: note: in instantiation of function template specialization 'std::__uninitialized_allocator_copy<std::allocator<latinime::NgramProperty>, latinime::NgramProperty *, latinime::NgramProperty *, latinime::NgramProperty *>' requested here
build	Build DaddyBoard (HeliBoard fork)	2026-09-30T16:06:15.5765368Z C/C++:  1100 |   __tx.__pos_ = std::__uninitialized_allocator_copy(__alloc(), __first, __last, __tx.__pos_);
build	Build DaddyBoard (HeliBoard fork)	2026-09-30T16:06:15.5766216Z C/C++:       |                      ^
build	Build DaddyBoard (HeliBoard fork)	2026-09-30T16:06:15.5768516Z C/C++: /usr/local/lib/android/sdk/ndk/28.0.13004108/toolchains/llvm/prebuilt/linux-x86_64/sysroot/usr/include/c++/v1/vector:761:7: note: in instantiation of function template specialization 'std::vector<latinime::NgramProperty>::__construct_at_end<latinime::NgramProperty *, latinime::NgramProperty *>' requested here
build	Build DaddyBoard (HeliBoard fork)	2026-09-30T16:06:15.5770829Z C/C++:   761 |       __construct_at_end(__first, __last, __n);
build	Build DaddyBoard (HeliBoard fork)	2026-09-30T16:06:15.5771367Z C/C++:       |       ^
build	Build DaddyBoard (HeliBoard fork)	2026-09-30T16:06:15.5773444Z C/C++: /usr/local/lib/android/sdk/ndk/28.0.13004108/toolchains/llvm/prebuilt/linux-x86_64/sysroot/usr/include/c++/v1/vector:1213:3: note: in instantiation of function template specialization 'std::vector<latinime::NgramProperty>::__init_with_size<latinime::NgramProperty *, latinime::NgramProperty *>' requested here
build	Build DaddyBoard (HeliBoard fork)	2026-09-30T16:06:15.5806449Z C/C++:  1213 |   __init_with_size(__x.__begin_, __x.__end_, __x.size());
build	Build DaddyBoard (HeliBoard fork)	2026-09-30T16:06:15.5807093Z C/C++:       |   ^
build	Build DaddyBoard (HeliBoard fork)	2026-09-30T16:06:15.5808684Z C/C++: /home/runner/work/daddyboard/daddyboard/daddyboard-main/app/src/main/jni/src/dictionary/property/word_property.h:39:15: note: in instantiation of member function 'std::vector<latinime::NgramProperty>::vector' requested here
build	Build DaddyBoard (HeliBoard fork)	2026-09-30T16:06:15.5810636Z C/C++:    39 |               mNgrams(ngrams) {}
build	Build DaddyBoard (HeliBoard fork)	2026-09-30T16:06:15.5811125Z C/C++:       |               ^
build	Build DaddyBoard (HeliBoard fork)	2026-09-30T16:06:15.5811546Z C/C++: 4 warnings generated.
--
build	Build DaddyBoard (HeliBoard fork)	2026-09-30T16:06:15.5877895Z C/C++: /home/runner/work/daddyboard/daddyboard/daddyboard-main/app/src/main/jni/src/utils/int_array_view.h:160:5: warning: definition of implicit copy constructor for 'IntArrayView' is deprecated because it has a user-declared copy assignment operator [-Wdeprecated-copy]
build	Build DaddyBoard (HeliBoard fork)	2026-09-30T16:06:15.5879948Z C/C++:   160 |     DISALLOW_ASSIGNMENT_OPERATOR(IntArrayView);
build	Build DaddyBoard (HeliBoard fork)	2026-09-30T16:06:15.5880513Z C/C++:       |     ^
build	Build DaddyBoard (HeliBoard fork)	2026-09-30T16:06:15.5881599Z C/C++: /home/runner/work/daddyboard/daddyboard/daddyboard-main/app/src/main/jni/src/defines.h:289:8: note: expanded from macro 'DISALLOW_ASSIGNMENT_OPERATOR'
build	Build DaddyBoard (HeliBoard fork)	2026-09-30T16:06:15.5883205Z C/C++:   289 |   void operator=(const TypeName&) = delete
build	Build DaddyBoard (HeliBoard fork)	2026-09-30T16:06:15.5883760Z C/C++:       |        ^
build	Build DaddyBoard (HeliBoard fork)	2026-09-30T16:06:15.5885454Z C/C++: /home/runner/work/daddyboard/daddyboard/daddyboard-main/app/src/main/jni/src/suggest/core/dicnode/dic_node.h:110:53: note: in implicit copy constructor for 'latinime::IntArrayView' first required here
build	Build DaddyBoard (HeliBoard fork)	2026-09-30T16:06:15.5887221Z C/C++:   110 |         mDicNodeProperties.init(rootPtNodeArrayPos, prevWordIds);
build	Build DaddyBoard (HeliBoard fork)	2026-09-30T16:06:15.5887990Z C/C++:       |                                                     ^
build	Build DaddyBoard (HeliBoard fork)	2026-09-30T16:06:15.5889199Z C/C++: In file included from /home/runner/work/daddyboard/daddyboard/daddyboard-main/app/src/main/jni/src/suggest/core/policy/weighting.cpp:24:
--
build	Build DaddyBoard (HeliBoard fork)	2026-09-30T16:06:15.5916796Z C/C++: /home/runner/work/daddyboard/daddyboard/daddyboard-main/app/src/main/jni/src/dictionary/property/historical_info.h:52:5: warning: definition of implicit copy constructor for 'HistoricalInfo' is deprecated because it has a user-declared copy assignment operator [-Wdeprecated-copy]
build	Build DaddyBoard (HeliBoard fork)	2026-09-30T16:06:15.5919332Z C/C++:    52 |     DISALLOW_ASSIGNMENT_OPERATOR(HistoricalInfo);
build	Build DaddyBoard (HeliBoard fork)	2026-09-30T16:06:15.5919892Z C/C++:       |     ^
build	Build DaddyBoard (HeliBoard fork)	2026-09-30T16:06:15.5920980Z C/C++: /home/runner/work/daddyboard/daddyboard/daddyboard-main/app/src/main/jni/src/defines.h:289:8: note: expanded from macro 'DISALLOW_ASSIGNMENT_OPERATOR'
build	Build DaddyBoard (HeliBoard fork)	2026-09-30T16:06:15.5922185Z C/C++:   289 |   void operator=(const TypeName&) = delete
build	Build DaddyBoard (HeliBoard fork)	2026-09-30T16:06:15.5922714Z C/C++:       |        ^
build	Build DaddyBoard (HeliBoard fork)	2026-09-30T16:06:15.5924098Z C/C++: /home/runner/work/daddyboard/daddyboard/daddyboard-main/app/src/main/jni/src/dictionary/property/ngram_property.h:33:42: note: in implicit copy constructor for 'latinime::HistoricalInfo' first required here
build	Build DaddyBoard (HeliBoard fork)	2026-09-30T16:06:15.5926108Z C/C++:    33 |               mProbability(probability), mHistoricalInfo(historicalInfo) {}
build	Build DaddyBoard (HeliBoard fork)	2026-09-30T16:06:15.5926907Z C/C++:       |                                          ^
build	Build DaddyBoard (HeliBoard fork)	2026-09-30T16:06:15.5928153Z C/C++: In file included from /home/runner/work/daddyboard/daddyboard/daddyboard-main/app/src/main/jni/src/suggest/core/policy/weighting.cpp:24:
--
build	Build DaddyBoard (HeliBoard fork)	2026-09-30T16:06:15.5938225Z C/C++: /home/runner/work/daddyboard/daddyboard/daddyboard-main/app/src/main/jni/src/dictionary/property/unigram_property.h:126:5: warning: definition of implicit copy constructor for 'UnigramProperty' is deprecated because it has a user-declared copy assignment operator [-Wdeprecated-copy]
build	Build DaddyBoard (HeliBoard fork)	2026-09-30T16:06:15.5939475Z C/C++:   126 |     DISALLOW_ASSIGNMENT_OPERATOR(UnigramProperty);
build	Build DaddyBoard (HeliBoard fork)	2026-09-30T16:06:15.5939800Z C/C++:       |     ^
build	Build DaddyBoard (HeliBoard fork)	2026-09-30T16:06:15.5940403Z C/C++: /home/runner/work/daddyboard/daddyboard/daddyboard-main/app/src/main/jni/src/defines.h:289:8: note: expanded from macro 'DISALLOW_ASSIGNMENT_OPERATOR'
build	Build DaddyBoard (HeliBoard fork)	2026-09-30T16:06:15.5941323Z C/C++:   289 |   void operator=(const TypeName&) = delete
build	Build DaddyBoard (HeliBoard fork)	2026-09-30T16:06:15.5941618Z C/C++:       |        ^
build	Build DaddyBoard (HeliBoard fork)	2026-09-30T16:06:15.5942436Z C/C++: /home/runner/work/daddyboard/daddyboard/daddyboard-main/app/src/main/jni/src/dictionary/property/word_property.h:38:51: note: in implicit copy constructor for 'latinime::UnigramProperty' first required here
build	Build DaddyBoard (HeliBoard fork)	2026-09-30T16:06:15.5943439Z C/C++:    38 |             : mCodePoints(std::move(codePoints)), mUnigramProperty(unigramProperty),
build	Build DaddyBoard (HeliBoard fork)	2026-09-30T16:06:15.5943890Z C/C++:       |                                                   ^
build	Build DaddyBoard (HeliBoard fork)	2026-09-30T16:06:15.5944753Z C/C++: In file included from /home/runner/work/daddyboard/daddyboard/daddyboard-main/app/src/main/jni/src/suggest/core/policy/weighting.cpp:24:
--
build	Build DaddyBoard (HeliBoard fork)	2026-09-30T16:06:15.5951315Z C/C++: /home/runner/work/daddyboard/daddyboard/daddyboard-main/app/src/main/jni/src/dictionary/utils/bloom_filter.h:47:5: warning: definition of implicit copy constructor for 'BloomFilter' is deprecated because it has a user-declared copy assignment operator [-Wdeprecated-copy]
build	Build DaddyBoard (HeliBoard fork)	2026-09-30T16:06:15.5953486Z C/C++:    47 |     DISALLOW_ASSIGNMENT_OPERATOR(BloomFilter);
build	Build DaddyBoard (HeliBoard fork)	2026-09-30T16:06:15.5954071Z C/C++:       |     ^
build	Build DaddyBoard (HeliBoard fork)	2026-09-30T16:06:15.5955336Z C/C++: /home/runner/work/daddyboard/daddyboard/daddyboard-main/app/src/main/jni/src/defines.h:289:8: note: expanded from macro 'DISALLOW_ASSIGNMENT_OPERATOR'
build	Build DaddyBoard (HeliBoard fork)	2026-09-30T16:06:15.5956948Z C/C++:   289 |   void operator=(const TypeName&) = delete
build	Build DaddyBoard (HeliBoard fork)	2026-09-30T16:06:15.5957486Z C/C++:       |        ^
build	Build DaddyBoard (HeliBoard fork)	2026-09-30T16:06:15.5958971Z C/C++: /home/runner/work/daddyboard/daddyboard/daddyboard-main/app/src/main/jni/src/dictionary/utils/multi_bigram_map.h:57:53: note: in implicit copy constructor for 'latinime::BloomFilter' first required here
build	Build DaddyBoard (HeliBoard fork)	2026-09-30T16:06:15.5960858Z C/C++:    57 |                 : mBigramMap(bigramMap.mBigramMap), mBloomFilter(bigramMap.mBloomFilter) {}
build	Build DaddyBoard (HeliBoard fork)	2026-09-30T16:06:15.5961699Z C/C++:       |                                                     ^
build	Build DaddyBoard (HeliBoard fork)	2026-09-30T16:06:15.5962861Z C/C++: In file included from /home/runner/work/daddyboard/daddyboard/daddyboard-main/app/src/main/jni/src/suggest/core/policy/weighting.cpp:24:
--
build	Build DaddyBoard (HeliBoard fork)	2026-09-30T16:06:15.5973383Z C/C++: /home/runner/work/daddyboard/daddyboard/daddyboard-main/app/src/main/jni/src/dictionary/property/ngram_property.h:54:5: warning: definition of implicit copy constructor for 'NgramProperty' is deprecated because it has a user-declared copy assignment operator [-Wdeprecated-copy]
build	Build DaddyBoard (HeliBoard fork)	2026-09-30T16:06:15.5975920Z C/C++:    54 |     DISALLOW_ASSIGNMENT_OPERATOR(NgramProperty);
build	Build DaddyBoard (HeliBoard fork)	2026-09-30T16:06:15.5976547Z C/C++:       |     ^
build	Build DaddyBoard (HeliBoard fork)	2026-09-30T16:06:15.5977711Z C/C++: /home/runner/work/daddyboard/daddyboard/daddyboard-main/app/src/main/jni/src/defines.h:289:8: note: expanded from macro 'DISALLOW_ASSIGNMENT_OPERATOR'
build	Build DaddyBoard (HeliBoard fork)	2026-09-30T16:06:15.5979253Z C/C++:   289 |   void operator=(const TypeName&) = delete
build	Build DaddyBoard (HeliBoard fork)	2026-09-30T16:06:15.5979781Z C/C++:       |        ^
build	Build DaddyBoard (HeliBoard fork)	2026-09-30T16:06:15.5981290Z C/C++: /usr/local/lib/android/sdk/ndk/28.0.13004108/toolchains/llvm/prebuilt/linux-x86_64/sysroot/usr/include/c++/v1/__memory/allocator.h:173:24: note: in implicit copy constructor for 'latinime::NgramProperty' first required here
build	Build DaddyBoard (HeliBoard fork)	2026-09-30T16:06:15.5983059Z C/C++:   173 |     ::new ((void*)__p) _Up(std::forward<_Args>(__args)...);
build	Build DaddyBoard (HeliBoard fork)	2026-09-30T16:06:15.5984226Z C/C++:       |                        ^
build	Build DaddyBoard (HeliBoard fork)	2026-09-30T16:06:15.5986944Z C/C++: /usr/local/lib/android/sdk/ndk/28.0.13004108/toolchains/llvm/prebuilt/linux-x86_64/sysroot/usr/include/c++/v1/__memory/allocator_traits.h:320:9: note: in instantiation of function template specialization 'std::allocator<latinime::NgramProperty>::construct<latinime::NgramProperty, latinime::NgramProperty &>' requested here
build	Build DaddyBoard (HeliBoard fork)	2026-09-30T16:06:15.5989440Z C/C++:   320 |     __a.construct(__p, std::forward<_Args>(__args)...);
build	Build DaddyBoard (HeliBoard fork)	2026-09-30T16:06:15.5990062Z C/C++:       |         ^
build	Build DaddyBoard (HeliBoard fork)	2026-09-30T16:06:15.5992565Z C/C++: /usr/local/lib/android/sdk/ndk/28.0.13004108/toolchains/llvm/prebuilt/linux-x86_64/sysroot/usr/include/c++/v1/__memory/uninitialized_algorithms.h:551:31: note: in instantiation of function template specialization 'std::allocator_traits<std::allocator<latinime::NgramProperty>>::construct<latinime::NgramProperty, latinime::NgramProperty &, 0>' requested here
build	Build DaddyBoard (HeliBoard fork)	2026-09-30T16:06:15.5995611Z C/C++:   551 |     allocator_traits<_Alloc>::construct(__alloc, std::__to_address(__first2), *__first1);
build	Build DaddyBoard (HeliBoard fork)	2026-09-30T16:06:15.5996399Z C/C++:       |                               ^
build	Build DaddyBoard (HeliBoard fork)	2026-09-30T16:06:15.5999048Z C/C++: /usr/local/lib/android/sdk/ndk/28.0.13004108/toolchains/llvm/prebuilt/linux-x86_64/sysroot/usr/include/c++/v1/__memory/uninitialized_algorithms.h:594:33: note: in instantiation of function template specialization 'std::__uninitialized_allocator_copy_impl<std::allocator<latinime::NgramProperty>, latinime::NgramProperty *, latinime::NgramProperty *, latinime::NgramProperty *>' requested here
build	Build DaddyBoard (HeliBoard fork)	2026-09-30T16:06:15.6001884Z C/C++:   594 |   auto __result          = std::__uninitialized_allocator_copy_impl(
build	Build DaddyBoard (HeliBoard fork)	2026-09-30T16:06:15.6002535Z C/C++:       |                                 ^
build	Build DaddyBoard (HeliBoard fork)	2026-09-30T16:06:15.6005186Z C/C++: /usr/local/lib/android/sdk/ndk/28.0.13004108/toolchains/llvm/prebuilt/linux-x86_64/sysroot/usr/include/c++/v1/vector:1100:22: note: in instantiation of function template specialization 'std::__uninitialized_allocator_copy<std::allocator<latinime::NgramProperty>, latinime::NgramProperty *, latinime::NgramProperty *, latinime::NgramProperty *>' requested here
build	Build DaddyBoard (HeliBoard fork)	2026-09-30T16:06:15.6008061Z C/C++:  1100 |   __tx.__pos_ = std::__uninitialized_allocator_copy(__alloc(), __first, __last, __tx.__pos_);
build	Build DaddyBoard (HeliBoard fork)	2026-09-30T16:06:15.6008901Z C/C++:       |                      ^
build	Build DaddyBoard (HeliBoard fork)	2026-09-30T16:06:15.6011057Z C/C++: /usr/local/lib/android/sdk/ndk/28.0.13004108/toolchains/llvm/prebuilt/linux-x86_64/sysroot/usr/include/c++/v1/vector:761:7: note: in instantiation of function template specialization 'std::vector<latinime::NgramProperty>::__construct_at_end<latinime::NgramProperty *, latinime::NgramProperty *>' requested here
build	Build DaddyBoard (HeliBoard fork)	2026-09-30T16:06:15.6013355Z C/C++:   761 |       __construct_at_end(__first, __last, __n);
build	Build DaddyBoard (HeliBoard fork)	2026-09-30T16:06:15.6013912Z C/C++:       |       ^
build	Build DaddyBoard (HeliBoard fork)	2026-09-30T16:06:15.6016234Z C/C++: /usr/local/lib/android/sdk/ndk/28.0.13004108/toolchains/llvm/prebuilt/linux-x86_64/sysroot/usr/include/c++/v1/vector:1213:3: note: in instantiation of function template specialization 'std::vector<latinime::NgramProperty>::__init_with_size<latinime::NgramProperty *, latinime::NgramProperty *>' requested here
build	Build DaddyBoard (HeliBoard fork)	2026-09-30T16:06:15.6018576Z C/C++:  1213 |   __init_with_size(__x.__begin_, __x.__end_, __x.size());
build	Build DaddyBoard (HeliBoard fork)	2026-09-30T16:06:15.6019185Z C/C++:       |   ^
build	Build DaddyBoard (HeliBoard fork)	2026-09-30T16:06:15.6020768Z C/C++: /home/runner/work/daddyboard/daddyboard/daddyboard-main/app/src/main/jni/src/dictionary/property/word_property.h:39:15: note: in instantiation of member function 'std::vector<latinime::NgramProperty>::vector' requested here
build	Build DaddyBoard (HeliBoard fork)	2026-09-30T16:06:15.6022837Z C/C++:    39 |               mNgrams(ngrams) {}
build	Build DaddyBoard (HeliBoard fork)	2026-09-30T16:06:15.6023311Z C/C++:       |               ^
build	Build DaddyBoard (HeliBoard fork)	2026-09-30T16:06:15.6023721Z C/C++: 5 warnings generated.
--
build	Build DaddyBoard (HeliBoard fork)	2026-09-30T16:06:15.6033918Z C/C++: /home/runner/work/daddyboard/daddyboard/daddyboard-main/app/src/main/jni/src/dictionary/property/historical_info.h:52:5: warning: definition of implicit copy constructor for 'HistoricalInfo' is deprecated because it has a user-declared copy assignment operator [-Wdeprecated-copy]
build	Build DaddyBoard (HeliBoard fork)	2026-09-30T16:06:15.6036430Z C/C++:    52 |     DISALLOW_ASSIGNMENT_OPERATOR(HistoricalInfo);
build	Build DaddyBoard (HeliBoard fork)	2026-09-30T16:06:15.6037025Z C/C++:       |     ^
build	Build DaddyBoard (HeliBoard fork)	2026-09-30T16:06:15.6038167Z C/C++: /home/runner/work/daddyboard/daddyboard/daddyboard-main/app/src/main/jni/src/defines.h:289:8: note: expanded from macro 'DISALLOW_ASSIGNMENT_OPERATOR'
build	Build DaddyBoard (HeliBoard fork)	2026-09-30T16:06:15.6039543Z C/C++:   289 |   void operator=(const TypeName&) = delete
build	Build DaddyBoard (HeliBoard fork)	2026-09-30T16:06:15.6040135Z C/C++:       |        ^
build	Build DaddyBoard (HeliBoard fork)	2026-09-30T16:06:15.6042110Z C/C++: /home/runner/work/daddyboard/daddyboard/daddyboard-main/app/src/main/jni/src/dictionary/property/ngram_property.h:33:42: note: in implicit copy constructor for 'latinime::HistoricalInfo' first required here
build	Build DaddyBoard (HeliBoard fork)	2026-09-30T16:06:15.6044019Z C/C++:    33 |               mProbability(probability), mHistoricalInfo(historicalInfo) {}
build	Build DaddyBoard (HeliBoard fork)	2026-09-30T16:06:15.6045073Z C/C++:       |                                          ^
build	Build DaddyBoard (HeliBoard fork)	2026-09-30T16:06:15.6046357Z C/C++: In file included from /home/runner/work/daddyboard/daddyboard/daddyboard-main/app/src/main/jni/src/suggest/core/session/dic_traverse_session.cpp:17:
--
build	Build DaddyBoard (HeliBoard fork)	2026-09-30T16:06:15.6057690Z C/C++: /home/runner/work/daddyboard/daddyboard/daddyboard-main/app/src/main/jni/src/dictionary/property/unigram_property.h:126:5: warning: definition of implicit copy constructor for 'UnigramProperty' is deprecated because it has a user-declared copy assignment operator [-Wdeprecated-copy]
build	Build DaddyBoard (HeliBoard fork)	2026-09-30T16:06:15.6059969Z C/C++:   126 |     DISALLOW_ASSIGNMENT_OPERATOR(UnigramProperty);
build	Build DaddyBoard (HeliBoard fork)	2026-09-30T16:06:15.6060600Z C/C++:       |     ^
build	Build DaddyBoard (HeliBoard fork)	2026-09-30T16:06:15.6061769Z C/C++: /home/runner/work/daddyboard/daddyboard/daddyboard-main/app/src/main/jni/src/defines.h:289:8: note: expanded from macro 'DISALLOW_ASSIGNMENT_OPERATOR'
build	Build DaddyBoard (HeliBoard fork)	2026-09-30T16:06:15.6063141Z C/C++:   289 |   void operator=(const TypeName&) = delete
build	Build DaddyBoard (HeliBoard fork)	2026-09-30T16:06:15.6063693Z C/C++:       |        ^
build	Build DaddyBoard (HeliBoard fork)	2026-09-30T16:06:15.6065502Z C/C++: /home/runner/work/daddyboard/daddyboard/daddyboard-main/app/src/main/jni/src/dictionary/property/word_property.h:38:51: note: in implicit copy constructor for 'latinime::UnigramProperty' first required here
build	Build DaddyBoard (HeliBoard fork)	2026-09-30T16:06:15.6067753Z C/C++:    38 |             : mCodePoints(std::move(codePoints)), mUnigramProperty(unigramProperty),
build	Build DaddyBoard (HeliBoard fork)	2026-09-30T16:06:15.6068620Z C/C++:       |                                                   ^
build	Build DaddyBoard (HeliBoard fork)	2026-09-30T16:06:15.6069961Z C/C++: In file included from /home/runner/work/daddyboard/daddyboard/daddyboard-main/app/src/main/jni/src/suggest/core/session/dic_traverse_session.cpp:17:
--
build	Build DaddyBoard (HeliBoard fork)	2026-09-30T16:06:15.6077005Z C/C++: /home/runner/work/daddyboard/daddyboard/daddyboard-main/app/src/main/jni/src/dictionary/utils/bloom_filter.h:47:5: warning: definition of implicit copy constructor for 'BloomFilter' is deprecated because it has a user-declared copy assignment operator [-Wdeprecated-copy]
build	Build DaddyBoard (HeliBoard fork)	2026-09-30T16:06:15.6079202Z C/C++:    47 |     DISALLOW_ASSIGNMENT_OPERATOR(BloomFilter);
build	Build DaddyBoard (HeliBoard fork)	2026-09-30T16:06:15.6079776Z C/C++:       |     ^
build	Build DaddyBoard (HeliBoard fork)	2026-09-30T16:06:15.6080928Z C/C++: /home/runner/work/daddyboard/daddyboard/daddyboard-main/app/src/main/jni/src/defines.h:289:8: note: expanded from macro 'DISALLOW_ASSIGNMENT_OPERATOR'
build	Build DaddyBoard (HeliBoard fork)	2026-09-30T16:06:15.6082305Z C/C++:   289 |   void operator=(const TypeName&) = delete
build	Build DaddyBoard (HeliBoard fork)	2026-09-30T16:06:15.6082834Z C/C++:       |        ^
build	Build DaddyBoard (HeliBoard fork)	2026-09-30T16:06:15.6084909Z C/C++: /home/runner/work/daddyboard/daddyboard/daddyboard-main/app/src/main/jni/src/dictionary/utils/multi_bigram_map.h:57:53: note: in implicit copy constructor for 'latinime::BloomFilter' first required here
build	Build DaddyBoard (HeliBoard fork)	2026-09-30T16:06:15.6087170Z C/C++:    57 |                 : mBigramMap(bigramMap.mBigramMap), mBloomFilter(bigramMap.mBloomFilter) {}
build	Build DaddyBoard (HeliBoard fork)	2026-09-30T16:06:15.6088076Z C/C++:       |                                                     ^
build	Build DaddyBoard (HeliBoard fork)	2026-09-30T16:06:15.6089454Z C/C++: In file included from /home/runner/work/daddyboard/daddyboard/daddyboard-main/app/src/main/jni/src/suggest/core/session/dic_traverse_session.cpp:17:
--
build	Build DaddyBoard (HeliBoard fork)	2026-09-30T16:06:15.6105049Z C/C++: /home/runner/work/daddyboard/daddyboard/daddyboard-main/app/src/main/jni/src/utils/int_array_view.h:160:5: warning: definition of implicit copy constructor for 'IntArrayView' is deprecated because it has a user-declared copy assignment operator [-Wdeprecated-copy]
build	Build DaddyBoard (HeliBoard fork)	2026-09-30T16:06:15.6107107Z C/C++:   160 |     DISALLOW_ASSIGNMENT_OPERATOR(IntArrayView);
build	Build DaddyBoard (HeliBoard fork)	2026-09-30T16:06:15.6107713Z C/C++:       |     ^
build	Build DaddyBoard (HeliBoard fork)	2026-09-30T16:06:15.6108888Z C/C++: /home/runner/work/daddyboard/daddyboard/daddyboard-main/app/src/main/jni/src/defines.h:289:8: note: expanded from macro 'DISALLOW_ASSIGNMENT_OPERATOR'
build	Build DaddyBoard (HeliBoard fork)	2026-09-30T16:06:15.6110234Z C/C++:   289 |   void operator=(const TypeName&) = delete
build	Build DaddyBoard (HeliBoard fork)	2026-09-30T16:06:15.6111034Z C/C++:       |        ^
build	Build DaddyBoard (HeliBoard fork)	2026-09-30T16:06:15.6112535Z C/C++: /home/runner/work/daddyboard/daddyboard/daddyboard-main/app/src/main/jni/src/suggest/core/dicnode/dic_node.h:110:53: note: in implicit copy constructor for 'latinime::IntArrayView' first required here
build	Build DaddyBoard (HeliBoard fork)	2026-09-30T16:06:15.6114334Z C/C++:   110 |         mDicNodeProperties.init(rootPtNodeArrayPos, prevWordIds);
build	Build DaddyBoard (HeliBoard fork)	2026-09-30T16:06:15.6115404Z C/C++:       |                                                     ^
build	Build DaddyBoard (HeliBoard fork)	2026-09-30T16:06:15.6116727Z C/C++: In file included from /home/runner/work/daddyboard/daddyboard/daddyboard-main/app/src/main/jni/src/suggest/core/session/dic_traverse_session.cpp:17:
--
build	Build DaddyBoard (HeliBoard fork)	2026-09-30T16:06:15.6128081Z C/C++: /home/runner/work/daddyboard/daddyboard/daddyboard-main/app/src/main/jni/src/dictionary/property/ngram_property.h:54:5: warning: definition of implicit copy constructor for 'NgramProperty' is deprecated because it has a user-declared copy assignment operator [-Wdeprecated-copy]
build	Build DaddyBoard (HeliBoard fork)	2026-09-30T16:06:15.6130340Z C/C++:    54 |     DISALLOW_ASSIGNMENT_OPERATOR(NgramProperty);
build	Build DaddyBoard (HeliBoard fork)	2026-09-30T16:06:15.6131210Z C/C++:       |     ^
build	Build DaddyBoard (HeliBoard fork)	2026-09-30T16:06:15.6132344Z C/C++: /home/runner/work/daddyboard/daddyboard/daddyboard-main/app/src/main/jni/src/defines.h:289:8: note: expanded from macro 'DISALLOW_ASSIGNMENT_OPERATOR'
build	Build DaddyBoard (HeliBoard fork)	2026-09-30T16:06:15.6133699Z C/C++:   289 |   void operator=(const TypeName&) = delete
build	Build DaddyBoard (HeliBoard fork)	2026-09-30T16:06:15.6134250Z C/C++:       |        ^
build	Build DaddyBoard (HeliBoard fork)	2026-09-30T16:06:15.6136121Z C/C++: /usr/local/lib/android/sdk/ndk/28.0.13004108/toolchains/llvm/prebuilt/linux-x86_64/sysroot/usr/include/c++/v1/__memory/allocator.h:173:24: note: in implicit copy constructor for 'latinime::NgramProperty' first required here
build	Build DaddyBoard (HeliBoard fork)	2026-09-30T16:06:15.6137981Z C/C++:   173 |     ::new ((void*)__p) _Up(std::forward<_Args>(__args)...);
build	Build DaddyBoard (HeliBoard fork)	2026-09-30T16:06:15.6138649Z C/C++:       |                        ^
build	Build DaddyBoard (HeliBoard fork)	2026-09-30T16:06:15.6141112Z C/C++: /usr/local/lib/android/sdk/ndk/28.0.13004108/toolchains/llvm/prebuilt/linux-x86_64/sysroot/usr/include/c++/v1/__memory/allocator_traits.h:320:9: note: in instantiation of function template specialization 'std::allocator<latinime::NgramProperty>::construct<latinime::NgramProperty, latinime::NgramProperty &>' requested here
build	Build DaddyBoard (HeliBoard fork)	2026-09-30T16:06:15.6143661Z C/C++:   320 |     __a.construct(__p, std::forward<_Args>(__args)...);
build	Build DaddyBoard (HeliBoard fork)	2026-09-30T16:06:15.6144305Z C/C++:       |         ^
build	Build DaddyBoard (HeliBoard fork)	2026-09-30T16:06:15.6147078Z C/C++: /usr/local/lib/android/sdk/ndk/28.0.13004108/toolchains/llvm/prebuilt/linux-x86_64/sysroot/usr/include/c++/v1/__memory/uninitialized_algorithms.h:551:31: note: in instantiation of function template specialization 'std::allocator_traits<std::allocator<latinime::NgramProperty>>::construct<latinime::NgramProperty, latinime::NgramProperty &, 0>' requested here
build	Build DaddyBoard (HeliBoard fork)	2026-09-30T16:06:15.6150114Z C/C++:   551 |     allocator_traits<_Alloc>::construct(__alloc, std::__to_address(__first2), *__first1);
build	Build DaddyBoard (HeliBoard fork)	2026-09-30T16:06:15.6150976Z C/C++:       |                               ^
build	Build DaddyBoard (HeliBoard fork)	2026-09-30T16:06:15.6153830Z C/C++: /usr/local/lib/android/sdk/ndk/28.0.13004108/toolchains/llvm/prebuilt/linux-x86_64/sysroot/usr/include/c++/v1/__memory/uninitialized_algorithms.h:594:33: note: in instantiation of function template specialization 'std::__uninitialized_allocator_copy_impl<std::allocator<latinime::NgramProperty>, latinime::NgramProperty *, latinime::NgramProperty *, latinime::NgramProperty *>' requested here
build	Build DaddyBoard (HeliBoard fork)	2026-09-30T16:06:15.6157353Z C/C++:   594 |   auto __result          = std::__uninitialized_allocator_copy_impl(
build	Build DaddyBoard (HeliBoard fork)	2026-09-30T16:06:15.6158096Z C/C++:       |                                 ^
build	Build DaddyBoard (HeliBoard fork)	2026-09-30T16:06:15.6160686Z C/C++: /usr/local/lib/android/sdk/ndk/28.0.13004108/toolchains/llvm/prebuilt/linux-x86_64/sysroot/usr/include/c++/v1/vector:1100:22: note: in instantiation of function template specialization 'std::__uninitialized_allocator_copy<std::allocator<latinime::NgramProperty>, latinime::NgramProperty *, latinime::NgramProperty *, latinime::NgramProperty *>' requested here
build	Build DaddyBoard (HeliBoard fork)	2026-09-30T16:06:15.6163546Z C/C++:  1100 |   __tx.__pos_ = std::__uninitialized_allocator_copy(__alloc(), __first, __last, __tx.__pos_);
build	Build DaddyBoard (HeliBoard fork)	2026-09-30T16:06:15.6164617Z C/C++:       |                      ^
build	Build DaddyBoard (HeliBoard fork)	2026-09-30T16:06:15.6166836Z C/C++: /usr/local/lib/android/sdk/ndk/28.0.13004108/toolchains/llvm/prebuilt/linux-x86_64/sysroot/usr/include/c++/v1/vector:761:7: note: in instantiation of function template specialization 'std::vector<latinime::NgramProperty>::__construct_at_end<latinime::NgramProperty *, latinime::NgramProperty *>' requested here
build	Build DaddyBoard (HeliBoard fork)	2026-09-30T16:06:15.6169208Z C/C++:   761 |       __construct_at_end(__first, __last, __n);
build	Build DaddyBoard (HeliBoard fork)	2026-09-30T16:06:15.6169780Z C/C++:       |       ^
build	Build DaddyBoard (HeliBoard fork)	2026-09-30T16:06:15.6171850Z C/C++: /usr/local/lib/android/sdk/ndk/28.0.13004108/toolchains/llvm/prebuilt/linux-x86_64/sysroot/usr/include/c++/v1/vector:1213:3: note: in instantiation of function template specialization 'std::vector<latinime::NgramProperty>::__init_with_size<latinime::NgramProperty *, latinime::NgramProperty *>' requested here
build	Build DaddyBoard (HeliBoard fork)	2026-09-30T16:06:15.6174255Z C/C++:  1213 |   __init_with_size(__x.__begin_, __x.__end_, __x.size());
build	Build DaddyBoard (HeliBoard fork)	2026-09-30T16:06:15.6175462Z C/C++:       |   ^
build	Build DaddyBoard (HeliBoard fork)	2026-09-30T16:06:15.6177127Z C/C++: /home/runner/work/daddyboard/daddyboard/daddyboard-main/app/src/main/jni/src/dictionary/property/word_property.h:39:15: note: in instantiation of member function 'std::vector<latinime::NgramProperty>::vector' requested here
build	Build DaddyBoard (HeliBoard fork)	2026-09-30T16:06:15.6178871Z C/C++:    39 |               mNgrams(ngrams) {}
build	Build DaddyBoard (HeliBoard fork)	2026-09-30T16:06:15.6179389Z C/C++:       |               ^
build	Build DaddyBoard (HeliBoard fork)	2026-09-30T16:06:15.6179830Z C/C++: 5 warnings generated.
--
build	Build DaddyBoard (HeliBoard fork)	2026-09-30T16:06:15.6192444Z C/C++: /home/runner/work/daddyboard/daddyboard/daddyboard-main/app/src/main/jni/src/dictionary/property/historical_info.h:52:5: warning: definition of implicit copy constructor for 'HistoricalInfo' is deprecated because it has a user-declared copy assignment operator [-Wdeprecated-copy]
build	Build DaddyBoard (HeliBoard fork)	2026-09-30T16:06:15.6194813Z C/C++:    52 |     DISALLOW_ASSIGNMENT_OPERATOR(HistoricalInfo);
build	Build DaddyBoard (HeliBoard fork)	2026-09-30T16:06:15.6195423Z C/C++:       |     ^
build	Build DaddyBoard (HeliBoard fork)	2026-09-30T16:06:15.6196533Z C/C++: /home/runner/work/daddyboard/daddyboard/daddyboard-main/app/src/main/jni/src/defines.h:289:8: note: expanded from macro 'DISALLOW_ASSIGNMENT_OPERATOR'
build	Build DaddyBoard (HeliBoard fork)	2026-09-30T16:06:15.6197849Z C/C++:   289 |   void operator=(const TypeName&) = delete
build	Build DaddyBoard (HeliBoard fork)	2026-09-30T16:06:15.6198384Z C/C++:       |        ^
build	Build DaddyBoard (HeliBoard fork)	2026-09-30T16:06:15.6199876Z C/C++: /home/runner/work/daddyboard/daddyboard/daddyboard-main/app/src/main/jni/src/dictionary/property/ngram_property.h:33:42: note: in implicit copy constructor for 'latinime::HistoricalInfo' first required here
build	Build DaddyBoard (HeliBoard fork)	2026-09-30T16:06:15.6201898Z C/C++:    33 |               mProbability(probability), mHistoricalInfo(historicalInfo) {}
build	Build DaddyBoard (HeliBoard fork)	2026-09-30T16:06:15.6202656Z C/C++:       |                                          ^
build	Build DaddyBoard (HeliBoard fork)	2026-09-30T16:06:15.6203886Z C/C++: In file included from /home/runner/work/daddyboard/daddyboard/daddyboard-main/app/src/main/jni/src/suggest/core/result/suggestion_results.cpp:17:
--
build	Build DaddyBoard (HeliBoard fork)	2026-09-30T16:06:15.6217045Z C/C++: /home/runner/work/daddyboard/daddyboard/daddyboard-main/app/src/main/jni/src/dictionary/property/unigram_property.h:126:5: warning: definition of implicit copy constructor for 'UnigramProperty' is deprecated because it has a user-declared copy assignment operator [-Wdeprecated-copy]
build	Build DaddyBoard (HeliBoard fork)	2026-09-30T16:06:15.6219591Z C/C++:   126 |     DISALLOW_ASSIGNMENT_OPERATOR(UnigramProperty);
build	Build DaddyBoard (HeliBoard fork)	2026-09-30T16:06:15.6220189Z C/C++:       |     ^
build	Build DaddyBoard (HeliBoard fork)	2026-09-30T16:06:15.6221314Z C/C++: /home/runner/work/daddyboard/daddyboard/daddyboard-main/app/src/main/jni/src/defines.h:289:8: note: expanded from macro 'DISALLOW_ASSIGNMENT_OPERATOR'
build	Build DaddyBoard (HeliBoard fork)	2026-09-30T16:06:15.6222649Z C/C++:   289 |   void operator=(const TypeName&) = delete
build	Build DaddyBoard (HeliBoard fork)	2026-09-30T16:06:15.6223232Z C/C++:       |        ^
build	Build DaddyBoard (HeliBoard fork)	2026-09-30T16:06:15.6225023Z C/C++: /home/runner/work/daddyboard/daddyboard/daddyboard-main/app/src/main/jni/src/dictionary/property/word_property.h:38:51: note: in implicit copy constructor for 'latinime::UnigramProperty' first required here
build	Build DaddyBoard (HeliBoard fork)	2026-09-30T16:06:15.6226940Z C/C++:    38 |             : mCodePoints(std::move(codePoints)), mUnigramProperty(unigramProperty),
build	Build DaddyBoard (HeliBoard fork)	2026-09-30T16:06:15.6227779Z C/C++:       |                                                   ^
build	Build DaddyBoard (HeliBoard fork)	2026-09-30T16:06:15.6229068Z C/C++: In file included from /home/runner/work/daddyboard/daddyboard/daddyboard-main/app/src/main/jni/src/suggest/core/result/suggestion_results.cpp:19:
build	Build DaddyBoard (HeliBoard fork)	2026-09-30T16:06:15.6231299Z C/C++: /home/runner/work/daddyboard/daddyboard/daddyboard-main/app/src/main/jni/src/utils/jni_data_utils.h:52:27: warning: variable length arrays in C++ are a Clang extension [-Wvla-cxx-extension]
build	Build DaddyBoard (HeliBoard fork)	2026-09-30T16:06:15.6232881Z C/C++:    52 |             char keyChars[keyUtf8Length + 1];
build	Build DaddyBoard (HeliBoard fork)	2026-09-30T16:06:15.6233476Z C/C++:       |                           ^~~~~~~~~~~~~~~~~
build	Build DaddyBoard (HeliBoard fork)	2026-09-30T16:06:15.6235118Z C/C++: /home/runner/work/daddyboard/daddyboard/daddyboard-main/app/src/main/jni/src/utils/jni_data_utils.h:52:27: note: initializer of 'keyUtf8Length' is not a constant expression
build	Build DaddyBoard (HeliBoard fork)	2026-09-30T16:06:15.6237086Z C/C++: /home/runner/work/daddyboard/daddyboard/daddyboard-main/app/src/main/jni/src/utils/jni_data_utils.h:51:25: note: declared here
build	Build DaddyBoard (HeliBoard fork)	2026-09-30T16:06:15.6238432Z C/C++:    51 |             const jsize keyUtf8Length = env->GetStringUTFLength(keyString);
build	Build DaddyBoard (HeliBoard fork)	2026-09-30T16:06:15.6239154Z C/C++:       |                         ^
build	Build DaddyBoard (HeliBoard fork)	2026-09-30T16:06:15.6240541Z C/C++: /home/runner/work/daddyboard/daddyboard/daddyboard-main/app/src/main/jni/src/utils/jni_data_utils.h:62:29: warning: variable length arrays in C++ are a Clang extension [-Wvla-cxx-extension]
build	Build DaddyBoard (HeliBoard fork)	2026-09-30T16:06:15.6242533Z C/C++:    62 |             char valueChars[valueUtf8Length + 1];
build	Build DaddyBoard (HeliBoard fork)	2026-09-30T16:06:15.6243177Z C/C++:       |                             ^~~~~~~~~~~~~~~~~~~
build	Build DaddyBoard (HeliBoard fork)	2026-09-30T16:06:15.6244870Z C/C++: /home/runner/work/daddyboard/daddyboard/daddyboard-main/app/src/main/jni/src/utils/jni_data_utils.h:62:29: note: initializer of 'valueUtf8Length' is not a constant expression
build	Build DaddyBoard (HeliBoard fork)	2026-09-30T16:06:15.6246867Z C/C++: /home/runner/work/daddyboard/daddyboard/daddyboard-main/app/src/main/jni/src/utils/jni_data_utils.h:61:25: note: declared here
build	Build DaddyBoard (HeliBoard fork)	2026-09-30T16:06:15.6248272Z C/C++:    61 |             const jsize valueUtf8Length = env->GetStringUTFLength(valueString);
build	Build DaddyBoard (HeliBoard fork)	2026-09-30T16:06:15.6249036Z C/C++:       |                         ^
build	Build DaddyBoard (HeliBoard fork)	2026-09-30T16:06:15.6250522Z C/C++: /home/runner/work/daddyboard/daddyboard/daddyboard-main/app/src/main/jni/src/utils/jni_data_utils.h:77:29: warning: variable length arrays in C++ are a Clang extension [-Wvla-cxx-extension]
build	Build DaddyBoard (HeliBoard fork)	2026-09-30T16:06:15.6252167Z C/C++:    77 |         int outputCodePonts[codePointBufSize];
build	Build DaddyBoard (HeliBoard fork)	2026-09-30T16:06:15.6252830Z C/C++:       |                             ^~~~~~~~~~~~~~~~
build	Build DaddyBoard (HeliBoard fork)	2026-09-30T16:06:15.6254217Z C/C++: /home/runner/work/daddyboard/daddyboard/daddyboard-main/app/src/main/jni/src/utils/jni_data_utils.h:77:29: note: initializer of 'codePointBufSize' is not a constant expression
build	Build DaddyBoard (HeliBoard fork)	2026-09-30T16:06:15.6256407Z C/C++: /home/runner/work/daddyboard/daddyboard/daddyboard-main/app/src/main/jni/src/utils/jni_data_utils.h:76:19: note: declared here
build	Build DaddyBoard (HeliBoard fork)	2026-09-30T16:06:15.6257711Z C/C++:    76 |         const int codePointBufSize = std::min(maxLength, codePointCount);
build	Build DaddyBoard (HeliBoard fork)	2026-09-30T16:06:15.6258487Z C/C++:       |                   ^
build	Build DaddyBoard (HeliBoard fork)	2026-09-30T16:06:15.6259977Z C/C++: /home/runner/work/daddyboard/daddyboard/daddyboard-main/app/src/main/jni/src/suggest/core/result/suggestion_results.cpp:100:9: warning: variable 'index' set but not used [-Wunused-but-set-variable]
--
build	Build DaddyBoard (HeliBoard fork)	2026-09-30T16:06:15.6280684Z C/C++: /home/runner/work/daddyboard/daddyboard/daddyboard-main/app/src/main/jni/src/utils/int_array_view.h:160:5: warning: definition of implicit copy constructor for 'IntArrayView' is deprecated because it has a user-declared copy assignment operator [-Wdeprecated-copy]
build	Build DaddyBoard (HeliBoard fork)	2026-09-30T16:06:15.6282821Z C/C++:   160 |     DISALLOW_ASSIGNMENT_OPERATOR(IntArrayView);
build	Build DaddyBoard (HeliBoard fork)	2026-09-30T16:06:15.6283396Z C/C++:       |     ^
build	Build DaddyBoard (HeliBoard fork)	2026-09-30T16:06:15.6284805Z C/C++: /home/runner/work/daddyboard/daddyboard/daddyboard-main/app/src/main/jni/src/defines.h:289:8: note: expanded from macro 'DISALLOW_ASSIGNMENT_OPERATOR'
build	Build DaddyBoard (HeliBoard fork)	2026-09-30T16:06:15.6286409Z C/C++:   289 |   void operator=(const TypeName&) = delete
build	Build DaddyBoard (HeliBoard fork)	2026-09-30T16:06:15.6287389Z C/C++:       |        ^
build	Build DaddyBoard (HeliBoard fork)	2026-09-30T16:06:15.6288987Z C/C++: /usr/local/lib/android/sdk/ndk/28.0.13004108/toolchains/llvm/prebuilt/linux-x86_64/sysroot/usr/include/c++/v1/__memory/allocator.h:173:24: note: in implicit copy constructor for 'latinime::IntArrayView' first required here
build	Build DaddyBoard (HeliBoard fork)	2026-09-30T16:06:15.6290818Z C/C++:   173 |     ::new ((void*)__p) _Up(std::forward<_Args>(__args)...);
build	Build DaddyBoard (HeliBoard fork)	2026-09-30T16:06:15.6291440Z C/C++:       |                        ^
build	Build DaddyBoard (HeliBoard fork)	2026-09-30T16:06:15.6293699Z C/C++: /usr/local/lib/android/sdk/ndk/28.0.13004108/toolchains/llvm/prebuilt/linux-x86_64/sysroot/usr/include/c++/v1/__memory/allocator_traits.h:320:9: note: in instantiation of function template specialization 'std::allocator<latinime::IntArrayView>::construct<latinime::IntArrayView, latinime::IntArrayView>' requested here
build	Build DaddyBoard (HeliBoard fork)	2026-09-30T16:06:15.6296438Z C/C++:   320 |     __a.construct(__p, std::forward<_Args>(__args)...);
build	Build DaddyBoard (HeliBoard fork)	2026-09-30T16:06:15.6297053Z C/C++:       |         ^
build	Build DaddyBoard (HeliBoard fork)	2026-09-30T16:06:15.6299436Z C/C++: /usr/local/lib/android/sdk/ndk/28.0.13004108/toolchains/llvm/prebuilt/linux-x86_64/sysroot/usr/include/c++/v1/__memory/uninitialized_algorithms.h:639:33: note: in instantiation of function template specialization 'std::allocator_traits<std::allocator<latinime::IntArrayView>>::construct<latinime::IntArrayView, latinime::IntArrayView, 0>' requested here
build	Build DaddyBoard (HeliBoard fork)	2026-09-30T16:06:15.6302279Z C/C++:   639 |       allocator_traits<_Alloc>::construct(__alloc, __result, std::move(*__iter));
build	Build DaddyBoard (HeliBoard fork)	2026-09-30T16:06:15.6303112Z C/C++:       |                                 ^
build	Build DaddyBoard (HeliBoard fork)	2026-09-30T16:06:15.6305182Z C/C++: /usr/local/lib/android/sdk/ndk/28.0.13004108/toolchains/llvm/prebuilt/linux-x86_64/sysroot/usr/include/c++/v1/vector:1511:3: note: in instantiation of member function 'std::vector<latinime::IntArrayView>::__swap_out_circular_buffer' requested here
build	Build DaddyBoard (HeliBoard fork)	2026-09-30T16:06:15.6307393Z C/C++:  1511 |   __swap_out_circular_buffer(__v);
build	Build DaddyBoard (HeliBoard fork)	2026-09-30T16:06:15.6307915Z C/C++:       |   ^
build	Build DaddyBoard (HeliBoard fork)	2026-09-30T16:06:15.6309935Z C/C++: /usr/local/lib/android/sdk/ndk/28.0.13004108/toolchains/llvm/prebuilt/linux-x86_64/sysroot/usr/include/c++/v1/vector:1529:13: note: in instantiation of function template specialization 'std::vector<latinime::IntArrayView>::__emplace_back_slow_path<const int *const &, const unsigned long &>' requested here
build	Build DaddyBoard (HeliBoard fork)	2026-09-30T16:06:15.6312251Z C/C++:  1529 |     __end = __emplace_back_slow_path(std::forward<_Args>(__args)...);
build	Build DaddyBoard (HeliBoard fork)	2026-09-30T16:06:15.6312935Z C/C++:       |             ^
build	Build DaddyBoard (HeliBoard fork)	2026-09-30T16:06:15.6315112Z C/C++: /home/runner/work/daddyboard/daddyboard/daddyboard-main/app/src/main/jni/src/utils/int_array_view.h:142:20: note: in instantiation of function template specialization 'std::vector<latinime::IntArrayView>::emplace_back<const int *const &, const unsigned long &>' requested here
build	Build DaddyBoard (HeliBoard fork)	2026-09-30T16:06:15.6317226Z C/C++:   142 |             result.emplace_back(mPtr, mSize);
build	Build DaddyBoard (HeliBoard fork)	2026-09-30T16:06:15.6317769Z C/C++:       |                    ^
build	Build DaddyBoard (HeliBoard fork)	2026-09-30T16:06:15.6318927Z C/C++: In file included from /home/runner/work/daddyboard/daddyboard/daddyboard-main/app/src/main/jni/src/suggest/core/result/suggestion_results.cpp:17:
--
build	Build DaddyBoard (HeliBoard fork)	2026-09-30T16:06:15.6331912Z C/C++: /home/runner/work/daddyboard/daddyboard/daddyboard-main/app/src/main/jni/src/dictionary/property/ngram_property.h:54:5: warning: definition of implicit copy constructor for 'NgramProperty' is deprecated because it has a user-declared copy assignment operator [-Wdeprecated-copy]
build	Build DaddyBoard (HeliBoard fork)	2026-09-30T16:06:15.6334110Z C/C++:    54 |     DISALLOW_ASSIGNMENT_OPERATOR(NgramProperty);
build	Build DaddyBoard (HeliBoard fork)	2026-09-30T16:06:15.6334960Z C/C++:       |     ^
build	Build DaddyBoard (HeliBoard fork)	2026-09-30T16:06:15.6336122Z C/C++: /home/runner/work/daddyboard/daddyboard/daddyboard-main/app/src/main/jni/src/defines.h:289:8: note: expanded from macro 'DISALLOW_ASSIGNMENT_OPERATOR'
build	Build DaddyBoard (HeliBoard fork)	2026-09-30T16:06:15.6337474Z C/C++:   289 |   void operator=(const TypeName&) = delete
build	Build DaddyBoard (HeliBoard fork)	2026-09-30T16:06:15.6338021Z C/C++:       |        ^
build	Build DaddyBoard (HeliBoard fork)	2026-09-30T16:06:15.6339617Z C/C++: /usr/local/lib/android/sdk/ndk/28.0.13004108/toolchains/llvm/prebuilt/linux-x86_64/sysroot/usr/include/c++/v1/__memory/allocator.h:173:24: note: in implicit copy constructor for 'latinime::NgramProperty' first required here
build	Build DaddyBoard (HeliBoard fork)	2026-09-30T16:06:15.6341387Z C/C++:   173 |     ::new ((void*)__p) _Up(std::forward<_Args>(__args)...);
build	Build DaddyBoard (HeliBoard fork)	2026-09-30T16:06:15.6342035Z C/C++:       |                        ^
build	Build DaddyBoard (HeliBoard fork)	2026-09-30T16:06:15.6344294Z C/C++: /usr/local/lib/android/sdk/ndk/28.0.13004108/toolchains/llvm/prebuilt/linux-x86_64/sysroot/usr/include/c++/v1/__memory/allocator_traits.h:320:9: note: in instantiation of function template specialization 'std::allocator<latinime::NgramProperty>::construct<latinime::NgramProperty, latinime::NgramProperty &>' requested here
build	Build DaddyBoard (HeliBoard fork)	2026-09-30T16:06:15.6346998Z C/C++:   320 |     __a.construct(__p, std::forward<_Args>(__args)...);
build	Build DaddyBoard (HeliBoard fork)	2026-09-30T16:06:15.6347968Z C/C++:       |         ^
build	Build DaddyBoard (HeliBoard fork)	2026-09-30T16:06:15.6350456Z C/C++: /usr/local/lib/android/sdk/ndk/28.0.13004108/toolchains/llvm/prebuilt/linux-x86_64/sysroot/usr/include/c++/v1/__memory/uninitialized_algorithms.h:551:31: note: in instantiation of function template specialization 'std::allocator_traits<std::allocator<latinime::NgramProperty>>::construct<latinime::NgramProperty, latinime::NgramProperty &, 0>' requested here
build	Build DaddyBoard (HeliBoard fork)	2026-09-30T16:06:15.6353336Z C/C++:   551 |     allocator_traits<_Alloc>::construct(__alloc, std::__to_address(__first2), *__first1);
build	Build DaddyBoard (HeliBoard fork)	2026-09-30T16:06:15.6354188Z C/C++:       |                               ^
build	Build DaddyBoard (HeliBoard fork)	2026-09-30T16:06:15.6357205Z C/C++: /usr/local/lib/android/sdk/ndk/28.0.13004108/toolchains/llvm/prebuilt/linux-x86_64/sysroot/usr/include/c++/v1/__memory/uninitialized_algorithms.h:594:33: note: in instantiation of function template specialization 'std::__uninitialized_allocator_copy_impl<std::allocator<latinime::NgramProperty>, latinime::NgramProperty *, latinime::NgramProperty *, latinime::NgramProperty *>' requested here
build	Build DaddyBoard (HeliBoard fork)	2026-09-30T16:06:15.6360122Z C/C++:   594 |   auto __result          = std::__uninitialized_allocator_copy_impl(
build	Build DaddyBoard (HeliBoard fork)	2026-09-30T16:06:15.6360794Z C/C++:       |                                 ^
build	Build DaddyBoard (HeliBoard fork)	2026-09-30T16:06:15.6363304Z C/C++: /usr/local/lib/android/sdk/ndk/28.0.13004108/toolchains/llvm/prebuilt/linux-x86_64/sysroot/usr/include/c++/v1/vector:1100:22: note: in instantiation of function template specialization 'std::__uninitialized_allocator_copy<std::allocator<latinime::NgramProperty>, latinime::NgramProperty *, latinime::NgramProperty *, latinime::NgramProperty *>' requested here
build	Build DaddyBoard (HeliBoard fork)	2026-09-30T16:06:15.6366366Z C/C++:  1100 |   __tx.__pos_ = std::__uninitialized_allocator_copy(__alloc(), __first, __last, __tx.__pos_);
build	Build DaddyBoard (HeliBoard fork)	2026-09-30T16:06:15.6367215Z C/C++:       |                      ^
build	Build DaddyBoard (HeliBoard fork)	2026-09-30T16:06:15.6369397Z C/C++: /usr/local/lib/android/sdk/ndk/28.0.13004108/toolchains/llvm/prebuilt/linux-x86_64/sysroot/usr/include/c++/v1/vector:761:7: note: in instantiation of function template specialization 'std::vector<latinime::NgramProperty>::__construct_at_end<latinime::NgramProperty *, latinime::NgramProperty *>' requested here
build	Build DaddyBoard (HeliBoard fork)	2026-09-30T16:06:15.6371677Z C/C++:   761 |       __construct_at_end(__first, __last, __n);
build	Build DaddyBoard (HeliBoard fork)	2026-09-30T16:06:15.6372453Z C/C++:       |       ^
build	Build DaddyBoard (HeliBoard fork)	2026-09-30T16:06:15.6374754Z C/C++: /usr/local/lib/android/sdk/ndk/28.0.13004108/toolchains/llvm/prebuilt/linux-x86_64/sysroot/usr/include/c++/v1/vector:1213:3: note: in instantiation of function template specialization 'std::vector<latinime::NgramProperty>::__init_with_size<latinime::NgramProperty *, latinime::NgramProperty *>' requested here
build	Build DaddyBoard (HeliBoard fork)	2026-09-30T16:06:15.6377042Z C/C++:  1213 |   __init_with_size(__x.__begin_, __x.__end_, __x.size());
build	Build DaddyBoard (HeliBoard fork)	2026-09-30T16:06:15.6377727Z C/C++:       |   ^
build	Build DaddyBoard (HeliBoard fork)	2026-09-30T16:06:15.6379373Z C/C++: /home/runner/work/daddyboard/daddyboard/daddyboard-main/app/src/main/jni/src/dictionary/property/word_property.h:39:15: note: in instantiation of member function 'std::vector<latinime::NgramProperty>::vector' requested here
build	Build DaddyBoard (HeliBoard fork)	2026-09-30T16:06:15.6381129Z C/C++:    39 |               mNgrams(ngrams) {}
build	Build DaddyBoard (HeliBoard fork)	2026-09-30T16:06:15.6381623Z C/C++:       |               ^
build	Build DaddyBoard (HeliBoard fork)	2026-09-30T16:06:15.6382752Z C/C++: In file included from /home/runner/work/daddyboard/daddyboard/daddyboard-main/app/src/main/jni/src/suggest/core/result/suggestion_results.cpp:17:
--
build	Build DaddyBoard (HeliBoard fork)	2026-09-30T16:06:15.6387973Z C/C++: /home/runner/work/daddyboard/daddyboard/daddyboard-main/app/src/main/jni/src/suggest/core/result/suggested_word.h:39:9: warning: definition of implicit copy constructor for 'Comparator' is deprecated because it has a user-declared copy assignment operator [-Wdeprecated-copy]
build	Build DaddyBoard (HeliBoard fork)	2026-09-30T16:06:15.6390093Z C/C++:    39 |         DISALLOW_ASSIGNMENT_OPERATOR(Comparator);
build	Build DaddyBoard (HeliBoard fork)	2026-09-30T16:06:15.6390640Z C/C++:       |         ^
build	Build DaddyBoard (HeliBoard fork)	2026-09-30T16:06:15.6392003Z C/C++: /home/runner/work/daddyboard/daddyboard/daddyboard-main/app/src/main/jni/src/defines.h:289:8: note: expanded from macro 'DISALLOW_ASSIGNMENT_OPERATOR'
build	Build DaddyBoard (HeliBoard fork)	2026-09-30T16:06:15.6393274Z C/C++:   289 |   void operator=(const TypeName&) = delete
build	Build DaddyBoard (HeliBoard fork)	2026-09-30T16:06:15.6393817Z C/C++:       |        ^
build	Build DaddyBoard (HeliBoard fork)	2026-09-30T16:06:15.6395550Z C/C++: /usr/local/lib/android/sdk/ndk/28.0.13004108/toolchains/llvm/prebuilt/linux-x86_64/sysroot/usr/include/c++/v1/queue:920:37: note: in implicit copy constructor for 'latinime::SuggestedWord::Comparator' first required here
build	Build DaddyBoard (HeliBoard fork)	2026-09-30T16:06:15.6397255Z C/C++:   920 |   std::pop_heap(c.begin(), c.end(), comp);
build	Build DaddyBoard (HeliBoard fork)	2026-09-30T16:06:15.6397814Z C/C++:       |                                     ^
build	Build DaddyBoard (HeliBoard fork)	2026-09-30T16:06:15.6400145Z C/C++: /home/runner/work/daddyboard/daddyboard/daddyboard-main/app/src/main/jni/src/suggest/core/result/suggestion_results.cpp:44:25: note: in instantiation of member function 'std::priority_queue<latinime::SuggestedWord, std::vector<latinime::SuggestedWord>, latinime::SuggestedWord::Comparator>::pop' requested here
build	Build DaddyBoard (HeliBoard fork)	2026-09-30T16:06:15.6402482Z C/C++:    44 |         mSuggestedWords.pop();
build	Build DaddyBoard (HeliBoard fork)	2026-09-30T16:06:15.6402992Z C/C++:       |                         ^
build	Build DaddyBoard (HeliBoard fork)	2026-09-30T16:06:15.6403450Z C/C++: 9 warnings generated.
--
build	Build DaddyBoard (HeliBoard fork)	2026-09-30T16:06:15.6411208Z C/C++: /home/runner/work/daddyboard/daddyboard/daddyboard-main/app/src/main/jni/src/utils/int_array_view.h:160:5: warning: definition of implicit copy constructor for 'IntArrayView' is deprecated because it has a user-declared copy assignment operator [-Wdeprecated-copy]
build	Build DaddyBoard (HeliBoard fork)	2026-09-30T16:06:15.6413286Z C/C++:   160 |     DISALLOW_ASSIGNMENT_OPERATOR(IntArrayView);
build	Build DaddyBoard (HeliBoard fork)	2026-09-30T16:06:15.6413864Z C/C++:       |     ^
build	Build DaddyBoard (HeliBoard fork)	2026-09-30T16:06:15.6415244Z C/C++: /home/runner/work/daddyboard/daddyboard/daddyboard-main/app/src/main/jni/src/defines.h:289:8: note: expanded from macro 'DISALLOW_ASSIGNMENT_OPERATOR'
build	Build DaddyBoard (HeliBoard fork)	2026-09-30T16:06:15.6416885Z C/C++:   289 |   void operator=(const TypeName&) = delete
build	Build DaddyBoard (HeliBoard fork)	2026-09-30T16:06:15.6417415Z C/C++:       |        ^
build	Build DaddyBoard (HeliBoard fork)	2026-09-30T16:06:15.6418844Z C/C++: /home/runner/work/daddyboard/daddyboard/daddyboard-main/app/src/main/jni/src/suggest/core/dicnode/dic_node.h:110:53: note: in implicit copy constructor for 'latinime::IntArrayView' first required here
build	Build DaddyBoard (HeliBoard fork)	2026-09-30T16:06:15.6420617Z C/C++:   110 |         mDicNodeProperties.init(rootPtNodeArrayPos, prevWordIds);
build	Build DaddyBoard (HeliBoard fork)	2026-09-30T16:06:15.6421399Z C/C++:       |                                                     ^
build	Build DaddyBoard (HeliBoard fork)	2026-09-30T16:06:15.6422759Z C/C++: In file included from /home/runner/work/daddyboard/daddyboard/daddyboard-main/app/src/main/jni/src/suggest/core/result/suggestions_output_utils.cpp:27:
--
build	Build DaddyBoard (HeliBoard fork)	2026-09-30T16:06:15.6433818Z C/C++: /home/runner/work/daddyboard/daddyboard/daddyboard-main/app/src/main/jni/src/dictionary/property/historical_info.h:52:5: warning: definition of implicit copy constructor for 'HistoricalInfo' is deprecated because it has a user-declared copy assignment operator [-Wdeprecated-copy]
build	Build DaddyBoard (HeliBoard fork)	2026-09-30T16:06:15.6436538Z C/C++:    52 |     DISALLOW_ASSIGNMENT_OPERATOR(HistoricalInfo);
build	Build DaddyBoard (HeliBoard fork)	2026-09-30T16:06:15.6437154Z C/C++:       |     ^
build	Build DaddyBoard (HeliBoard fork)	2026-09-30T16:06:15.6438318Z C/C++: /home/runner/work/daddyboard/daddyboard/daddyboard-main/app/src/main/jni/src/defines.h:289:8: note: expanded from macro 'DISALLOW_ASSIGNMENT_OPERATOR'
build	Build DaddyBoard (HeliBoard fork)	2026-09-30T16:06:15.6439653Z C/C++:   289 |   void operator=(const TypeName&) = delete
build	Build DaddyBoard (HeliBoard fork)	2026-09-30T16:06:15.6440197Z C/C++:       |        ^
build	Build DaddyBoard (HeliBoard fork)	2026-09-30T16:06:15.6441731Z C/C++: /home/runner/work/daddyboard/daddyboard/daddyboard-main/app/src/main/jni/src/dictionary/property/ngram_property.h:33:42: note: in implicit copy constructor for 'latinime::HistoricalInfo' first required here
build	Build DaddyBoard (HeliBoard fork)	2026-09-30T16:06:15.6443570Z C/C++:    33 |               mProbability(probability), mHistoricalInfo(historicalInfo) {}
build	Build DaddyBoard (HeliBoard fork)	2026-09-30T16:06:15.6444350Z C/C++:       |                                          ^
build	Build DaddyBoard (HeliBoard fork)	2026-09-30T16:06:15.6445896Z C/C++: In file included from /home/runner/work/daddyboard/daddyboard/daddyboard-main/app/src/main/jni/src/suggest/core/result/suggestions_output_utils.cpp:27:
--
build	Build DaddyBoard (HeliBoard fork)	2026-09-30T16:06:15.6458823Z C/C++: /home/runner/work/daddyboard/daddyboard/daddyboard-main/app/src/main/jni/src/dictionary/property/unigram_property.h:126:5: warning: definition of implicit copy constructor for 'UnigramProperty' is deprecated because it has a user-declared copy assignment operator [-Wdeprecated-copy]
build	Build DaddyBoard (HeliBoard fork)	2026-09-30T16:06:15.6461266Z C/C++:   126 |     DISALLOW_ASSIGNMENT_OPERATOR(UnigramProperty);
build	Build DaddyBoard (HeliBoard fork)	2026-09-30T16:06:15.6461846Z C/C++:       |     ^
build	Build DaddyBoard (HeliBoard fork)	2026-09-30T16:06:15.6462957Z C/C++: /home/runner/work/daddyboard/daddyboard/daddyboard-main/app/src/main/jni/src/defines.h:289:8: note: expanded from macro 'DISALLOW_ASSIGNMENT_OPERATOR'
build	Build DaddyBoard (HeliBoard fork)	2026-09-30T16:06:15.6464298Z C/C++:   289 |   void operator=(const TypeName&) = delete
build	Build DaddyBoard (HeliBoard fork)	2026-09-30T16:06:15.6465078Z C/C++:       |        ^
build	Build DaddyBoard (HeliBoard fork)	2026-09-30T16:06:15.6466615Z C/C++: /home/runner/work/daddyboard/daddyboard/daddyboard-main/app/src/main/jni/src/dictionary/property/word_property.h:38:51: note: in implicit copy constructor for 'latinime::UnigramProperty' first required here
build	Build DaddyBoard (HeliBoard fork)	2026-09-30T16:06:15.6468545Z C/C++:    38 |             : mCodePoints(std::move(codePoints)), mUnigramProperty(unigramProperty),
build	Build DaddyBoard (HeliBoard fork)	2026-09-30T16:06:15.6469397Z C/C++:       |                                                   ^
build	Build DaddyBoard (HeliBoard fork)	2026-09-30T16:06:15.6470693Z C/C++: In file included from /home/runner/work/daddyboard/daddyboard/daddyboard-main/app/src/main/jni/src/suggest/core/result/suggestions_output_utils.cpp:28:
--
build	Build DaddyBoard (HeliBoard fork)	2026-09-30T16:06:15.6477424Z C/C++: /home/runner/work/daddyboard/daddyboard/daddyboard-main/app/src/main/jni/src/dictionary/utils/bloom_filter.h:47:5: warning: definition of implicit copy constructor for 'BloomFilter' is deprecated because it has a user-declared copy assignment operator [-Wdeprecated-copy]
build	Build DaddyBoard (HeliBoard fork)	2026-09-30T16:06:15.6479748Z C/C++:    47 |     DISALLOW_ASSIGNMENT_OPERATOR(BloomFilter);
build	Build DaddyBoard (HeliBoard fork)	2026-09-30T16:06:15.6480306Z C/C++:       |     ^
build	Build DaddyBoard (HeliBoard fork)	2026-09-30T16:06:15.6481410Z C/C++: /home/runner/work/daddyboard/daddyboard/daddyboard-main/app/src/main/jni/src/defines.h:289:8: note: expanded from macro 'DISALLOW_ASSIGNMENT_OPERATOR'
build	Build DaddyBoard (HeliBoard fork)	2026-09-30T16:06:15.6482729Z C/C++:   289 |   void operator=(const TypeName&) = delete
build	Build DaddyBoard (HeliBoard fork)	2026-09-30T16:06:15.6483284Z C/C++:       |        ^
build	Build DaddyBoard (HeliBoard fork)	2026-09-30T16:06:15.6485014Z C/C++: /home/runner/work/daddyboard/daddyboard/daddyboard-main/app/src/main/jni/src/dictionary/utils/multi_bigram_map.h:57:53: note: in implicit copy constructor for 'latinime::BloomFilter' first required here
build	Build DaddyBoard (HeliBoard fork)	2026-09-30T16:06:15.6486932Z C/C++:    57 |                 : mBigramMap(bigramMap.mBigramMap), mBloomFilter(bigramMap.mBloomFilter) {}
build	Build DaddyBoard (HeliBoard fork)	2026-09-30T16:06:15.6487864Z C/C++:       |                                                     ^
build	Build DaddyBoard (HeliBoard fork)	2026-09-30T16:06:15.6489589Z C/C++: In file included from /home/runner/work/daddyboard/daddyboard/daddyboard-main/app/src/main/jni/src/suggest/core/result/suggestions_output_utils.cpp:17:
--
build	Build DaddyBoard (HeliBoard fork)	2026-09-30T16:06:15.6494607Z C/C++: /home/runner/work/daddyboard/daddyboard/daddyboard-main/app/src/main/jni/src/dictionary/property/word_attributes.h:59:5: warning: definition of implicit copy constructor for 'WordAttributes' is deprecated because it has a user-declared copy assignment operator [-Wdeprecated-copy]
build	Build DaddyBoard (HeliBoard fork)	2026-09-30T16:06:15.6496778Z C/C++:    59 |     DISALLOW_ASSIGNMENT_OPERATOR(WordAttributes);
build	Build DaddyBoard (HeliBoard fork)	2026-09-30T16:06:15.6497351Z C/C++:       |     ^
build	Build DaddyBoard (HeliBoard fork)	2026-09-30T16:06:15.6498456Z C/C++: /home/runner/work/daddyboard/daddyboard/daddyboard-main/app/src/main/jni/src/defines.h:289:8: note: expanded from macro 'DISALLOW_ASSIGNMENT_OPERATOR'
build	Build DaddyBoard (HeliBoard fork)	2026-09-30T16:06:15.6499752Z C/C++:   289 |   void operator=(const TypeName&) = delete
build	Build DaddyBoard (HeliBoard fork)	2026-09-30T16:06:15.6500301Z C/C++:       |        ^
build	Build DaddyBoard (HeliBoard fork)	2026-09-30T16:06:15.6502073Z C/C++: /home/runner/work/daddyboard/daddyboard/daddyboard-main/app/src/main/jni/src/suggest/core/result/suggestions_output_utils.cpp:161:30: note: in implicit copy constructor for 'WordAttributes' first required here
build	Build DaddyBoard (HeliBoard fork)	2026-09-30T16:06:15.6503915Z C/C++:   161 |             terminalDicNode, wordAttributes, true /* isLastWord */);
build	Build DaddyBoard (HeliBoard fork)	2026-09-30T16:06:15.6504814Z C/C++:       |                              ^
build	Build DaddyBoard (HeliBoard fork)	2026-09-30T16:06:15.6505943Z C/C++: In file included from /home/runner/work/daddyboard/daddyboard/daddyboard-main/app/src/main/jni/src/suggest/core/result/suggestions_output_utils.cpp:27:
--
build	Build DaddyBoard (HeliBoard fork)	2026-09-30T16:06:15.6518948Z C/C++: /home/runner/work/daddyboard/daddyboard/daddyboard-main/app/src/main/jni/src/dictionary/property/ngram_property.h:54:5: warning: definition of implicit copy constructor for 'NgramProperty' is deprecated because it has a user-declared copy assignment operator [-Wdeprecated-copy]
build	Build DaddyBoard (HeliBoard fork)	2026-09-30T16:06:15.6521468Z C/C++:    54 |     DISALLOW_ASSIGNMENT_OPERATOR(NgramProperty);
build	Build DaddyBoard (HeliBoard fork)	2026-09-30T16:06:15.6522076Z C/C++:       |     ^
build	Build DaddyBoard (HeliBoard fork)	2026-09-30T16:06:15.6523200Z C/C++: /home/runner/work/daddyboard/daddyboard/daddyboard-main/app/src/main/jni/src/defines.h:289:8: note: expanded from macro 'DISALLOW_ASSIGNMENT_OPERATOR'
build	Build DaddyBoard (HeliBoard fork)	2026-09-30T16:06:15.6524821Z C/C++:   289 |   void operator=(const TypeName&) = delete
build	Build DaddyBoard (HeliBoard fork)	2026-09-30T16:06:15.6525376Z C/C++:       |        ^
build	Build DaddyBoard (HeliBoard fork)	2026-09-30T16:06:15.6526972Z C/C++: /usr/local/lib/android/sdk/ndk/28.0.13004108/toolchains/llvm/prebuilt/linux-x86_64/sysroot/usr/include/c++/v1/__memory/allocator.h:173:24: note: in implicit copy constructor for 'latinime::NgramProperty' first required here
build	Build DaddyBoard (HeliBoard fork)	2026-09-30T16:06:15.6528794Z C/C++:   173 |     ::new ((void*)__p) _Up(std::forward<_Args>(__args)...);
build	Build DaddyBoard (HeliBoard fork)	2026-09-30T16:06:15.6529424Z C/C++:       |                        ^
build	Build DaddyBoard (HeliBoard fork)	2026-09-30T16:06:15.6531760Z C/C++: /usr/local/lib/android/sdk/ndk/28.0.13004108/toolchains/llvm/prebuilt/linux-x86_64/sysroot/usr/include/c++/v1/__memory/allocator_traits.h:320:9: note: in instantiation of function template specialization 'std::allocator<latinime::NgramProperty>::construct<latinime::NgramProperty, latinime::NgramProperty &>' requested here
build	Build DaddyBoard (HeliBoard fork)	2026-09-30T16:06:15.6534222Z C/C++:   320 |     __a.construct(__p, std::forward<_Args>(__args)...);
build	Build DaddyBoard (HeliBoard fork)	2026-09-30T16:06:15.6535075Z C/C++:       |         ^
build	Build DaddyBoard (HeliBoard fork)	2026-09-30T16:06:15.6537504Z C/C++: /usr/local/lib/android/sdk/ndk/28.0.13004108/toolchains/llvm/prebuilt/linux-x86_64/sysroot/usr/include/c++/v1/__memory/uninitialized_algorithms.h:551:31: note: in instantiation of function template specialization 'std::allocator_traits<std::allocator<latinime::NgramProperty>>::construct<latinime::NgramProperty, latinime::NgramProperty &, 0>' requested here
build	Build DaddyBoard (HeliBoard fork)	2026-09-30T16:06:15.6540330Z C/C++:   551 |     allocator_traits<_Alloc>::construct(__alloc, std::__to_address(__first2), *__first1);
build	Build DaddyBoard (HeliBoard fork)	2026-09-30T16:06:15.6541169Z C/C++:       |                               ^
build	Build DaddyBoard (HeliBoard fork)	2026-09-30T16:06:15.6543892Z C/C++: /usr/local/lib/android/sdk/ndk/28.0.13004108/toolchains/llvm/prebuilt/linux-x86_64/sysroot/usr/include/c++/v1/__memory/uninitialized_algorithms.h:594:33: note: in instantiation of function template specialization 'std::__uninitialized_allocator_copy_impl<std::allocator<latinime::NgramProperty>, latinime::NgramProperty *, latinime::NgramProperty *, latinime::NgramProperty *>' requested here
build	Build DaddyBoard (HeliBoard fork)	2026-09-30T16:06:15.6547356Z C/C++:   594 |   auto __result          = std::__uninitialized_allocator_copy_impl(
build	Build DaddyBoard (HeliBoard fork)	2026-09-30T16:06:15.6548131Z C/C++:       |                                 ^
build	Build DaddyBoard (HeliBoard fork)	2026-09-30T16:06:15.6550686Z C/C++: /usr/local/lib/android/sdk/ndk/28.0.13004108/toolchains/llvm/prebuilt/linux-x86_64/sysroot/usr/include/c++/v1/vector:1100:22: note: in instantiation of function template specialization 'std::__uninitialized_allocator_copy<std::allocator<latinime::NgramProperty>, latinime::NgramProperty *, latinime::NgramProperty *, latinime::NgramProperty *>' requested here
build	Build DaddyBoard (HeliBoard fork)	2026-09-30T16:06:15.6553593Z C/C++:  1100 |   __tx.__pos_ = std::__uninitialized_allocator_copy(__alloc(), __first, __last, __tx.__pos_);
build	Build DaddyBoard (HeliBoard fork)	2026-09-30T16:06:15.6554680Z C/C++:       |                      ^
build	Build DaddyBoard (HeliBoard fork)	2026-09-30T16:06:15.6556919Z C/C++: /usr/local/lib/android/sdk/ndk/28.0.13004108/toolchains/llvm/prebuilt/linux-x86_64/sysroot/usr/include/c++/v1/vector:761:7: note: in instantiation of function template specialization 'std::vector<latinime::NgramProperty>::__construct_at_end<latinime::NgramProperty *, latinime::NgramProperty *>' requested here
build	Build DaddyBoard (HeliBoard fork)	2026-09-30T16:06:15.6559179Z C/C++:   761 |       __construct_at_end(__first, __last, __n);
build	Build DaddyBoard (HeliBoard fork)	2026-09-30T16:06:15.6559727Z C/C++:       |       ^
build	Build DaddyBoard (HeliBoard fork)	2026-09-30T16:06:15.6561791Z C/C++: /usr/local/lib/android/sdk/ndk/28.0.13004108/toolchains/llvm/prebuilt/linux-x86_64/sysroot/usr/include/c++/v1/vector:1213:3: note: in instantiation of function template specialization 'std::vector<latinime::NgramProperty>::__init_with_size<latinime::NgramProperty *, latinime::NgramProperty *>' requested here
build	Build DaddyBoard (HeliBoard fork)	2026-09-30T16:06:15.6564291Z C/C++:  1213 |   __init_with_size(__x.__begin_, __x.__end_, __x.size());
build	Build DaddyBoard (HeliBoard fork)	2026-09-30T16:06:15.6565130Z C/C++:       |   ^
build	Build DaddyBoard (HeliBoard fork)	2026-09-30T16:06:15.6566677Z C/C++: /home/runner/work/daddyboard/daddyboard/daddyboard-main/app/src/main/jni/src/dictionary/property/word_property.h:39:15: note: in instantiation of member function 'std::vector<latinime::NgramProperty>::vector' requested here
build	Build DaddyBoard (HeliBoard fork)	2026-09-30T16:06:15.6568460Z C/C++:    39 |               mNgrams(ngrams) {}
build	Build DaddyBoard (HeliBoard fork)	2026-09-30T16:06:15.6568979Z C/C++:       |               ^
build	Build DaddyBoard (HeliBoard fork)	2026-09-30T16:06:15.6569418Z C/C++: 6 warnings generated.
--
build	Build DaddyBoard (HeliBoard fork)	2026-09-30T16:06:15.6580758Z C/C++: /home/runner/work/daddyboard/daddyboard/daddyboard-main/app/src/main/jni/src/dictionary/property/historical_info.h:52:5: warning: definition of implicit copy constructor for 'HistoricalInfo' is deprecated because it has a user-declared copy assignment operator [-Wdeprecated-copy]
build	Build DaddyBoard (HeliBoard fork)	2026-09-30T16:06:15.6581044Z C/C++:    52 |     DISALLOW_ASSIGNMENT_OPERATOR(HistoricalInfo);
build	Build DaddyBoard (HeliBoard fork)	2026-09-30T16:06:15.6581191Z C/C++:       |     ^
build	Build DaddyBoard (HeliBoard fork)	2026-09-30T16:06:15.6582100Z C/C++: /home/runner/work/daddyboard/daddyboard/daddyboard-main/app/src/main/jni/src/defines.h:289:8: note: expanded from macro 'DISALLOW_ASSIGNMENT_OPERATOR'
build	Build DaddyBoard (HeliBoard fork)	2026-09-30T16:06:15.6582343Z C/C++:   289 |   void operator=(const TypeName&) = delete
build	Build DaddyBoard (HeliBoard fork)	2026-09-30T16:06:15.6582794Z C/C++:       |        ^
build	Build DaddyBoard (HeliBoard fork)	2026-09-30T16:06:15.6584117Z C/C++: /home/runner/work/daddyboard/daddyboard/daddyboard-main/app/src/main/jni/src/dictionary/property/ngram_property.h:33:42: note: in implicit copy constructor for 'latinime::HistoricalInfo' first required here
build	Build DaddyBoard (HeliBoard fork)	2026-09-30T16:06:15.6584740Z C/C++:    33 |               mProbability(probability), mHistoricalInfo(historicalInfo) {}
build	Build DaddyBoard (HeliBoard fork)	2026-09-30T16:06:15.6584944Z C/C++:       |                                          ^
build	Build DaddyBoard (HeliBoard fork)	2026-09-30T16:06:15.6585797Z C/C++: In file included from /home/runner/work/daddyboard/daddyboard/daddyboard-main/app/src/main/jni/src/suggest/policyimpl/typing/typing_scoring.cpp:17:
--
build	Build DaddyBoard (HeliBoard fork)	2026-09-30T16:06:15.6592775Z C/C++: /home/runner/work/daddyboard/daddyboard/daddyboard-main/app/src/main/jni/src/dictionary/property/unigram_property.h:126:5: warning: definition of implicit copy constructor for 'UnigramProperty' is deprecated because it has a user-declared copy assignment operator [-Wdeprecated-copy]
build	Build DaddyBoard (HeliBoard fork)	2026-09-30T16:06:15.6593314Z C/C++:   126 |     DISALLOW_ASSIGNMENT_OPERATOR(UnigramProperty);
build	Build DaddyBoard (HeliBoard fork)	2026-09-30T16:06:15.6593464Z C/C++:       |     ^
build	Build DaddyBoard (HeliBoard fork)	2026-09-30T16:06:15.6594591Z C/C++: /home/runner/work/daddyboard/daddyboard/daddyboard-main/app/src/main/jni/src/defines.h:289:8: note: expanded from macro 'DISALLOW_ASSIGNMENT_OPERATOR'
build	Build DaddyBoard (HeliBoard fork)	2026-09-30T16:06:15.6594840Z C/C++:   289 |   void operator=(const TypeName&) = delete
build	Build DaddyBoard (HeliBoard fork)	2026-09-30T16:06:15.6594990Z C/C++:       |        ^
build	Build DaddyBoard (HeliBoard fork)	2026-09-30T16:06:15.6596239Z C/C++: /home/runner/work/daddyboard/daddyboard/daddyboard-main/app/src/main/jni/src/dictionary/property/word_property.h:38:51: note: in implicit copy constructor for 'latinime::UnigramProperty' first required here
build	Build DaddyBoard (HeliBoard fork)	2026-09-30T16:06:15.6596695Z C/C++:    38 |             : mCodePoints(std::move(codePoints)), mUnigramProperty(unigramProperty),
build	Build DaddyBoard (HeliBoard fork)	2026-09-30T16:06:15.6596920Z C/C++:       |                                                   ^
build	Build DaddyBoard (HeliBoard fork)	2026-09-30T16:06:15.6597812Z C/C++: In file included from /home/runner/work/daddyboard/daddyboard/daddyboard-main/app/src/main/jni/src/suggest/policyimpl/typing/typing_scoring.cpp:17:
--
build	Build DaddyBoard (HeliBoard fork)	2026-09-30T16:06:15.6602101Z C/C++: /home/runner/work/daddyboard/daddyboard/daddyboard-main/app/src/main/jni/src/dictionary/utils/bloom_filter.h:47:5: warning: definition of implicit copy constructor for 'BloomFilter' is deprecated because it has a user-declared copy assignment operator [-Wdeprecated-copy]
build	Build DaddyBoard (HeliBoard fork)	2026-09-30T16:06:15.6602382Z C/C++:    47 |     DISALLOW_ASSIGNMENT_OPERATOR(BloomFilter);
build	Build DaddyBoard (HeliBoard fork)	2026-09-30T16:06:15.6602520Z C/C++:       |     ^
build	Build DaddyBoard (HeliBoard fork)	2026-09-30T16:06:15.6603413Z C/C++: /home/runner/work/daddyboard/daddyboard/daddyboard-main/app/src/main/jni/src/defines.h:289:8: note: expanded from macro 'DISALLOW_ASSIGNMENT_OPERATOR'
build	Build DaddyBoard (HeliBoard fork)	2026-09-30T16:06:15.6604944Z C/C++:   289 |   void operator=(const TypeName&) = delete
build	Build DaddyBoard (HeliBoard fork)	2026-09-30T16:06:15.6605109Z C/C++:       |        ^
build	Build DaddyBoard (HeliBoard fork)	2026-09-30T16:06:15.6606522Z C/C++: /home/runner/work/daddyboard/daddyboard/daddyboard-main/app/src/main/jni/src/dictionary/utils/multi_bigram_map.h:57:53: note: in implicit copy constructor for 'latinime::BloomFilter' first required here
build	Build DaddyBoard (HeliBoard fork)	2026-09-30T16:06:15.6607082Z C/C++:    57 |                 : mBigramMap(bigramMap.mBigramMap), mBloomFilter(bigramMap.mBloomFilter) {}
build	Build DaddyBoard (HeliBoard fork)	2026-09-30T16:06:15.6607298Z C/C++:       |                                                     ^
build	Build DaddyBoard (HeliBoard fork)	2026-09-30T16:06:15.6608209Z C/C++: In file included from /home/runner/work/daddyboard/daddyboard/daddyboard-main/app/src/main/jni/src/suggest/policyimpl/typing/typing_scoring.cpp:17:
--
build	Build DaddyBoard (HeliBoard fork)	2026-09-30T16:06:15.6616397Z C/C++: /home/runner/work/daddyboard/daddyboard/daddyboard-main/app/src/main/jni/src/utils/int_array_view.h:160:5: warning: definition of implicit copy constructor for 'IntArrayView' is deprecated because it has a user-declared copy assignment operator [-Wdeprecated-copy]
build	Build DaddyBoard (HeliBoard fork)	2026-09-30T16:06:15.6616671Z C/C++:   160 |     DISALLOW_ASSIGNMENT_OPERATOR(IntArrayView);
build	Build DaddyBoard (HeliBoard fork)	2026-09-30T16:06:15.6616813Z C/C++:       |     ^
build	Build DaddyBoard (HeliBoard fork)	2026-09-30T16:06:15.6617695Z C/C++: /home/runner/work/daddyboard/daddyboard/daddyboard-main/app/src/main/jni/src/defines.h:289:8: note: expanded from macro 'DISALLOW_ASSIGNMENT_OPERATOR'
build	Build DaddyBoard (HeliBoard fork)	2026-09-30T16:06:15.6617945Z C/C++:   289 |   void operator=(const TypeName&) = delete
build	Build DaddyBoard (HeliBoard fork)	2026-09-30T16:06:15.6618082Z C/C++:       |        ^
build	Build DaddyBoard (HeliBoard fork)	2026-09-30T16:06:15.6619325Z C/C++: /home/runner/work/daddyboard/daddyboard/daddyboard-main/app/src/main/jni/src/suggest/core/dicnode/dic_node.h:110:53: note: in implicit copy constructor for 'latinime::IntArrayView' first required here
build	Build DaddyBoard (HeliBoard fork)	2026-09-30T16:06:15.6619713Z C/C++:   110 |         mDicNodeProperties.init(rootPtNodeArrayPos, prevWordIds);
build	Build DaddyBoard (HeliBoard fork)	2026-09-30T16:06:15.6619923Z C/C++:       |                                                     ^
build	Build DaddyBoard (HeliBoard fork)	2026-09-30T16:06:15.6620837Z C/C++: In file included from /home/runner/work/daddyboard/daddyboard/daddyboard-main/app/src/main/jni/src/suggest/policyimpl/typing/typing_scoring.cpp:17:
--
build	Build DaddyBoard (HeliBoard fork)	2026-09-30T16:06:15.6637386Z C/C++: /home/runner/work/daddyboard/daddyboard/daddyboard-main/app/src/main/jni/src/dictionary/property/ngram_property.h:54:5: warning: definition of implicit copy constructor for 'NgramProperty' is deprecated because it has a user-declared copy assignment operator [-Wdeprecated-copy]
build	Build DaddyBoard (HeliBoard fork)	2026-09-30T16:06:15.6637712Z C/C++:    54 |     DISALLOW_ASSIGNMENT_OPERATOR(NgramProperty);
build	Build DaddyBoard (HeliBoard fork)	2026-09-30T16:06:15.6637862Z C/C++:       |     ^
build	Build DaddyBoard (HeliBoard fork)	2026-09-30T16:06:15.6638806Z C/C++: /home/runner/work/daddyboard/daddyboard/daddyboard-main/app/src/main/jni/src/defines.h:289:8: note: expanded from macro 'DISALLOW_ASSIGNMENT_OPERATOR'
build	Build DaddyBoard (HeliBoard fork)	2026-09-30T16:06:15.6639076Z C/C++:   289 |   void operator=(const TypeName&) = delete
build	Build DaddyBoard (HeliBoard fork)	2026-09-30T16:06:15.6639233Z C/C++:       |        ^
build	Build DaddyBoard (HeliBoard fork)	2026-09-30T16:06:15.6640567Z C/C++: /usr/local/lib/android/sdk/ndk/28.0.13004108/toolchains/llvm/prebuilt/linux-x86_64/sysroot/usr/include/c++/v1/__memory/allocator.h:173:24: note: in implicit copy constructor for 'latinime::NgramProperty' first required here
build	Build DaddyBoard (HeliBoard fork)	2026-09-30T16:06:15.6640879Z C/C++:   173 |     ::new ((void*)__p) _Up(std::forward<_Args>(__args)...);
build	Build DaddyBoard (HeliBoard fork)	2026-09-30T16:06:15.6641047Z C/C++:       |                        ^
build	Build DaddyBoard (HeliBoard fork)	2026-09-30T16:06:15.6643048Z C/C++: /usr/local/lib/android/sdk/ndk/28.0.13004108/toolchains/llvm/prebuilt/linux-x86_64/sysroot/usr/include/c++/v1/__memory/allocator_traits.h:320:9: note: in instantiation of function template specialization 'std::allocator<latinime::NgramProperty>::construct<latinime::NgramProperty, latinime::NgramProperty &>' requested here
build	Build DaddyBoard (HeliBoard fork)	2026-09-30T16:06:15.6643600Z C/C++:   320 |     __a.construct(__p, std::forward<_Args>(__args)...);
build	Build DaddyBoard (HeliBoard fork)	2026-09-30T16:06:15.6643762Z C/C++:       |         ^
build	Build DaddyBoard (HeliBoard fork)	2026-09-30T16:06:15.6646234Z C/C++: /usr/local/lib/android/sdk/ndk/28.0.13004108/toolchains/llvm/prebuilt/linux-x86_64/sysroot/usr/include/c++/v1/__memory/uninitialized_algorithms.h:551:31: note: in instantiation of function template specialization 'std::allocator_traits<std::allocator<latinime::NgramProperty>>::construct<latinime::NgramProperty, latinime::NgramProperty &, 0>' requested here
build	Build DaddyBoard (HeliBoard fork)	2026-09-30T16:06:15.6646769Z C/C++:   551 |     allocator_traits<_Alloc>::construct(__alloc, std::__to_address(__first2), *__first1);
build	Build DaddyBoard (HeliBoard fork)	2026-09-30T16:06:15.6646933Z C/C++:       |                               ^
build	Build DaddyBoard (HeliBoard fork)	2026-09-30T16:06:15.6649462Z C/C++: /usr/local/lib/android/sdk/ndk/28.0.13004108/toolchains/llvm/prebuilt/linux-x86_64/sysroot/usr/include/c++/v1/__memory/uninitialized_algorithms.h:594:33: note: in instantiation of function template specialization 'std::__uninitialized_allocator_copy_impl<std::allocator<latinime::NgramProperty>, latinime::NgramProperty *, latinime::NgramProperty *, latinime::NgramProperty *>' requested here
build	Build DaddyBoard (HeliBoard fork)	2026-09-30T16:06:15.6649847Z C/C++:   594 |   auto __result          = std::__uninitialized_allocator_copy_impl(
build	Build DaddyBoard (HeliBoard fork)	2026-09-30T16:06:15.6650023Z C/C++:       |                                 ^
build	Build DaddyBoard (HeliBoard fork)	2026-09-30T16:06:15.6652203Z C/C++: /usr/local/lib/android/sdk/ndk/28.0.13004108/toolchains/llvm/prebuilt/linux-x86_64/sysroot/usr/include/c++/v1/vector:1100:22: note: in instantiation of function template specialization 'std::__uninitialized_allocator_copy<std::allocator<latinime::NgramProperty>, latinime::NgramProperty *, latinime::NgramProperty *, latinime::NgramProperty *>' requested here
build	Build DaddyBoard (HeliBoard fork)	2026-09-30T16:06:15.6652708Z C/C++:  1100 |   __tx.__pos_ = std::__uninitialized_allocator_copy(__alloc(), __first, __last, __tx.__pos_);
build	Build DaddyBoard (HeliBoard fork)	2026-09-30T16:06:15.6652865Z C/C++:       |                      ^
build	Build DaddyBoard (HeliBoard fork)	2026-09-30T16:06:15.6655026Z C/C++: /usr/local/lib/android/sdk/ndk/28.0.13004108/toolchains/llvm/prebuilt/linux-x86_64/sysroot/usr/include/c++/v1/vector:761:7: note: in instantiation of function template specialization 'std::vector<latinime::NgramProperty>::__construct_at_end<latinime::NgramProperty *, latinime::NgramProperty *>' requested here
build	Build DaddyBoard (HeliBoard fork)	2026-09-30T16:06:15.6655607Z C/C++:   761 |       __construct_at_end(__first, __last, __n);
build	Build DaddyBoard (HeliBoard fork)	2026-09-30T16:06:15.6655761Z C/C++:       |       ^
build	Build DaddyBoard (HeliBoard fork)	2026-09-30T16:06:15.6657673Z C/C++: /usr/local/lib/android/sdk/ndk/28.0.13004108/toolchains/llvm/prebuilt/linux-x86_64/sysroot/usr/include/c++/v1/vector:1213:3: note: in instantiation of function template specialization 'std::vector<latinime::NgramProperty>::__init_with_size<latinime::NgramProperty *, latinime::NgramProperty *>' requested here
build	Build DaddyBoard (HeliBoard fork)	2026-09-30T16:06:15.6657980Z C/C++:  1213 |   __init_with_size(__x.__begin_, __x.__end_, __x.size());
build	Build DaddyBoard (HeliBoard fork)	2026-09-30T16:06:15.6658125Z C/C++:       |   ^
build	Build DaddyBoard (HeliBoard fork)	2026-09-30T16:06:15.6659543Z C/C++: /home/runner/work/daddyboard/daddyboard/daddyboard-main/app/src/main/jni/src/dictionary/property/word_property.h:39:15: note: in instantiation of member function 'std::vector<latinime::NgramProperty>::vector' requested here
build	Build DaddyBoard (HeliBoard fork)	2026-09-30T16:06:15.6659753Z C/C++:    39 |               mNgrams(ngrams) {}
build	Build DaddyBoard (HeliBoard fork)	2026-09-30T16:06:15.6659904Z C/C++:       |               ^
build	Build DaddyBoard (HeliBoard fork)	2026-09-30T16:06:15.6660061Z C/C++: 5 warnings generated.
--
build	Build DaddyBoard (HeliBoard fork)	2026-09-30T16:06:15.6667763Z C/C++: /home/runner/work/daddyboard/daddyboard/daddyboard-main/app/src/main/jni/src/dictionary/property/historical_info.h:52:5: warning: definition of implicit copy constructor for 'HistoricalInfo' is deprecated because it has a user-declared copy assignment operator [-Wdeprecated-copy]
build	Build DaddyBoard (HeliBoard fork)	2026-09-30T16:06:15.6668064Z C/C++:    52 |     DISALLOW_ASSIGNMENT_OPERATOR(HistoricalInfo);
build	Build DaddyBoard (HeliBoard fork)	2026-09-30T16:06:15.6668209Z C/C++:       |     ^
build	Build DaddyBoard (HeliBoard fork)	2026-09-30T16:06:15.6669110Z C/C++: /home/runner/work/daddyboard/daddyboard/daddyboard-main/app/src/main/jni/src/defines.h:289:8: note: expanded from macro 'DISALLOW_ASSIGNMENT_OPERATOR'
build	Build DaddyBoard (HeliBoard fork)	2026-09-30T16:06:15.6669365Z C/C++:   289 |   void operator=(const TypeName&) = delete
build	Build DaddyBoard (HeliBoard fork)	2026-09-30T16:06:15.6669515Z C/C++:       |        ^
build	Build DaddyBoard (HeliBoard fork)	2026-09-30T16:06:15.6670786Z C/C++: /home/runner/work/daddyboard/daddyboard/daddyboard-main/app/src/main/jni/src/dictionary/property/ngram_property.h:33:42: note: in implicit copy constructor for 'latinime::HistoricalInfo' first required here
build	Build DaddyBoard (HeliBoard fork)	2026-09-30T16:06:15.6671174Z C/C++:    33 |               mProbability(probability), mHistoricalInfo(historicalInfo) {}
build	Build DaddyBoard (HeliBoard fork)	2026-09-30T16:06:15.6671372Z C/C++:       |                                          ^
build	Build DaddyBoard (HeliBoard fork)	2026-09-30T16:06:15.6672298Z C/C++: In file included from /home/runner/work/daddyboard/daddyboard/daddyboard-main/app/src/main/jni/src/suggest/policyimpl/typing/typing_suggest_policy.cpp:17:
--
build	Build DaddyBoard (HeliBoard fork)	2026-09-30T16:06:15.6680139Z C/C++: /home/runner/work/daddyboard/daddyboard/daddyboard-main/app/src/main/jni/src/dictionary/property/unigram_property.h:126:5: warning: definition of implicit copy constructor for 'UnigramProperty' is deprecated because it has a user-declared copy assignment operator [-Wdeprecated-copy]
build	Build DaddyBoard (HeliBoard fork)	2026-09-30T16:06:15.6680467Z C/C++:   126 |     DISALLOW_ASSIGNMENT_OPERATOR(UnigramProperty);
build	Build DaddyBoard (HeliBoard fork)	2026-09-30T16:06:15.6680618Z C/C++:       |     ^
build	Build DaddyBoard (HeliBoard fork)	2026-09-30T16:06:15.6681530Z C/C++: /home/runner/work/daddyboard/daddyboard/daddyboard-main/app/src/main/jni/src/defines.h:289:8: note: expanded from macro 'DISALLOW_ASSIGNMENT_OPERATOR'
build	Build DaddyBoard (HeliBoard fork)	2026-09-30T16:06:15.6681774Z C/C++:   289 |   void operator=(const TypeName&) = delete
build	Build DaddyBoard (HeliBoard fork)	2026-09-30T16:06:15.6681913Z C/C++:       |        ^
build	Build DaddyBoard (HeliBoard fork)	2026-09-30T16:06:15.6683182Z C/C++: /home/runner/work/daddyboard/daddyboard/daddyboard-main/app/src/main/jni/src/dictionary/property/word_property.h:38:51: note: in implicit copy constructor for 'latinime::UnigramProperty' first required here
build	Build DaddyBoard (HeliBoard fork)	2026-09-30T16:06:15.6683857Z C/C++:    38 |             : mCodePoints(std::move(codePoints)), mUnigramProperty(unigramProperty),
build	Build DaddyBoard (HeliBoard fork)	2026-09-30T16:06:15.6684073Z C/C++:       |                                                   ^
build	Build DaddyBoard (HeliBoard fork)	2026-09-30T16:06:15.6685216Z C/C++: In file included from /home/runner/work/daddyboard/daddyboard/daddyboard-main/app/src/main/jni/src/suggest/policyimpl/typing/typing_suggest_policy.cpp:17:
--
build	Build DaddyBoard (HeliBoard fork)	2026-09-30T16:06:15.6690873Z C/C++: /home/runner/work/daddyboard/daddyboard/daddyboard-main/app/src/main/jni/src/dictionary/utils/bloom_filter.h:47:5: warning: definition of implicit copy constructor for 'BloomFilter' is deprecated because it has a user-declared copy assignment operator [-Wdeprecated-copy]
build	Build DaddyBoard (HeliBoard fork)	2026-09-30T16:06:15.6691143Z C/C++:    47 |     DISALLOW_ASSIGNMENT_OPERATOR(BloomFilter);
build	Build DaddyBoard (HeliBoard fork)	2026-09-30T16:06:15.6691283Z C/C++:       |     ^
build	Build DaddyBoard (HeliBoard fork)	2026-09-30T16:06:15.6692171Z C/C++: /home/runner/work/daddyboard/daddyboard/daddyboard-main/app/src/main/jni/src/defines.h:289:8: note: expanded from macro 'DISALLOW_ASSIGNMENT_OPERATOR'
build	Build DaddyBoard (HeliBoard fork)	2026-09-30T16:06:15.6692407Z C/C++:   289 |   void operator=(const TypeName&) = delete
build	Build DaddyBoard (HeliBoard fork)	2026-09-30T16:06:15.6692563Z C/C++:       |        ^
build	Build DaddyBoard (HeliBoard fork)	2026-09-30T16:06:15.6693802Z C/C++: /home/runner/work/daddyboard/daddyboard/daddyboard-main/app/src/main/jni/src/dictionary/utils/multi_bigram_map.h:57:53: note: in implicit copy constructor for 'latinime::BloomFilter' first required here
build	Build DaddyBoard (HeliBoard fork)	2026-09-30T16:06:15.6694688Z C/C++:    57 |                 : mBigramMap(bigramMap.mBigramMap), mBloomFilter(bigramMap.mBloomFilter) {}
build	Build DaddyBoard (HeliBoard fork)	2026-09-30T16:06:15.6694939Z C/C++:       |                                                     ^
build	Build DaddyBoard (HeliBoard fork)	2026-09-30T16:06:15.6695884Z C/C++: In file included from /home/runner/work/daddyboard/daddyboard/daddyboard-main/app/src/main/jni/src/suggest/policyimpl/typing/typing_suggest_policy.cpp:17:
--
build	Build DaddyBoard (HeliBoard fork)	2026-09-30T16:06:15.6705166Z C/C++: /home/runner/work/daddyboard/daddyboard/daddyboard-main/app/src/main/jni/src/utils/int_array_view.h:160:5: warning: definition of implicit copy constructor for 'IntArrayView' is deprecated because it has a user-declared copy assignment operator [-Wdeprecated-copy]
build	Build DaddyBoard (HeliBoard fork)	2026-09-30T16:06:15.6705487Z C/C++:   160 |     DISALLOW_ASSIGNMENT_OPERATOR(IntArrayView);
build	Build DaddyBoard (HeliBoard fork)	2026-09-30T16:06:15.6705637Z C/C++:       |     ^
build	Build DaddyBoard (HeliBoard fork)	2026-09-30T16:06:15.6706563Z C/C++: /home/runner/work/daddyboard/daddyboard/daddyboard-main/app/src/main/jni/src/defines.h:289:8: note: expanded from macro 'DISALLOW_ASSIGNMENT_OPERATOR'
build	Build DaddyBoard (HeliBoard fork)	2026-09-30T16:06:15.6706803Z C/C++:   289 |   void operator=(const TypeName&) = delete
build	Build DaddyBoard (HeliBoard fork)	2026-09-30T16:06:15.6706959Z C/C++:       |        ^
build	Build DaddyBoard (HeliBoard fork)	2026-09-30T16:06:15.6708193Z C/C++: /home/runner/work/daddyboard/daddyboard/daddyboard-main/app/src/main/jni/src/suggest/core/dicnode/dic_node.h:110:53: note: in implicit copy constructor for 'latinime::IntArrayView' first required here
build	Build DaddyBoard (HeliBoard fork)	2026-09-30T16:06:15.6708596Z C/C++:   110 |         mDicNodeProperties.init(rootPtNodeArrayPos, prevWordIds);
build	Build DaddyBoard (HeliBoard fork)	2026-09-30T16:06:15.6708826Z C/C++:       |                                                     ^
build	Build DaddyBoard (HeliBoard fork)	2026-09-30T16:06:15.6709811Z C/C++: In file included from /home/runner/work/daddyboard/daddyboard/daddyboard-main/app/src/main/jni/src/suggest/policyimpl/typing/typing_suggest_policy.cpp:17:
--
build	Build DaddyBoard (HeliBoard fork)	2026-09-30T16:06:15.6721695Z C/C++: /home/runner/work/daddyboard/daddyboard/daddyboard-main/app/src/main/jni/src/dictionary/property/ngram_property.h:54:5: warning: definition of implicit copy constructor for 'NgramProperty' is deprecated because it has a user-declared copy assignment operator [-Wdeprecated-copy]
build	Build DaddyBoard (HeliBoard fork)	2026-09-30T16:06:15.6721975Z C/C++:    54 |     DISALLOW_ASSIGNMENT_OPERATOR(NgramProperty);
build	Build DaddyBoard (HeliBoard fork)	2026-09-30T16:06:15.6722116Z C/C++:       |     ^
build	Build DaddyBoard (HeliBoard fork)	2026-09-30T16:06:15.6723001Z C/C++: /home/runner/work/daddyboard/daddyboard/daddyboard-main/app/src/main/jni/src/defines.h:289:8: note: expanded from macro 'DISALLOW_ASSIGNMENT_OPERATOR'
build	Build DaddyBoard (HeliBoard fork)	2026-09-30T16:06:15.6723408Z C/C++:   289 |   void operator=(const TypeName&) = delete
build	Build DaddyBoard (HeliBoard fork)	2026-09-30T16:06:15.6723555Z C/C++:       |        ^
build	Build DaddyBoard (HeliBoard fork)	2026-09-30T16:06:15.6725108Z C/C++: /usr/local/lib/android/sdk/ndk/28.0.13004108/toolchains/llvm/prebuilt/linux-x86_64/sysroot/usr/include/c++/v1/__memory/allocator.h:173:24: note: in implicit copy constructor for 'latinime::NgramProperty' first required here
build	Build DaddyBoard (HeliBoard fork)	2026-09-30T16:06:15.6725421Z C/C++:   173 |     ::new ((void*)__p) _Up(std::forward<_Args>(__args)...);
build	Build DaddyBoard (HeliBoard fork)	2026-09-30T16:06:15.6725582Z C/C++:       |                        ^
build	Build DaddyBoard (HeliBoard fork)	2026-09-30T16:06:15.6727583Z C/C++: /usr/local/lib/android/sdk/ndk/28.0.13004108/toolchains/llvm/prebuilt/linux-x86_64/sysroot/usr/include/c++/v1/__memory/allocator_traits.h:320:9: note: in instantiation of function template specialization 'std::allocator<latinime::NgramProperty>::construct<latinime::NgramProperty, latinime::NgramProperty &>' requested here
build	Build DaddyBoard (HeliBoard fork)	2026-09-30T16:06:15.6727885Z C/C++:   320 |     __a.construct(__p, std::forward<_Args>(__args)...);
build	Build DaddyBoard (HeliBoard fork)	2026-09-30T16:06:15.6728029Z C/C++:       |         ^
build	Build DaddyBoard (HeliBoard fork)	2026-09-30T16:06:15.6730231Z C/C++: /usr/local/lib/android/sdk/ndk/28.0.13004108/toolchains/llvm/prebuilt/linux-x86_64/sysroot/usr/include/c++/v1/__memory/uninitialized_algorithms.h:551:31: note: in instantiation of function template specialization 'std::allocator_traits<std::allocator<latinime::NgramProperty>>::construct<latinime::NgramProperty, latinime::NgramProperty &, 0>' requested here
build	Build DaddyBoard (HeliBoard fork)	2026-09-30T16:06:15.6730737Z C/C++:   551 |     allocator_traits<_Alloc>::construct(__alloc, std::__to_address(__first2), *__first1);
build	Build DaddyBoard (HeliBoard fork)	2026-09-30T16:06:15.6730905Z C/C++:       |                               ^
build	Build DaddyBoard (HeliBoard fork)	2026-09-30T16:06:15.6733319Z C/C++: /usr/local/lib/android/sdk/ndk/28.0.13004108/toolchains/llvm/prebuilt/linux-x86_64/sysroot/usr/include/c++/v1/__memory/uninitialized_algorithms.h:594:33: note: in instantiation of function template specialization 'std::__uninitialized_allocator_copy_impl<std::allocator<latinime::NgramProperty>, latinime::NgramProperty *, latinime::NgramProperty *, latinime::NgramProperty *>' requested here
build	Build DaddyBoard (HeliBoard fork)	2026-09-30T16:06:15.6733686Z C/C++:   594 |   auto __result          = std::__uninitialized_allocator_copy_impl(
build	Build DaddyBoard (HeliBoard fork)	2026-09-30T16:06:15.6734041Z C/C++:       |                                 ^
build	Build DaddyBoard (HeliBoard fork)	2026-09-30T16:06:15.6736454Z C/C++: /usr/local/lib/android/sdk/ndk/28.0.13004108/toolchains/llvm/prebuilt/linux-x86_64/sysroot/usr/include/c++/v1/vector:1100:22: note: in instantiation of function template specialization 'std::__uninitialized_allocator_copy<std::allocator<latinime::NgramProperty>, latinime::NgramProperty *, latinime::NgramProperty *, latinime::NgramProperty *>' requested here
build	Build DaddyBoard (HeliBoard fork)	2026-09-30T16:06:15.6737010Z C/C++:  1100 |   __tx.__pos_ = std::__uninitialized_allocator_copy(__alloc(), __first, __last, __tx.__pos_);
build	Build DaddyBoard (HeliBoard fork)	2026-09-30T16:06:15.6737166Z C/C++:       |                      ^
build	Build DaddyBoard (HeliBoard fork)	2026-09-30T16:06:15.6739062Z C/C++: /usr/local/lib/android/sdk/ndk/28.0.13004108/toolchains/llvm/prebuilt/linux-x86_64/sysroot/usr/include/c++/v1/vector:761:7: note: in instantiation of function template specialization 'std::vector<latinime::NgramProperty>::__construct_at_end<latinime::NgramProperty *, latinime::NgramProperty *>' requested here
build	Build DaddyBoard (HeliBoard fork)	2026-09-30T16:06:15.6739370Z C/C++:   761 |       __construct_at_end(__first, __last, __n);
build	Build DaddyBoard (HeliBoard fork)	2026-09-30T16:06:15.6739519Z C/C++:       |       ^
build	Build DaddyBoard (HeliBoard fork)	2026-09-30T16:06:15.6741440Z C/C++: /usr/local/lib/android/sdk/ndk/28.0.13004108/toolchains/llvm/prebuilt/linux-x86_64/sysroot/usr/include/c++/v1/vector:1213:3: note: in instantiation of function template specialization 'std::vector<latinime::NgramProperty>::__init_with_size<latinime::NgramProperty *, latinime::NgramProperty *>' requested here
build	Build DaddyBoard (HeliBoard fork)	2026-09-30T16:06:15.6741763Z C/C++:  1213 |   __init_with_size(__x.__begin_, __x.__end_, __x.size());
build	Build DaddyBoard (HeliBoard fork)	2026-09-30T16:06:15.6741916Z C/C++:       |   ^
build	Build DaddyBoard (HeliBoard fork)	2026-09-30T16:06:15.6743361Z C/C++: /home/runner/work/daddyboard/daddyboard/daddyboard-main/app/src/main/jni/src/dictionary/property/word_property.h:39:15: note: in instantiation of member function 'std::vector<latinime::NgramProperty>::vector' requested here
build	Build DaddyBoard (HeliBoard fork)	2026-09-30T16:06:15.6743883Z C/C++:    39 |               mNgrams(ngrams) {}
build	Build DaddyBoard (HeliBoard fork)	2026-09-30T16:06:15.6744052Z C/C++:       |               ^
build	Build DaddyBoard (HeliBoard fork)	2026-09-30T16:06:15.6744214Z C/C++: 6 warnings generated.
--
build	Build DaddyBoard (HeliBoard fork)	2026-09-30T16:06:15.9406552Z C/C++: /home/runner/work/daddyboard/daddyboard/daddyboard-main/app/src/main/jni/src/utils/int_array_view.h:160:5: warning: definition of implicit copy constructor for 'IntArrayView' is deprecated because it has a user-declared copy assignment operator [-Wdeprecated-copy]
build	Build DaddyBoard (HeliBoard fork)	2026-09-30T16:06:15.9435231Z C/C++:   160 |     DISALLOW_ASSIGNMENT_OPERATOR(IntArrayView);
build	Build DaddyBoard (HeliBoard fork)	2026-09-30T16:06:15.9465042Z C/C++:       |     ^
build	Build DaddyBoard (HeliBoard fork)	2026-09-30T16:06:15.9495700Z C/C++: /home/runner/work/daddyboard/daddyboard/daddyboard-main/app/src/main/jni/src/defines.h:289:8: note: expanded from macro 'DISALLOW_ASSIGNMENT_OPERATOR'
build	Build DaddyBoard (HeliBoard fork)	2026-09-30T16:06:15.9497243Z C/C++:   289 |   void operator=(const TypeName&) = delete
build	Build DaddyBoard (HeliBoard fork)	2026-09-30T16:06:15.9513512Z C/C++:       |        ^
build	Build DaddyBoard (HeliBoard fork)	2026-09-30T16:06:15.9546158Z C/C++: /home/runner/work/daddyboard/daddyboard/daddyboard-main/app/src/main/jni/src/suggest/core/dicnode/dic_node.h:110:53: note: in implicit copy constructor for 'latinime::IntArrayView' first required here
build	Build DaddyBoard (HeliBoard fork)	2026-09-30T16:06:15.9548307Z C/C++:   110 |         mDicNodeProperties.init(rootPtNodeArrayPos, prevWordIds);
build	Build DaddyBoard (HeliBoard fork)	2026-09-30T16:06:15.9575179Z C/C++:       |                                                     ^
build	Build DaddyBoard (HeliBoard fork)	2026-09-30T16:06:15.9578652Z C/C++: In file included from /home/runner/work/daddyboard/daddyboard/daddyboard-main/app/src/main/jni/src/suggest/policyimpl/typing/typing_traversal.cpp:17:
--
build	Build DaddyBoard (HeliBoard fork)	2026-09-30T16:06:15.9607610Z C/C++: /home/runner/work/daddyboard/daddyboard/daddyboard-main/app/src/main/jni/src/dictionary/property/historical_info.h:52:5: warning: definition of implicit copy constructor for 'HistoricalInfo' is deprecated because it has a user-declared copy assignment operator [-Wdeprecated-copy]
build	Build DaddyBoard (HeliBoard fork)	2026-09-30T16:06:15.9610484Z C/C++:    52 |     DISALLOW_ASSIGNMENT_OPERATOR(HistoricalInfo);
build	Build DaddyBoard (HeliBoard fork)	2026-09-30T16:06:15.9611308Z C/C++:       |     ^
build	Build DaddyBoard (HeliBoard fork)	2026-09-30T16:06:15.9612611Z C/C++: /home/runner/work/daddyboard/daddyboard/daddyboard-main/app/src/main/jni/src/defines.h:289:8: note: expanded from macro 'DISALLOW_ASSIGNMENT_OPERATOR'
build	Build DaddyBoard (HeliBoard fork)	2026-09-30T16:06:15.9614078Z C/C++:   289 |   void operator=(const TypeName&) = delete
build	Build DaddyBoard (HeliBoard fork)	2026-09-30T16:06:15.9615036Z C/C++:       |        ^
build	Build DaddyBoard (HeliBoard fork)	2026-09-30T16:06:15.9616680Z C/C++: /home/runner/work/daddyboard/daddyboard/daddyboard-main/app/src/main/jni/src/dictionary/property/ngram_property.h:33:42: note: in implicit copy constructor for 'latinime::HistoricalInfo' first required here
build	Build DaddyBoard (HeliBoard fork)	2026-09-30T16:06:15.9618733Z C/C++:    33 |               mProbability(probability), mHistoricalInfo(historicalInfo) {}
build	Build DaddyBoard (HeliBoard fork)	2026-09-30T16:06:15.9619709Z C/C++:       |                                          ^
build	Build DaddyBoard (HeliBoard fork)	2026-09-30T16:06:15.9621223Z C/C++: In file included from /home/runner/work/daddyboard/daddyboard/daddyboard-main/app/src/main/jni/src/suggest/policyimpl/typing/typing_traversal.cpp:17:
--
build	Build DaddyBoard (HeliBoard fork)	2026-09-30T16:06:15.9635642Z C/C++: /home/runner/work/daddyboard/daddyboard/daddyboard-main/app/src/main/jni/src/dictionary/property/unigram_property.h:126:5: warning: definition of implicit copy constructor for 'UnigramProperty' is deprecated because it has a user-declared copy assignment operator [-Wdeprecated-copy]
build	Build DaddyBoard (HeliBoard fork)	2026-09-30T16:06:15.9638357Z C/C++:   126 |     DISALLOW_ASSIGNMENT_OPERATOR(UnigramProperty);
build	Build DaddyBoard (HeliBoard fork)	2026-09-30T16:06:15.9639118Z C/C++:       |     ^
build	Build DaddyBoard (HeliBoard fork)	2026-09-30T16:06:15.9640390Z C/C++: /home/runner/work/daddyboard/daddyboard/daddyboard-main/app/src/main/jni/src/defines.h:289:8: note: expanded from macro 'DISALLOW_ASSIGNMENT_OPERATOR'
build	Build DaddyBoard (HeliBoard fork)	2026-09-30T16:06:15.9641908Z C/C++:   289 |   void operator=(const TypeName&) = delete
build	Build DaddyBoard (HeliBoard fork)	2026-09-30T16:06:15.9642623Z C/C++:       |        ^
build	Build DaddyBoard (HeliBoard fork)	2026-09-30T16:06:15.9644319Z C/C++: /home/runner/work/daddyboard/daddyboard/daddyboard-main/app/src/main/jni/src/dictionary/property/word_property.h:38:51: note: in implicit copy constructor for 'latinime::UnigramProperty' first required here
build	Build DaddyBoard (HeliBoard fork)	2026-09-30T16:06:15.9646994Z C/C++:    38 |             : mCodePoints(std::move(codePoints)), mUnigramProperty(unigramProperty),
build	Build DaddyBoard (HeliBoard fork)	2026-09-30T16:06:15.9648014Z C/C++:       |                                                   ^
build	Build DaddyBoard (HeliBoard fork)	2026-09-30T16:06:15.9649493Z C/C++: In file included from /home/runner/work/daddyboard/daddyboard/daddyboard-main/app/src/main/jni/src/suggest/policyimpl/typing/typing_traversal.cpp:17:
--
build	Build DaddyBoard (HeliBoard fork)	2026-09-30T16:06:15.9659185Z C/C++: /home/runner/work/daddyboard/daddyboard/daddyboard-main/app/src/main/jni/src/dictionary/utils/bloom_filter.h:47:5: warning: definition of implicit copy constructor for 'BloomFilter' is deprecated because it has a user-declared copy assignment operator [-Wdeprecated-copy]
build	Build DaddyBoard (HeliBoard fork)	2026-09-30T16:06:15.9661470Z C/C++:    47 |     DISALLOW_ASSIGNMENT_OPERATOR(BloomFilter);
build	Build DaddyBoard (HeliBoard fork)	2026-09-30T16:06:15.9662197Z C/C++:       |     ^
build	Build DaddyBoard (HeliBoard fork)	2026-09-30T16:06:15.9663529Z C/C++: /home/runner/work/daddyboard/daddyboard/daddyboard-main/app/src/main/jni/src/defines.h:289:8: note: expanded from macro 'DISALLOW_ASSIGNMENT_OPERATOR'
build	Build DaddyBoard (HeliBoard fork)	2026-09-30T16:06:15.9665215Z C/C++:   289 |   void operator=(const TypeName&) = delete
build	Build DaddyBoard (HeliBoard fork)	2026-09-30T16:06:16.0346931Z C/C++:       |        ^
build	Build DaddyBoard (HeliBoard fork)	2026-09-30T16:06:16.0376382Z C/C++: /home/runner/work/daddyboard/daddyboard/daddyboard-main/app/src/main/jni/src/dictionary/utils/multi_bigram_map.h:57:53: note: in implicit copy constructor for 'latinime::BloomFilter' first required here
build	Build DaddyBoard (HeliBoard fork)	2026-09-30T16:06:16.0405312Z C/C++:    57 |                 : mBigramMap(bigramMap.mBigramMap), mBloomFilter(bigramMap.mBloomFilter) {}
build	Build DaddyBoard (HeliBoard fork)	2026-09-30T16:06:16.0420013Z C/C++:       |                                                     ^
build	Build DaddyBoard (HeliBoard fork)	2026-09-30T16:06:16.3346096Z C/C++: In file included from /home/runner/work/daddyboard/daddyboard/daddyboard-main/app/src/main/jni/src/suggest/policyimpl/typing/typing_traversal.cpp:17:
--
build	Build DaddyBoard (HeliBoard fork)	2026-09-30T16:06:16.3468860Z C/C++: /home/runner/work/daddyboard/daddyboard/daddyboard-main/app/src/main/jni/src/dictionary/property/ngram_property.h:54:5: warning: definition of implicit copy constructor for 'NgramProperty' is deprecated because it has a user-declared copy assignment operator [-Wdeprecated-copy]
build	Build DaddyBoard (HeliBoard fork)	2026-09-30T16:06:16.3495320Z C/C++:    54 |     DISALLOW_ASSIGNMENT_OPERATOR(NgramProperty);
build	Build DaddyBoard (HeliBoard fork)	2026-09-30T16:06:16.3525051Z C/C++:       |     ^
build	Build DaddyBoard (HeliBoard fork)	2026-09-30T16:06:16.3547120Z C/C++: /home/runner/work/daddyboard/daddyboard/daddyboard-main/app/src/main/jni/src/defines.h:289:8: note: expanded from macro 'DISALLOW_ASSIGNMENT_OPERATOR'
build	Build DaddyBoard (HeliBoard fork)	2026-09-30T16:06:16.3575015Z C/C++:   289 |   void operator=(const TypeName&) = delete
build	Build DaddyBoard (HeliBoard fork)	2026-09-30T16:06:16.3585097Z C/C++:       |        ^
build	Build DaddyBoard (HeliBoard fork)	2026-09-30T16:06:16.3616249Z C/C++: /usr/local/lib/android/sdk/ndk/28.0.13004108/toolchains/llvm/prebuilt/linux-x86_64/sysroot/usr/include/c++/v1/__memory/allocator.h:173:24: note: in implicit copy constructor for 'latinime::NgramProperty' first required here
build	Build DaddyBoard (HeliBoard fork)	2026-09-30T16:06:16.3645208Z C/C++:   173 |     ::new ((void*)__p) _Up(std::forward<_Args>(__args)...);
build	Build DaddyBoard (HeliBoard fork)	2026-09-30T16:06:16.3646151Z C/C++:       |                        ^
build	Build DaddyBoard (HeliBoard fork)	2026-09-30T16:06:16.3670408Z C/C++: /usr/local/lib/android/sdk/ndk/28.0.13004108/toolchains/llvm/prebuilt/linux-x86_64/sysroot/usr/include/c++/v1/__memory/allocator_traits.h:320:9: note: in instantiation of function template specialization 'std::allocator<latinime::NgramProperty>::construct<latinime::NgramProperty, latinime::NgramProperty &>' requested here
build	Build DaddyBoard (HeliBoard fork)	2026-09-30T16:06:16.3695276Z C/C++:   320 |     __a.construct(__p, std::forward<_Args>(__args)...);
build	Build DaddyBoard (HeliBoard fork)	2026-09-30T16:06:16.3725056Z C/C++:       |         ^
build	Build DaddyBoard (HeliBoard fork)	2026-09-30T16:06:16.3757203Z C/C++: /usr/local/lib/android/sdk/ndk/28.0.13004108/toolchains/llvm/prebuilt/linux-x86_64/sysroot/usr/include/c++/v1/__memory/uninitialized_algorithms.h:551:31: note: in instantiation of function template specialization 'std::allocator_traits<std::allocator<latinime::NgramProperty>>::construct<latinime::NgramProperty, latinime::NgramProperty &, 0>' requested here
build	Build DaddyBoard (HeliBoard fork)	2026-09-30T16:06:16.3785292Z C/C++:   551 |     allocator_traits<_Alloc>::construct(__alloc, std::__to_address(__first2), *__first1);
build	Build DaddyBoard (HeliBoard fork)	2026-09-30T16:06:16.3786133Z C/C++:       |                               ^
build	Build DaddyBoard (HeliBoard fork)	2026-09-30T16:06:16.3788734Z C/C++: /usr/local/lib/android/sdk/ndk/28.0.13004108/toolchains/llvm/prebuilt/linux-x86_64/sysroot/usr/include/c++/v1/__memory/uninitialized_algorithms.h:594:33: note: in instantiation of function template specialization 'std::__uninitialized_allocator_copy_impl<std::allocator<latinime::NgramProperty>, latinime::NgramProperty *, latinime::NgramProperty *, latinime::NgramProperty *>' requested here
build	Build DaddyBoard (HeliBoard fork)	2026-09-30T16:06:16.3791513Z C/C++:   594 |   auto __result          = std::__uninitialized_allocator_copy_impl(
build	Build DaddyBoard (HeliBoard fork)	2026-09-30T16:06:16.3792130Z C/C++:       |                                 ^
build	Build DaddyBoard (HeliBoard fork)	2026-09-30T16:06:16.3824697Z C/C++: /usr/local/lib/android/sdk/ndk/28.0.13004108/toolchains/llvm/prebuilt/linux-x86_64/sysroot/usr/include/c++/v1/vector:1100:22: note: in instantiation of function template specialization 'std::__uninitialized_allocator_copy<std::allocator<latinime::NgramProperty>, latinime::NgramProperty *, latinime::NgramProperty *, latinime::NgramProperty *>' requested here
build	Build DaddyBoard (HeliBoard fork)	2026-09-30T16:06:16.3827453Z C/C++:  1100 |   __tx.__pos_ = std::__uninitialized_allocator_copy(__alloc(), __first, __last, __tx.__pos_);
build	Build DaddyBoard (HeliBoard fork)	2026-09-30T16:06:16.3828236Z C/C++:       |                      ^
build	Build DaddyBoard (HeliBoard fork)	2026-09-30T16:06:16.3830241Z C/C++: /usr/local/lib/android/sdk/ndk/28.0.13004108/toolchains/llvm/prebuilt/linux-x86_64/sysroot/usr/include/c++/v1/vector:761:7: note: in instantiation of function template specialization 'std::vector<latinime::NgramProperty>::__construct_at_end<latinime::NgramProperty *, latinime::NgramProperty *>' requested here
build	Build DaddyBoard (HeliBoard fork)	2026-09-30T16:06:16.3832731Z C/C++:   761 |       __construct_at_end(__first, __last, __n);
build	Build DaddyBoard (HeliBoard fork)	2026-09-30T16:06:16.3833228Z C/C++:       |       ^
build	Build DaddyBoard (HeliBoard fork)	2026-09-30T16:06:16.3835296Z C/C++: /usr/local/lib/android/sdk/ndk/28.0.13004108/toolchains/llvm/prebuilt/linux-x86_64/sysroot/usr/include/c++/v1/vector:1213:3: note: in instantiation of function template specialization 'std::vector<latinime::NgramProperty>::__init_with_size<latinime::NgramProperty *, latinime::NgramProperty *>' requested here
build	Build DaddyBoard (HeliBoard fork)	2026-09-30T16:06:16.3837356Z C/C++:  1213 |   __init_with_size(__x.__begin_, __x.__end_, __x.size());
build	Build DaddyBoard (HeliBoard fork)	2026-09-30T16:06:16.3837897Z C/C++:       |   ^
build	Build DaddyBoard (HeliBoard fork)	2026-09-30T16:06:16.3839333Z C/C++: /home/runner/work/daddyboard/daddyboard/daddyboard-main/app/src/main/jni/src/dictionary/property/word_property.h:39:15: note: in instantiation of member function 'std::vector<latinime::NgramProperty>::vector' requested here
build	Build DaddyBoard (HeliBoard fork)	2026-09-30T16:06:16.3840916Z C/C++:    39 |               mNgrams(ngrams) {}
build	Build DaddyBoard (HeliBoard fork)	2026-09-30T16:06:16.3841365Z C/C++:       |               ^
build	Build DaddyBoard (HeliBoard fork)	2026-09-30T16:06:16.5326060Z C/C++: 6 warnings generated.
--
build	Build DaddyBoard (HeliBoard fork)	2026-09-30T16:06:17.2387044Z C/C++: /home/runner/work/daddyboard/daddyboard/daddyboard-main/app/src/main/jni/src/dictionary/property/historical_info.h:52:5: warning: definition of implicit copy constructor for 'HistoricalInfo' is deprecated because it has a user-declared copy assignment operator [-Wdeprecated-copy]
build	Build DaddyBoard (HeliBoard fork)	2026-09-30T16:06:17.2416598Z C/C++:    52 |     DISALLOW_ASSIGNMENT_OPERATOR(HistoricalInfo);
build	Build DaddyBoard (HeliBoard fork)	2026-09-30T16:06:17.2423754Z C/C++:       |     ^
build	Build DaddyBoard (HeliBoard fork)	2026-09-30T16:06:17.2436771Z C/C++: /home/runner/work/daddyboard/daddyboard/daddyboard-main/app/src/main/jni/src/defines.h:289:8: note: expanded from macro 'DISALLOW_ASSIGNMENT_OPERATOR'
build	Build DaddyBoard (HeliBoard fork)	2026-09-30T16:06:17.2438333Z C/C++:   289 |   void operator=(const TypeName&) = delete
build	Build DaddyBoard (HeliBoard fork)	2026-09-30T16:06:17.2439078Z C/C++:       |        ^
build	Build DaddyBoard (HeliBoard fork)	2026-09-30T16:06:17.2440899Z C/C++: /home/runner/work/daddyboard/daddyboard/daddyboard-main/app/src/main/jni/src/dictionary/property/ngram_property.h:33:42: note: in implicit copy constructor for 'latinime::HistoricalInfo' first required here
build	Build DaddyBoard (HeliBoard fork)	2026-09-30T16:06:17.2443030Z C/C++:    33 |               mProbability(probability), mHistoricalInfo(historicalInfo) {}
build	Build DaddyBoard (HeliBoard fork)	2026-09-30T16:06:17.2444166Z C/C++:       |                                          ^
build	Build DaddyBoard (HeliBoard fork)	2026-09-30T16:06:17.2445920Z C/C++: In file included from /home/runner/work/daddyboard/daddyboard/daddyboard-main/app/src/main/jni/src/suggest/policyimpl/typing/typing_weighting.cpp:17:
--
build	Build DaddyBoard (HeliBoard fork)	2026-09-30T16:06:17.2460756Z C/C++: /home/runner/work/daddyboard/daddyboard/daddyboard-main/app/src/main/jni/src/dictionary/property/unigram_property.h:126:5: warning: definition of implicit copy constructor for 'UnigramProperty' is deprecated because it has a user-declared copy assignment operator [-Wdeprecated-copy]
build	Build DaddyBoard (HeliBoard fork)	2026-09-30T16:06:17.2463313Z C/C++:   126 |     DISALLOW_ASSIGNMENT_OPERATOR(UnigramProperty);
build	Build DaddyBoard (HeliBoard fork)	2026-09-30T16:06:17.2464176Z C/C++:       |     ^
build	Build DaddyBoard (HeliBoard fork)	2026-09-30T16:06:17.2465835Z C/C++: /home/runner/work/daddyboard/daddyboard/daddyboard-main/app/src/main/jni/src/defines.h:289:8: note: expanded from macro 'DISALLOW_ASSIGNMENT_OPERATOR'
build	Build DaddyBoard (HeliBoard fork)	2026-09-30T16:06:17.2467427Z C/C++:   289 |   void operator=(const TypeName&) = delete
build	Build DaddyBoard (HeliBoard fork)	2026-09-30T16:06:17.2468170Z C/C++:       |        ^
build	Build DaddyBoard (HeliBoard fork)	2026-09-30T16:06:17.2469834Z C/C++: /home/runner/work/daddyboard/daddyboard/daddyboard-main/app/src/main/jni/src/dictionary/property/word_property.h:38:51: note: in implicit copy constructor for 'latinime::UnigramProperty' first required here
build	Build DaddyBoard (HeliBoard fork)	2026-09-30T16:06:17.2471994Z C/C++:    38 |             : mCodePoints(std::move(codePoints)), mUnigramProperty(unigramProperty),
build	Build DaddyBoard (HeliBoard fork)	2026-09-30T16:06:17.2473052Z C/C++:       |                                                   ^
build	Build DaddyBoard (HeliBoard fork)	2026-09-30T16:06:17.3336258Z C/C++: In file included from /home/runner/work/daddyboard/daddyboard/daddyboard-main/app/src/main/jni/src/suggest/policyimpl/typing/typing_weighting.cpp:17:
--
build	Build DaddyBoard (HeliBoard fork)	2026-09-30T16:06:17.3418537Z C/C++: /home/runner/work/daddyboard/daddyboard/daddyboard-main/app/src/main/jni/src/dictionary/utils/bloom_filter.h:47:5: warning: definition of implicit copy constructor for 'BloomFilter' is deprecated because it has a user-declared copy assignment operator [-Wdeprecated-copy]
build	Build DaddyBoard (HeliBoard fork)	2026-09-30T16:06:17.3435095Z C/C++:    47 |     DISALLOW_ASSIGNMENT_OPERATOR(BloomFilter);
build	Build DaddyBoard (HeliBoard fork)	2026-09-30T16:06:17.3464989Z C/C++:       |     ^
build	Build DaddyBoard (HeliBoard fork)	2026-09-30T16:06:17.3483190Z C/C++: /home/runner/work/daddyboard/daddyboard/daddyboard-main/app/src/main/jni/src/defines.h:289:8: note: expanded from macro 'DISALLOW_ASSIGNMENT_OPERATOR'
build	Build DaddyBoard (HeliBoard fork)	2026-09-30T16:06:17.3484955Z C/C++:   289 |   void operator=(const TypeName&) = delete
build	Build DaddyBoard (HeliBoard fork)	2026-09-30T16:06:17.3485640Z C/C++:       |        ^
build	Build DaddyBoard (HeliBoard fork)	2026-09-30T16:06:17.3487236Z C/C++: /home/runner/work/daddyboard/daddyboard/daddyboard-main/app/src/main/jni/src/dictionary/utils/multi_bigram_map.h:57:53: note: in implicit copy constructor for 'latinime::BloomFilter' first required here
build	Build DaddyBoard (HeliBoard fork)	2026-09-30T16:06:17.3489223Z C/C++:    57 |                 : mBigramMap(bigramMap.mBigramMap), mBloomFilter(bigramMap.mBloomFilter) {}
build	Build DaddyBoard (HeliBoard fork)	2026-09-30T16:06:17.3490204Z C/C++:       |                                                     ^
build	Build DaddyBoard (HeliBoard fork)	2026-09-30T16:06:17.4336256Z C/C++: In file included from /home/runner/work/daddyboard/daddyboard/daddyboard-main/app/src/main/jni/src/suggest/policyimpl/typing/typing_weighting.cpp:17:
--
build	Build DaddyBoard (HeliBoard fork)	2026-09-30T16:06:17.4416502Z C/C++: /home/runner/work/daddyboard/daddyboard/daddyboard-main/app/src/main/jni/src/utils/int_array_view.h:160:5: warning: definition of implicit copy constructor for 'IntArrayView' is deprecated because it has a user-declared copy assignment operator [-Wdeprecated-copy]
build	Build DaddyBoard (HeliBoard fork)	2026-09-30T16:06:17.4447491Z C/C++:   160 |     DISALLOW_ASSIGNMENT_OPERATOR(IntArrayView);
build	Build DaddyBoard (HeliBoard fork)	2026-09-30T16:06:17.4454943Z C/C++:       |     ^
build	Build DaddyBoard (HeliBoard fork)	2026-09-30T16:06:17.4475838Z C/C++: /home/runner/work/daddyboard/daddyboard/daddyboard-main/app/src/main/jni/src/defines.h:289:8: note: expanded from macro 'DISALLOW_ASSIGNMENT_OPERATOR'
build	Build DaddyBoard (HeliBoard fork)	2026-09-30T16:06:17.4505114Z C/C++:   289 |   void operator=(const TypeName&) = delete
build	Build DaddyBoard (HeliBoard fork)	2026-09-30T16:06:17.4535142Z C/C++:       |        ^
build	Build DaddyBoard (HeliBoard fork)	2026-09-30T16:06:17.4566758Z C/C++: /home/runner/work/daddyboard/daddyboard/daddyboard-main/app/src/main/jni/src/suggest/core/dicnode/dic_node.h:110:53: note: in implicit copy constructor for 'latinime::IntArrayView' first required here
build	Build DaddyBoard (HeliBoard fork)	2026-09-30T16:06:17.4568846Z C/C++:   110 |         mDicNodeProperties.init(rootPtNodeArrayPos, prevWordIds);
build	Build DaddyBoard (HeliBoard fork)	2026-09-30T16:06:17.4595127Z C/C++:       |                                                     ^
build	Build DaddyBoard (HeliBoard fork)	2026-09-30T16:06:17.4625812Z C/C++: In file included from /home/runner/work/daddyboard/daddyboard/daddyboard-main/app/src/main/jni/src/suggest/policyimpl/typing/typing_weighting.cpp:20:
--
build	Build DaddyBoard (HeliBoard fork)	2026-09-30T16:06:17.6467645Z C/C++: /home/runner/work/daddyboard/daddyboard/daddyboard-main/app/src/main/jni/src/dictionary/property/ngram_property.h:54:5: warning: definition of implicit copy constructor for 'NgramProperty' is deprecated because it has a user-declared copy assignment operator [-Wdeprecated-copy]
build	Build DaddyBoard (HeliBoard fork)	2026-09-30T16:06:17.6470052Z C/C++:    54 |     DISALLOW_ASSIGNMENT_OPERATOR(NgramProperty);
build	Build DaddyBoard (HeliBoard fork)	2026-09-30T16:06:17.6470648Z C/C++:       |     ^
build	Build DaddyBoard (HeliBoard fork)	2026-09-30T16:06:17.6471780Z C/C++: /home/runner/work/daddyboard/daddyboard/daddyboard-main/app/src/main/jni/src/defines.h:289:8: note: expanded from macro 'DISALLOW_ASSIGNMENT_OPERATOR'
build	Build DaddyBoard (HeliBoard fork)	2026-09-30T16:06:17.6473100Z C/C++:   289 |   void operator=(const TypeName&) = delete
build	Build DaddyBoard (HeliBoard fork)	2026-09-30T16:06:17.6473641Z C/C++:       |        ^
build	Build DaddyBoard (HeliBoard fork)	2026-09-30T16:06:17.6475480Z C/C++: /usr/local/lib/android/sdk/ndk/28.0.13004108/toolchains/llvm/prebuilt/linux-x86_64/sysroot/usr/include/c++/v1/__memory/allocator.h:173:24: note: in implicit copy constructor for 'latinime::NgramProperty' first required here
build	Build DaddyBoard (HeliBoard fork)	2026-09-30T16:06:17.6477216Z C/C++:   173 |     ::new ((void*)__p) _Up(std::forward<_Args>(__args)...);
build	Build DaddyBoard (HeliBoard fork)	2026-09-30T16:06:17.6478282Z C/C++:       |                        ^
build	Build DaddyBoard (HeliBoard fork)	2026-09-30T16:06:17.6480582Z C/C++: /usr/local/lib/android/sdk/ndk/28.0.13004108/toolchains/llvm/prebuilt/linux-x86_64/sysroot/usr/include/c++/v1/__memory/allocator_traits.h:320:9: note: in instantiation of function template specialization 'std::allocator<latinime::NgramProperty>::construct<latinime::NgramProperty, latinime::NgramProperty &>' requested here
build	Build DaddyBoard (HeliBoard fork)	2026-09-30T16:06:17.6482960Z C/C++:   320 |     __a.construct(__p, std::forward<_Args>(__args)...);
build	Build DaddyBoard (HeliBoard fork)	2026-09-30T16:06:17.6483547Z C/C++:       |         ^
build	Build DaddyBoard (HeliBoard fork)	2026-09-30T16:06:17.6486194Z C/C++: /usr/local/lib/android/sdk/ndk/28.0.13004108/toolchains/llvm/prebuilt/linux-x86_64/sysroot/usr/include/c++/v1/__memory/uninitialized_algorithms.h:551:31: note: in instantiation of function template specialization 'std::allocator_traits<std::allocator<latinime::NgramProperty>>::construct<latinime::NgramProperty, latinime::NgramProperty &, 0>' requested here
build	Build DaddyBoard (HeliBoard fork)	2026-09-30T16:06:17.6488917Z C/C++:   551 |     allocator_traits<_Alloc>::construct(__alloc, std::__to_address(__first2), *__first1);
build	Build DaddyBoard (HeliBoard fork)	2026-09-30T16:06:17.6489678Z C/C++:       |                               ^
build	Build DaddyBoard (HeliBoard fork)	2026-09-30T16:06:17.6492253Z C/C++: /usr/local/lib/android/sdk/ndk/28.0.13004108/toolchains/llvm/prebuilt/linux-x86_64/sysroot/usr/include/c++/v1/__memory/uninitialized_algorithms.h:594:33: note: in instantiation of function template specialization 'std::__uninitialized_allocator_copy_impl<std::allocator<latinime::NgramProperty>, latinime::NgramProperty *, latinime::NgramProperty *, latinime::NgramProperty *>' requested here
build	Build DaddyBoard (HeliBoard fork)	2026-09-30T16:06:17.6525706Z C/C++:   594 |   auto __result          = std::__uninitialized_allocator_copy_impl(
build	Build DaddyBoard (HeliBoard fork)	2026-09-30T16:06:17.6526799Z C/C++:       |                                 ^
build	Build DaddyBoard (HeliBoard fork)	2026-09-30T16:06:17.6529451Z C/C++: /usr/local/lib/android/sdk/ndk/28.0.13004108/toolchains/llvm/prebuilt/linux-x86_64/sysroot/usr/include/c++/v1/vector:1100:22: note: in instantiation of function template specialization 'std::__uninitialized_allocator_copy<std::allocator<latinime::NgramProperty>, latinime::NgramProperty *, latinime::NgramProperty *, latinime::NgramProperty *>' requested here
build	Build DaddyBoard (HeliBoard fork)	2026-09-30T16:06:17.6532436Z C/C++:  1100 |   __tx.__pos_ = std::__uninitialized_allocator_copy(__alloc(), __first, __last, __tx.__pos_);
build	Build DaddyBoard (HeliBoard fork)	2026-09-30T16:06:17.6533328Z C/C++:       |                      ^
build	Build DaddyBoard (HeliBoard fork)	2026-09-30T16:06:17.6535886Z C/C++: /usr/local/lib/android/sdk/ndk/28.0.13004108/toolchains/llvm/prebuilt/linux-x86_64/sysroot/usr/include/c++/v1/vector:761:7: note: in instantiation of function template specialization 'std::vector<latinime::NgramProperty>::__construct_at_end<latinime::NgramProperty *, latinime::NgramProperty *>' requested here
build	Build DaddyBoard (HeliBoard fork)	2026-09-30T16:06:17.6538247Z C/C++:   761 |       __construct_at_end(__first, __last, __n);
build	Build DaddyBoard (HeliBoard fork)	2026-09-30T16:06:17.6538808Z C/C++:       |       ^
build	Build DaddyBoard (HeliBoard fork)	2026-09-30T16:06:17.6540890Z C/C++: /usr/local/lib/android/sdk/ndk/28.0.13004108/toolchains/llvm/prebuilt/linux-x86_64/sysroot/usr/include/c++/v1/vector:1213:3: note: in instantiation of function template specialization 'std::vector<latinime::NgramProperty>::__init_with_size<latinime::NgramProperty *, latinime::NgramProperty *>' requested here
build	Build DaddyBoard (HeliBoard fork)	2026-09-30T16:06:17.6543204Z C/C++:  1213 |   __init_with_size(__x.__begin_, __x.__end_, __x.size());
build	Build DaddyBoard (HeliBoard fork)	2026-09-30T16:06:17.6543820Z C/C++:       |   ^
build	Build DaddyBoard (HeliBoard fork)	2026-09-30T16:06:17.6545684Z C/C++: /home/runner/work/daddyboard/daddyboard/daddyboard-main/app/src/main/jni/src/dictionary/property/word_property.h:39:15: note: in instantiation of member function 'std::vector<latinime::NgramProperty>::vector' requested here
build	Build DaddyBoard (HeliBoard fork)	2026-09-30T16:06:17.6547381Z C/C++:    39 |               mNgrams(ngrams) {}
build	Build DaddyBoard (HeliBoard fork)	2026-09-30T16:06:17.6547866Z C/C++:       |               ^
build	Build DaddyBoard (HeliBoard fork)	2026-09-30T16:06:17.8335585Z C/C++: 6 warnings generated.
--
build	Build DaddyBoard (HeliBoard fork)	2026-09-30T16:06:18.3356235Z C/C++: /home/runner/work/daddyboard/daddyboard/daddyboard-main/app/src/main/jni/src/suggest/policyimpl/utils/edit_distance.h:33:18: warning: variable length arrays in C++ are a Clang extension [-Wvla-cxx-extension]
build	Build DaddyBoard (HeliBoard fork)	2026-09-30T16:06:18.3365052Z C/C++:    33 |         float dp[(beforeLength + 1) * (afterLength + 1)];
build	Build DaddyBoard (HeliBoard fork)	2026-09-30T16:06:18.3415034Z C/C++:       |                  ^~~~~~~~~~~~~~~~~~~~~~~~~~~~~~~~~~~~~~
build	Build DaddyBoard (HeliBoard fork)	2026-09-30T16:06:18.3442581Z C/C++: /home/runner/work/daddyboard/daddyboard/daddyboard-main/app/src/main/jni/src/suggest/policyimpl/utils/edit_distance.h:33:19: note: initializer of 'beforeLength' is not a constant expression
build	Build DaddyBoard (HeliBoard fork)	2026-09-30T16:06:18.3475164Z C/C++:    33 |         float dp[(beforeLength + 1) * (afterLength + 1)];
build	Build DaddyBoard (HeliBoard fork)	2026-09-30T16:06:18.3492994Z C/C++:       |                   ^
build	Build DaddyBoard (HeliBoard fork)	2026-09-30T16:06:18.3494812Z C/C++: /home/runner/work/daddyboard/daddyboard/daddyboard-main/app/src/main/jni/src/suggest/policyimpl/utils/edit_distance.h:31:19: note: declared here
build	Build DaddyBoard (HeliBoard fork)	2026-09-30T16:06:18.3520166Z C/C++:    31 |         const int beforeLength = policy->getString0Length();
build	Build DaddyBoard (HeliBoard fork)	2026-09-30T16:06:18.3521158Z C/C++:       |                   ^
build	Build DaddyBoard (HeliBoard fork)	2026-09-30T16:06:18.6343198Z C/C++: 1 warning generated.
--
build	Build DaddyBoard (HeliBoard fork)	2026-09-30T16:06:20.2446603Z C/C++: /home/runner/work/daddyboard/daddyboard/daddyboard-main/app/src/main/jni/src/dictionary/property/historical_info.h:52:5: warning: definition of implicit copy constructor for 'HistoricalInfo' is deprecated because it has a user-declared copy assignment operator [-Wdeprecated-copy]
build	Build DaddyBoard (HeliBoard fork)	2026-09-30T16:06:20.2475229Z C/C++:    52 |     DISALLOW_ASSIGNMENT_OPERATOR(HistoricalInfo);
build	Build DaddyBoard (HeliBoard fork)	2026-09-30T16:06:20.2488948Z C/C++:       |     ^
build	Build DaddyBoard (HeliBoard fork)	2026-09-30T16:06:20.2535721Z C/C++: /home/runner/work/daddyboard/daddyboard/daddyboard-main/app/src/main/jni/src/defines.h:289:8: note: expanded from macro 'DISALLOW_ASSIGNMENT_OPERATOR'
build	Build DaddyBoard (HeliBoard fork)	2026-09-30T16:06:20.2565126Z C/C++:   289 |   void operator=(const TypeName&) = delete
build	Build DaddyBoard (HeliBoard fork)	2026-09-30T16:06:20.2594965Z C/C++:       |        ^
build	Build DaddyBoard (HeliBoard fork)	2026-09-30T16:06:20.2610535Z C/C++: /home/runner/work/daddyboard/daddyboard/daddyboard-main/app/src/main/jni/src/dictionary/property/ngram_property.h:33:42: note: in implicit copy constructor for 'latinime::HistoricalInfo' first required here
build	Build DaddyBoard (HeliBoard fork)	2026-09-30T16:06:20.2655179Z C/C++:    33 |               mProbability(probability), mHistoricalInfo(historicalInfo) {}
build	Build DaddyBoard (HeliBoard fork)	2026-09-30T16:06:20.2685013Z C/C++:       |                                          ^
build	Build DaddyBoard (HeliBoard fork)	2026-09-30T16:06:20.2702153Z C/C++: In file included from /home/runner/work/daddyboard/daddyboard/daddyboard-main/app/src/main/jni/src/utils/jni_data_utils.cpp:17:
--
build	Build DaddyBoard (HeliBoard fork)	2026-09-30T16:06:20.2756611Z C/C++: /home/runner/work/daddyboard/daddyboard/daddyboard-main/app/src/main/jni/src/dictionary/property/unigram_property.h:126:5: warning: definition of implicit copy constructor for 'UnigramProperty' is deprecated because it has a user-declared copy assignment operator [-Wdeprecated-copy]
build	Build DaddyBoard (HeliBoard fork)	2026-09-30T16:06:20.2785046Z C/C++:   126 |     DISALLOW_ASSIGNMENT_OPERATOR(UnigramProperty);
build	Build DaddyBoard (HeliBoard fork)	2026-09-30T16:06:20.2814981Z C/C++:       |     ^
build	Build DaddyBoard (HeliBoard fork)	2026-09-30T16:06:20.2816324Z C/C++: /home/runner/work/daddyboard/daddyboard/daddyboard-main/app/src/main/jni/src/defines.h:289:8: note: expanded from macro 'DISALLOW_ASSIGNMENT_OPERATOR'
build	Build DaddyBoard (HeliBoard fork)	2026-09-30T16:06:20.2845232Z C/C++:   289 |   void operator=(const TypeName&) = delete
build	Build DaddyBoard (HeliBoard fork)	2026-09-30T16:06:20.2875061Z C/C++:       |        ^
build	Build DaddyBoard (HeliBoard fork)	2026-09-30T16:06:20.2901497Z C/C++: /home/runner/work/daddyboard/daddyboard/daddyboard-main/app/src/main/jni/src/dictionary/property/word_property.h:38:51: note: in implicit copy constructor for 'latinime::UnigramProperty' first required here
build	Build DaddyBoard (HeliBoard fork)	2026-09-30T16:06:20.2903634Z C/C++:    38 |             : mCodePoints(std::move(codePoints)), mUnigramProperty(unigramProperty),
build	Build DaddyBoard (HeliBoard fork)	2026-09-30T16:06:20.2935077Z C/C++:       |                                                   ^
build	Build DaddyBoard (HeliBoard fork)	2026-09-30T16:06:20.3348866Z C/C++: In file included from /home/runner/work/daddyboard/daddyboard/daddyboard-main/app/src/main/jni/src/utils/jni_data_utils.cpp:17:
build	Build DaddyBoard (HeliBoard fork)	2026-09-30T16:06:20.3376858Z C/C++: /home/runner/work/daddyboard/daddyboard/daddyboard-main/app/src/main/jni/src/utils/jni_data_utils.h:52:27: warning: variable length arrays in C++ are a Clang extension [-Wvla-cxx-extension]
build	Build DaddyBoard (HeliBoard fork)	2026-09-30T16:06:20.3405051Z C/C++:    52 |             char keyChars[keyUtf8Length + 1];
build	Build DaddyBoard (HeliBoard fork)	2026-09-30T16:06:20.3434973Z C/C++:       |                           ^~~~~~~~~~~~~~~~~
build	Build DaddyBoard (HeliBoard fork)	2026-09-30T16:06:20.3453270Z C/C++: /home/runner/work/daddyboard/daddyboard/daddyboard-main/app/src/main/jni/src/utils/jni_data_utils.h:52:27: note: initializer of 'keyUtf8Length' is not a constant expression
build	Build DaddyBoard (HeliBoard fork)	2026-09-30T16:06:20.3465560Z C/C++: /home/runner/work/daddyboard/daddyboard/daddyboard-main/app/src/main/jni/src/utils/jni_data_utils.h:51:25: note: declared here
build	Build DaddyBoard (HeliBoard fork)	2026-09-30T16:06:20.3467250Z C/C++:    51 |             const jsize keyUtf8Length = env->GetStringUTFLength(keyString);
build	Build DaddyBoard (HeliBoard fork)	2026-09-30T16:06:20.3468020Z C/C++:       |                         ^
build	Build DaddyBoard (HeliBoard fork)	2026-09-30T16:06:20.3469502Z C/C++: /home/runner/work/daddyboard/daddyboard/daddyboard-main/app/src/main/jni/src/utils/jni_data_utils.h:62:29: warning: variable length arrays in C++ are a Clang extension [-Wvla-cxx-extension]
build	Build DaddyBoard (HeliBoard fork)	2026-09-30T16:06:20.3471152Z C/C++:    62 |             char valueChars[valueUtf8Length + 1];
build	Build DaddyBoard (HeliBoard fork)	2026-09-30T16:06:20.3471824Z C/C++:       |                             ^~~~~~~~~~~~~~~~~~~
build	Build DaddyBoard (HeliBoard fork)	2026-09-30T16:06:20.3473293Z C/C++: /home/runner/work/daddyboard/daddyboard/daddyboard-main/app/src/main/jni/src/utils/jni_data_utils.h:62:29: note: initializer of 'valueUtf8Length' is not a constant expression
build	Build DaddyBoard (HeliBoard fork)	2026-09-30T16:06:20.3475591Z C/C++: /home/runner/work/daddyboard/daddyboard/daddyboard-main/app/src/main/jni/src/utils/jni_data_utils.h:61:25: note: declared here
build	Build DaddyBoard (HeliBoard fork)	2026-09-30T16:06:20.3477033Z C/C++:    61 |             const jsize valueUtf8Length = env->GetStringUTFLength(valueString);
build	Build DaddyBoard (HeliBoard fork)	2026-09-30T16:06:20.3477823Z C/C++:       |                         ^
build	Build DaddyBoard (HeliBoard fork)	2026-09-30T16:06:20.3479305Z C/C++: /home/runner/work/daddyboard/daddyboard/daddyboard-main/app/src/main/jni/src/utils/jni_data_utils.h:77:29: warning: variable length arrays in C++ are a Clang extension [-Wvla-cxx-extension]
build	Build DaddyBoard (HeliBoard fork)	2026-09-30T16:06:20.3480909Z C/C++:    77 |         int outputCodePonts[codePointBufSize];
build	Build DaddyBoard (HeliBoard fork)	2026-09-30T16:06:20.3481549Z C/C++:       |                             ^~~~~~~~~~~~~~~~
build	Build DaddyBoard (HeliBoard fork)	2026-09-30T16:06:20.3483024Z C/C++: /home/runner/work/daddyboard/daddyboard/daddyboard-main/app/src/main/jni/src/utils/jni_data_utils.h:77:29: note: initializer of 'codePointBufSize' is not a constant expression
build	Build DaddyBoard (HeliBoard fork)	2026-09-30T16:06:20.3485296Z C/C++: /home/runner/work/daddyboard/daddyboard/daddyboard-main/app/src/main/jni/src/utils/jni_data_utils.h:76:19: note: declared here
build	Build DaddyBoard (HeliBoard fork)	2026-09-30T16:06:20.3486674Z C/C++:    76 |         const int codePointBufSize = std::min(maxLength, codePointCount);
build	Build DaddyBoard (HeliBoard fork)	2026-09-30T16:06:20.3487431Z C/C++:       |                   ^
build	Build DaddyBoard (HeliBoard fork)	2026-09-30T16:06:20.4346273Z C/C++: In file included from /home/runner/work/daddyboard/daddyboard/daddyboard-main/app/src/main/jni/src/utils/jni_data_utils.cpp:17:
--
build	Build DaddyBoard (HeliBoard fork)	2026-09-30T16:06:20.4406584Z C/C++: /home/runner/work/daddyboard/daddyboard/daddyboard-main/app/src/main/jni/src/utils/int_array_view.h:160:5: warning: definition of implicit copy constructor for 'IntArrayView' is deprecated because it has a user-declared copy assignment operator [-Wdeprecated-copy]
build	Build DaddyBoard (HeliBoard fork)	2026-09-30T16:06:20.4435201Z C/C++:   160 |     DISALLOW_ASSIGNMENT_OPERATOR(IntArrayView);
build	Build DaddyBoard (HeliBoard fork)	2026-09-30T16:06:20.4465016Z C/C++:       |     ^
build	Build DaddyBoard (HeliBoard fork)	2026-09-30T16:06:20.4470195Z C/C++: /home/runner/work/daddyboard/daddyboard/daddyboard-main/app/src/main/jni/src/defines.h:289:8: note: expanded from macro 'DISALLOW_ASSIGNMENT_OPERATOR'
build	Build DaddyBoard (HeliBoard fork)	2026-09-30T16:06:20.4495049Z C/C++:   289 |   void operator=(const TypeName&) = delete
build	Build DaddyBoard (HeliBoard fork)	2026-09-30T16:06:20.4524878Z C/C++:       |        ^
build	Build DaddyBoard (HeliBoard fork)	2026-09-30T16:06:20.4546625Z C/C++: /usr/local/lib/android/sdk/ndk/28.0.13004108/toolchains/llvm/prebuilt/linux-x86_64/sysroot/usr/include/c++/v1/__memory/allocator.h:173:24: note: in implicit copy constructor for 'latinime::IntArrayView' first required here
build	Build DaddyBoard (HeliBoard fork)	2026-09-30T16:06:20.4565027Z C/C++:   173 |     ::new ((void*)__p) _Up(std::forward<_Args>(__args)...);
build	Build DaddyBoard (HeliBoard fork)	2026-09-30T16:06:20.4588195Z C/C++:       |                        ^
build	Build DaddyBoard (HeliBoard fork)	2026-09-30T16:06:20.4616558Z C/C++: /usr/local/lib/android/sdk/ndk/28.0.13004108/toolchains/llvm/prebuilt/linux-x86_64/sysroot/usr/include/c++/v1/__memory/allocator_traits.h:320:9: note: in instantiation of function template specialization 'std::allocator<latinime::IntArrayView>::construct<latinime::IntArrayView, latinime::IntArrayView>' requested here
build	Build DaddyBoard (HeliBoard fork)	2026-09-30T16:06:20.4645016Z C/C++:   320 |     __a.construct(__p, std::forward<_Args>(__args)...);
build	Build DaddyBoard (HeliBoard fork)	2026-09-30T16:06:20.4654816Z C/C++:       |         ^
build	Build DaddyBoard (HeliBoard fork)	2026-09-30T16:06:20.4666581Z C/C++: /usr/local/lib/android/sdk/ndk/28.0.13004108/toolchains/llvm/prebuilt/linux-x86_64/sysroot/usr/include/c++/v1/__memory/uninitialized_algorithms.h:639:33: note: in instantiation of function template specialization 'std::allocator_traits<std::allocator<latinime::IntArrayView>>::construct<latinime::IntArrayView, latinime::IntArrayView, 0>' requested here
build	Build DaddyBoard (HeliBoard fork)	2026-09-30T16:06:20.4681864Z C/C++:   639 |       allocator_traits<_Alloc>::construct(__alloc, __result, std::move(*__iter));
build	Build DaddyBoard (HeliBoard fork)	2026-09-30T16:06:20.4682839Z C/C++:       |                                 ^
build	Build DaddyBoard (HeliBoard fork)	2026-09-30T16:06:20.4685009Z C/C++: /usr/local/lib/android/sdk/ndk/28.0.13004108/toolchains/llvm/prebuilt/linux-x86_64/sysroot/usr/include/c++/v1/vector:1511:3: note: in instantiation of member function 'std::vector<latinime::IntArrayView>::__swap_out_circular_buffer' requested here
build	Build DaddyBoard (HeliBoard fork)	2026-09-30T16:06:20.4687081Z C/C++:  1511 |   __swap_out_circular_buffer(__v);
build	Build DaddyBoard (HeliBoard fork)	2026-09-30T16:06:20.4687728Z C/C++:       |   ^
build	Build DaddyBoard (HeliBoard fork)	2026-09-30T16:06:20.4689888Z C/C++: /usr/local/lib/android/sdk/ndk/28.0.13004108/toolchains/llvm/prebuilt/linux-x86_64/sysroot/usr/include/c++/v1/vector:1529:13: note: in instantiation of function template specialization 'std::vector<latinime::IntArrayView>::__emplace_back_slow_path<const int *const &, const unsigned long &>' requested here
build	Build DaddyBoard (HeliBoard fork)	2026-09-30T16:06:20.4705228Z C/C++:  1529 |     __end = __emplace_back_slow_path(std::forward<_Args>(__args)...);
build	Build DaddyBoard (HeliBoard fork)	2026-09-30T16:06:20.4734931Z C/C++:       |             ^
build	Build DaddyBoard (HeliBoard fork)	2026-09-30T16:06:20.4766475Z C/C++: /home/runner/work/daddyboard/daddyboard/daddyboard-main/app/src/main/jni/src/utils/int_array_view.h:142:20: note: in instantiation of function template specialization 'std::vector<latinime::IntArrayView>::emplace_back<const int *const &, const unsigned long &>' requested here
build	Build DaddyBoard (HeliBoard fork)	2026-09-30T16:06:20.4775110Z C/C++:   142 |             result.emplace_back(mPtr, mSize);
build	Build DaddyBoard (HeliBoard fork)	2026-09-30T16:06:20.4795036Z C/C++:       |                    ^
build	Build DaddyBoard (HeliBoard fork)	2026-09-30T16:06:20.4825721Z C/C++: In file included from /home/runner/work/daddyboard/daddyboard/daddyboard-main/app/src/main/jni/src/utils/jni_data_utils.cpp:17:
--
build	Build DaddyBoard (HeliBoard fork)	2026-09-30T16:06:20.4886581Z C/C++: /home/runner/work/daddyboard/daddyboard/daddyboard-main/app/src/main/jni/src/dictionary/property/ngram_property.h:54:5: warning: definition of implicit copy constructor for 'NgramProperty' is deprecated because it has a user-declared copy assignment operator [-Wdeprecated-copy]
build	Build DaddyBoard (HeliBoard fork)	2026-09-30T16:06:20.4915176Z C/C++:    54 |     DISALLOW_ASSIGNMENT_OPERATOR(NgramProperty);
build	Build DaddyBoard (HeliBoard fork)	2026-09-30T16:06:20.4944939Z C/C++:       |     ^
build	Build DaddyBoard (HeliBoard fork)	2026-09-30T16:06:20.4955675Z C/C++: /home/runner/work/daddyboard/daddyboard/daddyboard-main/app/src/main/jni/src/defines.h:289:8: note: expanded from macro 'DISALLOW_ASSIGNMENT_OPERATOR'
build	Build DaddyBoard (HeliBoard fork)	2026-09-30T16:06:20.4975122Z C/C++:   289 |   void operator=(const TypeName&) = delete
build	Build DaddyBoard (HeliBoard fork)	2026-09-30T16:06:20.5004991Z C/C++:       |        ^
build	Build DaddyBoard (HeliBoard fork)	2026-09-30T16:06:20.5031679Z C/C++: /usr/local/lib/android/sdk/ndk/28.0.13004108/toolchains/llvm/prebuilt/linux-x86_64/sysroot/usr/include/c++/v1/__memory/allocator.h:173:24: note: in implicit copy constructor for 'latinime::NgramProperty' first required here
build	Build DaddyBoard (HeliBoard fork)	2026-09-30T16:06:20.5035106Z C/C++:   173 |     ::new ((void*)__p) _Up(std::forward<_Args>(__args)...);
build	Build DaddyBoard (HeliBoard fork)	2026-09-30T16:06:20.5067359Z C/C++:       |                        ^
build	Build DaddyBoard (HeliBoard fork)	2026-09-30T16:06:20.5096707Z C/C++: /usr/local/lib/android/sdk/ndk/28.0.13004108/toolchains/llvm/prebuilt/linux-x86_64/sysroot/usr/include/c++/v1/__memory/allocator_traits.h:320:9: note: in instantiation of function template specialization 'std::allocator<latinime::NgramProperty>::construct<latinime::NgramProperty, latinime::NgramProperty &>' requested here
build	Build DaddyBoard (HeliBoard fork)	2026-09-30T16:06:20.5099495Z C/C++:   320 |     __a.construct(__p, std::forward<_Args>(__args)...);
build	Build DaddyBoard (HeliBoard fork)	2026-09-30T16:06:20.5100103Z C/C++:       |         ^
build	Build DaddyBoard (HeliBoard fork)	2026-09-30T16:06:20.5102508Z C/C++: /usr/local/lib/android/sdk/ndk/28.0.13004108/toolchains/llvm/prebuilt/linux-x86_64/sysroot/usr/include/c++/v1/__memory/uninitialized_algorithms.h:551:31: note: in instantiation of function template specialization 'std::allocator_traits<std::allocator<latinime::NgramProperty>>::construct<latinime::NgramProperty, latinime::NgramProperty &, 0>' requested here
build	Build DaddyBoard (HeliBoard fork)	2026-09-30T16:06:20.5135618Z C/C++:   551 |     allocator_traits<_Alloc>::construct(__alloc, std::__to_address(__first2), *__first1);
build	Build DaddyBoard (HeliBoard fork)	2026-09-30T16:06:20.5136513Z C/C++:       |                               ^
build	Build DaddyBoard (HeliBoard fork)	2026-09-30T16:06:20.5139404Z C/C++: /usr/local/lib/android/sdk/ndk/28.0.13004108/toolchains/llvm/prebuilt/linux-x86_64/sysroot/usr/include/c++/v1/__memory/uninitialized_algorithms.h:594:33: note: in instantiation of function template specialization 'std::__uninitialized_allocator_copy_impl<std::allocator<latinime::NgramProperty>, latinime::NgramProperty *, latinime::NgramProperty *, latinime::NgramProperty *>' requested here
build	Build DaddyBoard (HeliBoard fork)	2026-09-30T16:06:20.5142461Z C/C++:   594 |   auto __result          = std::__uninitialized_allocator_copy_impl(
build	Build DaddyBoard (HeliBoard fork)	2026-09-30T16:06:20.5143180Z C/C++:       |                                 ^
build	Build DaddyBoard (HeliBoard fork)	2026-09-30T16:06:20.5146148Z C/C++: /usr/local/lib/android/sdk/ndk/28.0.13004108/toolchains/llvm/prebuilt/linux-x86_64/sysroot/usr/include/c++/v1/vector:1100:22: note: in instantiation of function template specialization 'std::__uninitialized_allocator_copy<std::allocator<latinime::NgramProperty>, latinime::NgramProperty *, latinime::NgramProperty *, latinime::NgramProperty *>' requested here
build	Build DaddyBoard (HeliBoard fork)	2026-09-30T16:06:20.5149189Z C/C++:  1100 |   __tx.__pos_ = std::__uninitialized_allocator_copy(__alloc(), __first, __last, __tx.__pos_);
build	Build DaddyBoard (HeliBoard fork)	2026-09-30T16:06:20.5150043Z C/C++:       |                      ^
build	Build DaddyBoard (HeliBoard fork)	2026-09-30T16:06:20.5152249Z C/C++: /usr/local/lib/android/sdk/ndk/28.0.13004108/toolchains/llvm/prebuilt/linux-x86_64/sysroot/usr/include/c++/v1/vector:761:7: note: in instantiation of function template specialization 'std::vector<latinime::NgramProperty>::__construct_at_end<latinime::NgramProperty *, latinime::NgramProperty *>' requested here
build	Build DaddyBoard (HeliBoard fork)	2026-09-30T16:06:20.5157435Z C/C++:   761 |       __construct_at_end(__first, __last, __n);
build	Build DaddyBoard (HeliBoard fork)	2026-09-30T16:06:20.5158004Z C/C++:       |       ^
build	Build DaddyBoard (HeliBoard fork)	2026-09-30T16:06:20.5160137Z C/C++: /usr/local/lib/android/sdk/ndk/28.0.13004108/toolchains/llvm/prebuilt/linux-x86_64/sysroot/usr/include/c++/v1/vector:1213:3: note: in instantiation of function template specialization 'std::vector<latinime::NgramProperty>::__init_with_size<latinime::NgramProperty *, latinime::NgramProperty *>' requested here
build	Build DaddyBoard (HeliBoard fork)	2026-09-30T16:06:20.5162497Z C/C++:  1213 |   __init_with_size(__x.__begin_, __x.__end_, __x.size());
build	Build DaddyBoard (HeliBoard fork)	2026-09-30T16:06:20.5163094Z C/C++:       |   ^
build	Build DaddyBoard (HeliBoard fork)	2026-09-30T16:06:20.5164930Z C/C++: /home/runner/work/daddyboard/daddyboard/daddyboard-main/app/src/main/jni/src/dictionary/property/word_property.h:39:15: note: in instantiation of member function 'std::vector<latinime::NgramProperty>::vector' requested here
build	Build DaddyBoard (HeliBoard fork)	2026-09-30T16:06:20.5166625Z C/C++:    39 |               mNgrams(ngrams) {}
build	Build DaddyBoard (HeliBoard fork)	2026-09-30T16:06:20.5167086Z C/C++:       |               ^
build	Build DaddyBoard (HeliBoard fork)	2026-09-30T16:06:20.5345326Z C/C++: 7 warnings generated.
build	Build DaddyBoard (HeliBoard fork)	2026-09-30T16:06:20.5346960Z C/C++: /home/runner/work/daddyboard/daddyboard/daddyboard-main/app/src/main/jni/src/utils/log_utils.cpp:61:38: warning: variable length arrays in C++ are a Clang extension [-Wvla-cxx-extension]
build	Build DaddyBoard (HeliBoard fork)	2026-09-30T16:06:20.5385110Z C/C++:    61 |             char variableSizeCString[size];
build	Build DaddyBoard (HeliBoard fork)	2026-09-30T16:06:20.5415210Z C/C++:       |                                      ^~~~
build	Build DaddyBoard (HeliBoard fork)	2026-09-30T16:06:20.5445754Z C/C++: /home/runner/work/daddyboard/daddyboard/daddyboard-main/app/src/main/jni/src/utils/log_utils.cpp:61:38: note: initializer of 'size' is not a constant expression
build	Build DaddyBoard (HeliBoard fork)	2026-09-30T16:06:20.5448039Z C/C++: /home/runner/work/daddyboard/daddyboard/daddyboard-main/app/src/main/jni/src/utils/log_utils.cpp:51:19: note: declared here
build	Build DaddyBoard (HeliBoard fork)	2026-09-30T16:06:20.5449442Z C/C++:    51 |         const int size = vsnprintf(fixedSizeCString, DEFAULT_LINE_SIZE, format, argList) + 1;
build	Build DaddyBoard (HeliBoard fork)	2026-09-30T16:06:20.5450237Z C/C++:       |                   ^
build	Build DaddyBoard (HeliBoard fork)	2026-09-30T16:06:20.5450682Z C/C++: 1 warning generated.
--
build	Build DaddyBoard (HeliBoard fork)	2026-09-30T16:06:21.4353757Z C/C++: /home/runner/work/daddyboard/daddyboard/daddyboard-main/app/src/main/jni/src/dictionary/utils/entry_counters.h:44:5: warning: definition of implicit copy constructor for 'EntryCounts' is deprecated because it has a user-declared copy assignment operator [-Wdeprecated-copy]
build	Build DaddyBoard (HeliBoard fork)	2026-09-30T16:06:21.4356170Z C/C++:    44 |     DISALLOW_ASSIGNMENT_OPERATOR(EntryCounts);
build	Build DaddyBoard (HeliBoard fork)	2026-09-30T16:06:21.4356771Z C/C++:       |     ^
build	Build DaddyBoard (HeliBoard fork)	2026-09-30T16:06:21.4357934Z C/C++: /home/runner/work/daddyboard/daddyboard/daddyboard-main/app/src/main/jni/src/defines.h:289:8: note: expanded from macro 'DISALLOW_ASSIGNMENT_OPERATOR'
build	Build DaddyBoard (HeliBoard fork)	2026-09-30T16:06:21.4359321Z C/C++:   289 |   void operator=(const TypeName&) = delete
build	Build DaddyBoard (HeliBoard fork)	2026-09-30T16:06:21.4359899Z C/C++:       |        ^
build	Build DaddyBoard (HeliBoard fork)	2026-09-30T16:06:21.4361408Z C/C++: /home/runner/work/daddyboard/daddyboard/daddyboard-main/app/src/main/jni/src/dictionary/header/header_policy.h:92:15: note: in implicit copy constructor for 'latinime::EntryCounts' first required here
build	Build DaddyBoard (HeliBoard fork)	2026-09-30T16:06:21.4363165Z C/C++:    92 |               mNgramCounts(headerPolicy->mNgramCounts),
build	Build DaddyBoard (HeliBoard fork)	2026-09-30T16:06:21.4363798Z C/C++:       |               ^
build	Build DaddyBoard (HeliBoard fork)	2026-09-30T16:06:21.4365837Z C/C++: In file included from /home/runner/work/daddyboard/daddyboard/daddyboard-main/app/src/main/jni/src/dictionary/structure/backward/v402/ver4_dict_buffers.cpp:24:
--
build	Build DaddyBoard (HeliBoard fork)	2026-09-30T16:06:21.4375812Z C/C++: /home/runner/work/daddyboard/daddyboard/daddyboard-main/app/src/main/jni/src/dictionary/property/historical_info.h:52:5: warning: definition of implicit copy constructor for 'HistoricalInfo' is deprecated because it has a user-declared copy assignment operator [-Wdeprecated-copy]
build	Build DaddyBoard (HeliBoard fork)	2026-09-30T16:06:21.4378089Z C/C++:    52 |     DISALLOW_ASSIGNMENT_OPERATOR(HistoricalInfo);
build	Build DaddyBoard (HeliBoard fork)	2026-09-30T16:06:21.4378710Z C/C++:       |     ^
build	Build DaddyBoard (HeliBoard fork)	2026-09-30T16:06:21.4379893Z C/C++: /home/runner/work/daddyboard/daddyboard/daddyboard-main/app/src/main/jni/src/defines.h:289:8: note: expanded from macro 'DISALLOW_ASSIGNMENT_OPERATOR'
build	Build DaddyBoard (HeliBoard fork)	2026-09-30T16:06:21.4381262Z C/C++:   289 |   void operator=(const TypeName&) = delete
build	Build DaddyBoard (HeliBoard fork)	2026-09-30T16:06:21.4381832Z C/C++:       |        ^
build	Build DaddyBoard (HeliBoard fork)	2026-09-30T16:06:21.4383532Z C/C++: /home/runner/work/daddyboard/daddyboard/daddyboard-main/app/src/main/jni/src/dictionary/structure/backward/v402/content/bigram_entry.h:49:61: note: in implicit copy constructor for 'latinime::HistoricalInfo' first required here
build	Build DaddyBoard (HeliBoard fork)	2026-09-30T16:06:21.4386263Z C/C++:    49 |             : mHasNext(hasNext), mProbability(probability), mHistoricalInfo(*historicalInfo),
build	Build DaddyBoard (HeliBoard fork)	2026-09-30T16:06:21.4387711Z C/C++:       |                                                             ^
build	Build DaddyBoard (HeliBoard fork)	2026-09-30T16:06:21.4389573Z C/C++: /home/runner/work/daddyboard/daddyboard/daddyboard-main/app/src/main/jni/src/dictionary/structure/backward/v402/ver4_dict_buffers.cpp:58:21: warning: variable length arrays in C++ are a Clang extension [-Wvla-cxx-extension]
build	Build DaddyBoard (HeliBoard fork)	2026-09-30T16:06:21.4391459Z C/C++:    58 |     char tmpDirPath[tmpDirPathBufSize];
build	Build DaddyBoard (HeliBoard fork)	2026-09-30T16:06:21.4392074Z C/C++:       |                     ^~~~~~~~~~~~~~~~~
build	Build DaddyBoard (HeliBoard fork)	2026-09-30T16:06:21.4393761Z C/C++: /home/runner/work/daddyboard/daddyboard/daddyboard-main/app/src/main/jni/src/dictionary/structure/backward/v402/ver4_dict_buffers.cpp:58:21: note: initializer of 'tmpDirPathBufSize' is not a constant expression
build	Build DaddyBoard (HeliBoard fork)	2026-09-30T16:06:21.4396519Z C/C++: /home/runner/work/daddyboard/daddyboard/daddyboard-main/app/src/main/jni/src/dictionary/structure/backward/v402/ver4_dict_buffers.cpp:56:15: note: declared here
build	Build DaddyBoard (HeliBoard fork)	2026-09-30T16:06:21.4398250Z C/C++:    56 |     const int tmpDirPathBufSize = FileUtils::getFilePathWithSuffixBufSize(dictDirPath,
build	Build DaddyBoard (HeliBoard fork)	2026-09-30T16:06:21.4399137Z C/C++:       |               ^
build	Build DaddyBoard (HeliBoard fork)	2026-09-30T16:06:21.4405369Z C/C++: /home/runner/work/daddyboard/daddyboard/daddyboard-main/app/src/main/jni/src/dictionary/structure/backward/v402/ver4_dict_buffers.cpp:76:19: warning: variable length arrays in C++ are a Clang extension [-Wvla-cxx-extension]
build	Build DaddyBoard (HeliBoard fork)	2026-09-30T16:06:21.4407253Z C/C++:    76 |     char dictName[dictNameBufSize];
build	Build DaddyBoard (HeliBoard fork)	2026-09-30T16:06:21.4407859Z C/C++:       |                   ^~~~~~~~~~~~~~~
build	Build DaddyBoard (HeliBoard fork)	2026-09-30T16:06:21.4409543Z C/C++: /home/runner/work/daddyboard/daddyboard/daddyboard-main/app/src/main/jni/src/dictionary/structure/backward/v402/ver4_dict_buffers.cpp:76:19: note: initializer of 'dictNameBufSize' is not a constant expression
build	Build DaddyBoard (HeliBoard fork)	2026-09-30T16:06:21.4412087Z C/C++: /home/runner/work/daddyboard/daddyboard/daddyboard-main/app/src/main/jni/src/dictionary/structure/backward/v402/ver4_dict_buffers.cpp:75:15: note: declared here
build	Build DaddyBoard (HeliBoard fork)	2026-09-30T16:06:21.4413686Z C/C++:    75 |     const int dictNameBufSize = strlen(dictDirPath) + 1 /* terminator */;
build	Build DaddyBoard (HeliBoard fork)	2026-09-30T16:06:21.4415002Z C/C++:       |               ^
build	Build DaddyBoard (HeliBoard fork)	2026-09-30T16:06:21.4416698Z C/C++: /home/runner/work/daddyboard/daddyboard/daddyboard-main/app/src/main/jni/src/dictionary/structure/backward/v402/ver4_dict_buffers.cpp:79:19: warning: variable length arrays in C++ are a Clang extension [-Wvla-cxx-extension]
build	Build DaddyBoard (HeliBoard fork)	2026-09-30T16:06:21.4418526Z C/C++:    79 |     char dictPath[dictPathBufSize];
build	Build DaddyBoard (HeliBoard fork)	2026-09-30T16:06:21.4419085Z C/C++:       |                   ^~~~~~~~~~~~~~~
build	Build DaddyBoard (HeliBoard fork)	2026-09-30T16:06:21.4420742Z C/C++: /home/runner/work/daddyboard/daddyboard/daddyboard-main/app/src/main/jni/src/dictionary/structure/backward/v402/ver4_dict_buffers.cpp:79:19: note: initializer of 'dictPathBufSize' is not a constant expression
build	Build DaddyBoard (HeliBoard fork)	2026-09-30T16:06:21.4423219Z C/C++: /home/runner/work/daddyboard/daddyboard/daddyboard-main/app/src/main/jni/src/dictionary/structure/backward/v402/ver4_dict_buffers.cpp:78:15: note: declared here
build	Build DaddyBoard (HeliBoard fork)	2026-09-30T16:06:21.4425206Z C/C++:    78 |     const int dictPathBufSize = FileUtils::getFilePathBufSize(tmpDirPath, dictName);
build	Build DaddyBoard (HeliBoard fork)	2026-09-30T16:06:21.4426017Z C/C++:       |               ^
build	Build DaddyBoard (HeliBoard fork)	2026-09-30T16:06:21.7345547Z C/C++: 5 warnings generated.
--
build	Build DaddyBoard (HeliBoard fork)	2026-09-30T16:06:22.6427277Z C/C++: /home/runner/work/daddyboard/daddyboard/daddyboard-main/app/src/main/jni/src/dictionary/utils/entry_counters.h:44:5: warning: definition of implicit copy constructor for 'EntryCounts' is deprecated because it has a user-declared copy assignment operator [-Wdeprecated-copy]
build	Build DaddyBoard (HeliBoard fork)	2026-09-30T16:06:22.6472128Z C/C++:    44 |     DISALLOW_ASSIGNMENT_OPERATOR(EntryCounts);
build	Build DaddyBoard (HeliBoard fork)	2026-09-30T16:06:22.6515486Z C/C++:       |     ^
build	Build DaddyBoard (HeliBoard fork)	2026-09-30T16:06:22.6534022Z C/C++: /home/runner/work/daddyboard/daddyboard/daddyboard-main/app/src/main/jni/src/defines.h:289:8: note: expanded from macro 'DISALLOW_ASSIGNMENT_OPERATOR'
build	Build DaddyBoard (HeliBoard fork)	2026-09-30T16:06:22.6585543Z C/C++:   289 |   void operator=(const TypeName&) = delete
build	Build DaddyBoard (HeliBoard fork)	2026-09-30T16:06:22.6617390Z C/C++:       |        ^
build	Build DaddyBoard (HeliBoard fork)	2026-09-30T16:06:22.6706110Z C/C++: /home/runner/work/daddyboard/daddyboard/daddyboard-main/app/src/main/jni/src/dictionary/header/header_policy.h:92:15: note: in implicit copy constructor for 'latinime::EntryCounts' first required here
build	Build DaddyBoard (HeliBoard fork)	2026-09-30T16:06:22.6707811Z C/C++:    92 |               mNgramCounts(headerPolicy->mNgramCounts),
build	Build DaddyBoard (HeliBoard fork)	2026-09-30T16:06:22.6741302Z C/C++:       |               ^
build	Build DaddyBoard (HeliBoard fork)	2026-09-30T16:06:22.6817413Z C/C++: In file included from /home/runner/work/daddyboard/daddyboard/daddyboard-main/app/src/main/jni/src/dictionary/structure/backward/v402/ver4_patricia_trie_node_reader.cpp:30:
--
build	Build DaddyBoard (HeliBoard fork)	2026-09-30T16:06:22.6863123Z C/C++: /home/runner/work/daddyboard/daddyboard/daddyboard-main/app/src/main/jni/src/dictionary/property/historical_info.h:52:5: warning: definition of implicit copy constructor for 'HistoricalInfo' is deprecated because it has a user-declared copy assignment operator [-Wdeprecated-copy]
build	Build DaddyBoard (HeliBoard fork)	2026-09-30T16:06:22.6914998Z C/C++:    52 |     DISALLOW_ASSIGNMENT_OPERATOR(HistoricalInfo);
build	Build DaddyBoard (HeliBoard fork)	2026-09-30T16:06:22.6945304Z C/C++:       |     ^
build	Build DaddyBoard (HeliBoard fork)	2026-09-30T16:06:22.6962032Z C/C++: /home/runner/work/daddyboard/daddyboard/daddyboard-main/app/src/main/jni/src/defines.h:289:8: note: expanded from macro 'DISALLOW_ASSIGNMENT_OPERATOR'
build	Build DaddyBoard (HeliBoard fork)	2026-09-30T16:06:22.6963319Z C/C++:   289 |   void operator=(const TypeName&) = delete
build	Build DaddyBoard (HeliBoard fork)	2026-09-30T16:06:22.6981540Z C/C++:       |        ^
build	Build DaddyBoard (HeliBoard fork)	2026-09-30T16:06:22.7026258Z C/C++: /home/runner/work/daddyboard/daddyboard/daddyboard-main/app/src/main/jni/src/dictionary/structure/backward/v402/content/probability_entry.h:39:15: note: in implicit copy constructor for 'latinime::HistoricalInfo' first required here
build	Build DaddyBoard (HeliBoard fork)	2026-09-30T16:06:22.7066381Z C/C++:    39 |               mHistoricalInfo(probabilityEntry.mHistoricalInfo) {}
build	Build DaddyBoard (HeliBoard fork)	2026-09-30T16:06:22.7067584Z C/C++:       |               ^
build	Build DaddyBoard (HeliBoard fork)	2026-09-30T16:06:22.7353974Z C/C++: In file included from /home/runner/work/daddyboard/daddyboard/daddyboard-main/app/src/main/jni/src/dictionary/structure/backward/v402/ver4_patricia_trie_node_reader.cpp:24:
--
build	Build DaddyBoard (HeliBoard fork)	2026-09-30T16:06:22.7426541Z C/C++: /home/runner/work/daddyboard/daddyboard/daddyboard-main/app/src/main/jni/src/utils/int_array_view.h:160:5: warning: definition of implicit copy constructor for 'IntArrayView' is deprecated because it has a user-declared copy assignment operator [-Wdeprecated-copy]
build	Build DaddyBoard (HeliBoard fork)	2026-09-30T16:06:22.7431774Z C/C++:   160 |     DISALLOW_ASSIGNMENT_OPERATOR(IntArrayView);
build	Build DaddyBoard (HeliBoard fork)	2026-09-30T16:06:22.7432967Z C/C++:       |     ^
build	Build DaddyBoard (HeliBoard fork)	2026-09-30T16:06:22.7459467Z C/C++: /home/runner/work/daddyboard/daddyboard/daddyboard-main/app/src/main/jni/src/defines.h:289:8: note: expanded from macro 'DISALLOW_ASSIGNMENT_OPERATOR'
build	Build DaddyBoard (HeliBoard fork)	2026-09-30T16:06:22.7483266Z C/C++:   289 |   void operator=(const TypeName&) = delete
build	Build DaddyBoard (HeliBoard fork)	2026-09-30T16:06:22.7490750Z C/C++:       |        ^
build	Build DaddyBoard (HeliBoard fork)	2026-09-30T16:06:22.7500541Z C/C++: /usr/local/lib/android/sdk/ndk/28.0.13004108/toolchains/llvm/prebuilt/linux-x86_64/sysroot/usr/include/c++/v1/__memory/allocator.h:173:24: note: in implicit copy constructor for 'latinime::IntArrayView' first required here
build	Build DaddyBoard (HeliBoard fork)	2026-09-30T16:06:22.7525105Z C/C++:   173 |     ::new ((void*)__p) _Up(std::forward<_Args>(__args)...);
build	Build DaddyBoard (HeliBoard fork)	2026-09-30T16:06:22.7546097Z C/C++:       |                        ^
build	Build DaddyBoard (HeliBoard fork)	2026-09-30T16:06:22.7552112Z C/C++: /usr/local/lib/android/sdk/ndk/28.0.13004108/toolchains/llvm/prebuilt/linux-x86_64/sysroot/usr/include/c++/v1/__memory/allocator_traits.h:320:9: note: in instantiation of function template specialization 'std::allocator<latinime::IntArrayView>::construct<latinime::IntArrayView, latinime::IntArrayView>' requested here
build	Build DaddyBoard (HeliBoard fork)	2026-09-30T16:06:22.7562819Z C/C++:   320 |     __a.construct(__p, std::forward<_Args>(__args)...);
build	Build DaddyBoard (HeliBoard fork)	2026-09-30T16:06:22.7563623Z C/C++:       |         ^
build	Build DaddyBoard (HeliBoard fork)	2026-09-30T16:06:22.7566210Z C/C++: /usr/local/lib/android/sdk/ndk/28.0.13004108/toolchains/llvm/prebuilt/linux-x86_64/sysroot/usr/include/c++/v1/__memory/uninitialized_algorithms.h:639:33: note: in instantiation of function template specialization 'std::allocator_traits<std::allocator<latinime::IntArrayView>>::construct<latinime::IntArrayView, latinime::IntArrayView, 0>' requested here
build	Build DaddyBoard (HeliBoard fork)	2026-09-30T16:06:22.7569105Z C/C++:   639 |       allocator_traits<_Alloc>::construct(__alloc, __result, std::move(*__iter));
build	Build DaddyBoard (HeliBoard fork)	2026-09-30T16:06:22.7570060Z C/C++:       |                                 ^
build	Build DaddyBoard (HeliBoard fork)	2026-09-30T16:06:22.7572023Z C/C++: /usr/local/lib/android/sdk/ndk/28.0.13004108/toolchains/llvm/prebuilt/linux-x86_64/sysroot/usr/include/c++/v1/vector:1511:3: note: in instantiation of member function 'std::vector<latinime::IntArrayView>::__swap_out_circular_buffer' requested here
build	Build DaddyBoard (HeliBoard fork)	2026-09-30T16:06:22.7573991Z C/C++:  1511 |   __swap_out_circular_buffer(__v);
build	Build DaddyBoard (HeliBoard fork)	2026-09-30T16:06:22.7574938Z C/C++:       |   ^
build	Build DaddyBoard (HeliBoard fork)	2026-09-30T16:06:22.7577174Z C/C++: /usr/local/lib/android/sdk/ndk/28.0.13004108/toolchains/llvm/prebuilt/linux-x86_64/sysroot/usr/include/c++/v1/vector:1529:13: note: in instantiation of function template specialization 'std::vector<latinime::IntArrayView>::__emplace_back_slow_path<const int *const &, const unsigned long &>' requested here
build	Build DaddyBoard (HeliBoard fork)	2026-09-30T16:06:22.7579599Z C/C++:  1529 |     __end = __emplace_back_slow_path(std::forward<_Args>(__args)...);
build	Build DaddyBoard (HeliBoard fork)	2026-09-30T16:06:22.7580435Z C/C++:       |             ^
build	Build DaddyBoard (HeliBoard fork)	2026-09-30T16:06:22.7582913Z C/C++: /home/runner/work/daddyboard/daddyboard/daddyboard-main/app/src/main/jni/src/utils/int_array_view.h:142:20: note: in instantiation of function template specialization 'std::vector<latinime::IntArrayView>::emplace_back<const int *const &, const unsigned long &>' requested here
build	Build DaddyBoard (HeliBoard fork)	2026-09-30T16:06:22.7585266Z C/C++:   142 |             result.emplace_back(mPtr, mSize);
build	Build DaddyBoard (HeliBoard fork)	2026-09-30T16:06:22.7586042Z C/C++:       |                    ^
build	Build DaddyBoard (HeliBoard fork)	2026-09-30T16:06:22.8325641Z C/C++: 3 warnings generated.
--
build	Build DaddyBoard (HeliBoard fork)	2026-09-30T16:06:23.6406759Z C/C++: /home/runner/work/daddyboard/daddyboard/daddyboard-main/app/src/main/jni/src/dictionary/property/historical_info.h:52:5: warning: definition of implicit copy constructor for 'HistoricalInfo' is deprecated because it has a user-declared copy assignment operator [-Wdeprecated-copy]
build	Build DaddyBoard (HeliBoard fork)	2026-09-30T16:06:23.6425187Z C/C++:    52 |     DISALLOW_ASSIGNMENT_OPERATOR(HistoricalInfo);
build	Build DaddyBoard (HeliBoard fork)	2026-09-30T16:06:23.6455788Z C/C++:       |     ^
build	Build DaddyBoard (HeliBoard fork)	2026-09-30T16:06:23.6466219Z C/C++: /home/runner/work/daddyboard/daddyboard/daddyboard-main/app/src/main/jni/src/defines.h:289:8: note: expanded from macro 'DISALLOW_ASSIGNMENT_OPERATOR'
build	Build DaddyBoard (HeliBoard fork)	2026-09-30T16:06:23.6495395Z C/C++:   289 |   void operator=(const TypeName&) = delete
build	Build DaddyBoard (HeliBoard fork)	2026-09-30T16:06:23.6525080Z C/C++:       |        ^
build	Build DaddyBoard (HeliBoard fork)	2026-09-30T16:06:23.6542563Z C/C++: /home/runner/work/daddyboard/daddyboard/daddyboard-main/app/src/main/jni/src/dictionary/structure/backward/v402/content/probability_entry.h:39:15: note: in implicit copy constructor for 'latinime::HistoricalInfo' first required here
build	Build DaddyBoard (HeliBoard fork)	2026-09-30T16:06:23.6555358Z C/C++:    39 |               mHistoricalInfo(probabilityEntry.mHistoricalInfo) {}
build	Build DaddyBoard (HeliBoard fork)	2026-09-30T16:06:23.6585209Z C/C++:       |               ^
build	Build DaddyBoard (HeliBoard fork)	2026-09-30T16:06:23.7356205Z C/C++: In file included from /home/runner/work/daddyboard/daddyboard/daddyboard-main/app/src/main/jni/src/dictionary/structure/backward/v402/ver4_patricia_trie_node_writer.cpp:26:
--
build	Build DaddyBoard (HeliBoard fork)	2026-09-30T16:06:23.7416579Z C/C++: /home/runner/work/daddyboard/daddyboard/daddyboard-main/app/src/main/jni/src/dictionary/utils/entry_counters.h:44:5: warning: definition of implicit copy constructor for 'EntryCounts' is deprecated because it has a user-declared copy assignment operator [-Wdeprecated-copy]
build	Build DaddyBoard (HeliBoard fork)	2026-09-30T16:06:23.7445070Z C/C++:    44 |     DISALLOW_ASSIGNMENT_OPERATOR(EntryCounts);
build	Build DaddyBoard (HeliBoard fork)	2026-09-30T16:06:23.7445671Z C/C++:       |     ^
build	Build DaddyBoard (HeliBoard fork)	2026-09-30T16:06:23.7446792Z C/C++: /home/runner/work/daddyboard/daddyboard/daddyboard-main/app/src/main/jni/src/defines.h:289:8: note: expanded from macro 'DISALLOW_ASSIGNMENT_OPERATOR'
build	Build DaddyBoard (HeliBoard fork)	2026-09-30T16:06:23.7448051Z C/C++:   289 |   void operator=(const TypeName&) = delete
build	Build DaddyBoard (HeliBoard fork)	2026-09-30T16:06:23.7448573Z C/C++:       |        ^
build	Build DaddyBoard (HeliBoard fork)	2026-09-30T16:06:23.7449999Z C/C++: /home/runner/work/daddyboard/daddyboard/daddyboard-main/app/src/main/jni/src/dictionary/header/header_policy.h:92:15: note: in implicit copy constructor for 'latinime::EntryCounts' first required here
build	Build DaddyBoard (HeliBoard fork)	2026-09-30T16:06:23.7451634Z C/C++:    92 |               mNgramCounts(headerPolicy->mNgramCounts),
build	Build DaddyBoard (HeliBoard fork)	2026-09-30T16:06:23.7452209Z C/C++:       |               ^
build	Build DaddyBoard (HeliBoard fork)	2026-09-30T16:06:23.7453873Z C/C++: In file included from /home/runner/work/daddyboard/daddyboard/daddyboard-main/app/src/main/jni/src/dictionary/structure/backward/v402/ver4_patricia_trie_node_writer.cpp:26:
--
build	Build DaddyBoard (HeliBoard fork)	2026-09-30T16:06:23.7462764Z C/C++: /home/runner/work/daddyboard/daddyboard/daddyboard-main/app/src/main/jni/src/utils/byte_array_view.h:53:5: warning: definition of implicit copy constructor for 'ReadOnlyByteArrayView' is deprecated because it has a user-declared copy assignment operator [-Wdeprecated-copy]
build	Build DaddyBoard (HeliBoard fork)	2026-09-30T16:06:23.7465090Z C/C++:    53 |     DISALLOW_ASSIGNMENT_OPERATOR(ReadOnlyByteArrayView);
build	Build DaddyBoard (HeliBoard fork)	2026-09-30T16:06:23.7465734Z C/C++:       |     ^
build	Build DaddyBoard (HeliBoard fork)	2026-09-30T16:06:23.7466879Z C/C++: /home/runner/work/daddyboard/daddyboard/daddyboard-main/app/src/main/jni/src/defines.h:289:8: note: expanded from macro 'DISALLOW_ASSIGNMENT_OPERATOR'
build	Build DaddyBoard (HeliBoard fork)	2026-09-30T16:06:23.7468171Z C/C++:   289 |   void operator=(const TypeName&) = delete
build	Build DaddyBoard (HeliBoard fork)	2026-09-30T16:06:23.7468689Z C/C++:       |        ^
build	Build DaddyBoard (HeliBoard fork)	2026-09-30T16:06:23.7470426Z C/C++: /home/runner/work/daddyboard/daddyboard/daddyboard-main/app/src/main/jni/src/dictionary/structure/pt_common/shortcut/shortcut_list_reading_utils.h:52:75: note: in implicit copy constructor for 'latinime::ReadOnlyByteArrayView' first required here
build	Build DaddyBoard (HeliBoard fork)	2026-09-30T16:06:23.7472581Z C/C++:    52 |         const int shortcutListSize = getShortcutListSizeAndForwardPointer(buffer, pos);
build	Build DaddyBoard (HeliBoard fork)	2026-09-30T16:06:23.7473691Z C/C++:       |                                                                           ^
build	Build DaddyBoard (HeliBoard fork)	2026-09-30T16:06:23.9336517Z C/C++: In file included from /home/runner/work/daddyboard/daddyboard/daddyboard-main/app/src/main/jni/src/dictionary/structure/backward/v402/ver4_patricia_trie_node_writer.cpp:24:
--
build	Build DaddyBoard (HeliBoard fork)	2026-09-30T16:06:23.9408338Z C/C++: /home/runner/work/daddyboard/daddyboard/daddyboard-main/app/src/main/jni/src/utils/int_array_view.h:160:5: warning: definition of implicit copy constructor for 'IntArrayView' is deprecated because it has a user-declared copy assignment operator [-Wdeprecated-copy]
build	Build DaddyBoard (HeliBoard fork)	2026-09-30T16:06:23.9410220Z C/C++:   160 |     DISALLOW_ASSIGNMENT_OPERATOR(IntArrayView);
build	Build DaddyBoard (HeliBoard fork)	2026-09-30T16:06:23.9410679Z C/C++:       |     ^
build	Build DaddyBoard (HeliBoard fork)	2026-09-30T16:06:23.9411545Z C/C++: /home/runner/work/daddyboard/daddyboard/daddyboard-main/app/src/main/jni/src/defines.h:289:8: note: expanded from macro 'DISALLOW_ASSIGNMENT_OPERATOR'
build	Build DaddyBoard (HeliBoard fork)	2026-09-30T16:06:23.9412674Z C/C++:   289 |   void operator=(const TypeName&) = delete
build	Build DaddyBoard (HeliBoard fork)	2026-09-30T16:06:23.9413201Z C/C++:       |        ^
build	Build DaddyBoard (HeliBoard fork)	2026-09-30T16:06:23.9414969Z C/C++: /usr/local/lib/android/sdk/ndk/28.0.13004108/toolchains/llvm/prebuilt/linux-x86_64/sysroot/usr/include/c++/v1/__memory/allocator.h:173:24: note: in implicit copy constructor for 'latinime::IntArrayView' first required here
build	Build DaddyBoard (HeliBoard fork)	2026-09-30T16:06:23.9416728Z C/C++:   173 |     ::new ((void*)__p) _Up(std::forward<_Args>(__args)...);
build	Build DaddyBoard (HeliBoard fork)	2026-09-30T16:06:23.9417385Z C/C++:       |                        ^
build	Build DaddyBoard (HeliBoard fork)	2026-09-30T16:06:23.9419642Z C/C++: /usr/local/lib/android/sdk/ndk/28.0.13004108/toolchains/llvm/prebuilt/linux-x86_64/sysroot/usr/include/c++/v1/__memory/allocator_traits.h:320:9: note: in instantiation of function template specialization 'std::allocator<latinime::IntArrayView>::construct<latinime::IntArrayView, latinime::IntArrayView>' requested here
build	Build DaddyBoard (HeliBoard fork)	2026-09-30T16:06:23.9422592Z C/C++:   320 |     __a.construct(__p, std::forward<_Args>(__args)...);
build	Build DaddyBoard (HeliBoard fork)	2026-09-30T16:06:23.9423243Z C/C++:       |         ^
build	Build DaddyBoard (HeliBoard fork)	2026-09-30T16:06:23.9426008Z C/C++: /usr/local/lib/android/sdk/ndk/28.0.13004108/toolchains/llvm/prebuilt/linux-x86_64/sysroot/usr/include/c++/v1/__memory/uninitialized_algorithms.h:639:33: note: in instantiation of function template specialization 'std::allocator_traits<std::allocator<latinime::IntArrayView>>::construct<latinime::IntArrayView, latinime::IntArrayView, 0>' requested here
build	Build DaddyBoard (HeliBoard fork)	2026-09-30T16:06:23.9428906Z C/C++:   639 |       allocator_traits<_Alloc>::construct(__alloc, __result, std::move(*__iter));
build	Build DaddyBoard (HeliBoard fork)	2026-09-30T16:06:23.9429733Z C/C++:       |                                 ^
build	Build DaddyBoard (HeliBoard fork)	2026-09-30T16:06:23.9431597Z C/C++: /usr/local/lib/android/sdk/ndk/28.0.13004108/toolchains/llvm/prebuilt/linux-x86_64/sysroot/usr/include/c++/v1/vector:1511:3: note: in instantiation of member function 'std::vector<latinime::IntArrayView>::__swap_out_circular_buffer' requested here
build	Build DaddyBoard (HeliBoard fork)	2026-09-30T16:06:23.9433487Z C/C++:  1511 |   __swap_out_circular_buffer(__v);
build	Build DaddyBoard (HeliBoard fork)	2026-09-30T16:06:23.9434027Z C/C++:       |   ^
build	Build DaddyBoard (HeliBoard fork)	2026-09-30T16:06:23.9452616Z C/C++: /usr/local/lib/android/sdk/ndk/28.0.13004108/toolchains/llvm/prebuilt/linux-x86_64/sysroot/usr/include/c++/v1/vector:1529:13: note: in instantiation of function template specialization 'std::vector<latinime::IntArrayView>::__emplace_back_slow_path<const int *const &, const unsigned long &>' requested here
build	Build DaddyBoard (HeliBoard fork)	2026-09-30T16:06:23.9455398Z C/C++:  1529 |     __end = __emplace_back_slow_path(std::forward<_Args>(__args)...);
build	Build DaddyBoard (HeliBoard fork)	2026-09-30T16:06:23.9456801Z C/C++:       |             ^
build	Build DaddyBoard (HeliBoard fork)	2026-09-30T16:06:23.9458752Z C/C++: /home/runner/work/daddyboard/daddyboard/daddyboard-main/app/src/main/jni/src/utils/int_array_view.h:142:20: note: in instantiation of function template specialization 'std::vector<latinime::IntArrayView>::emplace_back<const int *const &, const unsigned long &>' requested here
build	Build DaddyBoard (HeliBoard fork)	2026-09-30T16:06:23.9460839Z C/C++:   142 |             result.emplace_back(mPtr, mSize);
build	Build DaddyBoard (HeliBoard fork)	2026-09-30T16:06:23.9461455Z C/C++:       |                    ^
build	Build DaddyBoard (HeliBoard fork)	2026-09-30T16:06:24.0325511Z C/C++: 4 warnings generated.
--
build	Build DaddyBoard (HeliBoard fork)	2026-09-30T16:06:24.9436603Z C/C++: /home/runner/work/daddyboard/daddyboard/daddyboard-main/app/src/main/jni/src/dictionary/utils/entry_counters.h:44:5: warning: definition of implicit copy constructor for 'EntryCounts' is deprecated because it has a user-declared copy assignment operator [-Wdeprecated-copy]
build	Build DaddyBoard (HeliBoard fork)	2026-09-30T16:06:24.9475081Z C/C++:    44 |     DISALLOW_ASSIGNMENT_OPERATOR(EntryCounts);
build	Build DaddyBoard (HeliBoard fork)	2026-09-30T16:06:24.9504911Z C/C++:       |     ^
build	Build DaddyBoard (HeliBoard fork)	2026-09-30T16:06:24.9535668Z C/C++: /home/runner/work/daddyboard/daddyboard/daddyboard-main/app/src/main/jni/src/defines.h:289:8: note: expanded from macro 'DISALLOW_ASSIGNMENT_OPERATOR'
build	Build DaddyBoard (HeliBoard fork)	2026-09-30T16:06:24.9565186Z C/C++:   289 |   void operator=(const TypeName&) = delete
build	Build DaddyBoard (HeliBoard fork)	2026-09-30T16:06:24.9591828Z C/C++:       |        ^
build	Build DaddyBoard (HeliBoard fork)	2026-09-30T16:06:24.9626062Z C/C++: /home/runner/work/daddyboard/daddyboard/daddyboard-main/app/src/main/jni/src/dictionary/header/header_policy.h:92:15: note: in implicit copy constructor for 'latinime::EntryCounts' first required here
build	Build DaddyBoard (HeliBoard fork)	2026-09-30T16:06:24.9646379Z C/C++:    92 |               mNgramCounts(headerPolicy->mNgramCounts),
build	Build DaddyBoard (HeliBoard fork)	2026-09-30T16:06:24.9685042Z C/C++:       |               ^
build	Build DaddyBoard (HeliBoard fork)	2026-09-30T16:06:24.9686946Z C/C++: In file included from /home/runner/work/daddyboard/daddyboard/daddyboard-main/app/src/main/jni/src/dictionary/structure/backward/v402/ver4_patricia_trie_policy.cpp:25:
--
build	Build DaddyBoard (HeliBoard fork)	2026-09-30T16:06:24.9721156Z C/C++: /home/runner/work/daddyboard/daddyboard/daddyboard-main/app/src/main/jni/src/dictionary/property/historical_info.h:52:5: warning: definition of implicit copy constructor for 'HistoricalInfo' is deprecated because it has a user-declared copy assignment operator [-Wdeprecated-copy]
build	Build DaddyBoard (HeliBoard fork)	2026-09-30T16:06:24.9723410Z C/C++:    52 |     DISALLOW_ASSIGNMENT_OPERATOR(HistoricalInfo);
build	Build DaddyBoard (HeliBoard fork)	2026-09-30T16:06:24.9724021Z C/C++:       |     ^
build	Build DaddyBoard (HeliBoard fork)	2026-09-30T16:06:24.9725393Z C/C++: /home/runner/work/daddyboard/daddyboard/daddyboard-main/app/src/main/jni/src/defines.h:289:8: note: expanded from macro 'DISALLOW_ASSIGNMENT_OPERATOR'
build	Build DaddyBoard (HeliBoard fork)	2026-09-30T16:06:24.9726724Z C/C++:   289 |   void operator=(const TypeName&) = delete
build	Build DaddyBoard (HeliBoard fork)	2026-09-30T16:06:24.9736211Z C/C++:       |        ^
build	Build DaddyBoard (HeliBoard fork)	2026-09-30T16:06:24.9737869Z C/C++: /home/runner/work/daddyboard/daddyboard/daddyboard-main/app/src/main/jni/src/dictionary/property/ngram_property.h:33:42: note: in implicit copy constructor for 'latinime::HistoricalInfo' first required here
build	Build DaddyBoard (HeliBoard fork)	2026-09-30T16:06:24.9739846Z C/C++:    33 |               mProbability(probability), mHistoricalInfo(historicalInfo) {}
build	Build DaddyBoard (HeliBoard fork)	2026-09-30T16:06:24.9741031Z C/C++:       |                                          ^
build	Build DaddyBoard (HeliBoard fork)	2026-09-30T16:06:24.9742455Z C/C++: In file included from /home/runner/work/daddyboard/daddyboard/daddyboard-main/app/src/main/jni/src/dictionary/structure/backward/v402/ver4_patricia_trie_policy.cpp:25:
--
build	Build DaddyBoard (HeliBoard fork)	2026-09-30T16:06:24.9782484Z C/C++: /home/runner/work/daddyboard/daddyboard/daddyboard-main/app/src/main/jni/src/dictionary/property/unigram_property.h:126:5: warning: definition of implicit copy constructor for 'UnigramProperty' is deprecated because it has a user-declared copy assignment operator [-Wdeprecated-copy]
build	Build DaddyBoard (HeliBoard fork)	2026-09-30T16:06:24.9785024Z C/C++:   126 |     DISALLOW_ASSIGNMENT_OPERATOR(UnigramProperty);
build	Build DaddyBoard (HeliBoard fork)	2026-09-30T16:06:24.9785673Z C/C++:       |     ^
build	Build DaddyBoard (HeliBoard fork)	2026-09-30T16:06:24.9786827Z C/C++: /home/runner/work/daddyboard/daddyboard/daddyboard-main/app/src/main/jni/src/defines.h:289:8: note: expanded from macro 'DISALLOW_ASSIGNMENT_OPERATOR'
build	Build DaddyBoard (HeliBoard fork)	2026-09-30T16:06:24.9788145Z C/C++:   289 |   void operator=(const TypeName&) = delete
build	Build DaddyBoard (HeliBoard fork)	2026-09-30T16:06:24.9788686Z C/C++:       |        ^
build	Build DaddyBoard (HeliBoard fork)	2026-09-30T16:06:24.9790270Z C/C++: /home/runner/work/daddyboard/daddyboard/daddyboard-main/app/src/main/jni/src/dictionary/property/word_property.h:38:51: note: in implicit copy constructor for 'latinime::UnigramProperty' first required here
build	Build DaddyBoard (HeliBoard fork)	2026-09-30T16:06:24.9792222Z C/C++:    38 |             : mCodePoints(std::move(codePoints)), mUnigramProperty(unigramProperty),
build	Build DaddyBoard (HeliBoard fork)	2026-09-30T16:06:24.9793124Z C/C++:       |                                                   ^
build	Build DaddyBoard (HeliBoard fork)	2026-09-30T16:06:24.9794855Z C/C++: In file included from /home/runner/work/daddyboard/daddyboard/daddyboard-main/app/src/main/jni/src/dictionary/structure/backward/v402/ver4_patricia_trie_policy.cpp:25:
--
build	Build DaddyBoard (HeliBoard fork)	2026-09-30T16:06:24.9829961Z C/C++: /home/runner/work/daddyboard/daddyboard/daddyboard-main/app/src/main/jni/src/utils/byte_array_view.h:53:5: warning: definition of implicit copy constructor for 'ReadOnlyByteArrayView' is deprecated because it has a user-declared copy assignment operator [-Wdeprecated-copy]
build	Build DaddyBoard (HeliBoard fork)	2026-09-30T16:06:24.9832110Z C/C++:    53 |     DISALLOW_ASSIGNMENT_OPERATOR(ReadOnlyByteArrayView);
build	Build DaddyBoard (HeliBoard fork)	2026-09-30T16:06:24.9832707Z C/C++:       |     ^
build	Build DaddyBoard (HeliBoard fork)	2026-09-30T16:06:24.9833743Z C/C++: /home/runner/work/daddyboard/daddyboard/daddyboard-main/app/src/main/jni/src/defines.h:289:8: note: expanded from macro 'DISALLOW_ASSIGNMENT_OPERATOR'
build	Build DaddyBoard (HeliBoard fork)	2026-09-30T16:06:24.9835150Z C/C++:   289 |   void operator=(const TypeName&) = delete
build	Build DaddyBoard (HeliBoard fork)	2026-09-30T16:06:24.9835652Z C/C++:       |        ^
build	Build DaddyBoard (HeliBoard fork)	2026-09-30T16:06:24.9837271Z C/C++: /home/runner/work/daddyboard/daddyboard/daddyboard-main/app/src/main/jni/src/dictionary/structure/pt_common/shortcut/shortcut_list_reading_utils.h:52:75: note: in implicit copy constructor for 'latinime::ReadOnlyByteArrayView' first required here
build	Build DaddyBoard (HeliBoard fork)	2026-09-30T16:06:24.9839759Z C/C++:    52 |         const int shortcutListSize = getShortcutListSizeAndForwardPointer(buffer, pos);
build	Build DaddyBoard (HeliBoard fork)	2026-09-30T16:06:24.9840651Z C/C++:       |                                                                           ^
build	Build DaddyBoard (HeliBoard fork)	2026-09-30T16:06:25.0329065Z C/C++: In file included from /home/runner/work/daddyboard/daddyboard/daddyboard-main/app/src/main/jni/src/dictionary/structure/backward/v402/ver4_patricia_trie_policy.cpp:25:
--
build	Build DaddyBoard (HeliBoard fork)	2026-09-30T16:06:25.0511311Z C/C++: /home/runner/work/daddyboard/daddyboard/daddyboard-main/app/src/main/jni/src/utils/int_array_view.h:160:5: warning: definition of implicit copy constructor for 'IntArrayView' is deprecated because it has a user-declared copy assignment operator [-Wdeprecated-copy]
build	Build DaddyBoard (HeliBoard fork)	2026-09-30T16:06:25.0555062Z C/C++:   160 |     DISALLOW_ASSIGNMENT_OPERATOR(IntArrayView);
build	Build DaddyBoard (HeliBoard fork)	2026-09-30T16:06:25.0555667Z C/C++:       |     ^
build	Build DaddyBoard (HeliBoard fork)	2026-09-30T16:06:25.0556790Z C/C++: /home/runner/work/daddyboard/daddyboard/daddyboard-main/app/src/main/jni/src/defines.h:289:8: note: expanded from macro 'DISALLOW_ASSIGNMENT_OPERATOR'
build	Build DaddyBoard (HeliBoard fork)	2026-09-30T16:06:25.0558128Z C/C++:   289 |   void operator=(const TypeName&) = delete
build	Build DaddyBoard (HeliBoard fork)	2026-09-30T16:06:25.0558672Z C/C++:       |        ^
build	Build DaddyBoard (HeliBoard fork)	2026-09-30T16:06:25.0560114Z C/C++: /home/runner/work/daddyboard/daddyboard/daddyboard-main/app/src/main/jni/src/suggest/core/dicnode/dic_node.h:110:53: note: in implicit copy constructor for 'latinime::IntArrayView' first required here
build	Build DaddyBoard (HeliBoard fork)	2026-09-30T16:06:25.0562268Z C/C++:   110 |         mDicNodeProperties.init(rootPtNodeArrayPos, prevWordIds);
build	Build DaddyBoard (HeliBoard fork)	2026-09-30T16:06:25.0563009Z C/C++:       |                                                     ^
build	Build DaddyBoard (HeliBoard fork)	2026-09-30T16:06:25.1336405Z C/C++: In file included from /home/runner/work/daddyboard/daddyboard/daddyboard-main/app/src/main/jni/src/dictionary/structure/backward/v402/ver4_patricia_trie_policy.cpp:39:
--
build	Build DaddyBoard (HeliBoard fork)	2026-09-30T16:06:25.1396431Z C/C++: /home/runner/work/daddyboard/daddyboard/daddyboard-main/app/src/main/jni/src/dictionary/utils/bloom_filter.h:47:5: warning: definition of implicit copy constructor for 'BloomFilter' is deprecated because it has a user-declared copy assignment operator [-Wdeprecated-copy]
build	Build DaddyBoard (HeliBoard fork)	2026-09-30T16:06:25.1415250Z C/C++:    47 |     DISALLOW_ASSIGNMENT_OPERATOR(BloomFilter);
build	Build DaddyBoard (HeliBoard fork)	2026-09-30T16:06:25.1444990Z C/C++:       |     ^
build	Build DaddyBoard (HeliBoard fork)	2026-09-30T16:06:25.1446208Z C/C++: /home/runner/work/daddyboard/daddyboard/daddyboard-main/app/src/main/jni/src/defines.h:289:8: note: expanded from macro 'DISALLOW_ASSIGNMENT_OPERATOR'
build	Build DaddyBoard (HeliBoard fork)	2026-09-30T16:06:25.1447595Z C/C++:   289 |   void operator=(const TypeName&) = delete
build	Build DaddyBoard (HeliBoard fork)	2026-09-30T16:06:25.1448160Z C/C++:       |        ^
build	Build DaddyBoard (HeliBoard fork)	2026-09-30T16:06:25.1449681Z C/C++: /home/runner/work/daddyboard/daddyboard/daddyboard-main/app/src/main/jni/src/dictionary/utils/multi_bigram_map.h:57:53: note: in implicit copy constructor for 'latinime::BloomFilter' first required here
build	Build DaddyBoard (HeliBoard fork)	2026-09-30T16:06:25.1451592Z C/C++:    57 |                 : mBigramMap(bigramMap.mBigramMap), mBloomFilter(bigramMap.mBloomFilter) {}
build	Build DaddyBoard (HeliBoard fork)	2026-09-30T16:06:25.1453114Z C/C++:       |                                                     ^
build	Build DaddyBoard (HeliBoard fork)	2026-09-30T16:06:25.2344920Z C/C++: In file included from /home/runner/work/daddyboard/daddyboard/daddyboard-main/app/src/main/jni/src/dictionary/structure/backward/v402/ver4_patricia_trie_policy.cpp:25:
--
build	Build DaddyBoard (HeliBoard fork)	2026-09-30T16:06:25.2380823Z C/C++: /home/runner/work/daddyboard/daddyboard/daddyboard-main/app/src/main/jni/src/dictionary/property/ngram_property.h:54:5: warning: definition of implicit copy constructor for 'NgramProperty' is deprecated because it has a user-declared copy assignment operator [-Wdeprecated-copy]
build	Build DaddyBoard (HeliBoard fork)	2026-09-30T16:06:25.2383122Z C/C++:    54 |     DISALLOW_ASSIGNMENT_OPERATOR(NgramProperty);
build	Build DaddyBoard (HeliBoard fork)	2026-09-30T16:06:25.2383752Z C/C++:       |     ^
build	Build DaddyBoard (HeliBoard fork)	2026-09-30T16:06:25.2415381Z C/C++: /home/runner/work/daddyboard/daddyboard/daddyboard-main/app/src/main/jni/src/defines.h:289:8: note: expanded from macro 'DISALLOW_ASSIGNMENT_OPERATOR'
build	Build DaddyBoard (HeliBoard fork)	2026-09-30T16:06:25.2416853Z C/C++:   289 |   void operator=(const TypeName&) = delete
build	Build DaddyBoard (HeliBoard fork)	2026-09-30T16:06:25.2417465Z C/C++:       |        ^
build	Build DaddyBoard (HeliBoard fork)	2026-09-30T16:06:25.2419094Z C/C++: /usr/local/lib/android/sdk/ndk/28.0.13004108/toolchains/llvm/prebuilt/linux-x86_64/sysroot/usr/include/c++/v1/__memory/allocator.h:173:24: note: in implicit copy constructor for 'latinime::NgramProperty' first required here
build	Build DaddyBoard (HeliBoard fork)	2026-09-30T16:06:25.2420944Z C/C++:   173 |     ::new ((void*)__p) _Up(std::forward<_Args>(__args)...);
build	Build DaddyBoard (HeliBoard fork)	2026-09-30T16:06:25.2421654Z C/C++:       |                        ^
build	Build DaddyBoard (HeliBoard fork)	2026-09-30T16:06:25.2423957Z C/C++: /usr/local/lib/android/sdk/ndk/28.0.13004108/toolchains/llvm/prebuilt/linux-x86_64/sysroot/usr/include/c++/v1/__memory/allocator_traits.h:320:9: note: in instantiation of function template specialization 'std::allocator<latinime::NgramProperty>::construct<latinime::NgramProperty, latinime::NgramProperty &>' requested here
build	Build DaddyBoard (HeliBoard fork)	2026-09-30T16:06:25.2427254Z C/C++:   320 |     __a.construct(__p, std::forward<_Args>(__args)...);
build	Build DaddyBoard (HeliBoard fork)	2026-09-30T16:06:25.2427921Z C/C++:       |         ^
build	Build DaddyBoard (HeliBoard fork)	2026-09-30T16:06:25.2430419Z C/C++: /usr/local/lib/android/sdk/ndk/28.0.13004108/toolchains/llvm/prebuilt/linux-x86_64/sysroot/usr/include/c++/v1/__memory/uninitialized_algorithms.h:551:31: note: in instantiation of function template specialization 'std::allocator_traits<std::allocator<latinime::NgramProperty>>::construct<latinime::NgramProperty, latinime::NgramProperty &, 0>' requested here
build	Build DaddyBoard (HeliBoard fork)	2026-09-30T16:06:25.2433272Z C/C++:   551 |     allocator_traits<_Alloc>::construct(__alloc, std::__to_address(__first2), *__first1);
build	Build DaddyBoard (HeliBoard fork)	2026-09-30T16:06:25.2434131Z C/C++:       |                               ^
build	Build DaddyBoard (HeliBoard fork)	2026-09-30T16:06:25.2437309Z C/C++: /usr/local/lib/android/sdk/ndk/28.0.13004108/toolchains/llvm/prebuilt/linux-x86_64/sysroot/usr/include/c++/v1/__memory/uninitialized_algorithms.h:594:33: note: in instantiation of function template specialization 'std::__uninitialized_allocator_copy_impl<std::allocator<latinime::NgramProperty>, latinime::NgramProperty *, latinime::NgramProperty *, latinime::NgramProperty *>' requested here
build	Build DaddyBoard (HeliBoard fork)	2026-09-30T16:06:25.2440220Z C/C++:   594 |   auto __result          = std::__uninitialized_allocator_copy_impl(
build	Build DaddyBoard (HeliBoard fork)	2026-09-30T16:06:25.2440996Z C/C++:       |                                 ^
build	Build DaddyBoard (HeliBoard fork)	2026-09-30T16:06:25.2443564Z C/C++: /usr/local/lib/android/sdk/ndk/28.0.13004108/toolchains/llvm/prebuilt/linux-x86_64/sysroot/usr/include/c++/v1/vector:1100:22: note: in instantiation of function template specialization 'std::__uninitialized_allocator_copy<std::allocator<latinime::NgramProperty>, latinime::NgramProperty *, latinime::NgramProperty *, latinime::NgramProperty *>' requested here
build	Build DaddyBoard (HeliBoard fork)	2026-09-30T16:06:25.2447092Z C/C++:  1100 |   __tx.__pos_ = std::__uninitialized_allocator_copy(__alloc(), __first, __last, __tx.__pos_);
build	Build DaddyBoard (HeliBoard fork)	2026-09-30T16:06:25.2475345Z C/C++:       |                      ^
build	Build DaddyBoard (HeliBoard fork)	2026-09-30T16:06:25.2477646Z C/C++: /usr/local/lib/android/sdk/ndk/28.0.13004108/toolchains/llvm/prebuilt/linux-x86_64/sysroot/usr/include/c++/v1/vector:761:7: note: in instantiation of function template specialization 'std::vector<latinime::NgramProperty>::__construct_at_end<latinime::NgramProperty *, latinime::NgramProperty *>' requested here
build	Build DaddyBoard (HeliBoard fork)	2026-09-30T16:06:25.2480083Z C/C++:   761 |       __construct_at_end(__first, __last, __n);
build	Build DaddyBoard (HeliBoard fork)	2026-09-30T16:06:25.2480677Z C/C++:       |       ^
build	Build DaddyBoard (HeliBoard fork)	2026-09-30T16:06:25.2482828Z C/C++: /usr/local/lib/android/sdk/ndk/28.0.13004108/toolchains/llvm/prebuilt/linux-x86_64/sysroot/usr/include/c++/v1/vector:1213:3: note: in instantiation of function template specialization 'std::vector<latinime::NgramProperty>::__init_with_size<latinime::NgramProperty *, latinime::NgramProperty *>' requested here
build	Build DaddyBoard (HeliBoard fork)	2026-09-30T16:06:25.2485511Z C/C++:  1213 |   __init_with_size(__x.__begin_, __x.__end_, __x.size());
build	Build DaddyBoard (HeliBoard fork)	2026-09-30T16:06:25.2486176Z C/C++:       |   ^
build	Build DaddyBoard (HeliBoard fork)	2026-09-30T16:06:25.2487842Z C/C++: /home/runner/work/daddyboard/daddyboard/daddyboard-main/app/src/main/jni/src/dictionary/property/word_property.h:39:15: note: in instantiation of member function 'std::vector<latinime::NgramProperty>::vector' requested here
build	Build DaddyBoard (HeliBoard fork)	2026-09-30T16:06:25.2489640Z C/C++:    39 |               mNgrams(ngrams) {}
build	Build DaddyBoard (HeliBoard fork)	2026-09-30T16:06:25.2490191Z C/C++:       |               ^
build	Build DaddyBoard (HeliBoard fork)	2026-09-30T16:06:25.7325816Z C/C++: 7 warnings generated.
--
build	Build DaddyBoard (HeliBoard fork)	2026-09-30T16:06:26.7386823Z C/C++: /home/runner/work/daddyboard/daddyboard/daddyboard-main/app/src/main/jni/src/dictionary/utils/entry_counters.h:44:5: warning: definition of implicit copy constructor for 'EntryCounts' is deprecated because it has a user-declared copy assignment operator [-Wdeprecated-copy]
build	Build DaddyBoard (HeliBoard fork)	2026-09-30T16:06:26.7409640Z C/C++:    44 |     DISALLOW_ASSIGNMENT_OPERATOR(EntryCounts);
build	Build DaddyBoard (HeliBoard fork)	2026-09-30T16:06:26.7424994Z C/C++:       |     ^
build	Build DaddyBoard (HeliBoard fork)	2026-09-30T16:06:26.7456078Z C/C++: /home/runner/work/daddyboard/daddyboard/daddyboard-main/app/src/main/jni/src/defines.h:289:8: note: expanded from macro 'DISALLOW_ASSIGNMENT_OPERATOR'
build	Build DaddyBoard (HeliBoard fork)	2026-09-30T16:06:26.7461918Z C/C++:   289 |   void operator=(const TypeName&) = delete
build	Build DaddyBoard (HeliBoard fork)	2026-09-30T16:06:26.7505047Z C/C++:       |        ^
build	Build DaddyBoard (HeliBoard fork)	2026-09-30T16:06:26.7557659Z C/C++: /home/runner/work/daddyboard/daddyboard/daddyboard-main/app/src/main/jni/src/dictionary/header/header_policy.h:92:15: note: in implicit copy constructor for 'latinime::EntryCounts' first required here
build	Build DaddyBoard (HeliBoard fork)	2026-09-30T16:06:26.7635267Z C/C++:    92 |               mNgramCounts(headerPolicy->mNgramCounts),
build	Build DaddyBoard (HeliBoard fork)	2026-09-30T16:06:26.7657406Z C/C++:       |               ^
build	Build DaddyBoard (HeliBoard fork)	2026-09-30T16:06:26.7695953Z C/C++: In file included from /home/runner/work/daddyboard/daddyboard/daddyboard-main/app/src/main/jni/src/dictionary/structure/backward/v402/ver4_patricia_trie_writing_helper.cpp:30:
--
build	Build DaddyBoard (HeliBoard fork)	2026-09-30T16:06:26.7796502Z C/C++: /home/runner/work/daddyboard/daddyboard/daddyboard-main/app/src/main/jni/src/dictionary/property/historical_info.h:52:5: warning: definition of implicit copy constructor for 'HistoricalInfo' is deprecated because it has a user-declared copy assignment operator [-Wdeprecated-copy]
build	Build DaddyBoard (HeliBoard fork)	2026-09-30T16:06:26.7842700Z C/C++:    52 |     DISALLOW_ASSIGNMENT_OPERATOR(HistoricalInfo);
build	Build DaddyBoard (HeliBoard fork)	2026-09-30T16:06:26.7884947Z C/C++:       |     ^
build	Build DaddyBoard (HeliBoard fork)	2026-09-30T16:06:26.7915801Z C/C++: /home/runner/work/daddyboard/daddyboard/daddyboard-main/app/src/main/jni/src/defines.h:289:8: note: expanded from macro 'DISALLOW_ASSIGNMENT_OPERATOR'
build	Build DaddyBoard (HeliBoard fork)	2026-09-30T16:06:26.7935097Z C/C++:   289 |   void operator=(const TypeName&) = delete
build	Build DaddyBoard (HeliBoard fork)	2026-09-30T16:06:26.7944929Z C/C++:       |        ^
build	Build DaddyBoard (HeliBoard fork)	2026-09-30T16:06:26.7961767Z C/C++: /home/runner/work/daddyboard/daddyboard/daddyboard-main/app/src/main/jni/src/dictionary/structure/backward/v402/content/bigram_entry.h:49:61: note: in implicit copy constructor for 'latinime::HistoricalInfo' first required here
build	Build DaddyBoard (HeliBoard fork)	2026-09-30T16:06:26.8010711Z C/C++:    49 |             : mHasNext(hasNext), mProbability(probability), mHistoricalInfo(*historicalInfo),
build	Build DaddyBoard (HeliBoard fork)	2026-09-30T16:06:26.8046869Z C/C++:       |                                                             ^
build	Build DaddyBoard (HeliBoard fork)	2026-09-30T16:06:26.8066153Z C/C++: In file included from /home/runner/work/daddyboard/daddyboard/daddyboard-main/app/src/main/jni/src/dictionary/structure/backward/v402/ver4_patricia_trie_writing_helper.cpp:24:
--
build	Build DaddyBoard (HeliBoard fork)	2026-09-30T16:06:26.8164077Z C/C++: /home/runner/work/daddyboard/daddyboard/daddyboard-main/app/src/main/jni/src/utils/byte_array_view.h:53:5: warning: definition of implicit copy constructor for 'ReadOnlyByteArrayView' is deprecated because it has a user-declared copy assignment operator [-Wdeprecated-copy]
build	Build DaddyBoard (HeliBoard fork)	2026-09-30T16:06:26.8195235Z C/C++:    53 |     DISALLOW_ASSIGNMENT_OPERATOR(ReadOnlyByteArrayView);
build	Build DaddyBoard (HeliBoard fork)	2026-09-30T16:06:26.8225087Z C/C++:       |     ^
build	Build DaddyBoard (HeliBoard fork)	2026-09-30T16:06:26.8226803Z C/C++: /home/runner/work/daddyboard/daddyboard/daddyboard-main/app/src/main/jni/src/defines.h:289:8: note: expanded from macro 'DISALLOW_ASSIGNMENT_OPERATOR'
build	Build DaddyBoard (HeliBoard fork)	2026-09-30T16:06:26.8255304Z C/C++:   289 |   void operator=(const TypeName&) = delete
build	Build DaddyBoard (HeliBoard fork)	2026-09-30T16:06:26.8285053Z C/C++:       |        ^
build	Build DaddyBoard (HeliBoard fork)	2026-09-30T16:06:26.8296354Z C/C++: /home/runner/work/daddyboard/daddyboard/daddyboard-main/app/src/main/jni/src/dictionary/structure/pt_common/shortcut/shortcut_list_reading_utils.h:52:75: note: in implicit copy constructor for 'latinime::ReadOnlyByteArrayView' first required here
build	Build DaddyBoard (HeliBoard fork)	2026-09-30T16:06:26.8315506Z C/C++:    52 |         const int shortcutListSize = getShortcutListSizeAndForwardPointer(buffer, pos);
build	Build DaddyBoard (HeliBoard fork)	2026-09-30T16:06:26.8346324Z C/C++:       |                                                                           ^
build	Build DaddyBoard (HeliBoard fork)	2026-09-30T16:06:26.8373878Z C/C++: In file included from /home/runner/work/daddyboard/daddyboard/daddyboard-main/app/src/main/jni/src/dictionary/structure/backward/v402/ver4_patricia_trie_writing_helper.cpp:24:
--
build	Build DaddyBoard (HeliBoard fork)	2026-09-30T16:06:26.8475537Z C/C++: /home/runner/work/daddyboard/daddyboard/daddyboard-main/app/src/main/jni/src/utils/int_array_view.h:160:5: warning: definition of implicit copy constructor for 'IntArrayView' is deprecated because it has a user-declared copy assignment operator [-Wdeprecated-copy]
build	Build DaddyBoard (HeliBoard fork)	2026-09-30T16:06:26.8495218Z C/C++:   160 |     DISALLOW_ASSIGNMENT_OPERATOR(IntArrayView);
build	Build DaddyBoard (HeliBoard fork)	2026-09-30T16:06:26.8525043Z C/C++:       |     ^
build	Build DaddyBoard (HeliBoard fork)	2026-09-30T16:06:26.8555822Z C/C++: /home/runner/work/daddyboard/daddyboard/daddyboard-main/app/src/main/jni/src/defines.h:289:8: note: expanded from macro 'DISALLOW_ASSIGNMENT_OPERATOR'
build	Build DaddyBoard (HeliBoard fork)	2026-09-30T16:06:26.8565030Z C/C++:   289 |   void operator=(const TypeName&) = delete
build	Build DaddyBoard (HeliBoard fork)	2026-09-30T16:06:26.8584196Z C/C++:       |        ^
build	Build DaddyBoard (HeliBoard fork)	2026-09-30T16:06:26.8606271Z C/C++: /usr/local/lib/android/sdk/ndk/28.0.13004108/toolchains/llvm/prebuilt/linux-x86_64/sysroot/usr/include/c++/v1/__memory/allocator.h:173:24: note: in implicit copy constructor for 'latinime::IntArrayView' first required here
build	Build DaddyBoard (HeliBoard fork)	2026-09-30T16:06:26.8631919Z C/C++:   173 |     ::new ((void*)__p) _Up(std::forward<_Args>(__args)...);
build	Build DaddyBoard (HeliBoard fork)	2026-09-30T16:06:26.8664951Z C/C++:       |                        ^
build	Build DaddyBoard (HeliBoard fork)	2026-09-30T16:06:26.8667194Z C/C++: /usr/local/lib/android/sdk/ndk/28.0.13004108/toolchains/llvm/prebuilt/linux-x86_64/sysroot/usr/include/c++/v1/__memory/allocator_traits.h:320:9: note: in instantiation of function template specialization 'std::allocator<latinime::IntArrayView>::construct<latinime::IntArrayView, latinime::IntArrayView>' requested here
build	Build DaddyBoard (HeliBoard fork)	2026-09-30T16:06:26.8669589Z C/C++:   320 |     __a.construct(__p, std::forward<_Args>(__args)...);
build	Build DaddyBoard (HeliBoard fork)	2026-09-30T16:06:26.8670176Z C/C++:       |         ^
build	Build DaddyBoard (HeliBoard fork)	2026-09-30T16:06:26.8672554Z C/C++: /usr/local/lib/android/sdk/ndk/28.0.13004108/toolchains/llvm/prebuilt/linux-x86_64/sysroot/usr/include/c++/v1/__memory/uninitialized_algorithms.h:639:33: note: in instantiation of function template specialization 'std::allocator_traits<std::allocator<latinime::IntArrayView>>::construct<latinime::IntArrayView, latinime::IntArrayView, 0>' requested here
build	Build DaddyBoard (HeliBoard fork)	2026-09-30T16:06:26.8695329Z C/C++:   639 |       allocator_traits<_Alloc>::construct(__alloc, __result, std::move(*__iter));
build	Build DaddyBoard (HeliBoard fork)	2026-09-30T16:06:26.8704985Z C/C++:       |                                 ^
build	Build DaddyBoard (HeliBoard fork)	2026-09-30T16:06:26.8726431Z C/C++: /usr/local/lib/android/sdk/ndk/28.0.13004108/toolchains/llvm/prebuilt/linux-x86_64/sysroot/usr/include/c++/v1/vector:1511:3: note: in instantiation of member function 'std::vector<latinime::IntArrayView>::__swap_out_circular_buffer' requested here
build	Build DaddyBoard (HeliBoard fork)	2026-09-30T16:06:26.8755118Z C/C++:  1511 |   __swap_out_circular_buffer(__v);
build	Build DaddyBoard (HeliBoard fork)	2026-09-30T16:06:26.8764892Z C/C++:       |   ^
build	Build DaddyBoard (HeliBoard fork)	2026-09-30T16:06:26.8796677Z C/C++: /usr/local/lib/android/sdk/ndk/28.0.13004108/toolchains/llvm/prebuilt/linux-x86_64/sysroot/usr/include/c++/v1/vector:1529:13: note: in instantiation of function template specialization 'std::vector<latinime::IntArrayView>::__emplace_back_slow_path<const int *const &, const unsigned long &>' requested here
build	Build DaddyBoard (HeliBoard fork)	2026-09-30T16:06:26.8815316Z C/C++:  1529 |     __end = __emplace_back_slow_path(std::forward<_Args>(__args)...);
build	Build DaddyBoard (HeliBoard fork)	2026-09-30T16:06:26.8844546Z C/C++:       |             ^
build	Build DaddyBoard (HeliBoard fork)	2026-09-30T16:06:26.8856458Z C/C++: /home/runner/work/daddyboard/daddyboard/daddyboard-main/app/src/main/jni/src/utils/int_array_view.h:142:20: note: in instantiation of function template specialization 'std::vector<latinime::IntArrayView>::emplace_back<const int *const &, const unsigned long &>' requested here
build	Build DaddyBoard (HeliBoard fork)	2026-09-30T16:06:26.8879347Z C/C++:   142 |             result.emplace_back(mPtr, mSize);
build	Build DaddyBoard (HeliBoard fork)	2026-09-30T16:06:26.8895191Z C/C++:       |                    ^
build	Build DaddyBoard (HeliBoard fork)	2026-09-30T16:06:26.9337921Z C/C++: In file included from /home/runner/work/daddyboard/daddyboard/daddyboard-main/app/src/main/jni/src/dictionary/structure/backward/v402/ver4_patricia_trie_writing_helper.cpp:24:
build	Build DaddyBoard (HeliBoard fork)	2026-09-30T16:06:26.9347759Z C/C++: /home/runner/work/daddyboard/daddyboard/daddyboard-main/app/src/main/jni/src/dictionary/structure/backward/v402/ver4_patricia_trie_writing_helper.h:122:9: warning: definition of implicit copy constructor for 'DictProbabilityComparator' is deprecated because it has a user-declared copy assignment operator [-Wdeprecated-copy]
build	Build DaddyBoard (HeliBoard fork)	2026-09-30T16:06:26.9383805Z C/C++:   122 |         DISALLOW_ASSIGNMENT_OPERATOR(DictProbabilityComparator);
build	Build DaddyBoard (HeliBoard fork)	2026-09-30T16:06:26.9404965Z C/C++:       |         ^
build	Build DaddyBoard (HeliBoard fork)	2026-09-30T16:06:26.9407108Z C/C++: /home/runner/work/daddyboard/daddyboard/daddyboard-main/app/src/main/jni/src/defines.h:289:8: note: expanded from macro 'DISALLOW_ASSIGNMENT_OPERATOR'
build	Build DaddyBoard (HeliBoard fork)	2026-09-30T16:06:26.9435022Z C/C++:   289 |   void operator=(const TypeName&) = delete
build	Build DaddyBoard (HeliBoard fork)	2026-09-30T16:06:26.9465081Z C/C++:       |        ^
build	Build DaddyBoard (HeliBoard fork)	2026-09-30T16:06:26.9486204Z C/C++: /usr/local/lib/android/sdk/ndk/28.0.13004108/toolchains/llvm/prebuilt/linux-x86_64/sysroot/usr/include/c++/v1/queue:906:38: note: in implicit copy constructor for 'latinime::backward::v402::Ver4PatriciaTrieWritingHelper::DictProbabilityComparator' first required here
build	Build DaddyBoard (HeliBoard fork)	2026-09-30T16:06:26.9514982Z C/C++:   906 |   std::push_heap(c.begin(), c.end(), comp);
build	Build DaddyBoard (HeliBoard fork)	2026-09-30T16:06:26.9525088Z C/C++:       |                                      ^
build	Build DaddyBoard (HeliBoard fork)	2026-09-30T16:06:26.9558104Z C/C++: /home/runner/work/daddyboard/daddyboard/daddyboard-main/app/src/main/jni/src/dictionary/structure/backward/v402/ver4_patricia_trie_writing_helper.cpp:221:23: note: in instantiation of member function 'std::priority_queue<latinime::backward::v402::Ver4PatriciaTrieWritingHelper::DictProbability, std::vector<latinime::backward::v402::Ver4PatriciaTrieWritingHelper::DictProbability>, latinime::backward::v402::Ver4PatriciaTrieWritingHelper::DictProbabilityComparator>::push' requested here
build	Build DaddyBoard (HeliBoard fork)	2026-09-30T16:06:26.9575349Z C/C++:   221 |         priorityQueue.push(DictProbability(terminalPos, probability,
build	Build DaddyBoard (HeliBoard fork)	2026-09-30T16:06:26.9614962Z C/C++:       |                       ^
build	Build DaddyBoard (HeliBoard fork)	2026-09-30T16:06:27.1325569Z C/C++: 5 warnings generated.
--
build	Build DaddyBoard (HeliBoard fork)	2026-09-30T16:06:28.0426447Z C/C++: /home/runner/work/daddyboard/daddyboard/daddyboard-main/app/src/main/jni/src/dictionary/property/historical_info.h:52:5: warning: definition of implicit copy constructor for 'HistoricalInfo' is deprecated because it has a user-declared copy assignment operator [-Wdeprecated-copy]
build	Build DaddyBoard (HeliBoard fork)	2026-09-30T16:06:28.0431369Z C/C++:    52 |     DISALLOW_ASSIGNMENT_OPERATOR(HistoricalInfo);
build	Build DaddyBoard (HeliBoard fork)	2026-09-30T16:06:28.0455014Z C/C++:       |     ^
build	Build DaddyBoard (HeliBoard fork)	2026-09-30T16:06:28.0485758Z C/C++: /home/runner/work/daddyboard/daddyboard/daddyboard-main/app/src/main/jni/src/defines.h:289:8: note: expanded from macro 'DISALLOW_ASSIGNMENT_OPERATOR'
build	Build DaddyBoard (HeliBoard fork)	2026-09-30T16:06:28.0505160Z C/C++:   289 |   void operator=(const TypeName&) = delete
build	Build DaddyBoard (HeliBoard fork)	2026-09-30T16:06:28.0532073Z C/C++:       |        ^
build	Build DaddyBoard (HeliBoard fork)	2026-09-30T16:06:28.0545451Z C/C++: /home/runner/work/daddyboard/daddyboard/daddyboard-main/app/src/main/jni/src/dictionary/structure/backward/v402/content/bigram_entry.h:49:61: note: in implicit copy constructor for 'latinime::HistoricalInfo' first required here
build	Build DaddyBoard (HeliBoard fork)	2026-09-30T16:06:28.0575365Z C/C++:    49 |             : mHasNext(hasNext), mProbability(probability), mHistoricalInfo(*historicalInfo),
build	Build DaddyBoard (HeliBoard fork)	2026-09-30T16:06:28.0594925Z C/C++:       |                                                             ^
build	Build DaddyBoard (HeliBoard fork)	2026-09-30T16:06:28.9325601Z C/C++: 1 warning generated.
--
build	Build DaddyBoard (HeliBoard fork)	2026-09-30T16:06:29.7376532Z C/C++: /home/runner/work/daddyboard/daddyboard/daddyboard-main/app/src/main/jni/src/dictionary/property/historical_info.h:52:5: warning: definition of implicit copy constructor for 'HistoricalInfo' is deprecated because it has a user-declared copy assignment operator [-Wdeprecated-copy]
build	Build DaddyBoard (HeliBoard fork)	2026-09-30T16:06:29.7405151Z C/C++:    52 |     DISALLOW_ASSIGNMENT_OPERATOR(HistoricalInfo);
build	Build DaddyBoard (HeliBoard fork)	2026-09-30T16:06:29.7420920Z C/C++:       |     ^
build	Build DaddyBoard (HeliBoard fork)	2026-09-30T16:06:29.7445635Z C/C++: /home/runner/work/daddyboard/daddyboard/daddyboard-main/app/src/main/jni/src/defines.h:289:8: note: expanded from macro 'DISALLOW_ASSIGNMENT_OPERATOR'
build	Build DaddyBoard (HeliBoard fork)	2026-09-30T16:06:29.7465086Z C/C++:   289 |   void operator=(const TypeName&) = delete
build	Build DaddyBoard (HeliBoard fork)	2026-09-30T16:06:29.7475085Z C/C++:       |        ^
build	Build DaddyBoard (HeliBoard fork)	2026-09-30T16:06:29.7506262Z C/C++: /home/runner/work/daddyboard/daddyboard/daddyboard-main/app/src/main/jni/src/dictionary/structure/backward/v402/content/probability_entry.h:39:15: note: in implicit copy constructor for 'latinime::HistoricalInfo' first required here
build	Build DaddyBoard (HeliBoard fork)	2026-09-30T16:06:29.7508281Z C/C++:    39 |               mHistoricalInfo(probabilityEntry.mHistoricalInfo) {}
build	Build DaddyBoard (HeliBoard fork)	2026-09-30T16:06:29.7508962Z C/C++:       |               ^
build	Build DaddyBoard (HeliBoard fork)	2026-09-30T16:06:29.9335567Z C/C++: 1 warning generated.
--
build	Build DaddyBoard (HeliBoard fork)	2026-09-30T16:06:32.8418083Z C/C++: /home/runner/work/daddyboard/daddyboard/daddyboard-main/app/src/main/jni/src/dictionary/property/historical_info.h:52:5: warning: definition of implicit copy constructor for 'HistoricalInfo' is deprecated because it has a user-declared copy assignment operator [-Wdeprecated-copy]
build	Build DaddyBoard (HeliBoard fork)	2026-09-30T16:06:32.8454996Z C/C++:    52 |     DISALLOW_ASSIGNMENT_OPERATOR(HistoricalInfo);
build	Build DaddyBoard (HeliBoard fork)	2026-09-30T16:06:32.8484900Z C/C++:       |     ^
build	Build DaddyBoard (HeliBoard fork)	2026-09-30T16:06:32.8486301Z C/C++: /home/runner/work/daddyboard/daddyboard/daddyboard-main/app/src/main/jni/src/defines.h:289:8: note: expanded from macro 'DISALLOW_ASSIGNMENT_OPERATOR'
build	Build DaddyBoard (HeliBoard fork)	2026-09-30T16:06:32.8515159Z C/C++:   289 |   void operator=(const TypeName&) = delete
build	Build DaddyBoard (HeliBoard fork)	2026-09-30T16:06:32.8544905Z C/C++:       |        ^
build	Build DaddyBoard (HeliBoard fork)	2026-09-30T16:06:32.8546725Z C/C++: /home/runner/work/daddyboard/daddyboard/daddyboard-main/app/src/main/jni/src/dictionary/structure/backward/v402/content/bigram_entry.h:49:61: note: in implicit copy constructor for 'latinime::HistoricalInfo' first required here
build	Build DaddyBoard (HeliBoard fork)	2026-09-30T16:06:32.8575448Z C/C++:    49 |             : mHasNext(hasNext), mProbability(probability), mHistoricalInfo(*historicalInfo),
build	Build DaddyBoard (HeliBoard fork)	2026-09-30T16:06:32.8598985Z C/C++:       |                                                             ^
build	Build DaddyBoard (HeliBoard fork)	2026-09-30T16:06:33.5327106Z C/C++: In file included from /home/runner/work/daddyboard/daddyboard/daddyboard-main/app/src/main/jni/src/dictionary/structure/backward/v402/bigram/ver4_bigram_list_policy.cpp:27:
--
build	Build DaddyBoard (HeliBoard fork)	2026-09-30T16:06:33.5376633Z C/C++: /home/runner/work/daddyboard/daddyboard/daddyboard-main/app/src/main/jni/src/dictionary/utils/entry_counters.h:44:5: warning: definition of implicit copy constructor for 'EntryCounts' is deprecated because it has a user-declared copy assignment operator [-Wdeprecated-copy]
build	Build DaddyBoard (HeliBoard fork)	2026-09-30T16:06:33.5405119Z C/C++:    44 |     DISALLOW_ASSIGNMENT_OPERATOR(EntryCounts);
build	Build DaddyBoard (HeliBoard fork)	2026-09-30T16:06:33.5435040Z C/C++:       |     ^
build	Build DaddyBoard (HeliBoard fork)	2026-09-30T16:06:33.5436462Z C/C++: /home/runner/work/daddyboard/daddyboard/daddyboard-main/app/src/main/jni/src/defines.h:289:8: note: expanded from macro 'DISALLOW_ASSIGNMENT_OPERATOR'
build	Build DaddyBoard (HeliBoard fork)	2026-09-30T16:06:33.5463526Z C/C++:   289 |   void operator=(const TypeName&) = delete
build	Build DaddyBoard (HeliBoard fork)	2026-09-30T16:06:33.5495165Z C/C++:       |        ^
build	Build DaddyBoard (HeliBoard fork)	2026-09-30T16:06:33.5516145Z C/C++: /home/runner/work/daddyboard/daddyboard/daddyboard-main/app/src/main/jni/src/dictionary/header/header_policy.h:92:15: note: in implicit copy constructor for 'latinime::EntryCounts' first required here
build	Build DaddyBoard (HeliBoard fork)	2026-09-30T16:06:33.5525205Z C/C++:    92 |               mNgramCounts(headerPolicy->mNgramCounts),
build	Build DaddyBoard (HeliBoard fork)	2026-09-30T16:06:33.5555080Z C/C++:       |               ^
build	Build DaddyBoard (HeliBoard fork)	2026-09-30T16:06:33.7331276Z C/C++: In file included from /home/runner/work/daddyboard/daddyboard/daddyboard-main/app/src/main/jni/src/dictionary/structure/backward/v402/bigram/ver4_bigram_list_policy.cpp:28:
--
build	Build DaddyBoard (HeliBoard fork)	2026-09-30T16:06:33.7462881Z C/C++: /home/runner/work/daddyboard/daddyboard/daddyboard-main/app/src/main/jni/src/utils/int_array_view.h:160:5: warning: definition of implicit copy constructor for 'IntArrayView' is deprecated because it has a user-declared copy assignment operator [-Wdeprecated-copy]
build	Build DaddyBoard (HeliBoard fork)	2026-09-30T16:06:33.7505072Z C/C++:   160 |     DISALLOW_ASSIGNMENT_OPERATOR(IntArrayView);
build	Build DaddyBoard (HeliBoard fork)	2026-09-30T16:06:33.7505687Z C/C++:       |     ^
build	Build DaddyBoard (HeliBoard fork)	2026-09-30T16:06:33.7506859Z C/C++: /home/runner/work/daddyboard/daddyboard/daddyboard-main/app/src/main/jni/src/defines.h:289:8: note: expanded from macro 'DISALLOW_ASSIGNMENT_OPERATOR'
build	Build DaddyBoard (HeliBoard fork)	2026-09-30T16:06:33.7508221Z C/C++:   289 |   void operator=(const TypeName&) = delete
build	Build DaddyBoard (HeliBoard fork)	2026-09-30T16:06:33.7508788Z C/C++:       |        ^
build	Build DaddyBoard (HeliBoard fork)	2026-09-30T16:06:33.7510423Z C/C++: /usr/local/lib/android/sdk/ndk/28.0.13004108/toolchains/llvm/prebuilt/linux-x86_64/sysroot/usr/include/c++/v1/__memory/allocator.h:173:24: note: in implicit copy constructor for 'latinime::IntArrayView' first required here
build	Build DaddyBoard (HeliBoard fork)	2026-09-30T16:06:33.7512275Z C/C++:   173 |     ::new ((void*)__p) _Up(std::forward<_Args>(__args)...);
build	Build DaddyBoard (HeliBoard fork)	2026-09-30T16:06:33.7512950Z C/C++:       |                        ^
build	Build DaddyBoard (HeliBoard fork)	2026-09-30T16:06:33.7515478Z C/C++: /usr/local/lib/android/sdk/ndk/28.0.13004108/toolchains/llvm/prebuilt/linux-x86_64/sysroot/usr/include/c++/v1/__memory/allocator_traits.h:320:9: note: in instantiation of function template specialization 'std::allocator<latinime::IntArrayView>::construct<latinime::IntArrayView, latinime::IntArrayView>' requested here
build	Build DaddyBoard (HeliBoard fork)	2026-09-30T16:06:33.7517931Z C/C++:   320 |     __a.construct(__p, std::forward<_Args>(__args)...);
build	Build DaddyBoard (HeliBoard fork)	2026-09-30T16:06:33.7518537Z C/C++:       |         ^
build	Build DaddyBoard (HeliBoard fork)	2026-09-30T16:06:33.7520917Z C/C++: /usr/local/lib/android/sdk/ndk/28.0.13004108/toolchains/llvm/prebuilt/linux-x86_64/sysroot/usr/include/c++/v1/__memory/uninitialized_algorithms.h:639:33: note: in instantiation of function template specialization 'std::allocator_traits<std::allocator<latinime::IntArrayView>>::construct<latinime::IntArrayView, latinime::IntArrayView, 0>' requested here
build	Build DaddyBoard (HeliBoard fork)	2026-09-30T16:06:33.7524031Z C/C++:   639 |       allocator_traits<_Alloc>::construct(__alloc, __result, std::move(*__iter));
build	Build DaddyBoard (HeliBoard fork)	2026-09-30T16:06:33.7525105Z C/C++:       |                                 ^
build	Build DaddyBoard (HeliBoard fork)	2026-09-30T16:06:33.7556077Z C/C++: /usr/local/lib/android/sdk/ndk/28.0.13004108/toolchains/llvm/prebuilt/linux-x86_64/sysroot/usr/include/c++/v1/vector:1511:3: note: in instantiation of member function 'std::vector<latinime::IntArrayView>::__swap_out_circular_buffer' requested here
build	Build DaddyBoard (HeliBoard fork)	2026-09-30T16:06:33.7614860Z C/C++:  1511 |   __swap_out_circular_buffer(__v);
build	Build DaddyBoard (HeliBoard fork)	2026-09-30T16:06:33.7615455Z C/C++:       |   ^
build	Build DaddyBoard (HeliBoard fork)	2026-09-30T16:06:33.7649564Z C/C++: /usr/local/lib/android/sdk/ndk/28.0.13004108/toolchains/llvm/prebuilt/linux-x86_64/sysroot/usr/include/c++/v1/vector:1529:13: note: in instantiation of function template specialization 'std::vector<latinime::IntArrayView>::__emplace_back_slow_path<const int *const &, const unsigned long &>' requested here
build	Build DaddyBoard (HeliBoard fork)	2026-09-30T16:06:33.7705214Z C/C++:  1529 |     __end = __emplace_back_slow_path(std::forward<_Args>(__args)...);
build	Build DaddyBoard (HeliBoard fork)	2026-09-30T16:06:33.7705915Z C/C++:       |             ^
build	Build DaddyBoard (HeliBoard fork)	2026-09-30T16:06:33.7707848Z C/C++: /home/runner/work/daddyboard/daddyboard/daddyboard-main/app/src/main/jni/src/utils/int_array_view.h:142:20: note: in instantiation of function template specialization 'std::vector<latinime::IntArrayView>::emplace_back<const int *const &, const unsigned long &>' requested here
build	Build DaddyBoard (HeliBoard fork)	2026-09-30T16:06:33.7710023Z C/C++:   142 |             result.emplace_back(mPtr, mSize);
build	Build DaddyBoard (HeliBoard fork)	2026-09-30T16:06:33.7710620Z C/C++:       |                    ^
build	Build DaddyBoard (HeliBoard fork)	2026-09-30T16:06:33.7711098Z C/C++: 3 warnings generated.
--
build	Build DaddyBoard (HeliBoard fork)	2026-09-30T16:06:35.1390964Z w: file:///home/runner/work/daddyboard/daddyboard/daddyboard-main/app/src/main/java/helium314/keyboard/latin/common/LocaleUtils.kt:167:22 'constructor(p0: String!, p1: String!): Locale' is deprecated. Deprecated in Java.
build	Build DaddyBoard (HeliBoard fork)	2026-09-30T16:06:35.1394076Z w: file:///home/runner/work/daddyboard/daddyboard/daddyboard-main/app/src/main/java/helium314/keyboard/latin/common/LocaleUtils.kt:174:17 'constructor(p0: String!, p1: String!, p2: String!): Locale' is deprecated. Deprecated in Java.
build	Build DaddyBoard (HeliBoard fork)	2026-09-30T16:06:35.1397455Z w: file:///home/runner/work/daddyboard/daddyboard/daddyboard-main/app/src/main/java/helium314/keyboard/latin/gif/GifHistoryAdapter.kt:58:32 'class SimpleDraweeView : GenericDraweeView' is deprecated. Deprecated in Java.
build	Build DaddyBoard (HeliBoard fork)	2026-09-30T16:06:35.1400619Z w: file:///home/runner/work/daddyboard/daddyboard/daddyboard-main/app/src/main/java/helium314/keyboard/latin/spellcheck/AndroidWordLevelSpellCheckerSession.kt:78:62 'val locale: String' is deprecated. Deprecated in Java.
build	Build DaddyBoard (HeliBoard fork)	2026-09-30T16:06:35.1403823Z w: file:///home/runner/work/daddyboard/daddyboard/daddyboard-main/app/src/main/java/helium314/keyboard/latin/spellcheck/AndroidWordLevelSpellCheckerSession.kt:84:65 'val locale: String' is deprecated. Deprecated in Java.
build	Build DaddyBoard (HeliBoard fork)	2026-09-30T16:06:35.1407655Z w: file:///home/runner/work/daddyboard/daddyboard/daddyboard-main/app/src/main/java/helium314/keyboard/latin/suggestions/SuggestionStripView.kt:295:13 This is a delicate API and its use requires care. Make sure you fully read and understand documentation of the declaration that is marked as a delicate API.
build	Build DaddyBoard (HeliBoard fork)	2026-09-30T16:06:35.1411856Z w: file:///home/runner/work/daddyboard/daddyboard/daddyboard-main/app/src/main/java/helium314/keyboard/latin/utils/GestureDataGatheringSettings.kt:91:9 This is a delicate API and its use requires care. Make sure you fully read and understand documentation of the declaration that is marked as a delicate API.
build	Build DaddyBoard (HeliBoard fork)	2026-09-30T16:06:35.1416458Z w: file:///home/runner/work/daddyboard/daddyboard/daddyboard-main/app/src/main/java/helium314/keyboard/latin/utils/ToolbarUtils.kt:47:5 This is a delicate API and its use requires care. Make sure you fully read and understand documentation of the declaration that is marked as a delicate API.
--
build	Build DaddyBoard (HeliBoard fork)	2026-09-30T16:06:42.8335813Z warning: unknown enum constant Mode.LOCAL
build	Build DaddyBoard (HeliBoard fork)	2026-09-30T16:06:42.8348787Z   reason: class file for com.facebook.infer.annotation.Nullsafe$Mode not found
build	Build DaddyBoard (HeliBoard fork)	2026-09-30T16:06:42.8349621Z > Task :app:compileDebugJavaWithJavac
build	Build DaddyBoard (HeliBoard fork)	2026-09-30T16:06:42.8350365Z Note: Some input files use or override a deprecated API.
build	Build DaddyBoard (HeliBoard fork)	2026-09-30T16:06:42.8351432Z Note: Recompile with -Xlint:deprecation for details.
build	Build DaddyBoard (HeliBoard fork)	2026-09-30T16:06:42.8353016Z Note: /home/runner/work/daddyboard/daddyboard/daddyboard-main/app/src/main/java/helium314/keyboard/keyboard/PointerTracker.java uses unchecked or unsafe operations.
build	Build DaddyBoard (HeliBoard fork)	2026-09-30T16:06:42.8355567Z Note: Recompile with -Xlint:unchecked for details.
build	Build DaddyBoard (HeliBoard fork)	2026-09-30T16:06:42.8356831Z 1 warning
build	Build DaddyBoard (HeliBoard fork)	2026-09-30T16:06:46.1326293Z 
build	Build DaddyBoard (HeliBoard fork)	2026-09-30T16:06:46.1327457Z > Task :app:mergeDebugGeneratedProguardFiles
--
build	Build DaddyBoard GIF (GifBoard extension)	2026-09-30T16:08:57.3495539Z > Task :app:processDebugManifest
build	Build DaddyBoard GIF (GifBoard extension)	2026-09-30T16:08:57.3496827Z > Task :app:processDebugManifestForPackage
build	Build DaddyBoard GIF (GifBoard extension)	2026-09-30T16:08:59.1469784Z > Task :app:processDebugResources
build	Build DaddyBoard GIF (GifBoard extension)	2026-09-30T16:09:12.8506701Z e: file:///home/runner/work/daddyboard/daddyboard/daddyboard-gif/app/src/main/java/com/gifboard/AgeGatingDialogFragment.kt:26:68 Unresolved reference 'layout'.
build	Build DaddyBoard GIF (GifBoard extension)	2026-09-30T16:09:12.8507890Z 
build	Build DaddyBoard GIF (GifBoard extension)	2026-09-30T16:09:12.8508853Z e: file:///home/runner/work/daddyboard/daddyboard/daddyboard-gif/app/src/main/java/com/gifboard/AgeGatingDialogFragment.kt:28:31 Unresolved reference 'findViewById'.
build	Build DaddyBoard GIF (GifBoard extension)	2026-09-30T16:09:12.8510776Z e: file:///home/runner/work/daddyboard/daddyboard/daddyboard-gif/app/src/main/java/com/gifboard/AgeGatingDialogFragment.kt:28:58 Unresolved reference 'id'.
build	Build DaddyBoard GIF (GifBoard extension)	2026-09-30T16:09:12.8546008Z e: file:///home/runner/work/daddyboard/daddyboard/daddyboard-gif/app/src/main/java/com/gifboard/AgeGatingDialogFragment.kt:29:30 Unresolved reference 'findViewById'.
build	Build DaddyBoard GIF (GifBoard extension)	2026-09-30T16:09:12.8547492Z > Task :app:compileDebugKotlin FAILED
build	Build DaddyBoard GIF (GifBoard extension)	2026-09-30T16:09:12.8555679Z e: file:///home/runner/work/daddyboard/daddyboard/daddyboard-gif/app/src/main/java/com/gifboard/AgeGatingDialogFragment.kt:29:53 Unresolved reference 'id'.
build	Build DaddyBoard GIF (GifBoard extension)	2026-09-30T16:09:12.8577574Z e: file:///home/runner/work/daddyboard/daddyboard/daddyboard-gif/app/src/main/java/com/gifboard/AgeGatingDialogFragment.kt:30:30 Unresolved reference 'findViewById'.
build	Build DaddyBoard GIF (GifBoard extension)	2026-09-30T16:09:12.8585758Z e: file:///home/runner/work/daddyboard/daddyboard/daddyboard-gif/app/src/main/java/com/gifboard/AgeGatingDialogFragment.kt:30:53 Unresolved reference 'id'.
build	Build DaddyBoard GIF (GifBoard extension)	2026-09-30T16:09:12.8616005Z e: file:///home/runner/work/daddyboard/daddyboard/daddyboard-gif/app/src/main/java/com/gifboard/AgeGatingDialogFragment.kt:34:14 Unresolved reference 'setCancelable'.
build	Build DaddyBoard GIF (GifBoard extension)	2026-09-30T16:09:12.8645961Z e: file:///home/runner/work/daddyboard/daddyboard/daddyboard-gif/app/src/main/java/com/gifboard/GifContentProvider.kt:55:50 Too many arguments for 'constructor(): JsonApiGifProvider'.
build	Build DaddyBoard GIF (GifBoard extension)	2026-09-30T16:09:12.8670858Z e: file:///home/runner/work/daddyboard/daddyboard/daddyboard-gif/app/src/main/java/com/gifboard/GifContentProvider.kt:104:35 Type argument for reified type parameter 'T' was inferred to the intersection of ['Comparable<*>?' & 'Serializable?']. Reification of an intersection type results in the common supertype being used. This may lead to subtle issues and an explicit type argument is encouraged.
build	Build DaddyBoard GIF (GifBoard extension)	2026-09-30T16:09:12.9487040Z 
build	Build DaddyBoard GIF (GifBoard extension)	2026-09-30T16:09:12.9488174Z [Incubating] Problems report is available at: file:///home/runner/work/daddyboard/daddyboard/daddyboard-gif/build/reports/problems/problems-report.html
build	Build DaddyBoard GIF (GifBoard extension)	2026-09-30T16:09:12.9488965Z 
--
build	Complete job	2026-09-30T16:09:13.8663127Z Terminate orphan process: pid (2769) (java)
build	Complete job	2026-09-30T16:09:13.8696148Z Terminate orphan process: pid (3196) (java)
build	Complete job	2026-09-30T16:09:13.8778153Z Terminate orphan process: pid (3525) (java)
build	Complete job	2026-09-30T16:09:13.8790771Z ##[warning]Node.js 20 is deprecated. The following actions target Node.js 20 but are being forced to run on Node.js 24: actions/checkout@v4, actions/setup-java@v4. For more information see: https://github.blog/changelog/2025-09-19-deprecation-of-node-20-on-github-actions-runners/
